{
    "sky_axxx_inspectx": {
        "sounds": [
            {
                "name": "pointblank:sky_axxx_inspectx",
                "stream": false
            }			
        ]
    },
    "sky_axxx_inspectxx": {
        "sounds": [
            {
                "name": "pointblank:sky_axxx_inspectxx",
                "stream": false
            }			
        ]
    },
    "sky_axxx_draw": {
        "sounds": [
            {
                "name": "pointblank:sky_axxx_draw",
                "stream": false
            }			
        ]
    },
    "sky_axxx_inspectxxx": {
        "sounds": [
            {
                "name": "pointblank:sky_axxx_inspectxxx",
                "stream": false
            }			
        ]
    },
    "sky_axxx_firex": {
        "sounds": [
            {
                "name": "pointblank:sky_axxx_firex",
                "stream": false
            }			
        ]
    },
    "sky_axxx_reloadxx": {
        "sounds": [
            {
                "name": "pointblank:sky_axxx_reloadxx",
                "stream": false
            }			
        ]
    },
    "sky_axxx_reload": {
        "sounds": [
            {
                "name": "pointblank:sky_axxx_reload",
                "stream": false
            }			
        ]
    },
    "sky_axxx_reloadempty": {
        "sounds": [
            {
                "name": "pointblank:sky_axxx_reloadempty",
                "stream": false
            }			
        ]
    },
    "sky_axxx_reloademptyxx": {
        "sounds": [
            {
                "name": "pointblank:sky_axxx_reloademptyxx",
                "stream": false
            }			
        ]
    },	
    "sky_axxx": {
        "sounds": [
            {
                "name": "pointblank:sky_axxx",
                "stream": false
            }			
        ]
    },	
    "sky_axxx_silencer": {
        "sounds": [
            {
                "name": "pointblank:sky_axxx_silencer",
                "stream": false
            }			
        ]
    },
    "sky_jatimatic_inspect": {
        "sounds": [
            {
                "name": "pointblank:sky_jatimatic_inspect",
                "stream": false
            }			
        ]
    },
    "sky_jatimatic_drawlaser": {
        "sounds": [
            {
                "name": "pointblank:sky_jatimatic_drawlaser",
                "stream": false
            }			
        ]
    },
    "sky_jatimatic_draw": {
        "sounds": [
            {
                "name": "pointblank:sky_jatimatic_draw",
                "stream": false
            }			
        ]
    },
    "sky_jatimatic_inspectlaser": {
        "sounds": [
            {
                "name": "pointblank:sky_jatimatic_inspectlaser",
                "stream": false
            }			
        ]
    },
    "sky_jatimatic_fire": {
        "sounds": [
            {
                "name": "pointblank:sky_jatimatic_fire",
                "stream": false
            }			
        ]
    },
    "sky_jatimatic": {
        "sounds": [
            {
                "name": "pointblank:sky_jatimatic",
                "stream": false
            }			
        ]
    },
    "sky_jatimatic_reload": {
        "sounds": [
            {
                "name": "pointblank:sky_jatimatic_reload",
                "stream": false
            }			
        ]
    },
    "sky_jatimatic_reloadempty": {
        "sounds": [
            {
                "name": "pointblank:sky_jatimatic_reloadempty",
                "stream": false
            }			
        ]
    },
    "sky_jatimatic_silencer": {
        "sounds": [
            {
                "name": "pointblank:sky_jatimatic_silencer",
                "stream": false
            }			
        ]
    },	
    "sky_mxx_babax": {
        "sounds": [
            {
                "name": "pointblank:sky_mxx_babax",
                "stream": false
            }			
        ]
    },
    "sky_kampfpistole_draw": {
        "sounds": [
            {
                "name": "pointblank:sky_kampfpistole_draw",
                "stream": false
            }			
        ]
    },
    "sky_kampfpistole_inspect": {
        "sounds": [
            {
                "name": "pointblank:sky_kampfpistole_inspect",
                "stream": false
            }			
        ]
    },
    "sky_kampfpistole_inspectrocket": {
        "sounds": [
            {
                "name": "pointblank:sky_kampfpistole_inspectrocket",
                "stream": false
            }			
        ]
    },
    "sky_kampfpistole_fire": {
        "sounds": [
            {
                "name": "pointblank:sky_kampfpistole_fire",
                "stream": false
            }			
        ]
    },
    "sky_kampfpistole_reload_rocket": {
        "sounds": [
            {
                "name": "pointblank:sky_kampfpistole_reload_rocket",
                "stream": false
            }			
        ]
    },
    "sky_kampfpistole_shoot": {
        "sounds": [
            {
                "name": "pointblank:sky_kampfpistole_shoot",
                "stream": false
            }			
        ]
    },
    "sky_qbbxx": {
        "sounds": [
            {
                "name": "pointblank:sky_qbbxx",
                "stream": false
            }			
        ]
    },	
    "sky_qbbxx_silencer": {
        "sounds": [
            {
                "name": "pointblank:sky_qbbxx_silencer",
                "stream": false
            }			
        ]
    },	
    "sky_qbbxx_draw": {
        "sounds": [
            {
                "name": "pointblank:sky_qbbxx_draw",
                "stream": false
            }			
        ]
    },
    "sky_qbbxx_inspectx": {
        "sounds": [
            {
                "name": "pointblank:sky_qbbxx_inspectx",
                "stream": false
            }			
        ]
    },	
    "sky_qbbxx_inspectxx": {
        "sounds": [
            {
                "name": "pointblank:sky_qbbxx_inspectxx",
                "stream": false
            }			
        ]
    },	
    "sky_qbbxx_fire": {
        "sounds": [
            {
                "name": "pointblank:sky_qbbxx_fire",
                "stream": false
            }			
        ]
    },	
    "sky_qbbxx_reload": {
        "sounds": [
            {
                "name": "pointblank:sky_qbbxx_reload",
                "stream": false
            }			
        ]
    },
    "sky_qbbxx_reloadempty": {
        "sounds": [
            {
                "name": "pointblank:sky_qbbxx_reloadempty",
                "stream": false
            }			
        ]
    },	
    "sky_svt": {
        "sounds": [
            {
                "name": "pointblank:sky_svt",
                "stream": false
            }			
        ]
    },	
    "sky_svtsilencer": {
        "sounds": [
            {
                "name": "pointblank:sky_svtsilencer",
                "stream": false
            }			
        ]
    },	
    "sky_svtdraw": {
        "sounds": [
            {
                "name": "pointblank:sky_svtdraw",
                "stream": false
            }			
        ]
    },
    "sky_svtinspect": {
        "sounds": [
            {
                "name": "pointblank:sky_svtinspect",
                "stream": false
            }			
        ]
    },	
    "sky_svtinspectempty": {
        "sounds": [
            {
                "name": "pointblank:sky_svtinspectempty",
                "stream": false
            }			
        ]
    },	
    "sky_svtfire": {
        "sounds": [
            {
                "name": "pointblank:sky_svtfire",
                "stream": false
            }			
        ]
    },	
    "sky_svtreload": {
        "sounds": [
            {
                "name": "pointblank:sky_svtreload",
                "stream": false
            }			
        ]
    },
    "sky_svtreloadempty": {
        "sounds": [
            {
                "name": "pointblank:sky_svtreloadempty",
                "stream": false
            }			
        ]
    },
    "sky_dmxxgdraw": {
        "sounds": [
            {
                "name": "pointblank:sky_dmxxgdraw",
                "stream": false
            }			
        ]
    },	
    "sky_dmxxgthrow": {
        "sounds": [
            {
                "name": "pointblank:sky_dmxxgthrow",
                "stream": false
            }			
        ]
    }		
}