{
  "credit": "Made with Blockbench",
  "parent": "builtin/entity",
  "texture_size": [
    40,
    40
  ],
  "display": {
    "thirdperson_righthand": {
      "translation": [
        0.25,
        -6.25,
        1
      ],
      "scale": [
        0.25,
        0.25,
        0.25
      ]
    },
    "thirdperson_lefthand": {
      "translation": [
        0.25,
        -6.25,
        1
      ],
      "scale": [
        0.25,
        0.25,
        0.25
      ]
    },
    "firstperson_righthand": {
      "rotation": [
        0,
        33,
        13
      ],
      "translation": [
        1,
        -22,
        2
      ]
    },
    "firstperson_lefthand": {
      "rotation": [
        0,
        33,
        13
      ],
      "translation": [
        1,
        -22,
        2
      ]
    },
    "ground": {
      "translation": [
        0,
        -10.75,
        1
      ],
      "scale": [
        0.3,
        0.3,
        0.3
      ]
    },
    "gui": {
      "rotation": [
        44,
        46,
        -4
      ],
      "translation": [
        -1.75,
        -25,
        0
      ],
      "scale": [
        1.34,
        1.34,
        1.34
      ]
    },
    "fixed": {
      "rotation": [
        180,
        -90,
        180
      ],
      "translation": [
        -0.25,
        -15.5,
        -1
      ],
      "scale": [
        0.62,
        0.62,
        0.62
      ]
    }
  }
}