{
  "credit": "Made with Blockbench",
  "parent": "builtin/entity",
  "texture_size": [
    64,
    64
  ],
  "display": {
    "thirdperson_righthand": {
      "translation": [
        0.25,
        -5.5,
        18.75
      ],
      "scale": [
        0.25,
        0.25,
        0.25
      ]
    },
    "thirdperson_lefthand": {
      "translation": [
        0.25,
        -5.5,
        18.75
      ],
      "scale": [
        0.25,
        0.25,
        0.25
      ]
    },
    "firstperson_righthand": {
      "rotation": [
        -28,
        33,
        33
      ],
      "translation": [
        54,
        7.25,
        54
      ]
    },
    "firstperson_lefthand": {
      "rotation": [
        -28,
        33,
        33
      ],
      "translation": [
        54,
        7.25,
        54
      ]
    },
    "ground": {
      "translation": [
        0,
        -6,
        22.25
      ],
      "scale": [
        0.3,
        0.3,
        0.3
      ]
    },
    "gui": {
      "rotation": [
        44,
        50,
        -40
      ],
      "translation": [
        44.25,
        -48.25,
        0
      ],
      "scale": [
        0.9,
        0.9,
        0.9
      ]
    },
    "fixed": {
      "rotation": [
        180,
        -90,
        180
      ],
      "translation": [
        -47.5,
        -14.25,
        -1
      ],
      "scale": [
        0.62,
        0.62,
        0.62
      ]
    }
  }
}