{
	"format_version": "1.8.0",
	"animations": {
		"animation.model.draw": {
			"loop": true,
			"animation_length": 1.8,
			"bones": {
				"main": {
					"rotation": {
						"0.0": {
							"vector": [0, 0, 10.25]
						},
						"0.1333": {
							"vector": [-8.28878, -5.35895, -7.61696],
							"easing": "easeOutSine"
						},
						"0.2833": {
							"vector": [-7.94453, -9.91894, -9.50711],
							"easing": "easeInOutSine"
						},
						"0.5667": {
							"vector": [-11.02304, -11.61057, -21.63369],
							"easing": "easeInOutSine"
						},
						"0.6833": {
							"vector": [-3.92645, -11.56021, -20.86982]
						},
						"0.7667": {
							"vector": [-7.28635, -9.72974, -20.33698]
						},
						"1.0333": {
							"vector": [-0.75664, -1.35424, 2.08865],
							"easing": "easeInOutSine"
						},
						"1.1833": {
							"vector": [-0.29321, 0.16597, -0.32221],
							"easing": "easeInOutSine"
						},
						"1.2667": {
							"vector": [0, 0, 0],
							"easing": "easeOutSine"
						}
					},
					"position": {
						"0.0": {
							"vector": [-4.3, -14.85, 8.45]
						},
						"0.2167": {
							"vector": [-4.3, 3.525, 2.805],
							"easing": "easeOutSine"
						},
						"0.2833": {
							"vector": [-4.49, 3.92, 2.405],
							"easing": "easeInSine"
						},
						"0.5333": {
							"vector": [-6.05, 9.475, 1.63],
							"easing": "easeInOutSine"
						},
						"0.6333": {
							"vector": [-6.05, 10.13, 1.63]
						},
						"0.7": {
							"vector": [-5.25, 7.005, 1.63]
						},
						"0.85": {
							"vector": [-5.57, 8.28, 1.63],
							"easing": "easeInSine"
						},
						"1.1167": {
							"vector": [0, -0.15, 0.375],
							"easing": "easeInOutQuad"
						},
						"1.2667": {
							"vector": [0, 0, 0],
							"easing": "easeOutSine"
						}
					}
				},
				"rightarm": {
					"rotation": {
						"0.0": {
							"vector": [0, 0, 0]
						},
						"0.2833": {
							"vector": [0, 0, 0]
						},
						"0.45": {
							"vector": [4.07771, -5.71638, -1.30609]
						},
						"0.5833": {
							"vector": [2.65274, -5.15456, 2.66591]
						},
						"0.65": {
							"vector": [-0.72497, -1.03054, 12.5723]
						},
						"0.8333": {
							"vector": [0.47354, -1.86964, 8.48182]
						},
						"0.9667": {
							"vector": [0, 0, 0]
						}
					},
					"position": {
						"0.0": {
							"vector": [0, 0, 0]
						},
						"0.2833": {
							"vector": [0, 0, 0]
						},
						"0.45": {
							"vector": [-2.80209, 1.21105, 0.37051]
						},
						"0.5833": {
							"vector": [-2.80209, 1.21105, 0.37051]
						},
						"0.65": {
							"vector": [-1.79454, 0.79499, 0.20624]
						},
						"0.8333": {
							"vector": [-1.79454, 0.79499, 0.20624]
						},
						"0.9667": {
							"vector": [0, 0, 0]
						}
					}
				},
				"leftarm": {
					"position": {
						"vector": [8.29054, 1.49917, 14.05]
					}
				},
				"_camera_": {
					"rotation": {
						"0.0": {
							"vector": [0, 0, 0]
						},
						"0.3167": {
							"vector": [6.02911, 2.20402, 0.74916],
							"easing": "easeInOutSine"
						},
						"0.45": {
							"vector": [6.00718, 2.49957, 0.01534],
							"easing": "easeInOutSine"
						},
						"0.6167": {
							"vector": [5.3423, 3.67523, 1.34251],
							"easing": "easeInSine"
						},
						"0.7167": {
							"vector": [6.0913, 3.25899, 1.32365]
						},
						"0.8": {
							"vector": [5.1738, 2.91212, 1.30793]
						},
						"0.95": {
							"vector": [2.58929, 2.42651, 1.28593]
						},
						"1.2833": {
							"vector": [0, 0, 0],
							"easing": "easeInOutQuad"
						}
					}
				},
				"glowy": {
					"position": {
						"0.0": {
							"vector": [0, 0, 0]
						},
						"0.5667": {
							"vector": [0, -1.4, 0]
						},
						"0.7": {
							"vector": [0, -1.39, 0]
						},
						"0.7833": {
							"vector": [0, -0.785, 0]
						},
						"0.85": {
							"vector": [0, 0, 0]
						}
					},
					"scale": {
						"0.0": {
							"vector": [0, 0, 0]
						},
						"0.7167": {
							"vector": [1, 0, 1]
						},
						"0.85": {
							"vector": [1, 1, 1]
						}
					}
				},
				"glowy2": {
					"scale": {
						"0.0": {
							"vector": [0, 0, 0]
						},
						"0.7167": {
							"vector": [1, 0, 1]
						},
						"0.85": {
							"vector": [1, 1, 1]
						}
					}
				}
			},
			"sound_effects": {
				"0.6667": {
					"effect": "ggo_kagemitsu_draw"
				}
			}
		},
		"animation.model.preparefire": {
			"loop": true,
			"animation_length": 0.1667,
			"bones": {
				"main": {
					"rotation": {
						"0.0": {
							"vector": [0, 0, 0]
						},
						"0.1667": {
							"vector": [-20.40225, -3.41619, -27.69469],
							"easing": "easeOutSine"
						}
					},
					"position": {
						"0.0": {
							"vector": [0, 0, 0]
						},
						"0.1667": {
							"vector": [-8.625, 13.1, 39],
							"easing": "easeInOutSine"
						}
					}
				},
				"_camera_": {
					"rotation": {
						"0.0": {
							"vector": [0, 0, 0]
						},
						"0.1667": {
							"vector": [0.53273, 1.24957, 1.50036],
							"easing": "easeInOutSine"
						}
					}
				},
				"glowy": {
					"rotation": {
						"vector": [0, 0, 0]
					}
				}
			}
		},
		"animation.model.fire": {
			"loop": true,
			"animation_length": 0.2833,
			"bones": {
				"main": {
					"rotation": {
						"0.0": {
							"vector": [-20.40225, -3.41619, -27.69469],
							"easing": "easeOutSine"
						},
						"0.0333": {
							"vector": [75.84562, -1.35118, -27.87119]
						},
						"0.1167": {
							"vector": [75.84562, -1.35118, -27.87119]
						},
						"0.2167": {
							"vector": [31.36866, -2.92533, 34.62174],
							"easing": "easeInOutSine"
						},
						"0.2833": {
							"vector": [-20.40225, -3.41619, -27.69469],
							"easing": "easeOutSine"
						}
					},
					"position": {
						"0.0": {
							"vector": [-8.625, 13.1, 39],
							"easing": "easeInOutSine"
						},
						"0.0333": {
							"vector": [7.43, -14.425, 4.575]
						},
						"0.1": {
							"vector": [25.355, -14.42, 4.57]
						},
						"0.1833": {
							"vector": [-1.955, -10.235, 7.905]
						},
						"0.2833": {
							"vector": [-8.625, 13.1, 39],
							"easing": "easeInOutSine"
						}
					}
				},
				"leftarm": {
					"scale": {
						"vector": [0, 0, 0]
					}
				},
				"_camera_": {
					"rotation": {
						"0.0": {
							"vector": [0.53273, 1.24957, 1.50036],
							"easing": "easeInOutSine"
						},
						"0.0583": {
							"vector": [5.06381, -0.4787, -1.6636]
						},
						"0.15": {
							"vector": [4.94946, 1.38294, -0.4275]
						},
						"0.2833": {
							"vector": [0.53273, 1.24957, 1.50036],
							"easing": "easeInOutSine"
						}
					}
				},
				"glowy": {
					"rotation": {
						"vector": [0, 0, 0]
					}
				}
			}
		},
		"animation.model.fire2": {
			"loop": true,
			"animation_length": 0.2833,
			"bones": {
				"main": {
					"rotation": {
						"0.0": {
							"vector": [-20.40225, -3.41619, -27.69469],
							"easing": "easeOutSine"
						},
						"0.0333": {
							"vector": [58.20868, 11.55494, -59.92752]
						},
						"0.075": {
							"vector": [58.20868, 11.55494, -59.92752]
						},
						"0.175": {
							"vector": [54.83286, -1.62551, -40.99093]
						},
						"0.2833": {
							"vector": [-20.40225, -3.41619, -27.69469],
							"easing": "easeOutSine"
						}
					},
					"position": {
						"0.0": {
							"vector": [-8.625, 13.1, 39],
							"easing": "easeInOutSine"
						},
						"0.0333": {
							"vector": [38.055, -4.225, 5.95]
						},
						"0.15": {
							"vector": [17.15, -33.995, 10.8]
						},
						"0.2833": {
							"vector": [-8.625, 13.1, 39],
							"easing": "easeInOutSine"
						}
					}
				},
				"leftarm": {
					"scale": {
						"vector": [0, 0, 0]
					}
				},
				"_camera_": {
					"rotation": {
						"0.0": {
							"vector": [0.53273, 1.24957, 1.50036],
							"easing": "easeInOutSine"
						},
						"0.0583": {
							"vector": [5.06381, -0.4787, -1.6636]
						},
						"0.15": {
							"vector": [4.94946, 1.38294, -0.4275]
						},
						"0.2833": {
							"vector": [0.53273, 1.24957, 1.50036],
							"easing": "easeInOutSine"
						}
					}
				},
				"glowy": {
					"rotation": {
						"vector": [0, 0, 0]
					}
				}
			}
		},
		"animation.model.fire3": {
			"loop": true,
			"animation_length": 0.2833,
			"bones": {
				"main": {
					"rotation": {
						"0.0": {
							"vector": [-20.40225, -3.41619, -27.69469],
							"easing": "easeOutSine"
						},
						"0.0083": {
							"vector": [-29.05957, -46.72866, 77.49048]
						},
						"0.0917": {
							"vector": [70.59668, -20.21528, 0.09587]
						},
						"0.15": {
							"vector": [68.89251, 8.03469, 0.09086]
						},
						"0.2833": {
							"vector": [-20.40225, -3.41619, -27.69469],
							"easing": "easeOutSine"
						}
					},
					"position": {
						"0.0": {
							"vector": [-8.625, 13.1, 39],
							"easing": "easeInOutSine"
						},
						"0.0083": {
							"vector": [32.53, -3.125, 39]
						},
						"0.0667": {
							"vector": [-0.695, -14.85, 12.975]
						},
						"0.2": {
							"vector": [-6.07, -11.72, 19.745]
						},
						"0.2833": {
							"vector": [-8.625, 13.1, 39],
							"easing": "easeInOutSine"
						}
					}
				},
				"leftarm": {
					"scale": {
						"vector": [0, 0, 0]
					}
				},
				"_camera_": {
					"rotation": {
						"0.0": {
							"vector": [0.53273, 1.24957, 1.50036],
							"easing": "easeInOutSine"
						},
						"0.0583": {
							"vector": [5.2065, 2.48989, 1.61452]
						},
						"0.15": {
							"vector": [4.94946, 1.38294, -0.4275]
						},
						"0.2833": {
							"vector": [0.53273, 1.24957, 1.50036],
							"easing": "easeInOutSine"
						}
					}
				},
				"glowy": {
					"rotation": {
						"vector": [0, 0, 0]
					}
				}
			}
		},
		"animation.model.fire4": {
			"loop": true,
			"animation_length": 0.2833,
			"bones": {
				"main": {
					"rotation": {
						"0.0": {
							"vector": [-20.40225, -3.41619, -27.69469],
							"easing": "easeOutSine"
						},
						"0.0083": {
							"vector": [-13.91386, -15.44538, -65.66361],
							"easing": "easeOutSine"
						},
						"0.0333": {
							"vector": [99.3429, -10.38253, -82.52755]
						},
						"0.1583": {
							"vector": [149.68758, -12.74557, -89.23745]
						},
						"0.2833": {
							"vector": [-20.40225, -3.41619, -27.69469],
							"easing": "easeOutSine"
						}
					},
					"position": {
						"0.0": {
							"vector": [-8.625, 13.1, 39],
							"easing": "easeInOutSine"
						},
						"0.0083": {
							"vector": [-8.625, 13.1, 39],
							"easing": "easeInOutSine"
						},
						"0.0333": {
							"vector": [15.305, -1.325, 15.575]
						},
						"0.1": {
							"vector": [33.325, 1.06, 19.45]
						},
						"0.15": {
							"vector": [37.49, -8.36, 22.82]
						},
						"0.2833": {
							"vector": [-8.625, 13.1, 39],
							"easing": "easeInOutSine"
						}
					},
					"scale": {
						"0.0": {
							"vector": [1, 1, 1]
						},
						"0.1667": {
							"vector": [1, 1, 1]
						},
						"0.175": {
							"vector": [0, 0, 0]
						},
						"0.275": {
							"vector": [0, 0, 0]
						},
						"0.2833": {
							"vector": [1, 1, 1]
						}
					}
				},
				"leftarm": {
					"scale": {
						"vector": [0, 0, 0]
					}
				},
				"_camera_": {
					"rotation": {
						"0.0": {
							"vector": [0.53273, 1.24957, 1.50036],
							"easing": "easeInOutSine"
						},
						"0.0583": {
							"vector": [5.06381, -0.4787, -1.6636]
						},
						"0.15": {
							"vector": [4.94946, 1.38294, -0.4275]
						},
						"0.2833": {
							"vector": [0.53273, 1.24957, 1.50036],
							"easing": "easeInOutSine"
						}
					}
				},
				"glowy": {
					"rotation": {
						"vector": [0, 0, 0]
					}
				},
				"rightarm": {
					"rotation": {
						"0.0": {
							"vector": [0, 0, 0]
						},
						"0.075": {
							"vector": [-40, 0, 0]
						},
						"0.2333": {
							"vector": [0, 0, 0]
						}
					},
					"position": {
						"0.0": {
							"vector": [0, 0, 0]
						},
						"0.075": {
							"vector": [2.24077, -16.37124, -6.20904]
						},
						"0.2333": {
							"vector": [0, 0, 0]
						}
					}
				}
			}
		},
		"animation.model.fire5": {
			"loop": true,
			"animation_length": 0.2833,
			"bones": {
				"main": {
					"rotation": {
						"0.0": {
							"vector": [-20.40225, -3.41619, -27.69469],
							"easing": "easeOutSine"
						},
						"0.0083": {
							"vector": [7.71295, 19.24034, 93.74966],
							"easing": "easeOutSine"
						},
						"0.0417": {
							"vector": [60.24986, 11.98588, 93.07608]
						},
						"0.2083": {
							"vector": [132.84895, 8.56731, 98.95465]
						},
						"0.2833": {
							"vector": [-20.40225, -3.41619, -27.69469],
							"easing": "easeOutSine"
						}
					},
					"position": {
						"0.0": {
							"vector": [-8.625, 13.1, 39],
							"easing": "easeInOutSine"
						},
						"0.0083": {
							"vector": [17.13503, 12.563, 35.70861],
							"easing": "easeInOutSine"
						},
						"0.0417": {
							"vector": [-15.02622, -6.43089, 12.75776]
						},
						"0.1333": {
							"vector": [-30.885, -0.28, 21.02]
						},
						"0.2": {
							"vector": [-40.71, 2.11, 24.23]
						},
						"0.2833": {
							"vector": [-8.625, 13.1, 39],
							"easing": "easeInOutSine"
						}
					},
					"scale": {
						"0.0083": {
							"vector": [0, 0, 0]
						},
						"0.0167": {
							"vector": [1, 1, 1]
						},
						"0.2083": {
							"vector": [1, 1, 1]
						},
						"0.2167": {
							"vector": [0, 0, 0]
						},
						"0.2667": {
							"vector": [0, 0, 0]
						},
						"0.2833": {
							"vector": [1, 1, 1]
						}
					}
				},
				"leftarm": {
					"scale": {
						"vector": [0, 0, 0]
					}
				},
				"_camera_": {
					"rotation": {
						"0.0": {
							"vector": [0.53273, 1.24957, 1.50036],
							"easing": "easeInOutSine"
						},
						"0.0583": {
							"vector": [5.29755, -1.02888, -1.17261]
						},
						"0.15": {
							"vector": [4.88262, 4.3928, -0.66651]
						},
						"0.2833": {
							"vector": [0.53273, 1.24957, 1.50036],
							"easing": "easeInOutSine"
						}
					}
				},
				"glowy": {
					"rotation": {
						"vector": [0, 0, 0]
					}
				},
				"rightarm": {
					"rotation": {
						"0.0": {
							"vector": [0, 0, 0]
						},
						"0.075": {
							"vector": [-40, 0, 0]
						},
						"0.2333": {
							"vector": [0, 0, 0]
						}
					},
					"position": {
						"0.0": {
							"vector": [0, 0, 0]
						},
						"0.075": {
							"vector": [2.24077, -16.37124, -6.20904]
						},
						"0.2333": {
							"vector": [0, 0, 0]
						}
					}
				}
			}
		},
		"animation.model.completefire": {
			"loop": true,
			"animation_length": 0.875,
			"bones": {
				"main": {
					"rotation": {
						"0.0": {
							"vector": [-20.40225, -3.41619, -27.69469],
							"easing": "easeOutSine"
						},
						"0.05": {
							"vector": [-17.60123, -38.99394, 92.01937]
						},
						"0.3083": {
							"vector": [-1.30483, -2.62363, -1.25029],
							"easing": "easeOutSine"
						},
						"0.375": {
							"vector": [-0.75664, -1.35424, 2.08865]
						},
						"0.4833": {
							"vector": [-0.29606, 0.16083, -1.3222],
							"easing": "easeInOutSine"
						},
						"0.5667": {
							"vector": [0, 0, 0],
							"easing": "easeOutSine"
						}
					},
					"position": {
						"0.0": {
							"vector": [-8.625, 13.1, 39],
							"easing": "easeInOutSine"
						},
						"0.0083": {
							"vector": [-7.19, 1.21, 60.625]
						},
						"0.05": {
							"vector": [0, -58.225, 0]
						},
						"0.2583": {
							"vector": [-0.28, 0.155, -3.795],
							"easing": "easeOutSine"
						},
						"0.3833": {
							"vector": [-0.15, -1.07, 0.69],
							"easing": "easeInOutSine"
						},
						"0.5": {
							"vector": [0, -0.15, 0.375],
							"easing": "easeInOutSine"
						},
						"0.5667": {
							"vector": [0, 0, 0],
							"easing": "easeOutSine"
						}
					}
				},
				"leftarm": {
					"scale": {
						"vector": [0, 0, 0]
					}
				},
				"glowy": {
					"rotation": {
						"vector": [0, 0, 0]
					}
				}
			}
		},
		"animation.model.inspect": {
			"loop": true,
			"animation_length": 3.1667,
			"bones": {
				"main": {
					"rotation": {
						"0.0": {
							"vector": [0, 0, 0]
						},
						"0.4": {
							"vector": [-4.8287, -15.95957, 15.67968],
							"easing": "easeInOutSine"
						},
						"0.7667": {
							"vector": [-5.73902, -17.49518, 15.38693],
							"easing": "easeOutSine"
						},
						"0.9667": {
							"vector": [-5.67857, -17.51432, 15.18596]
						},
						"1.2333": {
							"vector": [-5.90934, -17.43979, 15.9545]
						},
						"1.5833": {
							"vector": [-5.85878, -17.20551, 15.78527],
							"easing": "easeInOutSine"
						},
						"2.0667": {
							"vector": [0.43824, -0.94202, 1.38241],
							"easing": "easeInOutSine"
						},
						"2.2167": {
							"vector": [0, 0, -1.25],
							"easing": "easeOutSine"
						},
						"2.3333": {
							"vector": [0, 0, 0],
							"easing": "easeInOutSine"
						}
					},
					"position": {
						"0.0": {
							"vector": [0, 0, 0]
						},
						"0.2333": {
							"vector": [-2.85, -4.34, 0],
							"easing": "easeOutSine"
						},
						"0.5167": {
							"vector": [-3.225, -3.1, 0.15],
							"easing": "easeInOutSine"
						},
						"0.85": {
							"vector": [-3.22, -2.925, 0]
						},
						"1.2167": {
							"vector": [-3.22, -3.135, 0.15]
						},
						"1.5833": {
							"vector": [-3, -3.575, 0],
							"easing": "easeInSine"
						},
						"2.0167": {
							"vector": [0, -1.05, -4.55],
							"easing": "easeInOutSine"
						},
						"2.15": {
							"vector": [0, -1.1, -1.6]
						},
						"2.3333": {
							"vector": [0, 0, 0],
							"easing": "easeOutSine"
						}
					}
				},
				"leftarm": {
					"rotation": {
						"0.0": {
							"vector": [0, 0, 0]
						},
						"0.2": {
							"vector": [-17.70997, 9.66848, -5.64099]
						},
						"1.7333": {
							"vector": [-17.70997, 9.66848, -5.64099]
						},
						"2.1333": {
							"vector": [7.22447, -2.02092, 0.1036],
							"easing": "easeInOutSine"
						}
					},
					"position": {
						"0.0": {
							"vector": [0, 0, 0]
						},
						"0.2": {
							"vector": [5.49082, -0.70901, -16.50246]
						},
						"1.7333": {
							"vector": [5.49082, -0.70901, -16.50246]
						},
						"2.1333": {
							"vector": [2.33992, -2.44607, -20.3267]
						}
					}
				},
				"_camera_": {
					"rotation": {
						"0.0": {
							"vector": [0, 0, 0]
						},
						"0.4167": {
							"vector": [3.98192, 2.52872, -0.32476],
							"easing": "easeInOutSine"
						},
						"0.7667": {
							"vector": [4.8917, 3.82224, 0.54886]
						},
						"1.15": {
							"vector": [5.24317, 4.52037, -0.14186],
							"easing": "easeOutSine"
						},
						"1.5833": {
							"vector": [4.73629, 3.52531, -0.24212],
							"easing": "easeInSine"
						},
						"2.0333": {
							"vector": [1.43682, 0.44717, 0.29828],
							"easing": "easeInSine"
						},
						"2.2": {
							"vector": [0.4522, 0.10857, -0.4302]
						},
						"2.3333": {
							"vector": [0, 0, 0],
							"easing": "easeOutSine"
						}
					}
				},
				"glowy": {
					"rotation": {
						"vector": [0, 0, 0]
					}
				}
			}
		},
		"animation.model.reload": {
			"loop": true,
			"animation_length": 1.95,
			"bones": {
				"main": {
					"rotation": {
						"0.0": {
							"vector": [0, 0, 0]
						},
						"0.3833": {
							"vector": [4.48209, -1.65373, 5.3949],
							"easing": "easeInSine"
						},
						"0.5": {
							"vector": [4.288, -2.02988, 3.85981],
							"easing": "easeOutSine"
						},
						"0.5833": {
							"vector": [4.75196, -2.11304, 4.857],
							"easing": "easeInOutSine"
						},
						"0.65": {
							"vector": [4.27913, -2.05073, 4.1091]
						},
						"0.7667": {
							"vector": [4.98339, -2.15438, 5.35563]
						},
						"0.9": {
							"vector": [4.57286, -1.95698, 2.86183]
						},
						"1.2667": {
							"vector": [0.43824, -0.94202, 1.38241],
							"easing": "easeInOutSine"
						},
						"1.4167": {
							"vector": [0, 0, -1.25],
							"easing": "easeOutSine"
						},
						"1.5333": {
							"vector": [0, 0, 0],
							"easing": "easeInOutSine"
						}
					},
					"position": {
						"0.0": {
							"vector": [0, 0, 0]
						},
						"0.3": {
							"vector": [-3.525, -4.98, 4.2],
							"easing": "easeInOutSine"
						},
						"0.45": {
							"vector": [-3.75, -4.15, 4.85],
							"easing": "easeInSine"
						},
						"0.5667": {
							"vector": [-3.90704, -3.68671, 5.40796]
						},
						"0.6833": {
							"vector": [-4.04469, -4.62073, 7.04123],
							"easing": "easeInOutSine"
						},
						"0.8667": {
							"vector": [-4.00226, -4.72921, 5.77025],
							"easing": "easeOutSine"
						},
						"1.2167": {
							"vector": [0, -1.05, -4.55],
							"easing": "easeInOutSine"
						},
						"1.35": {
							"vector": [0, -1.1, -1.6]
						},
						"1.5333": {
							"vector": [0, 0, 0],
							"easing": "easeOutSine"
						}
					}
				},
				"leftarm": {
					"rotation": {
						"0.0": {
							"vector": [0, 0, 0]
						},
						"0.3": {
							"vector": [1.77295, -11.99709, -20.51673]
						},
						"0.5667": {
							"vector": [-4.33212, 0.47461, -38.90347]
						},
						"0.6833": {
							"vector": [-6.97355, -1.33316, -40.63379]
						},
						"0.7833": {
							"vector": [-7.05937, 0.17737, -39.32011]
						},
						"1.0333": {
							"vector": [0, 0, 0]
						}
					},
					"position": {
						"0.0": {
							"vector": [0, 0, 0]
						},
						"0.0833": {
							"vector": [45.07971, -31.89496, 57.44835]
						},
						"0.3": {
							"vector": [45.52236, -5.03886, 22.81646]
						},
						"0.3833": {
							"vector": [31.245, 2.09, 9.4]
						},
						"0.4667": {
							"vector": [25.43, 8.38, -2.44]
						},
						"0.5167": {
							"vector": [24.66489, 8.66034, -9.06447]
						},
						"0.5667": {
							"vector": [26.485, 10.235, -6.36]
						},
						"0.6167": {
							"vector": [26.49, 10.76, -4.06]
						},
						"0.6833": {
							"vector": [26.49, 10.76, 0.815]
						},
						"0.7833": {
							"vector": [26.79, 10.76, 1.29]
						},
						"0.8667": {
							"vector": [22.39, 4.89, 12.645]
						},
						"0.9333": {
							"vector": [13.265, 2.49, 11.755]
						},
						"1.0333": {
							"vector": [0, 0, 0]
						}
					},
					"scale": {
						"0.0": {
							"vector": [1, 1, 1]
						},
						"0.0833": {
							"vector": [1.5, 1.5, 1.5]
						},
						"0.3": {
							"vector": [2, 2, 2]
						},
						"0.7833": {
							"vector": [2, 2, 2]
						},
						"1.0333": {
							"vector": [1, 1, 1]
						}
					}
				},
				"_camera_": {
					"rotation": {
						"0.0": {
							"vector": [0, 0, 0]
						},
						"0.2667": {
							"vector": [0.71592, 1.29154, -0.92506],
							"easing": "easeInOutSine"
						},
						"0.45": {
							"vector": [1.06953, 2.01413, 0.58828],
							"easing": "linear"
						},
						"0.5833": {
							"vector": [1.09088, 2.03188, -0.34306]
						},
						"0.6833": {
							"vector": [1.69496, 2.01872, 0.81658]
						},
						"0.8333": {
							"vector": [1.33646, 2.03179, -0.31051]
						},
						"0.9667": {
							"vector": [1.49289, 2.02207, -0.16219],
							"easing": "easeInOutSine"
						},
						"1.2167": {
							"vector": [1.43682, 0.44717, 0.29828],
							"easing": "easeInSine"
						},
						"1.3833": {
							"vector": [0.4522, 0.10857, -0.4302]
						},
						"1.5167": {
							"vector": [0, 0, 0],
							"easing": "easeOutSine"
						}
					}
				}
			},
			"sound_effects": {
				"0.0": {
					"effect": "hl_stringback"
				},
				"0.4833": {
					"effect": "hl_placerebar"
				}
			}
		},
		"animation.model.running": {
			"loop": true,
			"animation_length": 0.55,
			"bones": {
				"main": {
					"rotation": {
						"0.0": {
							"vector": [-26.45068, -2.01515, 62.12798]
						},
						"0.1167": {
							"vector": [-21.82726, 3.4831, 64.01074],
							"easing": "easeInSine"
						},
						"0.2333": {
							"vector": [-17.31656, -2.14971, 56.5214],
							"easing": "easeOutSine"
						},
						"0.3": {
							"vector": [-15.96965, -0.95016, 55.61988]
						},
						"0.4333": {
							"vector": [-17.67873, -3.40615, 61.58125],
							"easing": "easeInSine"
						},
						"0.55": {
							"vector": [-26.45068, -2.01515, 62.12798],
							"easing": "easeOutSine"
						}
					},
					"position": {
						"0.0": {
							"vector": [18, -6.125, 1.6]
						},
						"0.0667": {
							"vector": [17.925, -8.6, 0.68]
						},
						"0.1333": {
							"vector": [16.92, -11.12, -0.85]
						},
						"0.2333": {
							"vector": [15.85, -5.745, -3.3]
						},
						"0.3": {
							"vector": [15.85, -6.995, -3.3]
						},
						"0.35": {
							"vector": [16.135, -10.085, -2.89]
						},
						"0.4": {
							"vector": [16.87, -11.12, -0.98]
						},
						"0.5": {
							"vector": [18, -5.175, 1.6]
						},
						"0.55": {
							"vector": [18, -6.125, 1.6]
						}
					}
				},
				"glowy": {
					"rotation": {
						"0.0": {
							"vector": [0, -50, 0]
						},
						"0.55": {
							"vector": [0, -50, 0]
						}
					}
				}
			},
			"sound_effects": {
				"0.0": {
					"effect": "ggo_kagemitsu_run"
				}
			}
		},
		"animation.model.runningstart": {
			"animation_length": 0.35,
			"bones": {
				"main": {
					"rotation": {
						"0.0": {
							"vector": [0, 0, 0]
						},
						"0.35": {
							"vector": [-26.45068, -2.01515, 62.12798],
							"easing": "easeInOutSine"
						}
					},
					"position": {
						"0.0": {
							"vector": [0, 0, 0]
						},
						"0.1667": {
							"vector": [9, -16.47, 3.11],
							"easing": "easeInSine"
						},
						"0.35": {
							"vector": [18, -6.125, 1.6]
						}
					}
				},
				"glowy": {
					"rotation": {
						"0.0": {
							"vector": [0, 0, 0]
						},
						"0.3333": {
							"vector": [0, -50, 0]
						}
					}
				}
			},
			"sound_effects": {
				"0.0": {
					"effect": "ggo_kagemitsu_idle"
				}
			}
		},
		"animation.model.off_ground_sprinting": {
			"loop": true,
			"animation_length": 1.4,
			"bones": {
				"main": {
					"rotation": {
						"0.0": {
							"vector": [-26.45068, -2.01515, 62.12798]
						},
						"0.5667": {
							"vector": [-22.24285, -5.85921, 56.7774],
							"easing": "easeInOutSine"
						},
						"1.4": {
							"vector": [-26.45068, -2.01515, 62.12798]
						}
					},
					"position": {
						"0.0": {
							"vector": [19.22215, -9.19453, -4.88775]
						},
						"0.45": {
							"vector": [18.8231, -11.9065, -8.13736],
							"easing": "easeOutSine"
						},
						"0.8167": {
							"vector": [18.98889, -11.56303, -6.35977],
							"easing": "easeInOutSine"
						},
						"1.4": {
							"vector": [19.22215, -9.19453, -4.88775],
							"easing": "easeInSine"
						}
					}
				},
				"glowy": {
					"rotation": {
						"vector": [0, -50, 0]
					}
				}
			}
		},
		"animation.model.runningend": {
			"animation_length": 0.5167,
			"bones": {
				"main": {
					"rotation": {
						"0.0": {
							"vector": [-26.45068, -2.01515, 62.12798],
							"easing": "easeInOutSine"
						},
						"0.2833": {
							"vector": [0.5826, -2.79055, 2.63851],
							"easing": "easeInOutSine"
						},
						"0.4167": {
							"vector": [0.32388, 0.39763, -2.15014]
						},
						"0.5167": {
							"vector": [0, 0, 0]
						}
					},
					"position": {
						"0.0": {
							"vector": [18, -6.125, 1.6]
						},
						"0.1": {
							"vector": [13.7, -12.485, -5.5]
						},
						"0.3": {
							"vector": [0.4, 0, -2.6],
							"easing": "easeInOutSine"
						},
						"0.3667": {
							"vector": [0.16, -0.15, 0.6]
						},
						"0.4667": {
							"vector": [0, 0, 0]
						}
					}
				},
				"glowy": {
					"rotation": {
						"vector": [0, 0, 0]
					}
				}
			}
		},
		"animation.model.idle": {
			"loop": true,
			"animation_length": 0.8167,
			"bones": {
				"main": {
					"rotation": {
						"vector": [0, 0, 0]
					},
					"position": {
						"vector": [0, 0, 0]
					}
				},
				"glowy": {
					"rotation": {
						"vector": [0, 0, 0]
					}
				}
			},
			"sound_effects": {
				"0.0": {
					"effect": "ggo_kagemitsu_idle"
				}
			}
		}
	},
	"geckolib_format_version": 2
}