{
	"format_version": "1.8.0",
	"animations": {
		"animation.model.draw": {
			"loop": true,
			"animation_length": 1.1833,
			"bones": {
				"main": {
					"rotation": {
						"0.0": {
							"vector": [-34.84353, -51.39399, 98.17305]
						},
						"0.5": {
							"vector": [3.44517, -2.62363, -1.25029],
							"easing": "easeInOutQuad"
						},
						"0.6": {
							"vector": [1.49336, -1.35424, 2.08865]
						},
						"0.7": {
							"vector": [0.20109, 0.65551, -2.33353],
							"easing": "easeOutSine"
						},
						"0.8167": {
							"vector": [-0.0691, 0.03793, 0.70671],
							"easing": "easeInOutSine"
						},
						"0.9167": {
							"vector": [0, 0, 0],
							"easing": "easeOutSine"
						}
					},
					"position": {
						"0.0": {
							"vector": [0, -17.3, 0]
						},
						"0.4333": {
							"vector": [-0.28, 0.155, -3.795],
							"easing": "easeInOutSine"
						},
						"0.6167": {
							"vector": [-0.15, -1.07, 0.69],
							"easing": "easeInOutSine"
						},
						"0.7": {
							"vector": [0, -0.15, 0.375],
							"easing": "easeInSine"
						},
						"0.8167": {
							"vector": [0, -0.225, -0.45],
							"easing": "easeOutSine"
						},
						"0.9167": {
							"vector": [0, 0, 0],
							"easing": "easeOutSine"
						}
					}
				},
				"leftarm": {
					"rotation": {
						"0.0": {
							"vector": [-22, 0, 0]
						},
						"0.2833": {
							"vector": [-14.26433, 14.99337, -25.96637]
						},
						"0.4667": {
							"vector": [0, 0, 0],
							"easing": "easeInOutSine"
						}
					},
					"position": {
						"0.0": {
							"vector": [3.325, -2.275, 0]
						},
						"0.2833": {
							"vector": [11.03423, 7.54041, -1.1342]
						},
						"0.4667": {
							"vector": [0, 0, 0],
							"easing": "easeInOutSine"
						}
					}
				},
				"_camera_": {
					"rotation": {
						"0.0": {
							"vector": [0, 0, 0]
						},
						"0.2": {
							"vector": [2.55287, -1.39676, -1.62254],
							"easing": "easeInOutSine"
						},
						"0.4333": {
							"vector": [-0.00076, -0.00333, 0.0435]
						},
						"0.5333": {
							"vector": [-0.30918, -0.01767, 1.01624]
						},
						"0.6333": {
							"vector": [0.17256, -0.0039, -0.6024]
						},
						"0.7667": {
							"vector": [0, 0, 0],
							"easing": "easeOutSine"
						}
					}
				}
			},
			"sound_effects": {
				"0.0833": {
					"effect": "draw"
				}
			}
		},
		"animation.model.fire": {
			"loop": true,
			"animation_length": 1.4417,
			"bones": {
				"main": {
					"rotation": {
						"0.0": {
							"vector": [0, 0, 0]
						},
						"0.0583": {
							"vector": [-18.45692, -1.55894, -15.17954]
						},
						"0.1583": {
							"vector": [-11.97222, -1.44588, -0.50904],
							"easing": "linear"
						},
						"0.2667": {
							"vector": [-7.0557, -0.54198, -2.66124]
						},
						"0.35": {
							"vector": [-4.20783, -0.64546, -0.13826]
						},
						"0.6": {
							"vector": [3.38, -1.35, 6.51],
							"easing": "easeOutSine"
						},
						"0.6833": {
							"vector": [2.77, -0.56, 8.32]
						},
						"0.7583": {
							"vector": [2.23, 0.15, 7.1]
						},
						"0.85": {
							"vector": [2.98, -0.1, 5.35]
						},
						"0.9583": {
							"vector": [2.23, -0.6, 6.35]
						},
						"1.2": {
							"vector": [1.28, -0.34, -3.29],
							"easing": "easeInOutSine"
						},
						"1.3417": {
							"vector": [-0.0691, 0.03793, 0.70671],
							"easing": "easeInOutSine"
						},
						"1.4417": {
							"vector": [0, 0, 0],
							"easing": "easeOutSine"
						}
					},
					"position": {
						"0.0": {
							"vector": [0, 0, 0]
						},
						"0.0583": {
							"vector": [0, 1.05, 4.25]
						},
						"0.2833": {
							"vector": [0.3, -0.22, 3.81],
							"easing": "easeInOutSine"
						},
						"0.5083": {
							"vector": [0.3, -4.09, 1.05],
							"easing": "easeInSine"
						},
						"0.6833": {
							"vector": [1.125, -1.645, 0.485],
							"easing": "easeOutSine"
						},
						"0.7917": {
							"vector": [1.13, -2.515, 1.73],
							"easing": "easeOutSine"
						},
						"0.9": {
							"vector": [1.13, -2.715, 1.405]
						},
						"1.0": {
							"vector": [0.755, -2.315, 0.035],
							"easing": "easeInOutSine"
						},
						"1.1583": {
							"vector": [0.325, 0.325, -0.275],
							"easing": "easeOutSine"
						},
						"1.3417": {
							"vector": [0, 0.075, 0.3],
							"easing": "easeOutSine"
						},
						"1.4417": {
							"vector": [0, 0, 0],
							"easing": "easeInOutSine"
						}
					}
				},
				"chamber": {
					"rotation": {
						"0.0": {
							"vector": [0, 0, 0]
						},
						"0.0083": {
							"vector": [0, 0, -60]
						},
						"0.2": {
							"vector": [0, 0, -60]
						},
						"0.3417": {
							"vector": [0, 0, 0]
						}
					},
					"position": {
						"0.0": {
							"vector": [0, 0, 0]
						},
						"0.0083": {
							"vector": [0.7, 0, 0]
						},
						"0.2": {
							"vector": [0.7, 0, 0]
						},
						"0.3417": {
							"vector": [0, 0, 0]
						}
					}
				},
				"leftarm": {
					"rotation": {
						"0.0": {
							"vector": [0, 0, 0]
						},
						"0.0917": {
							"vector": [0, 0, -14.75]
						},
						"0.3333": {
							"vector": [0, 0, -7.5]
						},
						"1.1083": {
							"vector": [0, 0, -7.5]
						},
						"1.2583": {
							"vector": [0, 0, 0]
						}
					},
					"position": {
						"0.0": {
							"vector": [0, 0, 0]
						},
						"0.0917": {
							"vector": [4.32573, 2.64129, 1.84266]
						},
						"0.3333": {
							"vector": [2.41284, 1.11847, 1.98814]
						},
						"1.1083": {
							"vector": [2.41284, 1.11847, 1.98814]
						},
						"1.2583": {
							"vector": [0, 0, 0]
						}
					}
				},
				"boltaction": {
					"rotation": {
						"0.0": {
							"vector": [0, 0, 0]
						},
						"0.6917": {
							"vector": [0, 0, 0]
						}
					},
					"position": {
						"0.0": {
							"vector": [0, 0, 0]
						},
						"0.6917": {
							"vector": [0, 0, 0]
						},
						"0.775": {
							"vector": [0, 0, 12.775]
						},
						"0.9583": {
							"vector": [0, 0, 12.775]
						},
						"1.0583": {
							"vector": [0, 0, 0]
						}
					}
				},
				"boltaction2": {
					"rotation": {
						"0.0": {
							"vector": [0, 0, 0]
						},
						"0.4417": {
							"vector": [0, 0, 0]
						},
						"0.5083": {
							"vector": [0, 0, 75]
						},
						"0.625": {
							"vector": [0, 0, 75]
						},
						"1.0583": {
							"vector": [0, 0, 75]
						},
						"1.1167": {
							"vector": [0, 0, 75]
						},
						"1.1917": {
							"vector": [0, 0, 0]
						}
					},
					"position": {
						"0.0": {
							"vector": [0, 0, 0]
						},
						"0.4417": {
							"vector": [0, 0, 0]
						}
					}
				},
				"bullet": {
					"rotation": {
						"0.0": {
							"vector": [0, 0, 0]
						},
						"0.7167": {
							"vector": [0, 0, 0]
						},
						"0.75": {
							"vector": [-8.25, 17.5, 0]
						},
						"0.85": {
							"vector": [7.15693, 49.42141, -39.46974]
						},
						"1.0167": {
							"vector": [34.04085, 59.18532, -29.8048]
						},
						"1.05": {
							"vector": [34.04085, 59.18532, -29.8048]
						},
						"1.15": {
							"vector": [0, 0, 0]
						}
					},
					"position": {
						"0.0": {
							"vector": [0, 0, 0]
						},
						"0.7167": {
							"vector": [0.30374, 1.02407, -0.36652]
						},
						"0.75": {
							"vector": [-2.85198, 0.70422, 0.65202]
						},
						"0.8167": {
							"vector": [-10.06243, 2.41242, 0.54985]
						},
						"0.85": {
							"vector": [-22.907, 4.22452, 0.54295],
							"easing": "easeInSine"
						},
						"1.0167": {
							"vector": [-56.43327, 0.40704, 0.83514],
							"easing": "easeOutSine"
						},
						"1.05": {
							"vector": [-56.47, -5.59, 35.02],
							"easing": "easeOutSine"
						},
						"1.1167": {
							"vector": [-0.23, -7.6, 35.51]
						},
						"1.15": {
							"vector": [0, 0, 0]
						}
					},
					"scale": {
						"0.0": {
							"vector": [1, 1, 1]
						},
						"1.0167": {
							"vector": [1, 1, 1]
						},
						"1.05": {
							"vector": [0, 0, 0]
						},
						"1.15": {
							"vector": [0, 0, 0]
						}
					}
				},
				"rightarm": {
					"rotation": {
						"0.0": {
							"vector": [0, 0, 0]
						},
						"0.2917": {
							"vector": [0, 0, 0]
						},
						"0.4417": {
							"vector": [-13.14323, 11.52517, 39.95488]
						},
						"0.475": {
							"vector": [-19.95801, 21.95469, 38.62144]
						},
						"0.5083": {
							"vector": [-26.41545, 28.55457, 39.67801]
						},
						"0.6917": {
							"vector": [-26.41545, 28.55457, 39.67801]
						},
						"0.775": {
							"vector": [-52.91168, 29.7452, 37.08921]
						},
						"0.9583": {
							"vector": [-52.91168, 29.7452, 37.08921]
						},
						"1.0583": {
							"vector": [-26.41545, 28.55457, 39.67801]
						},
						"1.1167": {
							"vector": [-26.41545, 28.55457, 39.67801]
						},
						"1.1917": {
							"vector": [-13.14323, 11.52517, 39.95488]
						},
						"1.275": {
							"vector": [0, 0, 0]
						}
					},
					"position": {
						"0.0": {
							"vector": [0, 0, 0]
						},
						"0.2917": {
							"vector": [0, 0, 0]
						},
						"0.3667": {
							"vector": [-8.31456, 0.35477, -4.25044]
						},
						"0.4417": {
							"vector": [-8.175, 0.775, -8.6]
						},
						"0.475": {
							"vector": [-9.30271, 0.01138, -11.2539]
						},
						"0.5083": {
							"vector": [-8.47291, 1.86069, -12.50313]
						},
						"0.6917": {
							"vector": [-8.47291, 1.86069, -12.50313]
						},
						"0.775": {
							"vector": [-12.57, -0.595, -8.5]
						},
						"0.9583": {
							"vector": [-12.57, -0.595, -8.5]
						},
						"1.0583": {
							"vector": [-8.47291, 1.86069, -12.50313]
						},
						"1.1167": {
							"vector": [-8.47291, 1.86069, -12.50313]
						},
						"1.1917": {
							"vector": [-8.175, 0.775, -8.6]
						},
						"1.275": {
							"vector": [0, 0, 0]
						}
					}
				},
				"_camera_": {
					"rotation": {
						"0.0": {
							"vector": [0, 0, 0]
						},
						"0.0583": {
							"vector": [-8.25173, 0.08831, -2.24827]
						},
						"0.15": {
							"vector": [-4.97477, 0.07514, 1.55989]
						},
						"0.25": {
							"vector": [-1.98, 0.47, -1.74]
						},
						"0.3917": {
							"vector": [2.26, 1.04, -0.31]
						},
						"0.5333": {
							"vector": [2.26376, 1.47915, 0.55868],
							"easing": "easeInOutSine"
						},
						"0.6583": {
							"vector": [2.26, 0.73, -0.44]
						},
						"0.75": {
							"vector": [2.53, 1.14, -1.14]
						},
						"0.825": {
							"vector": [2.76, 1.48, 0.56]
						},
						"0.9833": {
							"vector": [2.76, 0.73, -1.44]
						},
						"1.05": {
							"vector": [1.59, 0.45, 0.5]
						},
						"1.3": {
							"vector": [0.17256, -0.0039, -0.6024],
							"easing": "easeInOutSine"
						},
						"1.4333": {
							"vector": [0, 0, 0],
							"easing": "easeOutSine"
						}
					}
				},
				"inner": {
					"scale": {
						"vector": [0, 0, 0]
					}
				},
				"bipod": {
					"rotation": {
						"0.0": {
							"vector": [0, 0, 0]
						},
						"0.0833": {
							"vector": [7.5, 0, 0]
						},
						"0.1417": {
							"vector": [-2.25, 0, 0]
						},
						"0.225": {
							"vector": [2.5, 0, 0]
						},
						"0.325": {
							"vector": [-2.25, 0, 0]
						},
						"0.4167": {
							"vector": [0.75, 0, 0]
						},
						"0.5333": {
							"vector": [0, 0, 0]
						},
						"0.7083": {
							"vector": [0, 0, 0]
						},
						"0.7917": {
							"vector": [-1.75, 0, 0]
						},
						"0.875": {
							"vector": [0, 0, 0]
						},
						"1.0167": {
							"vector": [-0.75, 0, 0]
						},
						"1.1417": {
							"vector": [0.25, 0, 0]
						},
						"1.2333": {
							"vector": [0, 0, 0]
						}
					}
				}
			},
			"sound_effects": {
				"0.3083": {
					"effect": "ggo_hecate_boltback"
				},
				"0.775": {
					"effect": "ggo_hecate_boltforward"
				}
			}
		},
		"animation.model.reloadempty": {
			"loop": true,
			"animation_length": 4.7833,
			"bones": {
				"main": {
					"rotation": {
						"0.0": {
							"vector": [0, 0, 0]
						},
						"0.2": {
							"vector": [0.48379, -0.97963, 2.75053],
							"easing": "easeInOutSine"
						},
						"0.2833": {
							"vector": [-0.22431, -1.73541, 1.36597]
						},
						"0.3667": {
							"vector": [-0.57805, -1.71813, 4.8112]
						},
						"0.4667": {
							"vector": [-0.21334, -1.73695, 1.00323],
							"easing": "easeOutSine"
						},
						"0.6": {
							"vector": [-7.59773, -2.0554, 1.2091],
							"easing": "linear"
						},
						"0.9333": {
							"vector": [-25.2799, -9.77089, -16.4297],
							"easing": "easeInOutQuad"
						},
						"1.0333": {
							"vector": [-27.3042, -8.29191, -14.62012]
						},
						"1.25": {
							"vector": [-26.02329, -8.42401, -14.83566],
							"easing": "easeInSine"
						},
						"1.4667": {
							"vector": [-26.48275, -9.34922, -16.70491],
							"easing": "easeInOutSine"
						},
						"1.6167": {
							"vector": [-26.2211, -8.59496, -15.17979]
						},
						"1.7167": {
							"vector": [-25.63741, -9.46278, -17.92506]
						},
						"1.8167": {
							"vector": [-27.79696, -7.86082, -14.07695]
						},
						"1.9333": {
							"vector": [-28.21374, -9.49004, -16.84104],
							"easing": "easeOutSine"
						},
						"2.0333": {
							"vector": [-28.7485, -7.69971, -13.50926]
						},
						"2.2667": {
							"vector": [-24.98598, -6.79752, -13.65683],
							"easing": "easeInOutSine"
						},
						"2.55": {
							"vector": [-27.07426, -10.44988, -20.59255],
							"easing": "easeInOutSine"
						},
						"2.7333": {
							"vector": [-26.08295, -10.98711, -21.3715]
						},
						"2.8167": {
							"vector": [-25.92857, -11.59522, -21.36545]
						},
						"2.9167": {
							"vector": [-24.68822, -13.49735, -27.035]
						},
						"3.0333": {
							"vector": [-24.83219, -12.2503, -23.1027]
						},
						"3.1333": {
							"vector": [-22.04088, -13.0027, -26.30374]
						},
						"3.4833": {
							"vector": [-11.39922, -2.29235, -10.10017],
							"easing": "easeInOutSine"
						},
						"3.5833": {
							"vector": [-9.74381, -3.09, -13.26391]
						},
						"3.75": {
							"vector": [-9.0161, -2.68069, -7.74576],
							"easing": "easeInOutSine"
						},
						"4.0167": {
							"vector": [1.28, -0.34, -3.29],
							"easing": "easeInQuad"
						},
						"4.2167": {
							"vector": [-0.06943, 0.03732, 0.20671],
							"easing": "easeInOutSine"
						},
						"4.3667": {
							"vector": [0, 0, 0],
							"easing": "easeInOutSine"
						}
					},
					"position": {
						"0.0": {
							"vector": [0, 0, 0]
						},
						"0.35": {
							"vector": [0, -0.975, 0.175],
							"easing": "easeInOutCubic"
						},
						"0.4333": {
							"vector": [0, -1.105, 0.655],
							"easing": "easeOutSine"
						},
						"0.5667": {
							"vector": [0, -1.375, -0.375],
							"easing": "easeInOutSine"
						},
						"0.6833": {
							"vector": [-0.31, 0.12, 3.72],
							"easing": "easeInSine"
						},
						"0.9167": {
							"vector": [-0.5, 0.445, 6.13],
							"easing": "easeOutSine"
						},
						"1.0667": {
							"vector": [-0.5, -1.35, 6.505],
							"easing": "easeOutSine"
						},
						"1.35": {
							"vector": [-0.5, -0.51, 5.925],
							"easing": "easeOutSine"
						},
						"1.7": {
							"vector": [-0.5, -0.275, 6.53],
							"easing": "easeInOutQuad"
						},
						"1.8167": {
							"vector": [-0.7, -1.3, 6.13]
						},
						"2.0167": {
							"vector": [-0.7, -0.545, 6.33]
						},
						"2.1833": {
							"vector": [-0.7, -0.45, 6.505],
							"easing": "easeInOutSine"
						},
						"2.4667": {
							"vector": [-0.5, -0.7, 6.13],
							"easing": "easeOutSine"
						},
						"2.7167": {
							"vector": [-0.5, 0.1, 6.13],
							"easing": "linear"
						},
						"2.8833": {
							"vector": [-0.5, 0.35, 6.88]
						},
						"2.9833": {
							"vector": [-0.5, -1.1, 6.88]
						},
						"3.1333": {
							"vector": [-0.5, -0.2, 5.76]
						},
						"3.3333": {
							"vector": [-0.5, -0.7, 2.105],
							"easing": "easeInOutSine"
						},
						"3.45": {
							"vector": [-0.5, -0.7, 2.105],
							"easing": "easeInOutSine"
						},
						"3.55": {
							"vector": [-0.5, -0.7, 1.375]
						},
						"3.6833": {
							"vector": [-0.5, -0.7, 1.805],
							"easing": "easeInOutSine"
						},
						"4.0": {
							"vector": [0.325, 0.325, -0.275],
							"easing": "easeInOutCubic"
						},
						"4.1833": {
							"vector": [0, -0.45, 0.325],
							"easing": "easeInOutSine"
						},
						"4.3667": {
							"vector": [0, 0, 0],
							"easing": "easeOutSine"
						}
					}
				},
				"bipod": {
					"rotation": {
						"0.0": {
							"vector": [0, 0, 0]
						},
						"0.35": {
							"vector": [0, 0, 0]
						},
						"0.4667": {
							"vector": [2.25, 0, 0]
						},
						"0.6": {
							"vector": [-2, 0, 0]
						},
						"0.8": {
							"vector": [4.25, 0, 0]
						},
						"0.9833": {
							"vector": [-1.5, 0, 0]
						},
						"1.1": {
							"vector": [1, 0, 0]
						},
						"1.25": {
							"vector": [-0.25, 0, 0]
						},
						"1.45": {
							"vector": [1.25, 0, 0]
						},
						"1.7": {
							"vector": [0.5, 0, 0]
						},
						"1.85": {
							"vector": [3.75, 0, 0]
						},
						"2.0": {
							"vector": [-0.75, 0, 0]
						},
						"2.2167": {
							"vector": [3.25, 0, 0]
						},
						"2.4167": {
							"vector": [1.5, 0, 0]
						},
						"2.65": {
							"vector": [3, 0, 0]
						},
						"2.85": {
							"vector": [1.75, 0, 0]
						},
						"2.9833": {
							"vector": [4.5, 0, 0]
						},
						"3.15": {
							"vector": [1.75, 0, 0]
						},
						"3.3167": {
							"vector": [5.75, 0, 0]
						},
						"3.4833": {
							"vector": [3.75, 0, 0]
						},
						"3.6": {
							"vector": [6, 0, 0]
						},
						"3.7667": {
							"vector": [2.25, 0, 0]
						},
						"3.95": {
							"vector": [4.5, 0, 0]
						},
						"4.15": {
							"vector": [-1.74, 0, 0]
						},
						"4.3667": {
							"vector": [0, 0, 0]
						}
					}
				},
				"boltaction": {
					"rotation": {
						"0.0": {
							"vector": [0, 0, 0]
						},
						"0.3833": {
							"vector": [0, 0, 0]
						}
					},
					"position": {
						"0.0": {
							"vector": [0, 0, 0]
						},
						"0.3833": {
							"vector": [0, 0, 0]
						},
						"0.4667": {
							"vector": [0, 0, 12.775]
						},
						"0.65": {
							"vector": [0, 0, 12.775]
						},
						"3.45": {
							"vector": [0, 0, 12.775]
						},
						"3.5833": {
							"vector": [0, 0, 0]
						}
					}
				},
				"boltaction2": {
					"rotation": {
						"0.0": {
							"vector": [0, 0, 0]
						},
						"0.2": {
							"vector": [0, 0, 0]
						},
						"0.2667": {
							"vector": [0, 0, 75]
						},
						"0.3167": {
							"vector": [0, 0, 75]
						},
						"3.6667": {
							"vector": [0, 0, 75]
						},
						"3.75": {
							"vector": [0, 0, 0]
						}
					},
					"position": {
						"0.0": {
							"vector": [0, 0, 0]
						},
						"0.2": {
							"vector": [0, 0, 0]
						}
					}
				},
				"magazine": {
					"rotation": {
						"0.0": {
							"vector": [0, 0, 0]
						},
						"1.7667": {
							"vector": [0, 0, 0]
						},
						"1.8667": {
							"vector": [0, 0, -4.25]
						},
						"2.15": {
							"vector": [19.68739, 1.60348, -8.72175]
						},
						"2.45": {
							"vector": [19.68739, 1.60348, -8.72175]
						},
						"2.7333": {
							"vector": [0, 0, -4.25],
							"easing": "easeOutSine"
						},
						"2.8667": {
							"vector": [0, 0, -0.13]
						},
						"2.95": {
							"vector": [0, 0, 0]
						}
					},
					"position": {
						"0.0": {
							"vector": [0, 0, 0]
						},
						"1.25": {
							"vector": [0, 0, 0]
						},
						"1.3333": {
							"vector": [0, -1.425, 0]
						},
						"1.5833": {
							"vector": [0, -1.695, 0],
							"easing": "easeInOutSine"
						},
						"1.65": {
							"vector": [0, -1.695, 0],
							"easing": "easeInOutSine"
						},
						"1.7667": {
							"vector": [0, -7.065, 0]
						},
						"1.8667": {
							"vector": [0.35, -8.17, 0]
						},
						"2.15": {
							"vector": [4.35, -46.22, 21.75]
						},
						"2.45": {
							"vector": [4.35, -46.22, 21.75]
						},
						"2.7333": {
							"vector": [0.26292, -6.99823, 0],
							"easing": "easeOutSine"
						},
						"2.8667": {
							"vector": [0.10828, -6.59933, 0]
						},
						"2.95": {
							"vector": [0, 0, 0]
						}
					}
				},
				"bullet2": {
					"scale": {
						"0.0": {
							"vector": [0, 0, 0]
						},
						"2.2333": {
							"vector": [0, 0, 0]
						},
						"2.2667": {
							"vector": [1, 1, 1]
						}
					}
				},
				"rightarm": {
					"rotation": {
						"0.0": {
							"vector": [0, 0, 0]
						},
						"0.05": {
							"vector": [0, 0, 0]
						},
						"0.2": {
							"vector": [-13.14323, 11.52517, 39.95488]
						},
						"0.2333": {
							"vector": [-19.95801, 21.95469, 38.62144]
						},
						"0.2667": {
							"vector": [-26.41545, 28.55457, 39.67801]
						},
						"0.3833": {
							"vector": [-26.41545, 28.55457, 39.67801]
						},
						"0.4667": {
							"vector": [-52.91168, 29.7452, 37.08921]
						},
						"3.45": {
							"vector": [-52.91168, 29.7452, 37.08921]
						},
						"3.5833": {
							"vector": [-26.41545, 28.55457, 39.67801]
						},
						"3.6667": {
							"vector": [-26.41545, 28.55457, 39.67801]
						},
						"3.75": {
							"vector": [-13.14323, 11.52517, 39.95488]
						},
						"3.8667": {
							"vector": [-13.14323, 11.52517, 39.95488]
						},
						"4.05": {
							"vector": [0, 0, 0]
						}
					},
					"position": {
						"0.0": {
							"vector": [0, 0, 0]
						},
						"0.05": {
							"vector": [0, 0, 0]
						},
						"0.1167": {
							"vector": [-8.31456, 0.35477, -4.25044]
						},
						"0.2": {
							"vector": [-8.175, 0.775, -8.6]
						},
						"0.2333": {
							"vector": [-9.30271, 0.01138, -11.2539]
						},
						"0.2667": {
							"vector": [-8.47291, 1.86069, -12.50313]
						},
						"0.3833": {
							"vector": [-8.47291, 1.86069, -12.50313]
						},
						"0.4667": {
							"vector": [-12.57, -0.595, -8.5]
						},
						"3.45": {
							"vector": [-12.57, -0.595, -8.5]
						},
						"3.5833": {
							"vector": [-8.47291, 1.86069, -12.50313]
						},
						"3.6667": {
							"vector": [-8.47291, 1.86069, -12.50313]
						},
						"3.75": {
							"vector": [-8.675, -0.875, -8.6]
						},
						"3.8667": {
							"vector": [-8.675, -0.875, -8.6]
						},
						"3.95": {
							"vector": [-7.855, -3.13, -2.415]
						},
						"4.05": {
							"vector": [0, 0, 0]
						}
					}
				},
				"leftarm": {
					"rotation": {
						"0.0": {
							"vector": [0, 0, 0]
						},
						"0.1333": {
							"vector": [0, 0, -14.75]
						},
						"0.55": {
							"vector": [0, 0, -7.5]
						},
						"0.7333": {
							"vector": [-4.95231, -8.06898, 4.37709]
						},
						"0.95": {
							"vector": [-4.95231, -8.06898, 4.37709]
						},
						"1.1167": {
							"vector": [-11.13843, -2.74421, 9.15796]
						},
						"1.2167": {
							"vector": [-11.13843, -2.74421, 9.15796]
						},
						"1.3167": {
							"vector": [-6.06901, -11.58642, 0.63204]
						},
						"1.3833": {
							"vector": [-6.06901, -11.58642, 0.63204]
						},
						"1.5833": {
							"vector": [-4.95231, -8.06898, 4.37709],
							"easing": "easeOutSine"
						},
						"1.65": {
							"vector": [-5.06199, -7.01531, 5.45033]
						},
						"1.7667": {
							"vector": [-4.95231, -8.06898, 4.37709]
						},
						"1.8667": {
							"vector": [-4.67014, -4.49708, 0.86637]
						},
						"2.7333": {
							"vector": [-5.09411, -6.66365, 5.80722],
							"easing": "easeOutSine"
						},
						"2.8667": {
							"vector": [-4.79473, -4.52125, 2.99003]
						},
						"2.95": {
							"vector": [-8.29473, -4.52125, 2.99003]
						},
						"3.2333": {
							"vector": [-8.29473, -4.52125, 2.99003]
						},
						"3.4167": {
							"vector": [0.18821, -6.21341, -15.01976]
						},
						"3.85": {
							"vector": [0.18821, -6.21341, -15.01976]
						},
						"4.0333": {
							"vector": [0, 0, 0]
						}
					},
					"position": {
						"0.0": {
							"vector": [0, 0, 0]
						},
						"0.1333": {
							"vector": [4.32573, 2.64129, 1.84266]
						},
						"0.55": {
							"vector": [2.41284, 1.11847, 1.98814]
						},
						"0.7333": {
							"vector": [-1.665, -8.33, 12.215]
						},
						"0.95": {
							"vector": [-1.665, -8.33, 12.215]
						},
						"1.1167": {
							"vector": [-1.67, -6.455, 15.42]
						},
						"1.2167": {
							"vector": [-1.67, -6.455, 15.42]
						},
						"1.3167": {
							"vector": [-1.67, -6.46, 16.545]
						},
						"1.3833": {
							"vector": [-1.67, -6.46, 16.545]
						},
						"1.5833": {
							"vector": [-1.665, -9.53, 11.715],
							"easing": "easeOutSine"
						},
						"1.65": {
							"vector": [-1.665, -9.53, 11.715]
						},
						"1.7667": {
							"vector": [-1.67, -14.78, 11.71]
						},
						"1.8667": {
							"vector": [-0.47, -16.38, 11.71]
						},
						"2.15": {
							"vector": [2.48, -49.53, 32.56]
						},
						"2.45": {
							"vector": [2.48, -49.53, 32.56]
						},
						"2.7333": {
							"vector": [-1.67, -14.78, 11.71],
							"easing": "easeOutSine"
						},
						"2.8667": {
							"vector": [-1.245, -13.855, 11.71]
						},
						"2.95": {
							"vector": [-0.84, -7, 11.71]
						},
						"3.2333": {
							"vector": [-0.84, -7, 11.71]
						},
						"3.4167": {
							"vector": [3.56284, 1.11847, 9.61314]
						},
						"3.85": {
							"vector": [3.56284, 1.11847, 9.61314]
						},
						"4.0333": {
							"vector": [0, 0, 0]
						}
					}
				},
				"_camera_": {
					"rotation": {
						"0.0": {
							"vector": [0, 0, 0]
						},
						"0.2167": {
							"vector": [0.97811, 1.25854, -1.0002],
							"easing": "easeInOutSine"
						},
						"0.3333": {
							"vector": [0.894, 1.06466, 0.61173]
						},
						"0.45": {
							"vector": [0.64353, 0.76786, -1.51479]
						},
						"0.55": {
							"vector": [0.48243, 0.50437, -0.50646],
							"easing": "easeInOutSine"
						},
						"0.8833": {
							"vector": [-0.98215, 2.02177, 0.50664]
						},
						"1.0167": {
							"vector": [0.48247, 2.0305, -0.49395],
							"easing": "easeInOutSine"
						},
						"1.15": {
							"vector": [0.25363, 2.02472, 1.11419]
						},
						"1.25": {
							"vector": [0.03556, 2.0259, 1.00697]
						},
						"1.4167": {
							"vector": [0.01631, 2.20469, 0.50672]
						},
						"1.7167": {
							"vector": [0.03557, 2.5259, 1.00729]
						},
						"1.8833": {
							"vector": [1.29658, 2.52026, 1.25746],
							"easing": "easeInOutSine"
						},
						"2.0333": {
							"vector": [0.72193, 2.52458, 0.22698]
						},
						"2.45": {
							"vector": [0.29651, 2.01154, 1.25475],
							"easing": "easeInOutSine"
						},
						"2.7333": {
							"vector": [0.00726, 3.01516, 0.50891],
							"easing": "easeInOutSine"
						},
						"2.85": {
							"vector": [0.04676, 3.0148, 1.25994]
						},
						"2.95": {
							"vector": [1.21776, 3.01499, -0.24213]
						},
						"3.0833": {
							"vector": [1.02027, 2.99764, 0.75909]
						},
						"3.2167": {
							"vector": [0.71776, 3.01499, -0.24213]
						},
						"3.5": {
							"vector": [1.15652, 3.53568, -1.23754],
							"easing": "easeInOutSine"
						},
						"3.6": {
							"vector": [1.2852, 3.25629, 1.01096]
						},
						"3.7": {
							"vector": [1.18565, 2.95408, -0.7301]
						},
						"3.9167": {
							"vector": [1.30006, 1.76492, 0.67639],
							"easing": "easeInSine"
						},
						"4.1833": {
							"vector": [0.3229, 0.48097, -1.03385]
						},
						"4.3667": {
							"vector": [0, 0, 0],
							"easing": "easeOutSine"
						}
					}
				}
			},
			"sound_effects": {
				"0.0": {
					"effect": "ggo_hecate_boltback"
				},
				"0.25": {
					"effect": "foley_start"
				},
				"1.0167": {
					"effect": "ggo_hecate_magout"
				},
				"2.5": {
					"effect": "ggo_hecate_magin"
				},
				"3.25": {
					"effect": "ggo_hecate_boltforward"
				},
				"3.75": {
					"effect": "inspect_down"
				}
			}
		},
		"animation.model.reload": {
			"loop": true,
			"animation_length": 3.8667,
			"bones": {
				"main": {
					"rotation": {
						"0.0": {
							"vector": [0, 0, 0]
						},
						"0.4167": {
							"vector": [-25.2799, -9.77089, -16.4297],
							"easing": "easeInOutQuad"
						},
						"0.5167": {
							"vector": [-27.3042, -8.29191, -14.62012]
						},
						"0.7": {
							"vector": [-26.02329, -8.42401, -14.83566],
							"easing": "easeInSine"
						},
						"0.9167": {
							"vector": [-26.48275, -9.34922, -16.70491],
							"easing": "easeInOutSine"
						},
						"1.0667": {
							"vector": [-26.2211, -8.59496, -15.17979]
						},
						"1.1667": {
							"vector": [-25.63741, -9.46278, -17.92506]
						},
						"1.2667": {
							"vector": [-27.79696, -7.86082, -14.07695]
						},
						"1.3833": {
							"vector": [-28.21374, -9.49004, -16.84104],
							"easing": "easeOutSine"
						},
						"1.4833": {
							"vector": [-28.7485, -7.69971, -13.50926]
						},
						"1.7167": {
							"vector": [-24.98598, -6.79752, -13.65683],
							"easing": "easeInOutSine"
						},
						"2.0": {
							"vector": [-27.07426, -10.44988, -20.59255],
							"easing": "easeInOutSine"
						},
						"2.1833": {
							"vector": [-26.08295, -10.98711, -21.3715]
						},
						"2.2667": {
							"vector": [-25.92857, -11.59522, -21.36545]
						},
						"2.3667": {
							"vector": [-24.68822, -13.49735, -27.035]
						},
						"2.4833": {
							"vector": [-24.83219, -12.2503, -23.1027]
						},
						"2.8667": {
							"vector": [1.49336, -1.35424, 2.08865],
							"easing": "easeInSine"
						},
						"3.05": {
							"vector": [0.20109, 0.65551, -2.33353],
							"easing": "easeOutSine"
						},
						"3.3": {
							"vector": [0, 0, 0],
							"easing": "easeInOutSine"
						}
					},
					"position": {
						"0.0": {
							"vector": [0, 0, 0]
						},
						"0.1667": {
							"vector": [-0.31, 0.12, 3.72],
							"easing": "easeInSine"
						},
						"0.3667": {
							"vector": [-0.5, 0.445, 6.13],
							"easing": "easeOutSine"
						},
						"0.5167": {
							"vector": [-0.5, -1.35, 6.505],
							"easing": "easeOutSine"
						},
						"0.8": {
							"vector": [-0.5, -0.51, 5.925],
							"easing": "easeOutSine"
						},
						"1.15": {
							"vector": [-0.5, -0.275, 6.53],
							"easing": "easeInOutQuad"
						},
						"1.2667": {
							"vector": [-0.7, -1.3, 6.13]
						},
						"1.4667": {
							"vector": [-0.7, -0.545, 6.33]
						},
						"1.6333": {
							"vector": [-0.7, -0.45, 6.505],
							"easing": "easeInOutSine"
						},
						"1.9167": {
							"vector": [-0.5, -0.7, 6.13],
							"easing": "easeOutSine"
						},
						"2.1667": {
							"vector": [-0.5, 0.1, 6.13],
							"easing": "linear"
						},
						"2.3333": {
							"vector": [-0.5, 0.35, 6.88]
						},
						"2.4333": {
							"vector": [-0.5, -1.1, 6.88]
						},
						"2.5667": {
							"vector": [-0.38, -0.325, 5.86]
						},
						"2.8833": {
							"vector": [-0.15, -1.07, 0.69],
							"easing": "easeInOutSine"
						},
						"3.0": {
							"vector": [0, -0.15, 0.375],
							"easing": "easeInSine"
						},
						"3.15": {
							"vector": [0, -0.225, -0.45],
							"easing": "easeOutSine"
						},
						"3.3": {
							"vector": [0, 0, 0],
							"easing": "easeOutSine"
						}
					}
				},
				"magazine": {
					"rotation": {
						"0.0": {
							"vector": [0, 0, 0]
						},
						"1.2167": {
							"vector": [0, 0, 0]
						},
						"1.3167": {
							"vector": [0, 0, -4.25]
						},
						"1.6": {
							"vector": [19.68739, 1.60348, -8.72175]
						},
						"1.9": {
							"vector": [19.68739, 1.60348, -8.72175]
						},
						"2.1833": {
							"vector": [0, 0, -4.25],
							"easing": "easeOutSine"
						},
						"2.3167": {
							"vector": [0, 0, -0.13]
						},
						"2.4": {
							"vector": [0, 0, 0]
						}
					},
					"position": {
						"0.0": {
							"vector": [0, 0, 0]
						},
						"0.7": {
							"vector": [0, 0, 0]
						},
						"0.7833": {
							"vector": [0, -1.425, 0]
						},
						"1.0333": {
							"vector": [0, -1.695, 0],
							"easing": "easeInOutSine"
						},
						"1.1": {
							"vector": [0, -1.695, 0],
							"easing": "easeInOutSine"
						},
						"1.2167": {
							"vector": [0, -7.065, 0]
						},
						"1.3167": {
							"vector": [0.35, -8.17, 0]
						},
						"1.6": {
							"vector": [4.35, -46.22, 21.75]
						},
						"1.9": {
							"vector": [4.35, -46.22, 21.75]
						},
						"2.1833": {
							"vector": [0.26292, -6.99823, 0],
							"easing": "easeOutSine"
						},
						"2.3167": {
							"vector": [0.10828, -6.59933, 0]
						},
						"2.4": {
							"vector": [0, 0, 0]
						}
					}
				},
				"leftarm": {
					"rotation": {
						"0.0": {
							"vector": [0, 0, 0]
						},
						"0.1833": {
							"vector": [-4.95231, -8.06898, 4.37709]
						},
						"0.4": {
							"vector": [-4.95231, -8.06898, 4.37709]
						},
						"0.5667": {
							"vector": [-11.13843, -2.74421, 9.15796]
						},
						"0.6667": {
							"vector": [-11.13843, -2.74421, 9.15796]
						},
						"0.7667": {
							"vector": [-6.06901, -11.58642, 0.63204]
						},
						"0.8333": {
							"vector": [-6.06901, -11.58642, 0.63204]
						},
						"1.0333": {
							"vector": [-4.95231, -8.06898, 4.37709],
							"easing": "easeOutSine"
						},
						"1.1": {
							"vector": [-5.06199, -7.01531, 5.45033]
						},
						"1.2167": {
							"vector": [-4.95231, -8.06898, 4.37709]
						},
						"1.3167": {
							"vector": [-4.67014, -4.49708, 0.86637]
						},
						"2.1833": {
							"vector": [-5.09411, -6.66365, 5.80722],
							"easing": "easeOutSine"
						},
						"2.3167": {
							"vector": [-4.79473, -4.52125, 2.99003]
						},
						"2.4": {
							"vector": [-8.29473, -4.52125, 2.99003]
						},
						"2.6167": {
							"vector": [-8.29473, -4.52125, 2.99003]
						},
						"2.9167": {
							"vector": [0, 0, 0]
						}
					},
					"position": {
						"0.0": {
							"vector": [0, 0, 0]
						},
						"0.1833": {
							"vector": [-1.665, -8.33, 12.215]
						},
						"0.4": {
							"vector": [-1.665, -8.33, 12.215]
						},
						"0.5667": {
							"vector": [-1.67, -6.455, 15.42]
						},
						"0.6667": {
							"vector": [-1.67, -6.455, 15.42]
						},
						"0.7667": {
							"vector": [-1.67, -6.46, 16.545]
						},
						"0.8333": {
							"vector": [-1.67, -6.46, 16.545]
						},
						"1.0333": {
							"vector": [-1.665, -9.53, 11.715],
							"easing": "easeOutSine"
						},
						"1.1": {
							"vector": [-1.665, -9.53, 11.715]
						},
						"1.2167": {
							"vector": [-1.67, -14.78, 11.71]
						},
						"1.3167": {
							"vector": [-0.47, -16.38, 11.71]
						},
						"1.6": {
							"vector": [2.48, -49.53, 32.56]
						},
						"1.9": {
							"vector": [2.48, -49.53, 32.56]
						},
						"2.1833": {
							"vector": [-1.67, -14.78, 11.71],
							"easing": "easeOutSine"
						},
						"2.3167": {
							"vector": [-1.245, -13.855, 11.71]
						},
						"2.4": {
							"vector": [-0.84, -7, 11.71]
						},
						"2.6167": {
							"vector": [-0.84, -7, 11.71]
						},
						"2.9167": {
							"vector": [0, 0, 0]
						}
					}
				},
				"_camera_": {
					"rotation": {
						"0.0": {
							"vector": [0, 0, 0]
						},
						"0.2833": {
							"vector": [-0.98215, 2.02177, 0.50664],
							"easing": "easeInOutSine"
						},
						"0.4667": {
							"vector": [0.48247, 2.0305, -0.49395],
							"easing": "easeInOutSine"
						},
						"0.6": {
							"vector": [0.25363, 2.02472, 1.11419]
						},
						"0.7": {
							"vector": [0.03556, 2.0259, 1.00697]
						},
						"0.8667": {
							"vector": [0.01631, 2.20469, 0.50672]
						},
						"1.1667": {
							"vector": [0.03557, 2.5259, 1.00729]
						},
						"1.3333": {
							"vector": [1.29658, 2.52026, 1.25746],
							"easing": "easeInOutSine"
						},
						"1.4833": {
							"vector": [0.72193, 2.52458, 0.22698]
						},
						"1.9": {
							"vector": [0.29651, 2.01154, 1.25475],
							"easing": "easeInOutSine"
						},
						"2.1833": {
							"vector": [0.00726, 3.01516, 0.50891],
							"easing": "easeInOutSine"
						},
						"2.3": {
							"vector": [0.04676, 3.0148, 1.25994]
						},
						"2.4": {
							"vector": [1.21776, 3.01499, -0.24213]
						},
						"2.5333": {
							"vector": [1.02027, 2.99764, 0.75909]
						},
						"2.6667": {
							"vector": [0.71776, 3.01499, -0.24213]
						},
						"2.85": {
							"vector": [1.30006, 1.76492, 0.67639],
							"easing": "easeInSine"
						},
						"3.1167": {
							"vector": [0.3229, 0.48097, -1.03385]
						},
						"3.3": {
							"vector": [0, 0, 0],
							"easing": "easeOutSine"
						}
					}
				},
				"bipod": {
					"rotation": {
						"0.0": {
							"vector": [0, 0, 0]
						},
						"0.2167": {
							"vector": [4.25, 0, 0]
						},
						"0.4": {
							"vector": [-1.5, 0, 0]
						},
						"0.5167": {
							"vector": [1, 0, 0]
						},
						"0.6667": {
							"vector": [-0.25, 0, 0]
						},
						"0.8667": {
							"vector": [1.25, 0, 0]
						},
						"1.1167": {
							"vector": [0.5, 0, 0]
						},
						"1.2667": {
							"vector": [3.75, 0, 0]
						},
						"1.4167": {
							"vector": [-0.75, 0, 0]
						},
						"1.6333": {
							"vector": [3.25, 0, 0]
						},
						"1.8333": {
							"vector": [1.5, 0, 0]
						},
						"2.0667": {
							"vector": [3, 0, 0]
						},
						"2.2667": {
							"vector": [1.75, 0, 0]
						},
						"2.4": {
							"vector": [4.5, 0, 0]
						},
						"2.5667": {
							"vector": [1.75, 0, 0]
						},
						"2.7333": {
							"vector": [5.75, 0, 0]
						},
						"2.9": {
							"vector": [-2.23, 0, 0]
						},
						"3.0333": {
							"vector": [2.03, 0, 0]
						},
						"3.1667": {
							"vector": [1, 0, 0]
						},
						"3.3": {
							"vector": [0, 0, 0]
						}
					}
				}
			},
			"sound_effects": {
				"0.0": {
					"effect": "foley_start"
				},
				"0.5167": {
					"effect": "ggo_hecate_magout"
				},
				"1.9333": {
					"effect": "ggo_hecate_magin"
				},
				"2.6": {
					"effect": "inspect_down"
				}
			}
		},
		"animation.model.reloadoneleft": {
			"loop": true,
			"animation_length": 3.8667,
			"bones": {
				"main": {
					"rotation": {
						"0.0": {
							"vector": [0, 0, 0]
						},
						"0.4167": {
							"vector": [-25.2799, -9.77089, -16.4297],
							"easing": "easeInOutQuad"
						},
						"0.5167": {
							"vector": [-27.3042, -8.29191, -14.62012]
						},
						"0.7": {
							"vector": [-26.02329, -8.42401, -14.83566],
							"easing": "easeInSine"
						},
						"0.9167": {
							"vector": [-26.48275, -9.34922, -16.70491],
							"easing": "easeInOutSine"
						},
						"1.0667": {
							"vector": [-26.2211, -8.59496, -15.17979]
						},
						"1.1667": {
							"vector": [-25.63741, -9.46278, -17.92506]
						},
						"1.2667": {
							"vector": [-27.79696, -7.86082, -14.07695]
						},
						"1.3833": {
							"vector": [-28.21374, -9.49004, -16.84104],
							"easing": "easeOutSine"
						},
						"1.4833": {
							"vector": [-28.7485, -7.69971, -13.50926]
						},
						"1.7167": {
							"vector": [-24.98598, -6.79752, -13.65683],
							"easing": "easeInOutSine"
						},
						"2.0": {
							"vector": [-27.07426, -10.44988, -20.59255],
							"easing": "easeInOutSine"
						},
						"2.1833": {
							"vector": [-26.08295, -10.98711, -21.3715]
						},
						"2.2667": {
							"vector": [-25.92857, -11.59522, -21.36545]
						},
						"2.3667": {
							"vector": [-24.68822, -13.49735, -27.035]
						},
						"2.4833": {
							"vector": [-24.83219, -12.2503, -23.1027]
						},
						"2.8667": {
							"vector": [1.49336, -1.35424, 2.08865],
							"easing": "easeInSine"
						},
						"3.05": {
							"vector": [0.20109, 0.65551, -2.33353],
							"easing": "easeOutSine"
						},
						"3.3": {
							"vector": [0, 0, 0],
							"easing": "easeInOutSine"
						}
					},
					"position": {
						"0.0": {
							"vector": [0, 0, 0]
						},
						"0.1667": {
							"vector": [-0.31, 0.12, 3.72],
							"easing": "easeInSine"
						},
						"0.3667": {
							"vector": [-0.5, 0.445, 6.13],
							"easing": "easeOutSine"
						},
						"0.5167": {
							"vector": [-0.5, -1.35, 6.505],
							"easing": "easeOutSine"
						},
						"0.8": {
							"vector": [-0.5, -0.51, 5.925],
							"easing": "easeOutSine"
						},
						"1.15": {
							"vector": [-0.5, -0.275, 6.53],
							"easing": "easeInOutQuad"
						},
						"1.2667": {
							"vector": [-0.7, -1.3, 6.13]
						},
						"1.4667": {
							"vector": [-0.7, -0.545, 6.33]
						},
						"1.6333": {
							"vector": [-0.7, -0.45, 6.505],
							"easing": "easeInOutSine"
						},
						"1.9167": {
							"vector": [-0.5, -0.7, 6.13],
							"easing": "easeOutSine"
						},
						"2.1667": {
							"vector": [-0.5, 0.1, 6.13],
							"easing": "linear"
						},
						"2.3333": {
							"vector": [-0.5, 0.35, 6.88]
						},
						"2.4333": {
							"vector": [-0.5, -1.1, 6.88]
						},
						"2.5667": {
							"vector": [-0.38, -0.325, 5.86]
						},
						"2.8833": {
							"vector": [-0.15, -1.07, 0.69],
							"easing": "easeInOutSine"
						},
						"3.0": {
							"vector": [0, -0.15, 0.375],
							"easing": "easeInSine"
						},
						"3.15": {
							"vector": [0, -0.225, -0.45],
							"easing": "easeOutSine"
						},
						"3.3": {
							"vector": [0, 0, 0],
							"easing": "easeOutSine"
						}
					}
				},
				"magazine": {
					"rotation": {
						"0.0": {
							"vector": [0, 0, 0]
						},
						"1.2167": {
							"vector": [0, 0, 0]
						},
						"1.3167": {
							"vector": [0, 0, -4.25]
						},
						"1.6": {
							"vector": [19.68739, 1.60348, -8.72175]
						},
						"1.9": {
							"vector": [19.68739, 1.60348, -8.72175]
						},
						"2.1833": {
							"vector": [0, 0, -4.25],
							"easing": "easeOutSine"
						},
						"2.3167": {
							"vector": [0, 0, -0.13]
						},
						"2.4": {
							"vector": [0, 0, 0]
						}
					},
					"position": {
						"0.0": {
							"vector": [0, 0, 0]
						},
						"0.7": {
							"vector": [0, 0, 0]
						},
						"0.7833": {
							"vector": [0, -1.425, 0]
						},
						"1.0333": {
							"vector": [0, -1.695, 0],
							"easing": "easeInOutSine"
						},
						"1.1": {
							"vector": [0, -1.695, 0],
							"easing": "easeInOutSine"
						},
						"1.2167": {
							"vector": [0, -7.065, 0]
						},
						"1.3167": {
							"vector": [0.35, -8.17, 0]
						},
						"1.6": {
							"vector": [4.35, -46.22, 21.75]
						},
						"1.9": {
							"vector": [4.35, -46.22, 21.75]
						},
						"2.1833": {
							"vector": [0.26292, -6.99823, 0],
							"easing": "easeOutSine"
						},
						"2.3167": {
							"vector": [0.10828, -6.59933, 0]
						},
						"2.4": {
							"vector": [0, 0, 0]
						}
					}
				},
				"leftarm": {
					"rotation": {
						"0.0": {
							"vector": [0, 0, 0]
						},
						"0.1833": {
							"vector": [-4.95231, -8.06898, 4.37709]
						},
						"0.4": {
							"vector": [-4.95231, -8.06898, 4.37709]
						},
						"0.5667": {
							"vector": [-11.13843, -2.74421, 9.15796]
						},
						"0.6667": {
							"vector": [-11.13843, -2.74421, 9.15796]
						},
						"0.7667": {
							"vector": [-6.06901, -11.58642, 0.63204]
						},
						"0.8333": {
							"vector": [-6.06901, -11.58642, 0.63204]
						},
						"1.0333": {
							"vector": [-4.95231, -8.06898, 4.37709],
							"easing": "easeOutSine"
						},
						"1.1": {
							"vector": [-5.06199, -7.01531, 5.45033]
						},
						"1.2167": {
							"vector": [-4.95231, -8.06898, 4.37709]
						},
						"1.3167": {
							"vector": [-4.67014, -4.49708, 0.86637]
						},
						"2.1833": {
							"vector": [-5.09411, -6.66365, 5.80722],
							"easing": "easeOutSine"
						},
						"2.3167": {
							"vector": [-4.79473, -4.52125, 2.99003]
						},
						"2.4": {
							"vector": [-8.29473, -4.52125, 2.99003]
						},
						"2.6167": {
							"vector": [-8.29473, -4.52125, 2.99003]
						},
						"2.9167": {
							"vector": [0, 0, 0]
						}
					},
					"position": {
						"0.0": {
							"vector": [0, 0, 0]
						},
						"0.1833": {
							"vector": [-1.665, -8.33, 12.215]
						},
						"0.4": {
							"vector": [-1.665, -8.33, 12.215]
						},
						"0.5667": {
							"vector": [-1.67, -6.455, 15.42]
						},
						"0.6667": {
							"vector": [-1.67, -6.455, 15.42]
						},
						"0.7667": {
							"vector": [-1.67, -6.46, 16.545]
						},
						"0.8333": {
							"vector": [-1.67, -6.46, 16.545]
						},
						"1.0333": {
							"vector": [-1.665, -9.53, 11.715],
							"easing": "easeOutSine"
						},
						"1.1": {
							"vector": [-1.665, -9.53, 11.715]
						},
						"1.2167": {
							"vector": [-1.67, -14.78, 11.71]
						},
						"1.3167": {
							"vector": [-0.47, -16.38, 11.71]
						},
						"1.6": {
							"vector": [2.48, -49.53, 32.56]
						},
						"1.9": {
							"vector": [2.48, -49.53, 32.56]
						},
						"2.1833": {
							"vector": [-1.67, -14.78, 11.71],
							"easing": "easeOutSine"
						},
						"2.3167": {
							"vector": [-1.245, -13.855, 11.71]
						},
						"2.4": {
							"vector": [-0.84, -7, 11.71]
						},
						"2.6167": {
							"vector": [-0.84, -7, 11.71]
						},
						"2.9167": {
							"vector": [0, 0, 0]
						}
					}
				},
				"_camera_": {
					"rotation": {
						"0.0": {
							"vector": [0, 0, 0]
						},
						"0.2833": {
							"vector": [-0.98215, 2.02177, 0.50664],
							"easing": "easeInOutSine"
						},
						"0.4667": {
							"vector": [0.48247, 2.0305, -0.49395],
							"easing": "easeInOutSine"
						},
						"0.6": {
							"vector": [0.25363, 2.02472, 1.11419]
						},
						"0.7": {
							"vector": [0.03556, 2.0259, 1.00697]
						},
						"0.8667": {
							"vector": [0.01631, 2.20469, 0.50672]
						},
						"1.1667": {
							"vector": [0.03557, 2.5259, 1.00729]
						},
						"1.3333": {
							"vector": [1.29658, 2.52026, 1.25746],
							"easing": "easeInOutSine"
						},
						"1.4833": {
							"vector": [0.72193, 2.52458, 0.22698]
						},
						"1.9": {
							"vector": [0.29651, 2.01154, 1.25475],
							"easing": "easeInOutSine"
						},
						"2.1833": {
							"vector": [0.00726, 3.01516, 0.50891],
							"easing": "easeInOutSine"
						},
						"2.3": {
							"vector": [0.04676, 3.0148, 1.25994]
						},
						"2.4": {
							"vector": [1.21776, 3.01499, -0.24213]
						},
						"2.5333": {
							"vector": [1.02027, 2.99764, 0.75909]
						},
						"2.6667": {
							"vector": [0.71776, 3.01499, -0.24213]
						},
						"2.85": {
							"vector": [1.30006, 1.76492, 0.67639],
							"easing": "easeInSine"
						},
						"3.1167": {
							"vector": [0.3229, 0.48097, -1.03385]
						},
						"3.3": {
							"vector": [0, 0, 0],
							"easing": "easeOutSine"
						}
					}
				},
				"bipod": {
					"rotation": {
						"0.0": {
							"vector": [0, 0, 0]
						},
						"0.2167": {
							"vector": [4.25, 0, 0]
						},
						"0.4": {
							"vector": [-1.5, 0, 0]
						},
						"0.5167": {
							"vector": [1, 0, 0]
						},
						"0.6667": {
							"vector": [-0.25, 0, 0]
						},
						"0.8667": {
							"vector": [1.25, 0, 0]
						},
						"1.1167": {
							"vector": [0.5, 0, 0]
						},
						"1.2667": {
							"vector": [3.75, 0, 0]
						},
						"1.4167": {
							"vector": [-0.75, 0, 0]
						},
						"1.6333": {
							"vector": [3.25, 0, 0]
						},
						"1.8333": {
							"vector": [1.5, 0, 0]
						},
						"2.0667": {
							"vector": [3, 0, 0]
						},
						"2.2667": {
							"vector": [1.75, 0, 0]
						},
						"2.4": {
							"vector": [4.5, 0, 0]
						},
						"2.5667": {
							"vector": [1.75, 0, 0]
						},
						"2.7333": {
							"vector": [5.75, 0, 0]
						},
						"2.9": {
							"vector": [-2.23, 0, 0]
						},
						"3.0333": {
							"vector": [2.03, 0, 0]
						},
						"3.1667": {
							"vector": [1, 0, 0]
						},
						"3.3": {
							"vector": [0, 0, 0]
						}
					}
				},
				"bullet2": {
					"scale": {
						"0.0": {
							"vector": [0, 0, 0]
						},
						"1.75": {
							"vector": [0, 0, 0]
						},
						"1.7833": {
							"vector": [1, 1, 1]
						}
					}
				}
			},
			"sound_effects": {
				"0.0": {
					"effect": "foley_start"
				},
				"0.5167": {
					"effect": "ggo_hecate_magout"
				},
				"1.9333": {
					"effect": "ggo_hecate_magin"
				},
				"2.6": {
					"effect": "inspect_down"
				}
			}
		},
		"animation.model.inspect": {
			"loop": true,
			"animation_length": 5.35,
			"bones": {
				"main": {
					"rotation": {
						"0.0": {
							"vector": [0, 0, 0]
						},
						"0.4": {
							"vector": [-6.07167, -33.2654, -14.89328],
							"easing": "easeInOutSine"
						},
						"0.5167": {
							"vector": [-6.7508, -35.0102, -11.43687]
						},
						"0.7167": {
							"vector": [-7.52963, -34.27578, -13.23918],
							"easing": "easeInOutSine"
						},
						"0.9": {
							"vector": [-7.449, -34.07199, -12.22797]
						},
						"1.1667": {
							"vector": [-6.45516, -34.49841, -14.65436],
							"easing": "easeInOutSine"
						},
						"1.4333": {
							"vector": [-6.84519, -34.34768, -13.76369]
						},
						"1.6667": {
							"vector": [-6.20516, -34.49841, -14.65436],
							"easing": "easeInOutSine"
						},
						"2.1833": {
							"vector": [-10.7539, 1.85873, 43.86532],
							"easing": "easeInOutSine"
						},
						"2.5": {
							"vector": [-13.42851, 1.80292, 46.70984],
							"easing": "easeOutSine"
						},
						"2.6333": {
							"vector": [-13.00158, 1.0974, 43.92545],
							"easing": "easeOutSine"
						},
						"2.75": {
							"vector": [-13.46804, 1.48677, 45.40378],
							"easing": "easeInOutSine"
						},
						"2.9667": {
							"vector": [-12.99975, 1.12581, 44.02453],
							"easing": "easeOutSine"
						},
						"3.2667": {
							"vector": [-13.20516, 2.19574, 46.37868],
							"easing": "easeInOutSine"
						},
						"3.5833": {
							"vector": [-12.99224, 2.64341, 45.88981],
							"easing": "easeInOutSine"
						},
						"3.8333": {
							"vector": [-13.08887, 3.51483, 48.69647]
						},
						"3.9667": {
							"vector": [-13.42127, 3.55937, 47.75599]
						},
						"4.05": {
							"vector": [-12.26345, 4.10562, 50.06828]
						},
						"4.15": {
							"vector": [-12.44402, 3.45759, 47.33301]
						},
						"4.2333": {
							"vector": [-11.48932, 1.88031, 36.45471]
						},
						"4.3833": {
							"vector": [-8.89496, 1.88422, 38.99484]
						},
						"4.7333": {
							"vector": [1.49336, -1.35424, 2.08865]
						},
						"4.8333": {
							"vector": [0.20109, 0.65551, -2.33353],
							"easing": "easeOutSine"
						},
						"4.95": {
							"vector": [-0.0691, 0.03793, 0.70671],
							"easing": "easeInOutSine"
						},
						"5.05": {
							"vector": [0, 0, 0],
							"easing": "easeOutSine"
						}
					},
					"position": {
						"0.0": {
							"vector": [0, 0, 0]
						},
						"0.1667": {
							"vector": [0, -3.875, 0.12],
							"easing": "linear"
						},
						"0.4": {
							"vector": [-3, -1.75, -3.525],
							"easing": "easeInOutSine"
						},
						"0.55": {
							"vector": [-3, -2.325, -3.52],
							"easing": "easeOutSine"
						},
						"0.8667": {
							"vector": [-3, -1.85, -3.52],
							"easing": "easeInOutSine"
						},
						"1.7": {
							"vector": [-3, -2, -2.975],
							"easing": "easeOutSine"
						},
						"1.9333": {
							"vector": [5.9, -4.025, -1.52],
							"easing": "easeInSine"
						},
						"2.2667": {
							"vector": [9.4, -2.2, -0.52],
							"easing": "easeOutSine"
						},
						"2.5167": {
							"vector": [9.4, -2.01, -0.79]
						},
						"2.6167": {
							"vector": [9.4, -1.97, -0.455],
							"easing": "easeInOutSine"
						},
						"2.7667": {
							"vector": [9.4, -2.105, -1.32]
						},
						"3.0667": {
							"vector": [9.4, -1.94, -1.395]
						},
						"3.4667": {
							"vector": [9.4, -2.725, -0.095],
							"easing": "easeInSine"
						},
						"3.95": {
							"vector": [9.4, -2, 0.705],
							"easing": "easeOutSine"
						},
						"4.05": {
							"vector": [9.4, -2.11, 0.06]
						},
						"4.2": {
							"vector": [9.4, -2.33, 0.42],
							"easing": "easeInOutSine"
						},
						"4.5167": {
							"vector": [5.36, -5, 2.48],
							"easing": "easeInSine"
						},
						"4.75": {
							"vector": [-0.15, -1.07, 0.69],
							"easing": "easeInOutSine"
						},
						"4.8333": {
							"vector": [0, -0.15, 0.375],
							"easing": "easeInSine"
						},
						"4.95": {
							"vector": [0, -0.225, -0.45],
							"easing": "easeOutSine"
						},
						"5.05": {
							"vector": [0, 0, 0],
							"easing": "easeOutSine"
						}
					}
				},
				"leftarm": {
					"rotation": {
						"0.0": {
							"vector": [0, 0, 0]
						},
						"0.4833": {
							"vector": [-19.66935, 13.26626, 1.13179]
						},
						"1.7333": {
							"vector": [-19.66935, 13.26626, 1.13179]
						},
						"2.0833": {
							"vector": [-27.79035, -3.03118, -40.0446]
						},
						"3.3": {
							"vector": [-27.79035, -3.03118, -40.0446]
						},
						"3.5333": {
							"vector": [-27.8212, 0.1412, -47.66131]
						},
						"4.3333": {
							"vector": [-27.8212, 0.1412, -47.66131]
						},
						"4.75": {
							"vector": [0, 0, 0]
						}
					},
					"position": {
						"0.0": {
							"vector": [0, 0, 0]
						},
						"0.4833": {
							"vector": [6.72331, -7.17434, -0.92275]
						},
						"1.7333": {
							"vector": [6.72331, -7.17434, -0.92275]
						},
						"2.0833": {
							"vector": [16.70621, 10.89734, 0.04882]
						},
						"3.3": {
							"vector": [16.70621, 10.89734, 0.04882]
						},
						"3.5333": {
							"vector": [17.76332, 14.87054, -0.81804]
						},
						"4.3333": {
							"vector": [17.76332, 14.87054, -0.81804]
						},
						"4.5833": {
							"vector": [8.29724, 2.42756, -4.21426]
						},
						"4.75": {
							"vector": [0, 0, 0]
						}
					},
					"scale": {
						"0.0": {
							"vector": [1, 1, 1]
						},
						"0.4833": {
							"vector": [1.2, 1.2, 1.2]
						},
						"1.7333": {
							"vector": [1.2, 1.2, 1.2]
						},
						"4.3333": {
							"vector": [1.2, 1.2, 1.2]
						},
						"4.75": {
							"vector": [1, 1, 1]
						}
					}
				},
				"action": {
					"position": {
						"0.0": {
							"vector": [0, 0, 0]
						},
						"3.5833": {
							"vector": [0, 0, 0]
						},
						"3.6833": {
							"vector": [0, 0, 4],
							"easing": "easeInSine"
						},
						"3.9833": {
							"vector": [0, 0, 4],
							"easing": "easeInSine"
						},
						"4.0167": {
							"vector": [0, 0, 0],
							"easing": "easeInSine"
						}
					}
				},
				"bipod": {
					"rotation": {
						"0.0": {
							"vector": [0, 0, 0]
						},
						"0.2167": {
							"vector": [1.75, 0, 0]
						},
						"0.4667": {
							"vector": [-1.5, 0, 0]
						},
						"0.5667": {
							"vector": [2.25, 0, 0]
						},
						"0.7333": {
							"vector": [-1.5, 0, 0]
						},
						"0.95": {
							"vector": [0.75, 0, 0]
						},
						"1.1833": {
							"vector": [0, 0, 0]
						},
						"1.5333": {
							"vector": [0.5, 0, 0]
						},
						"1.9167": {
							"vector": [-0.5, 0, 0]
						},
						"2.2": {
							"vector": [2.03, 0, 0]
						},
						"2.3833": {
							"vector": [-2.26, 0, 0]
						},
						"2.5167": {
							"vector": [-1.5, 0, 0]
						},
						"2.6167": {
							"vector": [0, 0, 0]
						},
						"2.8": {
							"vector": [-1.5, 0, 0]
						},
						"3.0333": {
							"vector": [-0.25, 0, 0]
						},
						"3.2667": {
							"vector": [0, 0, 0]
						},
						"3.6167": {
							"vector": [0.25, 0, 0]
						},
						"4.05": {
							"vector": [-0.25, 0, 0]
						},
						"4.15": {
							"vector": [2.25, 0, 0]
						},
						"4.3333": {
							"vector": [-2.5, 0, 0]
						},
						"4.5667": {
							"vector": [-0.25, 0, 0]
						},
						"4.8": {
							"vector": [0, 0, 0]
						},
						"5.0": {
							"vector": [0, 0, 0]
						}
					}
				},
				"boltaction": {
					"rotation": {
						"vector": [0, 0, 0]
					},
					"position": {
						"2.55": {
							"vector": [0, 0, 0]
						},
						"2.6333": {
							"vector": [0, 0, 7.775]
						},
						"2.8167": {
							"vector": [0, 0, 7.775]
						},
						"3.9833": {
							"vector": [0, 0, 7.775]
						},
						"4.1167": {
							"vector": [0, 0, 0]
						}
					}
				},
				"boltaction2": {
					"rotation": {
						"2.3667": {
							"vector": [0, 0, 0]
						},
						"2.4333": {
							"vector": [0, 0, 75]
						},
						"2.4833": {
							"vector": [0, 0, 75]
						},
						"4.2": {
							"vector": [0, 0, 75]
						},
						"4.2833": {
							"vector": [0, 0, 0]
						}
					},
					"position": {
						"vector": [0, 0, 0]
					}
				},
				"bullet": {
					"position": {
						"vector": [0, 0, -2.45]
					}
				},
				"rightarm": {
					"rotation": {
						"0.0": {
							"vector": [0, 0, 0]
						},
						"2.1": {
							"vector": [0, 0, 0]
						},
						"2.3667": {
							"vector": [-44.36258, 20.29076, -3.62826]
						},
						"2.4333": {
							"vector": [-32.82953, 42.1634, 19.0591]
						},
						"2.55": {
							"vector": [-32.82953, 42.1634, 19.0591]
						},
						"2.6333": {
							"vector": [-31.83384, 52.9031, 21.63324]
						},
						"3.1167": {
							"vector": [-31.83384, 52.9031, 21.63324]
						},
						"3.3333": {
							"vector": [-30.61954, 57.65428, 28.18461]
						},
						"3.9833": {
							"vector": [-30.61954, 57.65428, 28.18461]
						},
						"4.1167": {
							"vector": [-32.82953, 42.1634, 19.0591]
						},
						"4.2": {
							"vector": [-32.82953, 42.1634, 19.0591]
						},
						"4.2833": {
							"vector": [-44.36258, 20.29076, -3.62826]
						},
						"4.4": {
							"vector": [-44.36258, 20.29076, -3.62826]
						},
						"4.7": {
							"vector": [0, 0, 0]
						}
					},
					"position": {
						"0.0": {
							"vector": [0, 0, 0]
						},
						"2.1": {
							"vector": [0, 0, 0]
						},
						"2.2333": {
							"vector": [-2.24238, -7.99091, -7.91996]
						},
						"2.3667": {
							"vector": [0.25727, -11.49809, -16.81008]
						},
						"2.4333": {
							"vector": [-0.72707, -2.75139, -14.73981]
						},
						"2.55": {
							"vector": [-0.72707, -2.75139, -14.73981]
						},
						"2.6333": {
							"vector": [0.62637, -4.03538, -7.11159]
						},
						"3.1167": {
							"vector": [0.62637, -4.03538, -7.11159]
						},
						"3.3333": {
							"vector": [-0.62, -4.04, -7.11]
						},
						"3.9833": {
							"vector": [-0.62, -4.04, -7.11]
						},
						"4.1167": {
							"vector": [-0.72707, -2.75139, -14.73981]
						},
						"4.2": {
							"vector": [-0.72707, -2.75139, -14.73981]
						},
						"4.2833": {
							"vector": [0.25727, -11.49809, -16.81008]
						},
						"4.4": {
							"vector": [0.25727, -11.49809, -16.81008]
						},
						"4.5667": {
							"vector": [-2.24238, -7.99091, -7.91996]
						},
						"4.7": {
							"vector": [0, 0, 0]
						}
					}
				},
				"_camera_": {
					"rotation": {
						"0.0": {
							"vector": [0, 0, 0]
						},
						"0.2": {
							"vector": [2.72303, 1.56032, -0.29295],
							"easing": "easeInOutSine"
						},
						"0.4": {
							"vector": [1.78132, 2.98495, 0.47747],
							"easing": "easeOutSine"
						},
						"0.55": {
							"vector": [2.30731, 2.95186, 0.97716]
						},
						"1.2": {
							"vector": [3.43771, 4.79201, -0.45452],
							"easing": "easeInOutSine"
						},
						"1.7167": {
							"vector": [4.48869, 5.5143, 0.10223],
							"easing": "easeInSine"
						},
						"2.15": {
							"vector": [2.69888, 1.40698, 0.29751],
							"easing": "easeInOutSine"
						},
						"2.3833": {
							"vector": [2.82346, 0.44333, -0.23978]
						},
						"2.5667": {
							"vector": [3.0094, 0.38169, 0.97608]
						},
						"2.7": {
							"vector": [3.19023, 0.48087, -0.73851],
							"easing": "easeOutSine"
						},
						"2.8833": {
							"vector": [3.08452, 0.38729, 0.98256]
						},
						"3.1333": {
							"vector": [2.85245, 0.4031, 0.59832]
						},
						"3.6": {
							"vector": [3.20677, -0.07399, 0.23204]
						},
						"3.8667": {
							"vector": [3.51065, -0.05201, -0.16021],
							"easing": "easeInOutSine"
						},
						"4.0167": {
							"vector": [3.34977, -0.06365, 0.04745]
						},
						"4.1167": {
							"vector": [3.20553, -0.11594, 0.98086]
						},
						"4.25": {
							"vector": [2.6265, 0.30851, -0.50093]
						},
						"4.4167": {
							"vector": [2.34665, 0.19294, 0.86053]
						},
						"4.65": {
							"vector": [1.24924, -0.00333, 0.0435],
							"easing": "easeInSine"
						},
						"4.8": {
							"vector": [0.44096, -0.01383, 0.51626]
						},
						"4.9833": {
							"vector": [0, 0, 0],
							"easing": "easeOutSine"
						}
					}
				}
			},
			"sound_effects": {
				"0.0": {
					"effect": "foley_start"
				},
				"1.5": {
					"effect": "inspect_turn"
				},
				"2.2167": {
					"effect": "ggo_hecate_boltback"
				},
				"3.8833": {
					"effect": "ggo_hecate_boltforward"
				},
				"4.4833": {
					"effect": "inspect_down"
				}
			}
		},
		"animation.model.inspectoneleft": {
			"loop": true,
			"animation_length": 5.35,
			"bones": {
				"main": {
					"rotation": {
						"0.0": {
							"vector": [0, 0, 0]
						},
						"0.4": {
							"vector": [-6.07167, -33.2654, -14.89328],
							"easing": "easeInOutSine"
						},
						"0.5167": {
							"vector": [-6.7508, -35.0102, -11.43687]
						},
						"0.7167": {
							"vector": [-7.52963, -34.27578, -13.23918],
							"easing": "easeInOutSine"
						},
						"0.9": {
							"vector": [-7.449, -34.07199, -12.22797]
						},
						"1.1667": {
							"vector": [-6.45516, -34.49841, -14.65436],
							"easing": "easeInOutSine"
						},
						"1.4333": {
							"vector": [-6.84519, -34.34768, -13.76369]
						},
						"1.6667": {
							"vector": [-6.20516, -34.49841, -14.65436],
							"easing": "easeInOutSine"
						},
						"2.1833": {
							"vector": [-10.7539, 1.85873, 43.86532],
							"easing": "easeInOutSine"
						},
						"2.5": {
							"vector": [-13.42851, 1.80292, 46.70984],
							"easing": "easeOutSine"
						},
						"2.6333": {
							"vector": [-13.00158, 1.0974, 43.92545],
							"easing": "easeOutSine"
						},
						"2.75": {
							"vector": [-13.46804, 1.48677, 45.40378],
							"easing": "easeInOutSine"
						},
						"2.9667": {
							"vector": [-12.99975, 1.12581, 44.02453],
							"easing": "easeOutSine"
						},
						"3.2667": {
							"vector": [-13.20516, 2.19574, 46.37868],
							"easing": "easeInOutSine"
						},
						"3.5833": {
							"vector": [-12.99224, 2.64341, 45.88981],
							"easing": "easeInOutSine"
						},
						"3.8333": {
							"vector": [-13.08887, 3.51483, 48.69647]
						},
						"3.9667": {
							"vector": [-13.42127, 3.55937, 47.75599]
						},
						"4.05": {
							"vector": [-12.26345, 4.10562, 50.06828]
						},
						"4.15": {
							"vector": [-12.44402, 3.45759, 47.33301]
						},
						"4.2333": {
							"vector": [-11.48932, 1.88031, 36.45471]
						},
						"4.3833": {
							"vector": [-8.89496, 1.88422, 38.99484]
						},
						"4.7333": {
							"vector": [1.49336, -1.35424, 2.08865]
						},
						"4.8333": {
							"vector": [0.20109, 0.65551, -2.33353],
							"easing": "easeOutSine"
						},
						"4.95": {
							"vector": [-0.0691, 0.03793, 0.70671],
							"easing": "easeInOutSine"
						},
						"5.05": {
							"vector": [0, 0, 0],
							"easing": "easeOutSine"
						}
					},
					"position": {
						"0.0": {
							"vector": [0, 0, 0]
						},
						"0.1667": {
							"vector": [0, -3.875, 0.12],
							"easing": "linear"
						},
						"0.4": {
							"vector": [-3, -1.75, -3.525],
							"easing": "easeInOutSine"
						},
						"0.55": {
							"vector": [-3, -2.325, -3.52],
							"easing": "easeOutSine"
						},
						"0.8667": {
							"vector": [-3, -1.85, -3.52],
							"easing": "easeInOutSine"
						},
						"1.7": {
							"vector": [-3, -2, -2.975],
							"easing": "easeOutSine"
						},
						"1.9333": {
							"vector": [5.9, -4.025, -1.52],
							"easing": "easeInSine"
						},
						"2.2667": {
							"vector": [9.4, -2.2, -0.52],
							"easing": "easeOutSine"
						},
						"2.5167": {
							"vector": [9.4, -2.01, -0.79]
						},
						"2.6167": {
							"vector": [9.4, -1.97, -0.455],
							"easing": "easeInOutSine"
						},
						"2.7667": {
							"vector": [9.4, -2.105, -1.32]
						},
						"3.0667": {
							"vector": [9.4, -1.94, -1.395]
						},
						"3.4667": {
							"vector": [9.4, -2.725, -0.095],
							"easing": "easeInSine"
						},
						"3.95": {
							"vector": [9.4, -2, 0.705],
							"easing": "easeOutSine"
						},
						"4.05": {
							"vector": [9.4, -2.11, 0.06]
						},
						"4.2": {
							"vector": [9.4, -2.33, 0.42],
							"easing": "easeInOutSine"
						},
						"4.5167": {
							"vector": [5.36, -5, 2.48],
							"easing": "easeInSine"
						},
						"4.75": {
							"vector": [-0.15, -1.07, 0.69],
							"easing": "easeInOutSine"
						},
						"4.8333": {
							"vector": [0, -0.15, 0.375],
							"easing": "easeInSine"
						},
						"4.95": {
							"vector": [0, -0.225, -0.45],
							"easing": "easeOutSine"
						},
						"5.05": {
							"vector": [0, 0, 0],
							"easing": "easeOutSine"
						}
					}
				},
				"leftarm": {
					"rotation": {
						"0.0": {
							"vector": [0, 0, 0]
						},
						"0.4833": {
							"vector": [-19.66935, 13.26626, 1.13179]
						},
						"1.7333": {
							"vector": [-19.66935, 13.26626, 1.13179]
						},
						"2.0833": {
							"vector": [-27.79035, -3.03118, -40.0446]
						},
						"3.3": {
							"vector": [-27.79035, -3.03118, -40.0446]
						},
						"3.5333": {
							"vector": [-27.8212, 0.1412, -47.66131]
						},
						"4.3333": {
							"vector": [-27.8212, 0.1412, -47.66131]
						},
						"4.75": {
							"vector": [0, 0, 0]
						}
					},
					"position": {
						"0.0": {
							"vector": [0, 0, 0]
						},
						"0.4833": {
							"vector": [6.72331, -7.17434, -0.92275]
						},
						"1.7333": {
							"vector": [6.72331, -7.17434, -0.92275]
						},
						"2.0833": {
							"vector": [16.70621, 10.89734, 0.04882]
						},
						"3.3": {
							"vector": [16.70621, 10.89734, 0.04882]
						},
						"3.5333": {
							"vector": [17.76332, 14.87054, -0.81804]
						},
						"4.3333": {
							"vector": [17.76332, 14.87054, -0.81804]
						},
						"4.5833": {
							"vector": [8.29724, 2.42756, -4.21426]
						},
						"4.75": {
							"vector": [0, 0, 0]
						}
					},
					"scale": {
						"0.0": {
							"vector": [1, 1, 1]
						},
						"0.4833": {
							"vector": [1.2, 1.2, 1.2]
						},
						"1.7333": {
							"vector": [1.2, 1.2, 1.2]
						},
						"4.3333": {
							"vector": [1.2, 1.2, 1.2]
						},
						"4.75": {
							"vector": [1, 1, 1]
						}
					}
				},
				"action": {
					"position": {
						"0.0": {
							"vector": [0, 0, 0]
						},
						"3.5833": {
							"vector": [0, 0, 0]
						},
						"3.6833": {
							"vector": [0, 0, 4],
							"easing": "easeInSine"
						},
						"3.9833": {
							"vector": [0, 0, 4],
							"easing": "easeInSine"
						},
						"4.0167": {
							"vector": [0, 0, 0],
							"easing": "easeInSine"
						}
					}
				},
				"bipod": {
					"rotation": {
						"0.0": {
							"vector": [0, 0, 0]
						},
						"0.2167": {
							"vector": [1.75, 0, 0]
						},
						"0.4667": {
							"vector": [-1.5, 0, 0]
						},
						"0.5667": {
							"vector": [2.25, 0, 0]
						},
						"0.7333": {
							"vector": [-1.5, 0, 0]
						},
						"0.95": {
							"vector": [0.75, 0, 0]
						},
						"1.1833": {
							"vector": [0, 0, 0]
						},
						"1.5333": {
							"vector": [0.5, 0, 0]
						},
						"1.9167": {
							"vector": [-0.5, 0, 0]
						},
						"2.2": {
							"vector": [2.03, 0, 0]
						},
						"2.3833": {
							"vector": [-2.26, 0, 0]
						},
						"2.5167": {
							"vector": [-1.5, 0, 0]
						},
						"2.6167": {
							"vector": [0, 0, 0]
						},
						"2.8": {
							"vector": [-1.5, 0, 0]
						},
						"3.0333": {
							"vector": [-0.25, 0, 0]
						},
						"3.2667": {
							"vector": [0, 0, 0]
						},
						"3.6167": {
							"vector": [0.25, 0, 0]
						},
						"4.05": {
							"vector": [-0.25, 0, 0]
						},
						"4.15": {
							"vector": [2.25, 0, 0]
						},
						"4.3333": {
							"vector": [-2.5, 0, 0]
						},
						"4.5667": {
							"vector": [-0.25, 0, 0]
						},
						"4.8": {
							"vector": [0, 0, 0]
						},
						"5.0": {
							"vector": [0, 0, 0]
						}
					}
				},
				"boltaction": {
					"rotation": {
						"vector": [0, 0, 0]
					},
					"position": {
						"2.55": {
							"vector": [0, 0, 0]
						},
						"2.6333": {
							"vector": [0, 0, 7.775]
						},
						"2.8167": {
							"vector": [0, 0, 7.775]
						},
						"3.9833": {
							"vector": [0, 0, 7.775]
						},
						"4.1167": {
							"vector": [0, 0, 0]
						}
					}
				},
				"boltaction2": {
					"rotation": {
						"2.3667": {
							"vector": [0, 0, 0]
						},
						"2.4333": {
							"vector": [0, 0, 75]
						},
						"2.4833": {
							"vector": [0, 0, 75]
						},
						"4.2": {
							"vector": [0, 0, 75]
						},
						"4.2833": {
							"vector": [0, 0, 0]
						}
					},
					"position": {
						"vector": [0, 0, 0]
					}
				},
				"bullet": {
					"position": {
						"vector": [0, 0, -2.45]
					}
				},
				"rightarm": {
					"rotation": {
						"0.0": {
							"vector": [0, 0, 0]
						},
						"2.1": {
							"vector": [0, 0, 0]
						},
						"2.3667": {
							"vector": [-44.36258, 20.29076, -3.62826]
						},
						"2.4333": {
							"vector": [-32.82953, 42.1634, 19.0591]
						},
						"2.55": {
							"vector": [-32.82953, 42.1634, 19.0591]
						},
						"2.6333": {
							"vector": [-31.83384, 52.9031, 21.63324]
						},
						"3.1167": {
							"vector": [-31.83384, 52.9031, 21.63324]
						},
						"3.3333": {
							"vector": [-30.61954, 57.65428, 28.18461]
						},
						"3.9833": {
							"vector": [-30.61954, 57.65428, 28.18461]
						},
						"4.1167": {
							"vector": [-32.82953, 42.1634, 19.0591]
						},
						"4.2": {
							"vector": [-32.82953, 42.1634, 19.0591]
						},
						"4.2833": {
							"vector": [-44.36258, 20.29076, -3.62826]
						},
						"4.4": {
							"vector": [-44.36258, 20.29076, -3.62826]
						},
						"4.7": {
							"vector": [0, 0, 0]
						}
					},
					"position": {
						"0.0": {
							"vector": [0, 0, 0]
						},
						"2.1": {
							"vector": [0, 0, 0]
						},
						"2.2333": {
							"vector": [-2.24238, -7.99091, -7.91996]
						},
						"2.3667": {
							"vector": [0.25727, -11.49809, -16.81008]
						},
						"2.4333": {
							"vector": [-0.72707, -2.75139, -14.73981]
						},
						"2.55": {
							"vector": [-0.72707, -2.75139, -14.73981]
						},
						"2.6333": {
							"vector": [0.62637, -4.03538, -7.11159]
						},
						"3.1167": {
							"vector": [0.62637, -4.03538, -7.11159]
						},
						"3.3333": {
							"vector": [-0.62, -4.04, -7.11]
						},
						"3.9833": {
							"vector": [-0.62, -4.04, -7.11]
						},
						"4.1167": {
							"vector": [-0.72707, -2.75139, -14.73981]
						},
						"4.2": {
							"vector": [-0.72707, -2.75139, -14.73981]
						},
						"4.2833": {
							"vector": [0.25727, -11.49809, -16.81008]
						},
						"4.4": {
							"vector": [0.25727, -11.49809, -16.81008]
						},
						"4.5667": {
							"vector": [-2.24238, -7.99091, -7.91996]
						},
						"4.7": {
							"vector": [0, 0, 0]
						}
					}
				},
				"_camera_": {
					"rotation": {
						"0.0": {
							"vector": [0, 0, 0]
						},
						"0.2": {
							"vector": [2.72303, 1.56032, -0.29295],
							"easing": "easeInOutSine"
						},
						"0.4": {
							"vector": [1.78132, 2.98495, 0.47747],
							"easing": "easeOutSine"
						},
						"0.55": {
							"vector": [2.30731, 2.95186, 0.97716]
						},
						"1.2": {
							"vector": [3.43771, 4.79201, -0.45452],
							"easing": "easeInOutSine"
						},
						"1.7167": {
							"vector": [4.48869, 5.5143, 0.10223],
							"easing": "easeInSine"
						},
						"2.15": {
							"vector": [2.69888, 1.40698, 0.29751],
							"easing": "easeInOutSine"
						},
						"2.3833": {
							"vector": [2.82346, 0.44333, -0.23978]
						},
						"2.5667": {
							"vector": [3.0094, 0.38169, 0.97608]
						},
						"2.7": {
							"vector": [3.19023, 0.48087, -0.73851],
							"easing": "easeOutSine"
						},
						"2.8833": {
							"vector": [3.08452, 0.38729, 0.98256]
						},
						"3.1333": {
							"vector": [2.85245, 0.4031, 0.59832]
						},
						"3.6": {
							"vector": [3.20677, -0.07399, 0.23204]
						},
						"3.8667": {
							"vector": [3.51065, -0.05201, -0.16021],
							"easing": "easeInOutSine"
						},
						"4.0167": {
							"vector": [3.34977, -0.06365, 0.04745]
						},
						"4.1167": {
							"vector": [3.20553, -0.11594, 0.98086]
						},
						"4.25": {
							"vector": [2.6265, 0.30851, -0.50093]
						},
						"4.4167": {
							"vector": [2.34665, 0.19294, 0.86053]
						},
						"4.65": {
							"vector": [1.24924, -0.00333, 0.0435],
							"easing": "easeInSine"
						},
						"4.8": {
							"vector": [0.44096, -0.01383, 0.51626]
						},
						"4.9833": {
							"vector": [0, 0, 0],
							"easing": "easeOutSine"
						}
					}
				},
				"bullet2": {
					"scale": {
						"vector": [0, 0, 0]
					}
				}
			},
			"sound_effects": {
				"0.0": {
					"effect": "foley_start"
				},
				"1.5": {
					"effect": "inspect_turn"
				},
				"2.2167": {
					"effect": "ggo_hecate_boltback"
				},
				"3.8833": {
					"effect": "ggo_hecate_boltforward"
				},
				"4.4833": {
					"effect": "inspect_down"
				}
			}
		},
		"animation.model.inspectempty": {
			"loop": true,
			"animation_length": 5.35,
			"bones": {
				"main": {
					"rotation": {
						"0.0": {
							"vector": [0, 0, 0]
						},
						"0.4": {
							"vector": [-6.07167, -33.2654, -14.89328],
							"easing": "easeInOutSine"
						},
						"0.5167": {
							"vector": [-6.7508, -35.0102, -11.43687]
						},
						"0.7167": {
							"vector": [-7.52963, -34.27578, -13.23918],
							"easing": "easeInOutSine"
						},
						"0.9": {
							"vector": [-7.449, -34.07199, -12.22797]
						},
						"1.1667": {
							"vector": [-6.45516, -34.49841, -14.65436],
							"easing": "easeInOutSine"
						},
						"1.6333": {
							"vector": [-5.40046, -33.75276, -14.75186],
							"easing": "easeOutSine"
						},
						"2.1833": {
							"vector": [-10.7539, 1.85873, 43.86532],
							"easing": "easeInOutSine"
						},
						"2.5": {
							"vector": [-13.42851, 1.80292, 46.70984],
							"easing": "easeOutSine"
						},
						"2.6333": {
							"vector": [-13.00158, 1.0974, 43.92545],
							"easing": "easeOutSine"
						},
						"2.75": {
							"vector": [-13.46804, 1.48677, 45.40378],
							"easing": "easeInOutSine"
						},
						"2.9667": {
							"vector": [-12.99975, 1.12581, 44.02453],
							"easing": "easeOutSine"
						},
						"3.2167": {
							"vector": [-13.20516, 2.19574, 46.37868],
							"easing": "easeInOutSine"
						},
						"3.3333": {
							"vector": [-13.21871, 1.89929, 44.5614]
						},
						"3.4667": {
							"vector": [-13.01897, 2.70561, 47.00142]
						},
						"3.5833": {
							"vector": [-12.99224, 2.64341, 45.88981],
							"easing": "easeInOutSine"
						},
						"3.8333": {
							"vector": [-13.08887, 3.51483, 48.69647]
						},
						"3.9667": {
							"vector": [-13.42127, 3.55937, 47.75599]
						},
						"4.05": {
							"vector": [-12.26345, 4.10562, 50.06828]
						},
						"4.15": {
							"vector": [-12.44402, 3.45759, 47.33301]
						},
						"4.2333": {
							"vector": [-11.48932, 1.88031, 36.45471]
						},
						"4.3833": {
							"vector": [-8.89496, 1.88422, 38.99484]
						},
						"4.7333": {
							"vector": [1.49336, -1.35424, 2.08865]
						},
						"4.8333": {
							"vector": [0.20109, 0.65551, -2.33353],
							"easing": "easeOutSine"
						},
						"4.95": {
							"vector": [-0.0691, 0.03793, 0.70671],
							"easing": "easeInOutSine"
						},
						"5.05": {
							"vector": [0, 0, 0],
							"easing": "easeOutSine"
						}
					},
					"position": {
						"0.0": {
							"vector": [0, 0, 0]
						},
						"0.1667": {
							"vector": [0, -3.875, 0.12],
							"easing": "linear"
						},
						"0.4": {
							"vector": [-3, -1.75, -3.525],
							"easing": "easeInOutSine"
						},
						"0.55": {
							"vector": [-3, -2.325, -3.52],
							"easing": "easeOutSine"
						},
						"0.8667": {
							"vector": [-3, -1.85, -3.52],
							"easing": "easeInOutSine"
						},
						"1.7": {
							"vector": [-3, -2, -2.975],
							"easing": "easeOutSine"
						},
						"1.9333": {
							"vector": [5.9, -4.025, -1.52],
							"easing": "easeInSine"
						},
						"2.2667": {
							"vector": [9.4, -2.2, -0.52],
							"easing": "easeOutSine"
						},
						"2.5167": {
							"vector": [9.4, -2.01, -0.79]
						},
						"2.6167": {
							"vector": [9.4, -1.97, -0.455],
							"easing": "easeInOutSine"
						},
						"2.7667": {
							"vector": [9.4, -2.105, -1.32]
						},
						"3.0667": {
							"vector": [9.4, -1.94, -1.395]
						},
						"3.4667": {
							"vector": [9.4, -2.725, -0.095],
							"easing": "easeInSine"
						},
						"3.95": {
							"vector": [9.4, -2, 0.705],
							"easing": "easeOutSine"
						},
						"4.05": {
							"vector": [9.4, -2.11, 0.06]
						},
						"4.2": {
							"vector": [9.4, -2.33, 0.42],
							"easing": "easeInOutSine"
						},
						"4.5167": {
							"vector": [5.36, -5, 2.48],
							"easing": "easeInSine"
						},
						"4.75": {
							"vector": [-0.15, -1.07, 0.69],
							"easing": "easeInOutSine"
						},
						"4.8333": {
							"vector": [0, -0.15, 0.375],
							"easing": "easeInSine"
						},
						"4.95": {
							"vector": [0, -0.225, -0.45],
							"easing": "easeOutSine"
						},
						"5.05": {
							"vector": [0, 0, 0],
							"easing": "easeOutSine"
						}
					}
				},
				"leftarm": {
					"rotation": {
						"0.0": {
							"vector": [0, 0, 0]
						},
						"0.4833": {
							"vector": [-19.66935, 13.26626, 1.13179]
						},
						"1.7333": {
							"vector": [-19.66935, 13.26626, 1.13179]
						},
						"2.0833": {
							"vector": [-27.79035, -3.03118, -40.0446]
						},
						"3.3": {
							"vector": [-27.79035, -3.03118, -40.0446]
						},
						"3.5333": {
							"vector": [-27.8212, 0.1412, -47.66131]
						},
						"4.3333": {
							"vector": [-27.8212, 0.1412, -47.66131]
						},
						"4.75": {
							"vector": [0, 0, 0]
						}
					},
					"position": {
						"0.0": {
							"vector": [0, 0, 0]
						},
						"0.4833": {
							"vector": [6.72331, -7.17434, -0.92275]
						},
						"1.7333": {
							"vector": [6.72331, -7.17434, -0.92275]
						},
						"2.0833": {
							"vector": [16.70621, 10.89734, 0.04882]
						},
						"3.3": {
							"vector": [16.70621, 10.89734, 0.04882]
						},
						"3.5333": {
							"vector": [17.76332, 14.87054, -0.81804]
						},
						"4.3333": {
							"vector": [17.76332, 14.87054, -0.81804]
						},
						"4.5833": {
							"vector": [8.29724, 2.42756, -4.21426]
						},
						"4.75": {
							"vector": [0, 0, 0]
						}
					},
					"scale": {
						"0.0": {
							"vector": [1, 1, 1]
						},
						"0.4833": {
							"vector": [1.2, 1.2, 1.2]
						},
						"1.7333": {
							"vector": [1.2, 1.2, 1.2]
						},
						"4.3333": {
							"vector": [1.2, 1.2, 1.2]
						},
						"4.75": {
							"vector": [1, 1, 1]
						}
					}
				},
				"action": {
					"position": {
						"0.0": {
							"vector": [0, 0, 0]
						},
						"3.5833": {
							"vector": [0, 0, 0]
						},
						"3.6833": {
							"vector": [0, 0, 4],
							"easing": "easeInSine"
						},
						"3.9833": {
							"vector": [0, 0, 4],
							"easing": "easeInSine"
						},
						"4.0167": {
							"vector": [0, 0, 0],
							"easing": "easeInSine"
						}
					}
				},
				"bipod": {
					"rotation": {
						"0.0": {
							"vector": [0, 0, 0]
						},
						"0.2167": {
							"vector": [1.75, 0, 0]
						},
						"0.4667": {
							"vector": [-1.5, 0, 0]
						},
						"0.5667": {
							"vector": [2.25, 0, 0]
						},
						"0.7333": {
							"vector": [-1.5, 0, 0]
						},
						"0.95": {
							"vector": [0.75, 0, 0]
						},
						"1.1833": {
							"vector": [0, 0, 0]
						},
						"1.5333": {
							"vector": [0.5, 0, 0]
						},
						"1.9167": {
							"vector": [-0.5, 0, 0]
						},
						"2.2": {
							"vector": [2.03, 0, 0]
						},
						"2.3833": {
							"vector": [-2.26, 0, 0]
						},
						"2.5167": {
							"vector": [-1.5, 0, 0]
						},
						"2.6167": {
							"vector": [0, 0, 0]
						},
						"2.8": {
							"vector": [-1.5, 0, 0]
						},
						"3.0333": {
							"vector": [-0.25, 0, 0]
						},
						"3.2667": {
							"vector": [0, 0, 0]
						},
						"3.6167": {
							"vector": [0.25, 0, 0]
						},
						"4.05": {
							"vector": [-0.25, 0, 0]
						},
						"4.15": {
							"vector": [2.25, 0, 0]
						},
						"4.3333": {
							"vector": [-2.5, 0, 0]
						},
						"4.5667": {
							"vector": [-0.25, 0, 0]
						},
						"4.8": {
							"vector": [0, 0, 0]
						},
						"5.0": {
							"vector": [0, 0, 0]
						}
					}
				},
				"boltaction": {
					"rotation": {
						"vector": [0, 0, 0]
					},
					"position": {
						"2.55": {
							"vector": [0, 0, 0]
						},
						"2.6333": {
							"vector": [0, 0, 7.775]
						},
						"2.8167": {
							"vector": [0, 0, 7.775]
						},
						"3.2": {
							"vector": [0, 0, 7.775]
						},
						"3.35": {
							"vector": [0, 0, 12.78]
						},
						"3.9833": {
							"vector": [0, 0, 12.78]
						},
						"4.1167": {
							"vector": [0, 0, 0]
						}
					}
				},
				"boltaction2": {
					"rotation": {
						"2.3667": {
							"vector": [0, 0, 0]
						},
						"2.4333": {
							"vector": [0, 0, 75]
						},
						"2.4833": {
							"vector": [0, 0, 75]
						},
						"4.2": {
							"vector": [0, 0, 75]
						},
						"4.2833": {
							"vector": [0, 0, 0]
						}
					},
					"position": {
						"vector": [0, 0, 0]
					}
				},
				"bullet": {
					"scale": {
						"vector": [0, 0, 0]
					}
				},
				"rightarm": {
					"rotation": {
						"0.0": {
							"vector": [0, 0, 0]
						},
						"2.1": {
							"vector": [0, 0, 0]
						},
						"2.3667": {
							"vector": [-44.36258, 20.29076, -3.62826]
						},
						"2.4333": {
							"vector": [-32.82953, 42.1634, 19.0591]
						},
						"2.55": {
							"vector": [-32.82953, 42.1634, 19.0591]
						},
						"2.6333": {
							"vector": [-31.83384, 52.9031, 21.63324]
						},
						"3.2": {
							"vector": [-31.83384, 52.9031, 21.63324]
						},
						"3.35": {
							"vector": [-30.61954, 57.65428, 28.18461]
						},
						"3.9833": {
							"vector": [-30.61954, 57.65428, 28.18461]
						},
						"4.1167": {
							"vector": [-32.82953, 42.1634, 19.0591]
						},
						"4.2": {
							"vector": [-32.82953, 42.1634, 19.0591]
						},
						"4.2833": {
							"vector": [-44.36258, 20.29076, -3.62826]
						},
						"4.4": {
							"vector": [-44.36258, 20.29076, -3.62826]
						},
						"4.7": {
							"vector": [0, 0, 0]
						}
					},
					"position": {
						"0.0": {
							"vector": [0, 0, 0]
						},
						"2.1": {
							"vector": [0, 0, 0]
						},
						"2.2333": {
							"vector": [-2.24238, -7.99091, -7.91996]
						},
						"2.3667": {
							"vector": [0.25727, -11.49809, -16.81008]
						},
						"2.4333": {
							"vector": [-0.72707, -2.75139, -14.73981]
						},
						"2.55": {
							"vector": [-0.72707, -2.75139, -14.73981]
						},
						"2.6333": {
							"vector": [0.62637, -4.03538, -7.11159]
						},
						"3.2": {
							"vector": [0.62637, -4.03538, -7.11159]
						},
						"3.35": {
							"vector": [-0.62, -4.04, -2.11]
						},
						"3.9833": {
							"vector": [-0.62, -4.04, -2.11]
						},
						"4.1167": {
							"vector": [-0.72707, -2.75139, -14.73981]
						},
						"4.2": {
							"vector": [-0.72707, -2.75139, -14.73981]
						},
						"4.2833": {
							"vector": [0.25727, -11.49809, -16.81008]
						},
						"4.4": {
							"vector": [0.25727, -11.49809, -16.81008]
						},
						"4.5667": {
							"vector": [-2.24238, -7.99091, -7.91996]
						},
						"4.7": {
							"vector": [0, 0, 0]
						}
					}
				},
				"_camera_": {
					"rotation": {
						"0.0": {
							"vector": [0, 0, 0]
						},
						"0.2": {
							"vector": [2.72303, 1.56032, -0.29295],
							"easing": "easeInOutSine"
						},
						"0.4": {
							"vector": [1.78132, 2.98495, 0.47747],
							"easing": "easeOutSine"
						},
						"0.55": {
							"vector": [2.30731, 2.95186, 0.97716]
						},
						"1.2": {
							"vector": [3.43771, 4.79201, -0.45452],
							"easing": "easeInOutSine"
						},
						"1.7167": {
							"vector": [4.48869, 5.5143, 0.10223],
							"easing": "easeInSine"
						},
						"2.15": {
							"vector": [2.69888, 1.40698, 0.29751],
							"easing": "easeInOutSine"
						},
						"2.3833": {
							"vector": [2.82346, 0.44333, -0.23978]
						},
						"2.5667": {
							"vector": [3.0094, 0.38169, 0.97608]
						},
						"2.7": {
							"vector": [3.19023, 0.48087, -0.73851],
							"easing": "easeOutSine"
						},
						"2.8833": {
							"vector": [3.08452, 0.38729, 0.98256]
						},
						"3.1333": {
							"vector": [2.85245, 0.4031, 0.59832]
						},
						"3.6": {
							"vector": [3.20677, -0.07399, 0.23204]
						},
						"3.8667": {
							"vector": [3.51065, -0.05201, -0.16021],
							"easing": "easeInOutSine"
						},
						"4.0167": {
							"vector": [3.34977, -0.06365, 0.04745]
						},
						"4.1167": {
							"vector": [3.20553, -0.11594, 0.98086]
						},
						"4.25": {
							"vector": [2.6265, 0.30851, -0.50093]
						},
						"4.4167": {
							"vector": [2.34665, 0.19294, 0.86053]
						},
						"4.65": {
							"vector": [1.24924, -0.00333, 0.0435],
							"easing": "easeInSine"
						},
						"4.8": {
							"vector": [0.44096, -0.01383, 0.51626]
						},
						"4.9833": {
							"vector": [0, 0, 0],
							"easing": "easeOutSine"
						}
					}
				},
				"bullet2": {
					"scale": {
						"vector": [0, 0, 0]
					}
				}
			},
			"sound_effects": {
				"0.0": {
					"effect": "foley_start"
				},
				"1.5": {
					"effect": "inspect_turn"
				},
				"2.2167": {
					"effect": "ggo_hecate_boltback"
				},
				"3.1": {
					"effect": "ggo_hecate_boltback2"
				},
				"3.8833": {
					"effect": "ggo_hecate_boltforward"
				},
				"4.4833": {
					"effect": "inspect_down"
				}
			}
		},
		"animation.model.running": {
			"loop": true,
			"animation_length": 0.6,
			"bones": {
				"main": {
					"rotation": {
						"0.0": {
							"vector": [-40.58192, -36.54879, 36.25147]
						},
						"0.1333": {
							"vector": [-38.56421, -29.56773, 36.97213],
							"easing": "easeInSine"
						},
						"0.2667": {
							"vector": [-30.77653, -32.30087, 25.42124],
							"easing": "easeOutSine"
						},
						"0.3167": {
							"vector": [-30.15653, -30.57694, 24.23273]
						},
						"0.45": {
							"vector": [-30.36922, -33.56286, 30.2421],
							"easing": "easeInSine"
						},
						"0.6": {
							"vector": [-40.58192, -36.54879, 36.25147],
							"easing": "easeOutSine"
						}
					},
					"position": {
						"0.0": {
							"vector": [-1, -10.125, 2.6]
						},
						"0.0833": {
							"vector": [-1.075, -11.6, 1.68]
						},
						"0.1333": {
							"vector": [-2.08, -13.12, 0.15]
						},
						"0.2667": {
							"vector": [-3.15, -9.745, -2.3]
						},
						"0.3167": {
							"vector": [-3.15, -10.995, -2.3]
						},
						"0.3667": {
							"vector": [-2.865, -12.085, -1.89]
						},
						"0.45": {
							"vector": [-2.13, -13.12, 0.02]
						},
						"0.55": {
							"vector": [-1, -9.175, 2.6]
						},
						"0.6": {
							"vector": [-1, -10.125, 2.6]
						}
					}
				}
			}
		},
		"animation.model.off_ground_sprinting": {
			"loop": true,
			"animation_length": 1.4667,
			"bones": {
				"main": {
					"rotation": {
						"0.0": {
							"vector": [-40.58192, -36.54879, 36.25147]
						},
						"0.5333": {
							"vector": [-39.4135, -31.36956, 38.60977]
						},
						"1.4667": {
							"vector": [-40.58192, -36.54879, 36.25147],
							"easing": "easeInOutSine"
						}
					},
					"position": {
						"0.0": {
							"vector": [-1, -10.125, -1.4]
						},
						"0.4667": {
							"vector": [-1.61, -14.755, -2.78],
							"easing": "easeInOutSine"
						},
						"0.8667": {
							"vector": [-2.08, -12.72, -3.85],
							"easing": "easeInOutSine"
						},
						"1.4667": {
							"vector": [-1, -10.125, -1.4],
							"easing": "easeInOutSine"
						}
					}
				}
			}
		},
		"animation.model.off_ground": {
			"loop": true,
			"animation_length": 0.1333,
			"bones": {
				"main": {
					"rotation": {
						"vector": [0, 0, 0]
					},
					"position": {
						"vector": [0, 0, 0]
					}
				}
			}
		},
		"animation.model.runningstart": {
			"animation_length": 0.45,
			"bones": {
				"main": {
					"rotation": {
						"0.0": {
							"vector": [0, 0, 0]
						},
						"0.45": {
							"vector": [-40.58192, -36.54879, 36.25147]
						}
					},
					"position": {
						"0.0": {
							"vector": [0, 0, 0]
						},
						"0.2667": {
							"vector": [0, -16.47, 3.11],
							"easing": "easeInSine"
						},
						"0.35": {
							"vector": [0, -12.65, 4.86]
						},
						"0.45": {
							"vector": [-1, -10.125, 2.6]
						}
					}
				}
			}
		},
		"animation.model.runningend": {
			"animation_length": 0.65,
			"bones": {
				"main": {
					"rotation": {
						"0.0": {
							"vector": [-40.58192, -36.54879, 36.25147],
							"easing": "easeOutSine"
						},
						"0.3333": {
							"vector": [0.5826, -2.79055, 2.63851],
							"easing": "easeInOutSine"
						},
						"0.55": {
							"vector": [0.32388, 0.39763, -2.15014]
						},
						"0.65": {
							"vector": [0, 0, 0]
						}
					},
					"position": {
						"0.0": {
							"vector": [-1, -10.125, 2.6]
						},
						"0.4": {
							"vector": [0.4, 0, -2.6]
						},
						"0.5": {
							"vector": [0.16, -0.15, 0.6]
						},
						"0.6": {
							"vector": [0, 0, 0]
						}
					}
				}
			}
		}
	},
	"geckolib_format_version": 2
}