{
	"format_version": "1.8.0",
	"animations": {
		"animation.model.draw": {
			"loop": true,
			"animation_length": 1.2,
			"bones": {
				"main": {
					"rotation": {
						"0.0": {
							"vector": [-17.60123, -38.99394, 92.01937]
						},
						"0.45": {
							"vector": [-1.30483, -2.62363, -1.25029],
							"easing": "easeInOutSine"
						},
						"0.55": {
							"vector": [-0.75664, -1.35424, 2.08865]
						},
						"0.7": {
							"vector": [-0.29883, 0.15563, -2.32219],
							"easing": "easeInOutSine"
						},
						"0.8167": {
							"vector": [0, 0, 0],
							"easing": "easeOutSine"
						}
					},
					"position": {
						"0.0": {
							"vector": [0, -17.3, 0]
						},
						"0.3833": {
							"vector": [-0.28, 0.155, -3.795],
							"easing": "easeInOutSine"
						},
						"0.5667": {
							"vector": [-0.15, -1.07, 0.69],
							"easing": "easeInOutSine"
						},
						"0.7167": {
							"vector": [0, -0.15, 0.375],
							"easing": "easeInOutSine"
						},
						"0.8167": {
							"vector": [0, 0, 0],
							"easing": "easeOutSine"
						}
					}
				},
				"leftarm": {
					"rotation": {
						"0.0": {
							"vector": [-22, 0, 0]
						},
						"0.2": {
							"vector": [-9.86493, 6.79237, -5.27728]
						},
						"0.8167": {
							"vector": [0, 0, 0],
							"easing": "easeInOutSine"
						}
					},
					"position": {
						"0.0": {
							"vector": [3.325, -2.275, 0]
						},
						"0.2": {
							"vector": [3.55, 0, 1.025]
						},
						"0.8167": {
							"vector": [0, 0, 0],
							"easing": "easeInOutSine"
						}
					}
				},
				"_camera_": {
					"rotation": {
						"0.0": {
							"vector": [0, 0, 0]
						},
						"0.2": {
							"vector": [2.55287, -1.39676, -1.62254],
							"easing": "easeInOutSine"
						},
						"0.4333": {
							"vector": [-0.00076, -0.00333, 0.0435]
						},
						"0.5333": {
							"vector": [-0.30918, -0.01767, 1.01624]
						},
						"0.6333": {
							"vector": [0.17256, -0.0039, -0.6024]
						},
						"0.7667": {
							"vector": [0, 0, 0],
							"easing": "easeOutSine"
						}
					}
				}
			},
			"sound_effects": {
				"0.0": {
					"effect": "draw"
				}
			}
		},
		"animation.model.prepare": {
			"loop": true,
			"animation_length": 1.3833,
			"bones": {
				"main": {
					"rotation": {
						"0.0": {
							"vector": [0, 0, 0]
						},
						"0.2": {
							"vector": [4.46622, -3.71425, -12.6698],
							"easing": "easeInOutSine"
						},
						"0.3167": {
							"vector": [4.76393, -5.98492, -15.62218],
							"easing": "linear"
						},
						"0.5667": {
							"vector": [2.90112, -2.68353, -13.46401],
							"easing": "easeInOutSine"
						},
						"0.7167": {
							"vector": [2.7455, -4.12907, -9.52424],
							"easing": "easeOutSine"
						},
						"0.8833": {
							"vector": [-3.96756, -0.911, -40.47326]
						},
						"1.0167": {
							"vector": [-1.02062, -2.60265, -36.74032]
						},
						"1.2": {
							"vector": [-2.12272, -1.46323, -49.57285],
							"easing": "easeInOutSine"
						},
						"1.3667": {
							"vector": [-0.00822, -3.05802, -53.98093],
							"easing": "easeOutSine"
						}
					},
					"position": {
						"0.0": {
							"vector": [0, 0, 0]
						},
						"0.1333": {
							"vector": [-0.65, -2.075, 0.72],
							"easing": "easeInSine"
						},
						"0.2833": {
							"vector": [-1.605, -0.37, 1.78],
							"easing": "easeOutSine"
						},
						"0.4": {
							"vector": [-1.605, -1.22, 1.68]
						},
						"0.6": {
							"vector": [0.895, 2.845, 1.935],
							"easing": "easeInOutSine"
						},
						"0.6833": {
							"vector": [0.895, 2.87, 1.36],
							"easing": "easeInOutSine"
						},
						"0.9": {
							"vector": [2.76, -3.56, -1.005],
							"easing": "easeInOutSine"
						},
						"1.0333": {
							"vector": [3.4, -1.055, -1.05]
						},
						"1.2167": {
							"vector": [5.115, -3.485, -2.575],
							"easing": "easeOutSine"
						},
						"1.3667": {
							"vector": [5.345, -1.585, -0.325],
							"easing": "linear"
						}
					}
				},
				"rotatey": {
					"rotation": {
						"0.0": {
							"vector": [0, 0, 0]
						},
						"0.6": {
							"vector": [0, 0, 0]
						},
						"0.7167": {
							"vector": [-0.00163, -0.01862, 19.37488]
						},
						"0.7667": {
							"vector": [-0.00049, -0.01868, 15.87488]
						},
						"0.9667": {
							"vector": [-0.01717, -0.04144, 88.49972],
							"easing": "easeInOutSine"
						},
						"1.0667": {
							"vector": [0, 0, 85]
						}
					},
					"position": {
						"0.0": {
							"vector": [0, 0, 0]
						},
						"0.6": {
							"vector": [0, 0, 0]
						}
					}
				},
				"pulley": {
					"position": {
						"0.0": {
							"vector": [0, 0, 0]
						},
						"0.2": {
							"vector": [0, 0, 0]
						},
						"0.2667": {
							"vector": [-0.02618, 0, -2.99989]
						}
					}
				},
				"rightarm": {
					"rotation": {
						"0.0": {
							"vector": [0, 0, 0]
						},
						"0.6": {
							"vector": [0, 0, 0]
						},
						"0.7167": {
							"vector": [-4.05015, 1.45742, 20.14035]
						},
						"0.7833": {
							"vector": [-4.05015, 1.45742, 20.14035]
						},
						"0.95": {
							"vector": [-11.42216, 27.72828, 89.71324]
						}
					},
					"position": {
						"0.0": {
							"vector": [0, 0, 0]
						},
						"0.6": {
							"vector": [0, 0, 0]
						},
						"0.7167": {
							"vector": [-6.24621, 1.0279, 0.50073]
						},
						"0.7833": {
							"vector": [-6.24621, 1.0279, 0.50073]
						},
						"0.95": {
							"vector": [-19.01212, 14.13333, 1.39303]
						}
					}
				},
				"leftarm": {
					"rotation": {
						"0.0": {
							"vector": [0, 0, 0]
						},
						"0.0833": {
							"vector": [-18.43507, 0.16097, 0.35959]
						},
						"0.2": {
							"vector": [-19.21134, -1.51286, -1.14429]
						},
						"0.2667": {
							"vector": [-15.96134, -1.51286, -1.14429]
						},
						"0.3333": {
							"vector": [-15.96134, -1.51286, -1.14429]
						},
						"0.5333": {
							"vector": [-12.67604, -3.41524, 15.24542]
						},
						"0.7667": {
							"vector": [-14.34721, -6.0274, 29.645]
						},
						"0.9": {
							"vector": [-18.64595, -26.66096, 40.64369]
						},
						"1.1167": {
							"vector": [-18.64595, -26.66096, 40.64369]
						},
						"1.3833": {
							"vector": [10.60646, 25.39409, 19.04177]
						}
					},
					"position": {
						"0.0": {
							"vector": [0, 0, 0]
						},
						"0.0833": {
							"vector": [3.10247, -2.75369, 5.72314]
						},
						"0.2": {
							"vector": [3.24829, -2.75631, 5.24685]
						},
						"0.2667": {
							"vector": [3.22142, -2.76, 1.97512]
						},
						"0.3333": {
							"vector": [3.22142, -2.76, 1.97512]
						},
						"0.4": {
							"vector": [7.41, -5.65, 7.95]
						},
						"0.5333": {
							"vector": [0.27898, -9.27034, 15.41934]
						},
						"0.7667": {
							"vector": [-2.85441, -10.49575, 15.52647]
						},
						"0.9": {
							"vector": [-12.09616, -9.9848, 11.81741]
						},
						"1.1167": {
							"vector": [-12.09616, -9.9848, 11.81741]
						},
						"1.25": {
							"vector": [-6.41326, -16.77379, 22.44002]
						},
						"1.3833": {
							"vector": [-8.30743, -13.93564, 33.17477]
						}
					}
				},
				"_camera_": {
					"rotation": {
						"0.0": {
							"vector": [0, 0, 0]
						},
						"0.1833": {
							"vector": [2, 1.25, -0.25],
							"easing": "easeInOutSine"
						},
						"0.3167": {
							"vector": [1.38992, 0.83572, -0.89613]
						},
						"0.4333": {
							"vector": [1.2587, 0.74661, 0.48375],
							"easing": "linear"
						},
						"0.6833": {
							"vector": [0.02059, 2.21296, -0.8143],
							"easing": "easeInOutSine"
						},
						"0.7667": {
							"vector": [1.02687, 1.79395, 0.46362]
						},
						"0.9333": {
							"vector": [-0.71167, 0.95235, -0.82634],
							"easing": "easeInOutSine"
						},
						"1.0833": {
							"vector": [0.52783, 1.72008, 0.19439]
						},
						"1.2167": {
							"vector": [0.77522, 0.93986, 0.19844],
							"easing": "easeInSine"
						},
						"1.35": {
							"vector": [0.52359, 0.47009, 0.1943],
							"easing": "easeOutSine"
						}
					}
				}
			},
			"sound_effects": {
				"0.0": {
					"effect": "foley_start"
				},
				"0.2": {
					"effect": "ak_safety"
				},
				"0.4833": {
					"effect": "m4_actionback"
				},
				"0.6167": {
					"effect": "dbshotgun_open"
				},
				"0.7833": {
					"effect": "mgl_open"
				}
			}
		},
		"animation.model.load1": {
			"loop": true,
			"animation_length": 0.9667,
			"bones": {
				"main": {
					"rotation": {
						"0.0": {
							"vector": [-0.00822, -3.05802, -53.98093],
							"easing": "easeOutSine"
						},
						"0.2333": {
							"vector": [-0.32765, -1.13194, -49.19634],
							"easing": "easeInOutSine"
						},
						"0.3333": {
							"vector": [-1.59676, -1.09931, -52.31628]
						},
						"0.4333": {
							"vector": [-2.98097, -1.62656, -49.93153]
						},
						"0.6167": {
							"vector": [-2.22248, -3.81457, -51.81359],
							"easing": "linear"
						},
						"0.7167": {
							"vector": [-1.67806, -2.97514, -57.09583],
							"easing": "easeInSine"
						},
						"0.8333": {
							"vector": [-1.19847, -3.90325, -52.47211]
						},
						"0.9667": {
							"vector": [-0.00822, -3.05802, -53.98093],
							"easing": "easeOutSine"
						}
					},
					"position": {
						"0.0": {
							"vector": [5.345, -1.585, -0.325]
						},
						"0.1833": {
							"vector": [5.95, -1.13, -0.495],
							"easing": "easeInOutSine"
						},
						"0.35": {
							"vector": [5.85, -2.635, 0.155],
							"easing": "easeInOutSine"
						},
						"0.6": {
							"vector": [5.53, -2.03, -0.01]
						},
						"0.7167": {
							"vector": [5.525, -1.83, -1.465],
							"easing": "linear"
						},
						"0.8333": {
							"vector": [5.44, -2.77, -0.95],
							"easing": "easeInSine"
						},
						"0.9667": {
							"vector": [5.345, -1.585, -0.325],
							"easing": "linear"
						}
					}
				},
				"rotatey": {
					"rotation": {
						"vector": [0, 0, 85]
					},
					"position": {
						"vector": [0, 0, 0]
					}
				},
				"pulley": {
					"position": {
						"0.0": {
							"vector": [0, 0, 0]
						},
						"0.2": {
							"vector": [0, 0, 0]
						},
						"0.3": {
							"vector": [-0.02618, 0, -2.99989]
						}
					}
				},
				"rightarm": {
					"rotation": {
						"vector": [-11.42216, 27.72828, 89.71324]
					},
					"position": {
						"vector": [-19.4905, 12.37433, 1.48433]
					}
				},
				"leftarm": {
					"rotation": {
						"0.0": {
							"vector": [10.60646, 25.39409, 19.04177]
						},
						"0.0667": {
							"vector": [-24.46255, -30.66072, 27.264]
						},
						"0.1333": {
							"vector": [-17.37692, -36.95463, 9.87418]
						},
						"0.2": {
							"vector": [-20.44724, -31.51732, 15.5695]
						},
						"0.3": {
							"vector": [-26.63292, -40.75774, 16.49485]
						},
						"0.4": {
							"vector": [-26.63292, -40.75774, 16.49485]
						},
						"0.4667": {
							"vector": [-27.35129, -36.12458, 20.19737]
						},
						"0.5667": {
							"vector": [-35.82057, -24.8484, 38.74594]
						},
						"0.6": {
							"vector": [-35.82057, -24.8484, 38.74594]
						},
						"0.7": {
							"vector": [-22.96522, -22.54713, 32.52936]
						},
						"0.8": {
							"vector": [-22.96522, -22.54713, 32.52936]
						},
						"0.8667": {
							"vector": [-23.8964, -17.57848, 39.15757]
						},
						"0.9667": {
							"vector": [10.60646, 25.39409, 19.04177]
						}
					},
					"position": {
						"0.0": {
							"vector": [-8.30743, -13.93564, 33.17477]
						},
						"0.1333": {
							"vector": [-6.79697, -1.0194, 24.85549]
						},
						"0.2": {
							"vector": [-6.79697, -1.0194, 24.85549]
						},
						"0.3": {
							"vector": [-7.425, -2.67, 27.885]
						},
						"0.4": {
							"vector": [-8.37476, -5.07894, 33.65486]
						},
						"0.4667": {
							"vector": [-8.37476, -5.07894, 33.65486]
						},
						"0.5667": {
							"vector": [-11.85917, -2.45609, 25.07341]
						},
						"0.6": {
							"vector": [-11.85917, -2.45609, 25.44841]
						},
						"0.7": {
							"vector": [-7.86855, -0.60038, 24.76374]
						},
						"0.8": {
							"vector": [-7.86855, -0.60038, 24.76374]
						},
						"0.9667": {
							"vector": [-8.30743, -13.93564, 33.17477]
						}
					}
				},
				"grenade1": {
					"rotation": {
						"0.0": {
							"vector": [0, 0, 0]
						},
						"0.3": {
							"vector": [0, 0, 0]
						},
						"0.4": {
							"vector": [-37.53189, -2.18141, 1.6749]
						},
						"0.4333": {
							"vector": [-21.53189, -2.18141, 1.6749]
						},
						"0.4667": {
							"vector": [-45.53189, -2.18141, 1.6749]
						},
						"0.5667": {
							"vector": [0, 0, 5.25]
						},
						"0.6": {
							"vector": [0, 0, 0]
						},
						"0.7": {
							"vector": [0, 0, 0]
						}
					},
					"position": {
						"0.0": {
							"vector": [0, 0, 0]
						},
						"0.2": {
							"vector": [0, 0, 0]
						},
						"0.3": {
							"vector": [0, 0, 7.25]
						},
						"0.4": {
							"vector": [-1.19627, -6.59837, 14.79589]
						},
						"0.4333": {
							"vector": [-0.2567, -7.34586, 18.22967]
						},
						"0.4667": {
							"vector": [-0.03645, -5.12096, 15.13835]
						},
						"0.5667": {
							"vector": [0, 0, 6.45]
						},
						"0.6": {
							"vector": [0, 0, 6.25]
						},
						"0.7": {
							"vector": [0, 0, 0],
							"easing": "easeInQuad"
						}
					}
				},
				"chamber": {
					"rotation": {
						"vector": [0, 0, 0]
					},
					"position": {
						"vector": [0, 0, 0]
					}
				},
				"_camera_": {
					"rotation": {
						"0.0": {
							"vector": [0.52359, 0.47009, 0.1943],
							"easing": "easeOutSine"
						},
						"0.15": {
							"vector": [1.02883, 0.71837, -0.30152],
							"easing": "easeInOutSine"
						},
						"0.25": {
							"vector": [1.31184, 1.21984, -1.22433]
						},
						"0.3833": {
							"vector": [1.52631, 1.22095, 0.70908],
							"easing": "easeOutQuad"
						},
						"0.5833": {
							"vector": [0.52615, 1.23314, -0.56234]
						},
						"0.6833": {
							"vector": [0.52615, 1.23314, 1.68766]
						},
						"0.8": {
							"vector": [1.27676, 0.7339, -0.05272]
						},
						"0.9667": {
							"vector": [0.52359, 0.47009, 0.1943],
							"easing": "easeInOutSine"
						}
					}
				}
			},
			"sound_effects": {
				"0.2": {
					"effect": "mgl_unload"
				},
				"0.4667": {
					"effect": "mgl_load"
				}
			}
		},
		"animation.model.load2": {
			"loop": true,
			"animation_length": 0.9667,
			"bones": {
				"main": {
					"rotation": {
						"0.0": {
							"vector": [-0.00822, -3.05802, -53.98093],
							"easing": "easeOutSine"
						},
						"0.2333": {
							"vector": [-0.32765, -1.13194, -49.19634],
							"easing": "easeInOutSine"
						},
						"0.3333": {
							"vector": [-1.59676, -1.09931, -52.31628]
						},
						"0.4333": {
							"vector": [-2.98097, -1.62656, -49.93153]
						},
						"0.6167": {
							"vector": [-2.22248, -3.81457, -51.81359],
							"easing": "linear"
						},
						"0.7167": {
							"vector": [-1.67806, -2.97514, -57.09583],
							"easing": "easeInSine"
						},
						"0.8333": {
							"vector": [-1.19847, -3.90325, -52.47211]
						},
						"0.9667": {
							"vector": [-0.00822, -3.05802, -53.98093],
							"easing": "easeOutSine"
						}
					},
					"position": {
						"0.0": {
							"vector": [5.345, -1.585, -0.325]
						},
						"0.1833": {
							"vector": [5.95, -1.13, -0.495],
							"easing": "easeInOutSine"
						},
						"0.35": {
							"vector": [5.85, -2.635, 0.155],
							"easing": "easeInOutSine"
						},
						"0.6": {
							"vector": [5.53, -2.03, -0.01]
						},
						"0.7167": {
							"vector": [5.525, -1.83, -1.465],
							"easing": "linear"
						},
						"0.8333": {
							"vector": [5.44, -2.77, -0.95],
							"easing": "easeInSine"
						},
						"0.9667": {
							"vector": [5.345, -1.585, -0.325],
							"easing": "linear"
						}
					}
				},
				"rotatey": {
					"rotation": {
						"vector": [0, 0, 85]
					},
					"position": {
						"vector": [0, 0, 0]
					}
				},
				"pulley": {
					"position": {
						"0.0": {
							"vector": [0, 0, 0]
						},
						"0.2": {
							"vector": [0, 0, 0]
						},
						"0.3": {
							"vector": [-0.02618, 0, -2.99989]
						}
					}
				},
				"rightarm": {
					"rotation": {
						"vector": [-11.42216, 27.72828, 89.71324]
					},
					"position": {
						"vector": [-19.4905, 12.37433, 1.48433]
					}
				},
				"leftarm": {
					"rotation": {
						"0.0": {
							"vector": [10.60646, 25.39409, 19.04177]
						},
						"0.0667": {
							"vector": [-24.46255, -30.66072, 27.264]
						},
						"0.1333": {
							"vector": [-17.37692, -36.95463, 9.87418]
						},
						"0.2": {
							"vector": [-20.44724, -31.51732, 15.5695]
						},
						"0.3": {
							"vector": [-26.63292, -40.75774, 16.49485]
						},
						"0.4": {
							"vector": [-26.63292, -40.75774, 16.49485]
						},
						"0.4667": {
							"vector": [-27.35129, -36.12458, 20.19737]
						},
						"0.5667": {
							"vector": [-35.82057, -24.8484, 38.74594]
						},
						"0.6": {
							"vector": [-35.82057, -24.8484, 38.74594]
						},
						"0.7": {
							"vector": [-22.96522, -22.54713, 32.52936]
						},
						"0.8": {
							"vector": [-22.96522, -22.54713, 32.52936]
						},
						"0.8667": {
							"vector": [-23.8964, -17.57848, 39.15757]
						},
						"0.9667": {
							"vector": [10.60646, 25.39409, 19.04177]
						}
					},
					"position": {
						"0.0": {
							"vector": [-8.30743, -13.93564, 33.17477]
						},
						"0.1333": {
							"vector": [-2.38942, -5.20419, 24.60837]
						},
						"0.2": {
							"vector": [-2.43911, -5.25586, 24.60758]
						},
						"0.3": {
							"vector": [-2.21274, -6.24195, 27.61384]
						},
						"0.4": {
							"vector": [-3.89931, -9.19212, 33.4264]
						},
						"0.4667": {
							"vector": [-3.06045, -8.59254, 34.3943]
						},
						"0.5667": {
							"vector": [-6.61196, -5.97701, 24.809]
						},
						"0.6": {
							"vector": [-6.59115, -5.94564, 25.18192]
						},
						"0.7": {
							"vector": [-5.40578, -5.0637, 24.64782]
						},
						"0.8": {
							"vector": [-5.51677, -5.12336, 24.6553]
						},
						"0.9667": {
							"vector": [-8.30743, -13.93564, 33.17477]
						}
					}
				},
				"chamber": {
					"rotation": {
						"vector": [0, 0, 0]
					},
					"position": {
						"vector": [0, 0, 0]
					}
				},
				"grenade3": {
					"rotation": {
						"0.0": {
							"vector": [0, 0, 0]
						},
						"0.3": {
							"vector": [0, 0, 0]
						},
						"0.4": {
							"vector": [-37.53189, -2.18141, 1.6749]
						},
						"0.4333": {
							"vector": [-21.53189, -2.18141, 1.6749]
						},
						"0.4667": {
							"vector": [-45.53189, -2.18141, 1.6749]
						},
						"0.5667": {
							"vector": [0, 0, 5.25]
						},
						"0.6": {
							"vector": [0, 0, 0]
						},
						"0.7": {
							"vector": [0, 0, 0]
						}
					},
					"position": {
						"0.0": {
							"vector": [0, 0, 0]
						},
						"0.2": {
							"vector": [0, 0, 0]
						},
						"0.3": {
							"vector": [0, 0, 7.25]
						},
						"0.4": {
							"vector": [-1.19627, -6.59837, 14.79589]
						},
						"0.4333": {
							"vector": [-0.2567, -7.34586, 18.22967]
						},
						"0.4667": {
							"vector": [-0.03645, -5.12096, 15.13835]
						},
						"0.5667": {
							"vector": [0, 0, 6.45]
						},
						"0.6": {
							"vector": [0, 0, 6.25]
						},
						"0.7": {
							"vector": [0, 0, 0],
							"easing": "easeInQuad"
						}
					}
				},
				"_camera_": {
					"rotation": {
						"0.0": {
							"vector": [0.52359, 0.47009, 0.1943],
							"easing": "easeOutSine"
						},
						"0.1667": {
							"vector": [1.02883, 0.71837, -0.30152],
							"easing": "easeInOutSine"
						},
						"0.2667": {
							"vector": [1.31184, 1.21984, -1.22433]
						},
						"0.4": {
							"vector": [1.52631, 1.22095, 0.70908],
							"easing": "easeOutQuad"
						},
						"0.6": {
							"vector": [0.52615, 1.23314, -0.56234]
						},
						"0.7": {
							"vector": [0.52615, 1.23314, 1.68766]
						},
						"0.8": {
							"vector": [1.27676, 0.7339, -0.05272]
						},
						"0.9667": {
							"vector": [0.52359, 0.47009, 0.1943],
							"easing": "easeInOutSine"
						}
					}
				}
			},
			"sound_effects": {
				"0.2": {
					"effect": "mgl_unload"
				},
				"0.4667": {
					"effect": "mgl_load"
				}
			}
		},
		"animation.model.load3": {
			"loop": true,
			"animation_length": 0.9667,
			"bones": {
				"main": {
					"rotation": {
						"0.0": {
							"vector": [-0.00822, -3.05802, -53.98093],
							"easing": "easeOutSine"
						},
						"0.2333": {
							"vector": [-0.32765, -1.13194, -49.19634],
							"easing": "easeInOutSine"
						},
						"0.3333": {
							"vector": [-1.59676, -1.09931, -52.31628]
						},
						"0.4333": {
							"vector": [-2.98097, -1.62656, -49.93153]
						},
						"0.6167": {
							"vector": [-2.22248, -3.81457, -51.81359],
							"easing": "linear"
						},
						"0.7167": {
							"vector": [-1.67806, -2.97514, -57.09583],
							"easing": "easeInSine"
						},
						"0.8333": {
							"vector": [-1.19847, -3.90325, -52.47211]
						},
						"0.9667": {
							"vector": [-0.00822, -3.05802, -53.98093],
							"easing": "easeOutSine"
						}
					},
					"position": {
						"0.0": {
							"vector": [5.345, -1.585, -0.325]
						},
						"0.1833": {
							"vector": [5.95, -1.13, -0.495],
							"easing": "easeInOutSine"
						},
						"0.35": {
							"vector": [5.85, -2.635, 0.155],
							"easing": "easeInOutSine"
						},
						"0.6": {
							"vector": [5.53, -2.03, -0.01]
						},
						"0.7167": {
							"vector": [5.525, -1.83, -1.465],
							"easing": "linear"
						},
						"0.8333": {
							"vector": [5.44, -2.77, -0.95],
							"easing": "easeInSine"
						},
						"0.9667": {
							"vector": [5.345, -1.585, -0.325],
							"easing": "linear"
						}
					}
				},
				"rotatey": {
					"rotation": {
						"vector": [0, 0, 85]
					},
					"position": {
						"vector": [0, 0, 0]
					}
				},
				"pulley": {
					"position": {
						"0.0": {
							"vector": [0, 0, 0]
						},
						"0.2": {
							"vector": [0, 0, 0]
						},
						"0.3": {
							"vector": [-0.02618, 0, -2.99989]
						}
					}
				},
				"rightarm": {
					"rotation": {
						"vector": [-11.42216, 27.72828, 89.71324]
					},
					"position": {
						"vector": [-19.4905, 12.37433, 1.48433]
					}
				},
				"leftarm": {
					"rotation": {
						"0.0": {
							"vector": [10.60646, 25.39409, 19.04177]
						},
						"0.0667": {
							"vector": [-24.46255, -30.66072, 27.264]
						},
						"0.1333": {
							"vector": [-17.37692, -36.95463, 9.87418]
						},
						"0.2": {
							"vector": [-20.44724, -31.51732, 15.5695]
						},
						"0.3": {
							"vector": [-26.63292, -40.75774, 16.49485]
						},
						"0.4": {
							"vector": [-26.63292, -40.75774, 16.49485]
						},
						"0.4667": {
							"vector": [-27.35129, -36.12458, 20.19737]
						},
						"0.5667": {
							"vector": [-35.82057, -24.8484, 38.74594]
						},
						"0.6": {
							"vector": [-35.82057, -24.8484, 38.74594]
						},
						"0.7": {
							"vector": [-22.96522, -22.54713, 32.52936]
						},
						"0.8": {
							"vector": [-22.96522, -22.54713, 32.52936]
						},
						"0.8667": {
							"vector": [-23.8964, -17.57848, 39.15757]
						},
						"0.9667": {
							"vector": [10.60646, 25.39409, 19.04177]
						}
					},
					"position": {
						"0.0": {
							"vector": [-8.30743, -13.93564, 33.17477]
						},
						"0.1333": {
							"vector": [-2.17938, -8.80323, 24.55578]
						},
						"0.2": {
							"vector": [-2.27107, -8.85724, 24.56479]
						},
						"0.3": {
							"vector": [-1.99493, -9.84072, 27.57652]
						},
						"0.4": {
							"vector": [-3.63041, -12.78744, 33.38986]
						},
						"0.4667": {
							"vector": [-2.83079, -12.19059, 34.35776]
						},
						"0.5667": {
							"vector": [-7.15036, -10.18523, 24.77757]
						},
						"0.6": {
							"vector": [-7.89196, -10.77342, 25.15981]
						},
						"0.7": {
							"vector": [-6.52356, -9.93715, 24.63868]
						},
						"0.8": {
							"vector": [-6.75352, -9.9679, 24.68503]
						},
						"0.9667": {
							"vector": [-8.30743, -13.93564, 33.17477]
						}
					}
				},
				"chamber": {
					"rotation": {
						"vector": [0, 0, 0]
					},
					"position": {
						"vector": [0, 0, 0]
					}
				},
				"grenade4": {
					"rotation": {
						"0.0": {
							"vector": [0, 0, 0]
						},
						"0.3": {
							"vector": [0, 0, 0]
						},
						"0.4": {
							"vector": [-37.53189, -2.18141, 1.6749]
						},
						"0.4333": {
							"vector": [-21.53189, -2.18141, 1.6749]
						},
						"0.4667": {
							"vector": [-45.53189, -2.18141, 1.6749]
						},
						"0.5667": {
							"vector": [0, 0, 5.25]
						},
						"0.6": {
							"vector": [0, 0, 0]
						},
						"0.7": {
							"vector": [0, 0, 0]
						}
					},
					"position": {
						"0.0": {
							"vector": [0, 0, 0]
						},
						"0.2": {
							"vector": [0, 0, 0]
						},
						"0.3": {
							"vector": [0, 0, 7.25]
						},
						"0.4": {
							"vector": [-1.19627, -6.59837, 14.79589]
						},
						"0.4333": {
							"vector": [-0.2567, -7.34586, 18.22967]
						},
						"0.4667": {
							"vector": [-0.03645, -5.12096, 15.13835]
						},
						"0.5667": {
							"vector": [0, 0, 6.45]
						},
						"0.6": {
							"vector": [0, 0, 6.25]
						},
						"0.7": {
							"vector": [0, 0, 0],
							"easing": "easeInQuad"
						}
					}
				},
				"_camera_": {
					"rotation": {
						"0.0": {
							"vector": [0.52359, 0.47009, 0.1943],
							"easing": "easeOutSine"
						},
						"0.1667": {
							"vector": [1.02883, 0.71837, -0.30152],
							"easing": "easeInOutSine"
						},
						"0.2667": {
							"vector": [1.31184, 1.21984, -1.22433]
						},
						"0.4": {
							"vector": [1.52631, 1.22095, 0.70908],
							"easing": "easeOutQuad"
						},
						"0.6": {
							"vector": [0.52615, 1.23314, -0.56234]
						},
						"0.7": {
							"vector": [0.52615, 1.23314, 1.68766]
						},
						"0.8": {
							"vector": [1.27676, 0.7339, -0.05272]
						},
						"0.9667": {
							"vector": [0.52359, 0.47009, 0.1943],
							"easing": "easeInOutSine"
						}
					}
				}
			},
			"sound_effects": {
				"0.2": {
					"effect": "mgl_unload"
				},
				"0.4667": {
					"effect": "mgl_load"
				}
			}
		},
		"animation.model.load4": {
			"loop": true,
			"animation_length": 0.9667,
			"bones": {
				"main": {
					"rotation": {
						"0.0": {
							"vector": [-0.00822, -3.05802, -53.98093],
							"easing": "easeOutSine"
						},
						"0.2333": {
							"vector": [-0.32765, -1.13194, -49.19634],
							"easing": "easeInOutSine"
						},
						"0.3333": {
							"vector": [-1.59676, -1.09931, -52.31628]
						},
						"0.4333": {
							"vector": [-2.98097, -1.62656, -49.93153]
						},
						"0.6167": {
							"vector": [-2.22248, -3.81457, -51.81359],
							"easing": "linear"
						},
						"0.7167": {
							"vector": [-1.67806, -2.97514, -57.09583],
							"easing": "easeInSine"
						},
						"0.8333": {
							"vector": [-1.19847, -3.90325, -52.47211]
						},
						"0.9667": {
							"vector": [-0.00822, -3.05802, -53.98093],
							"easing": "easeOutSine"
						}
					},
					"position": {
						"0.0": {
							"vector": [5.345, -1.585, -0.325]
						},
						"0.1833": {
							"vector": [5.95, -1.13, -0.495],
							"easing": "easeInOutSine"
						},
						"0.35": {
							"vector": [5.85, -2.635, 0.155],
							"easing": "easeInOutSine"
						},
						"0.6": {
							"vector": [5.53, -2.03, -0.01]
						},
						"0.7167": {
							"vector": [5.525, -1.83, -1.465],
							"easing": "linear"
						},
						"0.8333": {
							"vector": [5.44, -2.77, -0.95],
							"easing": "easeInSine"
						},
						"0.9667": {
							"vector": [5.345, -1.585, -0.325],
							"easing": "linear"
						}
					}
				},
				"rotatey": {
					"rotation": {
						"vector": [0, 0, 85]
					},
					"position": {
						"vector": [0, 0, 0]
					}
				},
				"pulley": {
					"position": {
						"0.0": {
							"vector": [0, 0, 0]
						},
						"0.2": {
							"vector": [0, 0, 0]
						},
						"0.3": {
							"vector": [-0.02618, 0, -2.99989]
						}
					}
				},
				"rightarm": {
					"rotation": {
						"vector": [-11.42216, 27.72828, 89.71324]
					},
					"position": {
						"vector": [-19.4905, 12.37433, 1.48433]
					}
				},
				"leftarm": {
					"rotation": {
						"0.0": {
							"vector": [10.60646, 25.39409, 19.04177]
						},
						"0.0667": {
							"vector": [-24.46255, -30.66072, 27.264]
						},
						"0.1333": {
							"vector": [-17.37692, -36.95463, 9.87418]
						},
						"0.2": {
							"vector": [-20.44724, -31.51732, 15.5695]
						},
						"0.3": {
							"vector": [-26.63292, -40.75774, 16.49485]
						},
						"0.4": {
							"vector": [-26.63292, -40.75774, 16.49485]
						},
						"0.4667": {
							"vector": [-27.35129, -36.12458, 20.19737]
						},
						"0.5667": {
							"vector": [-35.82057, -24.8484, 38.74594]
						},
						"0.6": {
							"vector": [-35.82057, -24.8484, 38.74594]
						},
						"0.7": {
							"vector": [-22.96522, -22.54713, 32.52936]
						},
						"0.8": {
							"vector": [-22.96522, -22.54713, 32.52936]
						},
						"0.8667": {
							"vector": [-23.8964, -17.57848, 39.15757]
						},
						"0.9667": {
							"vector": [10.60646, 25.39409, 19.04177]
						}
					},
					"position": {
						"0.0": {
							"vector": [-8.30743, -13.93564, 33.17477]
						},
						"0.1333": {
							"vector": [-6.16684, -11.81653, 24.69773]
						},
						"0.2": {
							"vector": [-6.29285, -11.82354, 24.72712]
						},
						"0.3": {
							"vector": [-5.97547, -12.86205, 27.7403]
						},
						"0.4": {
							"vector": [-7.56805, -15.86492, 33.54524]
						},
						"0.4667": {
							"vector": [-6.80176, -15.22492, 34.51314]
						},
						"0.5667": {
							"vector": [-11.10287, -13.24494, 24.90354]
						},
						"0.6": {
							"vector": [-11.82677, -13.85642, 25.27096]
						},
						"0.7": {
							"vector": [-10.34039, -13.16576, 24.72752]
						},
						"0.8": {
							"vector": [-10.64736, -13.10136, 24.82444]
						},
						"0.9667": {
							"vector": [-8.30743, -13.93564, 33.17477]
						}
					}
				},
				"chamber": {
					"rotation": {
						"vector": [0, 0, 0]
					},
					"position": {
						"vector": [0, 0, 0]
					}
				},
				"grenade6": {
					"rotation": {
						"0.0": {
							"vector": [0, 0, 0]
						},
						"0.3": {
							"vector": [0, 0, 0]
						},
						"0.4": {
							"vector": [-37.53189, -2.18141, 1.6749]
						},
						"0.4333": {
							"vector": [-21.53189, -2.18141, 1.6749]
						},
						"0.4667": {
							"vector": [-45.53189, -2.18141, 1.6749]
						},
						"0.5667": {
							"vector": [0, 0, 5.25]
						},
						"0.6": {
							"vector": [0, 0, 0]
						},
						"0.7": {
							"vector": [0, 0, 0]
						}
					},
					"position": {
						"0.0": {
							"vector": [0, 0, 0]
						},
						"0.2": {
							"vector": [0, 0, 0]
						},
						"0.3": {
							"vector": [0, 0, 7.25]
						},
						"0.4": {
							"vector": [-1.19627, -6.59837, 14.79589]
						},
						"0.4333": {
							"vector": [-0.2567, -7.34586, 18.22967]
						},
						"0.4667": {
							"vector": [-0.03645, -5.12096, 15.13835]
						},
						"0.5667": {
							"vector": [0, 0, 6.45]
						},
						"0.6": {
							"vector": [0, 0, 6.25]
						},
						"0.7": {
							"vector": [0, 0, 0],
							"easing": "easeInQuad"
						}
					}
				},
				"_camera_": {
					"rotation": {
						"0.0": {
							"vector": [0.52359, 0.47009, 0.1943],
							"easing": "easeOutSine"
						},
						"0.1667": {
							"vector": [1.02883, 0.71837, -0.30152],
							"easing": "easeInOutSine"
						},
						"0.2667": {
							"vector": [1.31184, 1.21984, -1.22433]
						},
						"0.4": {
							"vector": [1.52631, 1.22095, 0.70908],
							"easing": "easeOutQuad"
						},
						"0.6": {
							"vector": [0.52615, 1.23314, -0.56234]
						},
						"0.7": {
							"vector": [0.52615, 1.23314, 1.68766]
						},
						"0.8": {
							"vector": [1.27676, 0.7339, -0.05272]
						},
						"0.9667": {
							"vector": [0.52359, 0.47009, 0.1943],
							"easing": "easeInOutSine"
						}
					}
				}
			},
			"sound_effects": {
				"0.2": {
					"effect": "mgl_unload"
				},
				"0.4667": {
					"effect": "mgl_load"
				}
			}
		},
		"animation.model.load5": {
			"loop": true,
			"animation_length": 0.9667,
			"bones": {
				"main": {
					"rotation": {
						"0.0": {
							"vector": [-0.00822, -3.05802, -53.98093],
							"easing": "easeOutSine"
						},
						"0.2333": {
							"vector": [-0.32765, -1.13194, -49.19634],
							"easing": "easeInOutSine"
						},
						"0.3333": {
							"vector": [-1.59676, -1.09931, -52.31628]
						},
						"0.4333": {
							"vector": [-2.98097, -1.62656, -49.93153]
						},
						"0.6167": {
							"vector": [-2.22248, -3.81457, -51.81359],
							"easing": "linear"
						},
						"0.7167": {
							"vector": [-1.67806, -2.97514, -57.09583],
							"easing": "easeInSine"
						},
						"0.8333": {
							"vector": [-1.19847, -3.90325, -52.47211]
						},
						"0.9667": {
							"vector": [-0.00822, -3.05802, -53.98093],
							"easing": "easeOutSine"
						}
					},
					"position": {
						"0.0": {
							"vector": [5.345, -1.585, -0.325]
						},
						"0.1833": {
							"vector": [5.95, -1.13, -0.495],
							"easing": "easeInOutSine"
						},
						"0.35": {
							"vector": [5.85, -2.635, 0.155],
							"easing": "easeInOutSine"
						},
						"0.6": {
							"vector": [5.53, -2.03, -0.01]
						},
						"0.7167": {
							"vector": [5.525, -1.83, -1.465],
							"easing": "linear"
						},
						"0.8333": {
							"vector": [5.44, -2.77, -0.95],
							"easing": "easeInSine"
						},
						"0.9667": {
							"vector": [5.345, -1.585, -0.325],
							"easing": "linear"
						}
					}
				},
				"rotatey": {
					"rotation": {
						"vector": [0, 0, 85]
					},
					"position": {
						"vector": [0, 0, 0]
					}
				},
				"pulley": {
					"position": {
						"0.0": {
							"vector": [0, 0, 0]
						},
						"0.2": {
							"vector": [0, 0, 0]
						},
						"0.3": {
							"vector": [-0.02618, 0, -2.99989]
						}
					}
				},
				"rightarm": {
					"rotation": {
						"vector": [-11.42216, 27.72828, 89.71324]
					},
					"position": {
						"vector": [-19.4905, 12.37433, 1.48433]
					}
				},
				"leftarm": {
					"rotation": {
						"0.0": {
							"vector": [10.60646, 25.39409, 19.04177]
						},
						"0.0667": {
							"vector": [-24.46255, -30.66072, 27.264]
						},
						"0.1333": {
							"vector": [-17.37692, -36.95463, 9.87418]
						},
						"0.2": {
							"vector": [-20.44724, -31.51732, 15.5695]
						},
						"0.3": {
							"vector": [-26.63292, -40.75774, 16.49485]
						},
						"0.4": {
							"vector": [-26.63292, -40.75774, 16.49485]
						},
						"0.4667": {
							"vector": [-27.35129, -36.12458, 20.19737]
						},
						"0.5667": {
							"vector": [-35.82057, -24.8484, 38.74594]
						},
						"0.6": {
							"vector": [-35.82057, -24.8484, 38.74594]
						},
						"0.7": {
							"vector": [-22.96522, -22.54713, 32.52936]
						},
						"0.8": {
							"vector": [-22.96522, -22.54713, 32.52936]
						},
						"0.8667": {
							"vector": [-23.8964, -17.57848, 39.15757]
						},
						"0.9667": {
							"vector": [10.60646, 25.39409, 19.04177]
						}
					},
					"position": {
						"0.0": {
							"vector": [-8.30743, -13.93564, 33.17477]
						},
						"0.1333": {
							"vector": [-10.07928, -9.8542, 26.8982]
						},
						"0.2": {
							"vector": [-10.1757, -9.80955, 26.93333]
						},
						"0.3": {
							"vector": [-9.98106, -10.8836, 27.94291]
						},
						"0.4": {
							"vector": [-11.60172, -13.94346, 33.73898]
						},
						"0.4667": {
							"vector": [-10.81423, -13.25958, 34.70688]
						},
						"0.5667": {
							"vector": [-15.12801, -11.30562, 25.0966]
						},
						"0.6": {
							"vector": [-15.86342, -11.94112, 25.46343]
						},
						"0.7": {
							"vector": [-14.41721, -11.41206, 25.86948]
						},
						"0.8": {
							"vector": [-14.63171, -11.24526, 26.98774]
						},
						"0.9667": {
							"vector": [-8.30743, -13.93564, 33.17477]
						}
					}
				},
				"chamber": {
					"rotation": {
						"vector": [0, 0, 0]
					},
					"position": {
						"vector": [0, 0, 0]
					}
				},
				"grenade5": {
					"rotation": {
						"0.0": {
							"vector": [0, 0, 0]
						},
						"0.3": {
							"vector": [0, 0, 0]
						},
						"0.4": {
							"vector": [-37.53189, -2.18141, 1.6749]
						},
						"0.4333": {
							"vector": [-21.53189, -2.18141, 1.6749]
						},
						"0.4667": {
							"vector": [-45.53189, -2.18141, 1.6749]
						},
						"0.5667": {
							"vector": [0, 0, 5.25]
						},
						"0.6": {
							"vector": [0, 0, 0]
						},
						"0.7": {
							"vector": [0, 0, 0]
						}
					},
					"position": {
						"0.0": {
							"vector": [0, 0, 0]
						},
						"0.2": {
							"vector": [0, 0, 0]
						},
						"0.3": {
							"vector": [0, 0, 7.25]
						},
						"0.4": {
							"vector": [-1.19627, -6.59837, 14.79589]
						},
						"0.4333": {
							"vector": [-0.2567, -7.34586, 18.22967]
						},
						"0.4667": {
							"vector": [-0.03645, -5.12096, 15.13835]
						},
						"0.5667": {
							"vector": [0, 0, 6.45]
						},
						"0.6": {
							"vector": [0, 0, 6.25]
						},
						"0.7": {
							"vector": [0, 0, 0],
							"easing": "easeInQuad"
						}
					}
				},
				"_camera_": {
					"rotation": {
						"0.0": {
							"vector": [0.52359, 0.47009, 0.1943],
							"easing": "easeOutSine"
						},
						"0.1667": {
							"vector": [1.02883, 0.71837, -0.30152],
							"easing": "easeInOutSine"
						},
						"0.2667": {
							"vector": [1.31184, 1.21984, -1.22433]
						},
						"0.4": {
							"vector": [1.52631, 1.22095, 0.70908],
							"easing": "easeOutQuad"
						},
						"0.6": {
							"vector": [0.52615, 1.23314, -0.56234]
						},
						"0.7": {
							"vector": [0.52615, 1.23314, 1.68766]
						},
						"0.8": {
							"vector": [1.27676, 0.7339, -0.05272]
						},
						"0.9667": {
							"vector": [0.52359, 0.47009, 0.1943],
							"easing": "easeInOutSine"
						}
					}
				}
			},
			"sound_effects": {
				"0.2": {
					"effect": "mgl_unload"
				},
				"0.4667": {
					"effect": "mgl_load"
				}
			}
		},
		"animation.model.load6": {
			"loop": true,
			"animation_length": 0.9667,
			"bones": {
				"main": {
					"rotation": {
						"0.0": {
							"vector": [-0.00822, -3.05802, -53.98093],
							"easing": "easeOutSine"
						},
						"0.2333": {
							"vector": [-0.32765, -1.13194, -49.19634],
							"easing": "easeInOutSine"
						},
						"0.3333": {
							"vector": [-1.59676, -1.09931, -52.31628]
						},
						"0.4333": {
							"vector": [-2.98097, -1.62656, -49.93153]
						},
						"0.6167": {
							"vector": [-2.22248, -3.81457, -51.81359],
							"easing": "linear"
						},
						"0.7167": {
							"vector": [-1.67806, -2.97514, -57.09583],
							"easing": "easeInSine"
						},
						"0.8333": {
							"vector": [-1.19847, -3.90325, -52.47211]
						},
						"0.9667": {
							"vector": [-0.00822, -3.05802, -53.98093],
							"easing": "easeOutSine"
						}
					},
					"position": {
						"0.0": {
							"vector": [5.345, -1.585, -0.325]
						},
						"0.1833": {
							"vector": [5.95, -1.13, -0.495],
							"easing": "easeInOutSine"
						},
						"0.35": {
							"vector": [5.85, -2.635, 0.155],
							"easing": "easeInOutSine"
						},
						"0.6": {
							"vector": [5.53, -2.03, -0.01]
						},
						"0.7167": {
							"vector": [5.525, -1.83, -1.465],
							"easing": "linear"
						},
						"0.8333": {
							"vector": [5.44, -2.77, -0.95],
							"easing": "easeInSine"
						},
						"0.9667": {
							"vector": [5.345, -1.585, -0.325],
							"easing": "linear"
						}
					}
				},
				"rotatey": {
					"rotation": {
						"vector": [0, 0, 85]
					},
					"position": {
						"vector": [0, 0, 0]
					}
				},
				"pulley": {
					"position": {
						"0.0": {
							"vector": [0, 0, 0]
						},
						"0.2": {
							"vector": [0, 0, 0]
						},
						"0.3": {
							"vector": [-0.02618, 0, -2.99989]
						}
					}
				},
				"rightarm": {
					"rotation": {
						"vector": [-11.42216, 27.72828, 89.71324]
					},
					"position": {
						"vector": [-19.4905, 12.37433, 1.48433]
					}
				},
				"leftarm": {
					"rotation": {
						"0.0": {
							"vector": [10.60646, 25.39409, 19.04177]
						},
						"0.0667": {
							"vector": [-24.46255, -30.66072, 27.264]
						},
						"0.1333": {
							"vector": [-17.37692, -36.95463, 9.87418]
						},
						"0.2": {
							"vector": [-20.44724, -31.51732, 15.5695]
						},
						"0.3": {
							"vector": [-26.63292, -40.75774, 16.49485]
						},
						"0.4": {
							"vector": [-26.63292, -40.75774, 16.49485]
						},
						"0.4667": {
							"vector": [-27.35129, -36.12458, 20.19737]
						},
						"0.5667": {
							"vector": [-35.82057, -24.8484, 38.74594]
						},
						"0.6": {
							"vector": [-35.82057, -24.8484, 38.74594]
						},
						"0.7": {
							"vector": [-22.96522, -22.54713, 32.52936]
						},
						"0.8": {
							"vector": [-22.96522, -22.54713, 32.52936]
						},
						"0.8667": {
							"vector": [-23.8964, -17.57848, 39.15757]
						},
						"0.9667": {
							"vector": [10.60646, 25.39409, 19.04177]
						}
					},
					"position": {
						"0.0": {
							"vector": [-8.30743, -13.93564, 33.17477]
						},
						"0.1333": {
							"vector": [-12.53061, -6.65058, 26.04509]
						},
						"0.2": {
							"vector": [-12.59213, -6.58008, 26.07813]
						},
						"0.3": {
							"vector": [-12.24846, -6.28808, 27.08266]
						},
						"0.4": {
							"vector": [-13.93219, -9.3806, 32.87342]
						},
						"0.4667": {
							"vector": [-13.70081, -7.87681, 33.87421]
						},
						"0.5667": {
							"vector": [-15.99115, -6.91854, 25.1889]
						},
						"0.6": {
							"vector": [-16.75223, -7.55942, 25.567]
						},
						"0.7": {
							"vector": [-16.11662, -6.30301, 25.96763]
						},
						"0.8": {
							"vector": [-16.20472, -6.09559, 27.0683]
						},
						"0.9667": {
							"vector": [-8.30743, -13.93564, 33.17477]
						}
					}
				},
				"chamber": {
					"rotation": {
						"vector": [0, 0, 0]
					},
					"position": {
						"vector": [0, 0, 0]
					}
				},
				"grenade2": {
					"rotation": {
						"0.0": {
							"vector": [0, 0, 0]
						},
						"0.3": {
							"vector": [0, 0, 0]
						},
						"0.4": {
							"vector": [-37.53189, -2.18141, 1.6749]
						},
						"0.4333": {
							"vector": [-21.53189, -2.18141, 1.6749]
						},
						"0.4667": {
							"vector": [-45.53189, -2.18141, 1.6749]
						},
						"0.5667": {
							"vector": [0, 0, 5.25]
						},
						"0.6": {
							"vector": [0, 0, 0]
						},
						"0.7": {
							"vector": [0, 0, 0]
						}
					},
					"position": {
						"0.0": {
							"vector": [0, 0, 0]
						},
						"0.2": {
							"vector": [0, 0, 0]
						},
						"0.3": {
							"vector": [0, 0, 7.25]
						},
						"0.4": {
							"vector": [-1.19627, -6.59837, 14.79589]
						},
						"0.4333": {
							"vector": [-0.2567, -7.34586, 18.22967]
						},
						"0.4667": {
							"vector": [-0.03645, -5.12096, 15.13835]
						},
						"0.5667": {
							"vector": [0, 0, 6.45]
						},
						"0.6": {
							"vector": [0, 0, 6.25]
						},
						"0.7": {
							"vector": [0, 0, 0],
							"easing": "easeInQuad"
						}
					}
				},
				"_camera_": {
					"rotation": {
						"0.0": {
							"vector": [0.52359, 0.47009, 0.1943],
							"easing": "easeOutSine"
						},
						"0.1667": {
							"vector": [1.02883, 0.71837, -0.30152],
							"easing": "easeInOutSine"
						},
						"0.2667": {
							"vector": [1.31184, 1.21984, -1.22433]
						},
						"0.4": {
							"vector": [1.52631, 1.22095, 0.70908],
							"easing": "easeOutQuad"
						},
						"0.6": {
							"vector": [0.52615, 1.23314, -0.56234]
						},
						"0.7": {
							"vector": [0.52615, 1.23314, 1.68766]
						},
						"0.8": {
							"vector": [1.27676, 0.7339, -0.05272]
						},
						"0.9667": {
							"vector": [0.52359, 0.47009, 0.1943],
							"easing": "easeInOutSine"
						}
					}
				}
			},
			"sound_effects": {
				"0.2": {
					"effect": "mgl_unload"
				},
				"0.4667": {
					"effect": "mgl_load"
				}
			}
		},
		"animation.model.fire": {
			"loop": true,
			"animation_length": 0.95,
			"bones": {
				"main": {
					"rotation": {
						"0.0": {
							"vector": [0, 0, 0]
						},
						"0.0583": {
							"vector": [-12.20692, -1.55894, -15.17954]
						},
						"0.1583": {
							"vector": [-9.22222, -1.44588, -0.50904]
						},
						"0.3417": {
							"vector": [1.2514, 0.47969, 1.82959],
							"easing": "easeInOutSine"
						},
						"0.4417": {
							"vector": [-0.64609, -0.7849, -2.39997],
							"easing": "easeOutSine"
						},
						"0.5417": {
							"vector": [0, 0, 0]
						}
					},
					"position": {
						"0.0": {
							"vector": [0, 0, 0]
						},
						"0.0583": {
							"vector": [0, -1, 4.25]
						},
						"0.3417": {
							"vector": [0.3, -0.22, 2.66],
							"easing": "easeInSine"
						},
						"0.5417": {
							"vector": [0, 0, 0],
							"easing": "easeOutSine"
						}
					}
				},
				"chamber": {
					"rotation": {
						"0.0": {
							"vector": [0, 0, 0]
						},
						"0.0083": {
							"vector": [0, 0, -60]
						},
						"0.2": {
							"vector": [0, 0, -60]
						},
						"0.3417": {
							"vector": [0, 0, 0]
						}
					},
					"position": {
						"0.0": {
							"vector": [0, 0, 0]
						},
						"0.0083": {
							"vector": [0.7, 0, 0]
						},
						"0.2": {
							"vector": [0.7, 0, 0]
						},
						"0.3417": {
							"vector": [0, 0, 0]
						}
					}
				},
				"leftarm": {
					"rotation": {
						"0.0": {
							"vector": [0, 0, 0]
						},
						"0.0833": {
							"vector": [-9.39368, 14.49881, -0.21824]
						},
						"0.475": {
							"vector": [0, 0, 0],
							"easing": "easeInOutSine"
						}
					},
					"position": {
						"0.0": {
							"vector": [0, 0, 0]
						},
						"0.0833": {
							"vector": [3.84547, -0.18124, -0.04507]
						},
						"0.475": {
							"vector": [0, 0, 0],
							"easing": "easeInOutSine"
						}
					}
				},
				"_camera_": {
					"rotation": {
						"0.0": {
							"vector": [0, 0, 0]
						},
						"0.0583": {
							"vector": [-8.25173, 0.08831, -2.24827]
						},
						"0.15": {
							"vector": [-2.22524, 0.03178, -0.68822]
						},
						"0.2917": {
							"vector": [1.5, 0, 0],
							"easing": "easeOutSine"
						},
						"0.4": {
							"vector": [0, 0, 0.5],
							"easing": "easeOutSine"
						}
					}
				}
			}
		},
		"animation.model.inspect": {
			"loop": true,
			"animation_length": 3.8667,
			"bones": {
				"main": {
					"rotation": {
						"0.0": {
							"vector": [0, 0, 0]
						},
						"0.3833": {
							"vector": [-29.44262, -26.18546, -34.23932],
							"easing": "easeInOutSine"
						},
						"0.5833": {
							"vector": [-25.66355, -30.15715, -39.48985],
							"easing": "easeInOutSine"
						},
						"0.75": {
							"vector": [-26.20197, -29.09604, -36.88538]
						},
						"0.9833": {
							"vector": [-25.16868, -30.1749, -39.48015]
						},
						"1.15": {
							"vector": [-25.56019, -29.85361, -38.69749]
						},
						"1.3": {
							"vector": [-25.16868, -30.1749, -39.48015]
						},
						"1.6333": {
							"vector": [-14.53891, -28.44406, -54.05815],
							"easing": "easeInOutSine"
						},
						"1.8833": {
							"vector": [-17.48553, -28.03441, -48.28909]
						},
						"2.1167": {
							"vector": [-16.58345, -28.54551, -50.19041]
						},
						"2.35": {
							"vector": [-17.54583, -27.99736, -48.15965]
						},
						"2.5667": {
							"vector": [-17.23061, -28.18358, -48.83013]
						},
						"2.8333": {
							"vector": [-17.61225, -27.95903, -48.01913]
						},
						"3.05": {
							"vector": [-17.54583, -27.99736, -48.15965]
						},
						"3.2167": {
							"vector": [-17.23061, -28.18358, -48.83013]
						},
						"3.5833": {
							"vector": [1.61319, -3.10304, -1.91461],
							"easing": "easeInOutSine"
						},
						"3.6833": {
							"vector": [1.01559, -0.41099, 2.59039],
							"easing": "linear"
						},
						"3.7667": {
							"vector": [0, 0, -1],
							"easing": "linear"
						},
						"3.8667": {
							"vector": [0, 0, 0],
							"easing": "linear"
						}
					},
					"position": {
						"0.0": {
							"vector": [0, 0, 0]
						},
						"0.2833": {
							"vector": [0, 0.875, -6],
							"easing": "easeInOutSine"
						},
						"0.4833": {
							"vector": [0, -1.075, -6],
							"easing": "easeInOutSine"
						},
						"0.6667": {
							"vector": [0, -0.075, -6],
							"easing": "easeInOutSine"
						},
						"0.9": {
							"vector": [0, -0.18, -6]
						},
						"1.1333": {
							"vector": [0, -0.055, -6.3],
							"easing": "easeInSine"
						},
						"1.8167": {
							"vector": [-0.075, 3.67, -10.05],
							"easing": "easeInOutSine"
						},
						"2.0": {
							"vector": [0, 3.97, -10.25],
							"easing": "easeOutSine"
						},
						"2.2167": {
							"vector": [0.075, 3.72, -10.25]
						},
						"2.5": {
							"vector": [0, 3.845, -10.25],
							"easing": "easeInOutSine"
						},
						"2.7833": {
							"vector": [0.075, 3.97, -10.25]
						},
						"3.0667": {
							"vector": [0, 3.145, -10.25],
							"easing": "easeInOutSine"
						},
						"3.4833": {
							"vector": [0.02894, -4.10775, -6.07797],
							"easing": "easeInSine"
						},
						"3.6833": {
							"vector": [-0.01609, -0.39395, 1.21284],
							"easing": "easeInOutSine"
						},
						"3.7667": {
							"vector": [0, 0, -0.125],
							"easing": "linear"
						},
						"3.85": {
							"vector": [0, 0, 0],
							"easing": "linear"
						}
					}
				},
				"rightarm": {
					"rotation": {
						"0.0": {
							"vector": [0, 0, 0]
						},
						"0.25": {
							"vector": [0.02105, -16.84578, -5.38243]
						},
						"1.4167": {
							"vector": [0.02105, -16.84578, -5.38243]
						},
						"1.7": {
							"vector": [4.77105, -16.84578, -5.38243]
						},
						"3.3667": {
							"vector": [4.77105, -16.84578, -5.38243]
						},
						"3.6167": {
							"vector": [0, 0, 0]
						}
					},
					"position": {
						"0.0": {
							"vector": [0, 0, 0]
						},
						"0.25": {
							"vector": [-7.12233, -1.49334, 5.28973]
						},
						"1.4167": {
							"vector": [-7.12233, -1.49334, 5.28973]
						},
						"1.7": {
							"vector": [-7.71934, 1.50805, 5.61884]
						},
						"3.3667": {
							"vector": [-7.71934, 1.50805, 5.61884]
						},
						"3.6167": {
							"vector": [0, 0, 0]
						}
					},
					"scale": {
						"0.0": {
							"vector": [1, 1, 1]
						},
						"0.25": {
							"vector": [1.1, 1.3, 1.1]
						},
						"3.3667": {
							"vector": [1.1, 1.3, 1.1]
						},
						"3.6167": {
							"vector": [1, 1, 1]
						}
					}
				},
				"leftarm": {
					"rotation": {
						"0.0": {
							"vector": [0, 0, 0]
						},
						"0.2": {
							"vector": [137.03218, 14.44823, 69.32954]
						},
						"3.3833": {
							"vector": [137.03218, 14.44823, 69.32954]
						},
						"3.6167": {
							"vector": [0, 0, 0]
						}
					},
					"position": {
						"0.0": {
							"vector": [0, 0, 0]
						},
						"0.2": {
							"vector": [5.81369, -12.80407, 35.57256]
						},
						"3.3833": {
							"vector": [5.81369, -12.80407, 35.57256]
						},
						"3.6167": {
							"vector": [0, 0, 0]
						}
					}
				},
				"_camera_": {
					"rotation": {
						"0.0": {
							"vector": [0, 0, 0]
						},
						"0.3833": {
							"vector": [4.51311, 2.24746, 1.34202],
							"easing": "easeInOutSine"
						},
						"0.55": {
							"vector": [4.57467, 2.79371, -0.62326]
						},
						"0.7833": {
							"vector": [4.8606, 3.07513, 1.453]
						},
						"0.9833": {
							"vector": [4.90589, 3.43865, 0.44671]
						},
						"1.2167": {
							"vector": [5.51805, 3.49358, 1.44056],
							"easing": "easeInSine"
						},
						"1.7333": {
							"vector": [6.87716, 5.72449, 0.10108],
							"easing": "easeInOutSine"
						},
						"2.1333": {
							"vector": [6.9512, 5.6342, 0.8493]
						},
						"2.7167": {
							"vector": [6.95073, 5.63465, 0.84513]
						},
						"3.1333": {
							"vector": [6.87716, 5.72449, 0.10108],
							"easing": "easeInOutSine"
						},
						"3.5": {
							"vector": [1.24924, -0.00333, 0.0435],
							"easing": "easeInOutSine"
						},
						"3.6333": {
							"vector": [0.44082, -0.01767, 1.01624]
						},
						"3.8333": {
							"vector": [0, 0, 0],
							"easing": "easeOutSine"
						}
					}
				}
			},
			"sound_effects": {
				"0.0": {
					"effect": "inspect_up"
				},
				"3.1": {
					"effect": "draw"
				}
			}
		},
		"animation.model.finish": {
			"loop": true,
			"animation_length": 1.15,
			"bones": {
				"main": {
					"rotation": {
						"0.0": {
							"vector": [-0.00822, -3.05802, -53.98093],
							"easing": "easeOutSine"
						},
						"0.2333": {
							"vector": [-1.82727, -7.38162, -50.73373],
							"easing": "easeInOutSine"
						},
						"0.3167": {
							"vector": [-1.4366, -5.03395, -37.75294],
							"easing": "easeInOutSine"
						},
						"0.45": {
							"vector": [1.86422, -7.59261, -46.61268],
							"easing": "easeInOutSine"
						},
						"0.8833": {
							"vector": [-0.75664, -1.35424, 2.08865],
							"easing": "easeInOutSine"
						},
						"1.0333": {
							"vector": [-0.29883, 0.15563, -2.32219],
							"easing": "easeInOutSine"
						},
						"1.15": {
							"vector": [0, 0, 0],
							"easing": "easeOutSine"
						}
					},
					"position": {
						"0.0": {
							"vector": [5.345, -1.585, -0.325]
						},
						"0.1": {
							"vector": [5.725, -1.505, -1.27]
						},
						"0.2": {
							"vector": [5.94, -1.545, -1.36]
						},
						"0.3": {
							"vector": [6.155, -2.505, -1.095]
						},
						"0.4": {
							"vector": [5.58, -1.885, -1.36]
						},
						"0.5667": {
							"vector": [3.15, -4.64, -2.46],
							"easing": "easeInSine"
						},
						"0.7833": {
							"vector": [-0.28, 0.605, -3.795],
							"easing": "easeOutSine"
						},
						"0.9": {
							"vector": [-0.15, -1.07, 0.69],
							"easing": "easeInOutSine"
						},
						"1.05": {
							"vector": [0, -0.15, 0.375],
							"easing": "easeInOutSine"
						},
						"1.15": {
							"vector": [0, 0, 0],
							"easing": "easeOutSine"
						}
					}
				},
				"rotatey": {
					"rotation": {
						"0.0": {
							"vector": [0, 0, 85]
						},
						"0.2": {
							"vector": [0, 0, 85]
						},
						"0.3667": {
							"vector": [0, 0, -0.75]
						},
						"0.4333": {
							"vector": [0, 0, 0]
						}
					},
					"position": {
						"0.0": {
							"vector": [0, 0, 0]
						},
						"0.3667": {
							"vector": [0, 0, 0]
						},
						"0.4333": {
							"vector": [0, 0, 0]
						}
					}
				},
				"pulley": {
					"position": {
						"vector": [-0.02618, 0, -2.99989]
					}
				},
				"rightarm": {
					"rotation": {
						"0.0": {
							"vector": [-11.42216, 27.72828, 89.71324]
						},
						"0.2": {
							"vector": [-11.42216, 27.72828, 89.71324]
						},
						"0.4333": {
							"vector": [0, 0, 0]
						}
					},
					"position": {
						"0.0": {
							"vector": [-19.4905, 12.37433, 1.48433]
						},
						"0.2": {
							"vector": [-19.4905, 12.37433, 1.48433]
						},
						"0.3": {
							"vector": [-9.13643, 4.4545, 0.66329]
						},
						"0.3667": {
							"vector": [0.19176, 0.54873, 1.45507]
						},
						"0.4333": {
							"vector": [0, 0, 0]
						}
					}
				},
				"leftarm": {
					"rotation": {
						"0.0": {
							"vector": [10.60646, 25.39409, 19.04177]
						},
						"0.2167": {
							"vector": [-18.64595, -26.66096, 40.64369]
						},
						"0.6": {
							"vector": [-13.27834, -8.10242, 21.24652]
						},
						"0.85": {
							"vector": [0, 0, 0]
						}
					},
					"position": {
						"0.0": {
							"vector": [-8.30743, -13.93564, 33.17477]
						},
						"0.2167": {
							"vector": [-12.09616, -9.9848, 11.81741]
						},
						"0.6": {
							"vector": [-1.19755, -9.14534, 15.98282]
						},
						"0.7167": {
							"vector": [5.26165, -8.96484, 16.40448]
						},
						"0.85": {
							"vector": [0, 0, 0]
						}
					}
				},
				"_camera_": {
					"rotation": {
						"0.0": {
							"vector": [0.52359, 0.47009, 0.1943],
							"easing": "easeInOutSine"
						},
						"0.1167": {
							"vector": [1.93731, 0.2118, 0.69079],
							"easing": "easeInSine"
						},
						"0.3": {
							"vector": [0.2659, -0.30658, 1.68723],
							"easing": "easeInOutSine"
						},
						"0.3833": {
							"vector": [0.83212, -0.2597, 1.89366]
						},
						"0.5": {
							"vector": [0.58603, -0.15626, -1.47368]
						},
						"0.6333": {
							"vector": [0.29119, -0.08489, 0.28489],
							"easing": "easeInSine"
						},
						"0.7667": {
							"vector": [-0.00076, -0.00333, 0.0435],
							"easing": "easeOutSine"
						},
						"0.8667": {
							"vector": [-0.30918, -0.01767, 1.01624]
						},
						"0.9667": {
							"vector": [0.17256, -0.0039, -0.6024]
						},
						"1.1": {
							"vector": [0, 0, 0],
							"easing": "easeOutSine"
						}
					}
				}
			},
			"sound_effects": {
				"0.0": {
					"effect": "dbshotgun_close"
				},
				"0.2333": {
					"effect": "mgl_close"
				},
				"0.4": {
					"effect": "foley_end"
				}
			}
		}
	},
	"geckolib_format_version": 2
}