{
	"format_version": "1.8.0",
	"animations": {
		"animation.model.draw": {
			"loop": true,
			"animation_length": 1.7167,
			"bones": {
				"main": {
					"rotation": {
						"0.0": {
							"vector": [-50.60123, -38.99394, 92.01937]
						},
						"0.35": {
							"vector": [-1.30483, -2.62363, -1.25029],
							"easing": "easeInOutSine"
						},
						"0.45": {
							"vector": [-0.78601, -1.33741, 3.33888]
						},
						"0.5667": {
							"vector": [0, 0, 0],
							"easing": "easeInOutSine"
						}
					},
					"position": {
						"0.0": {
							"vector": [0, -17.3, 0]
						},
						"0.2833": {
							"vector": [-0.28, 0.155, -3.795],
							"easing": "easeOutSine"
						},
						"0.5667": {
							"vector": [0, 0, 0]
						}
					}
				},
				"leftarm": {
					"rotation": {
						"0.0": {
							"vector": [-22, 0, 0]
						},
						"0.1167": {
							"vector": [-7, 0, -22]
						},
						"0.3667": {
							"vector": [0, 0, 0]
						}
					},
					"position": {
						"0.0": {
							"vector": [3.325, -2.275, 0]
						},
						"0.1167": {
							"vector": [6.01401, 5.6254, 6.79783]
						},
						"0.3667": {
							"vector": [0, 0, 0]
						}
					}
				},
				"_camera_": {
					"rotation": {
						"0.0": {
							"vector": [0, 0, 0]
						},
						"0.15": {
							"vector": [1.80315, -1.89688, -1.62846],
							"easing": "easeInOutSine"
						},
						"0.2667": {
							"vector": [1.24924, -0.00333, 0.0435]
						},
						"0.3667": {
							"vector": [0.44082, -0.01767, 1.01624]
						},
						"0.4833": {
							"vector": [0, 0, 0],
							"easing": "easeOutSine"
						}
					}
				}
			},
			"sound_effects": {
				"0.0": {
					"effect": "draw"
				}
			}
		},
		"animation.model.reload": {
			"loop": true,
			"animation_length": 1.9667,
			"bones": {
				"main": {
					"rotation": {
						"0.0": {
							"vector": [0, 0, 0]
						},
						"0.3": {
							"vector": [-8.11057, -28.36544, 14.16615],
							"easing": "easeInOutSine"
						},
						"0.3833": {
							"vector": [-4.69675, -31.47505, 11.44994]
						},
						"0.4667": {
							"vector": [-8.61775, -34.05444, 15.14371],
							"easing": "easeInOutSine"
						},
						"0.6167": {
							"vector": [-9.73775, -25.96435, 22.83586]
						},
						"0.7667": {
							"vector": [-9.65073, -29.49106, 22.94837]
						},
						"0.9333": {
							"vector": [-9.35676, -29.5045, 23.82582]
						},
						"1.2167": {
							"vector": [-8.00057, -26.88024, 13.92892],
							"easing": "easeInOutSine"
						},
						"1.3": {
							"vector": [-7.09492, -23.35952, 11.74281]
						},
						"1.3833": {
							"vector": [-8.17126, -23.98464, 12.53904]
						},
						"1.4833": {
							"vector": [-4.31987, -24.1564, 13.50959],
							"easing": "easeInOutSine"
						},
						"1.5667": {
							"vector": [-5.72083, -19.87821, 10.57705]
						},
						"1.75": {
							"vector": [-1.30483, -2.62363, -1.25029],
							"easing": "easeInOutSine"
						},
						"1.85": {
							"vector": [-0.78601, -1.33741, 3.33888]
						},
						"1.9667": {
							"vector": [0, 0, 0],
							"easing": "easeInOutSine"
						}
					},
					"position": {
						"0.0": {
							"vector": [0, 0, 0]
						},
						"0.1667": {
							"vector": [4.67, -7, 0.61],
							"easing": "easeOutSine"
						},
						"0.25": {
							"vector": [6.1, -5, 1.55]
						},
						"0.4": {
							"vector": [5.55, -5.1, 3.175]
						},
						"0.5": {
							"vector": [6.1, -5, 1.55]
						},
						"0.65": {
							"vector": [7, -7.75, 1.55]
						},
						"0.7833": {
							"vector": [6.725, -8.505, 0.925]
						},
						"0.9": {
							"vector": [6.725, -8.375, 1.4]
						},
						"1.1667": {
							"vector": [6.72915, -6.14664, -1.20719],
							"easing": "easeInOutSine"
						},
						"1.3": {
							"vector": [6.1, -5, 1.55],
							"easing": "linear"
						},
						"1.3833": {
							"vector": [6.13691, -4.77964, 1.57655]
						},
						"1.4333": {
							"vector": [6.1, -5, 1.55]
						},
						"1.5667": {
							"vector": [3.2, -7.485, -3.15],
							"easing": "easeInSine"
						},
						"1.8167": {
							"vector": [-0.28, 0.155, -3.795],
							"easing": "easeOutSine"
						},
						"1.9667": {
							"vector": [0, 0, 0]
						}
					}
				},
				"magazine": {
					"rotation": {
						"0.0": {
							"vector": [0, 0, 0]
						},
						"0.3": {
							"vector": [0, 0, 0]
						},
						"0.3833": {
							"vector": [4.75, 0, 0]
						},
						"0.5": {
							"vector": [4.75, 0, 0]
						},
						"0.6667": {
							"vector": [1.22215, 38.01429, 15.48977]
						},
						"0.9": {
							"vector": [1.22215, 38.01429, 15.48977]
						},
						"1.15": {
							"vector": [4.74118, -0.28965, 3.48801]
						},
						"1.2333": {
							"vector": [4.73542, 0.37226, -4.48461]
						},
						"1.2833": {
							"vector": [4.23542, 0.37226, -4.48461]
						},
						"1.4": {
							"vector": [7.25, 0, 0]
						},
						"1.45": {
							"vector": [0, 0, 0]
						}
					},
					"position": {
						"0.0": {
							"vector": [0, 0, 0]
						},
						"0.3": {
							"vector": [0, 0, 0]
						},
						"0.3833": {
							"vector": [0, 0, 0]
						},
						"0.5": {
							"vector": [0, 1.25, 16.65]
						},
						"0.5833": {
							"vector": [6.93, 1.72, 29.84]
						},
						"0.6667": {
							"vector": [13.85, -1.3, 43.025]
						},
						"0.9": {
							"vector": [13.85, -1.3, 43.025]
						},
						"1.0167": {
							"vector": [6.93, 1.72, 29.84]
						},
						"1.15": {
							"vector": [0, 1.25, 16.65]
						},
						"1.2333": {
							"vector": [0, 0, 0]
						},
						"1.2833": {
							"vector": [0, 0, 0]
						},
						"1.4": {
							"vector": [0, -0.35, 0]
						},
						"1.45": {
							"vector": [0, 0, 0]
						}
					}
				},
				"leftarm": {
					"rotation": {
						"0.0": {
							"vector": [0, 0, 0]
						},
						"0.2333": {
							"vector": [-48.93412, 3.25648, -40.4446]
						},
						"0.3": {
							"vector": [-50.88978, 8.9974, -40.11841]
						},
						"0.3833": {
							"vector": [-52.16726, -0.93107, -46.98216]
						},
						"0.5": {
							"vector": [-74.62223, 3.338, -47.12841]
						},
						"1.0167": {
							"vector": [-74.62223, 3.338, -47.12841]
						},
						"1.2333": {
							"vector": [-52.16726, -0.93107, -46.98216]
						},
						"1.2833": {
							"vector": [-52.25372, -0.4974, -49.23241]
						},
						"1.4": {
							"vector": [-52.12819, 1.31958, -43.98163]
						},
						"1.45": {
							"vector": [-50.71823, 4.02914, -59.51191]
						},
						"1.5167": {
							"vector": [-50.71823, 4.02914, -59.51191]
						},
						"1.85": {
							"vector": [0, 0, 0]
						}
					},
					"position": {
						"0.0": {
							"vector": [0, 0, 0]
						},
						"0.1167": {
							"vector": [16.095, 9.82, 3.61]
						},
						"0.2333": {
							"vector": [12.875, 18.55, 6.825]
						},
						"0.3": {
							"vector": [12.88, 18.55, 6.28]
						},
						"0.3833": {
							"vector": [12.88, 23.85, 5.455]
						},
						"0.5": {
							"vector": [10.205, 23.85, 13.91]
						},
						"0.5833": {
							"vector": [26.35, 22.8, 24.66]
						},
						"1.0167": {
							"vector": [26.35, 22.8, 24.66]
						},
						"1.15": {
							"vector": [10.205, 23.85, 13.91]
						},
						"1.2333": {
							"vector": [12.88, 23.85, 5.455]
						},
						"1.2833": {
							"vector": [12.88, 24.5, 5.46]
						},
						"1.4": {
							"vector": [12.88, 23.85, 5.455]
						},
						"1.45": {
							"vector": [12.475, 26.25, 6.1]
						},
						"1.5167": {
							"vector": [12.475, 26.25, 6.1]
						},
						"1.6333": {
							"vector": [17.84, 16.85, 5.39]
						},
						"1.6833": {
							"vector": [15.74, 9.805, 4.85]
						},
						"1.85": {
							"vector": [0, 0, 0]
						}
					}
				},
				"_camera_": {
					"rotation": {
						"0.0": {
							"vector": [0, 0, 0]
						},
						"0.25": {
							"vector": [2.50325, -0.73909, -0.24978],
							"easing": "easeInOutSine"
						},
						"0.4": {
							"vector": [2.50084, 0.05593, -0.0363]
						},
						"0.4833": {
							"vector": [2.4986, 0.53154, -0.69473]
						},
						"0.5667": {
							"vector": [2.49493, -0.20185, 1.77561]
						},
						"0.65": {
							"vector": [2.50959, -0.71722, -0.74934]
						},
						"0.7833": {
							"vector": [2.48164, -1.2821, 0.72767]
						},
						"0.9667": {
							"vector": [3.7538, -0.12028, 0.06049],
							"easing": "easeInSine"
						},
						"1.15": {
							"vector": [2.50332, 0.97649, 0.57593],
							"easing": "easeOutSine"
						},
						"1.3": {
							"vector": [2.47361, 1.7692, -0.39082]
						},
						"1.4": {
							"vector": [2.49654, 1.73668, 0.35883]
						},
						"1.4667": {
							"vector": [3.20025, 1.80468, -1.14033]
						},
						"1.5833": {
							"vector": [2.22859, 1.14387, 1.47132]
						},
						"1.8333": {
							"vector": [0, 0, 0],
							"easing": "easeInOutSine"
						}
					}
				}
			},
			"sound_effects": {
				"0.0": {
					"effect": "foley_start"
				},
				"0.2": {
					"effect": "p90_magout"
				},
				"1.0333": {
					"effect": "p90_magin"
				},
				"1.4667": {
					"effect": "foley_end"
				}
			}
		},
		"animation.model.reloadempty": {
			"loop": true,
			"animation_length": 2.5333,
			"bones": {
				"main": {
					"rotation": {
						"0.0": {
							"vector": [0, 0, 0]
						},
						"0.3": {
							"vector": [-8.11057, -28.36544, 14.16615],
							"easing": "easeInOutSine"
						},
						"0.3833": {
							"vector": [-4.69675, -31.47505, 11.44994]
						},
						"0.4667": {
							"vector": [-8.61775, -34.05444, 15.14371],
							"easing": "easeInOutSine"
						},
						"0.6167": {
							"vector": [-9.73775, -25.96435, 22.83586]
						},
						"0.7667": {
							"vector": [-9.65073, -29.49106, 22.94837]
						},
						"0.9333": {
							"vector": [-9.35676, -29.5045, 23.82582]
						},
						"1.2167": {
							"vector": [-8.00057, -26.88024, 13.92892],
							"easing": "easeInOutSine"
						},
						"1.3": {
							"vector": [-7.09492, -23.35952, 11.74281]
						},
						"1.3833": {
							"vector": [-8.17126, -23.98464, 12.53904]
						},
						"1.4833": {
							"vector": [-4.31987, -24.1564, 13.50959],
							"easing": "easeInOutSine"
						},
						"1.75": {
							"vector": [-6.22276, -16.21526, 12.02385],
							"easing": "easeInOutSine"
						},
						"1.85": {
							"vector": [-6.10321, -17.59724, 10.65132]
						},
						"1.9333": {
							"vector": [-7.15155, -18.33909, 13.32777]
						},
						"2.0333": {
							"vector": [-3.70179, -19.56036, 8.95123]
						},
						"2.1167": {
							"vector": [-5.62698, -19.1127, 14.76099]
						},
						"2.3167": {
							"vector": [-1.30483, -2.62363, -1.25029],
							"easing": "easeInOutSine"
						},
						"2.4167": {
							"vector": [-0.78601, -1.33741, 3.33888]
						},
						"2.5333": {
							"vector": [0, 0, 0],
							"easing": "easeInOutSine"
						}
					},
					"position": {
						"0.0": {
							"vector": [0, 0, 0]
						},
						"0.1667": {
							"vector": [4.67, -7, 0.61],
							"easing": "easeOutSine"
						},
						"0.25": {
							"vector": [6.1, -5, 1.55]
						},
						"0.4": {
							"vector": [5.55, -5.1, 3.175]
						},
						"0.5": {
							"vector": [6.1, -5, 1.55]
						},
						"0.65": {
							"vector": [7, -7.75, 1.55]
						},
						"0.7833": {
							"vector": [6.725, -8.505, 0.925]
						},
						"0.9": {
							"vector": [6.725, -8.375, 1.4]
						},
						"1.1667": {
							"vector": [6.72915, -6.14664, -1.20719],
							"easing": "easeInOutSine"
						},
						"1.3": {
							"vector": [6.1, -5, 1.55],
							"easing": "linear"
						},
						"1.3833": {
							"vector": [6.13691, -4.77964, 1.57655]
						},
						"1.4333": {
							"vector": [6.1, -5, 1.55]
						},
						"1.8": {
							"vector": [2.15702, -7.60201, -0.91851],
							"easing": "easeOutSine"
						},
						"1.9": {
							"vector": [2.01, -7.6, -0.77]
						},
						"1.9667": {
							"vector": [1.776, -7.62561, 0.86923]
						},
						"2.0333": {
							"vector": [2.01, -7.6, -1.915]
						},
						"2.1833": {
							"vector": [0.25568, -6.44726, 2.18796]
						},
						"2.4333": {
							"vector": [-0.28, 0.155, -3.795],
							"easing": "easeInOutSine"
						},
						"2.5333": {
							"vector": [0, 0, 0]
						}
					}
				},
				"magazine": {
					"rotation": {
						"0.0": {
							"vector": [0, 0, 0]
						},
						"0.3": {
							"vector": [0, 0, 0]
						},
						"0.3833": {
							"vector": [4.75, 0, 0]
						},
						"0.5": {
							"vector": [4.75, 0, 0]
						},
						"0.6667": {
							"vector": [1.22215, 38.01429, 15.48977]
						},
						"0.9": {
							"vector": [1.22215, 38.01429, 15.48977]
						},
						"1.15": {
							"vector": [4.74118, -0.28965, 3.48801]
						},
						"1.2333": {
							"vector": [4.73542, 0.37226, -4.48461]
						},
						"1.2833": {
							"vector": [4.23542, 0.37226, -4.48461]
						},
						"1.4": {
							"vector": [7.25, 0, 0]
						},
						"1.45": {
							"vector": [0, 0, 0]
						}
					},
					"position": {
						"0.0": {
							"vector": [0, 0, 0]
						},
						"0.3": {
							"vector": [0, 0, 0]
						},
						"0.3833": {
							"vector": [0, 0, 0]
						},
						"0.5": {
							"vector": [0, 1.25, 16.65]
						},
						"0.5833": {
							"vector": [6.93, 1.72, 29.84]
						},
						"0.6667": {
							"vector": [13.85, -1.3, 43.025]
						},
						"0.9": {
							"vector": [13.85, -1.3, 43.025]
						},
						"1.0167": {
							"vector": [6.93, 1.72, 29.84]
						},
						"1.15": {
							"vector": [0, 1.25, 16.65]
						},
						"1.2333": {
							"vector": [0, 0, 0]
						},
						"1.2833": {
							"vector": [0, 0, 0]
						},
						"1.4": {
							"vector": [0, -0.35, 0]
						},
						"1.45": {
							"vector": [0, 0, 0]
						}
					}
				},
				"leftarm": {
					"rotation": {
						"0.0": {
							"vector": [0, 0, 0]
						},
						"0.2333": {
							"vector": [-48.93412, 3.25648, -40.4446]
						},
						"0.3": {
							"vector": [-50.88978, 8.9974, -40.11841]
						},
						"0.3833": {
							"vector": [-52.16726, -0.93107, -46.98216]
						},
						"0.5": {
							"vector": [-74.62223, 3.338, -47.12841]
						},
						"1.0167": {
							"vector": [-74.62223, 3.338, -47.12841]
						},
						"1.2333": {
							"vector": [-52.16726, -0.93107, -46.98216]
						},
						"1.2833": {
							"vector": [-52.25372, -0.4974, -49.23241]
						},
						"1.4": {
							"vector": [-52.12819, 1.31958, -43.98163]
						},
						"1.45": {
							"vector": [-50.71823, 4.02914, -59.51191]
						},
						"1.5167": {
							"vector": [-50.71823, 4.02914, -59.51191]
						},
						"1.8": {
							"vector": [-3.96691, 19.28414, -29.16118]
						},
						"1.85": {
							"vector": [-3.96691, 19.28414, -29.16118]
						},
						"1.9333": {
							"vector": [-2.38369, 8.93995, -24.96384]
						},
						"1.9833": {
							"vector": [-2.38369, 8.93995, -24.96384]
						},
						"2.0333": {
							"vector": [-39.33561, 10.94965, -33.3965]
						},
						"2.4": {
							"vector": [0, 0, 0]
						}
					},
					"position": {
						"0.0": {
							"vector": [0, 0, 0]
						},
						"0.1167": {
							"vector": [16.095, 9.82, 3.61]
						},
						"0.2333": {
							"vector": [12.875, 18.55, 6.825]
						},
						"0.3": {
							"vector": [12.88, 18.55, 6.28]
						},
						"0.3833": {
							"vector": [12.88, 23.85, 5.455]
						},
						"0.5": {
							"vector": [10.205, 23.85, 13.91]
						},
						"0.5833": {
							"vector": [26.35, 22.8, 24.66]
						},
						"1.0167": {
							"vector": [26.35, 22.8, 24.66]
						},
						"1.15": {
							"vector": [10.205, 23.85, 13.91]
						},
						"1.2333": {
							"vector": [12.88, 23.85, 5.455]
						},
						"1.2833": {
							"vector": [12.88, 24.5, 5.46]
						},
						"1.4": {
							"vector": [12.88, 23.85, 5.455]
						},
						"1.45": {
							"vector": [12.475, 26.25, 6.1]
						},
						"1.5167": {
							"vector": [12.475, 26.25, 6.1]
						},
						"1.6333": {
							"vector": [17.84, 16.85, 5.39]
						},
						"1.7167": {
							"vector": [17.30246, 15.18631, -0.15065]
						},
						"1.8": {
							"vector": [10.30136, 17.57441, -3.22143]
						},
						"1.85": {
							"vector": [10.30136, 17.57441, -3.22143]
						},
						"1.9333": {
							"vector": [8.83183, 12.9144, 4.32556]
						},
						"1.9833": {
							"vector": [8.83183, 12.9144, 4.32556]
						},
						"2.0333": {
							"vector": [20.10123, 15.12563, 10.88618]
						},
						"2.1333": {
							"vector": [27.09953, 10.41428, 21.2614]
						},
						"2.25": {
							"vector": [15.74, 9.805, 4.85]
						},
						"2.4": {
							"vector": [0, 0, 0]
						}
					}
				},
				"_camera_": {
					"rotation": {
						"0.0": {
							"vector": [0, 0, 0]
						},
						"0.25": {
							"vector": [2.50325, -0.73909, -0.24978],
							"easing": "easeInOutSine"
						},
						"0.4": {
							"vector": [2.50084, 0.05593, -0.0363]
						},
						"0.4833": {
							"vector": [2.4986, 0.53154, -0.69473]
						},
						"0.5667": {
							"vector": [2.49493, -0.20185, 1.77561]
						},
						"0.65": {
							"vector": [2.50959, -0.71722, -0.74934]
						},
						"0.7833": {
							"vector": [2.48164, -1.2821, 0.72767]
						},
						"0.9667": {
							"vector": [3.7538, -0.12028, 0.06049],
							"easing": "easeInSine"
						},
						"1.15": {
							"vector": [2.50332, 0.97649, 0.57593],
							"easing": "easeOutSine"
						},
						"1.3": {
							"vector": [2.47361, 1.7692, -0.39082]
						},
						"1.4": {
							"vector": [2.49654, 1.73668, 0.35883]
						},
						"1.4667": {
							"vector": [3.20025, 1.80468, -1.14033]
						},
						"1.5833": {
							"vector": [2.22859, 1.14387, 1.47132]
						},
						"1.75": {
							"vector": [2.18755, 1.94148, 0.25073]
						},
						"1.8833": {
							"vector": [2.20545, 2.10528, 0.78391]
						},
						"1.9667": {
							"vector": [2.23761, 1.63913, 1.84612]
						},
						"2.0667": {
							"vector": [2.18734, 1.22094, -0.52762]
						},
						"2.1833": {
							"vector": [1.74089, 0.93228, 0.58374]
						},
						"2.45": {
							"vector": [0, 0, 0],
							"easing": "easeInOutSine"
						}
					}
				},
				"action": {
					"position": {
						"0.0": {
							"vector": [0, 0, 0]
						},
						"1.85": {
							"vector": [0, 0, 0]
						},
						"1.9333": {
							"vector": [0, 0, 8]
						},
						"1.9833": {
							"vector": [0, 0, 8]
						},
						"2.0167": {
							"vector": [0, 0, 0]
						}
					}
				}
			},
			"sound_effects": {
				"0.0": {
					"effect": "foley_start"
				},
				"0.2": {
					"effect": "p90_magout"
				},
				"1.0333": {
					"effect": "p90_magin"
				},
				"1.7333": {
					"effect": "m4_actionforward"
				},
				"1.75": {
					"effect": "m4_actionback"
				},
				"2.0333": {
					"effect": "foley_end"
				}
			}
		},
		"animation.model.inspect": {
			"loop": true,
			"animation_length": 3.8667,
			"bones": {
				"main": {
					"rotation": {
						"0.0": {
							"vector": [0, 0, 0]
						},
						"0.3833": {
							"vector": [-29.44262, -26.18546, -34.23932],
							"easing": "easeInOutSine"
						},
						"0.5833": {
							"vector": [-25.66355, -30.15715, -39.48985],
							"easing": "easeInOutSine"
						},
						"0.75": {
							"vector": [-26.20197, -29.09604, -36.88538]
						},
						"0.9833": {
							"vector": [-25.16868, -30.1749, -39.48015]
						},
						"1.15": {
							"vector": [-25.56019, -29.85361, -38.69749]
						},
						"1.3": {
							"vector": [-25.16868, -30.1749, -39.48015]
						},
						"1.6333": {
							"vector": [-14.53891, -28.44406, -54.05815],
							"easing": "easeInOutSine"
						},
						"1.8833": {
							"vector": [-17.48553, -28.03441, -48.28909]
						},
						"2.1167": {
							"vector": [-16.58345, -28.54551, -50.19041]
						},
						"2.35": {
							"vector": [-17.54583, -27.99736, -48.15965]
						},
						"2.5667": {
							"vector": [-17.23061, -28.18358, -48.83013]
						},
						"2.8333": {
							"vector": [-17.61225, -27.95903, -48.01913]
						},
						"3.05": {
							"vector": [-17.54583, -27.99736, -48.15965]
						},
						"3.2167": {
							"vector": [-17.23061, -28.18358, -48.83013]
						},
						"3.5833": {
							"vector": [1.61319, -3.10304, -1.91461],
							"easing": "easeInOutSine"
						},
						"3.6833": {
							"vector": [1.01559, -0.41099, 2.59039],
							"easing": "linear"
						},
						"3.7667": {
							"vector": [0, 0, -1],
							"easing": "linear"
						},
						"3.8667": {
							"vector": [0, 0, 0],
							"easing": "linear"
						}
					},
					"position": {
						"0.0": {
							"vector": [0, 0, 0]
						},
						"0.2833": {
							"vector": [0, 7.875, 0],
							"easing": "easeInOutSine"
						},
						"0.4833": {
							"vector": [0, 5.925, 0],
							"easing": "easeInOutSine"
						},
						"0.6667": {
							"vector": [0, 6.925, 0],
							"easing": "easeInOutSine"
						},
						"0.9": {
							"vector": [0, 6.82, 0]
						},
						"1.1333": {
							"vector": [0, 6.945, -0.3],
							"easing": "easeInSine"
						},
						"1.8167": {
							"vector": [-0.075, 13.67, -4.05],
							"easing": "easeInOutSine"
						},
						"2.0": {
							"vector": [0, 13.97, -4.25],
							"easing": "easeOutSine"
						},
						"2.2167": {
							"vector": [0.075, 13.72, -4.25]
						},
						"2.5": {
							"vector": [0, 13.845, -4.25],
							"easing": "easeInOutSine"
						},
						"2.7833": {
							"vector": [0.075, 13.97, -4.25]
						},
						"3.0667": {
							"vector": [0, 13.145, -4.25],
							"easing": "easeInOutSine"
						},
						"3.4833": {
							"vector": [0.02894, -1.60775, -9.90297],
							"easing": "easeInSine"
						},
						"3.6833": {
							"vector": [-0.01609, -0.39395, 1.21284],
							"easing": "easeInOutSine"
						},
						"3.7667": {
							"vector": [0, 0, -0.125],
							"easing": "linear"
						},
						"3.85": {
							"vector": [0, 0, 0],
							"easing": "linear"
						}
					}
				},
				"rightarm": {
					"rotation": {
						"0.0": {
							"vector": [0, 0, 0]
						},
						"0.25": {
							"vector": [0.02105, -16.84578, -5.38243]
						},
						"1.4167": {
							"vector": [0.02105, -16.84578, -5.38243]
						},
						"1.7": {
							"vector": [4.77105, -16.84578, -5.38243]
						},
						"3.3667": {
							"vector": [4.77105, -16.84578, -5.38243]
						},
						"3.6167": {
							"vector": [0, 0, 0]
						}
					},
					"position": {
						"0.0": {
							"vector": [0, 0, 0]
						},
						"0.25": {
							"vector": [-7.12233, -1.49334, 5.28973]
						},
						"1.4167": {
							"vector": [-7.12233, -1.49334, 5.28973]
						},
						"1.7": {
							"vector": [-7.71934, 1.50805, 5.61884]
						},
						"3.3667": {
							"vector": [-7.71934, 1.50805, 5.61884]
						},
						"3.6167": {
							"vector": [0, 0, 0]
						}
					},
					"scale": {
						"0.0": {
							"vector": [1, 1, 1]
						},
						"0.25": {
							"vector": [1.1, 1.3, 1.1]
						},
						"3.3667": {
							"vector": [1.1, 1.3, 1.1]
						},
						"3.6167": {
							"vector": [1, 1, 1]
						}
					}
				},
				"leftarm": {
					"rotation": {
						"0.0": {
							"vector": [0, 0, 0]
						},
						"0.2": {
							"vector": [137.03218, 14.44823, 69.32954]
						},
						"3.3833": {
							"vector": [137.03218, 14.44823, 69.32954]
						},
						"3.6167": {
							"vector": [0, 0, 0]
						}
					},
					"position": {
						"0.0": {
							"vector": [0, 0, 0]
						},
						"0.2": {
							"vector": [5.81369, -12.80407, 35.57256]
						},
						"3.3833": {
							"vector": [5.81369, -12.80407, 35.57256]
						},
						"3.6167": {
							"vector": [0, 0, 0]
						}
					}
				},
				"_camera_": {
					"rotation": {
						"0.0": {
							"vector": [0, 0, 0]
						},
						"0.3833": {
							"vector": [4.51311, 2.24746, 1.34202],
							"easing": "easeInOutSine"
						},
						"0.55": {
							"vector": [4.57467, 2.79371, -0.62326]
						},
						"0.7833": {
							"vector": [4.8606, 3.07513, 1.453]
						},
						"0.9833": {
							"vector": [4.90589, 3.43865, 0.44671]
						},
						"1.2167": {
							"vector": [5.51805, 3.49358, 1.44056],
							"easing": "easeInSine"
						},
						"1.7333": {
							"vector": [6.87716, 5.72449, 0.10108],
							"easing": "easeInOutSine"
						},
						"2.1333": {
							"vector": [6.9512, 5.6342, 0.8493]
						},
						"2.7167": {
							"vector": [6.95073, 5.63465, 0.84513]
						},
						"3.1333": {
							"vector": [6.87716, 5.72449, 0.10108],
							"easing": "easeInOutSine"
						},
						"3.5": {
							"vector": [1.24924, -0.00333, 0.0435],
							"easing": "easeInOutSine"
						},
						"3.6333": {
							"vector": [0.44082, -0.01767, 1.01624]
						},
						"3.8333": {
							"vector": [0, 0, 0],
							"easing": "easeOutSine"
						}
					}
				}
			},
			"sound_effects": {
				"0.0": {
					"effect": "inspect_up"
				},
				"3.1": {
					"effect": "draw"
				}
			}
		},
		"animation.model.fire": {
			"loop": true,
			"animation_length": 0.4333,
			"bones": {
				"main": {
					"rotation": {
						"0.0": {
							"vector": [0, 0, 0]
						},
						"0.0333": {
							"vector": [1.24714, -0.14392, -0.99888]
						},
						"0.0833": {
							"vector": [-1.7, -0.08804, -1.55489]
						},
						"0.2333": {
							"vector": [0.3, 0.01681, 0.95037],
							"easing": "easeOutSine"
						},
						"0.2833": {
							"vector": [0, 0.00851, -0.52127]
						},
						"0.35": {
							"vector": [0, 0.0036, 0.23936]
						},
						"0.4333": {
							"vector": [0, 0, 0]
						}
					},
					"position": {
						"0.0": {
							"vector": [0, 0, 0]
						},
						"0.0667": {
							"vector": [0, 0, 1.425]
						},
						"0.2167": {
							"vector": [0.00635, -0.2249, 0.14196],
							"easing": "easeInSine"
						},
						"0.3167": {
							"vector": [0, 0, -0.1],
							"easing": "easeOutSine"
						},
						"0.4333": {
							"vector": [0, 0, 0],
							"easing": "easeInOutSine"
						}
					}
				},
				"leftarm": {
					"rotation": {
						"0.0": {
							"vector": [0, 0, 0]
						},
						"0.1": {
							"vector": [-1.76981, 2.09764, -1.59668]
						},
						"0.3167": {
							"vector": [0, 0, 0]
						}
					},
					"position": {
						"0.0": {
							"vector": [0, 0, 0]
						},
						"0.1": {
							"vector": [1.19972, -0.02575, -0.00263]
						},
						"0.3167": {
							"vector": [0, 0, 0]
						}
					}
				}
			}
		},
		"animation.model.running": {
			"loop": true,
			"animation_length": 0.55,
			"bones": {
				"main": {
					"rotation": {
						"0.0": {
							"vector": [-53.23004, -45.51603, 47.84347]
						},
						"0.1167": {
							"vector": [-49.22079, -38.97288, 46.96651],
							"easing": "easeInSine"
						},
						"0.2333": {
							"vector": [-41.08957, -42.75622, 34.09655],
							"easing": "easeOutSine"
						},
						"0.3": {
							"vector": [-40.04411, -41.12922, 32.5326]
						},
						"0.4333": {
							"vector": [-40.8877, -44.05545, 39.00012],
							"easing": "easeInSine"
						},
						"0.55": {
							"vector": [-53.23004, -45.51603, 47.84347],
							"easing": "easeOutSine"
						}
					},
					"position": {
						"0.0": {
							"vector": [18, -6.125, 1.6]
						},
						"0.0667": {
							"vector": [17.925, -8.6, 0.68]
						},
						"0.1333": {
							"vector": [16.92, -11.12, -0.85]
						},
						"0.2333": {
							"vector": [15.85, -5.745, -3.3]
						},
						"0.3": {
							"vector": [15.85, -6.995, -3.3]
						},
						"0.35": {
							"vector": [16.135, -10.085, -2.89]
						},
						"0.4": {
							"vector": [16.87, -11.12, -0.98]
						},
						"0.5": {
							"vector": [18, -5.175, 1.6]
						},
						"0.55": {
							"vector": [18, -6.125, 1.6]
						}
					}
				}
			}
		},
		"animation.model.runningstart": {
			"animation_length": 0.35,
			"bones": {
				"main": {
					"rotation": {
						"0.0": {
							"vector": [0, 0, 0]
						},
						"0.35": {
							"vector": [-53.23004, -45.51603, 47.84347],
							"easing": "easeInOutSine"
						}
					},
					"position": {
						"0.0": {
							"vector": [0, 0, 0]
						},
						"0.1667": {
							"vector": [9, -16.47, 3.11],
							"easing": "easeInSine"
						},
						"0.35": {
							"vector": [18, -6.125, 1.6]
						}
					}
				}
			}
		},
		"animation.model.runningend": {
			"animation_length": 0.5167,
			"bones": {
				"main": {
					"rotation": {
						"0.0": {
							"vector": [-53.23004, -45.51603, 47.84347]
						},
						"0.2833": {
							"vector": [0.5826, -2.79055, 2.63851],
							"easing": "easeInOutSine"
						},
						"0.4167": {
							"vector": [0.32388, 0.39763, -2.15014]
						},
						"0.5167": {
							"vector": [0, 0, 0]
						}
					},
					"position": {
						"0.0": {
							"vector": [18, -6.125, 1.6]
						},
						"0.1": {
							"vector": [13.7, -12.485, -5.5]
						},
						"0.3": {
							"vector": [0.4, 0, -2.6],
							"easing": "easeInOutSine"
						},
						"0.3667": {
							"vector": [0.16, -0.15, 0.6]
						},
						"0.4667": {
							"vector": [0, 0, 0]
						}
					}
				}
			}
		},
		"animation.model.off_ground_sprinting": {
			"loop": true,
			"animation_length": 1.4,
			"bones": {
				"main": {
					"rotation": {
						"0.0": {
							"vector": [-53.23004, -45.51603, 47.84347]
						},
						"0.5667": {
							"vector": [-45.73656, -47.97887, 37.31939],
							"easing": "easeInOutSine"
						},
						"1.4": {
							"vector": [-53.23004, -45.51603, 47.84347],
							"easing": "easeOutSine"
						}
					},
					"position": {
						"0.0": {
							"vector": [19.22215, -9.19453, -4.88775]
						},
						"0.45": {
							"vector": [18.8231, -11.9065, -8.13736],
							"easing": "easeOutSine"
						},
						"0.8167": {
							"vector": [18.98889, -11.56303, -6.35977],
							"easing": "easeInOutSine"
						},
						"1.4": {
							"vector": [19.22215, -9.19453, -4.88775],
							"easing": "easeInSine"
						}
					}
				}
			}
		},
		"animation.model.switch": {
			"loop": true,
			"animation_length": 0.4667,
			"bones": {
				"main": {
					"rotation": {
						"0.0": {
							"vector": [0, 0, 0]
						},
						"0.1333": {
							"vector": [-0.50015, 0.74965, -5.77291],
							"easing": "easeInOutSine"
						},
						"0.25": {
							"vector": [-0.44254, 0.38526, 1.23679]
						},
						"0.3833": {
							"vector": [-0.1977, 0.04803, -2.01476],
							"easing": "easeOutQuad"
						},
						"0.4667": {
							"vector": [0, 0, 0],
							"easing": "easeOutSine"
						}
					},
					"position": {
						"0.0": {
							"vector": [0, 0, 0]
						},
						"0.0833": {
							"vector": [-0.18, -0.425, 0.69],
							"easing": "easeOutSine"
						},
						"0.2167": {
							"vector": [-0.325, -0.275, 1.225],
							"easing": "easeInOutSine"
						},
						"0.2833": {
							"vector": [-0.32, -0.555, 1.23]
						},
						"0.4667": {
							"vector": [0, 0, 0],
							"easing": "easeInOutSine"
						}
					}
				},
				"_camera_": {
					"rotation": {
						"0.0": {
							"vector": [0, 0, 0]
						},
						"0.15": {
							"vector": [0.74012, 0.75975, -0.75],
							"easing": "easeOutSine"
						},
						"0.25": {
							"vector": [0.54307, 0.54783, -0.04545]
						},
						"0.4667": {
							"vector": [0, 0, 0],
							"easing": "easeInOutSine"
						}
					}
				}
			},
			"sound_effects": {
				"0.0333": {
					"effect": "ggo_switch"
				}
			}
		}
	},
	"geckolib_format_version": 2
}