{
	"format_version": "1.8.0",
	"animations": {
		"animation.model.draw": {
			"loop": true,
			"animation_length": 0.5667,
			"bones": {
				"main": {
					"rotation": {
						"0.0": {
							"vector": [25.51837, -34.82414, 25.3701]
						},
						"0.2833": {
							"vector": [-0.85207, -3.0795, 3.86417],
							"easing": "easeInOutSine"
						},
						"0.45": {
							"vector": [-0.30084, 0.15171, -3.07219],
							"easing": "easeOutSine"
						},
						"0.5667": {
							"vector": [0, 0, 0],
							"easing": "easeOutSine"
						}
					},
					"position": {
						"0.0": {
							"vector": [-4.725, -17.3, 15.1]
						},
						"0.3": {
							"vector": [0, 1.475, 0.375],
							"easing": "easeInOutSine"
						},
						"0.4333": {
							"vector": [0, -0.04, 1.24],
							"easing": "easeInOutSine"
						},
						"0.5667": {
							"vector": [0, 0, 0],
							"easing": "easeOutSine"
						}
					}
				},
				"slide": {
					"position": {
						"vector": [0, 0, 0]
					}
				},
				"_camera_": {
					"rotation": {
						"0.0": {
							"vector": [0, 0, 0]
						},
						"0.1667": {
							"vector": [2.55287, -1.39676, -1.62254],
							"easing": "easeInOutSine"
						},
						"0.35": {
							"vector": [-0.30918, -0.01767, 1.01624],
							"easing": "easeOutSine"
						},
						"0.4667": {
							"vector": [0.17256, -0.0039, -0.6024],
							"easing": "easeInOutSine"
						},
						"0.5667": {
							"vector": [0, 0, 0],
							"easing": "easeOutSine"
						}
					}
				}
			},
			"sound_effects": {
				"0.0": {
					"effect": "pistol_draw"
				}
			}
		},
		"animation.model.drawempty": {
			"loop": true,
			"animation_length": 0.5667,
			"bones": {
				"main": {
					"rotation": {
						"0.0": {
							"vector": [25.51837, -34.82414, 25.3701]
						},
						"0.2833": {
							"vector": [-0.85207, -3.0795, 3.86417],
							"easing": "easeInOutSine"
						},
						"0.45": {
							"vector": [-0.30084, 0.15171, -3.07219],
							"easing": "easeOutSine"
						},
						"0.5667": {
							"vector": [0, 0, 0],
							"easing": "easeOutSine"
						}
					},
					"position": {
						"0.0": {
							"vector": [-4.725, -17.3, 15.1]
						},
						"0.3": {
							"vector": [0, 1.475, 0.375],
							"easing": "easeInOutSine"
						},
						"0.4333": {
							"vector": [0, -0.04, 1.24],
							"easing": "easeInOutSine"
						},
						"0.5667": {
							"vector": [0, 0, 0],
							"easing": "easeOutSine"
						}
					}
				},
				"slide": {
					"position": {
						"vector": [0, 0, 5.5]
					}
				},
				"_camera_": {
					"rotation": {
						"0.0": {
							"vector": [0, 0, 0]
						},
						"0.1667": {
							"vector": [2.55287, -1.39676, -1.62254],
							"easing": "easeInOutSine"
						},
						"0.35": {
							"vector": [-0.30918, -0.01767, 1.01624],
							"easing": "easeOutSine"
						},
						"0.4667": {
							"vector": [0.17256, -0.0039, -0.6024],
							"easing": "easeInOutSine"
						},
						"0.5667": {
							"vector": [0, 0, 0],
							"easing": "easeOutSine"
						}
					}
				}
			},
			"sound_effects": {
				"0.0": {
					"effect": "pistol_draw"
				}
			}
		},
		"animation.model.fireold": {
			"loop": true,
			"animation_length": 0.5,
			"bones": {
				"main": {
					"rotation": {
						"0.0": {
							"vector": [0, 0, 0]
						},
						"0.05": {
							"vector": [-8.20759, -0.97773, -2.64005]
						},
						"0.15": {
							"vector": [0, -0.6, 4.77446]
						},
						"0.25": {
							"vector": [0, -0.20211, -0.79207]
						},
						"0.35": {
							"vector": [0, 0.0889, 1.47258]
						},
						"0.5": {
							"vector": [0, 0, 0],
							"easing": "easeOutSine"
						}
					},
					"position": {
						"0.0": {
							"vector": [0, 0, 0]
						},
						"0.05": {
							"vector": [-0.1, 0, 2.775]
						},
						"0.3": {
							"vector": [0, -0.255, -0.545],
							"easing": "easeOutCubic"
						},
						"0.5": {
							"vector": [0, 0, 0],
							"easing": "easeInOutSine"
						}
					}
				},
				"slide": {
					"position": {
						"0.0": {
							"vector": [0, 0, 0]
						},
						"0.05": {
							"vector": [0, 0, 5.5]
						},
						"0.1": {
							"vector": [0, 0, 0]
						}
					}
				}
			}
		},
		"animation.model.fire": {
			"loop": true,
			"animation_length": 0.5833,
			"bones": {
				"main": {
					"rotation": {
						"0.0": {
							"vector": [0, 0, 0]
						},
						"0.05": {
							"vector": [-8.20759, -0.97773, -2.64005]
						},
						"0.1333": {
							"vector": [0.01309, -0.59986, 3.52439]
						},
						"0.25": {
							"vector": [0.5, -0.20211, -0.79207]
						},
						"0.4": {
							"vector": [0, 0.0889, 1.47258],
							"easing": "easeInSine"
						},
						"0.5833": {
							"vector": [0, 0, 0],
							"easing": "easeOutSine"
						}
					},
					"position": {
						"0.0": {
							"vector": [0, 0, 0]
						},
						"0.05": {
							"vector": [-0.1, 0, 3.425]
						},
						"0.3667": {
							"vector": [0, -0.255, -0.62],
							"easing": "easeOutCubic"
						},
						"0.5333": {
							"vector": [0, 0, 0],
							"easing": "easeOutSine"
						}
					}
				},
				"slide": {
					"position": {
						"0.0": {
							"vector": [0, 0, 0]
						},
						"0.05": {
							"vector": [0, 0, 5.5]
						},
						"0.1": {
							"vector": [0, 0, 0]
						}
					}
				}
			}
		},
		"animation.model.firerightold": {
			"loop": true,
			"animation_length": 0.5,
			"bones": {
				"main": {
					"rotation": {
						"0.0": {
							"vector": [0, 0, 0]
						},
						"0.05": {
							"vector": [-8.02064, -2.00238, -9.81981]
						},
						"0.15": {
							"vector": [0, -0.6, 4.77446]
						},
						"0.25": {
							"vector": [0, -0.20211, -0.79207]
						},
						"0.35": {
							"vector": [0, 0.0889, 1.47258]
						},
						"0.5": {
							"vector": [0, 0, 0],
							"easing": "easeOutSine"
						}
					},
					"position": {
						"0.0": {
							"vector": [0, 0, 0]
						},
						"0.05": {
							"vector": [-0.625, 0, 2.775]
						},
						"0.3": {
							"vector": [0, -0.255, -0.545],
							"easing": "easeOutCubic"
						},
						"0.5": {
							"vector": [0, 0, 0],
							"easing": "easeInOutSine"
						}
					}
				},
				"slide": {
					"position": {
						"0.0": {
							"vector": [0, 0, 0]
						},
						"0.05": {
							"vector": [0, 0, 5.5]
						},
						"0.1": {
							"vector": [0, 0, 0]
						}
					}
				}
			}
		},
		"animation.model.fireright": {
			"loop": true,
			"animation_length": 0.5833,
			"bones": {
				"main": {
					"rotation": {
						"0.0": {
							"vector": [0, 0, 0]
						},
						"0.05": {
							"vector": [-7.88473, -2.48677, -13.2888]
						},
						"0.1333": {
							"vector": [0.01309, -0.59986, 3.52439]
						},
						"0.25": {
							"vector": [0.5, -0.20211, -0.79207]
						},
						"0.4": {
							"vector": [0, 0.0889, 1.47258],
							"easing": "easeInSine"
						},
						"0.5833": {
							"vector": [0, 0, 0],
							"easing": "easeOutSine"
						}
					},
					"position": {
						"0.0": {
							"vector": [0, 0, 0]
						},
						"0.05": {
							"vector": [-0.1, 0, 3.425]
						},
						"0.3667": {
							"vector": [0, -0.255, -0.62],
							"easing": "easeOutCubic"
						},
						"0.5333": {
							"vector": [0, 0, 0],
							"easing": "easeOutSine"
						}
					}
				},
				"slide": {
					"position": {
						"0.0": {
							"vector": [0, 0, 0]
						},
						"0.05": {
							"vector": [0, 0, 5.5]
						},
						"0.1": {
							"vector": [0, 0, 0]
						}
					}
				}
			}
		},
		"animation.model.fireleftold": {
			"loop": true,
			"animation_length": 0.5,
			"bones": {
				"main": {
					"rotation": {
						"0.0": {
							"vector": [0, 0, 0]
						},
						"0.05": {
							"vector": [-8.26522, -0.00965, 4.04049]
						},
						"0.15": {
							"vector": [0, -0.6, 4.77446]
						},
						"0.25": {
							"vector": [0, -0.20211, -0.79207]
						},
						"0.35": {
							"vector": [0, 0.0889, 1.47258]
						},
						"0.5": {
							"vector": [0, 0, 0],
							"easing": "easeOutSine"
						}
					},
					"position": {
						"0.0": {
							"vector": [0, 0, 0]
						},
						"0.05": {
							"vector": [0.225, 0, 2.775]
						},
						"0.3": {
							"vector": [0, -0.255, -0.545],
							"easing": "easeOutCubic"
						},
						"0.5": {
							"vector": [0, 0, 0],
							"easing": "easeInOutSine"
						}
					}
				},
				"slide": {
					"position": {
						"0.0": {
							"vector": [0, 0, 0]
						},
						"0.05": {
							"vector": [0, 0, 5.5]
						},
						"0.1": {
							"vector": [0, 0, 0]
						}
					}
				}
			}
		},
		"animation.model.fireleft": {
			"loop": true,
			"animation_length": 0.5833,
			"bones": {
				"main": {
					"rotation": {
						"0.0": {
							"vector": [0, 0, 0]
						},
						"0.05": {
							"vector": [-8.23503, 0.70827, 8.98881]
						},
						"0.1333": {
							"vector": [0.01309, -0.59986, 3.52439]
						},
						"0.25": {
							"vector": [0.5, -0.20211, -0.79207]
						},
						"0.4": {
							"vector": [0, 0.0889, 1.47258],
							"easing": "easeInSine"
						},
						"0.5833": {
							"vector": [0, 0, 0],
							"easing": "easeOutSine"
						}
					},
					"position": {
						"0.0": {
							"vector": [0, 0, 0]
						},
						"0.05": {
							"vector": [-0.1, 0, 3.425]
						},
						"0.3667": {
							"vector": [0, -0.255, -0.62],
							"easing": "easeOutCubic"
						},
						"0.5333": {
							"vector": [0, 0, 0],
							"easing": "easeOutSine"
						}
					}
				},
				"slide": {
					"position": {
						"0.0": {
							"vector": [0, 0, 0]
						},
						"0.05": {
							"vector": [0, 0, 5.5]
						},
						"0.1": {
							"vector": [0, 0, 0]
						}
					}
				}
			}
		},
		"animation.model.reload": {
			"loop": true,
			"animation_length": 2.1667,
			"bones": {
				"main": {
					"rotation": {
						"0.0": {
							"vector": [0, 0, 0]
						},
						"0.1667": {
							"vector": [1.04984, -2.32342, -17.76038],
							"easing": "easeInOutSine"
						},
						"0.25": {
							"vector": [-5.52708, 6.06139, 39.81927]
						},
						"0.35": {
							"vector": [-7.58209, -2.49438, 33.18867]
						},
						"0.4667": {
							"vector": [-10.74001, -3.09222, -2.39377]
						},
						"0.7167": {
							"vector": [-22.43668, -25.14849, -36.91461],
							"easing": "easeOutCubic"
						},
						"0.8167": {
							"vector": [-23.55507, -26.34682, -31.79949],
							"easing": "easeInOutQuad"
						},
						"0.9": {
							"vector": [-22.19209, -31.17317, -42.17461],
							"easing": "easeInOutSine"
						},
						"1.0": {
							"vector": [-24.32344, -27.85187, -34.4229]
						},
						"1.0667": {
							"vector": [-21.7891, -29.81158, -39.67466]
						},
						"1.3": {
							"vector": [-2.84795, -0.08321, 3.71496],
							"easing": "easeInOutSine"
						},
						"1.4333": {
							"vector": [1.70533, -0.58656, -0.83471],
							"easing": "easeOutSine"
						},
						"1.55": {
							"vector": [0, 0, 0],
							"easing": "easeOutSine"
						}
					},
					"position": {
						"0.0": {
							"vector": [0, 0, 0]
						},
						"0.1333": {
							"vector": [-3.71192, 4.74901, 2.10492],
							"easing": "easeInOutSine"
						},
						"0.2167": {
							"vector": [-3.53, -4.77, 2.2]
						},
						"0.3167": {
							"vector": [-2.73, -3.525, 2.2]
						},
						"0.5167": {
							"vector": [-8.83359, -1.02623, 2.67141],
							"easing": "easeInSine"
						},
						"0.8167": {
							"vector": [-12.26072, 4.83421, 6.79615],
							"easing": "easeOutQuart"
						},
						"0.9": {
							"vector": [-10.64629, 0.4869, 5.99367],
							"easing": "easeInOutSine"
						},
						"1.0167": {
							"vector": [-11.43029, 2.3517, 6.44285],
							"easing": "easeInOutSine"
						},
						"1.0833": {
							"vector": [-10.30386, 0.64476, 5.81576]
						},
						"1.3167": {
							"vector": [-0.10096, -1.30652, 0.89928],
							"easing": "easeInOutSine"
						},
						"1.55": {
							"vector": [0, 0, 0],
							"easing": "easeOutSine"
						}
					}
				},
				"magazine": {
					"rotation": {
						"0.0": {
							"vector": [0, 0, 0]
						},
						"0.15": {
							"vector": [0, 0, 0]
						},
						"0.2333": {
							"vector": [0, 0, 0]
						},
						"0.7333": {
							"vector": [0, 0, 3]
						},
						"0.7833": {
							"vector": [0, 0, 0]
						},
						"0.8833": {
							"vector": [0, 0, 0],
							"easing": "easeInCubic"
						}
					},
					"position": {
						"0.0": {
							"vector": [0, 0, 0]
						},
						"0.15": {
							"vector": [0, 0, 0]
						},
						"0.2333": {
							"vector": [0, -32.475, 10.05]
						},
						"0.6": {
							"vector": [0, -32.475, 10.05]
						},
						"0.7333": {
							"vector": [-1.05, -14.77, 3.575]
						},
						"0.7833": {
							"vector": [0, -14.345, 3.575]
						},
						"0.8833": {
							"vector": [0, 0, 0],
							"easing": "easeInCubic"
						}
					}
				},
				"slide": {
					"position": {
						"vector": [0, 0, 0]
					}
				},
				"rightarm": {
					"rotation": {
						"0.0": {
							"vector": [0, 0, 0]
						},
						"0.15": {
							"vector": [0.2193, -4.24725, -5.30297]
						},
						"0.3167": {
							"vector": [-2.39569, 3.61428, 22.47186]
						},
						"0.6667": {
							"vector": [2.93396, -6.45363, 3.51696]
						},
						"0.9333": {
							"vector": [2.93396, -6.45363, 3.51696]
						},
						"1.2167": {
							"vector": [0, 0, 0]
						}
					},
					"position": {
						"0.0": {
							"vector": [0, 0, 0]
						},
						"0.15": {
							"vector": [0.1208, -0.5702, -0.14239]
						},
						"0.3167": {
							"vector": [-0.85901, 0.31269, -0.14128]
						},
						"0.6667": {
							"vector": [-2.16066, 0.65497, 1.78277]
						},
						"0.9333": {
							"vector": [-2.16066, 0.65497, 1.78277]
						},
						"1.2167": {
							"vector": [0, 0, 0]
						}
					}
				},
				"leftarm": {
					"rotation": {
						"0.0": {
							"vector": [0, 0, 0]
						},
						"0.4833": {
							"vector": [0, 0, 0]
						},
						"0.7333": {
							"vector": [-119.38902, 1.51007, 4.13848]
						},
						"0.7833": {
							"vector": [-118.78652, 3.16982, 8.47027]
						},
						"0.8833": {
							"vector": [-120, 0, 0],
							"easing": "easeInCubic"
						},
						"1.05": {
							"vector": [-120.27184, -4.31126, -3.42672]
						},
						"1.2333": {
							"vector": [0, 0, 0]
						}
					},
					"position": {
						"0.0": {
							"vector": [0, 0, 0]
						},
						"0.4833": {
							"vector": [0, 0, 0]
						},
						"0.6": {
							"vector": [-4.325, -46.725, 6.5]
						},
						"0.7333": {
							"vector": [-6.345, -27.88, 0.025]
						},
						"0.7833": {
							"vector": [-6.345, -27.88, 0.025]
						},
						"0.8833": {
							"vector": [-3.225, -12.655, -2.07],
							"easing": "easeInCubic"
						},
						"1.05": {
							"vector": [-3.225, -13.18, -2.07]
						},
						"1.1333": {
							"vector": [-1.76, -7.19, 26.27]
						},
						"1.2333": {
							"vector": [0, 0, 0]
						}
					}
				},
				"_camera_": {
					"rotation": {
						"0.0": {
							"vector": [0, 0, 0]
						},
						"0.05": {
							"vector": [0.58255, 0.61729, 0.15442],
							"easing": "easeInSine"
						},
						"0.1333": {
							"vector": [0.26746, 1.99992, 0.5003],
							"easing": "easeOutSine"
						},
						"0.2333": {
							"vector": [3.24961, 1.29377, -0.29142]
						},
						"0.35": {
							"vector": [2.22953, 1.57155, -0.09309]
						},
						"0.6": {
							"vector": [2.07369, 2.50322, 0.57209],
							"easing": "easeOutSine"
						},
						"0.7": {
							"vector": [1.5624, 3.25694, 0.60596]
						},
						"0.8": {
							"vector": [2.0989, 2.68333, 0.97508]
						},
						"0.9": {
							"vector": [2.26884, 2.55387, -0.69125]
						},
						"1.0167": {
							"vector": [2.34757, 2.24366, 0.79868]
						},
						"1.3167": {
							"vector": [0.19104, -0.01518, 0.26625],
							"easing": "easeInOutSine"
						},
						"1.4333": {
							"vector": [0.17256, -0.0039, -0.6024],
							"easing": "easeOutSine"
						},
						"1.55": {
							"vector": [0, 0, 0],
							"easing": "easeOutSine"
						}
					}
				}
			},
			"sound_effects": {
				"0.05": {
					"effect": "pistol_magout_fast"
				},
				"0.65": {
					"effect": "pistol_magin"
				},
				"1.0167": {
					"effect": "pistol_inspectturn"
				}
			}
		},
		"animation.model.reloadempty": {
			"loop": true,
			"animation_length": 2.1667,
			"bones": {
				"main": {
					"rotation": {
						"0.0": {
							"vector": [0, 0, 0]
						},
						"0.1667": {
							"vector": [1.04984, -2.32342, -17.76038],
							"easing": "easeInOutSine"
						},
						"0.25": {
							"vector": [-5.52708, 6.06139, 39.81927]
						},
						"0.35": {
							"vector": [-7.58209, -2.49438, 33.18867]
						},
						"0.4667": {
							"vector": [-10.74001, -3.09222, -2.39377]
						},
						"0.7167": {
							"vector": [-22.43668, -25.14849, -36.91461],
							"easing": "easeOutCubic"
						},
						"0.8167": {
							"vector": [-23.55507, -26.34682, -31.79949],
							"easing": "easeInOutQuad"
						},
						"0.9": {
							"vector": [-22.19209, -31.17317, -42.17461],
							"easing": "easeInOutSine"
						},
						"1.0": {
							"vector": [-24.32344, -27.85187, -34.4229]
						},
						"1.1": {
							"vector": [-21.7891, -29.81158, -39.67466]
						},
						"1.2167": {
							"vector": [-25.96993, -28.06755, -33.04948]
						},
						"1.2833": {
							"vector": [-17.10509, -27.69739, -43.9145]
						},
						"1.3667": {
							"vector": [-25.79595, -25.01123, -33.69479]
						},
						"1.4667": {
							"vector": [-14.91185, -20.65534, -33.79025]
						},
						"1.6333": {
							"vector": [-2.84795, -0.08321, 3.71496],
							"easing": "easeInOutSine"
						},
						"1.7667": {
							"vector": [1.70533, -0.58656, -0.83471],
							"easing": "easeOutSine"
						},
						"1.8833": {
							"vector": [0, 0, 0],
							"easing": "easeOutSine"
						}
					},
					"position": {
						"0.0": {
							"vector": [0, 0, 0]
						},
						"0.1333": {
							"vector": [-3.71192, 4.74901, 2.10492],
							"easing": "easeInOutSine"
						},
						"0.2167": {
							"vector": [-3.53, -4.77, 2.2]
						},
						"0.3167": {
							"vector": [-2.73, -3.525, 2.2]
						},
						"0.5167": {
							"vector": [-8.83359, -1.02623, 2.67141],
							"easing": "easeInSine"
						},
						"0.8167": {
							"vector": [-12.26072, 4.83421, 6.79615],
							"easing": "easeOutQuart"
						},
						"0.9": {
							"vector": [-10.64629, 0.4869, 5.99367],
							"easing": "easeInOutSine"
						},
						"1.05": {
							"vector": [-11.43029, 3.0767, 6.44285],
							"easing": "easeInOutSine"
						},
						"1.2167": {
							"vector": [-10.3, 0.47, 5.94],
							"easing": "easeInOutSine"
						},
						"1.2833": {
							"vector": [-10.01404, 1.80337, 3.26547]
						},
						"1.4": {
							"vector": [-9.98905, -0.2383, 5.75891]
						},
						"1.65": {
							"vector": [-0.10096, -1.30652, 0.89928],
							"easing": "easeInOutSine"
						},
						"1.8833": {
							"vector": [0, 0, 0],
							"easing": "easeOutSine"
						}
					}
				},
				"magazine": {
					"rotation": {
						"0.0": {
							"vector": [0, 0, 0]
						},
						"0.15": {
							"vector": [0, 0, 0]
						},
						"0.2333": {
							"vector": [0, 0, 0]
						},
						"0.7333": {
							"vector": [0, 0, 3]
						},
						"0.7833": {
							"vector": [0, 0, 0]
						},
						"0.8833": {
							"vector": [0, 0, 0],
							"easing": "easeInCubic"
						}
					},
					"position": {
						"0.0": {
							"vector": [0, 0, 0]
						},
						"0.15": {
							"vector": [0, 0, 0]
						},
						"0.2333": {
							"vector": [0, -32.475, 10.05]
						},
						"0.6": {
							"vector": [0, -32.475, 10.05]
						},
						"0.7333": {
							"vector": [-1.05, -14.77, 3.575]
						},
						"0.7833": {
							"vector": [0, -14.345, 3.575]
						},
						"0.8833": {
							"vector": [0, 0, 0],
							"easing": "easeInCubic"
						}
					}
				},
				"rightarm": {
					"rotation": {
						"0.0": {
							"vector": [0, 0, 0]
						},
						"0.15": {
							"vector": [0.2193, -4.24725, -5.30297]
						},
						"0.3167": {
							"vector": [-2.39569, 3.61428, 22.47186]
						},
						"0.6667": {
							"vector": [2.93396, -6.45363, 3.51696]
						},
						"0.9333": {
							"vector": [2.93396, -6.45363, 3.51696]
						},
						"1.0833": {
							"vector": [2.93396, -6.45363, 3.51696]
						},
						"1.1833": {
							"vector": [3.64115, -8.59448, -6.60305]
						},
						"1.2333": {
							"vector": [3.64115, -8.59448, -6.60305]
						},
						"1.3": {
							"vector": [-0.14422, -6.20255, 4.53904]
						},
						"1.6167": {
							"vector": [0, 0, 0]
						}
					},
					"position": {
						"0.0": {
							"vector": [0, 0, 0]
						},
						"0.15": {
							"vector": [0.1208, -0.5702, -0.14239]
						},
						"0.3167": {
							"vector": [-0.85901, 0.31269, -0.14128]
						},
						"0.6667": {
							"vector": [-2.16066, 0.65497, 1.78277]
						},
						"0.9333": {
							"vector": [-2.16066, 0.65497, 1.78277]
						},
						"1.0833": {
							"vector": [-2.16066, 0.65497, 1.78277]
						},
						"1.1833": {
							"vector": [-1.62989, 0.73465, 1.98601]
						},
						"1.2333": {
							"vector": [-1.62989, 0.73465, 1.98601]
						},
						"1.3": {
							"vector": [-1.62425, 0.60881, 1.95993]
						},
						"1.6167": {
							"vector": [0, 0, 0]
						}
					}
				},
				"leftarm": {
					"rotation": {
						"0.0": {
							"vector": [0, 0, 0]
						},
						"0.4833": {
							"vector": [0, 0, 0]
						},
						"0.7333": {
							"vector": [-119.38902, 1.51007, 4.13848]
						},
						"0.7833": {
							"vector": [-118.78652, 3.16982, 8.47027]
						},
						"0.8833": {
							"vector": [-120, 0, 0],
							"easing": "easeInCubic"
						},
						"1.05": {
							"vector": [-120.27184, -4.31126, -3.42672]
						},
						"1.2333": {
							"vector": [0, 0, 0]
						},
						"1.5833": {
							"vector": [0, 0, 0]
						}
					},
					"position": {
						"0.0": {
							"vector": [0, 0, 0]
						},
						"0.4833": {
							"vector": [0, 0, 0]
						},
						"0.6": {
							"vector": [-4.325, -46.725, 6.5]
						},
						"0.7333": {
							"vector": [-6.345, -27.88, 0.025]
						},
						"0.7833": {
							"vector": [-6.345, -27.88, 0.025]
						},
						"0.8833": {
							"vector": [-3.225, -12.655, -2.07],
							"easing": "easeInCubic"
						},
						"1.05": {
							"vector": [-3.225, -13.18, -2.07]
						},
						"1.1333": {
							"vector": [-1.76, -7.19, 26.27]
						},
						"1.2333": {
							"vector": [4.28086, -4.15046, 14.44259]
						},
						"1.5833": {
							"vector": [0, 0, 0]
						}
					}
				},
				"_camera_": {
					"rotation": {
						"0.0": {
							"vector": [0, 0, 0]
						},
						"0.05": {
							"vector": [0.58255, 0.61729, 0.15442],
							"easing": "easeInSine"
						},
						"0.1333": {
							"vector": [0.26746, 1.99992, 0.5003],
							"easing": "easeOutSine"
						},
						"0.2333": {
							"vector": [3.24961, 1.29377, -0.29142]
						},
						"0.35": {
							"vector": [2.22953, 1.57155, -0.09309]
						},
						"0.6": {
							"vector": [2.07369, 2.50322, 0.57209],
							"easing": "easeOutSine"
						},
						"0.7": {
							"vector": [1.5624, 3.25694, 0.60596]
						},
						"0.8": {
							"vector": [2.0989, 2.68333, 0.97508]
						},
						"0.9": {
							"vector": [2.26884, 2.55387, -0.69125]
						},
						"1.0167": {
							"vector": [2.34757, 2.24366, 0.79868]
						},
						"1.2": {
							"vector": [1.84867, 2.99327, 0.8229]
						},
						"1.2667": {
							"vector": [1.94604, 2.7814, -0.93687]
						},
						"1.35": {
							"vector": [2.25368, 2.37773, 0.80286]
						},
						"1.65": {
							"vector": [0.19104, -0.01518, 0.26625],
							"easing": "easeInOutSine"
						},
						"1.7667": {
							"vector": [0.17256, -0.0039, -0.6024],
							"easing": "easeOutSine"
						},
						"1.8833": {
							"vector": [0, 0, 0],
							"easing": "easeOutSine"
						}
					}
				},
				"slide": {
					"position": {
						"0.0": {
							"vector": [0, 0, 5.5]
						},
						"1.2167": {
							"vector": [0, 0, 5.5]
						},
						"1.25": {
							"vector": [0, 0, 0]
						}
					}
				}
			},
			"sound_effects": {
				"0.05": {
					"effect": "pistol_magout_fast"
				},
				"0.65": {
					"effect": "pistol_magin"
				},
				"1.1333": {
					"effect": "pistol_slide"
				}
			}
		},
		"animation.model.inspect": {
			"loop": true,
			"animation_length": 4.7833,
			"bones": {
				"main": {
					"rotation": {
						"0.0": {
							"vector": [0, 0, 0]
						},
						"0.2833": {
							"vector": [-12.54604, -30.20818, -40.82354],
							"easing": "easeInOutSine"
						},
						"0.45": {
							"vector": [-13.3159, -33.86536, -46.69311],
							"easing": "easeOutSine"
						},
						"0.5833": {
							"vector": [-14.03696, -33.50749, -44.94244]
						},
						"0.7667": {
							"vector": [-12.92857, -33.7336, -46.04029]
						},
						"0.9833": {
							"vector": [-14.07317, -33.58725, -45.32837]
						},
						"1.3333": {
							"vector": [-13.3159, -33.86536, -46.69311],
							"easing": "easeInOutSine"
						},
						"1.6833": {
							"vector": [-10.98675, -34.60246, -50.83197],
							"easing": "easeInOutSine"
						},
						"1.9": {
							"vector": [-10.45488, -34.74621, -51.76608]
						},
						"2.0667": {
							"vector": [-10.86234, -34.63569, -51.05029]
						},
						"2.2333": {
							"vector": [-9.37176, -35.52371, -53.66019]
						},
						"2.4333": {
							"vector": [-10.13529, -34.83158, -52.32695]
						},
						"2.8167": {
							"vector": [-17.7874, 15.96937, 60.99905],
							"easing": "easeInOutSine"
						},
						"2.9833": {
							"vector": [-18.38099, 18.78617, 65.52172],
							"easing": "easeOutSine"
						},
						"3.1667": {
							"vector": [-17.79158, 18.62783, 65.021]
						},
						"3.35": {
							"vector": [-18.33276, 18.83284, 65.67086]
						},
						"3.5667": {
							"vector": [-18.83453, 18.33114, 64.09652]
						},
						"4.0": {
							"vector": [1.75167, -2.49883, -4.07639],
							"easing": "easeInOutSine"
						},
						"4.1333": {
							"vector": [0.58201, -1.04064, 2.6563],
							"easing": "easeOutSine"
						},
						"4.2667": {
							"vector": [0.34258, 0.38164, 0.59987],
							"easing": "easeOutSine"
						},
						"4.3667": {
							"vector": [0, 0, 0]
						}
					},
					"position": {
						"0.0": {
							"vector": [0, 0, 0]
						},
						"0.2833": {
							"vector": [-4.8, 2.975, 0],
							"easing": "easeInOutSine"
						},
						"0.4833": {
							"vector": [-5.225, 4.1, 0],
							"easing": "easeOutSine"
						},
						"0.8": {
							"vector": [-5.11, 3.8, 0]
						},
						"1.3167": {
							"vector": [-5.225, 4.35, 0],
							"easing": "easeInOutSine"
						},
						"1.65": {
							"vector": [-5.3, 4.475, 0],
							"easing": "easeInOutSine"
						},
						"2.3833": {
							"vector": [-5.3, 4.475, 0],
							"easing": "easeInOutSine"
						},
						"2.8167": {
							"vector": [2.075, -1.57, 4.975],
							"easing": "easeInOutSine"
						},
						"3.0": {
							"vector": [2.28, -1.57, 4.98]
						},
						"3.4": {
							"vector": [2.255, -1.645, 4.98]
						},
						"3.6667": {
							"vector": [2.075, -1.57, 4.975]
						},
						"4.0167": {
							"vector": [-0.4, -2.175, -7.325],
							"easing": "easeInOutSine"
						},
						"4.1167": {
							"vector": [0.4, 0, 1.6]
						},
						"4.3167": {
							"vector": [0, 0, 0]
						}
					}
				},
				"shell": {
					"rotation": {
						"vector": [-6.25, 0, 0]
					},
					"position": {
						"vector": [0, 2.65, -0.95]
					}
				},
				"leftarm": {
					"rotation": {
						"0.0": {
							"vector": [0, 0, 0]
						},
						"0.3": {
							"vector": [17.75, 0, 53]
						},
						"2.4833": {
							"vector": [17.75, 0, 53]
						},
						"3.0333": {
							"vector": [18.00821, -20.68984, -63.5923]
						},
						"4.1": {
							"vector": [0, 0, 0]
						}
					},
					"position": {
						"0.0": {
							"vector": [0, 0, 0]
						},
						"0.3": {
							"vector": [-4.8887, -14.90815, 6.89993]
						},
						"2.4833": {
							"vector": [-4.8887, -14.90815, 6.89993]
						},
						"3.0333": {
							"vector": [-9.94316, 43.94869, 3.06323]
						},
						"4.1": {
							"vector": [0, 0, 0]
						}
					}
				},
				"slide": {
					"position": {
						"vector": [0, 0, 0]
					}
				},
				"_camera_": {
					"rotation": {
						"0.0": {
							"vector": [0, 0, 0]
						},
						"0.6": {
							"vector": [1.78286, 1.4664, 1.28926],
							"easing": "easeInOutSine"
						},
						"1.2": {
							"vector": [1.42969, 1.83386, 0.94369],
							"easing": "easeInSine"
						},
						"1.75": {
							"vector": [0.51427, 2.23925, 0.56246],
							"easing": "easeOutSine"
						},
						"2.3167": {
							"vector": [1.26323, 2.73913, 0.57349]
						},
						"2.8833": {
							"vector": [2.72423, 1.3235, -1.21676],
							"easing": "easeInOutSine"
						},
						"3.5833": {
							"vector": [3.24563, 1.28655, -0.47008]
						},
						"3.85": {
							"vector": [3.12613, 2.18558, -2.01001]
						},
						"4.2167": {
							"vector": [0, 0, 0],
							"easing": "easeInOutSine"
						}
					}
				}
			},
			"sound_effects": {
				"0.0": {
					"effect": "pistol_inspectup"
				},
				"2.4": {
					"effect": "pistol_inspectturn"
				},
				"3.7333": {
					"effect": "pistol_draw"
				}
			}
		},
		"animation.model.inspectempty": {
			"loop": true,
			"animation_length": 4.7833,
			"bones": {
				"main": {
					"rotation": {
						"0.0": {
							"vector": [0, 0, 0]
						},
						"0.2833": {
							"vector": [-12.54604, -30.20818, -40.82354],
							"easing": "easeInOutSine"
						},
						"0.45": {
							"vector": [-13.3159, -33.86536, -46.69311],
							"easing": "easeOutSine"
						},
						"0.5833": {
							"vector": [-14.03696, -33.50749, -44.94244]
						},
						"0.7667": {
							"vector": [-12.92857, -33.7336, -46.04029]
						},
						"0.9833": {
							"vector": [-14.07317, -33.58725, -45.32837]
						},
						"1.3333": {
							"vector": [-13.3159, -33.86536, -46.69311],
							"easing": "easeInOutSine"
						},
						"1.6833": {
							"vector": [-10.98675, -34.60246, -50.83197],
							"easing": "easeInOutSine"
						},
						"1.9": {
							"vector": [-10.45488, -34.74621, -51.76608]
						},
						"2.0667": {
							"vector": [-10.86234, -34.63569, -51.05029]
						},
						"2.2333": {
							"vector": [-9.37176, -35.52371, -53.66019]
						},
						"2.4333": {
							"vector": [-10.13529, -34.83158, -52.32695]
						},
						"2.8167": {
							"vector": [-17.7874, 15.96937, 60.99905],
							"easing": "easeInOutSine"
						},
						"2.9833": {
							"vector": [-18.38099, 18.78617, 65.52172],
							"easing": "easeOutSine"
						},
						"3.1667": {
							"vector": [-17.79158, 18.62783, 65.021]
						},
						"3.35": {
							"vector": [-18.33276, 18.83284, 65.67086]
						},
						"3.5667": {
							"vector": [-18.83453, 18.33114, 64.09652]
						},
						"4.0": {
							"vector": [1.75167, -2.49883, -4.07639],
							"easing": "easeInOutSine"
						},
						"4.1333": {
							"vector": [0.58201, -1.04064, 2.6563],
							"easing": "easeOutSine"
						},
						"4.2667": {
							"vector": [0.34258, 0.38164, 0.59987],
							"easing": "easeOutSine"
						},
						"4.3667": {
							"vector": [0, 0, 0]
						}
					},
					"position": {
						"0.0": {
							"vector": [0, 0, 0]
						},
						"0.2833": {
							"vector": [-4.8, 2.975, 0],
							"easing": "easeInOutSine"
						},
						"0.4833": {
							"vector": [-5.225, 4.1, 0],
							"easing": "easeOutSine"
						},
						"0.8": {
							"vector": [-5.11, 3.8, 0]
						},
						"1.3167": {
							"vector": [-5.225, 4.35, 0],
							"easing": "easeInOutSine"
						},
						"1.65": {
							"vector": [-5.3, 4.475, 0],
							"easing": "easeInOutSine"
						},
						"2.3833": {
							"vector": [-5.3, 4.475, 0],
							"easing": "easeInOutSine"
						},
						"2.8167": {
							"vector": [2.075, -1.57, 4.975],
							"easing": "easeInOutSine"
						},
						"3.0": {
							"vector": [2.28, -1.57, 4.98]
						},
						"3.4": {
							"vector": [2.255, -1.645, 4.98]
						},
						"3.6667": {
							"vector": [2.075, -1.57, 4.975]
						},
						"4.0167": {
							"vector": [-0.4, -2.175, -7.325],
							"easing": "easeInOutSine"
						},
						"4.1167": {
							"vector": [0.4, 0, 1.6]
						},
						"4.3167": {
							"vector": [0, 0, 0]
						}
					}
				},
				"shell": {
					"rotation": {
						"vector": [-6.25, 0, 0]
					},
					"position": {
						"vector": [0, 2.65, -0.95]
					},
					"scale": {
						"vector": [0, 0, 0]
					}
				},
				"leftarm": {
					"rotation": {
						"0.0": {
							"vector": [0, 0, 0]
						},
						"0.3": {
							"vector": [17.75, 0, 53]
						},
						"2.4833": {
							"vector": [17.75, 0, 53]
						},
						"3.0333": {
							"vector": [18.00821, -20.68984, -63.5923]
						},
						"4.1": {
							"vector": [0, 0, 0]
						}
					},
					"position": {
						"0.0": {
							"vector": [0, 0, 0]
						},
						"0.3": {
							"vector": [-4.8887, -14.90815, 6.89993]
						},
						"2.4833": {
							"vector": [-4.8887, -14.90815, 6.89993]
						},
						"3.0333": {
							"vector": [-9.94316, 43.94869, 3.06323]
						},
						"4.1": {
							"vector": [0, 0, 0]
						}
					}
				},
				"slide": {
					"position": {
						"vector": [0, 0, 5.5]
					}
				},
				"_camera_": {
					"rotation": {
						"0.0": {
							"vector": [0, 0, 0]
						},
						"0.6": {
							"vector": [1.78286, 1.4664, 1.28926],
							"easing": "easeInOutSine"
						},
						"1.2": {
							"vector": [1.42969, 1.83386, 0.94369],
							"easing": "easeInSine"
						},
						"1.75": {
							"vector": [0.51427, 2.23925, 0.56246],
							"easing": "easeOutSine"
						},
						"2.3167": {
							"vector": [1.26323, 2.73913, 0.57349]
						},
						"2.8833": {
							"vector": [2.72423, 1.3235, -1.21676],
							"easing": "easeInOutSine"
						},
						"3.5833": {
							"vector": [3.24563, 1.28655, -0.47008]
						},
						"3.85": {
							"vector": [3.12613, 2.18558, -2.01001]
						},
						"4.2167": {
							"vector": [0, 0, 0],
							"easing": "easeInOutSine"
						}
					}
				}
			},
			"sound_effects": {
				"0.0": {
					"effect": "pistol_inspectup"
				},
				"2.4": {
					"effect": "pistol_inspectturn"
				},
				"3.7333": {
					"effect": "pistol_draw"
				}
			}
		},
		"animation.model.idle": {
			"loop": true,
			"animation_length": 0.1
		},
		"animation.model.idleempty": {
			"loop": true,
			"animation_length": 0.1,
			"bones": {
				"slide": {
					"position": {
						"vector": [0, 0, 5.5]
					}
				},
				"shell": {
					"scale": {
						"vector": [0, 0, 0]
					}
				}
			}
		},
		"animation.model.running": {
			"loop": true,
			"animation_length": 0.55,
			"bones": {
				"main": {
					"rotation": {
						"0.0": {
							"vector": [-46.26941, -39.03325, 37.52773]
						},
						"0.1167": {
							"vector": [-44.01579, -32.08802, 38.03802],
							"easing": "easeInSine"
						},
						"0.2333": {
							"vector": [-34.19429, -30.83184, 22.67052],
							"easing": "easeOutSine"
						},
						"0.3": {
							"vector": [-33.67875, -29.08478, 21.54796]
						},
						"0.4333": {
							"vector": [-35.65292, -36.18865, 30.90383],
							"easing": "easeInSine"
						},
						"0.55": {
							"vector": [-46.26941, -39.03325, 37.52773],
							"easing": "easeOutSine"
						}
					},
					"position": {
						"0.0": {
							"vector": [18, -6.125, 1.6]
						},
						"0.0667": {
							"vector": [17.925, -8.6, 0.68]
						},
						"0.1333": {
							"vector": [16.92, -11.12, -0.85]
						},
						"0.2333": {
							"vector": [15.85, -5.745, -3.3]
						},
						"0.3": {
							"vector": [15.85, -6.995, -3.3]
						},
						"0.35": {
							"vector": [16.135, -10.085, -2.89]
						},
						"0.4": {
							"vector": [16.87, -11.12, -0.98]
						},
						"0.5": {
							"vector": [18, -5.175, 1.6]
						},
						"0.55": {
							"vector": [18, -6.125, 1.6]
						}
					}
				}
			}
		},
		"animation.model.runningstart": {
			"animation_length": 0.35,
			"bones": {
				"main": {
					"rotation": {
						"0.0": {
							"vector": [0, 0, 0]
						},
						"0.35": {
							"vector": [-46.26941, -39.03325, 37.52773],
							"easing": "easeInOutSine"
						}
					},
					"position": {
						"0.0": {
							"vector": [0, 0, 0]
						},
						"0.1667": {
							"vector": [9, -16.47, 3.11],
							"easing": "easeInSine"
						},
						"0.35": {
							"vector": [18, -6.125, 1.6]
						}
					}
				}
			}
		},
		"animation.model.runningend": {
			"animation_length": 0.5167,
			"bones": {
				"main": {
					"rotation": {
						"0.0": {
							"vector": [-46.26941, -39.03325, 37.52773]
						},
						"0.2833": {
							"vector": [0.5826, -2.79055, 2.63851],
							"easing": "easeInOutSine"
						},
						"0.4167": {
							"vector": [0.32388, 0.39763, -2.15014]
						},
						"0.5167": {
							"vector": [0, 0, 0]
						}
					},
					"position": {
						"0.0": {
							"vector": [18, -6.125, 1.6]
						},
						"0.1": {
							"vector": [13.7, -12.485, -5.5]
						},
						"0.3": {
							"vector": [0.4, 0, -2.6],
							"easing": "easeInOutSine"
						},
						"0.3667": {
							"vector": [0.16, -0.15, 0.6]
						},
						"0.4667": {
							"vector": [0, 0, 0]
						}
					}
				}
			}
		},
		"animation.model.off_ground_sprinting": {
			"loop": true,
			"animation_length": 1.4,
			"bones": {
				"main": {
					"rotation": {
						"0.0": {
							"vector": [-46.26941, -39.03325, 37.52773]
						},
						"0.5667": {
							"vector": [-39.13631, -40.57783, 27.89597],
							"easing": "easeInOutSine"
						},
						"1.4": {
							"vector": [-46.26941, -39.03325, 37.52773],
							"easing": "easeOutSine"
						}
					},
					"position": {
						"0.0": {
							"vector": [19.22215, -9.19453, -4.88775]
						},
						"0.45": {
							"vector": [18.8231, -11.9065, -8.13736],
							"easing": "easeOutSine"
						},
						"0.8167": {
							"vector": [18.98889, -11.56303, -6.35977],
							"easing": "easeInOutSine"
						},
						"1.4": {
							"vector": [19.22215, -9.19453, -4.88775],
							"easing": "easeInSine"
						}
					}
				}
			}
		}
	},
	"geckolib_format_version": 2
}