{
	"format_version": "1.8.0",
	"animations": {
		"animation.model.draw": {
			"loop": true,
			"animation_length": 1.4667,
			"bones": {
				"main": {
					"rotation": {
						"0.0": {
							"vector": [-72.59353, -51.39399, 98.17305]
						},
						"0.2333": {
							"vector": [-9.50651, -52.01295, 43.94583],
							"easing": "easeOutSine"
						},
						"0.3667": {
							"vector": [-12.55375, -44.62432, 47.91469],
							"easing": "linear"
						},
						"0.45": {
							"vector": [-8.24654, -40.35736, 38.47131]
						},
						"0.75": {
							"vector": [3.44517, -2.62363, -1.25029],
							"easing": "easeInOutSine"
						},
						"0.8167": {
							"vector": [1.49336, -1.35424, 2.08865]
						},
						"0.9333": {
							"vector": [0.20109, 0.65551, -2.33353],
							"easing": "easeOutSine"
						},
						"1.0667": {
							"vector": [0, 0, 0],
							"easing": "easeOutSine"
						}
					},
					"position": {
						"0.0": {
							"vector": [0, -14.15, 0]
						},
						"0.25": {
							"vector": [9.365, -10.27, -9.405],
							"easing": "easeInOutSine"
						},
						"0.4": {
							"vector": [7.66105, -6.79701, -8.81159]
						},
						"0.6333": {
							"vector": [-0.28, 0.155, -3.795],
							"easing": "easeOutSine"
						},
						"0.7833": {
							"vector": [-0.15, -1.07, 0.165],
							"easing": "easeInOutSine"
						},
						"0.9": {
							"vector": [0, -0.225, -0.45],
							"easing": "easeInOutSine"
						},
						"1.0667": {
							"vector": [0, 0, 0],
							"easing": "easeInOutSine"
						}
					}
				},
				"leftarm": {
					"rotation": {
						"0.0": {
							"vector": [-22, 0, 0]
						},
						"0.1833": {
							"vector": [-22.74906, 8.05589, -18.2471]
						},
						"0.5": {
							"vector": [-22.74906, 8.05589, -18.2471]
						},
						"0.7833": {
							"vector": [0, 0, 0],
							"easing": "easeInOutSine"
						}
					},
					"position": {
						"0.0": {
							"vector": [3.325, -2.275, 0]
						},
						"0.1833": {
							"vector": [8.95797, 2.10478, -6.97474]
						},
						"0.5": {
							"vector": [8.95797, 2.10478, -6.97474]
						},
						"0.7833": {
							"vector": [0, 0, 0],
							"easing": "easeInOutSine"
						}
					}
				},
				"_camera_": {
					"rotation": {
						"0.0": {
							"vector": [0, 0, 0]
						},
						"0.2667": {
							"vector": [5.30201, 0.84615, -1.44396],
							"easing": "easeOutSine"
						},
						"0.3333": {
							"vector": [4.56657, 1.81062, -2.37097],
							"easing": "easeInOutSine"
						},
						"0.4333": {
							"vector": [3.69511, 0.7647, 0.1841]
						},
						"0.5667": {
							"vector": [1.13633, 0.43143, -1.174]
						},
						"0.7167": {
							"vector": [-0.30918, -0.01767, 1.01624]
						},
						"0.8167": {
							"vector": [0.17256, -0.0039, -0.6024]
						},
						"0.95": {
							"vector": [0, 0, 0],
							"easing": "easeOutSine"
						}
					}
				},
				"stock": {
					"position": {
						"0.0": {
							"vector": [0, 0, -9.7]
						},
						"0.2833": {
							"vector": [0, 0, -9.7]
						},
						"0.35": {
							"vector": [0, 0, 0]
						}
					}
				},
				"rightarm": {
					"rotation": {
						"0.0": {
							"vector": [0, 0, 0]
						},
						"0.2167": {
							"vector": [0.03191, 34.9196, -4.83124]
						},
						"0.5167": {
							"vector": [0.03191, 34.9196, -4.83124]
						},
						"0.7833": {
							"vector": [0, 0, 0]
						}
					},
					"position": {
						"0.0": {
							"vector": [0, 0, 0]
						},
						"0.2167": {
							"vector": [12.4417, 1.06038, 0.47204]
						},
						"0.5167": {
							"vector": [12.4417, 1.06038, 0.47204]
						},
						"0.7833": {
							"vector": [0, 0, 0]
						}
					}
				}
			},
			"sound_effects": {
				"0.2667": {
					"effect": "ggo_sirius2stock"
				},
				"0.5": {
					"effect": "inspect_down"
				}
			}
		},
		"animation.model.reload": {
			"loop": true,
			"animation_length": 2.9,
			"bones": {
				"main": {
					"rotation": {
						"0.0": {
							"vector": [0, 0, 0]
						},
						"0.2333": {
							"vector": [-6.04651, -4.19564, -13.64936],
							"easing": "easeOutSine"
						},
						"0.3667": {
							"vector": [-7.95189, -2.27367, -10.14236]
						},
						"0.45": {
							"vector": [-9.21204, -1.83758, -16.27973]
						},
						"0.55": {
							"vector": [-9.33286, -2.37748, -11.64589]
						},
						"0.6667": {
							"vector": [-7.21023, -2.78506, -14.36829]
						},
						"0.7833": {
							"vector": [-7.43904, -0.9624, -8.0459]
						},
						"0.8833": {
							"vector": [-11.47233, -3.76241, -14.15634],
							"easing": "linear"
						},
						"1.05": {
							"vector": [-11.54288, -1.91569, -12.27479]
						},
						"1.3833": {
							"vector": [-10.34637, -8.14043, -24.34085],
							"easing": "easeInOutCubic"
						},
						"1.55": {
							"vector": [-12.69061, -5.90398, -28.12559],
							"easing": "easeInQuart"
						},
						"1.6667": {
							"vector": [-12.0593, -5.51205, -22.28861]
						},
						"1.7333": {
							"vector": [-10.69693, -6.00322, -28.32288]
						},
						"1.85": {
							"vector": [-5.95255, -2.71085, -19.17477]
						},
						"2.0833": {
							"vector": [3.44196, -0.87679, -1.14513],
							"easing": "easeInOutSine"
						},
						"2.2667": {
							"vector": [0.2125, 0.6519, -1.33347],
							"easing": "easeOutSine"
						},
						"2.3833": {
							"vector": [0, 0, 0],
							"easing": "easeOutSine"
						}
					},
					"position": {
						"0.0": {
							"vector": [0, 0, 0]
						},
						"0.1333": {
							"vector": [-0.37, -1.925, 0.31],
							"easing": "easeInOutSine"
						},
						"0.2333": {
							"vector": [-0.72, -1.17, 1.31]
						},
						"0.35": {
							"vector": [-1.305, 0.495, 1.125],
							"easing": "easeOutSine"
						},
						"0.4333": {
							"vector": [-1.305, -0.25, -0.63],
							"easing": "linear"
						},
						"0.55": {
							"vector": [-1.26, -1.14, -0.24]
						},
						"0.6833": {
							"vector": [-1.21, 0, 0.695],
							"easing": "easeInOutSine"
						},
						"0.7833": {
							"vector": [-1.21, 1.48, 1.325],
							"easing": "easeOutSine"
						},
						"0.9": {
							"vector": [-1.21, -3.74, -3.025]
						},
						"1.0167": {
							"vector": [-1.53593, -1.94352, -2.20845],
							"easing": "linear"
						},
						"1.1833": {
							"vector": [-1.42727, -2.28866, -0.23046],
							"easing": "easeInOutSine"
						},
						"1.3667": {
							"vector": [-1.935, -0.065, -0.88],
							"easing": "easeInOutSine"
						},
						"1.45": {
							"vector": [-2.14202, 0.89222, -0.76774]
						},
						"1.5667": {
							"vector": [-1.34059, -0.80852, -0.89622],
							"easing": "easeInSine"
						},
						"1.7": {
							"vector": [-1.53461, -0.11792, 0.19814],
							"easing": "easeInOutQuad"
						},
						"1.9": {
							"vector": [-0.33736, -1.48317, -3.62347],
							"easing": "easeInSine"
						},
						"2.1333": {
							"vector": [-0.07376, 0.25583, 0.84702]
						},
						"2.2833": {
							"vector": [0.00263, -0.22412, -0.07501],
							"easing": "easeInOutSine"
						},
						"2.3833": {
							"vector": [0, 0, 0],
							"easing": "easeInOutSine"
						}
					}
				},
				"forward": {
					"position": {
						"0.0": {
							"vector": [0, 0, 0]
						},
						"0.3167": {
							"vector": [0, 0, 0]
						},
						"0.3833": {
							"vector": [0, 0, -4.6]
						},
						"0.4667": {
							"vector": [0, 0, -3.1]
						},
						"0.5667": {
							"vector": [0, 0, -4]
						},
						"1.6667": {
							"vector": [0, 0, -4]
						},
						"1.75": {
							"vector": [0, 0, 0.85]
						},
						"1.8333": {
							"vector": [0, 0, -0.5]
						},
						"1.9167": {
							"vector": [0, 0, 0]
						}
					}
				},
				"part": {
					"rotation": {
						"0.0": {
							"vector": [0, 0, 0]
						},
						"0.3833": {
							"vector": [0, 0, 0]
						},
						"0.4667": {
							"vector": [-19.25, 0, 0]
						},
						"1.4667": {
							"vector": [-19.25, 0, 0]
						},
						"1.5667": {
							"vector": [0, 0, 0],
							"easing": "easeInSine"
						}
					},
					"position": {
						"0.0": {
							"vector": [0, 0, 0]
						},
						"0.3833": {
							"vector": [0, 0, 0]
						},
						"0.4667": {
							"vector": [0.23535, 0.9584, -0.16149]
						},
						"1.4667": {
							"vector": [0.23535, 0.9584, -0.16149]
						},
						"1.5667": {
							"vector": [0, 0, 0],
							"easing": "easeInSine"
						}
					}
				},
				"magazine": {
					"rotation": {
						"0.0": {
							"vector": [0, 0, 0]
						},
						"0.3833": {
							"vector": [0, 0, 0]
						},
						"0.4667": {
							"vector": [-21.5, 0, 0]
						},
						"0.55": {
							"vector": [-13.8, 0, 0]
						},
						"0.65": {
							"vector": [-19.74, 0, 0]
						},
						"0.7833": {
							"vector": [-16, 0, 0]
						},
						"0.85": {
							"vector": [-49.25, 0, 0]
						},
						"1.0167": {
							"vector": [-49.53399, -12.87705, 7.76918]
						},
						"1.1167": {
							"vector": [-49.53399, -12.87705, 7.76918]
						},
						"1.3833": {
							"vector": [-25.75, 0, 0],
							"easing": "easeInOutSine"
						},
						"1.4667": {
							"vector": [-28.5, 0, 0],
							"easing": "easeInOutSine"
						},
						"1.5667": {
							"vector": [0, 0, 0],
							"easing": "easeInSine"
						}
					},
					"position": {
						"0.0": {
							"vector": [0, 0, 0]
						},
						"0.3833": {
							"vector": [0, 0, 0]
						},
						"0.4667": {
							"vector": [-0.29308, -1.91861, -0.62869]
						},
						"0.7833": {
							"vector": [-0.29308, -1.91861, -0.62869]
						},
						"0.85": {
							"vector": [-1.23534, -5.95516, 0.19124]
						},
						"1.0167": {
							"vector": [-6.03117, -29.07602, 9.41769]
						},
						"1.1167": {
							"vector": [-6.03117, -29.07602, 9.41769]
						},
						"1.3833": {
							"vector": [-0.29308, -4.23397, -0.74959],
							"easing": "easeInOutSine"
						},
						"1.4667": {
							"vector": [-0.29308, -4.23397, -0.74959],
							"easing": "easeInOutSine"
						},
						"1.5667": {
							"vector": [0, 0, 0],
							"easing": "easeInSine"
						}
					}
				},
				"leftarm": {
					"rotation": {
						"0.0": {
							"vector": [0, 0, 0]
						},
						"0.1167": {
							"vector": [20.71524, 22.27097, -15.29721]
						},
						"0.2333": {
							"vector": [20.71524, 22.27097, -15.29721]
						},
						"0.3833": {
							"vector": [18.26909, 74.44693, -51.13519],
							"easing": "easeInOutSine"
						},
						"1.1167": {
							"vector": [-18.29298, 0.66732, 40.41124]
						},
						"1.3833": {
							"vector": [-19.0856, 4.35328, 23.14238]
						},
						"1.4667": {
							"vector": [-20.65349, 2.81209, 22.31059]
						},
						"1.5667": {
							"vector": [4.6644, 4.35328, 23.14238],
							"easing": "easeInSine"
						},
						"1.7167": {
							"vector": [4.15795, 3.6171, 18.37238],
							"easing": "easeInSine"
						},
						"1.9667": {
							"vector": [0, 0, 0]
						}
					},
					"position": {
						"0.0": {
							"vector": [0, 0, 0]
						},
						"0.1167": {
							"vector": [15.75868, -2.07324, 7.26328]
						},
						"0.2333": {
							"vector": [30.37941, -0.91224, 35.73238]
						},
						"0.3833": {
							"vector": [21.09886, -4.65827, 24.8833],
							"easing": "easeInOutSine"
						},
						"1.1167": {
							"vector": [-20.27013, -45.79953, 13.76551]
						},
						"1.3833": {
							"vector": [-5.143, -18.01231, 4.97084],
							"easing": "easeInOutSine"
						},
						"1.4667": {
							"vector": [-4.968, -18.28731, 4.47084],
							"easing": "easeInOutSine"
						},
						"1.5667": {
							"vector": [-5.143, -4.16231, 15.14584],
							"easing": "easeInSine"
						},
						"1.7167": {
							"vector": [-4.343, -4.16231, 15.14584],
							"easing": "easeInSine"
						},
						"1.8": {
							"vector": [-2.455, -6.045, 10.1]
						},
						"1.9667": {
							"vector": [0, 0, 0]
						}
					}
				},
				"_camera_": {
					"rotation": {
						"0.0": {
							"vector": [0, 0, 0]
						},
						"0.2": {
							"vector": [2.31346, 0.88247, 0.77987],
							"easing": "easeInSine"
						},
						"0.3667": {
							"vector": [1.33425, 1.41292, 0.73829]
						},
						"0.4667": {
							"vector": [1.31726, 1.6865, 2.25],
							"easing": "easeInOutSine"
						},
						"0.5833": {
							"vector": [1.09199, 1.96445, 0.07212]
						},
						"0.6833": {
							"vector": [0.78599, 2.19705, 1.26301]
						},
						"0.8667": {
							"vector": [2.57322, 1.6773, 2.2345]
						},
						"0.9667": {
							"vector": [3.17245, 1.33112, -0.71227],
							"easing": "easeInSine"
						},
						"1.1167": {
							"vector": [2.79738, 1.4771, 1.21435]
						},
						"1.3167": {
							"vector": [1.52902, 2.26269, 0.50135]
						},
						"1.4333": {
							"vector": [1.52429, 1.91364, 0.45857]
						},
						"1.55": {
							"vector": [0.73824, 1.55244, -1.01868]
						},
						"1.6667": {
							"vector": [1.53877, 2.26917, 0.25137]
						},
						"1.8": {
							"vector": [1.3576, 1.55197, -1.06884]
						},
						"2.0": {
							"vector": [1.13633, 0.43143, -1.174]
						},
						"2.1833": {
							"vector": [-0.30918, -0.01767, 1.01624]
						},
						"2.3833": {
							"vector": [0, 0, 0],
							"easing": "easeOutSine"
						}
					}
				}
			},
			"sound_effects": {
				"0.2": {
					"effect": "ggo_sirius2back"
				},
				"0.7333": {
					"effect": "ggo_sirius2magout"
				},
				"1.2": {
					"effect": "ggo_sirius2magin"
				},
				"1.6333": {
					"effect": "ggo_sirius2forward"
				},
				"1.9167": {
					"effect": "inspect_down"
				}
			}
		},
		"animation.model.inspect": {
			"loop": true,
			"animation_length": 5.6833,
			"bones": {
				"main": {
					"rotation": {
						"0.0": {
							"vector": [0, 0, 0]
						},
						"0.4": {
							"vector": [-6.07167, -33.2654, -14.89328],
							"easing": "easeInOutSine"
						},
						"0.5167": {
							"vector": [-6.7508, -35.0102, -11.43687]
						},
						"0.7167": {
							"vector": [-7.52963, -34.27578, -13.23918],
							"easing": "easeInOutSine"
						},
						"0.9": {
							"vector": [-7.449, -34.07199, -12.22797]
						},
						"1.1667": {
							"vector": [-6.45516, -34.49841, -14.65436],
							"easing": "easeInOutSine"
						},
						"1.4333": {
							"vector": [-6.84519, -34.34768, -13.76369]
						},
						"1.6667": {
							"vector": [-6.20516, -34.49841, -14.65436],
							"easing": "easeInOutSine"
						},
						"2.1833": {
							"vector": [-10.7539, 1.85873, 43.86532],
							"easing": "easeInOutSine"
						},
						"2.5": {
							"vector": [-13.42851, 1.80292, 46.70984],
							"easing": "easeOutSine"
						},
						"2.7333": {
							"vector": [-13.36452, 2.10243, 46.70462]
						},
						"2.8833": {
							"vector": [-12.88045, 1.96118, 45.48923]
						},
						"3.0333": {
							"vector": [-13.25411, 2.66913, 47.82918]
						},
						"3.25": {
							"vector": [-13.28491, 2.53445, 46.21167]
						},
						"3.6": {
							"vector": [-13.08887, 3.51483, 48.69647]
						},
						"3.8833": {
							"vector": [-13.42127, 3.55937, 47.75599]
						},
						"4.4": {
							"vector": [3.44517, -2.62363, -1.25029],
							"easing": "easeInOutSine"
						},
						"4.4667": {
							"vector": [1.49336, -1.35424, 2.08865]
						},
						"4.5833": {
							"vector": [0.20109, 0.65551, -2.33353],
							"easing": "easeOutSine"
						},
						"4.7167": {
							"vector": [0, 0, 0],
							"easing": "easeOutSine"
						}
					},
					"position": {
						"0.0": {
							"vector": [0, 0, 0]
						},
						"0.1667": {
							"vector": [0, -3.875, 0.12],
							"easing": "linear"
						},
						"0.2833": {
							"vector": [-1.5, -2.81, -1.7]
						},
						"0.45": {
							"vector": [-2.09387, -1.44124, -3.5818],
							"easing": "easeInOutSine"
						},
						"0.6": {
							"vector": [-3, -2.325, -3.52],
							"easing": "easeOutSine"
						},
						"0.8667": {
							"vector": [-2.83259, -1.76993, -3.78681],
							"easing": "easeInOutSine"
						},
						"1.7": {
							"vector": [-3, -2, -2.975],
							"easing": "easeOutSine"
						},
						"1.9333": {
							"vector": [5.9, -4.025, -1.52],
							"easing": "easeInSine"
						},
						"2.2667": {
							"vector": [9.4, -2.2, -0.52],
							"easing": "easeOutSine"
						},
						"2.6": {
							"vector": [9.4, -2.01, -0.79],
							"easing": "easeInOutSine"
						},
						"2.7833": {
							"vector": [9.4, -2.01, -0.79]
						},
						"2.8833": {
							"vector": [9.30796, -2.06588, -0.40801]
						},
						"3.1": {
							"vector": [9.41672, -2.00687, -0.90477]
						},
						"3.4": {
							"vector": [9.4, -2.035, -0.79]
						},
						"3.85": {
							"vector": [9.4, -2.01, -0.79]
						},
						"4.0667": {
							"vector": [3.93, -5.265, -2.49],
							"easing": "easeInSine"
						},
						"4.2833": {
							"vector": [-0.28, 0.155, -3.795],
							"easing": "easeOutSine"
						},
						"4.4333": {
							"vector": [-0.15, -1.07, 0.165],
							"easing": "easeInOutSine"
						},
						"4.55": {
							"vector": [0, -0.225, -0.45],
							"easing": "easeInOutSine"
						},
						"4.7167": {
							"vector": [0, 0, 0],
							"easing": "easeInOutSine"
						}
					}
				},
				"leftarm": {
					"rotation": {
						"0.0": {
							"vector": [0, 0, 0]
						},
						"0.4833": {
							"vector": [-19.66935, 13.26626, 1.13179]
						},
						"1.7333": {
							"vector": [-19.66935, 13.26626, 1.13179]
						},
						"2.0833": {
							"vector": [-27.79035, -3.03118, -40.0446]
						},
						"3.85": {
							"vector": [-27.79035, -3.03118, -40.0446]
						},
						"4.2667": {
							"vector": [0, 0, 0]
						}
					},
					"position": {
						"0.0": {
							"vector": [0, 0, 0]
						},
						"0.4833": {
							"vector": [6.72331, -7.17434, -0.92275]
						},
						"1.7333": {
							"vector": [6.72331, -7.17434, -0.92275]
						},
						"2.0833": {
							"vector": [16.70621, 10.89734, 0.04882]
						},
						"3.85": {
							"vector": [16.70621, 10.89734, 0.04882]
						},
						"4.1": {
							"vector": [8.29724, 2.42756, -4.21426]
						},
						"4.2667": {
							"vector": [0, 0, 0]
						}
					},
					"scale": {
						"0.0": {
							"vector": [1, 1, 1]
						},
						"0.4833": {
							"vector": [1.2, 1.2, 1.2]
						},
						"1.7333": {
							"vector": [1.2, 1.2, 1.2]
						},
						"3.85": {
							"vector": [1.2, 1.2, 1.2]
						},
						"4.2667": {
							"vector": [1, 1, 1]
						}
					}
				},
				"action": {
					"position": {
						"0.0": {
							"vector": [0, 0, 0]
						},
						"3.5833": {
							"vector": [0, 0, 0]
						},
						"3.6833": {
							"vector": [0, 0, 4],
							"easing": "easeInSine"
						},
						"3.9833": {
							"vector": [0, 0, 4],
							"easing": "easeInSine"
						},
						"4.0167": {
							"vector": [0, 0, 0],
							"easing": "easeInSine"
						}
					}
				},
				"_camera_": {
					"rotation": {
						"0.0": {
							"vector": [0, 0, 0]
						},
						"0.2": {
							"vector": [2.72303, 1.56032, -0.29295],
							"easing": "easeInOutSine"
						},
						"0.3667": {
							"vector": [1.75519, 3.00038, -0.02298],
							"easing": "easeOutSine"
						},
						"0.5": {
							"vector": [2.34575, 2.92141, 1.72752]
						},
						"0.7167": {
							"vector": [2.55501, 3.35225, 0.75075]
						},
						"1.2": {
							"vector": [3.43771, 4.79201, -0.45452],
							"easing": "easeInOutSine"
						},
						"1.7167": {
							"vector": [4.48869, 5.5143, 0.10223],
							"easing": "easeInSine"
						},
						"2.2333": {
							"vector": [2.69888, 1.40698, 0.29751],
							"easing": "easeInOutSine"
						},
						"2.8": {
							"vector": [2.81135, 0.67178, 0.51781]
						},
						"2.9167": {
							"vector": [2.83226, 0.54638, 1.29342]
						},
						"3.1": {
							"vector": [2.85245, 0.4031, 0.59832],
							"easing": "easeInOutSine"
						},
						"3.3333": {
							"vector": [3.07026, 0.05158, 1.39303]
						},
						"3.5833": {
							"vector": [3.20553, -0.11594, 0.98086],
							"easing": "easeOutSine"
						},
						"3.85": {
							"vector": [3.09665, 0.19294, 0.86053]
						},
						"4.35": {
							"vector": [-0.75078, 0.00214, 1.29348],
							"easing": "easeInOutSine"
						},
						"4.5": {
							"vector": [0.44113, -0.00613, -0.48371],
							"easing": "easeOutSine"
						},
						"4.7167": {
							"vector": [0, 0, 0],
							"easing": "easeOutSine"
						}
					}
				},
				"forward": {
					"position": {
						"0.0": {
							"vector": [0, 0, 0]
						},
						"0.3167": {
							"vector": [0, 0, 0]
						},
						"0.3833": {
							"vector": [0, 0, -4.6]
						},
						"0.4667": {
							"vector": [0, 0, -3.1]
						},
						"0.5667": {
							"vector": [0, 0, -4]
						},
						"2.75": {
							"vector": [0, 0, -4]
						},
						"2.8333": {
							"vector": [0, 0, 0.85]
						},
						"2.9167": {
							"vector": [0, 0, -0.5]
						},
						"3.0": {
							"vector": [0, 0, 0]
						}
					}
				}
			},
			"sound_effects": {
				"0.0": {
					"effect": "inspect_up"
				},
				"0.1667": {
					"effect": "ggo_sirius2back"
				},
				"1.55": {
					"effect": "inspect_turn"
				},
				"2.7167": {
					"effect": "ggo_sirius2forward"
				},
				"4.0167": {
					"effect": "inspect_down"
				}
			}
		},
		"animation.model.fire": {
			"loop": true,
			"animation_length": 0.6667,
			"bones": {
				"main": {
					"rotation": {
						"0.0": {
							"vector": [0, 0, 0]
						},
						"0.05": {
							"vector": [-0.99517, -0.19623, -3.49722]
						},
						"0.1333": {
							"vector": [-0.24005, -0.07447, -1.5556]
						},
						"0.2583": {
							"vector": [0.75001, 0.00699, 1.20031]
						},
						"0.3583": {
							"vector": [0.5, 0.00851, -0.52127]
						},
						"0.475": {
							"vector": [-0.00005, 0.0036, -0.51064]
						},
						"0.6583": {
							"vector": [0, 0, 0]
						}
					},
					"position": {
						"0.0": {
							"vector": [0, 0, 0]
						},
						"0.05": {
							"vector": [-0.00912, 0.1773, 2.55328]
						},
						"0.175": {
							"vector": [0.0016, -0.25999, 0.59075],
							"easing": "easeInOutSine"
						},
						"0.55": {
							"vector": [0, 0, 0],
							"easing": "easeOutSine"
						}
					}
				},
				"leftarm": {
					"rotation": {
						"0.0": {
							"vector": [0, 0, 0]
						},
						"0.1": {
							"vector": [0, 0, -4.25]
						},
						"0.3": {
							"vector": [0, 0, 0]
						}
					},
					"position": {
						"0.0": {
							"vector": [0, 0, 0]
						},
						"0.1": {
							"vector": [1.08572, 0.26854, -0.65458]
						},
						"0.3": {
							"vector": [0, 0, 0]
						}
					}
				}
			}
		}
	},
	"geckolib_format_version": 2
}