{
	"format_version": "1.8.0",
	"animations": {
		"animation.model.reload": {
			"loop": true,
			"animation_length": 4,
			"blend_weight": 1,
			"bones": {
				"leftarm": {
					"rotation": {
						"0.0": {
							"vector": [0, 0, 0]
						},
						"0.2667": {
							"vector": [-28.12504, -11.75996, 3.89474]
						},
						"3.5667": {
							"vector": [-28.12504, -11.75996, 3.89474]
						},
						"3.8667": {
							"vector": [0, 0, 0]
						}
					},
					"position": {
						"0.0": {
							"vector": [0, 0, 0]
						},
						"0.2667": {
							"vector": [1.775, -11.325, -4.475]
						},
						"3.5667": {
							"vector": [1.775, -11.325, -4.475]
						},
						"3.8667": {
							"vector": [0, 0, 0]
						}
					}
				},
				"rightarm": {
					"rotation": {
						"0.0": {
							"vector": [0, 0, 0]
						},
						"0.2667": {
							"vector": [0, 0, 0]
						},
						"0.5667": {
							"vector": [-21.99059, 22.60523, 28.96297],
							"easing": "easeOutQuad"
						},
						"0.7667": {
							"vector": [-15.6079, 16.99242, 34.34339],
							"easing": "easeOutExpo"
						},
						"0.9333": {
							"vector": [-23.02691, 14.7841, 11.39086],
							"easing": "easeOutBack"
						},
						"1.2333": {
							"vector": [9.48397, 13.40802, 48.62155]
						},
						"1.4333": {
							"vector": [-9.36997, 41.14836, -50.98631],
							"easing": "easeOutBack"
						},
						"1.6667": {
							"vector": [11.95788, 51.23951, -36.50493],
							"easing": "easeOutSine"
						},
						"1.8333": {
							"vector": [95.39561, 1.57063, 21.3848],
							"easing": "easeOutQuad"
						},
						"2.0667": {
							"vector": [-12.92642, -0.54253, 29.00524],
							"easing": "easeInQuad"
						},
						"2.2333": {
							"vector": [-27.55788, 1.57799, 27.21581],
							"easing": "easeOutBack"
						},
						"2.4667": {
							"vector": [15.7715, 7.6163, 29.36999],
							"easing": "easeOutQuart"
						},
						"2.5667": {
							"vector": [19.0215, 7.6163, 29.36999],
							"easing": "easeInBack"
						},
						"2.7667": {
							"vector": [-31.85983, 12.2791, 60.81404],
							"easing": "easeOutQuad"
						},
						"2.8667": {
							"vector": [-32.0688, 7.4025, 65.48716]
						},
						"2.9333": {
							"vector": [-28.84725, 14.53069, 74.57265]
						},
						"3.2333": {
							"vector": [0.60211, -0.43552, 24.62485],
							"easing": "easeOutBack"
						},
						"3.4": {
							"vector": [8.66519, 22.72161, 32.7018]
						},
						"3.5667": {
							"vector": [0, 0, 0]
						}
					},
					"position": {
						"0.0": {
							"vector": [0, 0, 0]
						},
						"0.2667": {
							"vector": [0, 0, 0]
						},
						"0.5333": {
							"vector": [0, 10.8, -4.45],
							"easing": "easeOutQuad"
						},
						"0.6667": {
							"vector": [-1.94997, 9.77528, -3.22919]
						},
						"0.7667": {
							"vector": [-3.1, 10.35, -4.97]
						},
						"0.9333": {
							"vector": [-3.1, 10.35, -4.97]
						},
						"1.1333": {
							"vector": [0.725, 19.15, -16.57],
							"easing": "easeOutQuad"
						},
						"1.3333": {
							"vector": [-2.495, 19.15, -14.695]
						},
						"1.5333": {
							"vector": [-2.495, 19.15, -14.695]
						},
						"1.7333": {
							"vector": [-7.295, -2.625, -8.245],
							"easing": "easeInExpo"
						},
						"2.1": {
							"vector": [-7.295, 20.1, -10.32]
						},
						"2.2333": {
							"vector": [-9.12, 20.1, -9.495]
						},
						"2.4667": {
							"vector": [2.655, 26.725, -16.895],
							"easing": "easeOutQuart"
						},
						"2.5667": {
							"vector": [1.94758, 25.71935, -19.10041],
							"easing": "easeInQuart"
						},
						"2.7667": {
							"vector": [-11.515, 16.23, -8.99],
							"easing": "easeOutQuad"
						},
						"2.8667": {
							"vector": [-11.51, 16.905, -9.79]
						},
						"2.9333": {
							"vector": [-12.24014, 16.03455, -12.9948]
						},
						"3.1667": {
							"vector": [-11.51, 10.955, -8.79]
						},
						"3.4": {
							"vector": [-2.18, 5.98, 4.96]
						},
						"3.5667": {
							"vector": [0, 0, 0]
						}
					}
				},
				"main": {
					"rotation": {
						"0.0": {
							"vector": ["0 * (math.abs(pbj.aimprog - 1.1))", "0 * (math.abs(pbj.aimprog - 1.1))", "0 * (math.abs(pbj.aimprog - 1.1))"]
						},
						"0.2333": {
							"vector": [
								"-16.5887699591 * (math.abs(pbj.aimprog - 1.1))",
								"-10.6332568703 * (math.abs(pbj.aimprog - 1.1))",
								"17.9721091186 * (math.abs(pbj.aimprog - 1.1))"
							]
						},
						"0.5333": {
							"vector": [
								"-24.4877198274 * (math.abs(pbj.aimprog - 1.1))",
								"-10.0650962784 * (math.abs(pbj.aimprog - 1.1))",
								"20.1839521732 * (math.abs(pbj.aimprog - 1.1))"
							],
							"easing": "easeOutBack"
						},
						"0.6667": {
							"vector": [
								"-26.4563401964 * (math.abs(pbj.aimprog - 1.1))",
								"-12.6748857376 * (math.abs(pbj.aimprog - 1.1))",
								"14.9571870022 * (math.abs(pbj.aimprog - 1.1))"
							]
						},
						"0.7333": {
							"vector": [
								"-25.3437162272 * (math.abs(pbj.aimprog - 1.1))",
								"-11.7777285344 * (math.abs(pbj.aimprog - 1.1))",
								"16.786181878 * (math.abs(pbj.aimprog - 1.1))"
							]
						},
						"0.8667": {
							"vector": [
								"-24.4019731196 * (math.abs(pbj.aimprog - 1.1))",
								"-12.2082151833 * (math.abs(pbj.aimprog - 1.1))",
								"15.8634415371 * (math.abs(pbj.aimprog - 1.1))"
							]
						},
						"1.0333": {
							"vector": [
								"-25.5009289819 * (math.abs(pbj.aimprog - 1.1))",
								"-13.1320424563 * (math.abs(pbj.aimprog - 1.1))",
								"14.0408929026 * (math.abs(pbj.aimprog - 1.1))"
							],
							"easing": "linear"
						},
						"1.1667": {
							"vector": [
								"-24.814744511 * (math.abs(pbj.aimprog - 1.1))",
								"-13.9862936058 * (math.abs(pbj.aimprog - 1.1))",
								"12.1806357555 * (math.abs(pbj.aimprog - 1.1))"
							],
							"easing": "linear"
						},
						"1.2667": {
							"vector": [
								"-29.7465299844 * (math.abs(pbj.aimprog - 1.1))",
								"-15.225403415 * (math.abs(pbj.aimprog - 1.1))",
								"9.9339223323 * (math.abs(pbj.aimprog - 1.1))"
							],
							"easing": "easeInCubic"
						},
						"1.3333": {
							"vector": [
								"-28.1721161575 * (math.abs(pbj.aimprog - 1.1))",
								"-18.1328430067 * (math.abs(pbj.aimprog - 1.1))",
								"4.453981332 * (math.abs(pbj.aimprog - 1.1))"
							]
						},
						"1.4": {
							"vector": [
								"-28.0446907998 * (math.abs(pbj.aimprog - 1.1))",
								"-17.025084375 * (math.abs(pbj.aimprog - 1.1))",
								"6.5090993542 * (math.abs(pbj.aimprog - 1.1))"
							]
						},
						"1.5333": {
							"vector": [
								"-27.997905154 * (math.abs(pbj.aimprog - 1.1))",
								"-15.2339585671 * (math.abs(pbj.aimprog - 1.1))",
								"9.9389127081 * (math.abs(pbj.aimprog - 1.1))"
							]
						},
						"1.6333": {
							"vector": [
								"-25.2586432122 * (math.abs(pbj.aimprog - 1.1))",
								"-16.1811963089 * (math.abs(pbj.aimprog - 1.1))",
								"7.9568082017 * (math.abs(pbj.aimprog - 1.1))"
							]
						},
						"2.0": {
							"vector": [
								"-23.8778595888 * (math.abs(pbj.aimprog - 1.1))",
								"-15.9338717658 * (math.abs(pbj.aimprog - 1.1))",
								"8.5615707009 * (math.abs(pbj.aimprog - 1.1))"
							],
							"easing": "easeOutQuad"
						},
						"2.2": {
							"vector": [
								"-24.4055450376 * (math.abs(pbj.aimprog - 1.1))",
								"-17.2196994125 * (math.abs(pbj.aimprog - 1.1))",
								"6.0235348998 * (math.abs(pbj.aimprog - 1.1))"
							],
							"easing": "easeOutSine"
						},
						"2.3333": {
							"vector": [
								"-24.6861773034 * (math.abs(pbj.aimprog - 1.1))",
								"-16.8202067099 * (math.abs(pbj.aimprog - 1.1))",
								"6.9822641492 * (math.abs(pbj.aimprog - 1.1))"
							],
							"easing": "easeOutSine"
						},
						"2.4": {
							"vector": [
								"-22.2438810634 * (math.abs(pbj.aimprog - 1.1))",
								"-14.8825364645 * (math.abs(pbj.aimprog - 1.1))",
								"11.7733073385 * (math.abs(pbj.aimprog - 1.1))"
							]
						},
						"2.6": {
							"vector": [
								"-24.8998605856 * (math.abs(pbj.aimprog - 1.1))",
								"-16.5894300046 * (math.abs(pbj.aimprog - 1.1))",
								"7.7319086294 * (math.abs(pbj.aimprog - 1.1))"
							]
						},
						"2.8333": {
							"vector": [
								"-22.8165999203 * (math.abs(pbj.aimprog - 1.1))",
								"-16.7179297713 * (math.abs(pbj.aimprog - 1.1))",
								"5.1348143553 * (math.abs(pbj.aimprog - 1.1))"
							]
						},
						"2.9333": {
							"vector": [
								"-19.431926978 * (math.abs(pbj.aimprog - 1.1))",
								"-16.9811518127 * (math.abs(pbj.aimprog - 1.1))",
								"4.1534709647 * (math.abs(pbj.aimprog - 1.1))"
							]
						},
						"3.0": {
							"vector": [
								"-14.3707548742 * (math.abs(pbj.aimprog - 1.1))",
								"-16.9659190463 * (math.abs(pbj.aimprog - 1.1))",
								"-4.3430725464 * (math.abs(pbj.aimprog - 1.1))"
							]
						},
						"3.1": {
							"vector": [
								"-15.2930517179 * (math.abs(pbj.aimprog - 1.1))",
								"-16.4394937307 * (math.abs(pbj.aimprog - 1.1))",
								"-1.248641706 * (math.abs(pbj.aimprog - 1.1))"
							]
						},
						"3.2333": {
							"vector": [
								"-18.1809178373 * (math.abs(pbj.aimprog - 1.1))",
								"-16.239256611 * (math.abs(pbj.aimprog - 1.1))",
								"5.0271319568 * (math.abs(pbj.aimprog - 1.1))"
							]
						},
						"3.4333": {
							"vector": [
								"-19.7596393145 * (math.abs(pbj.aimprog - 1.1))",
								"-11.4017748481 * (math.abs(pbj.aimprog - 1.1))",
								"5.9388177675 * (math.abs(pbj.aimprog - 1.1))"
							]
						},
						"3.8333": {
							"vector": ["0 * (math.abs(pbj.aimprog - 1.1))", "0 * (math.abs(pbj.aimprog - 1.1))", "0 * (math.abs(pbj.aimprog - 1.1))"],
							"easing": "easeOutSine"
						}
					},
					"position": {
						"0.0": {
							"vector": ["0 * (math.abs(pbj.aimprog - 1.1))", "0 * (math.abs(pbj.aimprog - 1.1))", "0 * (math.abs(pbj.aimprog - 1.1))"]
						},
						"0.3": {
							"vector": ["0 * (math.abs(pbj.aimprog - 1.1))", "-2.275 * (math.abs(pbj.aimprog - 1.1))", "2.275 * (math.abs(pbj.aimprog - 1.1))"],
							"easing": "easeOutQuart"
						},
						"0.5333": {
							"vector": ["-0.4 * (math.abs(pbj.aimprog - 1.1))", "-2.27 * (math.abs(pbj.aimprog - 1.1))", "3.08 * (math.abs(pbj.aimprog - 1.1))"],
							"easing": "easeInQuad"
						},
						"0.6667": {
							"vector": ["-0.4 * (math.abs(pbj.aimprog - 1.1))", "-2.27 * (math.abs(pbj.aimprog - 1.1))", "3.08 * (math.abs(pbj.aimprog - 1.1))"]
						},
						"0.9667": {
							"vector": ["-0.9 * (math.abs(pbj.aimprog - 1.1))", "-2.495 * (math.abs(pbj.aimprog - 1.1))", "3.23 * (math.abs(pbj.aimprog - 1.1))"]
						},
						"1.2667": {
							"vector": ["-1.275 * (math.abs(pbj.aimprog - 1.1))", "-2.49 * (math.abs(pbj.aimprog - 1.1))", "3.805 * (math.abs(pbj.aimprog - 1.1))"],
							"easing": "easeInSine"
						},
						"1.5": {
							"vector": ["-1.27 * (math.abs(pbj.aimprog - 1.1))", "-2.615 * (math.abs(pbj.aimprog - 1.1))", "4.31 * (math.abs(pbj.aimprog - 1.1))"]
						},
						"1.9333": {
							"vector": ["-0.97 * (math.abs(pbj.aimprog - 1.1))", "-3.06 * (math.abs(pbj.aimprog - 1.1))", "4.31 * (math.abs(pbj.aimprog - 1.1))"]
						},
						"2.2": {
							"vector": ["-1.42 * (math.abs(pbj.aimprog - 1.1))", "-3.06 * (math.abs(pbj.aimprog - 1.1))", "4.31 * (math.abs(pbj.aimprog - 1.1))"],
							"easing": "easeOutQuad"
						},
						"2.5": {
							"vector": ["-1.02 * (math.abs(pbj.aimprog - 1.1))", "-3.06 * (math.abs(pbj.aimprog - 1.1))", "3.685 * (math.abs(pbj.aimprog - 1.1))"],
							"easing": "easeInSine"
						},
						"2.6667": {
							"vector": ["-0.87 * (math.abs(pbj.aimprog - 1.1))", "-3.06 * (math.abs(pbj.aimprog - 1.1))", "3.215 * (math.abs(pbj.aimprog - 1.1))"]
						},
						"3.0333": {
							"vector": ["-0.67 * (math.abs(pbj.aimprog - 1.1))", "-3.16 * (math.abs(pbj.aimprog - 1.1))", "1.995 * (math.abs(pbj.aimprog - 1.1))"],
							"easing": "easeInSine"
						},
						"3.2333": {
							"vector": ["-0.745 * (math.abs(pbj.aimprog - 1.1))", "-3.16 * (math.abs(pbj.aimprog - 1.1))", "2.55 * (math.abs(pbj.aimprog - 1.1))"]
						},
						"3.5333": {
							"vector": ["-0.54 * (math.abs(pbj.aimprog - 1.1))", "-1.055 * (math.abs(pbj.aimprog - 1.1))", "1.39 * (math.abs(pbj.aimprog - 1.1))"]
						},
						"3.8333": {
							"vector": ["0 * (math.abs(pbj.aimprog - 1.1))", "0 * (math.abs(pbj.aimprog - 1.1))", "0 * (math.abs(pbj.aimprog - 1.1))"]
						}
					}
				},
				"magazine": {
					"rotation": {
						"0.0": {
							"vector": [0, 0, 0]
						},
						"1.2333": {
							"vector": [0, 0, 0]
						},
						"1.4": {
							"vector": [-74.03937, 10.35188, -73.97964]
						},
						"1.7667": {
							"vector": [-191.02732, -38.87102, -156.83159]
						},
						"1.8": {
							"vector": [0, 0, 0]
						}
					},
					"position": {
						"0.0": {
							"vector": [0, 0, 0]
						},
						"0.6333": {
							"vector": [0, 0, 0]
						},
						"0.8": {
							"vector": [0, 0, 4],
							"easing": "easeInSine"
						},
						"0.9": {
							"vector": [0, 0, 2.725]
						},
						"1.0667": {
							"vector": [0, 0, 3.73],
							"easing": "easeOutElastic"
						},
						"1.2333": {
							"vector": [0, 0, 3.73],
							"easing": "linear"
						},
						"1.4": {
							"vector": [-43.175, 2.2, 25.28]
						},
						"1.7667": {
							"vector": [-106.325, -35.525, 55.98]
						},
						"1.8": {
							"vector": [0, 0, 0]
						}
					},
					"scale": {
						"0.0": {
							"vector": [1, 1, 1]
						},
						"1.4": {
							"vector": [1, 1, 1]
						},
						"1.7667": {
							"vector": [0, 0, 0]
						},
						"3.8333": {
							"vector": [0, 0, 0]
						},
						"3.8667": {
							"vector": [1, 1, 1]
						}
					}
				},
				"Mag Switch": {
					"rotation": {
						"0.5333": {
							"vector": [0, 0, 0]
						},
						"0.7333": {
							"vector": [-22.5, 0, 0],
							"easing": "easeOutBack"
						},
						"2.8667": {
							"vector": [-22.5, 0, 0]
						},
						"2.9333": {
							"vector": [0, 0, 0]
						}
					}
				},
				"Mag Match": {
					"rotation": {
						"0.6": {
							"vector": [0, 0, 0]
						},
						"0.8667": {
							"vector": [22.5, 0, 0],
							"easing": "easeOutBack"
						},
						"2.9667": {
							"vector": [22.5, 0, 0]
						},
						"3.1667": {
							"vector": [0, 0, 0],
							"easing": "easeOutCubic"
						}
					}
				},
				"Mag Backer": {
					"position": {
						"0.6": {
							"vector": [0, 0, 0]
						},
						"0.8667": {
							"vector": [0, 0, 4],
							"easing": "easeOutBack"
						},
						"2.8667": {
							"vector": [0, 0, 4]
						},
						"3.1": {
							"vector": [0, 0, 0],
							"easing": "easeOutCubic"
						}
					}
				},
				"Mag Holder": {
					"rotation": {
						"0.0": {
							"vector": [0, 22.5, 0]
						},
						"2.9667": {
							"vector": [0, 22.5, 0]
						},
						"3.2": {
							"vector": [0, 0, 0],
							"easing": "easeOutExpo"
						}
					},
					"scale": {
						"vector": [1, 1, 1]
					}
				},
				"Mag_Holder2": {
					"rotation": {
						"0.0": {
							"vector": [0, -22.5, 0]
						},
						"2.9667": {
							"vector": [0, -22.5, 0]
						},
						"3.2": {
							"vector": [0, 0, 0],
							"easing": "easeOutExpo"
						}
					}
				},
				"charge_indicator": {
					"scale": {
						"vector": [0, 0, 0]
					}
				},
				"magazine2": {
					"rotation": {
						"1.4": {
							"vector": [0, 0, 0]
						},
						"1.8667": {
							"vector": [0, 0, 0]
						},
						"2.1": {
							"vector": [12.47866, 2.19905, 1.87727],
							"easing": "easeInSine"
						},
						"2.2333": {
							"vector": [-20.56497, -10.91662, 14.04597],
							"easing": "easeOutQuad"
						},
						"2.3333": {
							"vector": [24.44625, -9.75828, 2.8163]
						},
						"2.4667": {
							"vector": [0, 0, 0],
							"easing": "easeOutCubic"
						},
						"3.3": {
							"vector": [0, 0, 0]
						},
						"3.3333": {
							"vector": [0, 0, 0]
						}
					},
					"position": {
						"1.4": {
							"vector": [-17, -82, 31]
						},
						"1.8667": {
							"vector": [-22, -38, 33]
						},
						"2.1": {
							"vector": [-1.425, 7.675, 10.85],
							"easing": "easeInSine"
						},
						"2.2333": {
							"vector": [-0.345, 13.455, 19.75],
							"easing": "easeOutQuad"
						},
						"2.4667": {
							"vector": [0, 0, 3.525],
							"easing": "easeOutCubic"
						},
						"2.8667": {
							"vector": [0, 0, 3.53]
						},
						"3.1": {
							"vector": [0, 0, -0.47],
							"easing": "easeOutCubic"
						},
						"3.3": {
							"vector": [0, 0, -0.47]
						},
						"3.3333": {
							"vector": [0, 0, 0]
						}
					},
					"scale": {
						"1.4": {
							"vector": [0, 0, 0]
						},
						"1.8667": {
							"vector": [1, 1, 1]
						},
						"3.3": {
							"vector": [1, 1, 1]
						},
						"3.3333": {
							"vector": [0, 0, 0]
						},
						"3.5": {
							"vector": [1, 1, 1]
						}
					}
				}
			},
			"sound_effects": {
				"0.4667": {
					"effect": "soltek_azuris_click"
				},
				"1.2": {
					"effect": "soltek_azuris_throw"
				},
				"2.3": {
					"effect": "soltek_azuris_insertcharge"
				},
				"2.8667": {
					"effect": "soltek_azuris_clickclose"
				},
				"2.9": {
					"effect": "soltek_azuris_holderclose"
				}
			}
		},
		"animation.model.draw": {
			"loop": true,
			"animation_length": 1.25,
			"bones": {
				"main": {
					"rotation": {
						"0.0": {
							"vector": [32.09413, -54.38778, -8.29667]
						},
						"0.25": {
							"vector": [-4.61755, -39.77413, 27.42025],
							"easing": "easeInQuad"
						},
						"0.4": {
							"vector": [1.15456, -21.58672, 6.68164],
							"easing": "linear"
						},
						"0.6": {
							"vector": [-10.6263, -14.30064, -0.15221],
							"easing": "easeOutBack"
						},
						"0.7": {
							"vector": [-5.95782, -7.43993, -0.29804]
						},
						"0.95": {
							"vector": [0, 0, 0],
							"easing": "easeOutCubic"
						}
					},
					"position": {
						"0.0": {
							"vector": [0, -17.3, 0]
						},
						"0.15": {
							"vector": [-8.275, -2.525, 5.325],
							"easing": "linear"
						},
						"0.35": {
							"vector": [-5.9, 0, 5.61],
							"easing": "linear"
						},
						"0.65": {
							"vector": [-1.19, 0.6, 1.125],
							"easing": "easeOutCubic"
						},
						"0.9": {
							"vector": [0, 0, 0],
							"easing": "linear"
						}
					}
				},
				"leftarm": {
					"rotation": {
						"0.0": {
							"vector": [-8.43619, 7.90839, -6.28582]
						},
						"0.4": {
							"vector": [1, 0, -22]
						},
						"0.6": {
							"vector": [16.60027, 5.78072, 5.64012]
						},
						"0.75": {
							"vector": [8.0203, 7.38437, -0.97359]
						},
						"0.95": {
							"vector": [0, 0, 0]
						}
					},
					"position": {
						"0.0": {
							"vector": [2.39802, -2.72485, -8.14411]
						},
						"0.35": {
							"vector": [-3.23911, -0.73853, -6.27014]
						},
						"0.55": {
							"vector": [-1.12677, -5.37106, 0.04924],
							"easing": "easeInSine"
						},
						"0.8": {
							"vector": [0, 0, 0]
						}
					}
				},
				"charge_indicator": {
					"scale": {
						"vector": [0, 0, 0]
					}
				},
				"scope": {
					"rotation": {
						"vector": [0, 0, 0]
					}
				},
				"_camera_": {
					"rotation": {
						"0.0": {
							"vector": [0, 0, 0]
						},
						"0.15": {
							"vector": [0, -1.6, 3.25],
							"easing": "easeInSine"
						},
						"0.35": {
							"vector": [0.1014, -0.74771, 1.50048],
							"easing": "easeInQuad"
						},
						"0.85": {
							"vector": [0, 0, 0],
							"easing": "easeOutSine"
						}
					}
				}
			},
			"sound_effects": {
				"0.0": {
					"effect": "soltek_fiddle_jostlesinglebolt"
				}
			}
		},
		"animation.model.drawempty": {
			"loop": true,
			"animation_length": 1.25,
			"bones": {
				"main": {
					"rotation": {
						"0.0": {
							"vector": [32.09413, -54.38778, -8.29667]
						},
						"0.25": {
							"vector": [-4.61755, -39.77413, 27.42025],
							"easing": "easeInQuad"
						},
						"0.4": {
							"vector": [1.15456, -21.58672, 6.68164],
							"easing": "linear"
						},
						"0.6": {
							"vector": [-10.6263, -14.30064, -0.15221],
							"easing": "easeOutBack"
						},
						"0.7": {
							"vector": [-5.95782, -7.43993, -0.29804]
						},
						"0.95": {
							"vector": [0, 0, 0],
							"easing": "easeOutCubic"
						}
					},
					"position": {
						"0.0": {
							"vector": [0, -17.3, 0]
						},
						"0.15": {
							"vector": [-8.275, -2.525, 5.325],
							"easing": "linear"
						},
						"0.35": {
							"vector": [-5.9, 0, 5.61],
							"easing": "linear"
						},
						"0.65": {
							"vector": [-1.19, 0.6, 1.125],
							"easing": "easeOutCubic"
						},
						"0.9": {
							"vector": [0, 0, 0],
							"easing": "linear"
						}
					}
				},
				"leftarm": {
					"rotation": {
						"0.0": {
							"vector": [-8.43619, 7.90839, -6.28582]
						},
						"0.4": {
							"vector": [1, 0, -22]
						},
						"0.6": {
							"vector": [16.60027, 5.78072, 5.64012]
						},
						"0.75": {
							"vector": [8.0203, 7.38437, -0.97359]
						},
						"0.95": {
							"vector": [0, 0, 0]
						}
					},
					"position": {
						"0.0": {
							"vector": [2.39802, -2.72485, -8.14411]
						},
						"0.35": {
							"vector": [-3.23911, -0.73853, -6.27014]
						},
						"0.55": {
							"vector": [-1.12677, -5.37106, 0.04924],
							"easing": "easeInSine"
						},
						"0.8": {
							"vector": [0, 0, 0]
						}
					}
				},
				"Mag Holder": {
					"rotation": {
						"vector": [0, 22.5, 0]
					}
				},
				"Mag_Holder2": {
					"rotation": {
						"vector": [0, -22.5, 0]
					}
				},
				"charge_indicator": {
					"scale": {
						"vector": [0, 0, 0]
					}
				},
				"scope": {
					"rotation": {
						"vector": [0, 0, 0]
					}
				}
			},
			"sound_effects": {
				"0.0": {
					"effect": "soltek_fiddle_jostlesinglebolt"
				}
			}
		},
		"animation.model.inspect": {
			"loop": true,
			"animation_length": 4.3333,
			"bones": {
				"main": {
					"rotation": {
						"0.0": {
							"vector": [0, 0, 0]
						},
						"0.3333": {
							"vector": [-5.3163, -14.98726, 0.28404],
							"easing": "easeInSine"
						},
						"0.6": {
							"vector": [-7.41979, -17.71456, 0.65154],
							"easing": "easeOutBack"
						},
						"0.7333": {
							"vector": [-6.93758, -18.71586, 0.70217],
							"easing": "easeInSine"
						},
						"0.8333": {
							"vector": [-7.44453, -18.21308, 0.7157]
						},
						"1.0": {
							"vector": [-13.35393, -19.9034, 1.21515],
							"easing": "easeInQuad"
						},
						"1.3333": {
							"vector": [-21.05544, -23.78918, 3.1473],
							"easing": "easeOutBack"
						},
						"1.6667": {
							"vector": [-15.49469, -26.17066, -5.27814],
							"easing": "easeInSine"
						},
						"2.2": {
							"vector": [12.36707, -18.05287, -55.21461],
							"easing": "easeOutBack"
						},
						"2.3": {
							"vector": [13.38067, -17.32559, -58.53552]
						},
						"2.4333": {
							"vector": [13.07062, -18.58944, -57.50136]
						},
						"2.7": {
							"vector": [-27.75521, -8.6107, 55.51073],
							"easing": "easeInQuad"
						},
						"3.2333": {
							"vector": [-28.69578, 9.54109, 91.58799],
							"easing": "easeOutBack"
						},
						"3.3667": {
							"vector": [-28.25966, 10.13848, 92.70381]
						},
						"3.5667": {
							"vector": [-28.45087, 9.54631, 91.58355]
						},
						"3.7667": {
							"vector": [-22.95382, 0.21879, 34.94405],
							"easing": "easeInQuad"
						},
						"4.1667": {
							"vector": [0, 0, 0],
							"easing": "easeOutBack"
						}
					},
					"position": {
						"0.0": {
							"vector": [0, 0, 0]
						},
						"0.2667": {
							"vector": [-1.8, 0, -1.575],
							"easing": "easeInSine"
						},
						"0.5667": {
							"vector": [-3.525, 0, -2.7],
							"easing": "easeOutSine"
						},
						"0.6667": {
							"vector": [-3.52, -0.125, -2.7]
						},
						"0.9": {
							"vector": [-3.52, 0.17, -2.7]
						},
						"1.0333": {
							"vector": [-3.52, -0.03, -2.7]
						},
						"1.2": {
							"vector": [-3.82, 0.42, -2.7]
						},
						"1.2667": {
							"vector": [-3.92, 0.27, -2.7]
						},
						"1.4333": {
							"vector": [-3.92, 0.07, -2.7]
						},
						"1.8": {
							"vector": [-3.045, 0.07, -2.7],
							"easing": "easeInCubic"
						},
						"2.0667": {
							"vector": [-2.59, 0.07, -2.7],
							"easing": "easeOutExpo"
						},
						"2.1667": {
							"vector": [-2.74, -0.08, -2.7]
						},
						"2.3333": {
							"vector": [-2.965, -0.08, -2.7]
						},
						"2.5": {
							"vector": [-2.96, -0.675, -2.7]
						},
						"2.8333": {
							"vector": [-2.96, 0.18, -2.7],
							"easing": "easeOutCubic"
						},
						"3.0": {
							"vector": [-2.96, -0.35, -2.7]
						},
						"3.2": {
							"vector": [-2.96, -0.225, -2.7]
						},
						"3.4667": {
							"vector": [-3.11, -0.395, -2.7]
						},
						"3.7": {
							"vector": [-3.11, -0.215, -2.7]
						},
						"3.9333": {
							"vector": [-0.865, -0.13, -1.69],
							"easing": "easeInSine"
						},
						"4.2": {
							"vector": [0, 0, 0],
							"easing": "easeOutBack"
						}
					}
				},
				"leftarm": {
					"rotation": {
						"0.0": {
							"vector": [0, 0, 0]
						},
						"0.3": {
							"vector": [-4.2984, 7.41581, 6.57018],
							"easing": "easeInSine"
						},
						"0.5333": {
							"vector": [-9.42695, 13.99802, 6.01311],
							"easing": "easeOutQuad"
						},
						"0.9": {
							"vector": [-9.43, 14, 6.01],
							"easing": "easeInSine"
						},
						"1.1667": {
							"vector": [-21.22725, 4.08156, 8.8396],
							"easing": "easeOutQuad"
						},
						"1.4667": {
							"vector": [-21.23, 4.08, 8.84]
						},
						"1.7333": {
							"vector": [5.25462, 0.15723, 48.19565],
							"easing": "easeInSine"
						},
						"1.9667": {
							"vector": [-6.39848, 19.11824, 64.76608],
							"easing": "easeOutSine"
						},
						"2.5": {
							"vector": [-6.39848, 19.11824, 64.76608],
							"easing": "easeInSine"
						},
						"2.8667": {
							"vector": [-5.71432, 37.46101, -77.20641],
							"easing": "easeOutQuad"
						},
						"3.5333": {
							"vector": [-5.71432, 37.46101, -77.20641],
							"easing": "easeOutQuad"
						},
						"3.7": {
							"vector": [40.12749, 46.49256, -33.69165],
							"easing": "easeInSine"
						},
						"3.9667": {
							"vector": [0, 0, 0],
							"easing": "easeOutSine"
						}
					},
					"position": {
						"0.0": {
							"vector": [0, 0, 0]
						},
						"0.3": {
							"vector": [3.05, -0.975, 1.85],
							"easing": "easeInSine"
						},
						"0.5333": {
							"vector": [6.375, -0.97, 0.75],
							"easing": "easeOutQuad"
						},
						"0.9": {
							"vector": [6.38, -0.97, 0.75],
							"easing": "easeInSine"
						},
						"1.1667": {
							"vector": [4.555, -8.695, -1.275],
							"easing": "easeOutQuad"
						},
						"1.4667": {
							"vector": [4.56, -8.69, -1.27]
						},
						"1.7333": {
							"vector": [-1.716, -10.51994, 0.06982],
							"easing": "easeInSine"
						},
						"1.9667": {
							"vector": [-3.726, -14.16172, -0.08569],
							"easing": "easeOutSine"
						},
						"2.5": {
							"vector": [-3.726, -14.16172, -0.08569],
							"easing": "easeInSine"
						},
						"2.6667": {
							"vector": [4.125, 17.255, -4.7]
						},
						"2.8667": {
							"vector": [-7.88937, 26.19084, -4.58695],
							"easing": "easeOutQuad"
						},
						"3.5333": {
							"vector": [-7.88937, 26.19084, -4.58695],
							"easing": "easeOutQuad"
						},
						"3.7": {
							"vector": [-3.27756, 27.64598, -4.30419],
							"easing": "easeInSine"
						},
						"3.9667": {
							"vector": [0, 0, 0],
							"easing": "easeOutQuad"
						}
					}
				},
				"charge_indicator": {
					"scale": {
						"vector": [0, 0, 0]
					}
				},
				"magazine2": {
					"scale": {
						"vector": [0, 0, 0]
					}
				},
				"Tube": {
					"rotation": {
						"2.8333": {
							"vector": [0, 0, 0]
						},
						"3.2333": {
							"vector": [0, 0, 0],
							"easing": "easeOutQuint"
						},
						"3.6667": {
							"vector": [0, 0, 0],
							"easing": "easeOutSine"
						}
					},
					"position": {
						"2.8333": {
							"vector": [0, 0, 0]
						},
						"3.2333": {
							"vector": [-1.85942, -0.7249, 2.31751],
							"easing": "easeOutQuint"
						},
						"3.6667": {
							"vector": [0, 0, 0],
							"easing": "easeOutSine"
						}
					}
				},
				"Tube4": {
					"rotation": {
						"1.9": {
							"vector": [0, 0, 0]
						},
						"2.3": {
							"vector": [0, 0, 0],
							"easing": "easeOutQuint"
						},
						"2.7333": {
							"vector": [0, 0, 0],
							"easing": "easeOutSine"
						}
					},
					"position": {
						"1.9": {
							"vector": [0, 0, 0]
						},
						"2.3": {
							"vector": [1.85942, -0.7249, 2.31751],
							"easing": "easeOutQuint"
						},
						"2.7333": {
							"vector": [0, 0, 0],
							"easing": "easeOutSine"
						}
					}
				},
				"Tube2": {
					"rotation": {
						"2.9333": {
							"vector": [0, 0, 0]
						},
						"3.3333": {
							"vector": [0, 0, 0],
							"easing": "easeOutQuint"
						},
						"3.7667": {
							"vector": [0, 0, 0],
							"easing": "easeOutSine"
						}
					},
					"position": {
						"2.9333": {
							"vector": [0, 0, 0]
						},
						"3.3333": {
							"vector": [-1.75991, -0.59431, 2.1477],
							"easing": "easeOutQuint"
						},
						"3.7667": {
							"vector": [0, 0, 0],
							"easing": "easeOutSine"
						}
					}
				},
				"Tube3": {
					"rotation": {
						"2.0": {
							"vector": [0, 0, 0]
						},
						"2.4": {
							"vector": [0, 0, 0],
							"easing": "easeOutQuint"
						},
						"2.8333": {
							"vector": [0, 0, 0],
							"easing": "easeOutSine"
						}
					},
					"position": {
						"2.0": {
							"vector": [0, 0, 0]
						},
						"2.4": {
							"vector": [1.75991, -0.59431, 2.1477],
							"easing": "easeOutQuint"
						},
						"2.8333": {
							"vector": [0, 0, 0],
							"easing": "easeOutSine"
						}
					}
				},
				"_camera_": {
					"rotation": {
						"0.1333": {
							"vector": [0, 0, 0]
						},
						"0.5667": {
							"vector": [7.19986, 0.17172, -11.0159],
							"easing": "easeInSine"
						},
						"0.8667": {
							"vector": [10.78517, 2.09224, -16.32342],
							"easing": "easeOutQuad"
						},
						"1.5": {
							"vector": [3.28787, 0.34288, -16.42042],
							"easing": "easeInSine"
						},
						"1.8": {
							"vector": [1.89416, -2.71809, -17.84494],
							"easing": "easeOutQuad"
						},
						"2.6": {
							"vector": [5.36278, -0.16256, -8.89091],
							"easing": "easeInSine"
						},
						"3.1333": {
							"vector": [7.82519, 4.64779, -8.98447],
							"easing": "easeOutQuad"
						},
						"3.6667": {
							"vector": [6.35316, 6.13194, -8.74184],
							"easing": "easeInSine"
						},
						"4.0": {
							"vector": [0, 0, 0],
							"easing": "easeOutSine"
						}
					},
					"position": {
						"0.1333": {
							"vector": [0, 0, 0]
						},
						"0.5667": {
							"vector": [0, 0, 0],
							"easing": "easeInSine"
						},
						"0.8667": {
							"vector": [0, 0, 0],
							"easing": "easeOutQuad"
						}
					}
				}
			},
			"sound_effects": {
				"0.0": {
					"effect": "soltek_fiddle_jostleheavy"
				},
				"0.9": {
					"effect": "soltek_fiddle_jostlesmaller"
				},
				"1.8333": {
					"effect": "soltek_azuris_idleexaust"
				},
				"1.9": {
					"effect": "soltek_azuris_idleexaust"
				},
				"2.7333": {
					"effect": "soltek_azuris_idleexaust"
				},
				"2.8": {
					"effect": "soltek_azuris_idleexaust"
				},
				"3.6": {
					"effect": "soltek_fiddle_jostle"
				}
			}
		},
		"animation.model.inspectempty": {
			"loop": true,
			"animation_length": 4.2,
			"bones": {
				"main": {
					"rotation": {
						"0.0": {
							"vector": [0, 0, 0]
						},
						"0.3333": {
							"vector": [-5.3163, -14.98726, 0.28404],
							"easing": "easeInSine"
						},
						"0.6": {
							"vector": [-7.41979, -17.71456, 0.65154],
							"easing": "easeOutBack"
						},
						"0.7333": {
							"vector": [-6.93758, -18.71586, 0.70217],
							"easing": "easeInSine"
						},
						"0.8333": {
							"vector": [-7.44453, -18.21308, 0.7157]
						},
						"1.0": {
							"vector": [-13.35393, -19.9034, 1.21515],
							"easing": "easeInQuad"
						},
						"1.3333": {
							"vector": [-21.05544, -23.78918, 3.1473],
							"easing": "easeOutBack"
						},
						"1.6667": {
							"vector": [-15.49469, -26.17066, -5.27814],
							"easing": "easeInSine"
						},
						"2.2": {
							"vector": [12.36707, -18.05287, -55.21461],
							"easing": "easeOutBack"
						},
						"2.3": {
							"vector": [13.38067, -17.32559, -58.53552]
						},
						"2.4333": {
							"vector": [13.07062, -18.58944, -57.50136]
						},
						"2.7": {
							"vector": [-27.75521, -8.6107, 55.51073],
							"easing": "easeInQuad"
						},
						"3.2333": {
							"vector": [-28.69578, 9.54109, 91.58799],
							"easing": "easeOutBack"
						},
						"3.3667": {
							"vector": [-28.25966, 10.13848, 92.70381]
						},
						"3.5667": {
							"vector": [-28.45087, 9.54631, 91.58355]
						},
						"3.7667": {
							"vector": [-22.95382, 0.21879, 34.94405],
							"easing": "easeInQuad"
						},
						"4.1667": {
							"vector": [0, 0, 0],
							"easing": "easeOutBack"
						}
					},
					"position": {
						"0.0": {
							"vector": [0, 0, 0]
						},
						"0.2667": {
							"vector": [-1.8, 0, -1.575],
							"easing": "easeInSine"
						},
						"0.5667": {
							"vector": [-3.525, 0, -2.7],
							"easing": "easeOutSine"
						},
						"0.6667": {
							"vector": [-3.52, -0.125, -2.7]
						},
						"0.9": {
							"vector": [-3.52, 0.17, -2.7]
						},
						"1.0333": {
							"vector": [-3.52, -0.03, -2.7]
						},
						"1.2": {
							"vector": [-3.82, 0.42, -2.7]
						},
						"1.2667": {
							"vector": [-3.92, 0.27, -2.7]
						},
						"1.4333": {
							"vector": [-3.92, 0.07, -2.7]
						},
						"1.8": {
							"vector": [-3.045, 0.07, -2.7],
							"easing": "easeInCubic"
						},
						"2.0667": {
							"vector": [-2.59, 0.07, -2.7],
							"easing": "easeOutExpo"
						},
						"2.1667": {
							"vector": [-2.74, -0.08, -2.7]
						},
						"2.3333": {
							"vector": [-2.965, -0.08, -2.7]
						},
						"2.5": {
							"vector": [-2.96, -0.675, -2.7]
						},
						"2.8333": {
							"vector": [-2.96, 0.18, -2.7],
							"easing": "easeOutCubic"
						},
						"3.0": {
							"vector": [-2.96, -0.35, -2.7]
						},
						"3.2": {
							"vector": [-2.96, -0.225, -2.7]
						},
						"3.4667": {
							"vector": [-3.11, -0.395, -2.7]
						},
						"3.7": {
							"vector": [-3.11, -0.215, -2.7]
						},
						"3.9333": {
							"vector": [-0.865, -0.13, -1.69],
							"easing": "easeInSine"
						},
						"4.2": {
							"vector": [0, 0, 0],
							"easing": "easeOutBack"
						}
					}
				},
				"leftarm": {
					"rotation": {
						"0.0": {
							"vector": [0, 0, 0]
						},
						"0.3": {
							"vector": [-4.2984, 7.41581, 6.57018],
							"easing": "easeInSine"
						},
						"0.5333": {
							"vector": [-9.42695, 13.99802, 6.01311],
							"easing": "easeOutQuad"
						},
						"0.9": {
							"vector": [-9.43, 14, 6.01],
							"easing": "easeInSine"
						},
						"1.1667": {
							"vector": [-21.22725, 4.08156, 8.8396],
							"easing": "easeOutQuad"
						},
						"1.4667": {
							"vector": [-21.23, 4.08, 8.84]
						},
						"1.7333": {
							"vector": [5.25462, 0.15723, 48.19565],
							"easing": "easeInSine"
						},
						"1.9667": {
							"vector": [-6.39848, 19.11824, 64.76608],
							"easing": "easeOutSine"
						},
						"2.4": {
							"vector": [-6.4, 19.12, 64.77]
						},
						"2.4667": {
							"vector": [-2.06316, 12.8781, 66.04262]
						},
						"2.6333": {
							"vector": [31.46248, 29.91587, 58.08418],
							"easing": "easeInSine"
						},
						"2.8667": {
							"vector": [-5.71432, 37.46101, -77.20641],
							"easing": "easeOutCirc"
						},
						"3.5333": {
							"vector": [-5.71432, 37.46101, -77.20641],
							"easing": "linear"
						},
						"3.7": {
							"vector": [40.12749, 46.49256, -33.69165]
						},
						"3.9667": {
							"vector": [0, 0, 0],
							"easing": "easeOutSine"
						}
					},
					"position": {
						"0.0": {
							"vector": [0, 0, 0]
						},
						"0.3": {
							"vector": [3.05, -0.975, 1.85],
							"easing": "easeInSine"
						},
						"0.5333": {
							"vector": [6.375, -0.97, 0.75],
							"easing": "easeOutQuad"
						},
						"0.9": {
							"vector": [6.38, -0.97, 0.75],
							"easing": "easeInSine"
						},
						"1.1667": {
							"vector": [4.555, -8.695, -1.275],
							"easing": "easeOutQuad"
						},
						"1.4667": {
							"vector": [4.56, -8.69, -1.27]
						},
						"1.7333": {
							"vector": [-1.716, -10.51994, 0.06982],
							"easing": "easeInSine"
						},
						"1.9667": {
							"vector": [-3.726, -14.16172, -0.08569],
							"easing": "easeOutSine"
						},
						"2.4667": {
							"vector": [-3.73, -14.16, -0.09]
						},
						"2.6333": {
							"vector": [14.06099, 0.03994, 0.29588],
							"easing": "easeInQuad"
						},
						"2.8667": {
							"vector": [-10.07908, 36.96881, 2.7608],
							"easing": "easeOutSine"
						},
						"3.5333": {
							"vector": [-10.07908, 36.96881, 2.7608],
							"easing": "linear"
						},
						"3.7": {
							"vector": [-4.81951, 34.92554, 4.19209]
						},
						"3.9667": {
							"vector": [0, 0, 0],
							"easing": "easeOutQuad"
						}
					}
				},
				"charge_indicator": {
					"scale": {
						"vector": [0, 0, 0]
					}
				},
				"Mag Holder": {
					"rotation": {
						"vector": [0, 22.5, 0]
					}
				},
				"Mag_Holder2": {
					"rotation": {
						"vector": [0, -22.5, 0]
					}
				},
				"_camera_": {
					"rotation": {
						"0.0": {
							"vector": [0, 0, 0]
						},
						"0.4333": {
							"vector": [7.19986, 0.17172, -11.0159],
							"easing": "easeInSine"
						},
						"0.7333": {
							"vector": [10.78517, 2.09224, -16.32342],
							"easing": "easeOutQuad"
						},
						"1.3667": {
							"vector": [3.28787, 0.34288, -16.42042],
							"easing": "easeInSine"
						},
						"1.6667": {
							"vector": [1.89416, -2.71809, -17.84494],
							"easing": "easeOutQuad"
						},
						"2.4667": {
							"vector": [5.36278, -0.16256, -8.89091],
							"easing": "easeInSine"
						},
						"3.0": {
							"vector": [7.82519, 4.64779, -8.98447],
							"easing": "easeOutQuad"
						},
						"3.5333": {
							"vector": [6.35316, 6.13194, -8.74184],
							"easing": "easeInSine"
						},
						"3.8667": {
							"vector": [0, 0, 0],
							"easing": "easeOutSine"
						}
					},
					"position": {
						"0.0": {
							"vector": [0, 0, 0]
						},
						"0.4333": {
							"vector": [0, 0, 0],
							"easing": "easeInSine"
						},
						"0.7333": {
							"vector": [0, 0, 0],
							"easing": "easeOutQuad"
						}
					}
				}
			},
			"sound_effects": {
				"0.0": {
					"effect": "soltek_fiddle_jostleheavy"
				},
				"0.9": {
					"effect": "soltek_fiddle_jostlesmaller"
				},
				"1.7333": {
					"effect": "soltek_fiddle_jostlelightspeedy"
				},
				"2.5333": {
					"effect": "soltek_fiddle_jostlequick"
				},
				"3.6": {
					"effect": "soltek_fiddle_jostle"
				}
			}
		},
		"animation.model.chargefire": {
			"loop": true,
			"animation_length": 2.3,
			"bones": {
				"charge_indicator": {
					"position": {
						"0.0": {
							"vector": [0, 0, 0]
						},
						"1.2667": {
							"vector": [0, 0, -39],
							"easing": "easeOutQuint"
						}
					},
					"scale": {
						"0.0": {
							"vector": [0, 0, 0]
						},
						"0.1333": {
							"vector": [1, 1, 1],
							"easing": "linear"
						}
					}
				},
				"main": {
					"rotation": {
						"0.0": {
							"vector": [0, 0, 0]
						},
						"0.2333": {
							"vector": [0, 0, -1.5],
							"easing": "easeInQuart"
						},
						"0.4": {
							"vector": [0, 0, 0.3],
							"easing": "linear"
						},
						"0.6": {
							"vector": [0, 0, -0.6],
							"easing": "linear"
						},
						"0.7667": {
							"vector": [0, 0, 1.45],
							"easing": "easeInOutSine"
						},
						"0.9333": {
							"vector": [0, 0, -0.55],
							"easing": "linear"
						},
						"1.1667": {
							"vector": [0, 0, 0.055]
						},
						"1.4333": {
							"vector": [0, 0, 0.29],
							"easing": "easeInOutQuad"
						},
						"1.6333": {
							"vector": [0, 0, -0.24]
						},
						"1.8667": {
							"vector": [0, 0, 0.65],
							"easing": "linear"
						},
						"2.1333": {
							"vector": [0, 0, -0.75]
						}
					},
					"position": {
						"0.0": {
							"vector": [0, 0, 0]
						},
						"0.6": {
							"vector": [0, -0.15, 1.06]
						},
						"1.3667": {
							"vector": [0.125, 0.025, 2.135],
							"easing": "easeOutSine"
						},
						"2.1333": {
							"vector": [0, 0, 4],
							"easing": "easeInExpo"
						}
					}
				},
				"Aim": {
					"position": {
						"0.5333": {
							"vector": [0, 0, 0]
						},
						"0.8": {
							"vector": [0, 2, 0],
							"easing": "easeOutBack",
							"easingArgs": [0.3]
						}
					}
				},
				"Aim2": {
					"position": {
						"0.5333": {
							"vector": [0, 0, 0]
						},
						"0.8": {
							"vector": [0, 2, 0],
							"easing": "easeOutBack",
							"easingArgs": [0.3]
						}
					}
				},
				"aimglow": {
					"position": {
						"1.6": {
							"vector": [0, 0, 0]
						},
						"1.8667": {
							"vector": [0, 1, 0],
							"easing": "easeOutExpo"
						}
					}
				},
				"aimglow2": {
					"position": {
						"1.6": {
							"vector": [0, 0, 0]
						},
						"1.8667": {
							"vector": [0, 1, 0],
							"easing": "easeOutExpo"
						}
					}
				},
				"Tube": {
					"position": {
						"0.5333": {
							"vector": [0, 0, 0]
						},
						"1.0": {
							"vector": [-2, -0.7, 2.35],
							"easing": "easeOutCirc"
						}
					}
				},
				"Tube4": {
					"position": {
						"0.5333": {
							"vector": [0, 0, 0]
						},
						"1.0": {
							"vector": [2, -0.7, 2.35],
							"easing": "easeOutCirc"
						}
					}
				},
				"Tube2": {
					"position": {
						"1.1": {
							"vector": [0, 0, 0]
						},
						"1.5333": {
							"vector": [-2.35, -0.875, 2.875],
							"easing": "easeOutCirc"
						}
					}
				},
				"Tube3": {
					"position": {
						"1.1": {
							"vector": [0, 0, 0]
						},
						"1.5333": {
							"vector": [2.35, -0.875, 2.875],
							"easing": "easeOutCirc"
						}
					}
				}
			},
			"sound_effects": {
				"0.0": {
					"effect": "soltek_azuris_charge"
				},
				"0.4333": {
					"effect": "soltek_azuris_exaust"
				},
				"1.0": {
					"effect": "soltek_azuris_exaust"
				},
				"1.2667": {
					"effect": "soltek_fiddle_jostleheavy"
				}
			}
		},
		"animation.model.fire": {
			"loop": true,
			"animation_length": 1.5,
			"bones": {
				"main": {
					"rotation": {
						"0.0": {
							"vector": [-2, 0, 0]
						},
						"0.7083": {
							"vector": [0, 0, 0],
							"easing": "easeOutExpo"
						}
					},
					"position": {
						"0.0": {
							"vector": [0, 0, 4]
						},
						"1.5": {
							"vector": [0, 0, 0],
							"easing": "easeOutCirc"
						}
					}
				},
				"trigger": {
					"position": {
						"0.0": {
							"vector": [0, 0, 2]
						},
						"0.375": {
							"vector": [0, 0, 0],
							"easing": "easeOutQuad"
						}
					}
				},
				"Aim": {
					"position": {
						"0.0833": {
							"vector": [0, 2, 0]
						},
						"0.3333": {
							"vector": [0, 0, 0],
							"easing": "easeOutCirc"
						}
					}
				},
				"Aim2": {
					"position": {
						"0.0833": {
							"vector": [0, 2, 0]
						},
						"0.3333": {
							"vector": [0, 0, 0],
							"easing": "easeOutCirc"
						}
					}
				},
				"aimglow": {
					"position": {
						"0.0": {
							"vector": [0, 1, 0]
						},
						"0.3333": {
							"vector": [0, 0, 0],
							"easing": "easeOutCirc"
						}
					}
				},
				"aimglow2": {
					"position": {
						"0.0": {
							"vector": [0, 1, 0]
						},
						"0.3333": {
							"vector": [0, 0, 0],
							"easing": "easeOutCirc"
						}
					}
				},
				"Mag Holder": {
					"rotation": {
						"0.0": {
							"vector": [0, 0, 0]
						},
						"0.2917": {
							"vector": [0, 45, 0],
							"easing": "easeOutBack"
						},
						"0.75": {
							"vector": [0, 22.5, 0],
							"easing": "easeOutBack"
						},
						"1.5": {
							"vector": [0, 22.5, 0]
						}
					}
				},
				"Mag_Holder2": {
					"rotation": {
						"0.0": {
							"vector": [0, 0, 0]
						},
						"0.2917": {
							"vector": [0, -45, 0],
							"easing": "easeOutBack"
						},
						"0.75": {
							"vector": [0, -22.5, 0],
							"easing": "easeOutBack"
						},
						"1.5": {
							"vector": [0, -22.5, 0]
						}
					}
				},
				"charge_indicator": {
					"position": {
						"0.0": {
							"vector": [0, 0, -39]
						},
						"1.0833": {
							"vector": [0, 0, 0]
						}
					},
					"scale": {
						"0.0": {
							"vector": [1, 1, 1]
						},
						"0.75": {
							"vector": [0, 0, 0],
							"easing": "easeInQuart"
						}
					}
				},
				"Tube": {
					"position": {
						"0.1667": {
							"vector": [-2, -0.7, 2.35],
							"easing": "easeOutCirc"
						},
						"0.375": {
							"vector": [0, 0, 0],
							"easing": "easeOutExpo"
						},
						"0.5": {
							"vector": [-1.65, -0.6, 1.95],
							"easing": "linear"
						},
						"0.7917": {
							"vector": [0, 0, 0],
							"easing": "easeOutQuint"
						}
					}
				},
				"Tube4": {
					"position": {
						"0.1667": {
							"vector": [2, -0.7, 2.35],
							"easing": "easeOutCirc"
						},
						"0.375": {
							"vector": [0, 0, 0],
							"easing": "easeOutExpo"
						},
						"0.5": {
							"vector": [2, -0.6, 1.95],
							"easing": "linear"
						},
						"0.7917": {
							"vector": [0, 0, 0],
							"easing": "easeOutQuint"
						}
					}
				},
				"Tube2": {
					"position": {
						"0.0": {
							"vector": [-2.35, -0.875, 2.875],
							"easing": "easeOutCirc"
						},
						"0.1667": {
							"vector": [0, 0, 0],
							"easing": "easeOutExpo"
						},
						"0.2917": {
							"vector": [-1.375, -0.47, 1.63],
							"easing": "linear"
						},
						"0.75": {
							"vector": [0, 0, 0],
							"easing": "easeOutQuint"
						}
					}
				},
				"Tube3": {
					"position": {
						"0.0": {
							"vector": [2.35, -0.875, 2.875],
							"easing": "easeOutCirc"
						},
						"0.1667": {
							"vector": [0, 0, 0],
							"easing": "easeOutExpo"
						},
						"0.2917": {
							"vector": [1.375, -0.47, 1.63],
							"easing": "linear"
						},
						"0.75": {
							"vector": [0, 0, 0],
							"easing": "easeOutQuint"
						}
					}
				}
			},
			"sound_effects": {
				"0.0": {
					"effect": "soltek_azuris_discharge"
				}
			}
		},
		"animation.model.idle": {
			"loop": true,
			"animation_length": 5.1,
			"bones": {
				"charge_indicator": {
					"scale": {
						"vector": [0, 0, 0]
					}
				},
				"Tube": {
					"position": {
						"3.2333": {
							"vector": [0, 0, 0]
						},
						"3.8667": {
							"vector": [-1.33, -0.47, 1.65],
							"easing": "easeOutExpo"
						},
						"4.6667": {
							"vector": [-1.33, -0.47, 1.65],
							"easing": "linear"
						},
						"5.0667": {
							"vector": [0, 0, 0],
							"easing": "easeOutCubic"
						}
					}
				},
				"Tube4": {
					"position": {
						"0.0": {
							"vector": [0, 0, 0]
						},
						"2.3": {
							"vector": [0, 0, 0]
						},
						"2.9333": {
							"vector": [1.33, -0.47, 1.65],
							"easing": "easeOutExpo"
						},
						"3.7333": {
							"vector": [1.33, -0.47, 1.65],
							"easing": "linear"
						},
						"4.1333": {
							"vector": [0, 0, 0],
							"easing": "easeOutCubic"
						}
					}
				},
				"Tube2": {
					"position": {
						"1.7333": {
							"vector": [0, 0, 0]
						},
						"2.3667": {
							"vector": [-1.05, -0.375, 1.275],
							"easing": "easeOutExpo"
						},
						"3.0667": {
							"vector": [-1.05, -0.375, 1.275],
							"easing": "linear"
						},
						"3.6": {
							"vector": [0, 0, 0],
							"easing": "easeOutCubic"
						}
					}
				},
				"Tube3": {
					"position": {
						"0.7667": {
							"vector": [0, 0, 0]
						},
						"1.4": {
							"vector": [1.05, -0.375, 1.275],
							"easing": "easeOutExpo"
						},
						"2.0667": {
							"vector": [1.05, -0.375, 1.275],
							"easing": "linear"
						},
						"2.5333": {
							"vector": [0, 0, 0],
							"easing": "easeOutCubic"
						}
					}
				},
				"magazine2": {
					"scale": {
						"vector": [0, 0, 0]
					}
				}
			},
			"sound_effects": {
				"0.7": {
					"effect": "soltek_azuris_idleexaust"
				},
				"1.6667": {
					"effect": "soltek_azuris_idleexaust"
				},
				"2.1667": {
					"effect": "soltek_azuris_idleexaust"
				},
				"3.1": {
					"effect": "soltek_azuris_idleexaust"
				}
			}
		},
		"animation.model.idleempty": {
			"loop": true,
			"animation_length": 0.1,
			"bones": {
				"Mag Holder": {
					"rotation": {
						"vector": [0, 22.5, 0]
					}
				},
				"Mag_Holder2": {
					"rotation": {
						"vector": [0, -22.5, 0]
					}
				},
				"charge_indicator": {
					"scale": {
						"vector": [0, 0, 0]
					}
				},
				"Tube4": {
					"position": {
						"vector": [0, 0, 0]
					}
				}
			}
		}
	},
	"geckolib_format_version": 2
}