{
	"format_version": "1.8.0",
	"animations": {
		"animation.model.reload": {
			"loop": true,
			"animation_length": 2.5,
			"blend_weight": 1,
			"bones": {
				"main": {
					"rotation": {
						"0.1333": {
							"vector": ["0* (math.abs(pbj.aimprog - 1.1))", "0* (math.abs(pbj.aimprog - 1.1))", "0* (math.abs(pbj.aimprog - 1.1))"]
						},
						"0.4": {
							"vector": [
								"-4.6981427717 * (math.abs(pbj.aimprog - 1.1))",
								"-3.4541788822 * (math.abs(pbj.aimprog - 1.1))",
								"-13.7272470489 * (math.abs(pbj.aimprog - 1.1))"
							],
							"easing": "easeOutBack"
						},
						"1.1": {
							"vector": [
								"-6.5070877615 * (math.abs(pbj.aimprog - 1.1))",
								"-4.7767021725 * (math.abs(pbj.aimprog - 1.1))",
								"-9.6093865976 * (math.abs(pbj.aimprog - 1.1))"
							],
							"easing": "easeOutBack"
						},
						"1.2333": {
							"vector": [
								"-9.4775278529 * (math.abs(pbj.aimprog - 1.1))",
								"-5.2708869144 * (math.abs(pbj.aimprog - 1.1))",
								"-9.349206548 * (math.abs(pbj.aimprog - 1.1))"
							],
							"easing": "easeInSine"
						},
						"1.4": {
							"vector": [
								"-12.0650608594 * (math.abs(pbj.aimprog - 1.1))",
								"-5.4457104275 * (math.abs(pbj.aimprog - 1.1))",
								"-13.4466581676 * (math.abs(pbj.aimprog - 1.1))"
							],
							"easing": "easeOutBack"
						},
						"1.5": {
							"vector": [
								"-7.7768865937 * (math.abs(pbj.aimprog - 1.1))",
								"-6.0008879388 * (math.abs(pbj.aimprog - 1.1))",
								"-10.7541856665 * (math.abs(pbj.aimprog - 1.1))"
							],
							"easing": "linear"
						},
						"1.6667": {
							"vector": [
								"-9.0153605259 * (math.abs(pbj.aimprog - 1.1))",
								"-6.2317533648 * (math.abs(pbj.aimprog - 1.1))",
								"-10.6183798751 * (math.abs(pbj.aimprog - 1.1))"
							]
						},
						"1.9": {
							"vector": [
								"-10.2413762535 * (math.abs(pbj.aimprog - 1.1))",
								"-7.56401405 * (math.abs(pbj.aimprog - 1.1))",
								"-13.9602245942 * (math.abs(pbj.aimprog - 1.1))"
							],
							"easing": "easeOutBack"
						},
						"2.3667": {
							"vector": ["0 * (math.abs(pbj.aimprog - 1.1))", "0 * (math.abs(pbj.aimprog - 1.1))", "0 * (math.abs(pbj.aimprog - 1.1))"],
							"easing": "easeInSine"
						}
					},
					"position": {
						"0.0667": {
							"vector": ["0* (math.abs(pbj.aimprog - 1.1))", "0* (math.abs(pbj.aimprog - 1.1))", "0* (math.abs(pbj.aimprog - 1.1))"]
						},
						"0.3": {
							"vector": ["0 * (math.abs(pbj.aimprog - 1.1))", "1.4 * (math.abs(pbj.aimprog - 1.1))", "1.725 * (math.abs(pbj.aimprog - 1.1))"],
							"easing": "easeInSine"
						},
						"0.3667": {
							"vector": ["-0.325 * (math.abs(pbj.aimprog - 1.1))", "1.4 * (math.abs(pbj.aimprog - 1.1))", "2.055 * (math.abs(pbj.aimprog - 1.1))"]
						},
						"0.4667": {
							"vector": ["-0.47 * (math.abs(pbj.aimprog - 1.1))", "1.35 * (math.abs(pbj.aimprog - 1.1))", "1.81 * (math.abs(pbj.aimprog - 1.1))"]
						},
						"0.6667": {
							"vector": ["-0.47 * (math.abs(pbj.aimprog - 1.1))", "1.4 * (math.abs(pbj.aimprog - 1.1))", "1.81 * (math.abs(pbj.aimprog - 1.1))"],
							"easing": "easeInSine"
						},
						"1.0333": {
							"vector": ["-0.47 * (math.abs(pbj.aimprog - 1.1))", "1.525 * (math.abs(pbj.aimprog - 1.1))", "1.985 * (math.abs(pbj.aimprog - 1.1))"],
							"easing": "easeInSine"
						},
						"1.1333": {
							"vector": ["-0.745 * (math.abs(pbj.aimprog - 1.1))", "1.4 * (math.abs(pbj.aimprog - 1.1))", "1.665 * (math.abs(pbj.aimprog - 1.1))"]
						},
						"1.3333": {
							"vector": ["-0.965 * (math.abs(pbj.aimprog - 1.1))", "1.4 * (math.abs(pbj.aimprog - 1.1))", "1.67 * (math.abs(pbj.aimprog - 1.1))"]
						},
						"1.5667": {
							"vector": ["-0.835 * (math.abs(pbj.aimprog - 1.1))", "1.4 * (math.abs(pbj.aimprog - 1.1))", "1.12 * (math.abs(pbj.aimprog - 1.1))"]
						},
						"1.7333": {
							"vector": ["-0.83 * (math.abs(pbj.aimprog - 1.1))", "1.4 * (math.abs(pbj.aimprog - 1.1))", "1.695 * (math.abs(pbj.aimprog - 1.1))"]
						},
						"1.9667": {
							"vector": ["-0.98 * (math.abs(pbj.aimprog - 1.1))", "1.4 * (math.abs(pbj.aimprog - 1.1))", "2.525 * (math.abs(pbj.aimprog - 1.1))"],
							"easing": "easeOutBack"
						},
						"2.4333": {
							"vector": ["0 * (math.abs(pbj.aimprog - 1.1))", "0 * (math.abs(pbj.aimprog - 1.1))", "0 * (math.abs(pbj.aimprog - 1.1))"],
							"easing": "easeInSine"
						}
					}
				},
				"magazine": {
					"rotation": {
						"0.1333": {
							"vector": [0, 0, 0]
						},
						"0.2667": {
							"vector": [13.64883, -1.22629, -37.51266],
							"easing": "easeInSine"
						},
						"0.6": {
							"vector": [40.94528, 32.46703, -70.27354],
							"easing": "easeOutQuad"
						},
						"0.7333": {
							"vector": [0, 0, 0]
						},
						"2.0333": {
							"vector": [0, 0, 0]
						}
					},
					"position": {
						"0.1333": {
							"vector": [0, 0, 0]
						},
						"0.2667": {
							"vector": [6.95, -16.75, -0.99],
							"easing": "easeInSine"
						},
						"0.6": {
							"vector": [13.525, -42.25, -0.99],
							"easing": "easeOutQuad"
						},
						"0.7333": {
							"vector": [0, 0, 0]
						},
						"2.0333": {
							"vector": [0, 0, 0]
						}
					},
					"scale": {
						"0.4": {
							"vector": [1, 1, 1]
						},
						"0.5333": {
							"vector": [0, 0, 0]
						},
						"2.0": {
							"vector": [0, 0, 0]
						},
						"2.0333": {
							"vector": [1, 1, 1]
						}
					}
				},
				"leftarm": {
					"rotation": {
						"0.0": {
							"vector": [0, 0, 0]
						},
						"0.1667": {
							"vector": [-16.93833, -1.52683, -9.72716]
						},
						"0.6": {
							"vector": [29.55401, -5.68256, 24.04539],
							"easing": "easeOutBack"
						},
						"0.8667": {
							"vector": [87.19422, -6.35741, 22.41169],
							"easing": "easeInSine"
						},
						"1.2": {
							"vector": [7.48577, 17.16979, -2.09032],
							"easing": "easeInQuad"
						},
						"1.3333": {
							"vector": [-0.27733, 11.97281, -12.46468]
						},
						"1.4667": {
							"vector": [-9.28383, 4.68732, -16.08769],
							"easing": "easeOutQuart"
						},
						"1.6333": {
							"vector": [35.56044, 10.04251, 30.67105],
							"easing": "easeInSine"
						},
						"1.8": {
							"vector": [12.62636, 9.55234, -9.41291],
							"easing": "easeOutCubic"
						},
						"2.1": {
							"vector": [-6.81063, -8.43778, -0.36978],
							"easing": "easeInSine"
						},
						"2.3667": {
							"vector": [0, 0, 0],
							"easing": "easeOutQuad"
						}
					},
					"position": {
						"0.0": {
							"vector": [0, 0, 0]
						},
						"0.1667": {
							"vector": [0, -6.725, 15.35]
						},
						"0.3": {
							"vector": [2.05, -8.57, 15.35]
						},
						"0.6": {
							"vector": [2.05, -9.02, 15.35],
							"easing": "easeOutBack"
						},
						"0.8667": {
							"vector": [10.05, -13.62, 4.225],
							"easing": "easeInSine"
						},
						"1.2": {
							"vector": [8.05, -6.42, 6.645],
							"easing": "easeInQuad"
						},
						"1.3667": {
							"vector": [1.6, -3.72, 9.98],
							"easing": "easeOutBack"
						},
						"1.4667": {
							"vector": [1.6, -3.72, 9.98]
						},
						"1.6": {
							"vector": [5.575, -13.12, 5.93],
							"easing": "linear"
						},
						"1.8": {
							"vector": [2.53, -7.875, 5.93],
							"easing": "easeOutCubic"
						},
						"2.0667": {
							"vector": [2.5897, -4.96328, 4.82801],
							"easing": "easeInSine"
						},
						"2.3667": {
							"vector": [0, 0, 0],
							"easing": "easeOutQuad"
						}
					}
				},
				"magazine2": {
					"rotation": {
						"0.9667": {
							"vector": [85.60205, -0.95386, -12.21337]
						},
						"1.2": {
							"vector": [-13.7689, 14.62452, -23.42874]
						},
						"1.3333": {
							"vector": [-9.49015, -0.16923, -3.87892],
							"easing": "easeOutQuad"
						},
						"1.4": {
							"vector": [0, 0, 0]
						},
						"1.6333": {
							"vector": [0, 0, 0]
						},
						"1.8": {
							"vector": [0, 0, 0],
							"easing": "easeOutQuad"
						}
					},
					"position": {
						"0.9667": {
							"vector": [22.35, -41.65, 15.325]
						},
						"1.2": {
							"vector": [7.7, -12.225, -7.22]
						},
						"1.3333": {
							"vector": [0, -7.745, -3.22],
							"easing": "easeOutQuad"
						},
						"1.4": {
							"vector": [0, -4.34, -0.67]
						},
						"1.6333": {
							"vector": [0, -4.34, -0.67]
						},
						"1.8": {
							"vector": [0, 0, 0],
							"easing": "easeOutQuad"
						}
					}
				},
				"Flap 1": {
					"rotation": {
						"0.1333": {
							"vector": [0, 0, 0]
						},
						"0.3333": {
							"vector": [0, 12.5, 0],
							"easing": "easeOutCubic"
						},
						"1.6667": {
							"vector": [0, 12.5, 0]
						},
						"2.0333": {
							"vector": [0, 0, 0],
							"easing": "easeOutBack"
						}
					}
				},
				"Flap 2": {
					"rotation": {
						"0.1333": {
							"vector": [0, 0, 0]
						},
						"0.3333": {
							"vector": [0, -12.5, 0],
							"easing": "easeOutCubic"
						},
						"1.6667": {
							"vector": [0, -12.5, 0]
						},
						"2.0333": {
							"vector": [0, 0, 0],
							"easing": "easeOutBack"
						}
					}
				},
				"Magazine Release": {
					"rotation": {
						"0.1667": {
							"vector": [0, 0, 0]
						},
						"0.2333": {
							"vector": [-12.5, 0, 0]
						},
						"1.6667": {
							"vector": [-12.5, 0, 0]
						},
						"1.7333": {
							"vector": [0, 0, 0]
						}
					}
				}
			},
			"sound_effects": {
				"0.0667": {
					"effect": "soltek_devastator_magout"
				},
				"1.1667": {
					"effect": "soltek_devastator_premagin"
				},
				"1.6333": {
					"effect": "soltek_devastator_magin"
				}
			}
		},
		"animation.model.reloadempty": {
			"loop": true,
			"animation_length": 3.6667,
			"blend_weight": 1,
			"bones": {
				"main": {
					"rotation": {
						"0.1333": {
							"vector": ["0* (math.abs(pbj.aimprog - 1.1))", "0* (math.abs(pbj.aimprog - 1.1))", "0* (math.abs(pbj.aimprog - 1.1))"]
						},
						"0.4": {
							"vector": [
								"-4.6981427717 * (math.abs(pbj.aimprog - 1.1))",
								"-3.4541788822 * (math.abs(pbj.aimprog - 1.1))",
								"-13.7272470489 * (math.abs(pbj.aimprog - 1.1))"
							],
							"easing": "easeOutBack"
						},
						"1.1": {
							"vector": [
								"-6.5070877615 * (math.abs(pbj.aimprog - 1.1))",
								"-4.7767021725 * (math.abs(pbj.aimprog - 1.1))",
								"-9.6093865976 * (math.abs(pbj.aimprog - 1.1))"
							],
							"easing": "easeOutBack"
						},
						"1.2333": {
							"vector": [
								"-9.4775278529 * (math.abs(pbj.aimprog - 1.1))",
								"-5.2708869144 * (math.abs(pbj.aimprog - 1.1))",
								"-9.349206548 * (math.abs(pbj.aimprog - 1.1))"
							],
							"easing": "easeInSine"
						},
						"1.4": {
							"vector": [
								"-12.0650608594 * (math.abs(pbj.aimprog - 1.1))",
								"-5.4457104275 * (math.abs(pbj.aimprog - 1.1))",
								"-13.4466581676 * (math.abs(pbj.aimprog - 1.1))"
							],
							"easing": "easeOutBack"
						},
						"1.5": {
							"vector": [
								"-7.7768865937 * (math.abs(pbj.aimprog - 1.1))",
								"-6.0008879388 * (math.abs(pbj.aimprog - 1.1))",
								"-10.7541856665 * (math.abs(pbj.aimprog - 1.1))"
							],
							"easing": "linear"
						},
						"1.6667": {
							"vector": [
								"-9.0153605259 * (math.abs(pbj.aimprog - 1.1))",
								"-6.2317533648 * (math.abs(pbj.aimprog - 1.1))",
								"-10.6183798751 * (math.abs(pbj.aimprog - 1.1))"
							]
						},
						"1.9": {
							"vector": [
								"-10.2413762535 * (math.abs(pbj.aimprog - 1.1))",
								"-7.56401405 * (math.abs(pbj.aimprog - 1.1))",
								"-13.9602245942 * (math.abs(pbj.aimprog - 1.1))"
							],
							"easing": "easeOutBack"
						},
						"2.2333": {
							"vector": [
								"-12.3294592686 * (math.abs(pbj.aimprog - 1.1))",
								"-4.5575051278 * (math.abs(pbj.aimprog - 1.1))",
								"18.5786938288 * (math.abs(pbj.aimprog - 1.1))"
							],
							"easing": "easeInSine"
						},
						"2.5333": {
							"vector": [
								"-13.1514351961 * (math.abs(pbj.aimprog - 1.1))",
								"2.7917920068 * (math.abs(pbj.aimprog - 1.1))",
								"39.8298606266 * (math.abs(pbj.aimprog - 1.1))"
							],
							"easing": "easeOutBack"
						},
						"2.7": {
							"vector": [
								"-19.15646927 * (math.abs(pbj.aimprog - 1.1))",
								"2.9275957377 * (math.abs(pbj.aimprog - 1.1))",
								"34.2418741151 * (math.abs(pbj.aimprog - 1.1))"
							]
						},
						"2.8333": {
							"vector": [
								"-14.3374157416 * (math.abs(pbj.aimprog - 1.1))",
								"4.0006953276 * (math.abs(pbj.aimprog - 1.1))",
								"20.2702434322 * (math.abs(pbj.aimprog - 1.1))"
							]
						},
						"2.9667": {
							"vector": [
								"-10.4209783328 * (math.abs(pbj.aimprog - 1.1))",
								"2.2025470937 * (math.abs(pbj.aimprog - 1.1))",
								"17.9242803352 * (math.abs(pbj.aimprog - 1.1))"
							],
							"easing": "easeOutSine"
						},
						"3.5667": {
							"vector": ["0 * (math.abs(pbj.aimprog - 1.1))", "0 * (math.abs(pbj.aimprog - 1.1))", "0 * (math.abs(pbj.aimprog - 1.1))"],
							"easing": "easeOutQuart"
						}
					},
					"position": {
						"0.0667": {
							"vector": ["0* (math.abs(pbj.aimprog - 1.1))", "0* (math.abs(pbj.aimprog - 1.1))", "0* (math.abs(pbj.aimprog - 1.1))"]
						},
						"0.3": {
							"vector": ["0 * (math.abs(pbj.aimprog - 1.1))", "1.4 * (math.abs(pbj.aimprog - 1.1))", "1.725 * (math.abs(pbj.aimprog - 1.1))"],
							"easing": "easeInSine"
						},
						"0.3667": {
							"vector": ["-0.325 * (math.abs(pbj.aimprog - 1.1))", "1.4 * (math.abs(pbj.aimprog - 1.1))", "2.055 * (math.abs(pbj.aimprog - 1.1))"]
						},
						"0.4667": {
							"vector": ["-0.47 * (math.abs(pbj.aimprog - 1.1))", "1.35 * (math.abs(pbj.aimprog - 1.1))", "1.81 * (math.abs(pbj.aimprog - 1.1))"]
						},
						"0.6667": {
							"vector": ["-0.47 * (math.abs(pbj.aimprog - 1.1))", "1.4 * (math.abs(pbj.aimprog - 1.1))", "1.81 * (math.abs(pbj.aimprog - 1.1))"],
							"easing": "easeInSine"
						},
						"1.0333": {
							"vector": ["-0.47 * (math.abs(pbj.aimprog - 1.1))", "1.525 * (math.abs(pbj.aimprog - 1.1))", "1.985 * (math.abs(pbj.aimprog - 1.1))"],
							"easing": "easeInSine"
						},
						"1.1333": {
							"vector": ["-0.745 * (math.abs(pbj.aimprog - 1.1))", "1.4 * (math.abs(pbj.aimprog - 1.1))", "1.665 * (math.abs(pbj.aimprog - 1.1))"]
						},
						"1.3333": {
							"vector": ["-0.965 * (math.abs(pbj.aimprog - 1.1))", "1.4 * (math.abs(pbj.aimprog - 1.1))", "1.67 * (math.abs(pbj.aimprog - 1.1))"]
						},
						"1.5667": {
							"vector": ["-0.835 * (math.abs(pbj.aimprog - 1.1))", "1.4 * (math.abs(pbj.aimprog - 1.1))", "1.12 * (math.abs(pbj.aimprog - 1.1))"]
						},
						"1.7333": {
							"vector": ["-0.83 * (math.abs(pbj.aimprog - 1.1))", "1.4 * (math.abs(pbj.aimprog - 1.1))", "1.695 * (math.abs(pbj.aimprog - 1.1))"]
						},
						"1.9667": {
							"vector": ["-0.98 * (math.abs(pbj.aimprog - 1.1))", "1.4 * (math.abs(pbj.aimprog - 1.1))", "2.525 * (math.abs(pbj.aimprog - 1.1))"],
							"easing": "easeOutBack"
						},
						"2.3": {
							"vector": ["0 * (math.abs(pbj.aimprog - 1.1))", "0 * (math.abs(pbj.aimprog - 1.1))", "1.55 * (math.abs(pbj.aimprog - 1.1))"],
							"easing": "easeInSine"
						},
						"2.5667": {
							"vector": ["-0.45 * (math.abs(pbj.aimprog - 1.1))", "0 * (math.abs(pbj.aimprog - 1.1))", "1.525 * (math.abs(pbj.aimprog - 1.1))"],
							"easing": "easeOutQuad"
						},
						"2.7667": {
							"vector": ["-0.45 * (math.abs(pbj.aimprog - 1.1))", "0 * (math.abs(pbj.aimprog - 1.1))", "2.205 * (math.abs(pbj.aimprog - 1.1))"]
						},
						"2.9": {
							"vector": ["-0.45 * (math.abs(pbj.aimprog - 1.1))", "-0.3 * (math.abs(pbj.aimprog - 1.1))", "1.485 * (math.abs(pbj.aimprog - 1.1))"]
						},
						"3.4333": {
							"vector": ["0 * (math.abs(pbj.aimprog - 1.1))", "0 * (math.abs(pbj.aimprog - 1.1))", "0 * (math.abs(pbj.aimprog - 1.1))"],
							"easing": "easeOutSine"
						}
					}
				},
				"magazine": {
					"rotation": {
						"0.1333": {
							"vector": [0, 0, 0]
						},
						"0.2667": {
							"vector": [13.64883, -1.22629, -37.51266],
							"easing": "easeInSine"
						},
						"0.6": {
							"vector": [40.94528, 32.46703, -70.27354],
							"easing": "easeOutQuad"
						},
						"0.7333": {
							"vector": [0, 0, 0]
						},
						"2.0333": {
							"vector": [0, 0, 0]
						}
					},
					"position": {
						"0.1333": {
							"vector": [0, 0, 0]
						},
						"0.2667": {
							"vector": [6.95, -16.75, -0.99],
							"easing": "easeInSine"
						},
						"0.6": {
							"vector": [13.525, -42.25, -0.99],
							"easing": "easeOutQuad"
						},
						"0.7333": {
							"vector": [0, 0, 0]
						},
						"2.0333": {
							"vector": [0, 0, 0]
						}
					},
					"scale": {
						"0.4": {
							"vector": [1, 1, 1]
						},
						"0.5333": {
							"vector": [0, 0, 0]
						},
						"2.0": {
							"vector": [0, 0, 0]
						},
						"2.0333": {
							"vector": [1, 1, 1]
						}
					}
				},
				"leftarm": {
					"rotation": {
						"0.0": {
							"vector": [0, 0, 0]
						},
						"0.1667": {
							"vector": [-16.93833, -1.52683, -9.72716]
						},
						"0.6": {
							"vector": [29.55401, -5.68256, 24.04539],
							"easing": "easeOutBack"
						},
						"0.8667": {
							"vector": [87.19422, -6.35741, 22.41169],
							"easing": "easeInSine"
						},
						"1.2": {
							"vector": [7.48577, 17.16979, -2.09032],
							"easing": "easeInQuad"
						},
						"1.3333": {
							"vector": [-0.27733, 11.97281, -12.46468]
						},
						"1.4667": {
							"vector": [-9.28383, 4.68732, -16.08769],
							"easing": "easeOutQuart"
						},
						"1.6333": {
							"vector": [35.56044, 10.04251, 30.67105],
							"easing": "easeInSine"
						},
						"1.8": {
							"vector": [12.62636, 9.55234, -9.41291],
							"easing": "easeOutCubic"
						},
						"2.1": {
							"vector": [-3.7114, -12.29264, -0.88416],
							"easing": "easeInSine"
						},
						"2.3667": {
							"vector": [0, 0, 0],
							"easing": "easeOutQuad"
						}
					},
					"position": {
						"0.0": {
							"vector": [0, 0, 0]
						},
						"0.1667": {
							"vector": [0, -6.725, 15.35]
						},
						"0.3": {
							"vector": [2.05, -8.57, 15.35]
						},
						"0.6": {
							"vector": [2.05, -9.02, 15.35],
							"easing": "easeOutBack"
						},
						"0.8667": {
							"vector": [10.05, -13.62, 4.225],
							"easing": "easeInSine"
						},
						"1.2": {
							"vector": [8.05, -6.42, 6.645],
							"easing": "easeInQuad"
						},
						"1.3667": {
							"vector": [1.6, -3.72, 9.98],
							"easing": "easeOutBack"
						},
						"1.4667": {
							"vector": [1.6, -3.72, 9.98]
						},
						"1.6": {
							"vector": [5.575, -13.12, 5.93],
							"easing": "linear"
						},
						"1.8": {
							"vector": [2.53, -7.875, 5.93],
							"easing": "easeOutCubic"
						},
						"2.0667": {
							"vector": [3.995, -7.655, 3.99],
							"easing": "easeInSine"
						},
						"2.3333": {
							"vector": [0, 0, 0],
							"easing": "easeOutQuad"
						}
					}
				},
				"magazine2": {
					"rotation": {
						"0.9667": {
							"vector": [85.60205, -0.95386, -12.21337]
						},
						"1.2": {
							"vector": [-13.7689, 14.62452, -23.42874]
						},
						"1.3333": {
							"vector": [-9.49015, -0.16923, -3.87892],
							"easing": "easeOutQuad"
						},
						"1.4": {
							"vector": [0, 0, 0]
						},
						"1.6333": {
							"vector": [0, 0, 0]
						},
						"1.8": {
							"vector": [0, 0, 0],
							"easing": "easeOutQuad"
						}
					},
					"position": {
						"0.9667": {
							"vector": [22.35, -41.65, 15.325]
						},
						"1.2": {
							"vector": [7.7, -12.225, -7.22]
						},
						"1.3333": {
							"vector": [0, -7.745, -3.22],
							"easing": "easeOutQuad"
						},
						"1.4": {
							"vector": [0, -4.34, -0.67]
						},
						"1.6333": {
							"vector": [0, -4.34, -0.67]
						},
						"1.8": {
							"vector": [0, 0, 0],
							"easing": "easeOutQuad"
						}
					}
				},
				"Flap 1": {
					"rotation": {
						"0.1333": {
							"vector": [0, 0, 0]
						},
						"0.3333": {
							"vector": [0, 12.5, 0],
							"easing": "easeOutCubic"
						},
						"1.6667": {
							"vector": [0, 12.5, 0]
						},
						"2.0333": {
							"vector": [0, 0, 0],
							"easing": "easeOutBack"
						}
					}
				},
				"Flap 2": {
					"rotation": {
						"0.1333": {
							"vector": [0, 0, 0]
						},
						"0.3333": {
							"vector": [0, -12.5, 0],
							"easing": "easeOutCubic"
						},
						"1.6667": {
							"vector": [0, -12.5, 0]
						},
						"2.0333": {
							"vector": [0, 0, 0],
							"easing": "easeOutBack"
						}
					}
				},
				"Magazine Release": {
					"rotation": {
						"0.1667": {
							"vector": [0, 0, 0]
						},
						"0.2333": {
							"vector": [-12.5, 0, 0]
						},
						"1.6667": {
							"vector": [-12.5, 0, 0]
						},
						"1.7333": {
							"vector": [0, 0, 0]
						}
					}
				},
				"Charge Handle": {
					"position": {
						"2.6": {
							"vector": [0, 0, 0]
						},
						"2.7": {
							"vector": [0, 0, 13],
							"easing": "easeInExpo"
						},
						"2.9": {
							"vector": [0, 0, 0],
							"easing": "easeOutQuart"
						}
					}
				},
				"rightarm": {
					"rotation": {
						"2.3333": {
							"vector": [0, 0, 0]
						},
						"2.5": {
							"vector": [-3.6875, 18.55866, 39.18227],
							"easing": "easeInSine"
						},
						"2.6333": {
							"vector": [12.00619, 21.88905, 75.76592],
							"easing": "easeOutCubic"
						},
						"2.7": {
							"vector": [8.05828, 36.88856, 75.28272],
							"easing": "easeInExpo"
						},
						"2.9": {
							"vector": [16.62443, 38.91765, 77.57356],
							"easing": "easeOutBack"
						},
						"3.4667": {
							"vector": [0, 0, 0],
							"easing": "easeInCubic"
						}
					},
					"position": {
						"2.3333": {
							"vector": [0, 0, 0]
						},
						"2.4667": {
							"vector": [-3.54, 7.54, -6.57],
							"easing": "easeInSine"
						},
						"2.6": {
							"vector": [0.725, 15.075, -13.15],
							"easing": "easeOutCubic"
						},
						"2.7": {
							"vector": [0.725, 8.95, -0.15],
							"easing": "easeInExpo"
						},
						"2.8333": {
							"vector": [0.725, 8.95, 4.5],
							"easing": "easeOutBack"
						},
						"3.4": {
							"vector": [0, 0, 0],
							"easing": "easeInSine"
						}
					}
				}
			},
			"sound_effects": {
				"0.0667": {
					"effect": "soltek_devastator_magout"
				},
				"1.1667": {
					"effect": "soltek_devastator_premagin"
				},
				"1.6333": {
					"effect": "soltek_devastator_magin"
				},
				"2.5667": {
					"effect": "soltek_devastator_pullback"
				},
				"2.7333": {
					"effect": "soltek_devastator_pullforward"
				}
			}
		},
		"animation.model.draw": {
			"loop": true,
			"animation_length": 0.8,
			"bones": {
				"main": {
					"rotation": {
						"0.0": {
							"vector": [32.09413, -54.38778, -8.29667]
						},
						"0.35": {
							"vector": [0.50518, -5.08075, 6.8716],
							"easing": "easeOutSine"
						},
						"0.5": {
							"vector": [0.32389, -0.60235, -2.1558],
							"easing": "linear"
						},
						"0.6": {
							"vector": [0, 0, 0],
							"easing": "linear"
						}
					},
					"position": {
						"0.0": {
							"vector": [0, -17.3, 0]
						},
						"0.25": {
							"vector": [-0.4, -2.525, -1.625],
							"easing": "linear"
						},
						"0.4": {
							"vector": [-0.05, 0, -2.49],
							"easing": "linear"
						},
						"0.55": {
							"vector": [0, 0, 0],
							"easing": "linear"
						}
					}
				},
				"leftarm": {
					"rotation": {
						"0.0": {
							"vector": [0, 0, 0]
						},
						"0.2": {
							"vector": [1, 0, -22]
						},
						"0.4": {
							"vector": [0, 0, 0]
						}
					},
					"position": {
						"0.0": {
							"vector": [0, 0, 0]
						},
						"0.2": {
							"vector": [3.53901, 3.6754, 5.59783]
						},
						"0.4": {
							"vector": [0, 0, 0]
						}
					}
				},
				"Flap 1": {
					"rotation": {
						"0.0": {
							"vector": [0, 0, 0]
						},
						"0.5": {
							"vector": [0, -10, 0],
							"easing": "easeOutBounce"
						},
						"0.8": {
							"vector": [0, 0, 0],
							"easing": "easeOutCirc"
						}
					}
				},
				"Flap 2": {
					"rotation": {
						"0.0": {
							"vector": [0, 0, 0]
						},
						"0.5": {
							"vector": [0, 10, 0],
							"easing": "easeOutBounce"
						},
						"0.8": {
							"vector": [0, 0, 0],
							"easing": "easeOutCirc"
						}
					}
				},
				"_camera_": {
					"rotation": {
						"0.0": {
							"vector": [0, 0, 0]
						},
						"0.15": {
							"vector": [1.48497, -0.40697, 4.23051],
							"easing": "easeOutQuad"
						},
						"0.25": {
							"vector": [2.02853, -2.09224, 1.39789]
						},
						"0.8": {
							"vector": [0, 0, 0],
							"easing": "easeOutQuad"
						}
					}
				}
			},
			"sound_effects": {
				"0.0": {
					"effect": "soltek_fiddle_jostle"
				}
			}
		},
		"animation.model.inspect": {
			"loop": true,
			"animation_length": 5.5,
			"bones": {
				"main": {
					"rotation": {
						"0.0": {
							"vector": [0, 0, 0]
						},
						"0.2": {
							"vector": [-34.5, 0, 0],
							"easing": "easeInSine"
						},
						"0.3333": {
							"vector": [-64.48257, -3.45194, -0.57837],
							"easing": "easeOutSine"
						},
						"0.4667": {
							"vector": [-77.6333, -7.8167, -1.70803],
							"easing": "easeOutSine"
						},
						"0.7": {
							"vector": [-79.26098, -12.04177, -2.26585]
						},
						"0.8": {
							"vector": [-79.19222, -9.8802, -1.83863]
						},
						"1.2": {
							"vector": [-76.25814, -13.05576, -2.30379],
							"easing": "easeInSine"
						},
						"1.3667": {
							"vector": [-74.44554, -14.02353, -2.57526],
							"easing": "linear"
						},
						"1.5667": {
							"vector": [-74.04799, -15.67342, -3.17316],
							"easing": "easeInSine"
						},
						"1.8": {
							"vector": [-65.20634, -22.50046, -5.74498],
							"easing": "easeOutSine"
						},
						"1.9": {
							"vector": [-66.07867, -23.42802, -3.51382]
						},
						"2.0": {
							"vector": [-65.7854, -23.12414, -4.25548]
						},
						"2.1": {
							"vector": [-65.91883, -22.43562, -3.92726]
						},
						"2.2667": {
							"vector": [-34.88646, -19.78275, 18.6622],
							"easing": "easeInSine"
						},
						"2.5667": {
							"vector": [-14.31081, 3.54116, 82.42798],
							"easing": "linear"
						},
						"2.6333": {
							"vector": [-15.81174, 3.46611, 87.08625]
						},
						"2.7333": {
							"vector": [-14.30906, 3.54495, 85.18183]
						},
						"3.1667": {
							"vector": [-14.56649, 3.71281, 86.9211],
							"easing": "easeOutSine"
						},
						"3.4333": {
							"vector": [-14.63834, 6.61312, 86.16058],
							"easing": "easeInSine"
						},
						"3.8": {
							"vector": [-19.67537, 12.89531, 84.47802],
							"easing": "easeOutCubic"
						},
						"4.0333": {
							"vector": [-19.00564, 13.89388, 87.38982]
						},
						"4.5333": {
							"vector": [-19.71692, 12.58121, 84.32378]
						},
						"4.7667": {
							"vector": [-22.58956, 5.6675, 66.38589],
							"easing": "easeInCubic"
						},
						"5.1333": {
							"vector": [1.25, 0, 0],
							"easing": "easeOutQuart"
						},
						"5.2667": {
							"vector": [0, 0, 0]
						}
					},
					"position": {
						"0.0": {
							"vector": [0, 0, 0]
						},
						"0.1667": {
							"vector": [-1.3, 0, -7],
							"easing": "easeOutBack"
						},
						"0.2667": {
							"vector": [-1.45, -1.675, -7],
							"easing": "easeInQuart"
						},
						"0.9": {
							"vector": [-3.4, -4.77, -7],
							"easing": "easeOutCirc"
						},
						"1.0333": {
							"vector": [-3.54, -6.695, -7.725]
						},
						"1.3333": {
							"vector": [-3.87, -8.17, -9.775],
							"easing": "linear"
						},
						"1.7": {
							"vector": [-3.87, -8.17, -11.895],
							"easing": "easeInSine"
						},
						"2.0333": {
							"vector": ["-4.17*0.6", -8.17, -11.89]
						},
						"2.2": {
							"vector": ["-4.07*0.3", -6.17, -11.89],
							"easing": "easeOutSine"
						},
						"2.3333": {
							"vector": ["-5.62*0.3", -5.17, -8.565]
						},
						"2.5333": {
							"vector": ["-6.545*0.3", -4.17, -1.69]
						},
						"2.6333": {
							"vector": ["-6.54*0.3", -2.17, -0.715]
						},
						"2.7333": {
							"vector": ["-5.715*0.3", -2.17, -0.71]
						},
						"2.8": {
							"vector": ["-5.985*0.3", -2.17, -0.71]
						},
						"2.9333": {
							"vector": ["-6.08*0.3", -2.17, -0.71]
						},
						"3.2667": {
							"vector": ["-6.08*0.3", -2.17, -0.71]
						},
						"3.5": {
							"vector": ["-5.655*0.3", -2.17, -0.71]
						},
						"3.6": {
							"vector": ["-5.275*0.3", -2.495, -0.71]
						},
						"3.7667": {
							"vector": ["-5.42*0.3", -3.265, -0.71]
						},
						"3.8667": {
							"vector": ["-5.52*0.3", -3.26, -0.71]
						},
						"4.2333": {
							"vector": ["-5.52*0.3", -3.835, -0.71]
						},
						"4.4667": {
							"vector": ["-5.52*0.3", -3.66, -0.71]
						},
						"4.7": {
							"vector": ["-5.52*0.3", -1.46, -0.385],
							"easing": "easeInSine"
						},
						"4.9333": {
							"vector": ["-2.595*0.3", -1.46, -0.68],
							"easing": "easeOutQuart"
						},
						"5.0333": {
							"vector": [0, -0.775, 0]
						},
						"5.1": {
							"vector": [0, 0, 0]
						},
						"5.2333": {
							"vector": [0, -0.1, 0]
						},
						"5.3667": {
							"vector": [0, 0, 0]
						}
					}
				},
				"leftarm": {
					"rotation": {
						"0.0": {
							"vector": [0, 0, 0]
						},
						"0.3": {
							"vector": [150, 0, 0]
						},
						"1.7": {
							"vector": [150, 0, 0]
						},
						"2.5333": {
							"vector": [29.01452, 32.83628, -18.60357]
						},
						"3.4": {
							"vector": [29.01452, 32.83628, -18.60357]
						},
						"3.6667": {
							"vector": [40.01, 32.84, -18.6]
						},
						"4.5667": {
							"vector": [40.01, 32.84, -18.6]
						},
						"4.8333": {
							"vector": [57.76471, 3.74878, 0.04925],
							"easing": "easeInQuad"
						},
						"5.2": {
							"vector": [0, 0, 0],
							"easing": "easeOutQuart"
						}
					},
					"position": {
						"0.0": {
							"vector": [0, 0, 0]
						},
						"0.3": {
							"vector": [22.8, -28.41121, 33.85916]
						},
						"1.7": {
							"vector": [22.8, -28.41, 33.86]
						},
						"2.5333": {
							"vector": [3.06792, 25.98026, 5.83309]
						},
						"3.4": {
							"vector": [3.06792, 25.98026, 5.83309]
						},
						"3.6667": {
							"vector": [0.43527, 29.75472, 6.22209]
						},
						"4.5667": {
							"vector": [0.43527, 29.75472, 6.22209]
						},
						"4.8333": {
							"vector": [0.58816, 6.93306, -1.79884],
							"easing": "easeInQuad"
						},
						"5.2": {
							"vector": [0, 0, 0],
							"easing": "easeOutQuart"
						}
					}
				},
				"Flap 1": {
					"rotation": {
						"0.0": {
							"vector": [0, 0, 0]
						},
						"0.5": {
							"vector": [0, 0, 0]
						},
						"0.9667": {
							"vector": [0, 5, 0],
							"easing": "easeInQuad"
						},
						"1.5": {
							"vector": [0, 0, 0],
							"easing": "easeOutSine"
						},
						"3.7": {
							"vector": [0, 0, 0]
						},
						"3.9333": {
							"vector": [0, 5, 0],
							"easing": "easeInQuad"
						},
						"4.2": {
							"vector": [0, 0, 0],
							"easing": "easeOutSine"
						},
						"4.3333": {
							"vector": [0, 5, 0],
							"easing": "easeInQuad"
						},
						"4.6": {
							"vector": [0, 0, 0],
							"easing": "easeOutSine"
						}
					},
					"position": {
						"0.0": {
							"vector": [0, 0, 0]
						},
						"0.5": {
							"vector": [0, 0, 0]
						},
						"0.9667": {
							"vector": [0, 0, 0],
							"easing": "easeInQuad"
						},
						"1.5": {
							"vector": [0, 0, 0],
							"easing": "easeOutSine"
						},
						"3.7": {
							"vector": [0, 0, 0]
						},
						"3.9333": {
							"vector": [0, 0, 0],
							"easing": "easeInQuad"
						},
						"4.2": {
							"vector": [0, 0, 0],
							"easing": "easeOutSine"
						},
						"4.3333": {
							"vector": [0, 0, 0],
							"easing": "easeInQuad"
						},
						"4.6": {
							"vector": [0, 0, 0],
							"easing": "easeOutSine"
						}
					}
				},
				"Flap 2": {
					"rotation": {
						"0.0": {
							"vector": [0, 0, 0]
						},
						"0.5": {
							"vector": [0, 0, 0]
						},
						"0.9667": {
							"vector": [0, -5, 0],
							"easing": "easeInQuad"
						},
						"1.5": {
							"vector": [0, 0, 0],
							"easing": "easeOutSine"
						},
						"3.7": {
							"vector": [0, 0, 0]
						},
						"3.9333": {
							"vector": [0, -5, 0],
							"easing": "easeInQuad"
						},
						"4.2": {
							"vector": [0, 0, 0],
							"easing": "easeOutSine"
						},
						"4.3333": {
							"vector": [0, -5, 0],
							"easing": "easeInQuad"
						},
						"4.6": {
							"vector": [0, 0, 0],
							"easing": "easeOutSine"
						}
					},
					"position": {
						"0.5": {
							"vector": [0, 0, 0]
						},
						"0.9667": {
							"vector": [0, 0, 0],
							"easing": "easeInQuad"
						},
						"1.5": {
							"vector": [0, 0, 0],
							"easing": "easeOutSine"
						},
						"3.7": {
							"vector": [0, 0, 0]
						},
						"3.9333": {
							"vector": [0, 0, 0],
							"easing": "easeInQuad"
						},
						"4.2": {
							"vector": [0, 0, 0],
							"easing": "easeOutSine"
						},
						"4.3333": {
							"vector": [0, 0, 0],
							"easing": "easeInQuad"
						},
						"4.6": {
							"vector": [0, 0, 0],
							"easing": "easeOutSine"
						}
					}
				},
				"_camera_": {
					"rotation": {
						"0.0": {
							"vector": [0, 0, 0]
						},
						"0.3333": {
							"vector": [0, 0, 0]
						},
						"0.8667": {
							"vector": [-14.16646, 6.39984, -8.16228],
							"easing": "easeInSine"
						},
						"1.3333": {
							"vector": [-20.04959, 10.06564, -10.66768],
							"easing": "easeOutSine"
						},
						"1.9333": {
							"vector": [-9.5538, 7.49949, -5.73658],
							"easing": "easeInSine"
						},
						"2.4333": {
							"vector": [3.39669, 3.59714, -3.49526],
							"easing": "easeOutSine"
						},
						"3.0667": {
							"vector": [12.4917, -0.44484, -6.38723],
							"easing": "easeInSine"
						},
						"3.6667": {
							"vector": [14.9907, -2.70392, -9.12701],
							"easing": "easeOutCubic"
						},
						"4.3": {
							"vector": [12.71807, -4.70524, 0.5926],
							"easing": "easeInSine"
						},
						"4.8": {
							"vector": [10.77318, -6.38161, 5.81658],
							"easing": "easeOutSine"
						},
						"5.1667": {
							"vector": [0, 0, 0],
							"easing": "easeOutSine"
						}
					}
				}
			},
			"sound_effects": {
				"0.0": {
					"effect": "soltek_fiddle_jostlelong"
				},
				"1.5333": {
					"effect": "soltek_fiddle_jostlelightspeedy"
				},
				"2.1667": {
					"effect": "soltek_fiddle_jostleheavy"
				},
				"4.6333": {
					"effect": "soltek_fiddle_jostlequick"
				}
			}
		},
		"animation.model.switch": {
			"loop": true,
			"animation_length": 0.4333,
			"bones": {
				"main": {
					"rotation": {
						"0.0": {
							"vector": [0, 0, 0]
						},
						"0.1333": {
							"vector": [-0.57611, -1.72645, 2.51632]
						},
						"0.2333": {
							"vector": [-0.32606, -1.72867, 0.50333]
						},
						"0.4": {
							"vector": [0, 0, 0]
						}
					},
					"position": {
						"0.0": {
							"vector": [0, 0, 0]
						},
						"0.1333": {
							"vector": [0, 0, 0.225]
						},
						"0.2333": {
							"vector": [0, -0.375, -0.195]
						},
						"0.4": {
							"vector": [0, 0, 0]
						}
					}
				},
				"Flap 1": {
					"rotation": {
						"0.0": {
							"vector": [0, 0, 0]
						},
						"0.1333": {
							"vector": [0.41943, 12.49271, 0.1416],
							"easing": "easeOutCirc"
						},
						"0.4333": {
							"vector": [0, 0, 0]
						}
					},
					"position": {
						"vector": [0, 0, 0]
					}
				},
				"Flap 2": {
					"rotation": {
						"0.0": {
							"vector": [0, 0, 0]
						},
						"0.1333": {
							"vector": [-0.39823, -12.49339, -0.0521],
							"easing": "easeOutCirc"
						},
						"0.4333": {
							"vector": [0, 0, 0]
						}
					},
					"position": {
						"vector": [0, 0, 0]
					}
				},
				"rightarm": {
					"rotation": {
						"0.0": {
							"vector": [0, 0, 0]
						},
						"0.1333": {
							"vector": [0, 0, 10]
						},
						"0.2333": {
							"vector": [0.2279, 1.23196, 18.16534]
						},
						"0.4": {
							"vector": [0, 0, 0]
						}
					},
					"position": {
						"0.0": {
							"vector": [0, 0, 0]
						},
						"0.1333": {
							"vector": [0.03, 0.33, 1.1]
						},
						"0.2333": {
							"vector": [-0.27, 2.605, 1.1]
						},
						"0.4": {
							"vector": [0, 0, 0]
						}
					}
				}
			},
			"sound_effects": {
				"0.0": {
					"effect": "soltek_gun_loader"
				}
			}
		},
		"animation.model.preparefire": {
			"loop": true,
			"animation_length": 0.2,
			"bones": {
				"main": {
					"rotation": {
						"0.0": {
							"vector": [0, 0, 0]
						},
						"0.0667": {
							"vector": [-0.24991, -0.00654, -1.49999]
						},
						"0.2": {
							"vector": [0, 0, 0]
						}
					},
					"position": {
						"0.0": {
							"vector": [0, 0, 0]
						},
						"0.0667": {
							"vector": [0, 0, 0]
						},
						"0.2": {
							"vector": [0, 0, 0]
						}
					}
				}
			},
			"sound_effects": {
				"0.0": {
					"effect": "soltek_preparefire"
				}
			}
		},
		"animation.model.fire": {
			"loop": true,
			"animation_length": 0.25,
			"bones": {
				"Charge Handle": {
					"position": {
						"0.0": {
							"vector": [0, 0, 0]
						},
						"0.0417": {
							"vector": [0, 0, 13],
							"easing": "easeOutCubic"
						},
						"0.125": {
							"vector": [0, 0, 0]
						}
					}
				},
				"Flap 1": {
					"rotation": {
						"0.0": {
							"vector": [0, 0, 0]
						},
						"0.0417": {
							"vector": [0, 7, 0],
							"easing": "easeOutBack"
						},
						"0.25": {
							"vector": [0, 0, 0]
						}
					}
				},
				"Flap 2": {
					"rotation": {
						"0.0": {
							"vector": [0, 0, 0]
						},
						"0.0417": {
							"vector": [0, -7, 0],
							"easing": "easeOutBack"
						},
						"0.25": {
							"vector": [0, 0, 0]
						}
					}
				},
				"Bullet": {
					"rotation": {
						"0.0": {
							"vector": [0, 0, 0]
						},
						"0.0417": {
							"vector": [-23.2529, 62.47835, -13.60271]
						},
						"0.0833": {
							"vector": [-104.71977, 71.8195, -138.34225]
						},
						"0.125": {
							"vector": [-121.81112, 33.20306, -211.0323]
						},
						"0.1667": {
							"vector": [0, 0, 0]
						},
						"0.2083": {
							"vector": [0, 0, 0]
						}
					},
					"position": {
						"0.0": {
							"vector": [0, 0, 0]
						},
						"0.0417": {
							"vector": [-8.6, -1.4, 0.075]
						},
						"0.0833": {
							"vector": [-17.595, -5.125, 5.955]
						},
						"0.125": {
							"vector": [-0.295, -26.55, 11.36]
						},
						"0.1667": {
							"vector": [-0.29, -26.55, 11.36]
						},
						"0.2083": {
							"vector": [0, 0, 0]
						}
					},
					"scale": {
						"0.0833": {
							"vector": [1, 1, 1]
						},
						"0.125": {
							"vector": [0, 0, 0]
						}
					}
				},
				"main": {
					"rotation": {
						"0.0": {
							"vector": [-1.25, 0, 0]
						},
						"0.25": {
							"vector": [0, 0, 0],
							"easing": "easeOutBack"
						}
					},
					"position": {
						"0.0": {
							"vector": [0, 0, 1]
						},
						"0.25": {
							"vector": [0, 0, 0],
							"easing": "easeOutBack"
						}
					}
				}
			}
		},
		"animation.model.fire2": {
			"loop": true,
			"animation_length": 0.25,
			"bones": {
				"Charge Handle": {
					"position": {
						"0.0": {
							"vector": [0, 0, 0]
						},
						"0.0417": {
							"vector": [0, 0, 13],
							"easing": "easeOutCubic"
						},
						"0.125": {
							"vector": [0, 0, 0]
						}
					}
				},
				"Flap 1": {
					"rotation": {
						"0.0": {
							"vector": [0, 0, 0]
						},
						"0.0417": {
							"vector": [0, 7, 0],
							"easing": "easeOutBack"
						},
						"0.25": {
							"vector": [0, 0, 0]
						}
					}
				},
				"Flap 2": {
					"rotation": {
						"0.0": {
							"vector": [0, 0, 0]
						},
						"0.0417": {
							"vector": [0, -7, 0],
							"easing": "easeOutBack"
						},
						"0.25": {
							"vector": [0, 0, 0]
						}
					}
				},
				"Bullet": {
					"rotation": {
						"0.0": {
							"vector": [0, 0, 0]
						},
						"0.0417": {
							"vector": [-24.52142, 63.68215, -59.16569]
						},
						"0.0833": {
							"vector": [-104.75708, 71.79861, -163.37768]
						},
						"0.125": {
							"vector": [-121.81112, 33.20306, -211.0323]
						},
						"0.1667": {
							"vector": [0, 0, 0]
						},
						"0.2083": {
							"vector": [0, 0, 0]
						}
					},
					"position": {
						"0.0": {
							"vector": [0, 0, 0]
						},
						"0.0417": {
							"vector": [-9.975, 0.35, 4.925]
						},
						"0.0833": {
							"vector": [-13.42, -5.575, 7.18]
						},
						"0.125": {
							"vector": [-0.295, -26.55, 11.36]
						},
						"0.1667": {
							"vector": [-0.29, -26.55, 11.36]
						},
						"0.2083": {
							"vector": [0, 0, 0]
						}
					},
					"scale": {
						"0.0833": {
							"vector": [1, 1, 1]
						},
						"0.125": {
							"vector": [0, 0, 0]
						}
					}
				},
				"main": {
					"rotation": {
						"0.0": {
							"vector": [-1.25, 0, 0]
						},
						"0.25": {
							"vector": [0, 0, 0],
							"easing": "easeOutBack"
						}
					},
					"position": {
						"0.0": {
							"vector": [0, 0, 1]
						},
						"0.25": {
							"vector": [0, 0, 0],
							"easing": "easeOutBack"
						}
					}
				}
			}
		},
		"animation.model.fire3": {
			"loop": true,
			"animation_length": 0.25,
			"bones": {
				"Charge Handle": {
					"position": {
						"0.0": {
							"vector": [0, 0, 0]
						},
						"0.0417": {
							"vector": [0, 0, 13],
							"easing": "easeOutCubic"
						},
						"0.125": {
							"vector": [0, 0, 0]
						}
					}
				},
				"Flap 1": {
					"rotation": {
						"0.0": {
							"vector": [0, 0, 0]
						},
						"0.0417": {
							"vector": [0, 7, 0],
							"easing": "easeOutBack"
						},
						"0.25": {
							"vector": [0, 0, 0]
						}
					}
				},
				"Flap 2": {
					"rotation": {
						"0.0": {
							"vector": [0, 0, 0]
						},
						"0.0417": {
							"vector": [0, -7, 0],
							"easing": "easeOutBack"
						},
						"0.25": {
							"vector": [0, 0, 0]
						}
					}
				},
				"Bullet": {
					"rotation": {
						"0.0": {
							"vector": [0, 0, 0]
						},
						"0.0417": {
							"vector": [-7.22501, 56.7725, -17.68319]
						},
						"0.0833": {
							"vector": [219.91137, 21.98654, 176.23487]
						},
						"0.125": {
							"vector": [-121.81112, 33.20306, -211.0323]
						},
						"0.1667": {
							"vector": [0, 0, 0]
						},
						"0.2083": {
							"vector": [0, 0, 0]
						}
					},
					"position": {
						"0.0": {
							"vector": [0, 0, 0]
						},
						"0.0417": {
							"vector": [-8.35, 0.175, 5.575]
						},
						"0.0833": {
							"vector": [-13.745, -6.775, 11.13]
						},
						"0.125": {
							"vector": [-0.295, -26.55, 11.36]
						},
						"0.1667": {
							"vector": [-0.29, -26.55, 11.36]
						},
						"0.2083": {
							"vector": [0, 0, 0]
						}
					},
					"scale": {
						"0.0833": {
							"vector": [1, 1, 1]
						},
						"0.125": {
							"vector": [0, 0, 0]
						}
					}
				},
				"main": {
					"rotation": {
						"0.0": {
							"vector": [-1.25, 0, 0]
						},
						"0.25": {
							"vector": [0, 0, 0],
							"easing": "easeOutBack"
						}
					},
					"position": {
						"0.0": {
							"vector": [0, 0, 1]
						},
						"0.25": {
							"vector": [0, 0, 0],
							"easing": "easeOutBack"
						}
					}
				}
			}
		},
		"animation.model.fire4": {
			"loop": true,
			"animation_length": 0.25,
			"bones": {
				"Charge Handle": {
					"position": {
						"0.0": {
							"vector": [0, 0, 0]
						},
						"0.0417": {
							"vector": [0, 0, 13],
							"easing": "easeOutCubic"
						},
						"0.125": {
							"vector": [0, 0, 0]
						}
					}
				},
				"Flap 1": {
					"rotation": {
						"0.0": {
							"vector": [0, 0, 0]
						},
						"0.0417": {
							"vector": [0, 7, 0],
							"easing": "easeOutBack"
						},
						"0.25": {
							"vector": [0, 0, 0]
						}
					}
				},
				"Flap 2": {
					"rotation": {
						"0.0": {
							"vector": [0, 0, 0]
						},
						"0.0417": {
							"vector": [0, -7, 0],
							"easing": "easeOutBack"
						},
						"0.25": {
							"vector": [0, 0, 0]
						}
					}
				},
				"Bullet": {
					"rotation": {
						"0.0": {
							"vector": [0, 0, 0]
						},
						"0.0417": {
							"vector": [-0.29295, 39.61257, -12.6039]
						},
						"0.0833": {
							"vector": [58.88371, 78.42408, 17.83956]
						},
						"0.125": {
							"vector": [-121.81112, 33.20306, -211.0323]
						},
						"0.1667": {
							"vector": [0, 0, 0]
						},
						"0.2083": {
							"vector": [0, 0, 0]
						}
					},
					"position": {
						"0.0": {
							"vector": [0, 0, 0]
						},
						"0.0417": {
							"vector": [-7.225, 1.925, 7.45]
						},
						"0.0833": {
							"vector": [-8.97, -2.425, 14.93]
						},
						"0.125": {
							"vector": [-0.295, -26.55, 11.36]
						},
						"0.1667": {
							"vector": [-0.29, -26.55, 11.36]
						},
						"0.2083": {
							"vector": [0, 0, 0]
						}
					},
					"scale": {
						"0.0833": {
							"vector": [1, 1, 1]
						},
						"0.125": {
							"vector": [0, 0, 0]
						}
					}
				},
				"main": {
					"rotation": {
						"0.0": {
							"vector": [-1.25, 0, 0]
						},
						"0.25": {
							"vector": [0, 0, 0],
							"easing": "easeOutBack"
						}
					},
					"position": {
						"0.0": {
							"vector": [0, 0, 1]
						},
						"0.25": {
							"vector": [0, 0, 0],
							"easing": "easeOutBack"
						}
					}
				}
			}
		},
		"animation.model.fire5": {
			"loop": true,
			"animation_length": 0.25,
			"bones": {
				"Charge Handle": {
					"position": {
						"0.0": {
							"vector": [0, 0, 0]
						},
						"0.0417": {
							"vector": [0, 0, 13],
							"easing": "easeOutCubic"
						},
						"0.125": {
							"vector": [0, 0, 0]
						}
					}
				},
				"Flap 1": {
					"rotation": {
						"0.0": {
							"vector": [0, 0, 0]
						},
						"0.0417": {
							"vector": [0, 7, 0],
							"easing": "easeOutBack"
						},
						"0.25": {
							"vector": [0, 0, 0]
						}
					}
				},
				"Flap 2": {
					"rotation": {
						"0.0": {
							"vector": [0, 0, 0]
						},
						"0.0417": {
							"vector": [0, -7, 0],
							"easing": "easeOutBack"
						},
						"0.25": {
							"vector": [0, 0, 0]
						}
					}
				},
				"Bullet": {
					"rotation": {
						"0.0": {
							"vector": [0, 0, 0]
						},
						"0.0417": {
							"vector": [23.36158, 58.50704, 48.79481]
						},
						"0.0833": {
							"vector": [139.18759, 71.23162, 145.02308]
						},
						"0.125": {
							"vector": [-121.81112, 33.20306, -211.0323]
						},
						"0.1667": {
							"vector": [0, 0, 0]
						},
						"0.2083": {
							"vector": [0, 0, 0]
						}
					},
					"position": {
						"0.0": {
							"vector": [0, 0, 0]
						},
						"0.0417": {
							"vector": [-7.475, 1.425, 5.8]
						},
						"0.0833": {
							"vector": [-14.12, -2.425, 8.655]
						},
						"0.125": {
							"vector": [-0.295, -26.55, 11.36]
						},
						"0.1667": {
							"vector": [-0.29, -26.55, 11.36]
						},
						"0.2083": {
							"vector": [0, 0, 0]
						}
					},
					"scale": {
						"0.0833": {
							"vector": [1, 1, 1]
						},
						"0.125": {
							"vector": [0, 0, 0]
						}
					}
				},
				"main": {
					"rotation": {
						"0.0": {
							"vector": [-1.25, 0, 0]
						},
						"0.25": {
							"vector": [0, 0, 0],
							"easing": "easeOutBack"
						}
					},
					"position": {
						"0.0": {
							"vector": [0, 0, 1]
						},
						"0.25": {
							"vector": [0, 0, 0],
							"easing": "easeOutBack"
						}
					}
				}
			}
		},
		"animation.model.fire6": {
			"loop": true,
			"animation_length": 0.25,
			"bones": {
				"Charge Handle": {
					"position": {
						"0.0": {
							"vector": [0, 0, 0]
						},
						"0.0417": {
							"vector": [0, 0, 13],
							"easing": "easeOutCubic"
						},
						"0.125": {
							"vector": [0, 0, 0]
						}
					}
				},
				"Flap 1": {
					"rotation": {
						"0.0": {
							"vector": [0, 0, 0]
						},
						"0.0417": {
							"vector": [0, 7, 0],
							"easing": "easeOutBack"
						},
						"0.25": {
							"vector": [0, 0, 0]
						}
					}
				},
				"Flap 2": {
					"rotation": {
						"0.0": {
							"vector": [0, 0, 0]
						},
						"0.0417": {
							"vector": [0, -7, 0],
							"easing": "easeOutBack"
						},
						"0.25": {
							"vector": [0, 0, 0]
						}
					}
				},
				"Bullet": {
					"rotation": {
						"0.0": {
							"vector": [0, 0, 0]
						},
						"0.0417": {
							"vector": [57.24946, 7.74688, 69.6777]
						},
						"0.0833": {
							"vector": [6.94789, 57.35372, -42.36317]
						},
						"0.125": {
							"vector": [-121.81112, 33.20306, -211.0323]
						},
						"0.1667": {
							"vector": [0, 0, 0]
						},
						"0.2083": {
							"vector": [0, 0, 0]
						}
					},
					"position": {
						"0.0": {
							"vector": [0, 0, 0]
						},
						"0.0417": {
							"vector": [-5.9, 1.225, 5.325]
						},
						"0.0833": {
							"vector": [-13.845, -5.825, 1.855]
						},
						"0.125": {
							"vector": [-0.295, -26.55, 11.36]
						},
						"0.1667": {
							"vector": [-0.29, -26.55, 11.36]
						},
						"0.2083": {
							"vector": [0, 0, 0]
						}
					},
					"scale": {
						"0.0833": {
							"vector": [1, 1, 1]
						},
						"0.125": {
							"vector": [0, 0, 0]
						}
					}
				},
				"main": {
					"rotation": {
						"0.0": {
							"vector": [-1.25, 0, 0]
						},
						"0.25": {
							"vector": [0, 0, 0],
							"easing": "easeOutBack"
						}
					},
					"position": {
						"0.0": {
							"vector": [0, 0, 1]
						},
						"0.25": {
							"vector": [0, 0, 0],
							"easing": "easeOutBack"
						}
					}
				}
			}
		},
		"animation.model.fire7": {
			"loop": true,
			"animation_length": 0.25,
			"bones": {
				"Charge Handle": {
					"position": {
						"0.0": {
							"vector": [0, 0, 0]
						},
						"0.0417": {
							"vector": [0, 0, 13],
							"easing": "easeOutCubic"
						},
						"0.125": {
							"vector": [0, 0, 0]
						}
					}
				},
				"Flap 1": {
					"rotation": {
						"0.0": {
							"vector": [0, 0, 0]
						},
						"0.0417": {
							"vector": [0, 7, 0],
							"easing": "easeOutBack"
						},
						"0.25": {
							"vector": [0, 0, 0]
						}
					}
				},
				"Flap 2": {
					"rotation": {
						"0.0": {
							"vector": [0, 0, 0]
						},
						"0.0417": {
							"vector": [0, -7, 0],
							"easing": "easeOutBack"
						},
						"0.25": {
							"vector": [0, 0, 0]
						}
					}
				},
				"Bullet": {
					"rotation": {
						"0.0": {
							"vector": [0, 0, 0]
						},
						"0.0417": {
							"vector": [120.3889, 21.35012, 59.89098]
						},
						"0.0833": {
							"vector": [6.94789, 57.35372, -42.36317]
						},
						"0.125": {
							"vector": [-121.81112, 33.20306, -211.0323]
						},
						"0.1667": {
							"vector": [0, 0, 0]
						},
						"0.2083": {
							"vector": [0, 0, 0]
						}
					},
					"position": {
						"0.0": {
							"vector": [0, 0, 0]
						},
						"0.0417": {
							"vector": [-7.175, -2.025, 5.35]
						},
						"0.0833": {
							"vector": [-11.82, -9.375, 9.43]
						},
						"0.125": {
							"vector": [-0.295, -26.55, 11.36]
						},
						"0.1667": {
							"vector": [-0.29, -26.55, 11.36]
						},
						"0.2083": {
							"vector": [0, 0, 0]
						}
					},
					"scale": {
						"0.0833": {
							"vector": [1, 1, 1]
						},
						"0.125": {
							"vector": [0, 0, 0]
						}
					}
				},
				"main": {
					"rotation": {
						"0.0": {
							"vector": [-1.25, 0, 0]
						},
						"0.25": {
							"vector": [0, 0, 0],
							"easing": "easeOutBack"
						}
					},
					"position": {
						"0.0": {
							"vector": [0, 0, 1]
						},
						"0.25": {
							"vector": [0, 0, 0],
							"easing": "easeOutBack"
						}
					}
				}
			}
		}
	},
	"geckolib_format_version": 2
}