{
	"format_version": "1.8.0",
	"animations": {
		"animation.model.reloadempty": {
			"loop": true,
			"animation_length": 3,
			"blend_weight": 1,
			"bones": {
				"main": {
					"rotation": {
						"0.0": {
							"vector": ["0 * (math.abs(pbj.aimprog - 1.1))", "0 * (math.abs(pbj.aimprog - 1.1))", "0 * (math.abs(pbj.aimprog - 1.1))"]
						},
						"0.1667": {
							"vector": ["-8.25 * (math.abs(pbj.aimprog - 1.1))", "-5.25 * (math.abs(pbj.aimprog - 1.1))", "0 * (math.abs(pbj.aimprog - 1.1))"],
							"easing": "easeOutQuad"
						},
						"0.2333": {
							"vector": ["-7.25 * (math.abs(pbj.aimprog - 1.1))", "-5.25 * (math.abs(pbj.aimprog - 1.1))", "0 * (math.abs(pbj.aimprog - 1.1))"]
						},
						"0.3667": {
							"vector": [
								"1.5359880797 * (math.abs(pbj.aimprog - 1.1))",
								"-6.1173241861 * (math.abs(pbj.aimprog - 1.1))",
								"-12.5033619622 * (math.abs(pbj.aimprog - 1.1))"
							],
							"easing": "easeOutQuad"
						},
						"0.5": {
							"vector": [
								"-2.4734921265 * (math.abs(pbj.aimprog - 1.1))",
								"-6.1408276145 * (math.abs(pbj.aimprog - 1.1))",
								"-5.4673146422 * (math.abs(pbj.aimprog - 1.1))"
							],
							"easing": "easeInOutSine"
						},
						"0.7": {
							"vector": [
								"-4.9734921265 * (math.abs(pbj.aimprog - 1.1))",
								"-6.1408276145 * (math.abs(pbj.aimprog - 1.1))",
								"-5.4673146422 * (math.abs(pbj.aimprog - 1.1))"
							],
							"easing": "easeInCubic"
						},
						"0.8333": {
							"vector": ["-7.14 * (math.abs(pbj.aimprog - 1.1))", "-6.56 * (math.abs(pbj.aimprog - 1.1))", "-10.73 * (math.abs(pbj.aimprog - 1.1))"],
							"easing": "easeInOutSine"
						},
						"1.0": {
							"vector": [
								"-6.3761423234 * (math.abs(pbj.aimprog - 1.1))",
								"-15.6712397901 * (math.abs(pbj.aimprog - 1.1))",
								"-17.5670280678 * (math.abs(pbj.aimprog - 1.1))"
							]
						},
						"1.1": {
							"vector": [
								"-13.4312148162 * (math.abs(pbj.aimprog - 1.1))",
								"-16.2667699995 * (math.abs(pbj.aimprog - 1.1))",
								"-20.0925475814 * (math.abs(pbj.aimprog - 1.1))"
							],
							"easing": "easeOutBack"
						},
						"1.2": {
							"vector": [
								"-10.6812148162 * (math.abs(pbj.aimprog - 1.1))",
								"-16.2667699995 * (math.abs(pbj.aimprog - 1.1))",
								"-20.0925475814 * (math.abs(pbj.aimprog - 1.1))"
							]
						},
						"1.3667": {
							"vector": [
								"0.6572351699 * (math.abs(pbj.aimprog - 1.1))",
								"-14.852914102 * (math.abs(pbj.aimprog - 1.1))",
								"-12.9754512851 * (math.abs(pbj.aimprog - 1.1))"
							]
						},
						"1.4667": {
							"vector": [
								"-2.5515660253 * (math.abs(pbj.aimprog - 1.1))",
								"-14.6256152011 * (math.abs(pbj.aimprog - 1.1))",
								"-20.9861352351 * (math.abs(pbj.aimprog - 1.1))"
							],
							"easing": "easeInBack"
						},
						"1.7": {
							"vector": [
								"-5.7500628219 * (math.abs(pbj.aimprog - 1.1))",
								"-13.4707037507 * (math.abs(pbj.aimprog - 1.1))",
								"2.1868840279 * (math.abs(pbj.aimprog - 1.1))"
							],
							"easing": "easeOutSine"
						},
						"1.9": {
							"vector": [
								"-17.1848174925 * (math.abs(pbj.aimprog - 1.1))",
								"-8.5517407835 * (math.abs(pbj.aimprog - 1.1))",
								"23.2722997326 * (math.abs(pbj.aimprog - 1.1))"
							],
							"easing": "easeInOutCubic"
						},
						"2.0333": {
							"vector": [
								"-20.7453169732 * (math.abs(pbj.aimprog - 1.1))",
								"-5.3491861121 * (math.abs(pbj.aimprog - 1.1))",
								"32.0157699471 * (math.abs(pbj.aimprog - 1.1))"
							]
						},
						"2.2333": {
							"vector": [
								"-28.7453169732 * (math.abs(pbj.aimprog - 1.1))",
								"-5.3491861121 * (math.abs(pbj.aimprog - 1.1))",
								"32.0157699471 * (math.abs(pbj.aimprog - 1.1))"
							]
						},
						"2.3667": {
							"vector": [
								"-13.2514257216 * (math.abs(pbj.aimprog - 1.1))",
								"-4.6678910383 * (math.abs(pbj.aimprog - 1.1))",
								"34.9486039146 * (math.abs(pbj.aimprog - 1.1))"
							],
							"easing": "easeInQuint"
						},
						"2.4667": {
							"vector": [
								"-4.8807700614 * (math.abs(pbj.aimprog - 1.1))",
								"-5.4840062661 * (math.abs(pbj.aimprog - 1.1))",
								"30.7612330166 * (math.abs(pbj.aimprog - 1.1))"
							],
							"easing": "easeInOutSine"
						},
						"3.0": {
							"vector": ["0 * (math.abs(pbj.aimprog - 1.1))", "0 * (math.abs(pbj.aimprog - 1.1))", "0 * (math.abs(pbj.aimprog - 1.1))"]
						}
					},
					"position": {
						"0.1333": {
							"vector": ["0 * (math.abs(pbj.aimprog - 1.1))", "0 * (math.abs(pbj.aimprog - 1.1))", "0 * (math.abs(pbj.aimprog - 1.1))"]
						},
						"0.2333": {
							"vector": ["0 * (math.abs(pbj.aimprog - 1.1))", "-0.35 * (math.abs(pbj.aimprog - 1.1))", "0 * (math.abs(pbj.aimprog - 1.1))"]
						},
						"0.3333": {
							"vector": ["0 * (math.abs(pbj.aimprog - 1.1))", "-1.1 * (math.abs(pbj.aimprog - 1.1))", "-0.9 * (math.abs(pbj.aimprog - 1.1))"],
							"easing": "easeInOutExpo"
						},
						"0.5": {
							"vector": ["-0.6 * (math.abs(pbj.aimprog - 1.1))", "-1.1 * (math.abs(pbj.aimprog - 1.1))", "-0.9 * (math.abs(pbj.aimprog - 1.1))"],
							"easing": "linear"
						},
						"0.6333": {
							"vector": ["-0.6 * (math.abs(pbj.aimprog - 1.1))", "-0.75 * (math.abs(pbj.aimprog - 1.1))", "-0.9 * (math.abs(pbj.aimprog - 1.1))"]
						},
						"0.8333": {
							"vector": ["-0.6 * (math.abs(pbj.aimprog - 1.1))", "-0.75 * (math.abs(pbj.aimprog - 1.1))", "1.45 * (math.abs(pbj.aimprog - 1.1))"],
							"easing": "easeInCirc"
						},
						"0.9667": {
							"vector": ["-1.25 * (math.abs(pbj.aimprog - 1.1))", "-0.75 * (math.abs(pbj.aimprog - 1.1))", "0.75 * (math.abs(pbj.aimprog - 1.1))"]
						},
						"1.0667": {
							"vector": ["-1.25 * (math.abs(pbj.aimprog - 1.1))", "-0.75 * (math.abs(pbj.aimprog - 1.1))", "0.75 * (math.abs(pbj.aimprog - 1.1))"]
						},
						"1.2": {
							"vector": ["-1.25 * (math.abs(pbj.aimprog - 1.1))", "-0.75 * (math.abs(pbj.aimprog - 1.1))", "0.75 * (math.abs(pbj.aimprog - 1.1))"]
						},
						"1.3667": {
							"vector": ["-1.25 * (math.abs(pbj.aimprog - 1.1))", "-0.75 * (math.abs(pbj.aimprog - 1.1))", "0.75 * (math.abs(pbj.aimprog - 1.1))"]
						},
						"1.5": {
							"vector": ["-1.25 * (math.abs(pbj.aimprog - 1.1))", "-0.75 * (math.abs(pbj.aimprog - 1.1))", "0.75 * (math.abs(pbj.aimprog - 1.1))"]
						},
						"1.6333": {
							"vector": ["-1.775 * (math.abs(pbj.aimprog - 1.1))", "-0.75 * (math.abs(pbj.aimprog - 1.1))", "-0.425 * (math.abs(pbj.aimprog - 1.1))"]
						},
						"1.9333": {
							"vector": ["-1.77 * (math.abs(pbj.aimprog - 1.1))", "-4.175 * (math.abs(pbj.aimprog - 1.1))", "5.08 * (math.abs(pbj.aimprog - 1.1))"],
							"easing": "easeOutSine"
						},
						"2.0333": {
							"vector": ["-1.77 * (math.abs(pbj.aimprog - 1.1))", "-4.175 * (math.abs(pbj.aimprog - 1.1))", "5.08 * (math.abs(pbj.aimprog - 1.1))"]
						},
						"2.1667": {
							"vector": ["-2.795 * (math.abs(pbj.aimprog - 1.1))", "-5.65 * (math.abs(pbj.aimprog - 1.1))", "6.205 * (math.abs(pbj.aimprog - 1.1))"]
						},
						"2.3333": {
							"vector": ["-2.795 * (math.abs(pbj.aimprog - 1.1))", "-4.85 * (math.abs(pbj.aimprog - 1.1))", "6.205 * (math.abs(pbj.aimprog - 1.1))"],
							"easing": "easeInBack"
						},
						"2.5667": {
							"vector": ["-2.795 * (math.abs(pbj.aimprog - 1.1))", "-4.85 * (math.abs(pbj.aimprog - 1.1))", "6.68 * (math.abs(pbj.aimprog - 1.1))"]
						},
						"3.0": {
							"vector": ["0 * (math.abs(pbj.aimprog - 1.1))", "0 * (math.abs(pbj.aimprog - 1.1))", "0 * (math.abs(pbj.aimprog - 1.1))"]
						}
					}
				},
				"magazine": {
					"rotation": {
						"0.0": {
							"vector": [0, 0, 0]
						},
						"0.2": {
							"vector": [0, 0, 0]
						},
						"0.3": {
							"vector": [0, 0, 0]
						},
						"0.4333": {
							"vector": [33.75, 0, -34.75]
						},
						"0.5667": {
							"vector": [84.25, 0, -34.75]
						},
						"0.9667": {
							"vector": [84.25, 0, -34.75]
						},
						"1.6667": {
							"vector": [0, 0, 0]
						}
					},
					"position": {
						"0.0": {
							"vector": [0, 0, 0]
						},
						"0.2": {
							"vector": [0, 0, 0]
						},
						"0.3": {
							"vector": [0, -4, 0]
						},
						"0.4333": {
							"vector": [17.725, -14.5, -4.45]
						},
						"0.5667": {
							"vector": [17.725, -65.675, -23.3]
						},
						"0.9667": {
							"vector": [-42.74427, -97.83608, -4.61223]
						},
						"1.6667": {
							"vector": [0, 0, 0]
						}
					},
					"scale": {
						"0.5667": {
							"vector": [1, 1, 1]
						},
						"0.9667": {
							"vector": [0, 0, 0]
						},
						"1.6667": {
							"vector": [0, 0, 0]
						},
						"1.8": {
							"vector": [1, 1, 1]
						}
					}
				},
				"leftarm": {
					"rotation": {
						"0.0": {
							"vector": [0, 0, 0]
						},
						"0.1667": {
							"vector": [12, 0, 0],
							"easing": "easeInBack"
						},
						"0.3": {
							"vector": [22, 0, 0]
						},
						"0.4333": {
							"vector": [51.10049, 5.07878, -11.91889]
						},
						"0.5333": {
							"vector": [51.10049, 5.07878, -11.91889]
						},
						"0.7": {
							"vector": [92.112, 1.98966, 28.13842]
						},
						"0.7667": {
							"vector": [92.112, 1.98966, 28.13842]
						},
						"0.9667": {
							"vector": [7.2822, 10.17284, 23.54229]
						},
						"1.1333": {
							"vector": [-10.91258, 6.18378, 15.74285],
							"easing": "easeOutExpo"
						},
						"1.1667": {
							"vector": [-7.9678, 10.17284, 23.54229]
						},
						"1.3333": {
							"vector": [-10.89425, -3.86857, 28.28369]
						},
						"1.4": {
							"vector": [-10.89425, -3.86857, 28.28369],
							"easing": "easeInCirc"
						},
						"1.4667": {
							"vector": [-12.37752, -11.86765, 7.86063],
							"easing": "easeOutElastic"
						},
						"1.6": {
							"vector": [-10.89425, -3.86857, 28.28369],
							"easing": "easeInOutSine"
						},
						"1.9": {
							"vector": [0, 0, 0]
						},
						"2.8333": {
							"vector": [0, 0, 0]
						}
					},
					"position": {
						"0.0": {
							"vector": [0, 0, 0]
						},
						"0.1667": {
							"vector": [-0.975, 0, 6.95],
							"easing": "easeInQuad"
						},
						"0.3333": {
							"vector": [-0.975, 0, 7.425]
						},
						"0.4667": {
							"vector": [2.075, -2.425, 6.95],
							"easing": "easeOutBack"
						},
						"0.5333": {
							"vector": [2.075, -2.425, 6.95]
						},
						"0.7": {
							"vector": [2.08, -7.445, 3.05]
						},
						"0.7667": {
							"vector": [2.08, -7.445, 3.05]
						},
						"0.9667": {
							"vector": [2.08, -9.495, 3.05],
							"easing": "easeInOutBack"
						},
						"1.1333": {
							"vector": [2.08, -9.195, 4.275],
							"easing": "easeOutExpo"
						},
						"1.1667": {
							"vector": [2.08, -9.495, 4]
						},
						"1.3333": {
							"vector": [0.635, -1.97, 11.18],
							"easing": "easeOutQuad"
						},
						"1.4333": {
							"vector": [0.635, 0.205, 11.18]
						},
						"1.5": {
							"vector": [0.635, 0.205, 11.18]
						},
						"1.7": {
							"vector": [0.635, -1.97, 11.18]
						},
						"1.9": {
							"vector": [0, 0, 0]
						},
						"3.0": {
							"vector": [0, 0, 0]
						}
					}
				},
				"Chargeback": {
					"position": {
						"2.1": {
							"vector": [0, 0, 0]
						},
						"2.2667": {
							"vector": [0, 0, 10]
						},
						"2.3": {
							"vector": [0, 0, 10]
						},
						"2.4": {
							"vector": [0, 0, 0]
						}
					}
				},
				"rightarm": {
					"rotation": {
						"1.9": {
							"vector": [0, 0, 0]
						},
						"2.1": {
							"vector": [3.66166, 22.23295, 73.04053]
						},
						"2.2": {
							"vector": [3.45557, 28.41837, 72.12057]
						},
						"2.2667": {
							"vector": [3.45557, 28.41837, 72.12057]
						},
						"2.3667": {
							"vector": [0.5527, 25.1491, 49.64813],
							"easing": "easeInQuint"
						},
						"2.6": {
							"vector": [3.0527, 25.1491, 49.64813],
							"easing": "easeInBack"
						},
						"3.0": {
							"vector": [0, 0, 0]
						}
					},
					"position": {
						"1.9": {
							"vector": [0, 0, 0]
						},
						"2.1333": {
							"vector": [-3.35, 11.25, -14.575],
							"easing": "easeOutSine"
						},
						"2.2667": {
							"vector": [-3.35, 8.9, -5.725]
						},
						"2.3667": {
							"vector": [-4.6, 8.9, -2.95]
						},
						"2.6": {
							"vector": [-4.6, 8.9, -2.95]
						},
						"3.0": {
							"vector": [0, 0, 0]
						}
					}
				},
				"magazine2": {
					"rotation": {
						"0.0": {
							"vector": [0, 0, 0]
						},
						"0.7667": {
							"vector": [68.49329, -7.60038, -18.55452]
						},
						"0.9667": {
							"vector": [-12.75, 0, 0]
						},
						"1.1333": {
							"vector": [0, 0, 0],
							"easing": "easeOutExpo"
						}
					},
					"position": {
						"0.0": {
							"vector": [0, -37, 0]
						},
						"0.7667": {
							"vector": [11.975, -24.475, -0.8]
						},
						"0.9667": {
							"vector": [0, -7.2, -2.95]
						},
						"1.1333": {
							"vector": [0, 0, 0],
							"easing": "easeOutExpo"
						}
					}
				}
			},
			"sound_effects": {
				"0.0": {
					"effect": "soltek_epslic_premagout"
				},
				"0.2": {
					"effect": "soltek_epslic_magout"
				},
				"0.9333": {
					"effect": "soltek_epslic_magin"
				},
				"1.4": {
					"effect": "soltek_epslic_click"
				},
				"2.1": {
					"effect": "soltek_epslic_pullback"
				},
				"2.3": {
					"effect": "soltek_epslic_pullforward"
				}
			}
		},
		"animation.model.reload": {
			"loop": true,
			"animation_length": 2,
			"blend_weight": 1,
			"bones": {
				"main": {
					"rotation": {
						"0.0": {
							"vector": ["0 * (math.abs(pbj.aimprog - 1.1))", "0 * (math.abs(pbj.aimprog - 1.1))", "0 * (math.abs(pbj.aimprog - 1.1))"]
						},
						"0.1667": {
							"vector": ["-8.25 * (math.abs(pbj.aimprog - 1.1))", "-5.25 * (math.abs(pbj.aimprog - 1.1))", "0 * (math.abs(pbj.aimprog - 1.1))"],
							"easing": "easeOutQuad"
						},
						"0.2333": {
							"vector": ["-7.25 * (math.abs(pbj.aimprog - 1.1))", "-5.25 * (math.abs(pbj.aimprog - 1.1))", "0 * (math.abs(pbj.aimprog - 1.1))"]
						},
						"0.3667": {
							"vector": [
								"1.5359880797 * (math.abs(pbj.aimprog - 1.1))",
								"-6.1173241861 * (math.abs(pbj.aimprog - 1.1))",
								"-12.5033619622 * (math.abs(pbj.aimprog - 1.1))"
							],
							"easing": "easeOutQuad"
						},
						"0.5": {
							"vector": [
								"-2.4734921265 * (math.abs(pbj.aimprog - 1.1))",
								"-6.1408276145 * (math.abs(pbj.aimprog - 1.1))",
								"-5.4673146422 * (math.abs(pbj.aimprog - 1.1))"
							],
							"easing": "easeInOutSine"
						},
						"0.7": {
							"vector": [
								"-4.9734921265 * (math.abs(pbj.aimprog - 1.1))",
								"-6.1408276145 * (math.abs(pbj.aimprog - 1.1))",
								"-5.4673146422 * (math.abs(pbj.aimprog - 1.1))"
							],
							"easing": "easeInCubic"
						},
						"0.8333": {
							"vector": ["-7.14 * (math.abs(pbj.aimprog - 1.1))", "-6.56 * (math.abs(pbj.aimprog - 1.1))", "-10.73 * (math.abs(pbj.aimprog - 1.1))"],
							"easing": "easeInOutSine"
						},
						"1.0": {
							"vector": [
								"-6.3761423234 * (math.abs(pbj.aimprog - 1.1))",
								"-15.6712397901 * (math.abs(pbj.aimprog - 1.1))",
								"-17.5670280678 * (math.abs(pbj.aimprog - 1.1))"
							]
						},
						"1.1": {
							"vector": [
								"-13.4312148162 * (math.abs(pbj.aimprog - 1.1))",
								"-16.2667699995 * (math.abs(pbj.aimprog - 1.1))",
								"-20.0925475814 * (math.abs(pbj.aimprog - 1.1))"
							],
							"easing": "easeOutBack"
						},
						"1.2": {
							"vector": [
								"-10.6812148162 * (math.abs(pbj.aimprog - 1.1))",
								"-16.2667699995 * (math.abs(pbj.aimprog - 1.1))",
								"-20.0925475814 * (math.abs(pbj.aimprog - 1.1))"
							]
						},
						"1.3667": {
							"vector": [
								"0.6572351699 * (math.abs(pbj.aimprog - 1.1))",
								"-14.852914102 * (math.abs(pbj.aimprog - 1.1))",
								"-12.9754512851 * (math.abs(pbj.aimprog - 1.1))"
							]
						},
						"1.4667": {
							"vector": [
								"-2.5515660253 * (math.abs(pbj.aimprog - 1.1))",
								"-14.6256152011 * (math.abs(pbj.aimprog - 1.1))",
								"-20.9861352351 * (math.abs(pbj.aimprog - 1.1))"
							],
							"easing": "easeInBack"
						},
						"1.7": {
							"vector": [
								"-5.7500628219 * (math.abs(pbj.aimprog - 1.1))",
								"-13.4707037507 * (math.abs(pbj.aimprog - 1.1))",
								"2.1868840279 * (math.abs(pbj.aimprog - 1.1))"
							],
							"easing": "easeOutSine"
						},
						"2.0": {
							"vector": ["0 * (math.abs(pbj.aimprog - 1.1))", "0 * (math.abs(pbj.aimprog - 1.1))", "0 * (math.abs(pbj.aimprog - 1.1))"]
						}
					},
					"position": {
						"0.1333": {
							"vector": ["0 * (math.abs(pbj.aimprog - 1.1))", "0 * (math.abs(pbj.aimprog - 1.1))", "0 * (math.abs(pbj.aimprog - 1.1))"]
						},
						"0.2333": {
							"vector": ["0 * (math.abs(pbj.aimprog - 1.1))", "-0.35 * (math.abs(pbj.aimprog - 1.1))", "0 * (math.abs(pbj.aimprog - 1.1))"]
						},
						"0.3333": {
							"vector": ["0 * (math.abs(pbj.aimprog - 1.1))", "-1.1 * (math.abs(pbj.aimprog - 1.1))", "-0.9 * (math.abs(pbj.aimprog - 1.1))"],
							"easing": "easeInOutExpo"
						},
						"0.5": {
							"vector": ["-0.6 * (math.abs(pbj.aimprog - 1.1))", "-1.1 * (math.abs(pbj.aimprog - 1.1))", "-0.9 * (math.abs(pbj.aimprog - 1.1))"],
							"easing": "linear"
						},
						"0.6333": {
							"vector": ["-0.6 * (math.abs(pbj.aimprog - 1.1))", "-0.75 * (math.abs(pbj.aimprog - 1.1))", "-0.9 * (math.abs(pbj.aimprog - 1.1))"]
						},
						"0.8333": {
							"vector": ["-0.6 * (math.abs(pbj.aimprog - 1.1))", "-0.75 * (math.abs(pbj.aimprog - 1.1))", "1.45 * (math.abs(pbj.aimprog - 1.1))"],
							"easing": "easeInCirc"
						},
						"0.9667": {
							"vector": ["-1.25 * (math.abs(pbj.aimprog - 1.1))", "-0.75 * (math.abs(pbj.aimprog - 1.1))", "0.75 * (math.abs(pbj.aimprog - 1.1))"]
						},
						"1.0667": {
							"vector": ["-1.25 * (math.abs(pbj.aimprog - 1.1))", "-0.75 * (math.abs(pbj.aimprog - 1.1))", "0.75 * (math.abs(pbj.aimprog - 1.1))"]
						},
						"1.2": {
							"vector": ["-1.25 * (math.abs(pbj.aimprog - 1.1))", "-0.75 * (math.abs(pbj.aimprog - 1.1))", "0.75 * (math.abs(pbj.aimprog - 1.1))"]
						},
						"1.3667": {
							"vector": ["-1.25 * (math.abs(pbj.aimprog - 1.1))", "-0.75 * (math.abs(pbj.aimprog - 1.1))", "0.75 * (math.abs(pbj.aimprog - 1.1))"]
						},
						"1.5": {
							"vector": ["-1.25 * (math.abs(pbj.aimprog - 1.1))", "-0.75 * (math.abs(pbj.aimprog - 1.1))", "0.75 * (math.abs(pbj.aimprog - 1.1))"]
						},
						"1.6333": {
							"vector": ["-1.775 * (math.abs(pbj.aimprog - 1.1))", "-0.75 * (math.abs(pbj.aimprog - 1.1))", "-0.425 * (math.abs(pbj.aimprog - 1.1))"]
						},
						"2.0": {
							"vector": ["0 * (math.abs(pbj.aimprog - 1.1))", "0 * (math.abs(pbj.aimprog - 1.1))", "0 * (math.abs(pbj.aimprog - 1.1))"]
						}
					}
				},
				"magazine": {
					"rotation": {
						"0.0": {
							"vector": [0, 0, 0]
						},
						"0.2": {
							"vector": [0, 0, 0]
						},
						"0.3": {
							"vector": [0, 0, 0]
						},
						"0.4333": {
							"vector": [33.75, 0, -34.75]
						},
						"0.5667": {
							"vector": [84.25, 0, -34.75]
						},
						"1.0": {
							"vector": [84.25, 0, -34.75]
						},
						"2.0": {
							"vector": [0, 0, 0]
						}
					},
					"position": {
						"0.0": {
							"vector": [0, 0, 0]
						},
						"0.2": {
							"vector": [0, 0, 0]
						},
						"0.3": {
							"vector": [0, -4, 0]
						},
						"0.4333": {
							"vector": [17.725, -14.5, -4.45]
						},
						"0.5667": {
							"vector": [17.725, -65.675, -23.3]
						},
						"1.0": {
							"vector": [-28.94651, -48.96307, -11.99053]
						},
						"2.0": {
							"vector": [0, 0, 0]
						}
					},
					"scale": {
						"0.5667": {
							"vector": [1, 1, 1]
						},
						"1.0": {
							"vector": [0, 0, 0]
						},
						"1.9667": {
							"vector": [0, 0, 0]
						},
						"2.0": {
							"vector": [1, 1, 1]
						}
					}
				},
				"leftarm": {
					"rotation": {
						"0.0": {
							"vector": [0, 0, 0]
						},
						"0.1667": {
							"vector": [12, 0, 0],
							"easing": "easeInBack"
						},
						"0.3": {
							"vector": [22, 0, 0]
						},
						"0.4333": {
							"vector": [51.10049, 5.07878, -11.91889]
						},
						"0.5333": {
							"vector": [51.10049, 5.07878, -11.91889]
						},
						"0.7": {
							"vector": [92.112, 1.98966, 28.13842]
						},
						"0.7667": {
							"vector": [92.112, 1.98966, 28.13842]
						},
						"0.9667": {
							"vector": [7.2822, 10.17284, 23.54229]
						},
						"1.1333": {
							"vector": [-10.91258, 6.18378, 15.74285],
							"easing": "easeOutExpo"
						},
						"1.1667": {
							"vector": [-7.9678, 10.17284, 23.54229]
						},
						"1.3333": {
							"vector": [-10.89425, -3.86857, 28.28369]
						},
						"1.4": {
							"vector": [-10.89425, -3.86857, 28.28369],
							"easing": "easeInCirc"
						},
						"1.4667": {
							"vector": [-12.37752, -11.86765, 7.86063],
							"easing": "easeOutElastic"
						},
						"1.6": {
							"vector": [-10.89425, -3.86857, 28.28369],
							"easing": "easeInOutSine"
						},
						"1.9": {
							"vector": [0, 0, 0]
						}
					},
					"position": {
						"0.0": {
							"vector": [0, 0, 0]
						},
						"0.1667": {
							"vector": [-0.975, 0, 6.95],
							"easing": "easeInQuad"
						},
						"0.3333": {
							"vector": [-0.975, 0, 7.425]
						},
						"0.4667": {
							"vector": [2.075, -2.425, 6.95],
							"easing": "easeOutBack"
						},
						"0.5333": {
							"vector": [2.075, -2.425, 6.95]
						},
						"0.7": {
							"vector": [2.08, -7.445, 3.05]
						},
						"0.7667": {
							"vector": [2.08, -7.445, 3.05]
						},
						"0.9667": {
							"vector": [2.08, -9.495, 3.05],
							"easing": "easeInOutBack"
						},
						"1.1333": {
							"vector": [2.08, -9.195, 4.275],
							"easing": "easeOutExpo"
						},
						"1.1667": {
							"vector": [2.08, -9.495, 4]
						},
						"1.3333": {
							"vector": [0.635, -1.97, 11.18],
							"easing": "easeOutQuad"
						},
						"1.4333": {
							"vector": [0.635, 0.205, 11.18]
						},
						"1.5": {
							"vector": [0.635, 0.205, 11.18]
						},
						"1.7": {
							"vector": [0.635, -1.97, 11.18]
						},
						"1.9": {
							"vector": [0, 0, 0]
						}
					}
				},
				"magazine2": {
					"rotation": {
						"0.0": {
							"vector": [0, 0, 0]
						},
						"0.7667": {
							"vector": [68.49329, -7.60038, -18.55452]
						},
						"0.9667": {
							"vector": [-12.75, 0, 0]
						},
						"1.1333": {
							"vector": [0, 0, 0],
							"easing": "easeOutExpo"
						}
					},
					"position": {
						"0.0": {
							"vector": [0, -37, 0]
						},
						"0.7667": {
							"vector": [11.975, -24.475, -0.8]
						},
						"0.9667": {
							"vector": [0, -7.2, -2.95]
						},
						"1.1333": {
							"vector": [0, 0, 0],
							"easing": "easeOutExpo"
						}
					}
				}
			},
			"sound_effects": {
				"0.0": {
					"effect": "soltek_epslic_premagout"
				},
				"0.2": {
					"effect": "soltek_epslic_magout"
				},
				"0.9333": {
					"effect": "soltek_epslic_magin"
				},
				"1.4": {
					"effect": "soltek_epslic_click"
				}
			}
		},
		"animation.model.draw": {
			"loop": true,
			"animation_length": 1.2,
			"bones": {
				"main": {
					"rotation": {
						"0.0": {
							"vector": [32.09413, -54.38778, -8.29667]
						},
						"0.35": {
							"vector": [0.50518, -5.08075, 6.8716],
							"easing": "easeOutSine"
						},
						"0.5": {
							"vector": [0.32389, -0.60235, -2.1558],
							"easing": "linear"
						},
						"0.6": {
							"vector": [0, 0, 0],
							"easing": "linear"
						}
					},
					"position": {
						"0.0": {
							"vector": [0, -17.3, 0]
						},
						"0.25": {
							"vector": [-0.4, -2.525, -1.625],
							"easing": "linear"
						},
						"0.4": {
							"vector": [-0.05, 0, -2.49],
							"easing": "linear"
						},
						"0.55": {
							"vector": [0, 0, 0],
							"easing": "linear"
						}
					}
				},
				"leftarm": {
					"rotation": {
						"0.0": {
							"vector": [0, 0, 0]
						},
						"0.2": {
							"vector": [1, 0, -22]
						},
						"0.4": {
							"vector": [0, 0, 0]
						}
					},
					"position": {
						"0.0": {
							"vector": [0, 0, 0]
						},
						"0.2": {
							"vector": [3.53901, 3.6754, 5.59783]
						},
						"0.4": {
							"vector": [0, 0, 0]
						}
					}
				},
				"_camera_": {
					"rotation": {
						"0.0": {
							"vector": [0, 0, 0]
						},
						"0.15": {
							"vector": [1.48497, -0.40697, 4.23051],
							"easing": "easeOutQuad"
						},
						"0.25": {
							"vector": [2.02853, -2.09224, 1.39789]
						},
						"0.8": {
							"vector": [0, 0, 0],
							"easing": "easeOutQuad"
						}
					}
				}
			},
			"sound_effects": {
				"0.0": {
					"effect": "soltek_fiddle_jostlesmall"
				}
			}
		},
		"animation.model.inspect": {
			"loop": true,
			"animation_length": 3,
			"bones": {
				"main": {
					"rotation": {
						"0.0667": {
							"vector": [0, 0, 0]
						},
						"0.3333": {
							"vector": [0, -12.75, -9.25],
							"easing": "easeInSine"
						},
						"0.9667": {
							"vector": [1.33943, -25.18718, -15.1853],
							"easing": "easeOutBack"
						},
						"1.2": {
							"vector": [2.67552, -27.09257, -18.32913]
						},
						"1.4": {
							"vector": [7.19525, -33.24927, 14.69915],
							"easing": "easeInSine"
						},
						"1.9": {
							"vector": [-17.89355, -29.32394, 61.06977],
							"easing": "easeOutBack"
						},
						"2.0667": {
							"vector": [-18.94214, -28.68809, 63.2397]
						},
						"2.4": {
							"vector": [-18.28631, -29.08899, 61.887]
						},
						"2.5": {
							"vector": [-13.7896, -26.69823, 52.87557],
							"easing": "easeInSine"
						},
						"2.9": {
							"vector": [0, 0, 0],
							"easing": "easeOutBack"
						}
					},
					"position": {
						"0.0": {
							"vector": [0, 0, 0]
						},
						"0.1333": {
							"vector": [-0.265, -0.85, 0.15]
						},
						"0.2667": {
							"vector": [-0.3, 0, 0.525],
							"easing": "easeInQuad"
						},
						"1.1333": {
							"vector": [-2.425, 0, 0.5],
							"easing": "easeOutBack"
						},
						"1.6": {
							"vector": [-3.545, -0.6, 0.5],
							"easing": "easeInSine"
						},
						"1.9667": {
							"vector": [-3.565, -0.6, 0.5],
							"easing": "easeOutQuad"
						},
						"2.3333": {
							"vector": [-3.37, -0.6, 0.5],
							"easing": "easeInSine"
						},
						"2.5": {
							"vector": [-2.11, 2, 0.5],
							"easing": "easeInSine"
						},
						"2.8667": {
							"vector": [0, 0, 0],
							"easing": "easeOutCubic"
						}
					}
				},
				"leftarm": {
					"rotation": {
						"0.0": {
							"vector": [0, 0, 0]
						},
						"0.1667": {
							"vector": [0, 0, 0]
						},
						"0.5": {
							"vector": [-4.25387, 25.62558, 19.14997]
						},
						"1.1667": {
							"vector": [-4.25, 25.63, 19.15]
						},
						"1.3": {
							"vector": [-8.1, 21.35, -1.16],
							"easing": "easeInSine"
						},
						"1.6333": {
							"vector": [-18.68681, 9.58138, -57.02465]
						},
						"2.4": {
							"vector": [-18.68681, 9.58138, -57.02465]
						},
						"2.5667": {
							"vector": [0, 0, 0],
							"easing": "easeInQuad"
						}
					},
					"position": {
						"0.0": {
							"vector": [0, 0, 0]
						},
						"0.1667": {
							"vector": [0, 0, 0]
						},
						"0.5": {
							"vector": [5.10735, -0.83234, -2.48147]
						},
						"1.1667": {
							"vector": [5.11, -0.83, -2.48]
						},
						"1.3": {
							"vector": [11.15507, 4.69111, 2.43414],
							"easing": "easeInSine"
						},
						"1.6333": {
							"vector": [8.42273, 22.43474, 8.06937]
						},
						"2.4": {
							"vector": [8.42273, 22.43474, 8.06937]
						},
						"2.5667": {
							"vector": [0, 0, 0],
							"easing": "easeInQuad"
						}
					}
				},
				"_camera_": {
					"rotation": {
						"0.1": {
							"vector": [0, 0, 0]
						},
						"0.6333": {
							"vector": [3.97497, -0.50031, 5.72827],
							"easing": "easeInSine"
						},
						"1.0333": {
							"vector": [7.43183, -1.03464, 9.43369],
							"easing": "easeOutQuad"
						},
						"1.2333": {
							"vector": [8.15533, -1.36177, 9.39242],
							"easing": "linear"
						},
						"1.7333": {
							"vector": [15.62638, 1.96899, 9.48247],
							"easing": "easeInSine"
						},
						"2.2667": {
							"vector": [20.64102, 7.07546, 1.75021],
							"easing": "easeOutQuad"
						},
						"2.4667": {
							"vector": [11.77956, 5.59703, 10.30947],
							"easing": "easeInSine"
						},
						"2.9333": {
							"vector": [0, 0, 0],
							"easing": "easeOutQuad"
						}
					},
					"position": {
						"vector": [0, 0, 0]
					}
				}
			},
			"sound_effects": {
				"0.0": {
					"effect": "soltek_fiddle_jostlesmall"
				},
				"1.2": {
					"effect": "soltek_fiddle_jostlequick"
				},
				"2.4333": {
					"effect": "soltek_fiddle_jostlesmaller"
				}
			}
		},
		"animation.model.fire": {
			"loop": true,
			"animation_length": 0.25,
			"bones": {
				"Chargeback": {
					"position": {
						"0.0": {
							"vector": [0, 0, 0]
						},
						"0.0833": {
							"vector": [0, 0, 10],
							"easing": "easeInOutExpo"
						},
						"0.1667": {
							"vector": [0, 0, 0]
						}
					}
				},
				"Bullet": {
					"rotation": {
						"0.0": {
							"vector": [1.5, 0, 0]
						},
						"0.0833": {
							"vector": [1.53167, 26.09015, -22.83345]
						},
						"0.1667": {
							"vector": [-86.86059, 57.29425, -162.32955]
						},
						"0.25": {
							"vector": [0, 0, 0]
						}
					},
					"position": {
						"0.0": {
							"vector": [0, 0.625, 4.85]
						},
						"0.0833": {
							"vector": [-6.75, 2.055, 4.85],
							"easing": "linear"
						},
						"0.1667": {
							"vector": [-31, -11.815, 4.85],
							"easing": "linear"
						},
						"0.2083": {
							"vector": [5, -43.81, 4.85]
						},
						"0.25": {
							"vector": [-0.1, -3.81, 4.85]
						}
					},
					"scale": {
						"0.1667": {
							"vector": [1, 1, 1]
						},
						"0.25": {
							"vector": [0, 0, 0]
						}
					}
				},
				"main": {
					"rotation": {
						"0.0": {
							"vector": [0, 0, 0]
						},
						"0.0833": {
							"vector": [-2.25, 0, 2.25]
						},
						"0.125": {
							"vector": [0.625, 0, 0]
						},
						"0.25": {
							"vector": [0, 0, 0],
							"easing": "easeOutQuart"
						}
					},
					"position": {
						"0.0": {
							"vector": [0, 0, 0]
						},
						"0.0833": {
							"vector": [0, 0.775, 3.225],
							"easing": "easeOutQuad"
						},
						"0.125": {
							"vector": [0, 0.35, 2.175]
						},
						"0.25": {
							"vector": [0, 0, 0]
						}
					}
				}
			}
		},
		"animation.model.firesingle": {
			"loop": true,
			"animation_length": 0.625,
			"bones": {
				"Chargeback": {
					"position": {
						"0.375": {
							"vector": [0, 0, 0]
						},
						"0.4583": {
							"vector": [0, 0, 10],
							"easing": "easeInOutExpo"
						},
						"0.5417": {
							"vector": [0, 0, 10],
							"easing": "easeInOutExpo"
						},
						"0.625": {
							"vector": [0, 0, 0]
						}
					}
				},
				"Bullet": {
					"rotation": {
						"0.375": {
							"vector": [1.5, 0, 0]
						},
						"0.4583": {
							"vector": [1.53167, 26.09015, -22.83345]
						},
						"0.5417": {
							"vector": [-86.86059, 57.29425, -162.32955]
						},
						"0.625": {
							"vector": [0, 0, 0]
						}
					},
					"position": {
						"0.375": {
							"vector": [0, 0.625, 4.85]
						},
						"0.4583": {
							"vector": [-6.75, 2.055, 4.85],
							"easing": "linear"
						},
						"0.5417": {
							"vector": [-31, -11.815, 4.85],
							"easing": "linear"
						},
						"0.625": {
							"vector": [-0.1, -3.81, 4.85]
						}
					},
					"scale": {
						"0.5417": {
							"vector": [1, 1, 1]
						},
						"0.625": {
							"vector": [0, 0, 0]
						}
					}
				},
				"main": {
					"rotation": {
						"0.0": {
							"vector": [0, 0, 0]
						},
						"0.0833": {
							"vector": [-2.25, 0, 2.25]
						},
						"0.125": {
							"vector": [0.625, 0, 0]
						},
						"0.2917": {
							"vector": [0, 0, 0],
							"easing": "easeOutQuart"
						},
						"0.4167": {
							"vector": [-2.49598, 0.14169, 3.24691],
							"easing": "easeInQuart"
						},
						"0.5": {
							"vector": [0.50694, -0.02796, -0.33815]
						},
						"0.5417": {
							"vector": [0.50694, -0.02796, -0.83815]
						},
						"0.625": {
							"vector": [0, 0, 0]
						}
					},
					"position": {
						"0.0": {
							"vector": [0, 0, 0]
						},
						"0.0833": {
							"vector": [0, 0.775, 3.225],
							"easing": "easeOutQuad"
						},
						"0.125": {
							"vector": [0, 0.35, 2.175]
						},
						"0.2083": {
							"vector": [0, 0, 0]
						},
						"0.4583": {
							"vector": [0.375, 0, 0.4]
						},
						"0.625": {
							"vector": [0, 0, 0]
						}
					}
				},
				"Pullback": {
					"position": {
						"0.0": {
							"vector": [0, 0, 0]
						},
						"0.375": {
							"vector": [0, 0, 0]
						},
						"0.4583": {
							"vector": [0, 0, 3],
							"easing": "easeOutCubic"
						},
						"0.5417": {
							"vector": [0, 0, 3],
							"easing": "easeInCubic"
						},
						"0.625": {
							"vector": [0, 0, 0]
						}
					}
				},
				"leftarm": {
					"rotation": {
						"0.375": {
							"vector": [0, 0, 0]
						},
						"0.4583": {
							"vector": [-9.43458, 11.15207, -11.1762],
							"easing": "easeOutCubic"
						},
						"0.5417": {
							"vector": [-9.43458, 11.15207, -11.1762],
							"easing": "easeInCubic"
						},
						"0.625": {
							"vector": [0, 0, 0]
						}
					},
					"position": {
						"0.375": {
							"vector": [0, 0, 0]
						},
						"0.4583": {
							"vector": [4.05, 0.925, 1.675],
							"easing": "easeOutCubic"
						},
						"0.5417": {
							"vector": [4.05, 0.925, 1.675],
							"easing": "easeInCubic"
						},
						"0.625": {
							"vector": [0, 0, 0]
						}
					}
				}
			},
			"sound_effects": {
				"0.3333": {
					"effect": "soltek_epslic_pumpback"
				},
				"0.5": {
					"effect": "soltek_epslic_pumpforward"
				}
			}
		},
		"animation.model.switch": {
			"loop": true,
			"animation_length": 0.6,
			"bones": {
				"main": {
					"rotation": {
						"0.0": {
							"vector": [0, 0, 0]
						},
						"0.1": {
							"vector": [-1.02182, -0.99976, 1.25019],
							"easing": "easeOutBack"
						},
						"0.2667": {
							"vector": [-0.52186, -1.01063, 1.24142]
						},
						"0.4667": {
							"vector": [0, 0, 0]
						}
					},
					"position": {
						"0.0": {
							"vector": [0, 0, 0]
						},
						"0.1333": {
							"vector": [0, -0.1, 0.725]
						},
						"0.3": {
							"vector": [0, -0.1, -0.375]
						},
						"0.4667": {
							"vector": [0, 0, 0]
						}
					}
				},
				"Chargeback": {
					"position": {
						"0.0": {
							"vector": [0, 0, 0]
						},
						"0.0667": {
							"vector": [0, 0, 3]
						},
						"0.2": {
							"vector": [0, 0, 2.575]
						},
						"0.3": {
							"vector": [0, 0, 0],
							"easing": "linear"
						},
						"0.3667": {
							"vector": [0, 0, 0.525],
							"easing": "linear"
						},
						"0.5": {
							"vector": [0, 0, 0.525],
							"easing": "linear"
						},
						"0.5667": {
							"vector": [0, 0, 0]
						}
					}
				},
				"leftarm": {
					"rotation": {
						"0.0": {
							"vector": [0, 0, 0]
						},
						"0.1333": {
							"vector": [-4.47114, 5.53933, -1.28911],
							"easing": "easeOutQuint"
						},
						"0.2333": {
							"vector": [-4.47114, 5.53933, -1.28911],
							"easing": "easeOutQuint"
						},
						"0.3667": {
							"vector": [0, 0, 0],
							"easing": "easeOutCubic"
						}
					},
					"position": {
						"0.0": {
							"vector": [0, 0, 0]
						},
						"0.1333": {
							"vector": [1.725, 0, 2],
							"easing": "easeOutQuint"
						},
						"0.2333": {
							"vector": [1.725, 0, 2],
							"easing": "easeOutQuint"
						},
						"0.3667": {
							"vector": [0, 0, 0],
							"easing": "easeOutCubic"
						}
					}
				},
				"Pullback": {
					"rotation": {
						"vector": [0, 0, 0]
					},
					"position": {
						"0.0": {
							"vector": [0, 0, 0]
						},
						"0.1333": {
							"vector": [0, 0, 2],
							"easing": "easeOutQuint"
						},
						"0.2333": {
							"vector": [0, 0, 2],
							"easing": "easeOutQuint"
						},
						"0.3667": {
							"vector": [0, 0, 0],
							"easing": "easeOutCubic"
						}
					}
				}
			},
			"sound_effects": {
				"0.0": {
					"effect": "soltek_epslic_pumpback"
				},
				"0.2333": {
					"effect": "soltek_epslic_pumpforward"
				}
			}
		},
		"animation.model.switchback": {
			"loop": true,
			"animation_length": 0.8333,
			"bones": {
				"main": {
					"rotation": {
						"0.0": {
							"vector": [0, 0, 0]
						},
						"0.2667": {
							"vector": [0, 0, -0.5],
							"easing": "easeInQuad"
						},
						"0.3": {
							"vector": [0, 1.75, -4]
						},
						"0.4": {
							"vector": [0, 0.25, -2.25]
						},
						"0.5333": {
							"vector": [-0.05226, -0.36967, -1.01176]
						},
						"0.7": {
							"vector": [0, 0, 0]
						}
					},
					"position": {
						"0.0": {
							"vector": [0, 0, 0]
						},
						"0.2333": {
							"vector": [0, 0, 0]
						},
						"0.3333": {
							"vector": [0, 0, 0]
						},
						"0.4333": {
							"vector": [0, 0, 0]
						},
						"0.5333": {
							"vector": [0, 0, 0]
						},
						"0.7": {
							"vector": [0, 0, 0]
						}
					}
				},
				"leftarm": {
					"rotation": {
						"0.0": {
							"vector": [0, 0, 0]
						},
						"0.1": {
							"vector": [-5.86956, -3.28694, 30.50181]
						},
						"0.2333": {
							"vector": [-10.89425, -3.86857, 28.28369],
							"easing": "easeInCirc"
						},
						"0.3": {
							"vector": [-12.37752, -11.86765, 7.86063],
							"easing": "easeOutElastic"
						},
						"0.4333": {
							"vector": [-10.89425, -3.86857, 28.28369],
							"easing": "easeInOutSine"
						},
						"0.6667": {
							"vector": [6.65053, 1.40049, 15.48539]
						},
						"0.8333": {
							"vector": [0, 0, 0]
						}
					},
					"position": {
						"0.0": {
							"vector": [0, 0, 0]
						},
						"0.1667": {
							"vector": [0.635, -1.97, 11.18],
							"easing": "easeOutSine"
						},
						"0.3": {
							"vector": [0.635, 0.205, 11.18]
						},
						"0.3667": {
							"vector": [0.635, 0.205, 11.18]
						},
						"0.5": {
							"vector": [0.635, -1.97, 11.18]
						},
						"0.6667": {
							"vector": [0.4, -1.23, 3.815]
						},
						"0.8333": {
							"vector": [0, 0, 0]
						}
					}
				}
			},
			"sound_effects": {
				"0.2": {
					"effect": "soltek_epslic_click"
				}
			}
		}
	},
	"geckolib_format_version": 2
}