{
	"format_version": "1.8.0",
	"animations": {
		"animation.model.reload": {
			"loop": true,
			"animation_length": 2.5333,
			"blend_weight": 1,
			"bones": {
				"main": {
					"rotation": {
						"0.0": {
							"vector": [0, 0, 0]
						},
						"0.2667": {
							"vector": [-7.25078, -22.98399, -26.92783],
							"easing": "easeInQuart"
						},
						"0.3667": {
							"vector": [-10.03982, -31.90078, -38.18069],
							"easing": "easeOutQuad"
						},
						"0.5": {
							"vector": [-23.0783, 7.87417, 60.70146],
							"easing": "easeInCubic"
						},
						"0.6": {
							"vector": [-31.01865, 17.13399, 85.90211],
							"easing": "easeOutBack",
							"easingArgs": [2]
						},
						"0.9667": {
							"vector": [-21.17083, 9.61015, 45.32303],
							"easing": "easeInQuad"
						},
						"1.5333": {
							"vector": [-15.6191, 10.63598, 28.59402],
							"easing": "easeOutQuad"
						},
						"1.7": {
							"vector": [-18.70979, 9.53005, 25.22118],
							"easing": "easeInSine"
						},
						"1.8333": {
							"vector": [-29.12858, 6.9999, 20.57238],
							"easing": "easeOutBack"
						},
						"2.0333": {
							"vector": [-16.79266, 10.26114, 27.64802]
						},
						"2.4333": {
							"vector": [0, 0, 0],
							"easing": "easeOutQuad"
						}
					},
					"position": {
						"0.0": {
							"vector": [0, 0, 0]
						},
						"0.2667": {
							"vector": [-3.8, 0.875, 0],
							"easing": "easeInQuart"
						},
						"0.4": {
							"vector": [-6.395, 0.975, -2.4],
							"easing": "easeOutQuad"
						},
						"0.5": {
							"vector": [0.71, 0.98, -1.8],
							"easing": "easeInCubic"
						},
						"0.7667": {
							"vector": [4.035, 0.98, -0.425],
							"easing": "easeOutBack",
							"easingArgs": [2]
						},
						"1.4333": {
							"vector": [-1.08, -0.165, 0.205],
							"easing": "easeOutBack"
						},
						"1.8": {
							"vector": [-1.79783, -0.35836, 1.04726]
						},
						"1.9": {
							"vector": [-1.32567, -0.14029, 0.22463]
						},
						"2.3667": {
							"vector": [0, 0, 0],
							"easing": "easeOutQuad"
						}
					}
				},
				"magazine": {
					"rotation": {
						"0.5333": {
							"vector": [0, 0, 0]
						},
						"0.8333": {
							"vector": [-82.5, 0, 0]
						},
						"1.2": {
							"vector": [-144.5, 0, 0]
						},
						"1.2333": {
							"vector": [0, 0, 0]
						}
					},
					"position": {
						"0.5333": {
							"vector": [0, 0, 0]
						},
						"0.8333": {
							"vector": [-1.07806, 98.73899, -11.98024]
						},
						"1.2": {
							"vector": [-9.23867, 57.4558, 12.56352]
						},
						"1.2333": {
							"vector": [0, 0, 0]
						}
					},
					"scale": {
						"0.8333": {
							"vector": [1, 1, 1]
						},
						"1.2": {
							"vector": [0, 0, 0]
						},
						"1.9333": {
							"vector": [0, 0, 0]
						},
						"1.9667": {
							"vector": [1, 1, 1]
						}
					}
				},
				"leftarm": {
					"rotation": {
						"0.0": {
							"vector": [0, 0, 0]
						},
						"0.2667": {
							"vector": [84.34714, -37.77074, -21.79114],
							"easing": "easeInQuad"
						},
						"1.3": {
							"vector": [84.34714, -37.77074, -21.79114],
							"easing": "linear"
						},
						"1.5333": {
							"vector": [23.37549, 17.90226, 32.50781],
							"easing": "easeInSine"
						},
						"1.6333": {
							"vector": [19.36659, 15.80044, 26.83923],
							"easing": "easeInSine"
						},
						"1.8667": {
							"vector": [2.87418, 10.21662, 0.75258],
							"easing": "easeOutBack"
						},
						"2.1333": {
							"vector": [-3.45291, -0.0523, 1.18923],
							"easing": "easeInSine"
						},
						"2.4667": {
							"vector": [0, 0, 0],
							"easing": "easeOutQuad"
						}
					},
					"position": {
						"0.0": {
							"vector": [0, 0, 0]
						},
						"0.2667": {
							"vector": [21.52741, -95.24236, -30.42581],
							"easing": "easeInQuad"
						},
						"1.3": {
							"vector": [29.18731, -68.39477, -20.85039],
							"easing": "linear"
						},
						"1.5333": {
							"vector": [8.00233, 15.94865, -7.87569],
							"easing": "easeInSine"
						},
						"1.6333": {
							"vector": [6.75487, 16.38467, -3.27379],
							"easing": "easeInSine"
						},
						"1.8333": {
							"vector": [3.4918, 13.45927, 2.71711],
							"easing": "easeOutBack"
						},
						"1.9667": {
							"vector": [3.4918, 13.45927, 2.71711],
							"easing": "easeOutBack"
						},
						"2.1333": {
							"vector": [1.32608, 2.01622, -0.3689],
							"easing": "easeInSine"
						},
						"2.3333": {
							"vector": [0, 0, 0],
							"easing": "easeOutQuad"
						}
					}
				},
				"Flip": {
					"rotation": {
						"0.5333": {
							"vector": [0, 0, 0]
						},
						"0.6667": {
							"vector": [45, 0, 0],
							"easing": "easeOutBack"
						},
						"1.5333": {
							"vector": [45, 0, 0]
						},
						"1.6333": {
							"vector": [40, 0, 0]
						},
						"1.8333": {
							"vector": [0, 0, 0],
							"easing": "easeOutBack"
						}
					}
				},
				"Flip2": {
					"rotation": {
						"0.5333": {
							"vector": [0, 0, 0]
						},
						"0.6667": {
							"vector": [45, 0, 0],
							"easing": "easeOutBack"
						},
						"1.5333": {
							"vector": [45, 0, 0]
						},
						"1.6333": {
							"vector": [40, 0, 0]
						},
						"1.8333": {
							"vector": [0, 0, 0],
							"easing": "easeOutBack"
						}
					}
				},
				"magazine2": {
					"rotation": {
						"1.3": {
							"vector": [0, 0, 0]
						},
						"1.5333": {
							"vector": [21.15744, -9.2348, 22.52169],
							"easing": "easeInSine"
						},
						"1.6333": {
							"vector": [8.91, -9.23, 22.52],
							"easing": "easeInSine"
						},
						"1.8667": {
							"vector": [0, 0, 0],
							"easing": "easeOutBack"
						}
					},
					"position": {
						"0.0": {
							"vector": [29, -99, 12]
						},
						"1.3": {
							"vector": [29, -41, 12]
						},
						"1.5333": {
							"vector": [0, 5.5841, -1.58116],
							"easing": "easeInSine"
						},
						"1.6333": {
							"vector": [-0.57917, 4.58649, -0.62935],
							"easing": "easeInSine"
						},
						"1.8333": {
							"vector": [0, 0, 0],
							"easing": "easeOutBack"
						}
					}
				},
				"_camera_": {
					"rotation": {
						"0.2667": {
							"vector": [0, 0, 0]
						},
						"0.4667": {
							"vector": [0, 0, 2],
							"easing": "easeInSine"
						},
						"0.7667": {
							"vector": [0, 0, -1.75],
							"easing": "easeOutBack"
						},
						"1.2333": {
							"vector": [0, 0, 0],
							"easing": "easeInSine"
						}
					},
					"position": {
						"0.0": {
							"vector": [0, 0, 0]
						},
						"0.3333": {
							"vector": [0, 0, 4],
							"easing": "easeInSine"
						},
						"1.6": {
							"vector": [0, 0, 4]
						},
						"1.9": {
							"vector": [0, 0, 0],
							"easing": "easeOutQuad"
						}
					}
				}
			},
			"sound_effects": {
				"0.5333": {
					"effect": "soltek_hinjin_holdout"
				},
				"1.6333": {
					"effect": "soltek_hinjin_magin"
				},
				"1.6667": {
					"effect": "soltek_hinjin_holdin"
				}
			}
		},
		"animation.model.draw": {
			"loop": true,
			"animation_length": 0.7,
			"bones": {
				"main": {
					"rotation": {
						"0.0": {
							"vector": [59.86869, 7.95726, -2.54122]
						},
						"0.2": {
							"vector": [3.31915, -2.64632, 6.74193],
							"easing": "easeOutQuad"
						},
						"0.3": {
							"vector": [-3.39221, -0.96801, -4.62915],
							"easing": "linear"
						},
						"0.7": {
							"vector": [0, 0, 0],
							"easing": "easeOutQuart"
						}
					},
					"position": {
						"0.0": {
							"vector": [-0.17, -19.465, 1.125],
							"easing": "easeOutCirc"
						},
						"0.15": {
							"vector": [-0.4, -2.525, -1.625],
							"easing": "easeOutCubic"
						},
						"0.5": {
							"vector": [0, 0, 0],
							"easing": "easeOutSine"
						}
					}
				},
				"leftarm": {
					"rotation": {
						"0.0": {
							"vector": [56.51022, -12.04675, -3.12201]
						},
						"0.1": {
							"vector": [61.54418, -22.45691, -26.41914]
						},
						"0.3": {
							"vector": [0, 0, 0]
						}
					},
					"position": {
						"0.0": {
							"vector": [-3.11692, -9.92924, 3.31417]
						},
						"0.3": {
							"vector": [0, 0, 0]
						}
					}
				},
				"_camera_": {
					"rotation": {
						"0.0": {
							"vector": [0, 0, 0]
						},
						"0.1": {
							"vector": [3.25139, -0.22959, 1.23558],
							"easing": "easeOutQuad"
						},
						"0.25": {
							"vector": [2.06473, -2.05652, 0.39788],
							"easing": "easeInSine"
						},
						"0.6": {
							"vector": [0, 0, 0],
							"easing": "easeOutSine"
						}
					}
				}
			},
			"sound_effects": {
				"0.0": {
					"effect": "soltek_fiddle_jostlesmall"
				}
			}
		},
		"animation.model.inspect": {
			"loop": true,
			"animation_length": 3.7667,
			"bones": {
				"main": {
					"rotation": {
						"0.0": {
							"vector": [0, 0, 0]
						},
						"0.1667": {
							"vector": [-8.41746, -13.59608, -21.21259]
						},
						"0.3": {
							"vector": [-8.39812, -20.10111, -31.77688]
						},
						"0.4333": {
							"vector": [-9.55676, -20.88889, -28.55629]
						},
						"0.5333": {
							"vector": [-8.77652, -21.21647, -30.72851]
						},
						"0.7667": {
							"vector": [-9.4227, -20.94881, -28.93303]
						},
						"1.0": {
							"vector": [-3.1216, -20.98207, -46.44405]
						},
						"1.1333": {
							"vector": [-4.564, -20.73064, -42.44007]
						},
						"1.2333": {
							"vector": [-4.86325, -20.9153, -41.60203]
						},
						"1.3333": {
							"vector": [-4.58308, -20.97575, -42.38574]
						},
						"1.4667": {
							"vector": [-4.01131, -21.08802, -43.97908]
						},
						"1.6": {
							"vector": [-4.38767, -21.01662, -42.9316]
						},
						"1.7": {
							"vector": [-4.18847, -21.05622, -43.48691]
						},
						"2.0333": {
							"vector": [-16.91438, 5.38499, 54.40399]
						},
						"2.1667": {
							"vector": [-15.22513, 5.80082, 60.04554]
						},
						"2.3": {
							"vector": [-15.70981, 5.86025, 59.48558]
						},
						"2.4333": {
							"vector": [-15.93602, 7.03904, 62.69373]
						},
						"2.5667": {
							"vector": [-15.60896, 7.75082, 65.23442]
						},
						"2.7333": {
							"vector": [-15.71675, 7.52491, 64.42194]
						},
						"2.9": {
							"vector": [-15.56389, 7.84019, 65.55973]
						},
						"3.1": {
							"vector": [-15.61778, 7.73186, 65.16659]
						},
						"3.2667": {
							"vector": [-15.9801, 6.93689, 62.33342]
						},
						"3.4": {
							"vector": [-8.86998, 2.42135, 33.56191]
						},
						"3.5333": {
							"vector": [0, -1.75, -2.75]
						},
						"3.7": {
							"vector": [0, 0, 0]
						}
					},
					"position": {
						"0.0": {
							"vector": [0, 0, 0]
						},
						"0.3": {
							"vector": [-0.475, 1.475, -8.7]
						},
						"0.4": {
							"vector": [-0.195, 1, -7.7]
						},
						"0.5333": {
							"vector": [-0.03, 0.725, -7.7]
						},
						"0.7": {
							"vector": [0, 1.125, -7.7]
						},
						"0.9": {
							"vector": [0.125, 1.4, -8.275]
						},
						"1.2": {
							"vector": [-0.02, 1.475, -8]
						},
						"1.4": {
							"vector": [0.11, 1.425, -8.175]
						},
						"1.6667": {
							"vector": [0.275, 1.25, -7.975]
						},
						"1.8": {
							"vector": [-0.13, -1.19, -8.65]
						},
						"1.9667": {
							"vector": [-0.545, -1.325, -11.15]
						},
						"2.1333": {
							"vector": [-0.415, -1.395, -10.545]
						},
						"2.2667": {
							"vector": [-0.525, -1.455, -9.17]
						},
						"2.4": {
							"vector": [-0.49, -1.43, -9.85]
						},
						"2.5667": {
							"vector": [-0.455, -1.5, -9.24]
						},
						"2.7667": {
							"vector": [-0.53, -1.5, -9.27]
						},
						"3.0": {
							"vector": [-0.49, -1.41, -9.3]
						},
						"3.2333": {
							"vector": [-0.545, -1.325, -9.325]
						},
						"3.3667": {
							"vector": [-1.005, -0.61, -7.41]
						},
						"3.6333": {
							"vector": [0, 0, 0]
						}
					}
				},
				"leftarm": {
					"rotation": {
						"0.0": {
							"vector": [0, 0, 0]
						},
						"0.1667": {
							"vector": [0, 0, -2.5]
						},
						"1.7333": {
							"vector": [0, 0, -2.5]
						},
						"2.0333": {
							"vector": [-20, 0, -45]
						},
						"3.3": {
							"vector": [-20, 0, -45]
						},
						"3.5667": {
							"vector": [0, 0, 0]
						}
					},
					"position": {
						"0.0": {
							"vector": [0, 0, 0]
						},
						"0.1667": {
							"vector": [11.23986, -30.20851, 24.64864]
						},
						"1.7333": {
							"vector": [11.23986, -30.20851, 24.64864]
						},
						"2.0333": {
							"vector": [37.13215, -0.06281, 4.34942]
						},
						"3.3": {
							"vector": [37.13215, -0.06281, 4.34942]
						},
						"3.5667": {
							"vector": [0, 0, 0]
						}
					}
				},
				"gun": {
					"rotation": {
						"0.0": {
							"vector": [0, 0, 0]
						},
						"0.1667": {
							"vector": [5.24774, -12.35754, -3.61578],
							"easing": "easeOutCubic"
						},
						"1.8": {
							"vector": [5.24774, -12.35754, -3.61578],
							"easing": "linear"
						},
						"2.0667": {
							"vector": [3.40895, -16.61145, 11.64668],
							"easing": "easeOutQuart"
						},
						"3.3667": {
							"vector": [3.40895, -16.61145, 11.64668],
							"easing": "easeInQuart"
						},
						"3.7": {
							"vector": [0, 0, 0],
							"easing": "easeOutQuad"
						}
					},
					"position": {
						"0.0": {
							"vector": [0, 0, 0]
						},
						"0.1667": {
							"vector": [3.62448, -1.56005, -0.65528],
							"easing": "easeOutCubic"
						},
						"1.8": {
							"vector": [3.62448, -1.56005, -0.65528],
							"easing": "linear"
						},
						"2.0667": {
							"vector": [1.4379, -0.19184, -1.28374],
							"easing": "easeOutQuart"
						},
						"3.3667": {
							"vector": [1.4379, -0.19184, -1.28374],
							"easing": "easeInQuart"
						},
						"3.7": {
							"vector": [0, 0, 0],
							"easing": "easeOutQuad"
						}
					}
				},
				"_camera_": {
					"rotation": {
						"0.2333": {
							"vector": [0, 0, 0]
						},
						"0.9": {
							"vector": [-2.38664, 5.48797, -6.09708],
							"easing": "easeInSine"
						},
						"1.3667": {
							"vector": [-3.21673, 8.82338, -8.86931],
							"easing": "easeOutSine"
						},
						"1.9": {
							"vector": [-3.89823, 8.59058, -0.24842],
							"easing": "easeInCubic"
						},
						"3.1667": {
							"vector": [-0.25034, 6.65126, 9.75987],
							"easing": "easeOutQuart"
						},
						"3.6333": {
							"vector": [0, 0, 0],
							"easing": "easeOutQuad"
						}
					}
				}
			},
			"sound_effects": {
				"0.0": {
					"effect": "soltek_fiddle_jostlelightspeedy"
				},
				"1.7333": {
					"effect": "soltek_fiddle_jostlequick"
				},
				"3.2667": {
					"effect": "soltek_fiddle_jostlesmaller"
				}
			}
		},
		"animation.model.fire": {
			"loop": true,
			"animation_length": 0.3,
			"bones": {
				"magazine": {
					"position": {
						"0.0": {
							"vector": [0, 0, 0]
						},
						"0.0333": {
							"vector": [0, 0, 7.8],
							"easing": "easeInExpo"
						},
						"0.2667": {
							"vector": [0, 0, 0],
							"easing": "easeOutQuint"
						}
					}
				},
				"magazine2": {
					"position": {
						"0.0": {
							"vector": [0, 0, 0]
						},
						"0.0333": {
							"vector": [0, 0, 7.8],
							"easing": "easeInExpo"
						},
						"0.2667": {
							"vector": [0, 0, 0],
							"easing": "easeOutQuint"
						}
					}
				},
				"main": {
					"rotation": {
						"0.0": {
							"vector": [0, 0, 0]
						},
						"0.0333": {
							"vector": [-3.5, 0, 0],
							"easing": "easeInQuart"
						},
						"0.2": {
							"vector": [0, 0, 0]
						}
					},
					"position": {
						"0.0": {
							"vector": [0, 0, 0]
						},
						"0.0333": {
							"vector": [0, -1, 0.925],
							"easing": "easeInQuart"
						},
						"0.2": {
							"vector": [0, 0, 0]
						}
					}
				},
				"Flipback": {
					"rotation": {
						"0.0": {
							"vector": [0, 0, 0]
						},
						"0.0333": {
							"vector": [-30, 0, 0]
						},
						"0.3": {
							"vector": [0, 0, 0],
							"easing": "easeOutQuad"
						}
					}
				}
			}
		},
		"animation.model.runningstart": {
			"animation_length": 0.3333,
			"bones": {
				"main": {
					"rotation": {
						"0.0": {
							"vector": [0, 0, 0]
						},
						"0.3333": {
							"vector": [-57.82263, -6.12844, 5.00258]
						}
					},
					"position": {
						"0.0": {
							"vector": [0, 0, 0]
						},
						"0.1667": {
							"vector": [-4.58, -7.43, 2.76]
						},
						"0.3333": {
							"vector": [-10.1, -8.35, 6.075]
						}
					}
				}
			}
		},
		"animation.model.running": {
			"loop": true,
			"animation_length": 0.5667,
			"bones": {
				"main": {
					"rotation": {
						"0.0": {
							"vector": [-57.82263, -6.12844, 5.00258]
						},
						"0.1833": {
							"vector": [-58.88397, -7.96808, -1.54433]
						},
						"0.3167": {
							"vector": [-61.69599, -9.42204, 0.94917]
						},
						"0.45": {
							"vector": [-59.03533, -6.29297, 2.33423]
						},
						"0.5667": {
							"vector": [-57.82263, -6.12844, 5.00258]
						}
					},
					"position": {
						"0.0": {
							"vector": [-10.1, -8.35, 6.075]
						},
						"0.0333": {
							"vector": [-9.74, -8.575, 5.61]
						},
						"0.0833": {
							"vector": [-9.6, -7.84, 4.82]
						},
						"0.15": {
							"vector": [-9.39, -6.74, 3.2]
						},
						"0.2333": {
							"vector": [-9.01, -8.03, 0.075]
						},
						"0.3": {
							"vector": [-8.6, -9.175, -0.505]
						},
						"0.35": {
							"vector": [-8.93, -8.945, -1.305]
						},
						"0.3833": {
							"vector": [-9.09, -7.925, -1.365]
						},
						"0.45": {
							"vector": [-9.31, -6.79, 1.71]
						},
						"0.5667": {
							"vector": [-10.1, -8.35, 6.075]
						}
					}
				}
			}
		},
		"animation.model.runningend": {
			"animation_length": 0.3667,
			"bones": {
				"main": {
					"rotation": {
						"0.0": {
							"vector": [-57.82263, -6.12844, 5.00258]
						},
						"0.1833": {
							"vector": [0.53597, 0.18491, 5.1683]
						},
						"0.2667": {
							"vector": [0.3359, -0.86242, -0.40746]
						},
						"0.3667": {
							"vector": [0, 0, 0]
						}
					},
					"position": {
						"0.0": {
							"vector": [-10.1, -8.35, 6.075]
						},
						"0.0833": {
							"vector": [-4.54, -6.195, 3.71]
						},
						"0.1833": {
							"vector": [0.225, -0.725, 1.6]
						},
						"0.25": {
							"vector": [0, 0.2, -0.875]
						},
						"0.3333": {
							"vector": [0, 0, 0]
						}
					}
				}
			}
		},
		"animation.model.off_ground": {
			"loop": true,
			"animation_length": 0.5667
		},
		"animation.model.off_ground_sprinting": {
			"loop": true,
			"animation_length": 0.5667,
			"bones": {
				"main": {
					"rotation": {
						"vector": [-57.82263, -6.12844, 5.00258]
					},
					"position": {
						"vector": [-10.1, -8.35, 6.075]
					}
				}
			}
		}
	},
	"geckolib_format_version": 2
}