{
	"format_version": "1.8.0",
	"animations": {
		"animation.model.idle": {
			"loop": true,
			"animation_length": 3.0333,
			"bones": {
				"Shard 1": {
					"rotation": {
						"0.0": {
							"vector": [0, 0, 0]
						},
						"0.8333": {
							"vector": [-3.38716, -2.52495, 1.94556]
						},
						"2.0667": {
							"vector": [0, 0, 0],
							"easing": "easeOutExpo"
						}
					},
					"position": {
						"0.0": {
							"vector": [0, 0, 0]
						},
						"0.8333": {
							"vector": [0, -0.325, 0]
						},
						"2.0667": {
							"vector": [0, 0, 0]
						}
					}
				},
				"Shard 8": {
					"rotation": {
						"0.7667": {
							"vector": [0, 0, 0]
						},
						"1.6": {
							"vector": [-3.75409, -4.17123, -1.11226]
						},
						"3.0333": {
							"vector": [0, 0, 0],
							"easing": "easeOutQuint"
						}
					},
					"position": {
						"0.7667": {
							"vector": [0, 0, 0]
						},
						"1.6": {
							"vector": [0.15, -0.175, 0]
						},
						"3.0333": {
							"vector": [0, 0, 0],
							"easing": "easeOutQuint"
						}
					}
				},
				"Shard 7": {
					"rotation": {
						"0.7667": {
							"vector": [0, 0, 0]
						},
						"1.6": {
							"vector": [0, 0, -2]
						},
						"3.0333": {
							"vector": [0, 0, 0],
							"easing": "easeOutQuint"
						}
					},
					"position": {
						"0.7667": {
							"vector": [0, 0, 0]
						},
						"1.6": {
							"vector": [-0.05, -0.475, 0]
						},
						"3.0333": {
							"vector": [0, 0, 0],
							"easing": "easeOutQuint"
						}
					}
				},
				"Shard 4": {
					"rotation": {
						"0.5": {
							"vector": [0, 0, 0]
						},
						"1.5667": {
							"vector": [-2.92204, -0.08872, -0.99191]
						},
						"2.8667": {
							"vector": [0, 0, 0],
							"easing": "easeOutQuint"
						}
					},
					"position": {
						"0.5": {
							"vector": [0, 0, 0]
						},
						"1.5667": {
							"vector": [-0.1, -0.3, 0]
						},
						"2.8667": {
							"vector": [0, 0, 0],
							"easing": "easeOutQuint"
						}
					}
				},
				"Shard 3": {
					"rotation": {
						"0.5": {
							"vector": [0, 0, 0]
						},
						"1.5667": {
							"vector": [-9.01647, 0.42695, 3.04066]
						},
						"2.8667": {
							"vector": [0, 0, 0],
							"easing": "easeOutQuint"
						}
					},
					"position": {
						"0.5": {
							"vector": [0, 0, 0]
						},
						"1.5667": {
							"vector": [0, -0.175, 0]
						},
						"2.8667": {
							"vector": [0, 0, 0],
							"easing": "easeOutQuint"
						}
					}
				},
				"Shard 2": {
					"rotation": {
						"0.0": {
							"vector": [0, 0, 0]
						},
						"0.8333": {
							"vector": [-3.58652, 2.56022, -1.16353]
						},
						"2.0667": {
							"vector": [0, 0, 0],
							"easing": "easeOutExpo"
						}
					},
					"position": {
						"0.0": {
							"vector": [0, 0, 0]
						},
						"0.8333": {
							"vector": [0, -0.325, 0]
						},
						"2.0667": {
							"vector": [0, 0, 0]
						}
					}
				},
				"Shard 6": {
					"rotation": {
						"0.3": {
							"vector": [0, 0, 0]
						},
						"1.1667": {
							"vector": [-4.43447, -3.18783, 2.19655]
						},
						"2.5333": {
							"vector": [0, 0, 0],
							"easing": "easeOutQuint"
						}
					},
					"position": {
						"0.3": {
							"vector": [0, 0, 0]
						},
						"1.1667": {
							"vector": [0, -0.2, 0]
						},
						"2.5333": {
							"vector": [0, 0, 0]
						}
					}
				},
				"Shard 5": {
					"rotation": {
						"0.3": {
							"vector": [0, 0, 0]
						},
						"1.1667": {
							"vector": [-3.52743, 2.16943, -2.21341]
						},
						"2.5333": {
							"vector": [0, 0, 0],
							"easing": "easeOutQuint"
						}
					},
					"position": {
						"0.3": {
							"vector": [0, 0, 0]
						},
						"1.1667": {
							"vector": [0, -0.2, 0]
						},
						"2.5333": {
							"vector": [0, 0, 0]
						}
					}
				}
			}
		},
		"animation.model.idleempty": {
			"loop": true,
			"animation_length": 0.1,
			"bones": {
				"Shard 1": {
					"rotation": {
						"vector": [0, 0, 0]
					},
					"position": {
						"vector": [0, 0, 0]
					},
					"scale": {
						"vector": [0, 0, 0]
					}
				},
				"Shard 8": {
					"scale": {
						"vector": [0, 0, 0]
					}
				},
				"Shard 7": {
					"scale": {
						"vector": [0, 0, 0]
					}
				},
				"Shard 4": {
					"scale": {
						"vector": [0, 0, 0]
					}
				},
				"Shard 3": {
					"scale": {
						"vector": [0, 0, 0]
					}
				},
				"Shard 2": {
					"rotation": {
						"vector": [0, 0, 0]
					},
					"position": {
						"vector": [0, 0, 0]
					},
					"scale": {
						"vector": [0, 0, 0]
					}
				},
				"Shard 6": {
					"scale": {
						"vector": [0, 0, 0]
					}
				},
				"Shard 5": {
					"scale": {
						"vector": [0, 0, 0]
					}
				},
				"glow": {
					"scale": {
						"vector": [0, 0, 0]
					}
				}
			}
		},
		"animation.model.reload": {
			"loop": true,
			"animation_length": 3.4667,
			"blend_weight": 1,
			"bones": {
				"main": {
					"rotation": {
						"0.0333": {
							"vector": ["0 * (math.abs(pbj.aimprog - 1.1))", "0 * (math.abs(pbj.aimprog - 1.1))", "0 * (math.abs(pbj.aimprog - 1.1))"]
						},
						"0.3": {
							"vector": [
								"-1.9500167622 * (math.abs(pbj.aimprog - 1.1))",
								"-40.3164109774 * (math.abs(pbj.aimprog - 1.1))",
								"-7.341059295 * (math.abs(pbj.aimprog - 1.1))"
							],
							"easing": "easeInSine"
						},
						"0.6333": {
							"vector": [
								"-16.5139256704 * (math.abs(pbj.aimprog - 1.1))",
								"-41.4657220231 * (math.abs(pbj.aimprog - 1.1))",
								"13.0442382542 * (math.abs(pbj.aimprog - 1.1))"
							],
							"easing": "easeOutBack"
						},
						"0.8667": {
							"vector": [
								"-16.9879302867 * (math.abs(pbj.aimprog - 1.1))",
								"-42.4908339127 * (math.abs(pbj.aimprog - 1.1))",
								"8.8949987017 * (math.abs(pbj.aimprog - 1.1))"
							],
							"easing": "easeInSine"
						},
						"1.1333": {
							"vector": [
								"-17.9028824223 * (math.abs(pbj.aimprog - 1.1))",
								"-41.7671677467 * (math.abs(pbj.aimprog - 1.1))",
								"12.1218733198 * (math.abs(pbj.aimprog - 1.1))"
							],
							"easing": "easeOutQuad"
						},
						"1.2667": {
							"vector": [
								"-17.9725653465 * (math.abs(pbj.aimprog - 1.1))",
								"-40.2219131407 * (math.abs(pbj.aimprog - 1.1))",
								"19.4627041573 * (math.abs(pbj.aimprog - 1.1))"
							]
						},
						"1.3667": {
							"vector": [
								"-17.754739888 * (math.abs(pbj.aimprog - 1.1))",
								"-41.0863144919 * (math.abs(pbj.aimprog - 1.1))",
								"15.6756402077 * (math.abs(pbj.aimprog - 1.1))"
							]
						},
						"1.5": {
							"vector": [
								"-17.9698458319 * (math.abs(pbj.aimprog - 1.1))",
								"-42.9929728936 * (math.abs(pbj.aimprog - 1.1))",
								"13.3473788972 * (math.abs(pbj.aimprog - 1.1))"
							]
						},
						"1.6667": {
							"vector": [
								"-15.9708525892 * (math.abs(pbj.aimprog - 1.1))",
								"-33.2811210839 * (math.abs(pbj.aimprog - 1.1))",
								"10.2421650335 * (math.abs(pbj.aimprog - 1.1))"
							],
							"easing": "easeInSine"
						},
						"2.0667": {
							"vector": [
								"-9.293727365 * (math.abs(pbj.aimprog - 1.1))",
								"-24.3337599707 * (math.abs(pbj.aimprog - 1.1))",
								"2.9339660971 * (math.abs(pbj.aimprog - 1.1))"
							],
							"easing": "easeOutBack"
						},
						"2.2667": {
							"vector": [
								"-10.3856326265 * (math.abs(pbj.aimprog - 1.1))",
								"-22.3821222004 * (math.abs(pbj.aimprog - 1.1))",
								"5.6020329005 * (math.abs(pbj.aimprog - 1.1))"
							],
							"easing": "easeInSine"
						},
						"2.4": {
							"vector": [
								"-11.3210125781 * (math.abs(pbj.aimprog - 1.1))",
								"-20.3910505168 * (math.abs(pbj.aimprog - 1.1))",
								"8.1992518475 * (math.abs(pbj.aimprog - 1.1))"
							],
							"easing": "easeOutQuad"
						},
						"2.5": {
							"vector": [
								"-15.828891391 * (math.abs(pbj.aimprog - 1.1))",
								"-19.5005075112 * (math.abs(pbj.aimprog - 1.1))",
								"12.6212447288 * (math.abs(pbj.aimprog - 1.1))"
							],
							"easing": "easeInSine"
						},
						"2.7333": {
							"vector": [
								"-16.7300986877 * (math.abs(pbj.aimprog - 1.1))",
								"-17.6995115359 * (math.abs(pbj.aimprog - 1.1))",
								"15.3637956751 * (math.abs(pbj.aimprog - 1.1))"
							],
							"easing": "easeOutBack"
						},
						"2.8667": {
							"vector": [
								"-10.0600418219 * (math.abs(pbj.aimprog - 1.1))",
								"-8.8609097893 * (math.abs(pbj.aimprog - 1.1))",
								"7.8974391872 * (math.abs(pbj.aimprog - 1.1))"
							],
							"easing": "easeInSine"
						},
						"3.4333": {
							"vector": [0, 0, 0],
							"easing": "easeOutQuad"
						}
					},
					"position": {
						"0.0333": {
							"vector": ["0 * (math.abs(pbj.aimprog - 1.1))", "0 * (math.abs(pbj.aimprog - 1.1))", "0 * (math.abs(pbj.aimprog - 1.1))"]
						},
						"0.2667": {
							"vector": ["-4.85 * (math.abs(pbj.aimprog - 1.1))", "0 * (math.abs(pbj.aimprog - 1.1))", "-2.25 * (math.abs(pbj.aimprog - 1.1))"],
							"easing": "easeInSine"
						},
						"0.5667": {
							"vector": ["-8.02 * (math.abs(pbj.aimprog - 1.1))", "0 * (math.abs(pbj.aimprog - 1.1))", "-3.225 * (math.abs(pbj.aimprog - 1.1))"],
							"easing": "easeOutBack"
						},
						"0.7": {
							"vector": ["-7.84 * (math.abs(pbj.aimprog - 1.1))", "0 * (math.abs(pbj.aimprog - 1.1))", "-2.595 * (math.abs(pbj.aimprog - 1.1))"]
						},
						"0.9": {
							"vector": ["-7.99 * (math.abs(pbj.aimprog - 1.1))", "0 * (math.abs(pbj.aimprog - 1.1))", "-1.915 * (math.abs(pbj.aimprog - 1.1))"],
							"easing": "easeInSine"
						},
						"1.0667": {
							"vector": ["-9.015 * (math.abs(pbj.aimprog - 1.1))", "0 * (math.abs(pbj.aimprog - 1.1))", "-0.735 * (math.abs(pbj.aimprog - 1.1))"],
							"easing": "easeOutQuad"
						},
						"1.3333": {
							"vector": [
								"-9.921651264 * (math.abs(pbj.aimprog - 1.1))",
								"-0.4408851304 * (math.abs(pbj.aimprog - 1.1))",
								"1.1401971212 * (math.abs(pbj.aimprog - 1.1))"
							],
							"easing": "easeOutSine"
						},
						"1.4333": {
							"vector": [
								"-9.8319701331 * (math.abs(pbj.aimprog - 1.1))",
								"-0.3095600181 * (math.abs(pbj.aimprog - 1.1))",
								"0.586388084 * (math.abs(pbj.aimprog - 1.1))"
							]
						},
						"1.6": {
							"vector": ["-8.755 * (math.abs(pbj.aimprog - 1.1))", "-0.31 * (math.abs(pbj.aimprog - 1.1))", "0.59 * (math.abs(pbj.aimprog - 1.1))"]
						},
						"1.7": {
							"vector": ["-5.385 * (math.abs(pbj.aimprog - 1.1))", "-0.31 * (math.abs(pbj.aimprog - 1.1))", "0.59 * (math.abs(pbj.aimprog - 1.1))"],
							"easing": "easeInSine"
						},
						"2.0": {
							"vector": ["-3.905 * (math.abs(pbj.aimprog - 1.1))", "-0.31 * (math.abs(pbj.aimprog - 1.1))", "0.59 * (math.abs(pbj.aimprog - 1.1))"],
							"easing": "easeOutQuad"
						},
						"2.2333": {
							"vector": ["-3.875 * (math.abs(pbj.aimprog - 1.1))", "-0.31 * (math.abs(pbj.aimprog - 1.1))", "0.215 * (math.abs(pbj.aimprog - 1.1))"],
							"easing": "easeInSine"
						},
						"2.3667": {
							"vector": ["-3.32 * (math.abs(pbj.aimprog - 1.1))", "-0.31 * (math.abs(pbj.aimprog - 1.1))", "0.22 * (math.abs(pbj.aimprog - 1.1))"]
						},
						"2.5333": {
							"vector": ["-2.445 * (math.abs(pbj.aimprog - 1.1))", "-0.31 * (math.abs(pbj.aimprog - 1.1))", "1.295 * (math.abs(pbj.aimprog - 1.1))"],
							"easing": "easeInSine"
						},
						"2.6667": {
							"vector": ["-2.265 * (math.abs(pbj.aimprog - 1.1))", "-0.31 * (math.abs(pbj.aimprog - 1.1))", "0 * (math.abs(pbj.aimprog - 1.1))"],
							"easing": "easeOutCubic"
						},
						"2.8": {
							"vector": ["-2.585 * (math.abs(pbj.aimprog - 1.1))", "-0.31 * (math.abs(pbj.aimprog - 1.1))", "-0.25 * (math.abs(pbj.aimprog - 1.1))"]
						},
						"2.9333": {
							"vector": ["-2.13 * (math.abs(pbj.aimprog - 1.1))", "-0.31 * (math.abs(pbj.aimprog - 1.1))", "0.05 * (math.abs(pbj.aimprog - 1.1))"],
							"easing": "easeInSine"
						},
						"3.2667": {
							"vector": [0, 0, 0],
							"easing": "easeOutSine"
						}
					}
				},
				"magazine": {
					"rotation": {
						"0.6667": {
							"vector": [14.75, 0, 0]
						},
						"0.9667": {
							"vector": [-8.75, 0, 0]
						},
						"1.1333": {
							"vector": [2.75, 0, 0],
							"easing": "easeOutQuad"
						},
						"1.4": {
							"vector": [0, 0, 0],
							"easing": "easeOutExpo"
						}
					},
					"position": {
						"0.6667": {
							"vector": [22.54433, -54.7201, 8.67816]
						},
						"0.9667": {
							"vector": [1.94, 1.83, -21.92]
						},
						"1.1333": {
							"vector": [0, 0, -21.92],
							"easing": "easeOutQuad"
						},
						"1.4": {
							"vector": [0, 0, 0],
							"easing": "easeOutExpo"
						}
					}
				},
				"leftarm": {
					"rotation": {
						"0.0": {
							"vector": [0, 0, 0]
						},
						"0.4": {
							"vector": [143.99536, 12.71593, 20.43778],
							"easing": "easeInSine"
						},
						"0.6667": {
							"vector": [143.99536, 12.71593, 20.43778],
							"easing": "easeInSine"
						},
						"0.9667": {
							"vector": [-12.18671, 25.82422, 30.94566],
							"easing": "easeInSine"
						},
						"1.1333": {
							"vector": [2.22859, 45.30516, 44.80289],
							"easing": "easeOutQuad"
						},
						"1.4": {
							"vector": [-8.31302, 48.44422, 26.95608],
							"easing": "easeOutBack"
						},
						"1.5667": {
							"vector": [38.43709, 33.23173, 65.95441],
							"easing": "easeInSine"
						},
						"1.9": {
							"vector": [125.30131, 7.40993, 20.70921],
							"easing": "easeOutQuad"
						},
						"2.1": {
							"vector": [-59.6992, -22.7535, -35.7654],
							"easing": "easeOutQuad"
						},
						"2.4667": {
							"vector": [-59.6992, -22.7535, -35.7654],
							"easing": "easeOutQuad"
						},
						"2.7667": {
							"vector": [-37.186, -19.29464, -28.07846],
							"easing": "easeOutBack"
						},
						"2.9": {
							"vector": [7.51853, 20.41519, -11.22374],
							"easing": "easeInSine"
						},
						"3.2333": {
							"vector": [0, 0, 0],
							"easing": "easeOutSine"
						}
					},
					"position": {
						"0.0": {
							"vector": [0, 0, 0]
						},
						"0.4": {
							"vector": [3.275, -13.125, 0],
							"easing": "easeInSine"
						},
						"0.6667": {
							"vector": [3.275, -13.125, 0],
							"easing": "easeInSine"
						},
						"0.9667": {
							"vector": [5.63, 7.58, -12.375],
							"easing": "easeInSine"
						},
						"1.1333": {
							"vector": [5.63, 9.305, -13.895],
							"easing": "easeOutQuad"
						},
						"1.3333": {
							"vector": [7.28, 9.31, -7.84],
							"easing": "easeOutBack"
						},
						"1.6": {
							"vector": [10.23, 9.31, -7.84],
							"easing": "easeInSine"
						},
						"1.8667": {
							"vector": [11.17997, -35.63362, 5.24391],
							"easing": "easeOutQuad"
						},
						"2.0667": {
							"vector": [19.05667, -10.14466, -2.28444],
							"easing": "easeInQuad"
						},
						"2.4": {
							"vector": [23.38783, 5.55568, -6.35938],
							"easing": "easeOutQuad"
						},
						"2.6667": {
							"vector": [18.12771, 4.53303, -11.84326],
							"easing": "easeOutBack"
						},
						"2.9": {
							"vector": [3.92717, 8.90462, -1.03442],
							"easing": "easeInSine"
						},
						"3.2333": {
							"vector": [0, 0, 0],
							"easing": "easeOutSine"
						}
					}
				},
				"Shard 1": {
					"rotation": {
						"2.1": {
							"vector": [44.11273, 2.43317, 13.49107]
						},
						"2.4667": {
							"vector": [37.64573, -22.27592, 27.0694],
							"easing": "easeOutQuad"
						},
						"2.8333": {
							"vector": [0, 0, 0],
							"easing": "easeOutBack",
							"easingArgs": [0.7]
						}
					},
					"position": {
						"2.1": {
							"vector": [12.38429, -48.65782, 18.69102]
						},
						"2.4667": {
							"vector": [-6.57162, -8.87338, 8.24126],
							"easing": "easeOutQuad"
						},
						"2.8333": {
							"vector": [0, 0, 0],
							"easing": "easeOutBack",
							"easingArgs": [0.7]
						}
					},
					"scale": {
						"vector": [1, 1, 1]
					}
				},
				"Shard 8": {
					"rotation": {
						"2.1": {
							"vector": [-21.28426, -85.18174, -81.66864]
						},
						"2.4667": {
							"vector": [-10.53426, -85.18174, -81.66864],
							"easing": "easeOutQuad"
						},
						"2.8333": {
							"vector": [0, 0, 0],
							"easing": "easeOutBack",
							"easingArgs": [0.7]
						}
					},
					"position": {
						"2.1": {
							"vector": [19.83908, -53.54688, 35.00848]
						},
						"2.4667": {
							"vector": [1.33686, -12.06749, 26.38584],
							"easing": "easeOutQuad"
						},
						"2.8333": {
							"vector": [0, 0, 0],
							"easing": "easeOutBack",
							"easingArgs": [0.7]
						}
					},
					"scale": {
						"vector": [1, 1, 1]
					}
				},
				"Shard 7": {
					"rotation": {
						"2.1": {
							"vector": [136.3742, 91.94442, 32.50654]
						},
						"2.4667": {
							"vector": [136.37, 91.94, 32.51]
						},
						"2.8333": {
							"vector": [0, 0, 0],
							"easing": "easeOutBack",
							"easingArgs": [0.7]
						}
					},
					"position": {
						"2.1": {
							"vector": [35.86707, -53.05511, 33.50523]
						},
						"2.4667": {
							"vector": [17.60147, -11.99695, 25.2362],
							"easing": "easeOutQuad"
						},
						"2.8333": {
							"vector": [0, 0, 0],
							"easing": "easeOutBack",
							"easingArgs": [0.7]
						}
					},
					"scale": {
						"vector": [1, 1, 1]
					}
				},
				"Shard 4": {
					"rotation": {
						"2.1": {
							"vector": [61.23559, 21.24433, -21.14901]
						},
						"2.4667": {
							"vector": [101.85905, 45.86968, 36.16336],
							"easing": "easeOutQuad"
						},
						"2.8333": {
							"vector": [0, 0, 0],
							"easing": "easeOutBack",
							"easingArgs": [0.7]
						}
					},
					"position": {
						"2.1": {
							"vector": [36.30267, -42.37188, 27.77624]
						},
						"2.4667": {
							"vector": [17.94123, 0.1893, 17.07851],
							"easing": "easeOutQuad"
						},
						"2.8333": {
							"vector": [0, 0, 0],
							"easing": "easeOutBack",
							"easingArgs": [0.7]
						}
					},
					"scale": {
						"vector": [1, 1, 1]
					}
				},
				"Shard 3": {
					"rotation": {
						"2.1": {
							"vector": [68.37286, 8.46005, -13.35897]
						},
						"2.4667": {
							"vector": [69.31927, -23.74502, -15.32627],
							"easing": "easeOutQuad"
						},
						"2.8333": {
							"vector": [0, 0, 0],
							"easing": "easeOutBack",
							"easingArgs": [0.7]
						}
					},
					"position": {
						"2.1": {
							"vector": [21.04438, -43.43677, 26.76856]
						},
						"2.4667": {
							"vector": [2.76877, -1.91516, 15.69723],
							"easing": "easeOutQuad"
						},
						"2.8333": {
							"vector": [0, 0, 0],
							"easing": "easeOutBack",
							"easingArgs": [0.7]
						}
					},
					"scale": {
						"vector": [1, 1, 1]
					}
				},
				"Shard 2": {
					"rotation": {
						"2.1": {
							"vector": [55.94009, 57.01873, 2.94696]
						},
						"2.4667": {
							"vector": [55.94, 57.02, 2.95]
						},
						"2.8333": {
							"vector": [0, 0, 0],
							"easing": "easeOutBack",
							"easingArgs": [0.7]
						}
					},
					"position": {
						"2.1": {
							"vector": [44.83536, -50.21517, 23.64837]
						},
						"2.4667": {
							"vector": [26.34008, -7.92842, 12.89018],
							"easing": "easeOutQuad"
						},
						"2.8333": {
							"vector": [0, 0, 0],
							"easing": "easeOutBack",
							"easingArgs": [0.7]
						}
					},
					"scale": {
						"vector": [1, 1, 1]
					}
				},
				"Shard 6": {
					"rotation": {
						"2.1": {
							"vector": [53.80597, -21.79357, 11.74485]
						},
						"2.4667": {
							"vector": [53.81, -21.79, 11.74]
						},
						"2.8333": {
							"vector": [0, 0, 0],
							"easing": "easeOutBack",
							"easingArgs": [0.7]
						}
					},
					"position": {
						"2.1": {
							"vector": [14.20343, -46.45665, 30.20294]
						},
						"2.4667": {
							"vector": [-4.45914, -4.55468, 18.01941],
							"easing": "easeOutQuad"
						},
						"2.8333": {
							"vector": [0, 0, 0],
							"easing": "easeOutBack",
							"easingArgs": [0.7]
						}
					},
					"scale": {
						"vector": [1, 1, 1]
					}
				},
				"Shard 5": {
					"rotation": {
						"2.1": {
							"vector": [60.95041, 34.57864, 5.17816]
						},
						"2.4667": {
							"vector": [60.95, 34.58, 5.18],
							"easing": "easeOutQuad"
						},
						"2.8333": {
							"vector": [0, 0, 0],
							"easing": "easeOutBack",
							"easingArgs": [0.7]
						}
					},
					"position": {
						"2.1": {
							"vector": [43.63432, -47.38338, 28.32274]
						},
						"2.4667": {
							"vector": [25.85041, -3.94614, 17.71043],
							"easing": "easeOutQuad"
						},
						"2.8333": {
							"vector": [0, 0, 0],
							"easing": "easeOutBack",
							"easingArgs": [0.7]
						}
					},
					"scale": {
						"vector": [1, 1, 1]
					}
				},
				"PullBack": {
					"rotation": {
						"1.1": {
							"vector": [0, 0, 0]
						},
						"1.3667": {
							"vector": [0, -90, 0],
							"easing": "easeInCubic"
						},
						"1.8": {
							"vector": [0, 0, 0],
							"easing": "easeOutBack"
						}
					}
				},
				"PullBack2": {
					"rotation": {
						"1.1": {
							"vector": [0, 0, 0]
						},
						"1.3667": {
							"vector": [0, 90, 0],
							"easing": "easeInCubic"
						},
						"1.8": {
							"vector": [0, 0, 0],
							"easing": "easeOutBack"
						}
					}
				},
				"Charge Spine 1": {
					"rotation": {
						"1.1333": {
							"vector": [0, 0, 0],
							"easing": "easeInElastic"
						},
						"1.3667": {
							"vector": [0, 90, 0],
							"easing": "easeInQuad"
						},
						"1.7333": {
							"vector": [0, 0, 0],
							"easing": "easeOutBack"
						}
					}
				},
				"Charge_SpineL2": {
					"rotation": {
						"0.0": {
							"vector": [0, 0, 0]
						},
						"1.2667": {
							"vector": [0, 0, 0],
							"easing": "easeOutCirc"
						},
						"1.5": {
							"vector": [0, -67.5, 0]
						},
						"2.0": {
							"vector": [0, 0, 0],
							"easing": "easeOutBack"
						}
					}
				},
				"Charge_Spine2": {
					"rotation": {
						"1.1333": {
							"vector": [0, 0, 0],
							"easing": "easeInElastic"
						},
						"1.3667": {
							"vector": [0, -90, 0],
							"easing": "easeInQuad"
						},
						"1.7333": {
							"vector": [0, 0, 0],
							"easing": "easeOutBack"
						}
					}
				},
				"Charge_SpineL": {
					"rotation": {
						"1.2667": {
							"vector": [0, 0, 0],
							"easing": "easeOutCirc"
						},
						"1.5": {
							"vector": [0, 67.5, 0]
						},
						"2.0": {
							"vector": [0, 0, 0],
							"easing": "easeOutBack"
						}
					}
				},
				"_camera_": {
					"rotation": {
						"0.0333": {
							"vector": [0, 0, 0]
						},
						"0.2667": {
							"vector": [3.45921, 3.0115, -0.38133],
							"easing": "easeInSine"
						},
						"0.7333": {
							"vector": [5.48438, 7.75632, -0.08786],
							"easing": "easeOutQuad"
						},
						"1.1": {
							"vector": [-6.0258, 6.50897, -0.16979],
							"easing": "easeInSine"
						},
						"1.4667": {
							"vector": [-10.26745, 4.76101, -0.08476],
							"easing": "easeOutQuad"
						},
						"1.8": {
							"vector": [-5.76745, 4.76101, -0.08476],
							"easing": "easeInSine"
						},
						"2.1333": {
							"vector": [-2.76309, 3.51247, -0.0243],
							"easing": "easeOutQuad"
						},
						"2.5333": {
							"vector": [-2.75506, 0.3, 0.11238],
							"easing": "easeInSine"
						},
						"3.2667": {
							"vector": [0, 0, 0],
							"easing": "easeOutQuad"
						}
					}
				}
			},
			"sound_effects": {
				"1.0": {
					"effect": "soltek_light_breacher_load"
				},
				"1.2333": {
					"effect": "soltek_light_breacher_foleyside"
				},
				"2.4": {
					"effect": "soltek_light_breacher_shardthrow"
				}
			}
		},
		"animation.model.draw": {
			"loop": true,
			"animation_length": 1.2,
			"bones": {
				"main": {
					"rotation": {
						"0.0": {
							"vector": [32.09413, -54.38778, -8.29667]
						},
						"0.35": {
							"vector": [0.50518, -5.08075, 6.8716],
							"easing": "easeOutSine"
						},
						"0.5": {
							"vector": [0.32389, -0.60235, -2.1558],
							"easing": "linear"
						},
						"0.6": {
							"vector": [1.25, 0, 0],
							"easing": "easeInSine"
						},
						"1.2": {
							"vector": [0, 0, 0],
							"easing": "linear"
						}
					},
					"position": {
						"0.0": {
							"vector": [0, -17.3, 0]
						},
						"0.25": {
							"vector": [-0.4, -2.525, -1.625],
							"easing": "linear"
						},
						"0.4": {
							"vector": [-0.05, 0, -2.49],
							"easing": "linear"
						},
						"0.55": {
							"vector": [0, 0, -1.925],
							"easing": "easeInSine"
						},
						"1.1": {
							"vector": [0, 0, 0],
							"easing": "easeOutCubic"
						}
					}
				},
				"leftarm": {
					"rotation": {
						"0.0": {
							"vector": [0, 0, 0]
						},
						"0.2": {
							"vector": [1, 0, -22]
						},
						"0.4": {
							"vector": [0, 0, 0]
						}
					},
					"position": {
						"0.0": {
							"vector": [0, 0, 0]
						},
						"0.2": {
							"vector": [3.53901, 3.6754, 5.59783]
						},
						"0.4": {
							"vector": [0, 0, 0]
						}
					}
				},
				"Shard 1": {
					"rotation": {
						"0.25": {
							"vector": [0, 0, 0]
						},
						"0.45": {
							"vector": [-12, 0, -5.25],
							"easing": "easeOutCubic"
						},
						"1.2": {
							"vector": [0, 0, 0],
							"easing": "easeOutCirc"
						}
					},
					"position": {
						"0.25": {
							"vector": [0, 0, 0]
						},
						"0.45": {
							"vector": [1, 0, 1.15],
							"easing": "easeInOutBack"
						},
						"1.2": {
							"vector": [0, 0, 0],
							"easing": "easeOutCirc"
						}
					}
				},
				"Shard 8": {
					"rotation": {
						"0.25": {
							"vector": [0, 0, 0]
						},
						"0.55": {
							"vector": [-5.31514, 22.99447, -7.59999],
							"easing": "easeOutCubic"
						},
						"1.2": {
							"vector": [0, 0, 0],
							"easing": "easeOutCirc"
						}
					},
					"position": {
						"0.25": {
							"vector": [0, 0, 0]
						},
						"0.55": {
							"vector": [0.75341, -0.01601, 0.67101],
							"easing": "easeInOutBack"
						},
						"1.2": {
							"vector": [0, 0, 0],
							"easing": "easeOutCirc"
						}
					}
				},
				"Shard 7": {
					"rotation": {
						"0.25": {
							"vector": [0, 0, 0]
						},
						"0.45": {
							"vector": [-18.75, 19, 0],
							"easing": "easeOutQuart"
						},
						"1.2": {
							"vector": [0, 0, 0],
							"easing": "easeOutCirc"
						}
					},
					"position": {
						"0.25": {
							"vector": [0, 0, 0]
						},
						"0.6": {
							"vector": [-0.63393, -0.22635, 0.00539],
							"easing": "easeInOutBack"
						},
						"1.2": {
							"vector": [0, 0, 0],
							"easing": "easeOutCirc"
						}
					}
				},
				"Shard 4": {
					"rotation": {
						"0.25": {
							"vector": [0, 0, 0]
						},
						"0.55": {
							"vector": [0, -10, 0],
							"easing": "easeInExpo"
						},
						"1.2": {
							"vector": [0, 0, 0],
							"easing": "easeOutCirc"
						}
					},
					"position": {
						"0.25": {
							"vector": [0, 0, 0]
						},
						"0.55": {
							"vector": [-1.46553, 1.60616, 0.02449],
							"easing": "easeInOutBack"
						},
						"1.2": {
							"vector": [0, 0, 0],
							"easing": "easeOutCirc"
						}
					}
				},
				"Shard 3": {
					"rotation": {
						"0.25": {
							"vector": [0, 0, 0]
						},
						"0.6": {
							"vector": [0.41162, 5.40485, -1.91066],
							"easing": "easeOutCubic"
						},
						"1.2": {
							"vector": [0, 0, 0],
							"easing": "easeOutCirc"
						}
					},
					"position": {
						"0.25": {
							"vector": [0, 0, 0]
						},
						"0.6": {
							"vector": [0.725, 0.7, 0],
							"easing": "easeInOutBack"
						},
						"1.2": {
							"vector": [0, 0, 0],
							"easing": "easeOutCirc"
						}
					}
				},
				"Shard 2": {
					"rotation": {
						"0.25": {
							"vector": [0, 0, 0]
						},
						"0.4": {
							"vector": [-10.5, 7.25, 0],
							"easing": "easeOutQuint"
						},
						"1.2": {
							"vector": [0, 0, 0],
							"easing": "easeOutCirc"
						}
					},
					"position": {
						"0.25": {
							"vector": [0, 0, 0]
						},
						"0.4": {
							"vector": [0.44795, -1.12381, 1.87896],
							"easing": "easeInOutBack"
						},
						"1.2": {
							"vector": [0, 0, 0],
							"easing": "easeOutCirc"
						}
					}
				},
				"Shard 6": {
					"rotation": {
						"0.25": {
							"vector": [0, 0, 0]
						},
						"0.5": {
							"vector": [-8.38073, -6.78732, 5.50587],
							"easing": "easeOutQuart"
						},
						"1.2": {
							"vector": [0, 0, 0],
							"easing": "easeOutCirc"
						}
					},
					"position": {
						"0.25": {
							"vector": [0.07746, -0.64525, -0.01258]
						},
						"0.5": {
							"vector": [0.10944, 1.05445, -0.00794],
							"easing": "easeInOutBack"
						},
						"1.2": {
							"vector": [0, 0, 0],
							"easing": "easeOutCirc"
						}
					}
				},
				"Shard 5": {
					"rotation": {
						"0.15": {
							"vector": [0, 0, 0]
						},
						"0.45": {
							"vector": [-5.31514, 22.99447, -7.59999],
							"easing": "easeOutCubic"
						},
						"1.1": {
							"vector": [0, 0, 0],
							"easing": "easeOutCirc"
						}
					},
					"position": {
						"0.15": {
							"vector": [0, 0, 0]
						},
						"0.45": {
							"vector": [0.75341, -0.01601, 0.67101],
							"easing": "easeInOutBack"
						},
						"1.1": {
							"vector": [0, 0, 0],
							"easing": "easeOutCirc"
						}
					}
				},
				"_camera_": {
					"rotation": {
						"0.0": {
							"vector": [0, 0, 0]
						},
						"0.15": {
							"vector": [1.48497, -0.40697, 4.23051],
							"easing": "easeOutQuad"
						},
						"0.25": {
							"vector": [2.02853, -2.09224, 1.39789]
						},
						"1.2": {
							"vector": [0, 0, 0],
							"easing": "easeOutCubic"
						}
					}
				}
			},
			"sound_effects": {
				"0.0": {
					"effect": "soltek_fiddle_jostlesinglebolt"
				}
			}
		},
		"animation.model.drawempty": {
			"loop": true,
			"animation_length": 1.2,
			"bones": {
				"main": {
					"rotation": {
						"0.0": {
							"vector": [32.09413, -54.38778, -8.29667]
						},
						"0.35": {
							"vector": [0.50518, -5.08075, 6.8716],
							"easing": "easeOutSine"
						},
						"0.5": {
							"vector": [0.32389, -0.60235, -2.1558],
							"easing": "linear"
						},
						"0.6": {
							"vector": [1.25, 0, 0],
							"easing": "easeInSine"
						},
						"1.2": {
							"vector": [0, 0, 0],
							"easing": "linear"
						}
					},
					"position": {
						"0.0": {
							"vector": [0, -17.3, 0]
						},
						"0.25": {
							"vector": [-0.4, -2.525, -1.625],
							"easing": "linear"
						},
						"0.4": {
							"vector": [-0.05, 0, -2.49],
							"easing": "linear"
						},
						"0.55": {
							"vector": [0, 0, -1.925],
							"easing": "easeInSine"
						},
						"1.1": {
							"vector": [0, 0, 0],
							"easing": "easeOutCubic"
						}
					}
				},
				"leftarm": {
					"rotation": {
						"0.0": {
							"vector": [0, 0, 0]
						},
						"0.2": {
							"vector": [1, 0, -22]
						},
						"0.4": {
							"vector": [0, 0, 0]
						}
					},
					"position": {
						"0.0": {
							"vector": [0, 0, 0]
						},
						"0.2": {
							"vector": [3.53901, 3.6754, 5.59783]
						},
						"0.4": {
							"vector": [0, 0, 0]
						}
					}
				},
				"Shard 1": {
					"scale": {
						"vector": [0, 0, 0]
					}
				},
				"Shard 8": {
					"scale": {
						"vector": [0, 0, 0]
					}
				},
				"Shard 7": {
					"scale": {
						"vector": [0, 0, 0]
					}
				},
				"Shard 4": {
					"scale": {
						"vector": [0, 0, 0]
					}
				},
				"Shard 3": {
					"scale": {
						"vector": [0, 0, 0]
					}
				},
				"Shard 2": {
					"scale": {
						"vector": [0, 0, 0]
					}
				},
				"Shard 6": {
					"scale": {
						"vector": [0, 0, 0]
					}
				},
				"Shard 5": {
					"scale": {
						"vector": [0, 0, 0]
					}
				},
				"glow": {
					"scale": {
						"vector": [0, 0, 0]
					}
				},
				"_camera_": {
					"rotation": {
						"0.0": {
							"vector": [0, 0, 0]
						},
						"0.15": {
							"vector": [1.48497, -0.40697, 4.23051],
							"easing": "easeOutQuad"
						},
						"0.25": {
							"vector": [2.02853, -2.09224, 1.39789]
						},
						"1.2": {
							"vector": [0, 0, 0],
							"easing": "easeOutCubic"
						}
					}
				}
			},
			"sound_effects": {
				"0.0": {
					"effect": "soltek_fiddle_jostlesinglebolt"
				}
			}
		},
		"animation.model.inspect": {
			"loop": true,
			"animation_length": 5.6,
			"bones": {
				"main": {
					"rotation": {
						"0.0333": {
							"vector": [0, 0, 0]
						},
						"0.2333": {
							"vector": [7.44262, -28.27045, -13.17378],
							"easing": "easeInSine"
						},
						"0.6": {
							"vector": [23.83026, -42.09707, -40.99063],
							"easing": "easeOutBack"
						},
						"0.7333": {
							"vector": [19.86331, -43.51629, -36.25834]
						},
						"0.9333": {
							"vector": [22.07927, -41.53873, -42.86038]
						},
						"1.1667": {
							"vector": [6.0878, -30.68283, -22.31777],
							"easing": "easeInSine"
						},
						"1.6": {
							"vector": [-18.42921, -21.27426, 23.20044],
							"easing": "easeOutBack"
						},
						"1.7667": {
							"vector": [-18.05868, -23.1684, 22.16892]
						},
						"2.0": {
							"vector": [-17.03242, -21.62582, 19.37313]
						},
						"2.4667": {
							"vector": [-15.72613, -20.24247, 15.86945],
							"easing": "easeInBack"
						},
						"2.9": {
							"vector": [-14.54238, -21.09124, 12.51637],
							"easing": "easeOutQuad"
						},
						"2.9667": {
							"vector": [-13.54238, -21.09124, 12.51637]
						},
						"3.1667": {
							"vector": [-16.13486, -21.02196, 12.77376]
						},
						"3.2333": {
							"vector": [-16.31869, -20.88224, 13.28784]
						},
						"3.4333": {
							"vector": [-15.57437, -21.43179, 11.2258]
						},
						"3.7333": {
							"vector": [-14.38939, -20.93526, 8.03034],
							"easing": "easeInSine"
						},
						"3.8": {
							"vector": [-13.59193, -20.93366, 5.8231]
						},
						"4.1667": {
							"vector": [-14.23464, -20.51283, 7.63926]
						},
						"4.3667": {
							"vector": [-11.76955, -21.97707, 0.84377],
							"easing": "easeInSine"
						},
						"4.8333": {
							"vector": [-13.26397, -23.71353, 4.87379],
							"easing": "easeOutBack"
						},
						"5.0667": {
							"vector": [-12.91876, -20.05735, 3.95494],
							"easing": "easeInSine"
						},
						"5.5667": {
							"vector": [0, 0, 0],
							"easing": "easeOutBack",
							"easingArgs": [0.4]
						}
					},
					"position": {
						"0.0333": {
							"vector": [0, 0, 0]
						},
						"0.2": {
							"vector": [2.685, 0.35, -1.955],
							"easing": "easeInSine"
						},
						"0.5333": {
							"vector": [2.95, 0, -4.5],
							"easing": "easeOutBack"
						},
						"0.6333": {
							"vector": [2.725, 0, -4.375]
						},
						"0.8333": {
							"vector": [2.905, 0, -4.55]
						},
						"1.0667": {
							"vector": [2.55, 0, -4.01]
						},
						"1.2667": {
							"vector": [2.395, -1.75, -2.28],
							"easing": "easeInSine"
						},
						"1.5333": {
							"vector": [-0.79, 0, -2.65],
							"easing": "easeOutQuad"
						},
						"1.6667": {
							"vector": [-0.34, 0, -2.65]
						},
						"1.8667": {
							"vector": [-0.34, 0, -2.9]
						},
						"2.1667": {
							"vector": [-0.215, 0, -2.675]
						},
						"2.5333": {
							"vector": [-0.21, 0, -0.42],
							"easing": "easeInSine"
						},
						"2.7": {
							"vector": [-0.035, 0, -0.845],
							"easing": "easeOutBack"
						},
						"2.8333": {
							"vector": [0.085, 0, -1.015]
						},
						"3.0": {
							"vector": [0.34, 0, -1.01]
						},
						"3.1333": {
							"vector": [0.34, 0, -0.76]
						},
						"3.3333": {
							"vector": [0.115, 0, -0.76]
						},
						"3.6333": {
							"vector": [-0.255, 0, -0.66],
							"easing": "easeInSine"
						},
						"3.9": {
							"vector": [-0.075, 0, -0.435]
						},
						"4.3": {
							"vector": [-0.07, 0, -0.205]
						},
						"4.5333": {
							"vector": [-0.495, 0, 0.65]
						},
						"4.6333": {
							"vector": [-0.34, 0, 0.475]
						},
						"4.8": {
							"vector": [0.035, 0, 0.13],
							"easing": "easeInSine"
						},
						"5.0": {
							"vector": [0.04, 0, -0.045]
						},
						"5.4667": {
							"vector": [0.04, 0, -0.04],
							"easing": "easeOutQuad"
						}
					}
				},
				"leftarm": {
					"rotation": {
						"0.0333": {
							"vector": [0, 0, 0]
						},
						"0.2333": {
							"vector": [-14.31966, -0.15525, 5.17108],
							"easing": "easeInSine"
						},
						"0.5667": {
							"vector": [-28.84365, 31.18508, 34.3068],
							"easing": "easeOutBack"
						},
						"1.0333": {
							"vector": [-28.84365, 31.18508, 34.3068],
							"easing": "easeOutBack"
						},
						"1.2667": {
							"vector": [106.08003, 40.01207, 22.52106],
							"easing": "easeInSine"
						},
						"2.1333": {
							"vector": [106.08003, 40.01207, 22.52106],
							"easing": "easeInSine"
						},
						"2.5667": {
							"vector": [-21.38187, 2.39564, 6.9875]
						},
						"2.8333": {
							"vector": [-21.38187, 2.39564, 6.9875]
						},
						"2.9": {
							"vector": [-18.63187, 2.39564, 6.9875]
						},
						"3.1": {
							"vector": [-18.63187, 2.39564, 6.9875]
						},
						"3.1667": {
							"vector": [-13.49653, -3.7553, 0.41327],
							"easing": "easeInSine"
						},
						"3.2667": {
							"vector": [-13.49653, -3.7553, 0.41327],
							"easing": "easeInSine"
						},
						"3.7": {
							"vector": [-13.53208, -2.38794, 1.8733],
							"easing": "easeInSine"
						},
						"4.1667": {
							"vector": [-13.50882, -3.41695, 0.77363],
							"easing": "easeOutSine"
						},
						"4.4333": {
							"vector": [-11.00882, -3.41695, 0.77363],
							"easing": "easeInSine"
						},
						"4.6333": {
							"vector": [-11.00882, -3.41695, 0.77363],
							"easing": "easeInSine"
						},
						"4.8667": {
							"vector": [13.65195, 5.33504, 12.3109],
							"easing": "easeInSine"
						},
						"5.2333": {
							"vector": [0, 0, 0],
							"easing": "easeOutQuad"
						}
					},
					"position": {
						"0.0333": {
							"vector": [0, 0, 0]
						},
						"0.2": {
							"vector": [-0.9, -6.66, 0.305],
							"easing": "easeInSine"
						},
						"0.5333": {
							"vector": [-4.025, -12.25, -5.25],
							"easing": "easeOutBack"
						},
						"0.9667": {
							"vector": [-4.025, -12.25, -5.25],
							"easing": "easeOutBack"
						},
						"1.2667": {
							"vector": [6.87, -25.025, 10.325],
							"easing": "easeInSine"
						},
						"2.1333": {
							"vector": [6.87, -25.025, 10.325],
							"easing": "easeInSine"
						},
						"2.5667": {
							"vector": [9.145, -0.495, 9.755]
						},
						"2.8333": {
							"vector": [9.145, -0.495, 9.755]
						},
						"2.9": {
							"vector": [9.15, -0.49, 7.835]
						},
						"3.1": {
							"vector": [9.15, -0.49, 7.835]
						},
						"3.1667": {
							"vector": [8.2, -0.49, 8.29]
						},
						"4.2333": {
							"vector": [8.2, -0.49, 8.29]
						},
						"4.3": {
							"vector": [8.2, -0.49, 11.29]
						},
						"4.5333": {
							"vector": [7.025, 0.185, 13.565],
							"easing": "easeOutCubic"
						},
						"4.8": {
							"vector": [7.03, 0.19, 7.12],
							"easing": "easeInSine"
						},
						"5.1333": {
							"vector": [0, 0, 0],
							"easing": "easeOutQuad"
						}
					}
				},
				"_camera_": {
					"rotation": {
						"0.0": {
							"vector": [0, 0, 0]
						},
						"0.4": {
							"vector": [2.45457, 1.81319, -1.42296],
							"easing": "easeInSine"
						},
						"0.9333": {
							"vector": [4.89846, 3.16623, -1.80995],
							"easing": "easeOutQuad"
						},
						"1.4": {
							"vector": [2.82371, 4.3074, 0.50194],
							"easing": "easeInSine"
						},
						"2.2667": {
							"vector": [2.9848, 6.7029, 2.63539],
							"easing": "easeOutSine"
						},
						"2.8333": {
							"vector": [5.86596, 7.06871, 1.67044],
							"easing": "easeInQuad"
						},
						"3.8": {
							"vector": [7.84218, 8.90049, -0.61351],
							"easing": "easeOutSine"
						},
						"4.4667": {
							"vector": [4.22788, 5.70404, -0.3192],
							"easing": "easeInSine"
						},
						"5.4667": {
							"vector": [0, 0, 0],
							"easing": "easeOutSine"
						}
					}
				},
				"Charge Spine 1": {
					"rotation": {
						"2.8333": {
							"vector": [0, 0, 0]
						},
						"2.9": {
							"vector": [0, 22.5, 0]
						},
						"3.1": {
							"vector": [0, 22.5, 0]
						},
						"3.1667": {
							"vector": [0, 32.5, 0]
						},
						"4.2333": {
							"vector": [0, 32.5, 0]
						},
						"4.5333": {
							"vector": [0, 0, 0],
							"easing": "easeOutCubic"
						}
					}
				}
			},
			"sound_effects": {
				"0.0": {
					"effect": "soltek_fiddle_jostle"
				},
				"1.0667": {
					"effect": "soltek_fiddle_jostlequick"
				},
				"2.8333": {
					"effect": "soltek_fiddle_click"
				},
				"4.2333": {
					"effect": "soltek_light_breacher_foleyside"
				}
			}
		},
		"animation.model.inspectempty": {
			"loop": true,
			"animation_length": 5.6,
			"bones": {
				"main": {
					"rotation": {
						"0.0333": {
							"vector": [0, 0, 0]
						},
						"0.2333": {
							"vector": [7.44262, -28.27045, -13.17378],
							"easing": "easeInSine"
						},
						"0.6": {
							"vector": [23.83026, -42.09707, -40.99063],
							"easing": "easeOutBack"
						},
						"0.7333": {
							"vector": [19.86331, -43.51629, -36.25834]
						},
						"0.9333": {
							"vector": [22.07927, -41.53873, -42.86038]
						},
						"1.1667": {
							"vector": [6.0878, -30.68283, -22.31777],
							"easing": "easeInSine"
						},
						"1.6": {
							"vector": [-18.42921, -21.27426, 23.20044],
							"easing": "easeOutBack"
						},
						"1.7667": {
							"vector": [-18.05868, -23.1684, 22.16892]
						},
						"2.0": {
							"vector": [-17.03242, -21.62582, 19.37313]
						},
						"2.4667": {
							"vector": [-15.72613, -20.24247, 15.86945],
							"easing": "easeInBack"
						},
						"2.9": {
							"vector": [-14.54238, -21.09124, 12.51637],
							"easing": "easeOutQuad"
						},
						"2.9667": {
							"vector": [-13.54238, -21.09124, 12.51637]
						},
						"3.1667": {
							"vector": [-16.13486, -21.02196, 12.77376]
						},
						"3.2333": {
							"vector": [-16.31869, -20.88224, 13.28784]
						},
						"3.4333": {
							"vector": [-15.57437, -21.43179, 11.2258]
						},
						"3.7333": {
							"vector": [-14.38939, -20.93526, 8.03034],
							"easing": "easeInSine"
						},
						"3.8": {
							"vector": [-13.59193, -20.93366, 5.8231]
						},
						"4.1667": {
							"vector": [-14.23464, -20.51283, 7.63926]
						},
						"4.3667": {
							"vector": [-11.76955, -21.97707, 0.84377],
							"easing": "easeInSine"
						},
						"4.8333": {
							"vector": [-13.26397, -23.71353, 4.87379],
							"easing": "easeOutBack"
						},
						"5.0667": {
							"vector": [-12.91876, -20.05735, 3.95494],
							"easing": "easeInSine"
						},
						"5.5667": {
							"vector": [0, 0, 0],
							"easing": "easeOutBack",
							"easingArgs": [0.4]
						}
					},
					"position": {
						"0.0333": {
							"vector": [0, 0, 0]
						},
						"0.2": {
							"vector": [2.685, 0.35, -1.955],
							"easing": "easeInSine"
						},
						"0.5333": {
							"vector": [2.95, 0, -4.5],
							"easing": "easeOutBack"
						},
						"0.6333": {
							"vector": [2.725, 0, -4.375]
						},
						"0.8333": {
							"vector": [2.905, 0, -4.55]
						},
						"1.0667": {
							"vector": [2.55, 0, -4.01]
						},
						"1.2667": {
							"vector": [2.395, -1.75, -2.28],
							"easing": "easeInSine"
						},
						"1.5333": {
							"vector": [-0.79, 0, -2.65],
							"easing": "easeOutQuad"
						},
						"1.6667": {
							"vector": [-0.34, 0, -2.65]
						},
						"1.8667": {
							"vector": [-0.34, 0, -2.9]
						},
						"2.1667": {
							"vector": [-0.215, 0, -2.675]
						},
						"2.5333": {
							"vector": [-0.21, 0, -0.42],
							"easing": "easeInSine"
						},
						"2.7": {
							"vector": [-0.035, 0, -0.845],
							"easing": "easeOutBack"
						},
						"2.8333": {
							"vector": [0.085, 0, -1.015]
						},
						"3.0": {
							"vector": [0.34, 0, -1.01]
						},
						"3.1333": {
							"vector": [0.34, 0, -0.76]
						},
						"3.3333": {
							"vector": [0.115, 0, -0.76]
						},
						"3.6333": {
							"vector": [-0.255, 0, -0.66],
							"easing": "easeInSine"
						},
						"3.9": {
							"vector": [-0.075, 0, -0.435]
						},
						"4.3": {
							"vector": [-0.07, 0, -0.205]
						},
						"4.5333": {
							"vector": [-0.495, 0, 0.65]
						},
						"4.6333": {
							"vector": [-0.34, 0, 0.475]
						},
						"4.8": {
							"vector": [0.035, 0, 0.13],
							"easing": "easeInSine"
						},
						"5.0": {
							"vector": [0.04, 0, -0.045]
						},
						"5.4667": {
							"vector": [0.04, 0, -0.04],
							"easing": "easeOutQuad"
						}
					}
				},
				"leftarm": {
					"rotation": {
						"0.0333": {
							"vector": [0, 0, 0]
						},
						"0.2333": {
							"vector": [-14.31966, -0.15525, 5.17108],
							"easing": "easeInSine"
						},
						"0.5667": {
							"vector": [-28.84365, 31.18508, 34.3068],
							"easing": "easeOutBack"
						},
						"1.0333": {
							"vector": [-28.84365, 31.18508, 34.3068],
							"easing": "easeOutBack"
						},
						"1.2667": {
							"vector": [106.08003, 40.01207, 22.52106],
							"easing": "easeInSine"
						},
						"2.1333": {
							"vector": [106.08003, 40.01207, 22.52106],
							"easing": "easeInSine"
						},
						"2.5667": {
							"vector": [-21.38187, 2.39564, 6.9875]
						},
						"2.8333": {
							"vector": [-21.38187, 2.39564, 6.9875]
						},
						"2.9": {
							"vector": [-18.63187, 2.39564, 6.9875]
						},
						"3.1": {
							"vector": [-18.63187, 2.39564, 6.9875]
						},
						"3.1667": {
							"vector": [-13.49653, -3.7553, 0.41327],
							"easing": "easeInSine"
						},
						"3.2667": {
							"vector": [-13.49653, -3.7553, 0.41327],
							"easing": "easeInSine"
						},
						"3.7": {
							"vector": [-13.53208, -2.38794, 1.8733],
							"easing": "easeInSine"
						},
						"4.1667": {
							"vector": [-13.50882, -3.41695, 0.77363],
							"easing": "easeOutSine"
						},
						"4.4333": {
							"vector": [-11.00882, -3.41695, 0.77363],
							"easing": "easeInSine"
						},
						"4.6333": {
							"vector": [-11.00882, -3.41695, 0.77363],
							"easing": "easeInSine"
						},
						"4.8667": {
							"vector": [13.65195, 5.33504, 12.3109],
							"easing": "easeInSine"
						},
						"5.2333": {
							"vector": [0, 0, 0],
							"easing": "easeOutQuad"
						}
					},
					"position": {
						"0.0333": {
							"vector": [0, 0, 0]
						},
						"0.2": {
							"vector": [-0.9, -6.66, 0.305],
							"easing": "easeInSine"
						},
						"0.5333": {
							"vector": [-4.025, -12.25, -5.25],
							"easing": "easeOutBack"
						},
						"0.9667": {
							"vector": [-4.025, -12.25, -5.25],
							"easing": "easeOutBack"
						},
						"1.2667": {
							"vector": [6.87, -25.025, 10.325],
							"easing": "easeInSine"
						},
						"2.1333": {
							"vector": [6.87, -25.025, 10.325],
							"easing": "easeInSine"
						},
						"2.5667": {
							"vector": [9.145, -0.495, 9.755]
						},
						"2.8333": {
							"vector": [9.145, -0.495, 9.755]
						},
						"2.9": {
							"vector": [9.15, -0.49, 7.835]
						},
						"3.1": {
							"vector": [9.15, -0.49, 7.835]
						},
						"3.1667": {
							"vector": [8.2, -0.49, 8.29]
						},
						"4.2333": {
							"vector": [8.2, -0.49, 8.29]
						},
						"4.3": {
							"vector": [8.2, -0.49, 11.29]
						},
						"4.5333": {
							"vector": [7.025, 0.185, 13.565],
							"easing": "easeOutCubic"
						},
						"4.8": {
							"vector": [7.03, 0.19, 7.12],
							"easing": "easeInSine"
						},
						"5.1333": {
							"vector": [0, 0, 0],
							"easing": "easeOutQuad"
						}
					}
				},
				"_camera_": {
					"rotation": {
						"0.0": {
							"vector": [0, 0, 0]
						},
						"0.4": {
							"vector": [2.45457, 1.81319, -1.42296],
							"easing": "easeInSine"
						},
						"0.9333": {
							"vector": [4.89846, 3.16623, -1.80995],
							"easing": "easeOutQuad"
						},
						"1.4": {
							"vector": [2.82371, 4.3074, 0.50194],
							"easing": "easeInSine"
						},
						"2.2667": {
							"vector": [2.9848, 6.7029, 2.63539],
							"easing": "easeOutSine"
						},
						"2.8333": {
							"vector": [5.86596, 7.06871, 1.67044],
							"easing": "easeInQuad"
						},
						"3.8": {
							"vector": [7.84218, 8.90049, -0.61351],
							"easing": "easeOutSine"
						},
						"4.4667": {
							"vector": [4.22788, 5.70404, -0.3192],
							"easing": "easeInSine"
						},
						"5.4667": {
							"vector": [0, 0, 0],
							"easing": "easeOutSine"
						}
					}
				},
				"Charge Spine 1": {
					"rotation": {
						"2.8333": {
							"vector": [0, 0, 0]
						},
						"2.9": {
							"vector": [0, 22.5, 0]
						},
						"3.1": {
							"vector": [0, 22.5, 0]
						},
						"3.1667": {
							"vector": [0, 32.5, 0]
						},
						"4.2333": {
							"vector": [0, 32.5, 0]
						},
						"4.5333": {
							"vector": [0, 0, 0],
							"easing": "easeOutCubic"
						}
					}
				},
				"Shard 1": {
					"scale": {
						"vector": [0, 0, 0]
					}
				},
				"Shard 8": {
					"scale": {
						"vector": [0, 0, 0]
					}
				},
				"Shard 7": {
					"scale": {
						"vector": [0, 0, 0]
					}
				},
				"Shard 4": {
					"scale": {
						"vector": [0, 0, 0]
					}
				},
				"Shard 3": {
					"scale": {
						"vector": [0, 0, 0]
					}
				},
				"Shard 2": {
					"scale": {
						"vector": [0, 0, 0]
					}
				},
				"Shard 6": {
					"scale": {
						"vector": [0, 0, 0]
					}
				},
				"Shard 5": {
					"scale": {
						"vector": [0, 0, 0]
					}
				},
				"glow": {
					"scale": {
						"vector": [0, 0, 0]
					}
				}
			},
			"sound_effects": {
				"2.8333": {
					"effect": "soltek_fiddle_click"
				},
				"4.2333": {
					"effect": "soltek_light_breacher_foleyside"
				}
			}
		},
		"animation.model.fire": {
			"loop": true,
			"animation_length": 2.1667,
			"blend_weight": 1,
			"bones": {
				"main": {
					"rotation": {
						"vector": [0, 0, 0]
					},
					"position": {
						"vector": [0, 0, 0]
					}
				},
				"leftarm": {
					"rotation": {
						"vector": [0, 0, 0]
					},
					"position": {
						"vector": [0, 0, 0]
					}
				},
				"Shard 1": {
					"rotation": {
						"0.0667": {
							"vector": [0, 0, 0]
						},
						"0.2333": {
							"vector": [176.46058, 91.2353, -169.87481]
						},
						"1.7": {
							"vector": [0, 0, 0]
						}
					},
					"position": {
						"0.0667": {
							"vector": [0, 0, 0]
						},
						"0.2333": {
							"vector": [0, 0, -362]
						},
						"1.7": {
							"vector": [0, 0, 0]
						}
					},
					"scale": {
						"0.0667": {
							"vector": [1, 1, 1]
						},
						"0.2333": {
							"vector": [0, 0, 0]
						}
					}
				},
				"Shard 8": {
					"rotation": {
						"0.0": {
							"vector": [0, 0, 0]
						},
						"0.1667": {
							"vector": [-147.26011, 35.55174, -144.35711]
						},
						"1.7667": {
							"vector": [0, 0, 0]
						}
					},
					"position": {
						"0.0": {
							"vector": [0, 0, 0]
						},
						"0.1667": {
							"vector": [0, 0, -391]
						},
						"1.7667": {
							"vector": [0, 0, 0]
						}
					},
					"scale": {
						"0.0": {
							"vector": [1, 1, 1]
						},
						"0.1667": {
							"vector": [0, 0, 0]
						}
					}
				},
				"Shard 7": {
					"rotation": {
						"0.0333": {
							"vector": [0, 0, 0]
						},
						"0.1333": {
							"vector": [-121.19063, -46.79546, 119.95339]
						},
						"1.7667": {
							"vector": [0, 0, 0]
						}
					},
					"position": {
						"0.0333": {
							"vector": [0, 0, 0]
						},
						"0.1333": {
							"vector": [0, 0, -391]
						},
						"1.7667": {
							"vector": [0, 0, 0]
						}
					},
					"scale": {
						"0.0333": {
							"vector": [1, 1, 1]
						},
						"0.1333": {
							"vector": [0, 0, 0]
						}
					}
				},
				"Shard 4": {
					"rotation": {
						"0.0667": {
							"vector": [0, 0, 0]
						},
						"0.3": {
							"vector": [-135.56988, -93.85378, -163.57639]
						},
						"1.7": {
							"vector": [0, 0, 0]
						}
					},
					"position": {
						"0.0667": {
							"vector": [0, 0, 0]
						},
						"0.3": {
							"vector": [0, 0, -403]
						},
						"1.7": {
							"vector": [0, 0, 0]
						}
					},
					"scale": {
						"0.0667": {
							"vector": [1, 1, 1]
						},
						"0.3": {
							"vector": [0, 0, 0]
						}
					}
				},
				"Shard 3": {
					"rotation": {
						"0.1333": {
							"vector": [0, 0, 0]
						},
						"0.2667": {
							"vector": [-119.75864, 85.39952, 277.70829]
						},
						"1.5667": {
							"vector": [0, 0, 0]
						}
					},
					"position": {
						"0.1333": {
							"vector": [0, 0, 0]
						},
						"0.2667": {
							"vector": [0, 0, -393]
						},
						"1.5667": {
							"vector": [0, 0, 0]
						}
					},
					"scale": {
						"0.1333": {
							"vector": [1, 1, 1]
						},
						"0.2667": {
							"vector": [0, 0, 0]
						}
					}
				},
				"Shard 2": {
					"rotation": {
						"0.0": {
							"vector": [0, 0, 0]
						},
						"0.2333": {
							"vector": [182.25712, -72.12084, -207.91768]
						},
						"1.5667": {
							"vector": [0, 0, 0]
						}
					},
					"position": {
						"0.0": {
							"vector": [0, 0, 0]
						},
						"0.2333": {
							"vector": [0, 0, -433]
						},
						"1.5667": {
							"vector": [0, 0, 0]
						}
					},
					"scale": {
						"0.0": {
							"vector": [1, 1, 1]
						},
						"0.2333": {
							"vector": [0, 0, 0]
						}
					}
				},
				"Shard 6": {
					"rotation": {
						"0.0333": {
							"vector": [0, 0, 0]
						},
						"0.2667": {
							"vector": [-131.34644, 98.7809, -130.64297]
						},
						"1.6333": {
							"vector": [0, 0, 0]
						}
					},
					"position": {
						"0.0333": {
							"vector": [0, 0, 0]
						},
						"0.2667": {
							"vector": [0, 0, -407]
						},
						"1.6333": {
							"vector": [0, 0, 0]
						}
					},
					"scale": {
						"0.0333": {
							"vector": [1, 1, 1]
						},
						"0.2667": {
							"vector": [0, 0, 0]
						}
					}
				},
				"Shard 5": {
					"rotation": {
						"0.1333": {
							"vector": [0, 0, 0]
						},
						"0.2333": {
							"vector": [-168.4, -84.66, 63.36]
						},
						"1.6333": {
							"vector": [0, 0, 0]
						}
					},
					"position": {
						"0.1333": {
							"vector": [0, 0, 0]
						},
						"0.2333": {
							"vector": [0, 0, -392]
						},
						"1.6333": {
							"vector": [0, 0, 0]
						}
					},
					"scale": {
						"0.1333": {
							"vector": [1, 1, 1]
						},
						"0.2333": {
							"vector": [0, 0, 0]
						}
					}
				},
				"magazine": {
					"rotation": {
						"0.0": {
							"vector": [0, 0, 0]
						},
						"0.1667": {
							"vector": [0, 0, 0]
						}
					},
					"position": {
						"0.0": {
							"vector": [0, 0, 0]
						},
						"0.1667": {
							"vector": [0, 0, -412]
						}
					},
					"scale": {
						"0.0": {
							"vector": [1, 1, 1]
						},
						"0.1667": {
							"vector": [0, 0, 0]
						}
					}
				},
				"Charge Spine 1": {
					"rotation": {
						"0.0": {
							"vector": [0, 0, 0]
						},
						"0.1333": {
							"vector": [0, 90, 0]
						},
						"0.3333": {
							"vector": [0, 90, 0]
						},
						"1.1667": {
							"vector": [0, 0, 0],
							"easing": "easeInSine"
						}
					}
				},
				"Charge_Spine2": {
					"rotation": {
						"0.0": {
							"vector": [0, 0, 0]
						},
						"0.1333": {
							"vector": [0, -90, 0]
						},
						"0.3333": {
							"vector": [0, -90, 0]
						},
						"1.1667": {
							"vector": [0, 0, 0],
							"easing": "easeInSine"
						}
					}
				},
				"Charge_SpineL2": {
					"rotation": {
						"0.0": {
							"vector": [0, 0, 0]
						},
						"0.1333": {
							"vector": [0, -67.5, 0],
							"easing": "easeOutQuad"
						},
						"0.4": {
							"vector": [0, -67.5, 0]
						},
						"1.3333": {
							"vector": [0, 0, 0],
							"easing": "easeInCubic"
						}
					}
				},
				"Charge_SpineL": {
					"rotation": {
						"0.0": {
							"vector": [0, 0, 0]
						},
						"0.1333": {
							"vector": [0, 67.5, 0],
							"easing": "easeOutQuad"
						},
						"0.4": {
							"vector": [0, 67.5, 0]
						},
						"1.3333": {
							"vector": [0, 0, 0],
							"easing": "easeInCubic"
						}
					}
				},
				"PullBack": {
					"rotation": {
						"0.0": {
							"vector": [0, 0, 0]
						},
						"0.1333": {
							"vector": [0, -90, 0]
						},
						"0.2667": {
							"vector": [0, -90, 0]
						},
						"0.9333": {
							"vector": [0, 0, 0],
							"easing": "easeInCubic"
						}
					}
				},
				"PullBack2": {
					"rotation": {
						"0.0": {
							"vector": [0, 0, 0]
						},
						"0.1333": {
							"vector": [0, 90, 0]
						},
						"0.2667": {
							"vector": [0, 90, 0]
						},
						"0.9333": {
							"vector": [0, 0, 0],
							"easing": "easeInCubic"
						}
					}
				},
				"_camera_": {
					"rotation": {
						"0.0": {
							"vector": [0, 0, 0]
						},
						"0.1": {
							"vector": [-1, 0, 0]
						},
						"0.9667": {
							"vector": [0, 0, 0],
							"easing": "easeOutBack"
						}
					}
				}
			},
			"sound_effects": {
				"0.8": {
					"effect": "magslap"
				},
				"0.9667": {
					"effect": "boltback"
				}
			}
		}
	},
	"geckolib_format_version": 2
}