{
	"format_version": "1.8.0",
	"animations": {
		"animation.model.reload": {
			"loop": true,
			"animation_length": 5.2,
			"blend_weight": 1,
			"bones": {
				"leftarm": {
					"rotation": {
						"0.0": {
							"vector": [0, 0, 0]
						},
						"0.2333": {
							"vector": [-9.07987, -8.45154, 4.87647]
						},
						"3.7667": {
							"vector": [-9.07987, -8.45154, 4.87647]
						},
						"4.0333": {
							"vector": [0, 0, 0]
						}
					},
					"position": {
						"0.0": {
							"vector": [0, 0, 0]
						},
						"0.2333": {
							"vector": [-1.975, -6.6, 0]
						},
						"3.7667": {
							"vector": [-1.975, -6.6, 0]
						},
						"4.0333": {
							"vector": [0, 0, 0]
						}
					}
				},
				"rightarm": {
					"rotation": {
						"0.1": {
							"vector": [0, 0, 0]
						},
						"0.3667": {
							"vector": [9.88925, 45.13634, 99.75145],
							"easing": "easeOutSine"
						},
						"0.4333": {
							"vector": [9.88925, 45.13634, 99.75145]
						},
						"0.6": {
							"vector": [9.89, 45.14, 99.75],
							"easing": "easeOutCubic"
						},
						"0.7": {
							"vector": [17.18373, 44.07905, 102.71146],
							"easing": "easeInSine"
						},
						"0.9": {
							"vector": [-5.81795, 30.74558, 43.7756],
							"easing": "easeOutSine"
						},
						"0.9667": {
							"vector": [-5.81795, 30.74558, 43.7756]
						},
						"1.2": {
							"vector": [-34.04108, 49.09823, 27.68096],
							"easing": "easeOutBack"
						},
						"1.5333": {
							"vector": [101.18205, 43.24359, 1.87838],
							"easing": "easeInQuad"
						},
						"1.7333": {
							"vector": [101.18205, 43.24359, 1.87838]
						},
						"1.9667": {
							"vector": [-33.56703, 11.08901, 38.59527],
							"easing": "easeInQuad"
						},
						"2.1": {
							"vector": [-33.56703, 11.08901, 38.59527]
						},
						"2.2667": {
							"vector": [6.21624, 0.14638, 41.52601],
							"easing": "easeOutBack"
						},
						"2.7667": {
							"vector": [-10.69792, 10.71839, 20.14578],
							"easing": "easeInSine"
						},
						"2.9667": {
							"vector": [-8.65341, 20.07292, 30.94929],
							"easing": "easeInQuart"
						},
						"3.3667": {
							"vector": [11.71413, 30.64002, 78.44985],
							"easing": "easeInSine"
						},
						"3.7333": {
							"vector": [11.71, 30.64, 78.45],
							"easing": "easeOutBack"
						},
						"3.9667": {
							"vector": [15.442, 15.75847, 19.10213],
							"easing": "easeInQuad"
						},
						"4.1667": {
							"vector": [0, 0, 0],
							"easing": "easeOutSine"
						}
					},
					"position": {
						"0.0333": {
							"vector": [0, 0, 0]
						},
						"0.2667": {
							"vector": [-6.95, 1.675, -18.5],
							"easing": "easeInSine"
						},
						"0.4333": {
							"vector": [-6.95, 1.675, -18.5]
						},
						"0.6": {
							"vector": [-6.95, 1.68, -4.5],
							"easing": "easeOutCubic"
						},
						"0.7": {
							"vector": [-6.95, 1.68, -2.825],
							"easing": "easeInSine"
						},
						"0.8333": {
							"vector": [-1.025, 9.055, -1.75],
							"easing": "linear"
						},
						"0.9333": {
							"vector": [-1.025, 9.055, -1.75]
						},
						"1.2": {
							"vector": [-1.02, 9.06, -1.75],
							"easing": "easeOutBack"
						},
						"1.5333": {
							"vector": [-3.87, -11.365, -5.65],
							"easing": "easeInQuad"
						},
						"1.7333": {
							"vector": [-3.87, -11.365, -5.65]
						},
						"2.0333": {
							"vector": [-12.845, 12.365, 0.15],
							"easing": "easeInQuad"
						},
						"2.1": {
							"vector": [-12.845, 12.365, 0.15]
						},
						"2.3667": {
							"vector": [-3.39, 18.37, -3.825],
							"easing": "easeOutBack"
						},
						"2.6667": {
							"vector": [-4.92143, 20.6642, -18.93387],
							"easing": "easeInCubic"
						},
						"2.9667": {
							"vector": [-3.13051, 9.03886, -2.33614],
							"easing": "easeInQuart"
						},
						"3.4": {
							"vector": [-2.44, 8.72, -1.51],
							"easing": "easeInSine"
						},
						"3.7333": {
							"vector": [-2.44, 8.72, -15.51],
							"easing": "easeOutBack"
						},
						"3.9667": {
							"vector": [-0.23, 6.17, -5.695],
							"easing": "easeInQuad"
						},
						"4.1667": {
							"vector": [0, 0, 0],
							"easing": "easeOutSine"
						}
					}
				},
				"Lever Switch": {
					"position": {
						"0.4333": {
							"vector": [0, 0, 0]
						},
						"0.6": {
							"vector": [0, 0, 14],
							"easing": "easeOutCubic"
						},
						"3.4333": {
							"vector": [0, 0, 14]
						},
						"3.6333": {
							"vector": [0, 0, 0],
							"easing": "easeOutQuint"
						}
					}
				},
				"main": {
					"rotation": {
						"0.0": {
							"vector": ["0 * (math.abs(pbj.aimprog - 1.1))", "0 * (math.abs(pbj.aimprog - 1.1))", "0 * (math.abs(pbj.aimprog - 1.1))"]
						},
						"0.2": {
							"vector": ["-8.25 * (math.abs(pbj.aimprog - 1.1))", "0 * (math.abs(pbj.aimprog - 1.1))", "-4.5 * (math.abs(pbj.aimprog - 1.1))"],
							"easing": "easeInSine"
						},
						"0.3667": {
							"vector": [
								"-7.4878388895 * (math.abs(pbj.aimprog - 1.1))",
								"-0.1739528434 * (math.abs(pbj.aimprog - 1.1))",
								"-7.9981208552 * (math.abs(pbj.aimprog - 1.1))"
							],
							"easing": "easeOutQuad"
						},
						"0.4667": {
							"vector": [
								"-7.492572759 * (math.abs(pbj.aimprog - 1.1))",
								"-0.1360729265 * (math.abs(pbj.aimprog - 1.1))",
								"-6.2485244357 * (math.abs(pbj.aimprog - 1.1))"
							]
						},
						"0.6": {
							"vector": [
								"-10.231096622 * (math.abs(pbj.aimprog - 1.1))",
								"-0.3873806901 * (math.abs(pbj.aimprog - 1.1))",
								"-7.9860125052 * (math.abs(pbj.aimprog - 1.1))"
							],
							"easing": "easeOutBack"
						},
						"0.7": {
							"vector": [
								"-8.7373429239 * (math.abs(pbj.aimprog - 1.1))",
								"-0.2503767873 * (math.abs(pbj.aimprog - 1.1))",
								"-3.9943264013 * (math.abs(pbj.aimprog - 1.1))"
							]
						},
						"0.8333": {
							"vector": [
								"-8.7834104342 * (math.abs(pbj.aimprog - 1.1))",
								"-2.4997864387 * (math.abs(pbj.aimprog - 1.1))",
								"2.0069935128 * (math.abs(pbj.aimprog - 1.1))"
							],
							"easing": "easeInQuad"
						},
						"0.9667": {
							"vector": [
								"-9.2540436026 * (math.abs(pbj.aimprog - 1.1))",
								"-4.7089484621 * (math.abs(pbj.aimprog - 1.1))",
								"9.5340232201 * (math.abs(pbj.aimprog - 1.1))"
							],
							"easing": "easeOutSine"
						},
						"1.2333": {
							"vector": [
								"-6.7787194751 * (math.abs(pbj.aimprog - 1.1))",
								"-5.1185322917 * (math.abs(pbj.aimprog - 1.1))",
								"13.5719631084 * (math.abs(pbj.aimprog - 1.1))"
							],
							"easing": "easeOutBack"
						},
						"1.4": {
							"vector": [
								"-6.7787194751 * (math.abs(pbj.aimprog - 1.1))",
								"-5.1185322917 * (math.abs(pbj.aimprog - 1.1))",
								"7.8219631084 * (math.abs(pbj.aimprog - 1.1))"
							]
						},
						"1.5": {
							"vector": [
								"-6.7787194751 * (math.abs(pbj.aimprog - 1.1))",
								"-5.1185322917 * (math.abs(pbj.aimprog - 1.1))",
								"9.8219631084 * (math.abs(pbj.aimprog - 1.1))"
							]
						},
						"1.7": {
							"vector": [
								"-7.2600896601 * (math.abs(pbj.aimprog - 1.1))",
								"-7.060416175 * (math.abs(pbj.aimprog - 1.1))",
								"13.8730351618 * (math.abs(pbj.aimprog - 1.1))"
							],
							"easing": "easeInSine"
						},
						"1.8333": {
							"vector": [
								"-7.9665737016 * (math.abs(pbj.aimprog - 1.1))",
								"-8.9409236822 * (math.abs(pbj.aimprog - 1.1))",
								"17.2174238755 * (math.abs(pbj.aimprog - 1.1))"
							],
							"easing": "easeOutQuad"
						},
						"2.0667": {
							"vector": [
								"-7.9665737016 * (math.abs(pbj.aimprog - 1.1))",
								"-8.9409236822 * (math.abs(pbj.aimprog - 1.1))",
								"13.3412955297 * (math.abs(pbj.aimprog - 1.1))"
							],
							"easing": "easeOutBack"
						},
						"2.1667": {
							"vector": [
								"-2.2851344177 * (math.abs(pbj.aimprog - 1.1))",
								"-10.221477488 * (math.abs(pbj.aimprog - 1.1))",
								"12.3930118352 * (math.abs(pbj.aimprog - 1.1))"
							],
							"easing": "easeInSine"
						},
						"2.4": {
							"vector": [
								"-7.7237149505 * (math.abs(pbj.aimprog - 1.1))",
								"-8.9976008539 * (math.abs(pbj.aimprog - 1.1))",
								"13.3016049331 * (math.abs(pbj.aimprog - 1.1))"
							],
							"easing": "easeOutQuad"
						},
						"2.5667": {
							"vector": [
								"-12.879777607 * (math.abs(pbj.aimprog - 1.1))",
								"-7.7553621297 * (math.abs(pbj.aimprog - 1.1))",
								"14.0532650787 * (math.abs(pbj.aimprog - 1.1))"
							],
							"easing": "easeInSine"
						},
						"2.7667": {
							"vector": [
								"-16.5434205191 * (math.abs(pbj.aimprog - 1.1))",
								"-6.8296938378 * (math.abs(pbj.aimprog - 1.1))",
								"8.7684816583 * (math.abs(pbj.aimprog - 1.1))"
							],
							"easing": "easeOutQuad"
						},
						"2.9333": {
							"vector": [
								"-14.3022087881 * (math.abs(pbj.aimprog - 1.1))",
								"-7.1674312626 * (math.abs(pbj.aimprog - 1.1))",
								"8.4953669709 * (math.abs(pbj.aimprog - 1.1))"
							],
							"easing": "easeInSine"
						},
						"3.1333": {
							"vector": [
								"-6.3067372607 * (math.abs(pbj.aimprog - 1.1))",
								"-8.27673098 * (math.abs(pbj.aimprog - 1.1))",
								"12.919265133 * (math.abs(pbj.aimprog - 1.1))"
							],
							"easing": "easeOutBack"
						},
						"3.2667": {
							"vector": [
								"-3.5532632022 * (math.abs(pbj.aimprog - 1.1))",
								"-8.6579392243 * (math.abs(pbj.aimprog - 1.1))",
								"13.013749762 * (math.abs(pbj.aimprog - 1.1))"
							],
							"easing": "easeInSine"
						},
						"3.4333": {
							"vector": [
								"-3.5532632022 * (math.abs(pbj.aimprog - 1.1))",
								"-8.6579392243 * (math.abs(pbj.aimprog - 1.1))",
								"15.263749762 * (math.abs(pbj.aimprog - 1.1))"
							],
							"easing": "easeOutQuart"
						},
						"3.5333": {
							"vector": [
								"-3.0288668995 * (math.abs(pbj.aimprog - 1.1))",
								"-4.691979477 * (math.abs(pbj.aimprog - 1.1))",
								"7.4527587384 * (math.abs(pbj.aimprog - 1.1))"
							],
							"easing": "easeInQuad"
						},
						"3.7667": {
							"vector": [
								"-3.3227805715 * (math.abs(pbj.aimprog - 1.1))",
								"-6.9229008894 * (math.abs(pbj.aimprog - 1.1))",
								"8.4825042379 * (math.abs(pbj.aimprog - 1.1))"
							],
							"easing": "easeOutSine"
						},
						"4.2": {
							"vector": ["0 * (math.abs(pbj.aimprog - 1.1))", "0 * (math.abs(pbj.aimprog - 1.1))", "0 * (math.abs(pbj.aimprog - 1.1))"],
							"easing": "easeOutQuad"
						}
					},
					"position": {
						"0.0": {
							"vector": ["0 * (math.abs(pbj.aimprog - 1.1))", "0 * (math.abs(pbj.aimprog - 1.1))", "0 * (math.abs(pbj.aimprog - 1.1))"]
						},
						"0.2333": {
							"vector": ["0 * (math.abs(pbj.aimprog - 1.1))", "-0.35 * (math.abs(pbj.aimprog - 1.1))", "0.825 * (math.abs(pbj.aimprog - 1.1))"],
							"easing": "easeOutSine"
						},
						"0.4333": {
							"vector": ["-0.575 * (math.abs(pbj.aimprog - 1.1))", "-0.35 * (math.abs(pbj.aimprog - 1.1))", "1.33 * (math.abs(pbj.aimprog - 1.1))"]
						},
						"0.5333": {
							"vector": ["-0.87 * (math.abs(pbj.aimprog - 1.1))", "-0.35 * (math.abs(pbj.aimprog - 1.1))", "1.98 * (math.abs(pbj.aimprog - 1.1))"],
							"easing": "easeOutCubic"
						},
						"0.6333": {
							"vector": ["-0.67 * (math.abs(pbj.aimprog - 1.1))", "-0.35 * (math.abs(pbj.aimprog - 1.1))", "1.98 * (math.abs(pbj.aimprog - 1.1))"]
						},
						"0.8": {
							"vector": ["-0.845 * (math.abs(pbj.aimprog - 1.1))", "-0.35 * (math.abs(pbj.aimprog - 1.1))", "1.98 * (math.abs(pbj.aimprog - 1.1))"],
							"easing": "easeOutBack"
						},
						"1.0": {
							"vector": ["-1.54 * (math.abs(pbj.aimprog - 1.1))", "-0.925 * (math.abs(pbj.aimprog - 1.1))", "1.98 * (math.abs(pbj.aimprog - 1.1))"]
						},
						"1.1333": {
							"vector": ["-1.215 * (math.abs(pbj.aimprog - 1.1))", "-1.945 * (math.abs(pbj.aimprog - 1.1))", "1.98 * (math.abs(pbj.aimprog - 1.1))"],
							"easing": "easeOutQuad"
						},
						"1.2667": {
							"vector": ["-1.42 * (math.abs(pbj.aimprog - 1.1))", "-1.74 * (math.abs(pbj.aimprog - 1.1))", "1.98 * (math.abs(pbj.aimprog - 1.1))"]
						},
						"1.4333": {
							"vector": ["-1.42 * (math.abs(pbj.aimprog - 1.1))", "-1.14 * (math.abs(pbj.aimprog - 1.1))", "1.98 * (math.abs(pbj.aimprog - 1.1))"]
						},
						"1.6667": {
							"vector": ["-1.42 * (math.abs(pbj.aimprog - 1.1))", "-1.365 * (math.abs(pbj.aimprog - 1.1))", "1.505 * (math.abs(pbj.aimprog - 1.1))"]
						},
						"1.8": {
							"vector": ["-1.42 * (math.abs(pbj.aimprog - 1.1))", "-1.36 * (math.abs(pbj.aimprog - 1.1))", "0.26 * (math.abs(pbj.aimprog - 1.1))"]
						},
						"1.9667": {
							"vector": ["-1.42 * (math.abs(pbj.aimprog - 1.1))", "-1.36 * (math.abs(pbj.aimprog - 1.1))", "0.61 * (math.abs(pbj.aimprog - 1.1))"]
						},
						"2.1": {
							"vector": ["-1.42 * (math.abs(pbj.aimprog - 1.1))", "-1.66 * (math.abs(pbj.aimprog - 1.1))", "0.61 * (math.abs(pbj.aimprog - 1.1))"]
						},
						"2.2333": {
							"vector": ["-1.42 * (math.abs(pbj.aimprog - 1.1))", "-1.06 * (math.abs(pbj.aimprog - 1.1))", "-0.84 * (math.abs(pbj.aimprog - 1.1))"]
						},
						"2.3333": {
							"vector": ["-1.42 * (math.abs(pbj.aimprog - 1.1))", "-1.06 * (math.abs(pbj.aimprog - 1.1))", "-0.565 * (math.abs(pbj.aimprog - 1.1))"]
						},
						"2.5": {
							"vector": ["-1.42 * (math.abs(pbj.aimprog - 1.1))", "-0.735 * (math.abs(pbj.aimprog - 1.1))", "-0.935 * (math.abs(pbj.aimprog - 1.1))"]
						},
						"2.7": {
							"vector": ["-1.42 * (math.abs(pbj.aimprog - 1.1))", "-0.73 * (math.abs(pbj.aimprog - 1.1))", "0.62 * (math.abs(pbj.aimprog - 1.1))"],
							"easing": "easeInQuad"
						},
						"2.8667": {
							"vector": ["-1.42 * (math.abs(pbj.aimprog - 1.1))", "-0.73 * (math.abs(pbj.aimprog - 1.1))", "0.895 * (math.abs(pbj.aimprog - 1.1))"],
							"easing": "easeOutBack"
						},
						"3.0667": {
							"vector": ["-0.145 * (math.abs(pbj.aimprog - 1.1))", "0.17 * (math.abs(pbj.aimprog - 1.1))", "0.6 * (math.abs(pbj.aimprog - 1.1))"]
						},
						"3.2": {
							"vector": ["-0.74 * (math.abs(pbj.aimprog - 1.1))", "0.17 * (math.abs(pbj.aimprog - 1.1))", "0.375 * (math.abs(pbj.aimprog - 1.1))"]
						},
						"3.3667": {
							"vector": ["-0.74 * (math.abs(pbj.aimprog - 1.1))", "0.17 * (math.abs(pbj.aimprog - 1.1))", "0.08 * (math.abs(pbj.aimprog - 1.1))"]
						},
						"3.5667": {
							"vector": ["-0.74 * (math.abs(pbj.aimprog - 1.1))", "0.17 * (math.abs(pbj.aimprog - 1.1))", "-0.92 * (math.abs(pbj.aimprog - 1.1))"],
							"easing": "easeInSine"
						},
						"3.7333": {
							"vector": ["-0.74 * (math.abs(pbj.aimprog - 1.1))", "0.17 * (math.abs(pbj.aimprog - 1.1))", "-0.72 * (math.abs(pbj.aimprog - 1.1))"],
							"easing": "easeOutQuad"
						},
						"4.1": {
							"vector": ["0 * (math.abs(pbj.aimprog - 1.1))", "0 * (math.abs(pbj.aimprog - 1.1))", "0 * (math.abs(pbj.aimprog - 1.1))"],
							"easing": "easeOutSine"
						}
					}
				},
				"Chamber": {
					"rotation": {
						"0.9667": {
							"vector": [0, 0, 0]
						},
						"1.2": {
							"vector": [112.5, 0, 0],
							"easing": "easeOutQuad"
						},
						"2.7667": {
							"vector": [112.5, 0, 0]
						},
						"2.9667": {
							"vector": [0, 0, 0],
							"easing": "easeInSine"
						}
					}
				},
				"magazine": {
					"rotation": {
						"1.4333": {
							"vector": [0, 25.25, 0]
						},
						"1.7333": {
							"vector": [0, 25.25, 0]
						},
						"2.0333": {
							"vector": [-9.38107, -14.73946, 9.932]
						},
						"2.1": {
							"vector": [-9.38107, -14.73946, 9.932]
						},
						"2.3": {
							"vector": [0, 0, 0],
							"easing": "easeOutBack"
						}
					},
					"position": {
						"1.4333": {
							"vector": [-9.55, -52, 25.775]
						},
						"1.7333": {
							"vector": [-9.55, -52, 25.775]
						},
						"2.0333": {
							"vector": [-4.525, 10.9, 8.98]
						},
						"2.1": {
							"vector": [-4.525, 10.9, 8.98]
						},
						"2.3": {
							"vector": [0, 0, 0],
							"easing": "easeOutBack"
						},
						"2.5": {
							"vector": [0, 0, -4],
							"easing": "easeOutBack"
						}
					}
				}
			},
			"sound_effects": {
				"0.4333": {
					"effect": "soltek_whiplash_leverback"
				},
				"0.5333": {
					"effect": "soltek_fiddle_click"
				},
				"0.9333": {
					"effect": "soltek_whiplash_portup"
				},
				"1.8": {
					"effect": "soltek_whiplash_boltin"
				},
				"2.7": {
					"effect": "soltek_whiplash_portdown"
				},
				"3.2": {
					"effect": "soltek_whiplash_boltloaded"
				},
				"3.4": {
					"effect": "soltek_whiplash_leverforward"
				}
			}
		},
		"animation.model.draw": {
			"loop": true,
			"animation_length": 1.2,
			"bones": {
				"main": {
					"rotation": {
						"0.0": {
							"vector": [32.09413, -54.38778, -8.29667]
						},
						"0.35": {
							"vector": [0.50518, -5.08075, 6.8716],
							"easing": "easeOutSine"
						},
						"0.45": {
							"vector": [0.32389, -0.60235, -2.1558],
							"easing": "linear"
						},
						"0.55": {
							"vector": [1.78478, 3.16113, -8.75955],
							"easing": "linear"
						},
						"0.6": {
							"vector": [-0.05635, 0.49921, -4.82994]
						},
						"0.7": {
							"vector": [1.23, 0.58, -3.72]
						},
						"0.8": {
							"vector": [0.04908, 0.74946, -1.50032]
						},
						"0.95": {
							"vector": [0, 0, 0]
						}
					},
					"position": {
						"0.0": {
							"vector": [0, -17.3, 0]
						},
						"0.25": {
							"vector": [-0.4, -2.525, -1.625],
							"easing": "linear"
						},
						"0.4": {
							"vector": [-0.05, 0, -2.49],
							"easing": "linear"
						},
						"0.55": {
							"vector": [0, 0, 0],
							"easing": "linear"
						},
						"0.95": {
							"vector": [0, 0, 0]
						}
					}
				},
				"leftarm": {
					"rotation": {
						"0.0": {
							"vector": [0, 0, 0]
						},
						"0.2": {
							"vector": [1, 0, -22]
						},
						"0.4": {
							"vector": [0, 0, 0]
						}
					},
					"position": {
						"0.0": {
							"vector": [0, 0, 0]
						},
						"0.2": {
							"vector": [3.53901, 3.6754, 5.59783]
						},
						"0.4": {
							"vector": [0, 0, 0]
						}
					}
				},
				"Lever Switch": {
					"position": {
						"0.0": {
							"vector": [0, 0, 16]
						},
						"0.5": {
							"vector": [0, 0, 16]
						},
						"0.6": {
							"vector": [0, 0, 0],
							"easing": "easeOutCubic"
						}
					}
				},
				"rightarm": {
					"rotation": {
						"0.0": {
							"vector": [0, 0, 0]
						},
						"0.2": {
							"vector": [0, 0, 0]
						},
						"0.3": {
							"vector": [-5.1, 9.69, -5]
						},
						"0.4": {
							"vector": [-10.19744, 19.38681, -10.00506]
						},
						"0.45": {
							"vector": [-9.74181, 17.85332, -6.41061]
						},
						"0.5": {
							"vector": [-10.19744, 19.38681, -10.00506]
						},
						"0.6": {
							"vector": [6.91158, 22.68685, 16.85473],
							"easing": "easeOutCubic"
						},
						"0.7": {
							"vector": [-3.38684, 31.84261, -15.26674]
						},
						"0.8": {
							"vector": [-3.89151, 36.42119, -16.62861]
						},
						"1.05": {
							"vector": [0, 0, 0]
						}
					},
					"position": {
						"0.0": {
							"vector": [0, 0, 0]
						},
						"0.2": {
							"vector": [0, 0, 0]
						},
						"0.3": {
							"vector": [1.15, 3.27, -0.36]
						},
						"0.4": {
							"vector": [2.30056, 6.53599, -0.72421]
						},
						"0.45": {
							"vector": [1.88721, 6.53139, -0.37973]
						},
						"0.5": {
							"vector": [2.30056, 6.53599, -0.72421]
						},
						"0.6": {
							"vector": [0.35056, 10.58599, -14.02421],
							"easing": "easeOutCubic"
						},
						"0.7": {
							"vector": [0.35056, 10.58599, -11.22421]
						},
						"0.8": {
							"vector": [0.35056, 10.58599, -11.22421]
						},
						"1.05": {
							"vector": [0, 0, 0]
						}
					}
				},
				"_camera_": {
					"rotation": {
						"0.0": {
							"vector": [0, 0, 0]
						},
						"0.15": {
							"vector": [1.48497, -0.40697, 4.23051],
							"easing": "easeOutQuad"
						},
						"0.25": {
							"vector": [2.02853, -2.09224, 1.39789]
						},
						"0.45": {
							"vector": [0, 0, 0],
							"easing": "easeOutCubic"
						},
						"0.55": {
							"vector": [1.25, 0, -2.75]
						},
						"1.2": {
							"vector": [0, 0, 0],
							"easing": "easeOutSine"
						}
					}
				}
			},
			"sound_effects": {
				"0.0": {
					"effect": "soltek_fiddle_jostlesinglebolt"
				},
				"0.45": {
					"effect": "soltek_whiplash_leverforward"
				}
			}
		},
		"animation.model.inspect": {
			"loop": true,
			"animation_length": 4.2667,
			"bones": {
				"main": {
					"rotation": {
						"0.0667": {
							"vector": [0, 0, 0]
						},
						"0.2667": {
							"vector": [0.39479, -12.72379, -18.61898],
							"easing": "easeInQuad"
						},
						"0.4667": {
							"vector": [6.71732, -14, -40.36711],
							"easing": "easeOutSine"
						},
						"0.5333": {
							"vector": [4.33727, -14.38282, -36.77855]
						},
						"0.9333": {
							"vector": [3.52376, -14.35917, -36.51819]
						},
						"1.1333": {
							"vector": [5.86837, -14.12983, -36.07222]
						},
						"1.3": {
							"vector": [-2.5575, -14.55823, -12.49745],
							"easing": "easeInQuad"
						},
						"1.6": {
							"vector": [5.78079, 11.80301, 55.59629],
							"easing": "easeOutSine"
						},
						"1.7": {
							"vector": [6.5095, 9.66157, 59.20004]
						},
						"1.8333": {
							"vector": [7.12545, 11.56929, 62.24934]
						},
						"2.1667": {
							"vector": [6.94057, 11.67977, 61.33265]
						},
						"2.4333": {
							"vector": [7.64444, 11.23535, 64.87494]
						},
						"2.8": {
							"vector": [7.98513, 10.99738, 66.64184]
						},
						"3.0333": {
							"vector": [0.5229, 12.23373, 48.57085],
							"easing": "easeInExpo"
						},
						"3.5333": {
							"vector": [0, 0, 0],
							"easing": "easeOutBack"
						}
					},
					"position": {
						"0.0667": {
							"vector": [0, 0, 0]
						},
						"0.2667": {
							"vector": [-2.575, 0, 0],
							"easing": "easeInQuad"
						},
						"0.4": {
							"vector": [-4.445, 0, 1.825],
							"easing": "easeOutSine"
						},
						"0.5667": {
							"vector": [-5.915, 0, 2.205],
							"easing": "easeOutSine"
						},
						"0.6667": {
							"vector": [-6.66, 0, 2.46]
						},
						"0.8333": {
							"vector": [-6.41, 0, 2.135]
						},
						"1.2333": {
							"vector": [-5.66, 0, 2.13]
						},
						"1.4333": {
							"vector": [1.865, 0, 0.13],
							"easing": "easeInSine"
						},
						"1.6667": {
							"vector": [11.82, 0, -2.07],
							"easing": "easeOutQuad"
						},
						"1.9333": {
							"vector": [12.725, -0.075, -3.34],
							"easing": "easeOutQuad"
						},
						"2.1": {
							"vector": [12.555, -0.07, -3.34]
						},
						"2.5": {
							"vector": [11.815, -0.07, -2.71],
							"easing": "easeInSine"
						},
						"2.7": {
							"vector": [11.945, -0.07, -2.585]
						},
						"3.0": {
							"vector": [9.675, -0.07, -1.58],
							"easing": "easeInQuart"
						},
						"3.4667": {
							"vector": [0, 0, 0],
							"easing": "easeOutCirc"
						}
					}
				},
				"leftarm": {
					"rotation": {
						"0.0": {
							"vector": [0, 0, 0]
						},
						"0.3": {
							"vector": [94.82002, 7.69366, 35.54726],
							"easing": "easeInCubic"
						},
						"1.3": {
							"vector": [94.82002, 7.69366, 35.54726],
							"easing": "easeInCubic"
						},
						"1.5": {
							"vector": [12.45692, 16.01128, -33.85617]
						},
						"2.9667": {
							"vector": [12.45692, 16.01128, -33.85617]
						},
						"3.1667": {
							"vector": [0, 0, 0],
							"easing": "linear"
						}
					},
					"position": {
						"0.0": {
							"vector": [0, 0, 0]
						},
						"0.3": {
							"vector": [0, -21.8, 0],
							"easing": "easeInCubic"
						},
						"1.3": {
							"vector": [0, -21.8, 0],
							"easing": "easeInCubic"
						},
						"1.5": {
							"vector": [0.6, 16.5, 0]
						},
						"2.9667": {
							"vector": [0.6, 16.5, 0]
						},
						"3.1667": {
							"vector": [0, 0, 0],
							"easing": "linear"
						}
					}
				},
				"_camera_": {
					"rotation": {
						"0.0": {
							"vector": [0, 0, 0]
						},
						"0.3667": {
							"vector": [0.58161, 4.77819, -5.07834],
							"easing": "easeInSine"
						},
						"1.0667": {
							"vector": [1.54974, 9.91845, -8.12326],
							"easing": "easeOutQuad"
						},
						"1.4333": {
							"vector": [1.70334, 5.07134, 1.79069],
							"easing": "easeInSine"
						},
						"1.9": {
							"vector": [1.82975, 0.82652, 9.66918],
							"easing": "easeOutQuad"
						},
						"2.4667": {
							"vector": [3.0257, 1.08457, 6.42898],
							"easing": "easeInSine"
						},
						"3.0667": {
							"vector": [4.33954, 1.25443, 3.43317],
							"easing": "easeOutQuad"
						},
						"3.5667": {
							"vector": [0, 0, 0],
							"easing": "easeOutSine"
						}
					}
				},
				"rightarm": {
					"rotation": {
						"1.4": {
							"vector": [0, 0, 0]
						},
						"1.7667": {
							"vector": [121.71734, 12.74274, -72.62023],
							"easing": "easeInQuad"
						},
						"2.9333": {
							"vector": [121.71734, 12.74274, -72.62023],
							"easing": "easeInQuad"
						},
						"3.2": {
							"vector": [0, 0, 0]
						}
					},
					"position": {
						"1.4": {
							"vector": [0, 0, 0]
						},
						"1.7667": {
							"vector": [23.13666, -13.97872, 2.53235],
							"easing": "easeInQuad"
						},
						"2.9333": {
							"vector": [23.13666, -13.97872, 2.53235],
							"easing": "easeInQuad"
						},
						"3.2": {
							"vector": [0, 0, 0]
						}
					}
				}
			},
			"sound_effects": {
				"0.0333": {
					"effect": "soltek_fiddle_jostlesmall"
				},
				"1.2667": {
					"effect": "soltek_fiddle_jostlelong"
				}
			}
		},
		"animation.model.preparefire": {
			"loop": true,
			"animation_length": 1.1,
			"bones": {
				"main": {
					"rotation": {
						"0.0": {
							"vector": [0, 0, 0]
						},
						"0.3667": {
							"vector": [0.2, -0.5, -0.2],
							"easing": "easeInQuint"
						},
						"0.5333": {
							"vector": [-0.1, 0.2, -0.1]
						},
						"0.6667": {
							"vector": [-0.15, -0.5, 0.15]
						},
						"0.8": {
							"vector": [0, 0.4, 0]
						},
						"0.9": {
							"vector": [0, -0.6, 0]
						},
						"0.9667": {
							"vector": [0, 0.7, 0]
						},
						"1.0333": {
							"vector": [0, -2.5, 0]
						},
						"1.0667": {
							"vector": [0, 0, 0]
						}
					},
					"position": {
						"0.0": {
							"vector": [0, 0, 0]
						},
						"1.0667": {
							"vector": [0, 0, 2],
							"easing": "easeInExpo"
						}
					}
				},
				"leftarm": {
					"rotation": {
						"vector": [0, 0, 0]
					},
					"position": {
						"vector": [0, 0, 0]
					}
				},
				"_camera_": {
					"rotation": {
						"0.2667": {
							"vector": [0, 0, 0]
						},
						"0.4": {
							"vector": [0, 0, -0.5]
						},
						"0.5": {
							"vector": [0, 0, 0.08]
						},
						"0.6333": {
							"vector": [0, 0, 1.14]
						},
						"0.7333": {
							"vector": [0, 0, -0.93]
						},
						"0.8667": {
							"vector": [0, 0, 1.24]
						},
						"0.9667": {
							"vector": [0, 0, -0.63]
						},
						"1.0667": {
							"vector": [0, 0, 0]
						}
					}
				}
			},
			"sound_effects": {
				"0.0": {
					"effect": "soltek_whiplash_charge"
				}
			}
		},
		"animation.model.chargefire": {
			"loop": true,
			"animation_length": 0.6667,
			"bones": {
				"main": {
					"rotation": {
						"0.0": {
							"vector": [-6.5, 0, 0],
							"easing": "easeInBack"
						},
						"0.6667": {
							"vector": [0, 0, 0],
							"easing": "easeOutBack"
						}
					},
					"position": {
						"0.0": {
							"vector": [0, -0.725, 6.425],
							"easing": "easeInBack"
						},
						"0.6667": {
							"vector": [0, 0, 0],
							"easing": "easeOutBack"
						}
					}
				},
				"Lever Switch": {
					"rotation": {
						"vector": [0, 0, 0]
					},
					"position": {
						"0.0": {
							"vector": [0, 0, 12]
						},
						"0.6667": {
							"vector": [0, 0, 0],
							"easing": "easeOutExpo"
						}
					}
				},
				"_camera_": {
					"rotation": {
						"0.0": {
							"vector": [0, 0, 0]
						},
						"0.1333": {
							"vector": [-3, 0, 0],
							"easing": "easeOutExpo"
						},
						"0.6": {
							"vector": [0, 0, 0],
							"easing": "easeOutCirc"
						}
					}
				}
			}
		}
	},
	"geckolib_format_version": 2
}