{
	"format_version": "1.8.0",
	"animations": {
		"animation.model.reload": {
			"loop": true,
			"animation_length": 4.5667,
			"blend_weight": 1,
			"bones": {
				"leftarm": {
					"rotation": {
						"0.0": {
							"vector": [0, 0, 0]
						},
						"0.2667": {
							"vector": [11.7539, 4.87341, 18.70946]
						},
						"2.0667": {
							"vector": [11.75, 4.87, 18.71]
						},
						"2.3333": {
							"vector": [11.99745, -10.93143, 16.1541],
							"easing": "easeInQuad"
						},
						"3.0667": {
							"vector": [11.99745, -10.93143, 16.1541],
							"easing": "linear"
						},
						"3.3333": {
							"vector": [-2.35608, -7.00762, 18.1137]
						},
						"3.8667": {
							"vector": [-2.35608, -7.00762, 18.1137]
						},
						"4.3": {
							"vector": [0, 0, 0],
							"easing": "easeOutBack"
						}
					},
					"position": {
						"0.0": {
							"vector": [0, 0, 0]
						},
						"0.2667": {
							"vector": [0.47018, 0.17421, 1.63912]
						},
						"2.0667": {
							"vector": [0.59285, 0.53453, 1.52639]
						},
						"2.3333": {
							"vector": [-7.22251, -0.30724, 4.84099],
							"easing": "easeInQuad"
						},
						"3.0667": {
							"vector": [-7.22251, -0.30724, 4.84099],
							"easing": "linear"
						},
						"3.3333": {
							"vector": [-5.37159, -8.35779, 2.31482]
						},
						"3.8667": {
							"vector": [-5.37159, -8.35779, 2.31482]
						},
						"4.3": {
							"vector": [0, 0, 0],
							"easing": "easeOutBack"
						}
					}
				},
				"rightarm": {
					"rotation": {
						"0.0": {
							"vector": [0, 0, 0]
						},
						"0.1": {
							"vector": [-0.65371, 17.23825, 0.1382]
						},
						"0.3667": {
							"vector": [3.78142, 20.29283, 94.04912],
							"easing": "easeInQuad"
						},
						"0.7667": {
							"vector": [4.08902, 29.78501, 94.07354],
							"easing": "easeOutBack"
						},
						"1.0333": {
							"vector": [-12.15709, 5.65105, 50.72032],
							"easing": "easeInSine"
						},
						"1.3333": {
							"vector": [-26.52496, 34.71063, 25.61087],
							"easing": "easeOutBack"
						},
						"1.6": {
							"vector": [-24.76, 29.55, 71.23],
							"easing": "easeOutSine"
						},
						"1.8": {
							"vector": [-28.89883, 35.25899, -33.61217],
							"easing": "easeOutQuart"
						},
						"1.9667": {
							"vector": [-28.9, 35.26, -14.36],
							"easing": "easeInSine"
						},
						"2.1667": {
							"vector": [73.95306, 38.51475, -4.72259],
							"easing": "easeInSine"
						},
						"2.2333": {
							"vector": [73.95, 38.51, -4.72]
						},
						"2.4333": {
							"vector": [-19.64975, 31.06531, 33.55149],
							"easing": "easeOutBack"
						},
						"2.6333": {
							"vector": [-30.41501, 21.6539, 50.48008],
							"easing": "easeInSine"
						},
						"2.7333": {
							"vector": [-29.47138, 18.28095, 76.4681],
							"easing": "easeOutBack"
						},
						"2.9": {
							"vector": [-30.42, 21.65, 76.48]
						},
						"3.1": {
							"vector": [-30.42, 21.65, 35.48],
							"easing": "easeOutQuad"
						},
						"3.3333": {
							"vector": [-5.93072, 20.83202, 47.90218],
							"easing": "easeInQuint"
						},
						"3.4333": {
							"vector": [-2.08414, 16.89824, 47.77999],
							"easing": "easeOutBack"
						},
						"3.7": {
							"vector": [6.18279, 23.94394, 78.0115]
						},
						"3.7667": {
							"vector": [6.18279, 23.94394, 78.0115]
						},
						"4.0": {
							"vector": [6.18279, 23.94394, 78.0115],
							"easing": "easeInSine"
						},
						"4.0667": {
							"vector": [15.28879, 23.64472, 78.31536]
						},
						"4.2667": {
							"vector": [13.00531, 24.01874, 45.22771]
						},
						"4.5333": {
							"vector": [0, 0, 0]
						}
					},
					"position": {
						"0.0": {
							"vector": [0, 0, 0]
						},
						"0.1": {
							"vector": [-4.1, 0, 0],
							"easing": "easeInQuad"
						},
						"0.3667": {
							"vector": [-6.71896, 11.84697, -5.66072],
							"easing": "easeOutSine"
						},
						"0.6667": {
							"vector": [-5.80219, 6.56118, 13.49884],
							"easing": "easeInCubic"
						},
						"0.7667": {
							"vector": [-6.18531, 6.69384, 18.77614],
							"easing": "easeOutBack"
						},
						"0.9667": {
							"vector": [-6.47, 15.425, 1.355],
							"easing": "easeInSine"
						},
						"1.0667": {
							"vector": [-6.47, 15.425, 1.355],
							"easing": "easeOutSine"
						},
						"1.3": {
							"vector": [-8.37, 12.955, -6.04],
							"easing": "easeOutQuint"
						},
						"1.4667": {
							"vector": [-8.37, 10.785, -7.56],
							"easing": "easeOutBack"
						},
						"1.6": {
							"vector": [-8.37, 9.735, -14.735],
							"easing": "easeOutSine"
						},
						"1.8": {
							"vector": [-9.17, 9.74, -14.305],
							"easing": "easeOutQuart"
						},
						"1.9": {
							"vector": [-8.27, 8.19, -14.3],
							"easing": "easeInSine"
						},
						"2.1333": {
							"vector": [-9.17, -0.86, -10.4],
							"easing": "easeInSine"
						},
						"2.2333": {
							"vector": [-9.17, -0.86, -10.4]
						},
						"2.4333": {
							"vector": [-8.045, 11.39, -2.2]
						},
						"2.6667": {
							"vector": [-8.04, 14.765, -3.9]
						},
						"2.7667": {
							"vector": [-8.04, 14.49, -10.775],
							"easing": "easeOutQuad"
						},
						"2.8667": {
							"vector": [-8.04, 14.49, -10.775]
						},
						"3.1": {
							"vector": [-8.04, 16.565, -25.22],
							"easing": "easeInCubic"
						},
						"3.3333": {
							"vector": [-3.99, 11.24, -12.92],
							"easing": "easeInQuint"
						},
						"3.5": {
							"vector": [-4.815, 10.49, -12.92],
							"easing": "easeOutBack"
						},
						"3.7": {
							"vector": [-4.00528, 6.5483, 18.09205]
						},
						"3.7667": {
							"vector": [-4.00528, 6.5483, 18.09205]
						},
						"4.0": {
							"vector": [-6.21802, 7.52484, -6.35058],
							"easing": "easeInSine"
						},
						"4.0667": {
							"vector": [-3.98429, 8.49247, -13.49769]
						},
						"4.2667": {
							"vector": [-4.76, 5.2, -7.14]
						},
						"4.5333": {
							"vector": [0, 0, 0]
						}
					}
				},
				"main": {
					"rotation": {
						"0.0": {
							"vector": ["0 * (math.abs(pbj.aimprog - 1.1))", "0 * (math.abs(pbj.aimprog - 1.1))", "0 * (math.abs(pbj.aimprog - 1.1))"]
						},
						"0.2": {
							"vector": [
								"-6.7141581036 * (math.abs(pbj.aimprog - 1.1))",
								"-6.4640995439 * (math.abs(pbj.aimprog - 1.1))",
								"9.5551597973 * (math.abs(pbj.aimprog - 1.1))"
							],
							"easing": "easeInSine"
						},
						"0.3333": {
							"vector": [
								"-7.9500110849 * (math.abs(pbj.aimprog - 1.1))",
								"-6.2509149092 * (math.abs(pbj.aimprog - 1.1))",
								"26.1972701964 * (math.abs(pbj.aimprog - 1.1))"
							]
						},
						"0.4333": {
							"vector": [
								"-6.4618762649 * (math.abs(pbj.aimprog - 1.1))",
								"-6.5014599018 * (math.abs(pbj.aimprog - 1.1))",
								"28.7819944663 * (math.abs(pbj.aimprog - 1.1))"
							]
						},
						"0.6": {
							"vector": [
								"-10.3851440104 * (math.abs(pbj.aimprog - 1.1))",
								"-12.3326512062 * (math.abs(pbj.aimprog - 1.1))",
								"33.9232589007 * (math.abs(pbj.aimprog - 1.1))"
							],
							"easing": "easeInSine"
						},
						"0.8": {
							"vector": [
								"-12.0779333228 * (math.abs(pbj.aimprog - 1.1))",
								"-13.8784555573 * (math.abs(pbj.aimprog - 1.1))",
								"44.0655686553 * (math.abs(pbj.aimprog - 1.1))"
							],
							"easing": "easeOutBack"
						},
						"0.9": {
							"vector": [
								"-13.7649747432 * (math.abs(pbj.aimprog - 1.1))",
								"-13.1070978536 * (math.abs(pbj.aimprog - 1.1))",
								"41.4708360905 * (math.abs(pbj.aimprog - 1.1))"
							]
						},
						"1.0": {
							"vector": [
								"-15.6921964697 * (math.abs(pbj.aimprog - 1.1))",
								"-15.1228692076 * (math.abs(pbj.aimprog - 1.1))",
								"43.1913643016 * (math.abs(pbj.aimprog - 1.1))"
							],
							"easing": "easeInQuad"
						},
						"1.3333": {
							"vector": [
								"-11.6518605306 * (math.abs(pbj.aimprog - 1.1))",
								"-18.6753101551 * (math.abs(pbj.aimprog - 1.1))",
								"42.0152518017 * (math.abs(pbj.aimprog - 1.1))"
							],
							"easing": "easeOutBack"
						},
						"1.4333": {
							"vector": [
								"-12.5684072695 * (math.abs(pbj.aimprog - 1.1))",
								"-17.7797212725 * (math.abs(pbj.aimprog - 1.1))",
								"41.0608876312 * (math.abs(pbj.aimprog - 1.1))"
							]
						},
						"1.5667": {
							"vector": [
								"-11.3730586384 * (math.abs(pbj.aimprog - 1.1))",
								"-18.7613398781 * (math.abs(pbj.aimprog - 1.1))",
								"40.6825524013 * (math.abs(pbj.aimprog - 1.1))"
							],
							"easing": "easeInCubic"
						},
						"1.8333": {
							"vector": [
								"-15.3784357114 * (math.abs(pbj.aimprog - 1.1))",
								"-13.3964568998 * (math.abs(pbj.aimprog - 1.1))",
								"24.3730650559 * (math.abs(pbj.aimprog - 1.1))"
							],
							"easing": "easeOutBack"
						},
						"1.9667": {
							"vector": [
								"-15.1548284703 * (math.abs(pbj.aimprog - 1.1))",
								"-12.9423816659 * (math.abs(pbj.aimprog - 1.1))",
								"27.8266020301 * (math.abs(pbj.aimprog - 1.1))"
							]
						},
						"2.2333": {
							"vector": [
								"-23.4655004014 * (math.abs(pbj.aimprog - 1.1))",
								"-10.4964595057 * (math.abs(pbj.aimprog - 1.1))",
								"17.5221009614 * (math.abs(pbj.aimprog - 1.1))"
							],
							"easing": "easeInSine"
						},
						"2.4": {
							"vector": [
								"-25.2184838814 * (math.abs(pbj.aimprog - 1.1))",
								"-10.1760729258 * (math.abs(pbj.aimprog - 1.1))",
								"10.8335454375 * (math.abs(pbj.aimprog - 1.1))"
							],
							"easing": "easeOutBack"
						},
						"2.6": {
							"vector": [
								"-26.719234325 * (math.abs(pbj.aimprog - 1.1))",
								"-9.9140796464 * (math.abs(pbj.aimprog - 1.1))",
								"10.3415665664 * (math.abs(pbj.aimprog - 1.1))"
							],
							"easing": "easeInSine"
						},
						"2.8333": {
							"vector": [
								"-19.695230259 * (math.abs(pbj.aimprog - 1.1))",
								"-16.9239786435 * (math.abs(pbj.aimprog - 1.1))",
								"14.9144453105 * (math.abs(pbj.aimprog - 1.1))"
							],
							"easing": "easeOutBack"
						},
						"2.9333": {
							"vector": [
								"-23.9332002902 * (math.abs(pbj.aimprog - 1.1))",
								"-16.5138739136 * (math.abs(pbj.aimprog - 1.1))",
								"13.2734503219 * (math.abs(pbj.aimprog - 1.1))"
							]
						},
						"3.2333": {
							"vector": [
								"-24.2497917277 * (math.abs(pbj.aimprog - 1.1))",
								"-12.9707730683 * (math.abs(pbj.aimprog - 1.1))",
								"3.4003718876 * (math.abs(pbj.aimprog - 1.1))"
							],
							"easing": "easeInSine"
						},
						"3.5": {
							"vector": [
								"-28.8542874264 * (math.abs(pbj.aimprog - 1.1))",
								"-12.6629042736 * (math.abs(pbj.aimprog - 1.1))",
								"-7.3281112664 * (math.abs(pbj.aimprog - 1.1))"
							],
							"easing": "easeOutBack"
						},
						"3.6333": {
							"vector": ["-28.85 * (math.abs(pbj.aimprog - 1.1))", "-12.66 * (math.abs(pbj.aimprog - 1.1))", "-2.58 * (math.abs(pbj.aimprog - 1.1))"]
						},
						"3.8667": {
							"vector": [
								"-25.7801219063 * (math.abs(pbj.aimprog - 1.1))",
								"-12.507426236 * (math.abs(pbj.aimprog - 1.1))",
								"-3.2489745456 * (math.abs(pbj.aimprog - 1.1))"
							],
							"easing": "easeInQuad"
						},
						"4.1667": {
							"vector": [
								"-15.0718028699 * (math.abs(pbj.aimprog - 1.1))",
								"-11.7064014281 * (math.abs(pbj.aimprog - 1.1))",
								"1.247538396 * (math.abs(pbj.aimprog - 1.1))"
							],
							"easing": "easeOutBack"
						},
						"4.5": {
							"vector": ["0 * (math.abs(pbj.aimprog - 1.1))", "0 * (math.abs(pbj.aimprog - 1.1))", "0 * (math.abs(pbj.aimprog - 1.1))"],
							"easing": "easeInSine"
						}
					},
					"position": {
						"0.0": {
							"vector": ["0 * (math.abs(pbj.aimprog - 1.1))", "0 * (math.abs(pbj.aimprog - 1.1))", "0 * (math.abs(pbj.aimprog - 1.1))"]
						},
						"0.1667": {
							"vector": ["0 * (math.abs(pbj.aimprog - 1.1))", "-2.175 * (math.abs(pbj.aimprog - 1.1))", "-3.8 * (math.abs(pbj.aimprog - 1.1))"],
							"easing": "easeInSine"
						},
						"0.3667": {
							"vector": ["0 * (math.abs(pbj.aimprog - 1.1))", "-2.17 * (math.abs(pbj.aimprog - 1.1))", "-3.225 * (math.abs(pbj.aimprog - 1.1))"],
							"easing": "easeOutBack"
						},
						"0.4667": {
							"vector": ["0 * (math.abs(pbj.aimprog - 1.1))", "-2.17 * (math.abs(pbj.aimprog - 1.1))", "-4.945 * (math.abs(pbj.aimprog - 1.1))"]
						},
						"0.7": {
							"vector": ["0 * (math.abs(pbj.aimprog - 1.1))", "-2.17 * (math.abs(pbj.aimprog - 1.1))", "-5.49 * (math.abs(pbj.aimprog - 1.1))"],
							"easing": "easeInQuad"
						},
						"0.8667": {
							"vector": ["-0.15 * (math.abs(pbj.aimprog - 1.1))", "-2.17 * (math.abs(pbj.aimprog - 1.1))", "-5.49 * (math.abs(pbj.aimprog - 1.1))"]
						},
						"1.1": {
							"vector": ["-0.15 * (math.abs(pbj.aimprog - 1.1))", "-2.795 * (math.abs(pbj.aimprog - 1.1))", "-5.59 * (math.abs(pbj.aimprog - 1.1))"]
						},
						"1.2667": {
							"vector": ["-0.15 * (math.abs(pbj.aimprog - 1.1))", "-2.465 * (math.abs(pbj.aimprog - 1.1))", "-6.24 * (math.abs(pbj.aimprog - 1.1))"],
							"easing": "easeOutSine"
						},
						"1.5": {
							"vector": ["-0.55 * (math.abs(pbj.aimprog - 1.1))", "-2.46 * (math.abs(pbj.aimprog - 1.1))", "-4.415 * (math.abs(pbj.aimprog - 1.1))"]
						},
						"1.7": {
							"vector": ["-1.475 * (math.abs(pbj.aimprog - 1.1))", "-2.46 * (math.abs(pbj.aimprog - 1.1))", "-2.41 * (math.abs(pbj.aimprog - 1.1))"],
							"easing": "easeInQuad"
						},
						"1.9": {
							"vector": ["-1.345 * (math.abs(pbj.aimprog - 1.1))", "-2.46 * (math.abs(pbj.aimprog - 1.1))", "-3.41 * (math.abs(pbj.aimprog - 1.1))"]
						},
						"2.2667": {
							"vector": ["-2.19 * (math.abs(pbj.aimprog - 1.1))", "-2.46 * (math.abs(pbj.aimprog - 1.1))", "-0.53 * (math.abs(pbj.aimprog - 1.1))"],
							"easing": "easeInBack"
						},
						"2.4333": {
							"vector": ["-2.715 * (math.abs(pbj.aimprog - 1.1))", "-1.91 * (math.abs(pbj.aimprog - 1.1))", "-1.33 * (math.abs(pbj.aimprog - 1.1))"],
							"easing": "linear"
						},
						"2.5667": {
							"vector": ["-2.36 * (math.abs(pbj.aimprog - 1.1))", "-2.435 * (math.abs(pbj.aimprog - 1.1))", "-2.33 * (math.abs(pbj.aimprog - 1.1))"]
						},
						"2.7333": {
							"vector": ["-1.16 * (math.abs(pbj.aimprog - 1.1))", "-2.43 * (math.abs(pbj.aimprog - 1.1))", "-4.33 * (math.abs(pbj.aimprog - 1.1))"],
							"easing": "easeOutQuad"
						},
						"2.9": {
							"vector": ["-0.535 * (math.abs(pbj.aimprog - 1.1))", "-2.43 * (math.abs(pbj.aimprog - 1.1))", "-4.33 * (math.abs(pbj.aimprog - 1.1))"]
						},
						"3.0": {
							"vector": ["-0.88 * (math.abs(pbj.aimprog - 1.1))", "-2.43 * (math.abs(pbj.aimprog - 1.1))", "-4.33 * (math.abs(pbj.aimprog - 1.1))"]
						},
						"3.1667": {
							"vector": ["-1.18 * (math.abs(pbj.aimprog - 1.1))", "-2.43 * (math.abs(pbj.aimprog - 1.1))", "-4.33 * (math.abs(pbj.aimprog - 1.1))"],
							"easing": "easeInSine"
						},
						"3.4333": {
							"vector": ["0.77 * (math.abs(pbj.aimprog - 1.1))", "-1.23 * (math.abs(pbj.aimprog - 1.1))", "-3.33 * (math.abs(pbj.aimprog - 1.1))"],
							"easing": "easeOutBack"
						},
						"3.6": {
							"vector": ["0.295 * (math.abs(pbj.aimprog - 1.1))", "-2.03 * (math.abs(pbj.aimprog - 1.1))", "-3.33 * (math.abs(pbj.aimprog - 1.1))"]
						},
						"3.7667": {
							"vector": ["-0.45 * (math.abs(pbj.aimprog - 1.1))", "-2.03 * (math.abs(pbj.aimprog - 1.1))", "-3.23 * (math.abs(pbj.aimprog - 1.1))"]
						},
						"3.9333": {
							"vector": ["0.775 * (math.abs(pbj.aimprog - 1.1))", "-2.03 * (math.abs(pbj.aimprog - 1.1))", "-2.73 * (math.abs(pbj.aimprog - 1.1))"],
							"easing": "easeInQuart"
						},
						"4.0333": {
							"vector": ["1.43 * (math.abs(pbj.aimprog - 1.1))", "-2.03 * (math.abs(pbj.aimprog - 1.1))", "-4.305 * (math.abs(pbj.aimprog - 1.1))"]
						},
						"4.3": {
							"vector": ["0.71 * (math.abs(pbj.aimprog - 1.1))", "-2.03 * (math.abs(pbj.aimprog - 1.1))", "-3.95 * (math.abs(pbj.aimprog - 1.1))"]
						},
						"4.5667": {
							"vector": ["0 * (math.abs(pbj.aimprog - 1.1))", "0 * (math.abs(pbj.aimprog - 1.1))", "0 * (math.abs(pbj.aimprog - 1.1))"],
							"easing": "easeInQuad"
						}
					}
				},
				"magazine": {
					"rotation": {
						"1.5667": {
							"vector": [0, 0, 0]
						},
						"1.6667": {
							"vector": [-32.47055, -36.0183, -91.99379],
							"easing": "easeInCubic"
						},
						"2.2333": {
							"vector": [-42.81449, -48.66951, -145.21908],
							"easing": "easeOutQuad"
						},
						"2.3": {
							"vector": [0, 0, 0]
						}
					},
					"position": {
						"1.5667": {
							"vector": [0, 0, 0]
						},
						"1.6667": {
							"vector": [-36.27, 4.63, 0],
							"easing": "easeInCubic"
						},
						"2.2333": {
							"vector": [-82.07, -0.32, 19],
							"easing": "easeOutQuad"
						},
						"2.3": {
							"vector": [0, 0, 0]
						}
					},
					"scale": {
						"1.6667": {
							"vector": [1, 1, 1]
						},
						"2.2333": {
							"vector": [0, 0, 0]
						},
						"3.4333": {
							"vector": [0, 0, 0]
						},
						"3.6333": {
							"vector": [1, 1, 1]
						}
					}
				},
				"Switch": {
					"rotation": {
						"vector": [0, 0, 0]
					},
					"position": {
						"0.3667": {
							"vector": [0, 0, 0]
						},
						"0.6667": {
							"vector": [0, 0, 24],
							"easing": "easeInCubic"
						},
						"3.7667": {
							"vector": [0, 0, 24]
						},
						"4.0": {
							"vector": [0, 0, 0],
							"easing": "easeInSine"
						}
					}
				},
				"Magazine Holder": {
					"rotation": {
						"1.0": {
							"vector": [0, 0, 0]
						},
						"1.3": {
							"vector": [62.09109, 0, 0],
							"easing": "easeOutQuad"
						},
						"3.1": {
							"vector": [62.09, 0, 0]
						},
						"3.3333": {
							"vector": [0, 0, 0],
							"easing": "easeInQuint"
						}
					},
					"position": {
						"1.0": {
							"vector": [0, 0, 0]
						},
						"1.3": {
							"vector": [0, 0, 0],
							"easing": "easeOutQuad"
						}
					}
				},
				"_camera_": {
					"rotation": {
						"0.0667": {
							"vector": [0, 0, 0]
						},
						"0.2667": {
							"vector": [0, -2, 0],
							"easing": "linear"
						},
						"0.4": {
							"vector": [1.001, -3.24981, -0.02185]
						},
						"0.5667": {
							"vector": [-0.25046, -2.75008, -0.01126]
						},
						"0.9333": {
							"vector": [0, 0, 0],
							"easing": "easeOutQuad"
						},
						"1.1333": {
							"vector": [0, -3, 3.5],
							"easing": "easeInSine"
						},
						"1.4333": {
							"vector": [0.04152, -2.50035, 1.99847],
							"easing": "easeOutBack"
						},
						"1.6667": {
							"vector": [0.01298, -2.50388, 2.74666],
							"easing": "easeInSine"
						},
						"1.9": {
							"vector": [0.21894, -1.24186, -1.75145],
							"easing": "easeInSine"
						},
						"2.3667": {
							"vector": [0.28291, -1.2308, -4.50108],
							"easing": "easeOutBack"
						},
						"2.9333": {
							"vector": [1.83933, -0.11618, -3.87972],
							"easing": "easeInSine"
						},
						"3.4667": {
							"vector": [2.72363, 1.35809, -3.65922],
							"easing": "easeOutCubic"
						},
						"4.3": {
							"vector": [0, 0, 0],
							"easing": "easeInSine"
						}
					}
				},
				"magazine2": {
					"rotation": {
						"2.2333": {
							"vector": [0, 0, 0]
						},
						"2.4333": {
							"vector": [10, -28.75, 0],
							"easing": "easeOutQuad"
						},
						"2.6333": {
							"vector": [23.17486, -1.43682, -7.03636]
						},
						"2.7667": {
							"vector": [0, 0, 0],
							"easing": "easeOutBack"
						}
					},
					"position": {
						"2.2333": {
							"vector": [-17.525, -39, 10.125]
						},
						"2.4333": {
							"vector": [-7.17, 7.075, 10.13],
							"easing": "easeOutQuad"
						},
						"2.6333": {
							"vector": [0, 3.805, 6.955]
						},
						"2.7667": {
							"vector": [0, 0, 0],
							"easing": "easeOutBack"
						}
					}
				},
				"ExtraController": {
					"rotation": {
						"0.0": {
							"vector": [0, 0, 0]
						},
						"0.8667": {
							"vector": [-1.5, 0, -41.75],
							"easing": "easeOutBack"
						},
						"3.8333": {
							"vector": [-6.0063, 5.03071, -41.94806]
						},
						"4.3": {
							"vector": [0, 0, 0],
							"easing": "easeOutSine"
						}
					}
				}
			},
			"sound_effects": {
				"0.4333": {
					"effect": "soltek_retinal_leverback"
				},
				"0.9667": {
					"effect": "soltek_whiplash_portup"
				},
				"1.4667": {
					"effect": "soltek_strumvalion_magout"
				},
				"2.5667": {
					"effect": "soltek_retinal_magin"
				},
				"3.1667": {
					"effect": "soltek_retinal_portdown"
				},
				"3.6333": {
					"effect": "soltek_fiddle_jostlelong"
				},
				"3.9333": {
					"effect": "soltek_retinal_leverforward"
				}
			}
		},
		"animation.model.draw": {
			"loop": true,
			"animation_length": 1.25,
			"bones": {
				"main": {
					"rotation": {
						"0.3": {
							"vector": [-90, 0, 0]
						},
						"0.85": {
							"vector": [0, 0, 0],
							"easing": "easeOutBack"
						},
						"1.0": {
							"vector": [-1.25, 0, 0],
							"easing": "linear"
						},
						"1.2": {
							"vector": [0.25, 0, 0]
						}
					},
					"position": {
						"0.15": {
							"vector": [-14.075, 9, 22.125]
						},
						"0.35": {
							"vector": [0, 9, 6],
							"easing": "easeInSine"
						},
						"0.95": {
							"vector": [0, 0, 0],
							"easing": "easeOutBack"
						}
					}
				},
				"leftarm": {
					"rotation": {
						"0.0": {
							"vector": [196.20738, 34.62918, 122.98149]
						},
						"0.2": {
							"vector": [2.67106, 23.84473, 36.24151],
							"easing": "easeInSine"
						},
						"0.75": {
							"vector": [0, 0, 0],
							"easing": "easeOutCubic"
						}
					},
					"position": {
						"0.0": {
							"vector": [22, 0, 21.175]
						},
						"0.2": {
							"vector": [13.2229, -9.45815, 5.44183],
							"easing": "easeInSine"
						},
						"0.75": {
							"vector": [0, 0, 0],
							"easing": "easeOutCubic"
						}
					}
				},
				"rightarm": {
					"rotation": {
						"vector": [0, 0, 0]
					},
					"position": {
						"vector": [0, 0, 0]
					}
				},
				"_camera_": {
					"rotation": {
						"0.15": {
							"vector": [0, 0, 0]
						},
						"0.35": {
							"vector": [-0.02727, -1.2497, 1.2503]
						},
						"0.5": {
							"vector": [-0.06558, 0.33917, -2.08977]
						},
						"1.2": {
							"vector": [0, 0, 0],
							"easing": "easeOutSine"
						}
					}
				}
			},
			"sound_effects": {
				"0.0": {
					"effect": "soltek_fiddle_jostleheavy"
				}
			}
		},
		"animation.model.inspect": {
			"loop": true,
			"animation_length": 5.3,
			"bones": {
				"main": {
					"rotation": {
						"0.1667": {
							"vector": [0, 0, 0]
						},
						"0.5": {
							"vector": [0, 0, 0]
						}
					},
					"position": {
						"0.1667": {
							"vector": [0, 0, 0]
						},
						"0.5": {
							"vector": [0, 0, 0]
						}
					}
				},
				"leftarm": {
					"rotation": {
						"0.0": {
							"vector": [0, 0, 0]
						},
						"0.2": {
							"vector": [-14.31265, 23.07004, 13.71468],
							"easing": "easeOutSine"
						},
						"0.8333": {
							"vector": [-14.31265, 23.07004, 13.71468],
							"easing": "linear"
						},
						"1.0667": {
							"vector": [0.78453, -7.91128, 26.79137],
							"easing": "easeOutSine"
						},
						"2.2667": {
							"vector": [0.78453, -7.91128, 26.79137],
							"easing": "easeOutSine"
						},
						"3.0": {
							"vector": [220.222, 63.88483, 165.19992]
						},
						"4.3333": {
							"vector": [220.22, 63.88, 165.2]
						},
						"5.0667": {
							"vector": [0, 0, 0],
							"easing": "easeInSine"
						}
					},
					"position": {
						"0.0": {
							"vector": [0, 0, 0]
						},
						"0.2": {
							"vector": [9.81423, -7.99161, -5.34996],
							"easing": "easeOutSine"
						},
						"0.8333": {
							"vector": [9.81423, -7.99161, -5.34996],
							"easing": "linear"
						},
						"1.0667": {
							"vector": [-5.74, -5.685, 3.43],
							"easing": "easeOutSine"
						},
						"2.2667": {
							"vector": [-5.74, -5.685, 3.43],
							"easing": "easeOutSine"
						},
						"3.0": {
							"vector": [7.57017, -9.7896, 41.3491]
						},
						"4.3333": {
							"vector": [16.75162, 7.5431, 37.85436]
						},
						"5.0667": {
							"vector": [0, 0, 0],
							"easing": "easeInSine"
						}
					}
				},
				"_camera_": {
					"rotation": {
						"0.0": {
							"vector": [0, 0, 0]
						},
						"0.5": {
							"vector": [-5.20426, 7.01888, -5.7926],
							"easing": "easeInSine"
						},
						"1.0333": {
							"vector": [-8.42922, 14.2187, -12.88079],
							"easing": "easeOutQuad"
						},
						"1.4667": {
							"vector": [-6.31616, 20.05158, -12.40639],
							"easing": "easeInSine"
						},
						"2.2667": {
							"vector": [-6.8488, 27.10452, -17.10769],
							"easing": "easeOutQuad"
						},
						"2.7667": {
							"vector": [-14.83738, 30.61771, -6.1172],
							"easing": "easeInSine"
						},
						"3.5667": {
							"vector": [-20.46759, 32.19424, -5.16952],
							"easing": "easeOutQuad"
						},
						"4.1333": {
							"vector": [0.23849, 28.78175, 5.1442],
							"easing": "easeInSine"
						},
						"4.7": {
							"vector": [7.29188, 26.30956, 9.9444],
							"easing": "easeOutQuad"
						},
						"5.2": {
							"vector": [0, 0, 0],
							"easing": "easeOutSine"
						}
					}
				},
				"ExtraController": {
					"rotation": {
						"0.0": {
							"vector": [0, 0, 0]
						},
						"0.4667": {
							"vector": [-16.59746, -20.68144, 6.00928],
							"easing": "easeOutBack"
						},
						"0.5667": {
							"vector": [-16.6, -20.68, 4.76]
						},
						"0.7": {
							"vector": [-13.12647, -20.77334, 1.03035]
						},
						"0.9667": {
							"vector": [-15.8964, -25.59598, -25.05983],
							"easing": "easeInQuad"
						},
						"1.3333": {
							"vector": [-22.45205, -32.30307, -25.27697],
							"easing": "easeOutBack"
						},
						"1.4667": {
							"vector": [-22.52756, -33.12552, -27.4464]
						},
						"1.7667": {
							"vector": [-23.53667, -31.93779, -24.18439]
						},
						"2.1333": {
							"vector": [-20.3046, -32.3813, -25.5615]
						},
						"2.4333": {
							"vector": [-43.54339, -12.46942, -3.66764],
							"easing": "easeInQuad"
						},
						"2.8667": {
							"vector": [-72.09607, -7.00273, -1.86235],
							"easing": "easeOutBack"
						},
						"3.0667": {
							"vector": [-72.08363, -7.49974, -3.36207]
						},
						"3.6333": {
							"vector": [-76.29664, -9.61038, -3.10215],
							"easing": "easeInCubic"
						},
						"4.0667": {
							"vector": [-84.53652, -14.20255, -3.95319],
							"easing": "easeOutBack"
						},
						"4.3333": {
							"vector": [-86.21554, -16.30915, -3.4785]
						},
						"4.5667": {
							"vector": [-85.17899, -16.24651, -3.77098]
						},
						"4.8667": {
							"vector": [-65.93523, -8.86071, -8.90286],
							"easing": "easeInSine"
						},
						"5.2333": {
							"vector": [0, 0, 0],
							"easing": "easeOutBack"
						}
					},
					"position": {
						"0.0": {
							"vector": [0, 0, 0]
						},
						"0.6667": {
							"vector": [-5.4, 0, -5.425],
							"easing": "easeOutBack"
						},
						"0.7667": {
							"vector": [-5.775, 0, -4.745]
						},
						"0.9": {
							"vector": [-5.995, 0, -4.74]
						},
						"1.0667": {
							"vector": [-8.415, 0, -4.21],
							"easing": "easeInSine"
						},
						"1.3667": {
							"vector": [-9.835, -0.925, -3.385],
							"easing": "easeOutQuad"
						},
						"1.6": {
							"vector": [-10.265, -0.75, -3.38]
						},
						"1.8667": {
							"vector": [-10.61, -0.75, -3.38],
							"easing": "easeInSine"
						},
						"2.0667": {
							"vector": [-10.31, -1.025, -3.38]
						},
						"2.3333": {
							"vector": [-10.31, -1.47, -0.78],
							"easing": "easeInSine"
						},
						"2.8": {
							"vector": [-11.16, -7.37, 1.92],
							"easing": "easeOutBack"
						},
						"2.9": {
							"vector": [-11.16, -7.945, 1.92]
						},
						"3.2333": {
							"vector": [-11.16, -7.79, 1.92],
							"easing": "easeInSine"
						},
						"3.5667": {
							"vector": [-11.16, -8.365, 1.92],
							"easing": "easeInSine"
						},
						"4.0": {
							"vector": [-11.16, -12.36, 1.92],
							"easing": "easeOutBack"
						},
						"4.2": {
							"vector": [-11.16, -13.035, 1.92]
						},
						"4.4": {
							"vector": [-11.16, -13.58, 1.92]
						},
						"4.7667": {
							"vector": [-8.56, -8.405, 1.92],
							"easing": "easeInSine"
						},
						"5.2667": {
							"vector": [0, 0, 0],
							"easing": "easeOutBack",
							"easingArgs": [0.3]
						}
					}
				},
				"Grip": {
					"rotation": {
						"2.4667": {
							"vector": [0, 0, 0]
						},
						"2.7": {
							"vector": [19.85011, 2.49119, 0.30392],
							"easing": "easeOutSine"
						},
						"2.8": {
							"vector": [14.63993, 1.81373, 0.11103],
							"easing": "easeInSine"
						},
						"3.1": {
							"vector": [19.85011, 2.49119, 0.30392],
							"easing": "easeOutQuad"
						},
						"3.5667": {
							"vector": [19.85, 2.49, 0.3]
						},
						"3.9": {
							"vector": [29.55825, 4.92142, 1.42663],
							"easing": "easeOutQuad"
						},
						"4.8667": {
							"vector": [29.56, 4.92, 1.43]
						},
						"5.0333": {
							"vector": [0, 0, 0],
							"easing": "easeOutQuart"
						}
					}
				}
			},
			"sound_effects": {
				"0.0": {
					"effect": "soltek_fiddle_jostlelong"
				},
				"0.8": {
					"effect": "soltek_fiddle_jostle"
				},
				"2.4": {
					"effect": "soltek_fiddle_jostlequick"
				},
				"3.5": {
					"effect": "soltek_fiddle_jostlesmall"
				},
				"4.8333": {
					"effect": "soltek_fiddle_jostlelightspeedy"
				}
			}
		},
		"animation.model.laserfire": {
			"loop": true,
			"animation_length": 0.8667,
			"bones": {
				"main": {
					"rotation": {
						"0.0": {
							"vector": [-1.5, 0, 0],
							"easing": "easeInBack"
						},
						"0.7": {
							"vector": [0, 0, 0],
							"easing": "easeOutBack",
							"easingArgs": [3]
						}
					},
					"position": {
						"0.0": {
							"vector": [0, -0.725, 3],
							"easing": "easeInBack"
						},
						"0.7": {
							"vector": [0, 0, 0],
							"easing": "easeOutBack",
							"easingArgs": [1]
						}
					}
				},
				"Slide": {
					"position": {
						"0.0": {
							"vector": [0, 0, -21.5]
						},
						"0.1": {
							"vector": [0, 0, -21.5]
						},
						"0.8667": {
							"vector": [0, 0, 0],
							"easing": "easeInCubic"
						}
					}
				},
				"ring": {
					"position": {
						"0.0": {
							"vector": [0, 0, -4]
						},
						"0.7": {
							"vector": [0, 0, 0],
							"easing": "easeOutBack"
						}
					},
					"scale": {
						"0.0": {
							"vector": [0.4, 0.4, 0.4]
						},
						"0.8333": {
							"vector": [1, 1, 1],
							"easing": "easeInOutBack"
						}
					}
				}
			},
			"sound_effects": {}
		},
		"animation.model.charge": {
			"loop": true,
			"animation_length": 1.3333,
			"bones": {
				"main": {
					"position": {
						"0.0": {
							"vector": [0, 0, 0]
						},
						"1.3333": {
							"vector": [0, 0, 3],
							"easing": "easeInExpo"
						}
					}
				},
				"Slide": {
					"position": {
						"0.0": {
							"vector": [0, 0, 0]
						},
						"1.3333": {
							"vector": [0, 0, -21.5],
							"easing": "linear"
						}
					}
				},
				"ring": {
					"position": {
						"0.0": {
							"vector": [0, 0, 0]
						},
						"1.3333": {
							"vector": [0, 0, -4],
							"easing": "easeInQuad"
						}
					},
					"scale": {
						"0.0": {
							"vector": [1, 1, 1]
						},
						"1.3333": {
							"vector": [0.4, 0.4, 0.4],
							"easing": "easeInQuad"
						}
					}
				}
			},
			"sound_effects": {
				"0.0": {
					"effect": "soltek_retinal_charge"
				},
				"1.2917": {
					"effect": "soltek_azuris_explosion"
				}
			}
		}
	},
	"geckolib_format_version": 2
}