{
	"format_version": "1.8.0",
	"animations": {
		"animation.model.draw": {
			"animation_length": 1.2,
			"bones": {
				"main": {
					"rotation": {
						"0.0": [32.09413, -54.38778, -8.29667],
						"0.2": [0.58201, -1.04064, 2.6563],
						"0.2833": [0.32388, 0.39763, -2.15014],
						"0.3833": [0, 0, 0]
					},
					"position": {
						"0.0": [0, -17.3, 0],
						"0.15": [0.4, -3, -2.6],
						"0.2333": [0.16, -0.875, 0.6],
						"0.3333": [0, 0, 0]
					}
				},
				"leftarm": {
					"rotation": {
						"0.0": [0, 0, 0],
						"0.2": [1, 0, -22],
						"0.4": [0, 0, 0]
					},
					"position": {
						"0.0": [0, 0, 0],
						"0.2": [3.53901, 3.6754, 5.59783],
						"0.4": [0, 0, 0]
					}
				},
				"_camera_": {
					"rotation": {
						"0.0": [0, 0, 0],
						"0.1667": [1.24886, -0.50333, 0.0435],
						"0.2667": [0.44082, -0.01767, 1.01624],
						"0.3833": [0, 0, 0]
					}
				},
				"ringphysics": {
					"rotation": {
						"0.0": [0, 0, 52.5],
						"0.1": [0, 0, 0],
						"0.15": [0, 0, 12.75],
						"0.2333": [0, 0, -1.75],
						"0.3": [0, 0, 57.5],
						"0.4333": [0, 0, 1],
						"0.55": [0, 0, 20.5],
						"0.7333": [0, 0, 0]
					}
				}
			},
			"sound_effects": {
				"0.0": {
					"effect": "soltek_fiddle_jostlelightspeedy"
				}
			}
		},
		"animation.model.throw": {
			"animation_length": 1.4833,
			"bones": {
				"main": {
					"rotation": {
						"0.0": [0, 0, 0],
						"0.1": [-3.38764, -4.66038, 7.01322],
						"0.2167": [-6.86943, -10.67461, 8.27835],
						"0.3333": [-8.60345, -9.33309, 14.24501],
						"0.4167": [-6.99907, -5.81529, 4.85685],
						"0.4833": [-7.51411, -2.71059, 7.47576],
						"0.55": [-6.97616, -8.82384, 4.97632],
						"0.7167": [-35.60438, -16.97287, 8.8992],
						"0.8333": [-36.25003, -15.35906, 11.21766],
						"0.9": [-36.25003, -15.35906, 11.21766]
					},
					"position": {
						"0.0": [0, 0, 0],
						"0.15": [-0.405, -3.05, 1.24],
						"0.25": [-0.825, -2.425, 2.625],
						"0.35": [-0.505, -2.05, 2.005],
						"0.4167": [-1.8, -2.455, 2.01],
						"0.5": [-1.14, -2.9, 2.01],
						"0.5667": [-0.87, -2.455, 2.01],
						"0.65": [-3.42, -2.015, 11.125],
						"0.7167": [-5.97, 2.3, 23.01],
						"0.8": [-5.57, 11.03, 38.015],
						"0.8833": [-5.57, 11.03, 38.015]
					}
				},
				"grenade": {
					"rotation": {
						"0.0": [0, 0, 0],
						"0.9": [0, 0, 0],
						"1.0": [29.79262, 34.49995, -79.5539],
						"1.0833": [29.79, 34.5, -79.55]
					},
					"position": {
						"0.0": [0, 0, 0],
						"0.9": [0, 0, 0],
						"0.95": [-20.18864, -48.27634, -59.31615],
						"1.0": [-38.21449, -106.0069, -112.43478],
						"1.0833": [0, 0, 0]
					},
					"scale": {
						"0.8833": [1, 1, 1],
						"0.9": [0, 0, 0]
					}
				},
				"rightarm": {
					"rotation": {
						"0.0": [0, 0, -2.5],
						"0.1167": [-0.22062, 0.97949, 6.94526],
						"0.4167": [-0.22062, 0.97949, 6.94526],
						"0.5": [2.22064, -7.06004, -4.34666],
						"0.9": [2.22064, -7.06004, -4.34666],
						"0.95": [29.3349, 16.872, 6.2793],
						"1.0167": [63.54067, 11.88403, 12.85594]
					},
					"position": {
						"0.0": [0, 0, 0],
						"0.1167": [-0.83372, 1.32591, -0.00145],
						"0.4167": [-0.83372, 1.32591, -0.00145],
						"0.5": [-2.42908, 0.73796, -1.87114],
						"0.9": [-2.42908, 0.73796, -1.87114],
						"0.95": [-9.1551, -24.21683, -27.57408],
						"1.0167": [-5.80126, -34.58698, -6.48505]
					}
				},
				"leftarm": {
					"rotation": {
						"0.0": [0, 0, 0],
						"0.1333": [-69.69487, 33.26012, 26.2517],
						"0.2333": [-84.44933, 23.30687, 14.79004],
						"0.2833": [-83.63379, 16.8867, 9.81653],
						"0.3667": [-70.2942, 23.40099, 17.84523],
						"0.4333": [-70.2942, 23.40099, 17.84523],
						"0.55": [-62.4206, 17.28705, 34.72133],
						"0.8333": [-31.27949, 11.07106, 52.1354]
					},
					"position": {
						"0.0": [0, 0, 0],
						"0.1333": [5.44561, -1.55595, -12.92032],
						"0.2333": [-6.0983, 4.29193, -16.9131],
						"0.2833": [-5.91764, 4.4334, -15.88848],
						"0.3667": [-4.76201, 5.072, -19.80264],
						"0.4333": [-4.76201, 5.072, -19.80264],
						"0.55": [9.14361, -6.78405, -14.1231],
						"0.8333": [19.20835, -9.76009, -2.90629]
					}
				},
				"_camera_": {
					"rotation": {
						"0.0": [0, 0, 0],
						"0.1833": [1.50658, -0.25418, -0.0089],
						"0.2833": [1.84015, -0.30752, 1.7403],
						"0.3833": [2.18788, -0.27165, 0.62548],
						"0.45": [1.9229, -0.94457, -1.70807],
						"0.5333": [1.50431, -0.26731, 0.49093],
						"0.6667": [1.28924, 0.08772, -1.31891],
						"0.7833": [0.99793, 0.49567, -0.24583],
						"0.85": [0.99136, 0.50869, -0.99575],
						"0.9167": [2.33311, 0.24029, 2.93047],
						"0.9667": [1.15705, 0.19113, -2.03406],
						"1.0167": [0, 0, 0]
					},
					"position": [0, 0, 0]
				},
				"glowactivator": {
					"position": {
						"0.35": [0, 0, 0],
						"0.3667": [0, 0, -0.05]
					},
					"scale": {
						"0.35": [1, 1, 1],
						"0.3667": [1.1, 1.1, 1.1]
					}
				},
				"ringphysics": {
					"rotation": {
						"0.0": [0, 0, 0],
						"0.1333": [0, 0, 11.75],
						"0.2333": [0, 0, 0.39],
						"0.2833": [0, 0, 7.83],
						"0.4": [0, 0, 0.29]
					}
				},
				"top": {
					"rotation": {
						"0.2333": [0, 0, 0],
						"0.3667": [0, 45, 0]
					}
				}
			},
			"sound_effects": {
				"0.2167": {
					"effect": "soltek_soltact_grenade_leverclick"
				},
				"0.8": {
					"effect": "soltek_throwable_throw"
				}
			}
		}
	}
}