{
	"format_version": "1.8.0",
	"animations": {
		"animation.model.reload": {
			"loop": true,
			"animation_length": 2.7667,
			"blend_weight": 1,
			"bones": {
				"main": {
					"rotation": {
						"0.0": {
							"vector": ["0 * (math.abs(pbj.aimprog - 1.1))", "0 * (math.abs(pbj.aimprog - 1.1))", "0 * (math.abs(pbj.aimprog - 1.1))"]
						},
						"0.2333": {
							"vector": [
								"-3.8056440925 * (math.abs(pbj.aimprog - 1.1))",
								"-6.9547216936 * (math.abs(pbj.aimprog - 1.1))",
								"0.8141305853 * (math.abs(pbj.aimprog - 1.1))"
							],
							"easing": "easeOutBack"
						},
						"0.3": {
							"vector": [
								"-1.022878577 * (math.abs(pbj.aimprog - 1.1))",
								"-6.9220079244 * (math.abs(pbj.aimprog - 1.1))",
								"2.5726770183 * (math.abs(pbj.aimprog - 1.1))"
							]
						},
						"0.4667": {
							"vector": [
								"-1.7796267888 * (math.abs(pbj.aimprog - 1.1))",
								"-7.0613878728 * (math.abs(pbj.aimprog - 1.1))",
								"-1.4574540236 * (math.abs(pbj.aimprog - 1.1))"
							]
						},
						"1.1": {
							"vector": [
								"-1.5974288782 * (math.abs(pbj.aimprog - 1.1))",
								"-8.1037702713 * (math.abs(pbj.aimprog - 1.1))",
								"-2.9427867263 * (math.abs(pbj.aimprog - 1.1))"
							],
							"easing": "easeInSine"
						},
						"1.3": {
							"vector": [
								"-4.2176090549 * (math.abs(pbj.aimprog - 1.1))",
								"-8.1608345688 * (math.abs(pbj.aimprog - 1.1))",
								"-5.9265682441 * (math.abs(pbj.aimprog - 1.1))"
							],
							"easing": "easeInSine"
						},
						"1.4333": {
							"vector": [
								"-5.9964496552 * (math.abs(pbj.aimprog - 1.1))",
								"-8.5129679846 * (math.abs(pbj.aimprog - 1.1))",
								"-9.195292808 * (math.abs(pbj.aimprog - 1.1))"
							],
							"easing": "easeOutBack"
						},
						"1.5333": {
							"vector": [
								"-4.1559406868 * (math.abs(pbj.aimprog - 1.1))",
								"-8.3203841054 * (math.abs(pbj.aimprog - 1.1))",
								"-6.4266790597 * (math.abs(pbj.aimprog - 1.1))"
							],
							"easing": "linear"
						},
						"1.7": {
							"vector": [
								"-7.0413642375 * (math.abs(pbj.aimprog - 1.1))",
								"-8.4933609557 * (math.abs(pbj.aimprog - 1.1))",
								"-8.9510754834 * (math.abs(pbj.aimprog - 1.1))"
							],
							"easing": "easeInSine"
						},
						"2.0667": {
							"vector": [
								"-5.6569781437 * (math.abs(pbj.aimprog - 1.1))",
								"-8.0936578651 * (math.abs(pbj.aimprog - 1.1))",
								"-4.6737898424 * (math.abs(pbj.aimprog - 1.1))"
							],
							"easing": "easeOutBack"
						},
						"2.6667": {
							"vector": ["0 * (math.abs(pbj.aimprog - 1.1))", "0 * (math.abs(pbj.aimprog - 1.1))", "0 * (math.abs(pbj.aimprog - 1.1))"],
							"easing": "easeOutSine"
						}
					},
					"position": {
						"0.0": {
							"vector": ["0 * (math.abs(pbj.aimprog - 1.1))", "0 * (math.abs(pbj.aimprog - 1.1))", "0 * (math.abs(pbj.aimprog - 1.1))"]
						},
						"0.1667": {
							"vector": ["0 * (math.abs(pbj.aimprog - 1.1))", "0 * (math.abs(pbj.aimprog - 1.1))", "1.675 * (math.abs(pbj.aimprog - 1.1))"],
							"easing": "easeInSine"
						},
						"0.3667": {
							"vector": ["0 * (math.abs(pbj.aimprog - 1.1))", "0 * (math.abs(pbj.aimprog - 1.1))", "2.055 * (math.abs(pbj.aimprog - 1.1))"]
						},
						"0.5": {
							"vector": ["-0.075 * (math.abs(pbj.aimprog - 1.1))", "0 * (math.abs(pbj.aimprog - 1.1))", "1.71 * (math.abs(pbj.aimprog - 1.1))"]
						},
						"0.6667": {
							"vector": ["-0.07 * (math.abs(pbj.aimprog - 1.1))", "0.1 * (math.abs(pbj.aimprog - 1.1))", "1.69 * (math.abs(pbj.aimprog - 1.1))"]
						},
						"1.2667": {
							"vector": ["-0.37 * (math.abs(pbj.aimprog - 1.1))", "0.1 * (math.abs(pbj.aimprog - 1.1))", "1.44 * (math.abs(pbj.aimprog - 1.1))"],
							"easing": "easeInSine"
						},
						"1.3667": {
							"vector": ["-0.695 * (math.abs(pbj.aimprog - 1.1))", "0.1 * (math.abs(pbj.aimprog - 1.1))", "1.715 * (math.abs(pbj.aimprog - 1.1))"]
						},
						"1.5": {
							"vector": ["-0.49 * (math.abs(pbj.aimprog - 1.1))", "0.1 * (math.abs(pbj.aimprog - 1.1))", "1.695 * (math.abs(pbj.aimprog - 1.1))"]
						},
						"1.6667": {
							"vector": ["-0.615 * (math.abs(pbj.aimprog - 1.1))", "0.1 * (math.abs(pbj.aimprog - 1.1))", "2.325 * (math.abs(pbj.aimprog - 1.1))"],
							"easing": "easeInSine"
						},
						"2.1667": {
							"vector": ["-1.21 * (math.abs(pbj.aimprog - 1.1))", "0.1 * (math.abs(pbj.aimprog - 1.1))", "2.83 * (math.abs(pbj.aimprog - 1.1))"],
							"easing": "easeOutBack"
						},
						"2.7667": {
							"vector": ["0 * (math.abs(pbj.aimprog - 1.1))", "0 * (math.abs(pbj.aimprog - 1.1))", "0 * (math.abs(pbj.aimprog - 1.1))"],
							"easing": "easeOutSine"
						}
					}
				},
				"magazine": {
					"rotation": {
						"0.0": {
							"vector": [0, 0, 0]
						},
						"0.2667": {
							"vector": [0, 0, 0]
						},
						"0.4333": {
							"vector": [-12.25, 0, 0]
						},
						"0.8333": {
							"vector": [-287.75, 0, 0]
						}
					},
					"position": {
						"0.0": {
							"vector": [0, 0, 0]
						},
						"0.2667": {
							"vector": [0, 0, 0]
						},
						"0.4333": {
							"vector": [0, -13.975, -1.25]
						},
						"0.8333": {
							"vector": [0, -58.47, -7.2]
						}
					}
				},
				"leftarm": {
					"rotation": {
						"0.0": {
							"vector": [0, 0, 0]
						},
						"0.2667": {
							"vector": [-9.89661, 11.47369, 6.98963],
							"easing": "easeInSine"
						},
						"0.4667": {
							"vector": [37.30335, 32.15447, 30.52235],
							"easing": "easeOutBack"
						},
						"0.6": {
							"vector": [28.70275, 35.7564, 25.48281]
						},
						"0.8333": {
							"vector": [101.66776, 28.35511, 38.97496],
							"easing": "easeInQuad"
						},
						"1.0667": {
							"vector": [101.66776, 28.35511, 38.97496]
						},
						"1.3667": {
							"vector": [12.62409, 27.16033, 23.64721],
							"easing": "easeInQuad"
						},
						"1.5": {
							"vector": [7.61879, 30.29295, 21.14789]
						},
						"1.7667": {
							"vector": [-1.57991, 23.87323, 16.981],
							"easing": "easeOutQuad"
						},
						"1.9667": {
							"vector": [15.11379, 29.00691, 24.67921],
							"easing": "easeOutQuad"
						},
						"2.5333": {
							"vector": [0, 0, 0],
							"easing": "easeOutQuad"
						}
					},
					"position": {
						"0.0": {
							"vector": [0, 0, 0]
						},
						"0.2": {
							"vector": [3.925, 4.125, 15.95],
							"easing": "easeInSine"
						},
						"0.2667": {
							"vector": [3.925, 5.55, 15.95]
						},
						"0.4": {
							"vector": [8.175, 4.35, 13.875],
							"easing": "linear"
						},
						"0.6": {
							"vector": [8.175, 4.35, 16.075]
						},
						"0.8333": {
							"vector": [8.18, -17.5, 7.98],
							"easing": "easeInQuad"
						},
						"1.0667": {
							"vector": [8.18, -17.5, 7.98]
						},
						"1.3333": {
							"vector": [4.705, -4.97, 4.805],
							"easing": "easeInQuad"
						},
						"1.4667": {
							"vector": [5.435, -4.97, 7.485],
							"easing": "easeInSine"
						},
						"1.6667": {
							"vector": [5.44, -3.87, 7.49],
							"easing": "easeOutBack"
						},
						"1.9333": {
							"vector": [8.395, -3.18, 8.65],
							"easing": "easeOutSine"
						},
						"2.6": {
							"vector": [0, 0, 0],
							"easing": "easeOutQuart"
						}
					}
				},
				"rightarm": {
					"rotation": {
						"vector": [-0.1985, -7.49704, 0.14516]
					},
					"position": {
						"vector": [-2.46627, -0.10012, -0.89337]
					}
				},
				"Holder": {
					"rotation": {
						"0.2333": {
							"vector": [0, 0, 0]
						},
						"0.3333": {
							"vector": [0, 0, -45]
						},
						"1.7667": {
							"vector": [0, 0, -45]
						},
						"1.8333": {
							"vector": [0, 0, 0]
						}
					},
					"position": {
						"0.2333": {
							"vector": [0, 0, 0]
						},
						"0.3333": {
							"vector": [0, 0, 0]
						},
						"1.7667": {
							"vector": [0, 0, 0]
						},
						"1.8333": {
							"vector": [0, 0, 0]
						}
					}
				},
				"Holder2": {
					"rotation": {
						"0.2333": {
							"vector": [0, 0, 0]
						},
						"0.3333": {
							"vector": [0, 0, 45]
						},
						"1.7667": {
							"vector": [0, 0, 45]
						},
						"1.8333": {
							"vector": [0, 0, 0]
						}
					},
					"position": {
						"0.2333": {
							"vector": [0, 0, 0]
						},
						"0.3333": {
							"vector": [0, 0, 0]
						},
						"1.7667": {
							"vector": [0, 0, 0]
						},
						"1.8333": {
							"vector": [0, 0, 0]
						}
					}
				},
				"magazine2": {
					"rotation": {
						"0.8333": {
							"vector": [52.77913, 15.87758, 2.00141]
						},
						"1.0667": {
							"vector": [52.77913, 15.87758, 2.00141]
						},
						"1.3333": {
							"vector": [-8.71164, -0.54318, -10.81117],
							"easing": "easeInQuad"
						},
						"1.5": {
							"vector": [-3.20371, -0.62706, -0.06084]
						},
						"1.7667": {
							"vector": [0, 0, 0],
							"easing": "linear"
						}
					},
					"position": {
						"0.8333": {
							"vector": [7.7, -32.975, 9.85]
						},
						"1.0667": {
							"vector": [7.7, -32.975, 9.85]
						},
						"1.3333": {
							"vector": [0.455, -4.34, -0.9],
							"easing": "easeInQuad"
						},
						"1.5": {
							"vector": [0, -4.34, 0]
						},
						"1.7667": {
							"vector": [0, 0, 0],
							"easing": "easeOutBack"
						}
					}
				}
			},
			"sound_effects": {
				"0.1333": {
					"effect": "soltek_strumvalion_magout"
				},
				"0.2": {
					"effect": "soltek_strumvalion_openclaw"
				},
				"1.2667": {
					"effect": "soltek_strumvalion_premagin"
				},
				"1.4667": {
					"effect": "soltek_strumvalion_magin"
				},
				"1.7": {
					"effect": "soltek_strumvalion_closeclaw"
				}
			}
		},
		"animation.model.reloadempty": {
			"loop": true,
			"animation_length": 3.5,
			"blend_weight": 1,
			"bones": {
				"main": {
					"rotation": {
						"0.0": {
							"vector": ["0 * (math.abs(pbj.aimprog - 1.1))", "0 * (math.abs(pbj.aimprog - 1.1))", "0 * (math.abs(pbj.aimprog - 1.1))"]
						},
						"0.2333": {
							"vector": [
								"-3.8056440925 * (math.abs(pbj.aimprog - 1.1))",
								"-6.9547216936 * (math.abs(pbj.aimprog - 1.1))",
								"0.8141305853 * (math.abs(pbj.aimprog - 1.1))"
							],
							"easing": "easeOutBack"
						},
						"0.3": {
							"vector": [
								"-1.022878577 * (math.abs(pbj.aimprog - 1.1))",
								"-6.9220079244 * (math.abs(pbj.aimprog - 1.1))",
								"2.5726770183 * (math.abs(pbj.aimprog - 1.1))"
							]
						},
						"0.4667": {
							"vector": [
								"-1.7796267888 * (math.abs(pbj.aimprog - 1.1))",
								"-7.0613878728 * (math.abs(pbj.aimprog - 1.1))",
								"-1.4574540236 * (math.abs(pbj.aimprog - 1.1))"
							]
						},
						"1.1": {
							"vector": [
								"-1.5974288782 * (math.abs(pbj.aimprog - 1.1))",
								"-8.1037702713 * (math.abs(pbj.aimprog - 1.1))",
								"-2.9427867263 * (math.abs(pbj.aimprog - 1.1))"
							],
							"easing": "easeInSine"
						},
						"1.3": {
							"vector": [
								"-4.2176090549 * (math.abs(pbj.aimprog - 1.1))",
								"-8.1608345688 * (math.abs(pbj.aimprog - 1.1))",
								"-5.9265682441 * (math.abs(pbj.aimprog - 1.1))"
							],
							"easing": "easeInSine"
						},
						"1.4333": {
							"vector": [
								"-5.9964496552 * (math.abs(pbj.aimprog - 1.1))",
								"-8.5129679846 * (math.abs(pbj.aimprog - 1.1))",
								"-9.195292808 * (math.abs(pbj.aimprog - 1.1))"
							],
							"easing": "easeOutBack"
						},
						"1.5333": {
							"vector": [
								"-4.1559406868 * (math.abs(pbj.aimprog - 1.1))",
								"-8.3203841054 * (math.abs(pbj.aimprog - 1.1))",
								"-6.4266790597 * (math.abs(pbj.aimprog - 1.1))"
							],
							"easing": "linear"
						},
						"1.7": {
							"vector": [
								"-7.0413642375 * (math.abs(pbj.aimprog - 1.1))",
								"-8.4933609557 * (math.abs(pbj.aimprog - 1.1))",
								"-8.9510754834 * (math.abs(pbj.aimprog - 1.1))"
							],
							"easing": "easeInSine"
						},
						"2.0667": {
							"vector": [
								"-5.6569781437 * (math.abs(pbj.aimprog - 1.1))",
								"-8.0936578651 * (math.abs(pbj.aimprog - 1.1))",
								"-4.6737898424 * (math.abs(pbj.aimprog - 1.1))"
							],
							"easing": "easeOutBack"
						},
						"2.4667": {
							"vector": [
								"-7.5011575216 * (math.abs(pbj.aimprog - 1.1))",
								"-1.6112878687 * (math.abs(pbj.aimprog - 1.1))",
								"-9.071682746 * (math.abs(pbj.aimprog - 1.1))"
							],
							"easing": "easeInSine"
						},
						"2.7667": {
							"vector": [
								"-12.0637074436 * (math.abs(pbj.aimprog - 1.1))",
								"-3.1492170217 * (math.abs(pbj.aimprog - 1.1))",
								"-6.6952896206 * (math.abs(pbj.aimprog - 1.1))"
							],
							"easing": "easeOutBack"
						},
						"2.9667": {
							"vector": [
								"-5.1140448835 * (math.abs(pbj.aimprog - 1.1))",
								"-3.0613290668 * (math.abs(pbj.aimprog - 1.1))",
								"-5.7024738402 * (math.abs(pbj.aimprog - 1.1))"
							],
							"easing": "easeInSine"
						},
						"3.4": {
							"vector": ["0 * (math.abs(pbj.aimprog - 1.1))", "0 * (math.abs(pbj.aimprog - 1.1))", "0 * (math.abs(pbj.aimprog - 1.1))"],
							"easing": "easeOutBack"
						}
					},
					"position": {
						"0.0": {
							"vector": ["0 * (math.abs(pbj.aimprog - 1.1))", "0 * (math.abs(pbj.aimprog - 1.1))", "0 * (math.abs(pbj.aimprog - 1.1))"]
						},
						"0.1667": {
							"vector": ["0 * (math.abs(pbj.aimprog - 1.1))", "0 * (math.abs(pbj.aimprog - 1.1))", "1.675 * (math.abs(pbj.aimprog - 1.1))"],
							"easing": "easeInSine"
						},
						"0.3667": {
							"vector": ["0 * (math.abs(pbj.aimprog - 1.1))", "0 * (math.abs(pbj.aimprog - 1.1))", "2.055 * (math.abs(pbj.aimprog - 1.1))"]
						},
						"0.5": {
							"vector": ["-0.075 * (math.abs(pbj.aimprog - 1.1))", "0 * (math.abs(pbj.aimprog - 1.1))", "1.71 * (math.abs(pbj.aimprog - 1.1))"]
						},
						"0.6667": {
							"vector": ["-0.07 * (math.abs(pbj.aimprog - 1.1))", "0.1 * (math.abs(pbj.aimprog - 1.1))", "1.69 * (math.abs(pbj.aimprog - 1.1))"]
						},
						"1.2667": {
							"vector": ["-0.37 * (math.abs(pbj.aimprog - 1.1))", "0.1 * (math.abs(pbj.aimprog - 1.1))", "1.44 * (math.abs(pbj.aimprog - 1.1))"],
							"easing": "easeInSine"
						},
						"1.3667": {
							"vector": ["-0.695 * (math.abs(pbj.aimprog - 1.1))", "0.1 * (math.abs(pbj.aimprog - 1.1))", "1.715 * (math.abs(pbj.aimprog - 1.1))"]
						},
						"1.5": {
							"vector": ["-0.49 * (math.abs(pbj.aimprog - 1.1))", "0.1 * (math.abs(pbj.aimprog - 1.1))", "1.695 * (math.abs(pbj.aimprog - 1.1))"]
						},
						"1.6667": {
							"vector": ["-0.615 * (math.abs(pbj.aimprog - 1.1))", "0.1 * (math.abs(pbj.aimprog - 1.1))", "2.325 * (math.abs(pbj.aimprog - 1.1))"],
							"easing": "easeInSine"
						},
						"2.1667": {
							"vector": ["-1.21 * (math.abs(pbj.aimprog - 1.1))", "0.1 * (math.abs(pbj.aimprog - 1.1))", "2.83 * (math.abs(pbj.aimprog - 1.1))"],
							"easing": "easeOutBack"
						},
						"2.4": {
							"vector": ["-0.435 * (math.abs(pbj.aimprog - 1.1))", "0.1 * (math.abs(pbj.aimprog - 1.1))", "3.28 * (math.abs(pbj.aimprog - 1.1))"]
						},
						"2.5667": {
							"vector": ["-0.805 * (math.abs(pbj.aimprog - 1.1))", "0.1 * (math.abs(pbj.aimprog - 1.1))", "4.13 * (math.abs(pbj.aimprog - 1.1))"]
						},
						"2.7333": {
							"vector": ["0.025 * (math.abs(pbj.aimprog - 1.1))", "0.1 * (math.abs(pbj.aimprog - 1.1))", "3.105 * (math.abs(pbj.aimprog - 1.1))"],
							"easing": "easeInQuad"
						},
						"3.0333": {
							"vector": ["0.305 * (math.abs(pbj.aimprog - 1.1))", "0.1 * (math.abs(pbj.aimprog - 1.1))", "2.36 * (math.abs(pbj.aimprog - 1.1))"],
							"easing": "easeOutBack"
						},
						"3.5": {
							"vector": ["0 * (math.abs(pbj.aimprog - 1.1))", "0 * (math.abs(pbj.aimprog - 1.1))", "0 * (math.abs(pbj.aimprog - 1.1))"],
							"easing": "easeOutBack"
						}
					}
				},
				"magazine": {
					"rotation": {
						"0.0": {
							"vector": [0, 0, 0]
						},
						"0.2667": {
							"vector": [0, 0, 0]
						},
						"0.4333": {
							"vector": [-12.25, 0, 0]
						},
						"0.8333": {
							"vector": [-287.75, 0, 0]
						}
					},
					"position": {
						"0.0": {
							"vector": [0, 0, 0]
						},
						"0.2667": {
							"vector": [0, 0, 0]
						},
						"0.4333": {
							"vector": [0, -13.975, -1.25]
						},
						"0.8333": {
							"vector": [0, -58.47, -7.2]
						}
					}
				},
				"leftarm": {
					"rotation": {
						"0.0": {
							"vector": [0, 0, 0]
						},
						"0.2667": {
							"vector": [-9.89661, 11.47369, 6.98963],
							"easing": "easeInSine"
						},
						"0.4667": {
							"vector": [37.30335, 32.15447, 30.52235],
							"easing": "easeOutBack"
						},
						"0.6": {
							"vector": [28.70275, 35.7564, 25.48281]
						},
						"0.8333": {
							"vector": [101.66776, 28.35511, 38.97496],
							"easing": "easeInQuad"
						},
						"1.0667": {
							"vector": [101.66776, 28.35511, 38.97496]
						},
						"1.3667": {
							"vector": [12.62409, 27.16033, 23.64721],
							"easing": "easeInQuad"
						},
						"1.5": {
							"vector": [7.61879, 30.29295, 21.14789]
						},
						"1.7667": {
							"vector": [-1.57991, 23.87323, 16.981],
							"easing": "easeOutQuad"
						},
						"1.9667": {
							"vector": [15.11379, 29.00691, 24.67921],
							"easing": "easeOutQuad"
						},
						"2.2667": {
							"vector": [1.62037, -0.84245, -16.52421],
							"easing": "linear"
						},
						"2.5667": {
							"vector": [1.62, -0.84, -16.52],
							"easing": "easeInBack"
						},
						"2.8667": {
							"vector": [8.72247, 3.07432, -5.43342],
							"easing": "easeOutBack"
						},
						"3.1667": {
							"vector": [15.4138, -0.67862, -23.93652]
						},
						"3.4": {
							"vector": [0, 0, 0],
							"easing": "easeOutQuad"
						}
					},
					"position": {
						"0.0": {
							"vector": [0, 0, 0]
						},
						"0.2": {
							"vector": [3.925, 4.125, 15.95],
							"easing": "easeInSine"
						},
						"0.2667": {
							"vector": [3.925, 5.55, 15.95]
						},
						"0.4": {
							"vector": [8.175, 4.35, 13.875],
							"easing": "linear"
						},
						"0.6": {
							"vector": [8.175, 4.35, 16.075]
						},
						"0.8333": {
							"vector": [8.18, -17.5, 7.98],
							"easing": "easeInQuad"
						},
						"1.0667": {
							"vector": [8.18, -17.5, 7.98]
						},
						"1.3333": {
							"vector": [4.705, -4.97, 4.805],
							"easing": "easeInQuad"
						},
						"1.4667": {
							"vector": [5.435, -4.97, 7.485],
							"easing": "easeInSine"
						},
						"1.6667": {
							"vector": [5.44, -3.87, 7.49],
							"easing": "easeOutBack"
						},
						"1.9333": {
							"vector": [8.395, -3.18, 8.65],
							"easing": "easeOutQuart"
						},
						"2.2667": {
							"vector": [1.975, 12.795, 8.65],
							"easing": "linear"
						},
						"2.5667": {
							"vector": [1.98, 12.8, 20.65],
							"easing": "easeInExpo"
						},
						"2.8": {
							"vector": [5.67934, 13.0665, 25.77897],
							"easing": "easeInElastic"
						},
						"3.1667": {
							"vector": [2.66167, 5.38762, 5.60287]
						},
						"3.4": {
							"vector": [0, 0, 0],
							"easing": "easeOutQuad"
						}
					}
				},
				"rightarm": {
					"rotation": {
						"vector": [-0.1985, -7.49704, 0.14516]
					},
					"position": {
						"vector": [-2.46627, -0.10012, -0.89337]
					}
				},
				"Holder": {
					"rotation": {
						"0.2333": {
							"vector": [0, 0, 0]
						},
						"0.3333": {
							"vector": [0, 0, -45]
						},
						"1.7667": {
							"vector": [0, 0, -45]
						},
						"1.8333": {
							"vector": [0, 0, 0]
						}
					},
					"position": {
						"0.2333": {
							"vector": [0, 0, 0]
						},
						"0.3333": {
							"vector": [0, 0, 0]
						},
						"1.7667": {
							"vector": [0, 0, 0]
						},
						"1.8333": {
							"vector": [0, 0, 0]
						}
					}
				},
				"Holder2": {
					"rotation": {
						"0.2333": {
							"vector": [0, 0, 0]
						},
						"0.3333": {
							"vector": [0, 0, 45]
						},
						"1.7667": {
							"vector": [0, 0, 45]
						},
						"1.8333": {
							"vector": [0, 0, 0]
						}
					},
					"position": {
						"0.2333": {
							"vector": [0, 0, 0]
						},
						"0.3333": {
							"vector": [0, 0, 0]
						},
						"1.7667": {
							"vector": [0, 0, 0]
						},
						"1.8333": {
							"vector": [0, 0, 0]
						}
					}
				},
				"magazine2": {
					"rotation": {
						"0.8333": {
							"vector": [52.77913, 15.87758, 2.00141]
						},
						"1.0667": {
							"vector": [52.77913, 15.87758, 2.00141]
						},
						"1.3333": {
							"vector": [-8.71164, -0.54318, -10.81117],
							"easing": "easeInQuad"
						},
						"1.5": {
							"vector": [-3.20371, -0.62706, -0.06084]
						},
						"1.7667": {
							"vector": [0, 0, 0],
							"easing": "linear"
						}
					},
					"position": {
						"0.8333": {
							"vector": [7.7, -32.975, 9.85]
						},
						"1.0667": {
							"vector": [7.7, -32.975, 9.85]
						},
						"1.3333": {
							"vector": [0.455, -4.34, -0.9],
							"easing": "easeInQuad"
						},
						"1.5": {
							"vector": [0, -4.34, 0]
						},
						"1.7667": {
							"vector": [0, 0, 0],
							"easing": "easeOutBack"
						}
					}
				},
				"Slider": {
					"position": {
						"2.2667": {
							"vector": [0, 0, 0]
						},
						"2.5667": {
							"vector": [0, 0, 9],
							"easing": "easeInExpo"
						},
						"2.7667": {
							"vector": [0, 0, 0],
							"easing": "easeOutBack"
						}
					}
				}
			},
			"sound_effects": {
				"0.1333": {
					"effect": "soltek_strumvalion_magout"
				},
				"0.2": {
					"effect": "soltek_strumvalion_openclaw"
				},
				"1.2667": {
					"effect": "soltek_strumvalion_premagin"
				},
				"1.4667": {
					"effect": "soltek_strumvalion_magin"
				},
				"1.7": {
					"effect": "soltek_strumvalion_closeclaw"
				},
				"2.4": {
					"effect": "soltek_strumvalion_pullback"
				},
				"2.5": {
					"effect": "soltek_strumvalion_pullforward"
				}
			}
		},
		"animation.model.draw": {
			"loop": true,
			"animation_length": 1.45,
			"bones": {
				"main": {
					"rotation": {
						"0.0": {
							"vector": [-115, 0, -27.5]
						},
						"0.2": {
							"vector": [-90.21493, 12.31064, -24.78507]
						},
						"0.55": {
							"vector": [-84.10807, 14.96367, -23.34356]
						},
						"0.9": {
							"vector": [0, 0, 0],
							"easing": "easeInSine"
						},
						"0.95": {
							"vector": [2.40181, -2.24786, 2.50193],
							"easing": "linear"
						},
						"1.05": {
							"vector": [0, 0, 0],
							"easing": "linear"
						},
						"1.2": {
							"vector": [-1.25, 0, 0],
							"easing": "linear"
						},
						"1.45": {
							"vector": [0, 0, 0],
							"easing": "easeInQuad"
						}
					},
					"position": {
						"0.0": {
							"vector": [-15, 0, 23]
						},
						"0.5": {
							"vector": [-15.125, 0, 8.575],
							"easing": "easeInSine"
						},
						"0.9": {
							"vector": [0, 0, 0],
							"easing": "easeInSine"
						},
						"0.95": {
							"vector": [0, 0, 0],
							"easing": "linear"
						},
						"1.05": {
							"vector": [0, 0, 0],
							"easing": "linear"
						},
						"1.2": {
							"vector": [0, 0, 0],
							"easing": "linear"
						},
						"1.45": {
							"vector": [0, 0, 0],
							"easing": "easeInQuad"
						}
					}
				},
				"leftarm": {
					"rotation": {
						"0.0": {
							"vector": [221.98131, 5.41336, -2.11078]
						},
						"0.45": {
							"vector": [69.20508, 27.90354, 30.95986]
						},
						"0.6": {
							"vector": [31.42, 12.67, 14.06]
						},
						"0.85": {
							"vector": [0, 0, 0],
							"easing": "easeInSine"
						},
						"1.0": {
							"vector": [-6.7042, 10.05518, 12.99785],
							"easing": "linear"
						},
						"1.3": {
							"vector": [0, 0, 0],
							"easing": "linear"
						}
					},
					"position": {
						"0.0": {
							"vector": [18.98519, 12.55603, 41.1237]
						},
						"0.3": {
							"vector": [7.38442, -22.23841, 41.79888],
							"easing": "linear"
						},
						"0.7": {
							"vector": [12.38963, -6.29231, 22.35512],
							"easing": "easeInQuad"
						},
						"0.85": {
							"vector": [1.92529, -0.5054, 0.06669]
						},
						"0.95": {
							"vector": [0.00505, -1.44499, -3.23489],
							"easing": "easeInSine"
						},
						"1.25": {
							"vector": [0, 0, 0],
							"easing": "easeOutCubic"
						}
					}
				},
				"rightarm": {
					"rotation": {
						"0.0": {
							"vector": [-0.1985, -7.49704, 0.14516]
						},
						"0.4": {
							"vector": [-0.1985, -7.49704, 0.14516]
						}
					},
					"position": {
						"0.0": {
							"vector": [-2.46627, -0.10012, -0.89337]
						},
						"0.4": {
							"vector": [-2.46627, -0.10012, -0.89337]
						}
					}
				},
				"_camera_": {
					"rotation": {
						"0.0": {
							"vector": [0, 0, 0]
						},
						"0.2": {
							"vector": [0, 0, 0]
						},
						"0.6": {
							"vector": [2.66135, -0.1869, 4.00724],
							"easing": "easeInSine"
						},
						"1.0": {
							"vector": [-1.99952, 0.04362, 1.24924],
							"easing": "easeOutBack"
						},
						"1.3": {
							"vector": [0, 0, 0],
							"easing": "easeOutCubic"
						}
					}
				}
			},
			"sound_effects": {
				"0.15": {
					"effect": "soltek_fiddle_jostlerepeated"
				}
			}
		},
		"animation.model.switch": {
			"loop": true,
			"animation_length": 0.75,
			"bones": {
				"main": {
					"rotation": {
						"0.0": {
							"vector": [0, 0, 0]
						},
						"0.125": {
							"vector": [1.75, -1.5, 0]
						},
						"0.2083": {
							"vector": [1.70412, -3.2494, 1.5019]
						},
						"0.2917": {
							"vector": [1.13281, -1.91629, -0.74862]
						},
						"0.5417": {
							"vector": [0, 0, 0]
						}
					},
					"position": {
						"0.0": {
							"vector": [0, 0, 0]
						},
						"0.125": {
							"vector": [0, 0, -0.925]
						},
						"0.2083": {
							"vector": [0.25, 0, -1.25]
						},
						"0.2917": {
							"vector": [0.17, 0, -0.405]
						},
						"0.5417": {
							"vector": [0, 0, 0]
						}
					}
				},
				"Barrel": {
					"position": {
						"0.0": {
							"vector": [0, 0, 0]
						},
						"0.125": {
							"vector": [0, 0, 3]
						},
						"0.5417": {
							"vector": [0, 0, 0]
						}
					}
				},
				"rightarm": {
					"rotation": {
						"0.0": {
							"vector": [0, 0, 0]
						},
						"0.125": {
							"vector": [-5.00553, -5.64529, 1.557]
						},
						"0.25": {
							"vector": [-15.6084, -2.98649, 18.5924]
						},
						"0.4583": {
							"vector": [0, 0, 0]
						}
					},
					"position": {
						"0.0": {
							"vector": [0, 0, 0]
						},
						"0.125": {
							"vector": [-0.575, 0, -1.85]
						},
						"0.25": {
							"vector": [-3.795, 0, -3.075]
						},
						"0.4583": {
							"vector": [0, 0, 0]
						}
					}
				}
			},
			"sound_effects": {
				"0.0": {
					"effect": "soltek_gun_loader"
				}
			}
		},
		"animation.model.preparefire": {
			"loop": true,
			"animation_length": 0.3333,
			"bones": {
				"main": {
					"rotation": {
						"0.0": {
							"vector": [0, 0, 0]
						},
						"0.0667": {
							"vector": [0, 2, -4]
						},
						"0.2667": {
							"vector": [0, 0, 0]
						}
					},
					"position": {
						"0.0": {
							"vector": [0, 0, 0]
						},
						"0.0667": {
							"vector": [-0.2, 0, -0.725]
						},
						"0.2667": {
							"vector": [0, 0, 0]
						}
					}
				}
			},
			"sound_effects": {
				"0.0": {
					"effect": "soltek_preparefire"
				}
			}
		},
		"animation.model.inspect": {
			"loop": true,
			"animation_length": 4.2667,
			"bones": {
				"main": {
					"rotation": {
						"0.0": {
							"vector": [0, 0, 0]
						},
						"0.2333": {
							"vector": [-9.04333, -14.57451, 2.29351],
							"easing": "easeInQuart"
						},
						"0.8": {
							"vector": [-1.88544, -60.81621, -4.29193],
							"easing": "easeOutSine"
						},
						"1.0": {
							"vector": [1.02516, -64.05594, -9.19264],
							"easing": "linear"
						},
						"1.1": {
							"vector": [3.71102, -64.76429, -11.02644]
						},
						"1.6": {
							"vector": [-9.79, -64.76, -11.03],
							"easing": "easeInSine"
						},
						"2.0333": {
							"vector": [-15.54, -64.76, -11.03],
							"easing": "easeOutBack"
						},
						"2.2": {
							"vector": [-25.79497, -60.25548, 0.9274],
							"easing": "easeInCubic"
						},
						"2.6": {
							"vector": [-53.61705, 17.36489, 63.19932],
							"easing": "easeOutQuad"
						},
						"2.8333": {
							"vector": [-50.81901, 14.48918, 70.11518]
						},
						"2.9667": {
							"vector": [-51.23281, 12.35188, 68.34189]
						},
						"3.4667": {
							"vector": [-53.52611, 14.68177, 70.28148]
						},
						"3.6333": {
							"vector": [-53.41053, 15.28266, 70.74214]
						},
						"3.8667": {
							"vector": [-54.30584, -9.76055, 19.98593],
							"easing": "easeInQuad"
						},
						"3.9667": {
							"vector": [-30.49, -3.37, 6.9]
						},
						"4.0667": {
							"vector": [4.66511, -0.45149, 0.92442]
						},
						"4.2": {
							"vector": [0, 0, 0]
						}
					},
					"position": {
						"0.0": {
							"vector": [0, 0, 0]
						},
						"0.1": {
							"vector": [0, -0.725, 0]
						},
						"0.2667": {
							"vector": [0, 0.375, 0],
							"easing": "easeInSine"
						},
						"0.4333": {
							"vector": [0, -0.12, 0],
							"easing": "linear"
						},
						"0.6667": {
							"vector": [0, 0.18, -5.2]
						},
						"0.8333": {
							"vector": [0, -0.12, -7.3],
							"easing": "linear"
						},
						"1.3": {
							"vector": [0, -0.12, -7.35]
						},
						"1.5333": {
							"vector": [0, -0.12, -7.55]
						},
						"1.6667": {
							"vector": [0, -1.295, -8.3]
						},
						"1.8667": {
							"vector": [0, -2.515, -7.475]
						},
						"1.9667": {
							"vector": [0, -2.785, -7.195]
						},
						"2.4333": {
							"vector": [0, -2.78, -8.82],
							"easing": "easeInSine"
						},
						"2.7333": {
							"vector": [0, -4.805, -8.82]
						},
						"2.8667": {
							"vector": [0.85, -4.475, -8.82]
						},
						"3.3333": {
							"vector": [0.1, -4.47, -8.82]
						},
						"3.6": {
							"vector": [-0.525, -4.47, -8.82]
						},
						"3.7333": {
							"vector": [-0.52, -11.045, -8.82]
						},
						"3.8333": {
							"vector": [-0.52, -6.19, -3.57]
						},
						"4.0": {
							"vector": [-0.52, -3.215, -1.82]
						},
						"4.1": {
							"vector": [0, 0, 0]
						}
					}
				},
				"leftarm": {
					"rotation": {
						"0.1": {
							"vector": [0, 0, 0]
						},
						"0.5667": {
							"vector": [-37.55904, 25.95397, 9.21356],
							"easing": "easeInSine"
						},
						"1.2667": {
							"vector": [-37.56, 25.95, 9.21]
						},
						"1.6667": {
							"vector": [-31.50605, 47.39616, 48.01326],
							"easing": "easeInQuad"
						},
						"2.2": {
							"vector": [-31.50605, 47.39616, 48.01326],
							"easing": "easeInQuad"
						},
						"2.3": {
							"vector": [19.5099, 44.32536, 37.92004],
							"easing": "linear"
						},
						"2.4": {
							"vector": [38.06427, 44.6465, 20.9177]
						},
						"2.5": {
							"vector": [21.17799, 57.02208, -25.40912]
						},
						"3.5667": {
							"vector": [21.17799, 57.02208, -25.40912]
						},
						"3.7": {
							"vector": [63.68, 57.02, -25.41]
						},
						"3.8667": {
							"vector": [25.82328, 39.9776, -11.64828]
						},
						"4.0333": {
							"vector": [0, 0, 0]
						}
					},
					"position": {
						"0.1667": {
							"vector": [0, 0, 0]
						},
						"0.5667": {
							"vector": [8.44273, -6.92864, -15.44644]
						},
						"1.2667": {
							"vector": [8.44, -6.93, -15.45]
						},
						"1.6667": {
							"vector": [0.55506, -14.61756, -17.78007],
							"easing": "easeInQuad"
						},
						"2.2": {
							"vector": [0.55506, -14.61756, -17.78007],
							"easing": "easeInQuad"
						},
						"2.3667": {
							"vector": [18.5432, 3.66447, 4.82126],
							"easing": "easeOutQuad"
						},
						"2.5": {
							"vector": [-2.5193, 27.46107, 5.24954],
							"easing": "easeInSine"
						},
						"3.5667": {
							"vector": [-2.5193, 27.46107, 5.24954],
							"easing": "easeInSine"
						},
						"3.7667": {
							"vector": [-2.52, 32.36, -2.35]
						},
						"3.8667": {
							"vector": [5.97741, 9.48322, 4.27265]
						},
						"3.9667": {
							"vector": [0, 0, 0]
						}
					}
				},
				"rightarm": {
					"rotation": {
						"0.1": {
							"vector": [0, 0, 0]
						},
						"0.5667": {
							"vector": [-52.54531, 5.64322, 5.51891],
							"easing": "easeInSine"
						},
						"1.2667": {
							"vector": [-52.54531, 5.64322, 5.51891],
							"easing": "linear"
						},
						"1.6667": {
							"vector": [-47.9002, -2.9197, 4.98749],
							"easing": "easeInQuad"
						},
						"2.2": {
							"vector": [-47.9002, -2.9197, 4.98749],
							"easing": "linear"
						},
						"2.5333": {
							"vector": [0, 0, 0],
							"easing": "easeInQuad"
						}
					},
					"position": {
						"0.1667": {
							"vector": [0, 0, 0]
						},
						"0.5667": {
							"vector": [-1.32696, -18.33718, -9.25389],
							"easing": "easeInSine"
						},
						"1.2667": {
							"vector": [-1.32696, -18.33718, -9.25389],
							"easing": "linear"
						},
						"1.6667": {
							"vector": [-3.89257, -18.90278, -7.27547],
							"easing": "easeInQuad"
						},
						"2.2": {
							"vector": [-3.89257, -18.90278, -7.27547],
							"easing": "linear"
						},
						"2.5333": {
							"vector": [0, 0, 0],
							"easing": "easeInQuad"
						}
					}
				},
				"_camera_": {
					"rotation": {
						"0.0667": {
							"vector": [0, 0, 0]
						},
						"0.5": {
							"vector": [13.24603, -3.07774, -6.86345],
							"easing": "easeInSine"
						},
						"1.3667": {
							"vector": [15.3506, -8.08176, -15.35669],
							"easing": "easeOutQuad"
						},
						"2.0333": {
							"vector": [8.18066, -17.51547, -12.68851],
							"easing": "easeInSine"
						},
						"2.3667": {
							"vector": [7.32346, -8.62635, -9.77667],
							"easing": "easeInSine"
						},
						"2.9333": {
							"vector": [8.00148, 1.79576, -2.89089],
							"easing": "easeOutQuad"
						},
						"3.5667": {
							"vector": [8.92654, 2.8356, -0.58437],
							"easing": "easeInSine"
						},
						"4.1333": {
							"vector": [0, 0, 0],
							"easing": "easeOutSine"
						}
					},
					"position": {
						"vector": [0, 0, 0]
					}
				}
			},
			"sound_effects": {
				"0.0": {
					"effect": "soltek_fiddle_jostleheavy"
				},
				"1.3333": {
					"effect": "soltek_fiddle_jostle"
				},
				"2.1667": {
					"effect": "soltek_fiddle_jostlequick"
				},
				"3.3333": {
					"effect": "soltek_fiddle_jostlerepeated"
				}
			}
		},
		"animation.model.fire": {
			"loop": true,
			"animation_length": 0.2667,
			"blend_weight": 1,
			"bones": {
				"main": {
					"rotation": {
						"0.0": {
							"vector": [0, 0, 0]
						},
						"0.1333": {
							"vector": [0, 0, 0],
							"easing": "linear"
						}
					},
					"position": {
						"0.0": {
							"vector": [0, 0, 0]
						},
						"0.1333": {
							"vector": [0, 0, 0],
							"easing": "linear"
						}
					}
				},
				"leftarm": {
					"rotation": {
						"vector": [0, 0, 0]
					},
					"position": {
						"vector": [0, 0, 0]
					}
				},
				"rightarm": {
					"rotation": {
						"vector": [-0.1985, -7.49704, 0.14516]
					},
					"position": {
						"vector": [-2.46627, -0.10012, -0.89337]
					}
				},
				"Slider": {
					"rotation": {
						"0.0": {
							"vector": [0, 0, 0]
						},
						"0.0333": {
							"vector": [0, 0, 0]
						},
						"0.1667": {
							"vector": [0, 0, 0]
						}
					},
					"position": {
						"0.0": {
							"vector": [0, 0, 0]
						},
						"0.0333": {
							"vector": [0, 0, 9],
							"easing": "easeInOutCirc"
						},
						"0.1667": {
							"vector": [0, 0, 0]
						}
					}
				},
				"magazine2": {
					"rotation": {
						"vector": [0, 0, 0]
					},
					"position": {
						"vector": [0, -65, 0]
					}
				},
				"Barrel": {
					"position": {
						"0.0": {
							"vector": [0, 0, 0]
						},
						"0.0333": {
							"vector": [0, 0, 5],
							"easing": "easeInOutBack"
						},
						"0.2667": {
							"vector": [0, 0, 0]
						}
					}
				},
				"Bullet": {
					"rotation": {
						"0.0": {
							"vector": [0, 0, 0]
						},
						"0.0333": {
							"vector": [-17.66814, -47.81966, 26.15605]
						},
						"0.0667": {
							"vector": [46.89004, -59.84136, -33.76931]
						},
						"0.1": {
							"vector": [-350, -42.92738, 39.39596]
						},
						"0.1333": {
							"vector": [0, 0, 0]
						},
						"0.1667": {
							"vector": [0, 0, 0]
						}
					},
					"position": {
						"0.0": {
							"vector": [0, 0, 0]
						},
						"0.0333": {
							"vector": [10.605, 2.355, 6.95]
						},
						"0.0667": {
							"vector": [19.45, -3.775, 11.95]
						},
						"0.1": {
							"vector": [13.125, -19.125, 19.35]
						},
						"0.1333": {
							"vector": [-1.87, -13.945, 19.35]
						},
						"0.1667": {
							"vector": [0, 0, 0]
						}
					}
				}
			}
		},
		"animation.model.fire2": {
			"loop": true,
			"animation_length": 0.2667,
			"blend_weight": 1,
			"bones": {
				"main": {
					"rotation": {
						"0.0": {
							"vector": [0, 0, 0]
						},
						"0.1333": {
							"vector": [0, 0, 0],
							"easing": "linear"
						}
					},
					"position": {
						"0.0": {
							"vector": [0, 0, 0]
						},
						"0.1333": {
							"vector": [0, 0, 0],
							"easing": "linear"
						}
					}
				},
				"leftarm": {
					"rotation": {
						"vector": [0, 0, 0]
					},
					"position": {
						"vector": [0, 0, 0]
					}
				},
				"rightarm": {
					"rotation": {
						"vector": [-0.1985, -7.49704, 0.14516]
					},
					"position": {
						"vector": [-2.46627, -0.10012, -0.89337]
					}
				},
				"Slider": {
					"rotation": {
						"0.0": {
							"vector": [0, 0, 0]
						},
						"0.0333": {
							"vector": [0, 0, 0]
						},
						"0.1667": {
							"vector": [0, 0, 0]
						}
					},
					"position": {
						"0.0": {
							"vector": [0, 0, 0]
						},
						"0.0333": {
							"vector": [0, 0, 9],
							"easing": "easeInOutCirc"
						},
						"0.1667": {
							"vector": [0, 0, 0]
						}
					}
				},
				"magazine2": {
					"rotation": {
						"vector": [0, 0, 0]
					},
					"position": {
						"vector": [0, -65, 0]
					}
				},
				"Barrel": {
					"position": {
						"0.0": {
							"vector": [0, 0, 0]
						},
						"0.0333": {
							"vector": [0, 0, 5],
							"easing": "easeInOutBack"
						},
						"0.2667": {
							"vector": [0, 0, 0]
						}
					}
				},
				"Bullet": {
					"rotation": {
						"0.0": {
							"vector": [0, 0, 0]
						},
						"0.0333": {
							"vector": [12.21535, -35.01247, -8.43594]
						},
						"0.0667": {
							"vector": [18.53468, -30.88077, -14.32146]
						},
						"0.1": {
							"vector": [-350, -42.92738, 39.39596]
						},
						"0.1333": {
							"vector": [0, 0, 0]
						},
						"0.1667": {
							"vector": [0, 0, 0]
						}
					},
					"position": {
						"0.0": {
							"vector": [0, 0, 0]
						},
						"0.0333": {
							"vector": [8.255, 3.405, 7.25]
						},
						"0.0667": {
							"vector": [19.45, -0.45, 8.5]
						},
						"0.1": {
							"vector": [13.125, -19.125, 19.35]
						},
						"0.1333": {
							"vector": [-1.87, -13.945, 19.35]
						},
						"0.1667": {
							"vector": [0, 0, 0]
						}
					}
				}
			}
		},
		"animation.model.fire3": {
			"loop": true,
			"animation_length": 0.2667,
			"blend_weight": 1,
			"bones": {
				"main": {
					"rotation": {
						"0.0": {
							"vector": [0, 0, 0]
						},
						"0.1333": {
							"vector": [0, 0, 0],
							"easing": "linear"
						}
					},
					"position": {
						"0.0": {
							"vector": [0, 0, 0]
						},
						"0.1333": {
							"vector": [0, 0, 0],
							"easing": "linear"
						}
					}
				},
				"leftarm": {
					"rotation": {
						"vector": [0, 0, 0]
					},
					"position": {
						"vector": [0, 0, 0]
					}
				},
				"rightarm": {
					"rotation": {
						"vector": [-0.1985, -7.49704, 0.14516]
					},
					"position": {
						"vector": [-2.46627, -0.10012, -0.89337]
					}
				},
				"Slider": {
					"rotation": {
						"0.0": {
							"vector": [0, 0, 0]
						},
						"0.0333": {
							"vector": [0, 0, 0]
						},
						"0.1667": {
							"vector": [0, 0, 0]
						}
					},
					"position": {
						"0.0": {
							"vector": [0, 0, 0]
						},
						"0.0333": {
							"vector": [0, 0, 9],
							"easing": "easeInOutCirc"
						},
						"0.1667": {
							"vector": [0, 0, 0]
						}
					}
				},
				"magazine2": {
					"rotation": {
						"vector": [0, 0, 0]
					},
					"position": {
						"vector": [0, -65, 0]
					}
				},
				"Barrel": {
					"position": {
						"0.0": {
							"vector": [0, 0, 0]
						},
						"0.0333": {
							"vector": [0, 0, 5],
							"easing": "easeInOutBack"
						},
						"0.2667": {
							"vector": [0, 0, 0]
						}
					}
				},
				"Bullet": {
					"rotation": {
						"0.0": {
							"vector": [0, 0, 0]
						},
						"0.0333": {
							"vector": [11.08768, 25.6943, 3.5011]
						},
						"0.0667": {
							"vector": [-24.15347, 33.49981, 6.26031]
						},
						"0.1": {
							"vector": [-350, -42.92738, 39.39596]
						},
						"0.1333": {
							"vector": [0, 0, 0]
						},
						"0.1667": {
							"vector": [0, 0, 0]
						}
					},
					"position": {
						"0.0": {
							"vector": [0, 0, 0]
						},
						"0.0333": {
							"vector": [11.63, 5.805, -1.225]
						},
						"0.0667": {
							"vector": [25.925, -4.925, 5.25]
						},
						"0.1": {
							"vector": [13.125, -19.125, 19.35]
						},
						"0.1333": {
							"vector": [-1.87, -13.945, 19.35]
						},
						"0.1667": {
							"vector": [0, 0, 0]
						}
					}
				}
			}
		},
		"animation.model.fire4": {
			"loop": true,
			"animation_length": 0.2667,
			"blend_weight": 1,
			"bones": {
				"main": {
					"rotation": {
						"0.0": {
							"vector": [0, 0, 0]
						},
						"0.1333": {
							"vector": [0, 0, 0],
							"easing": "linear"
						}
					},
					"position": {
						"0.0": {
							"vector": [0, 0, 0]
						},
						"0.1333": {
							"vector": [0, 0, 0],
							"easing": "linear"
						}
					}
				},
				"leftarm": {
					"rotation": {
						"vector": [0, 0, 0]
					},
					"position": {
						"vector": [0, 0, 0]
					}
				},
				"rightarm": {
					"rotation": {
						"vector": [-0.1985, -7.49704, 0.14516]
					},
					"position": {
						"vector": [-2.46627, -0.10012, -0.89337]
					}
				},
				"Slider": {
					"rotation": {
						"0.0": {
							"vector": [0, 0, 0]
						},
						"0.0333": {
							"vector": [0, 0, 0]
						},
						"0.1667": {
							"vector": [0, 0, 0]
						}
					},
					"position": {
						"0.0": {
							"vector": [0, 0, 0]
						},
						"0.0333": {
							"vector": [0, 0, 9],
							"easing": "easeInOutCirc"
						},
						"0.1667": {
							"vector": [0, 0, 0]
						}
					}
				},
				"magazine2": {
					"rotation": {
						"vector": [0, 0, 0]
					},
					"position": {
						"vector": [0, -65, 0]
					}
				},
				"Barrel": {
					"position": {
						"0.0": {
							"vector": [0, 0, 0]
						},
						"0.0333": {
							"vector": [0, 0, 5],
							"easing": "easeInOutBack"
						},
						"0.2667": {
							"vector": [0, 0, 0]
						}
					}
				},
				"Bullet": {
					"rotation": {
						"0.0": {
							"vector": [0, 0, 0]
						},
						"0.0333": {
							"vector": [18.30588, 56.51369, 14.0698]
						},
						"0.0667": {
							"vector": [-26.409, -9.61713, 48.48428]
						},
						"0.1": {
							"vector": [-350, -42.92738, 39.39596]
						},
						"0.1333": {
							"vector": [0, 0, 0]
						},
						"0.1667": {
							"vector": [0, 0, 0]
						}
					},
					"position": {
						"0.0": {
							"vector": [0, 0, 0]
						},
						"0.0333": {
							"vector": [10.605, 3.405, 0.025]
						},
						"0.0667": {
							"vector": [28.875, -4.925, -12]
						},
						"0.1": {
							"vector": [35.1, -19.125, -9.55]
						},
						"0.1333": {
							"vector": [-1.87, -13.945, 19.35]
						},
						"0.1667": {
							"vector": [0, 0, 0]
						}
					}
				}
			}
		},
		"animation.model.fire5": {
			"loop": true,
			"animation_length": 0.2667,
			"blend_weight": 1,
			"bones": {
				"main": {
					"rotation": {
						"0.0": {
							"vector": [0, 0, 0]
						},
						"0.1333": {
							"vector": [0, 0, 0],
							"easing": "linear"
						}
					},
					"position": {
						"0.0": {
							"vector": [0, 0, 0]
						},
						"0.1333": {
							"vector": [0, 0, 0],
							"easing": "linear"
						}
					}
				},
				"leftarm": {
					"rotation": {
						"vector": [0, 0, 0]
					},
					"position": {
						"vector": [0, 0, 0]
					}
				},
				"rightarm": {
					"rotation": {
						"vector": [-0.1985, -7.49704, 0.14516]
					},
					"position": {
						"vector": [-2.46627, -0.10012, -0.89337]
					}
				},
				"Slider": {
					"rotation": {
						"0.0": {
							"vector": [0, 0, 0]
						},
						"0.0333": {
							"vector": [0, 0, 0]
						},
						"0.1667": {
							"vector": [0, 0, 0]
						}
					},
					"position": {
						"0.0": {
							"vector": [0, 0, 0]
						},
						"0.0333": {
							"vector": [0, 0, 9],
							"easing": "easeInOutCirc"
						},
						"0.1667": {
							"vector": [0, 0, 0]
						}
					}
				},
				"magazine2": {
					"rotation": {
						"vector": [0, 0, 0]
					},
					"position": {
						"vector": [0, -65, 0]
					}
				},
				"Barrel": {
					"position": {
						"0.0": {
							"vector": [0, 0, 0]
						},
						"0.0333": {
							"vector": [0, 0, 5],
							"easing": "easeInOutBack"
						},
						"0.2667": {
							"vector": [0, 0, 0]
						}
					}
				},
				"Bullet": {
					"rotation": {
						"0.0": {
							"vector": [0, 0, 0]
						},
						"0.0333": {
							"vector": [-35.2025, -27.28885, 67.46233]
						},
						"0.0667": {
							"vector": [21.6503, -16.0353, -35.64162]
						},
						"0.1": {
							"vector": [-350, -42.92738, 39.39596]
						},
						"0.1333": {
							"vector": [0, 0, 0]
						},
						"0.1667": {
							"vector": [0, 0, 0]
						}
					},
					"position": {
						"0.0": {
							"vector": [0, 0, 0]
						},
						"0.0333": {
							"vector": [7.905, 4.13, 4.6]
						},
						"0.0667": {
							"vector": [24, -3.775, 11.95]
						},
						"0.1": {
							"vector": [13.125, -19.125, 19.35]
						},
						"0.1333": {
							"vector": [-1.87, -13.945, 19.35]
						},
						"0.1667": {
							"vector": [0, 0, 0]
						}
					}
				}
			}
		},
		"animation.model.fire6": {
			"loop": true,
			"animation_length": 0.2667,
			"blend_weight": 1,
			"bones": {
				"main": {
					"rotation": {
						"0.0": {
							"vector": [0, 0, 0]
						},
						"0.1333": {
							"vector": [0, 0, 0],
							"easing": "linear"
						}
					},
					"position": {
						"0.0": {
							"vector": [0, 0, 0]
						},
						"0.1333": {
							"vector": [0, 0, 0],
							"easing": "linear"
						}
					}
				},
				"leftarm": {
					"rotation": {
						"vector": [0, 0, 0]
					},
					"position": {
						"vector": [0, 0, 0]
					}
				},
				"rightarm": {
					"rotation": {
						"vector": [-0.1985, -7.49704, 0.14516]
					},
					"position": {
						"vector": [-2.46627, -0.10012, -0.89337]
					}
				},
				"Slider": {
					"rotation": {
						"0.0": {
							"vector": [0, 0, 0]
						},
						"0.0333": {
							"vector": [0, 0, 0]
						},
						"0.1667": {
							"vector": [0, 0, 0]
						}
					},
					"position": {
						"0.0": {
							"vector": [0, 0, 0]
						},
						"0.0333": {
							"vector": [0, 0, 9],
							"easing": "easeInOutCirc"
						},
						"0.1667": {
							"vector": [0, 0, 0]
						}
					}
				},
				"magazine2": {
					"rotation": {
						"vector": [0, 0, 0]
					},
					"position": {
						"vector": [0, -65, 0]
					}
				},
				"Barrel": {
					"position": {
						"0.0": {
							"vector": [0, 0, 0]
						},
						"0.0333": {
							"vector": [0, 0, 5],
							"easing": "easeInOutBack"
						},
						"0.2667": {
							"vector": [0, 0, 0]
						}
					}
				},
				"Bullet": {
					"rotation": {
						"0.0": {
							"vector": [0, 0, 0]
						},
						"0.0333": {
							"vector": [-34.25522, -16.00911, 40.36391]
						},
						"0.0667": {
							"vector": [26.75141, -36.10766, -64.56842]
						},
						"0.1": {
							"vector": [-350, -42.92738, 39.39596]
						},
						"0.1333": {
							"vector": [0, 0, 0]
						},
						"0.1667": {
							"vector": [0, 0, 0]
						}
					},
					"position": {
						"0.0": {
							"vector": [0, 0, 0]
						},
						"0.0333": {
							"vector": [7.855, 5.105, 4.525]
						},
						"0.0667": {
							"vector": [24.55, 5.05, 11.95]
						},
						"0.1": {
							"vector": [45.225, -19.125, 19.35]
						},
						"0.1333": {
							"vector": [-1.87, -13.945, 19.35]
						},
						"0.1667": {
							"vector": [0, 0, 0]
						}
					}
				}
			}
		}
	},
	"geckolib_format_version": 2
}