{
	"format_version": "1.8.0",
	"animations": {
		"animation.model.reload": {
			"loop": true,
			"animation_length": 2.5,
			"blend_weight": 1,
			"bones": {
				"leftarm": {
					"rotation": {
						"0.0333": {
							"vector": [0, 0, 0]
						},
						"0.2": {
							"vector": [17.56942, 26.08399, 26.12286],
							"easing": "easeInSine"
						},
						"0.2333": {
							"vector": [17.56942, 26.08399, 26.12286]
						},
						"0.4": {
							"vector": [40.24262, -3.67985, 0.36626],
							"easing": "easeInQuad"
						},
						"0.6333": {
							"vector": [42.77583, -16.07776, 2.88577],
							"easing": "easeOutBack"
						},
						"0.8333": {
							"vector": [125.82645, -6.92316, 30.78305],
							"easing": "easeInSine"
						},
						"0.9667": {
							"vector": [125.82645, -6.92316, 30.78305]
						},
						"1.2333": {
							"vector": [2.79658, 11.2342, 17.54082],
							"easing": "linear"
						},
						"1.4667": {
							"vector": [7.8247, 16.58325, 19.00107]
						},
						"1.7333": {
							"vector": [48.29833, 8.14362, 85.80791],
							"easing": "easeOutSine"
						},
						"1.8667": {
							"vector": [34.91578, 16.56421, 91.45812],
							"easing": "easeOutBack"
						},
						"1.9667": {
							"vector": [34.91578, 16.56421, 91.45812]
						},
						"2.4": {
							"vector": [0, 0, 0],
							"easing": "easeOutQuad"
						}
					},
					"position": {
						"0.0": {
							"vector": [0, 0, 0]
						},
						"0.2": {
							"vector": [0, 3.075, 4.2],
							"easing": "easeInSine"
						},
						"0.2333": {
							"vector": [0, 3.075, 4.2]
						},
						"0.4": {
							"vector": [0, -0.62, 12.55],
							"easing": "easeInQuad"
						},
						"0.5667": {
							"vector": [0, -0.62, 13.275],
							"easing": "easeOutQuad"
						},
						"0.8333": {
							"vector": [3.025, -9.52, 4.2],
							"easing": "easeInSine"
						},
						"0.9667": {
							"vector": [3.025, -9.52, 4.2]
						},
						"1.1667": {
							"vector": [0.605, -5.92, 6.475],
							"easing": "linear"
						},
						"1.4333": {
							"vector": [0.61, -2.82, 6.48]
						},
						"1.5": {
							"vector": [0.61, -2.82, 6.48]
						},
						"1.7333": {
							"vector": [-1.995, -2.73, 9.97],
							"easing": "easeOutSine"
						},
						"1.8667": {
							"vector": [-5.565, -2.545, 9.755],
							"easing": "easeOutBack"
						},
						"1.9667": {
							"vector": [-5.565, -2.545, 9.755]
						},
						"2.4667": {
							"vector": [0, 0, 0],
							"easing": "easeOutQuad"
						}
					}
				},
				"Magazine": {
					"rotation": {
						"0.2333": {
							"vector": [0, 0, 0]
						},
						"0.4": {
							"vector": [18.38556, 8.4168, -55.73656],
							"easing": "easeInQuad"
						},
						"0.6333": {
							"vector": [111.1881, 13.98339, -81.90565],
							"easing": "easeOutSine"
						},
						"0.7": {
							"vector": [0, 0, 0]
						}
					},
					"position": {
						"0.2333": {
							"vector": [0, 0, 0]
						},
						"0.4": {
							"vector": [11.725, -14.825, -8.575],
							"easing": "easeInQuad"
						},
						"0.6333": {
							"vector": [48.155, -42.57, -8.57],
							"easing": "easeOutSine"
						},
						"0.7": {
							"vector": [0, 0, 0]
						}
					},
					"scale": {
						"0.4667": {
							"vector": [1, 1, 1]
						},
						"0.6333": {
							"vector": [0, 0, 0]
						},
						"1.9333": {
							"vector": [0, 0, 0]
						},
						"1.9667": {
							"vector": [1, 1, 1]
						}
					}
				},
				"Magazine2": {
					"rotation": {
						"0.7333": {
							"vector": [103.25, 0, -26]
						},
						"0.9667": {
							"vector": [103.25, 0, -26]
						},
						"1.2333": {
							"vector": [-0.37038, 0.96716, -23.69569]
						},
						"1.4333": {
							"vector": [-0.37038, 0.96716, 0]
						},
						"1.7333": {
							"vector": [-0.37038, 0.96716, 0]
						},
						"1.8667": {
							"vector": [0, 0, 0],
							"easing": "easeOutBack"
						}
					},
					"position": {
						"0.7333": {
							"vector": [22.15, -39.375, 3.375]
						},
						"0.9667": {
							"vector": [22.15, -39.375, 3.375]
						},
						"1.2": {
							"vector": [0.03, -5.045, -0.42]
						},
						"1.4333": {
							"vector": [0.03, -3.89, -0.42]
						},
						"1.7333": {
							"vector": [0.03, -3.89, -0.42]
						},
						"1.8667": {
							"vector": [0, 0, 0],
							"easing": "easeOutBack"
						}
					}
				},
				"main": {
					"rotation": {
						"0.0": {
							"vector": [0, 0, 0]
						},
						"0.2667": {
							"vector": ["-8.75 * (math.abs(pbj.aimprog - 1.1))", "0 * (math.abs(pbj.aimprog - 1.1))", "-5.25 * (math.abs(pbj.aimprog - 1.1))"],
							"easing": "easeInQuad"
						},
						"0.3667": {
							"vector": [
								"-11.0437802952 * (math.abs(pbj.aimprog - 1.1))",
								"-1.919640524 * (math.abs(pbj.aimprog - 1.1))",
								"-19.1042402666 * (math.abs(pbj.aimprog - 1.1))"
							]
						},
						"0.4667": {
							"vector": [
								"-9.3924163019 * (math.abs(pbj.aimprog - 1.1))",
								"-1.3512568821 * (math.abs(pbj.aimprog - 1.1))",
								"-15.6492780426 * (math.abs(pbj.aimprog - 1.1))"
							]
						},
						"1.1": {
							"vector": [
								"-9.4913392102 * (math.abs(pbj.aimprog - 1.1))",
								"-2.6256013546 * (math.abs(pbj.aimprog - 1.1))",
								"-9.6079734535 * (math.abs(pbj.aimprog - 1.1))"
							],
							"easing": "easeInSine"
						},
						"1.2": {
							"vector": [
								"-11.3873154768 * (math.abs(pbj.aimprog - 1.1))",
								"-4.766240236 * (math.abs(pbj.aimprog - 1.1))",
								"-11.7934437191 * (math.abs(pbj.aimprog - 1.1))"
							]
						},
						"1.4": {
							"vector": [
								"-13.2533691581 * (math.abs(pbj.aimprog - 1.1))",
								"-5.8406726494 * (math.abs(pbj.aimprog - 1.1))",
								"-13.3667208802 * (math.abs(pbj.aimprog - 1.1))"
							],
							"easing": "easeOutBack"
						},
						"1.5": {
							"vector": [
								"-13.0730541353 * (math.abs(pbj.aimprog - 1.1))",
								"-6.2392225117 * (math.abs(pbj.aimprog - 1.1))",
								"-15.0802496444 * (math.abs(pbj.aimprog - 1.1))"
							]
						},
						"1.7": {
							"vector": [
								"-12.6227617729 * (math.abs(pbj.aimprog - 1.1))",
								"-6.1267044133 * (math.abs(pbj.aimprog - 1.1))",
								"-14.5901551519 * (math.abs(pbj.aimprog - 1.1))"
							]
						},
						"1.9": {
							"vector": [
								"-18.427616966 * (math.abs(pbj.aimprog - 1.1))",
								"-7.8135097525 * (math.abs(pbj.aimprog - 1.1))",
								"-20.3817861567 * (math.abs(pbj.aimprog - 1.1))"
							],
							"easing": "easeOutBack"
						},
						"2.0333": {
							"vector": [
								"-15.1167778601 * (math.abs(pbj.aimprog - 1.1))",
								"-7.3369765869 * (math.abs(pbj.aimprog - 1.1))",
								"-18.9469663737 * (math.abs(pbj.aimprog - 1.1))"
							]
						},
						"2.4667": {
							"vector": [0, 0, 0],
							"easing": "easeOutQuad"
						}
					},
					"position": {
						"0.0": {
							"vector": [0, 0, 0]
						},
						"0.2": {
							"vector": ["0 * (math.abs(pbj.aimprog - 1.1))", "0.175 * (math.abs(pbj.aimprog - 1.1))", "1.975 * (math.abs(pbj.aimprog - 1.1))"],
							"easing": "easeOutSine"
						},
						"0.3333": {
							"vector": ["-0.525 * (math.abs(pbj.aimprog - 1.1))", "0.18 * (math.abs(pbj.aimprog - 1.1))", "1.98 * (math.abs(pbj.aimprog - 1.1))"]
						},
						"0.4333": {
							"vector": ["-0.045 * (math.abs(pbj.aimprog - 1.1))", "0.005 * (math.abs(pbj.aimprog - 1.1))", "1.98 * (math.abs(pbj.aimprog - 1.1))"]
						},
						"0.5667": {
							"vector": ["-0.115 * (math.abs(pbj.aimprog - 1.1))", "0.135 * (math.abs(pbj.aimprog - 1.1))", "1.98 * (math.abs(pbj.aimprog - 1.1))"]
						},
						"0.9333": {
							"vector": ["-0.11 * (math.abs(pbj.aimprog - 1.1))", "0.14 * (math.abs(pbj.aimprog - 1.1))", "1.98 * (math.abs(pbj.aimprog - 1.1))"]
						},
						"1.1667": {
							"vector": ["-0.285 * (math.abs(pbj.aimprog - 1.1))", "0.34 * (math.abs(pbj.aimprog - 1.1))", "1.98 * (math.abs(pbj.aimprog - 1.1))"]
						},
						"1.3333": {
							"vector": ["-0.13 * (math.abs(pbj.aimprog - 1.1))", "0.29 * (math.abs(pbj.aimprog - 1.1))", "1.98 * (math.abs(pbj.aimprog - 1.1))"]
						},
						"1.5333": {
							"vector": ["-0.205 * (math.abs(pbj.aimprog - 1.1))", "0.415 * (math.abs(pbj.aimprog - 1.1))", "1.98 * (math.abs(pbj.aimprog - 1.1))"]
						},
						"1.6333": {
							"vector": ["-0.275 * (math.abs(pbj.aimprog - 1.1))", "0.42 * (math.abs(pbj.aimprog - 1.1))", "1.98 * (math.abs(pbj.aimprog - 1.1))"]
						},
						"1.7667": {
							"vector": ["-0.53 * (math.abs(pbj.aimprog - 1.1))", "0.795 * (math.abs(pbj.aimprog - 1.1))", "1.98 * (math.abs(pbj.aimprog - 1.1))"],
							"easing": "easeInQuad"
						},
						"1.9333": {
							"vector": ["-0.105 * (math.abs(pbj.aimprog - 1.1))", "0.45 * (math.abs(pbj.aimprog - 1.1))", "1.73 * (math.abs(pbj.aimprog - 1.1))"]
						},
						"2.2": {
							"vector": ["0 * (math.abs(pbj.aimprog - 1.1))", "0 * (math.abs(pbj.aimprog - 1.1))", "1.8 * (math.abs(pbj.aimprog - 1.1))"],
							"easing": "easeOutSine"
						},
						"2.4667": {
							"vector": ["0 * (math.abs(pbj.aimprog - 1.1))", "0 * (math.abs(pbj.aimprog - 1.1))", "0 * (math.abs(pbj.aimprog - 1.1))"]
						}
					}
				},
				"_camera_": {
					"rotation": {
						"0.6667": {
							"vector": [0, 0, 0]
						},
						"0.8333": {
							"vector": [-0.0042, -0.42032, 2.73053],
							"easing": "easeOutQuad"
						},
						"1.1667": {
							"vector": [0.3, -0.55646, -1.08074],
							"easing": "easeInSine"
						},
						"1.4667": {
							"vector": [0, 0, 0],
							"easing": "easeOutQuad"
						}
					}
				}
			},
			"sound_effects": {
				"0.0333": {
					"effect": "soltek_stryker_click"
				},
				"0.2333": {
					"effect": "soltek_stryker_unload"
				},
				"1.1333": {
					"effect": "soltek_stryker_magfind"
				},
				"1.5333": {
					"effect": "soltek_stryker_load"
				}
			}
		},
		"animation.model.reloadempty": {
			"loop": true,
			"animation_length": 3.5333,
			"blend_weight": 1,
			"bones": {
				"leftarm": {
					"rotation": {
						"0.0333": {
							"vector": [0, 0, 0]
						},
						"0.2": {
							"vector": [17.56942, 26.08399, 26.12286],
							"easing": "easeInSine"
						},
						"0.2333": {
							"vector": [17.56942, 26.08399, 26.12286]
						},
						"0.4": {
							"vector": [40.24262, -3.67985, 0.36626],
							"easing": "easeInQuad"
						},
						"0.6333": {
							"vector": [42.77583, -16.07776, 2.88577],
							"easing": "easeOutBack"
						},
						"0.8333": {
							"vector": [125.82645, -6.92316, 30.78305],
							"easing": "easeInSine"
						},
						"0.9667": {
							"vector": [125.82645, -6.92316, 30.78305]
						},
						"1.2333": {
							"vector": [2.79658, 11.2342, 17.54082],
							"easing": "linear"
						},
						"1.4667": {
							"vector": [7.8247, 16.58325, 19.00107]
						},
						"1.7333": {
							"vector": [48.29833, 8.14362, 85.80791],
							"easing": "easeOutSine"
						},
						"1.8667": {
							"vector": [34.91578, 16.56421, 91.45812],
							"easing": "easeOutBack"
						},
						"1.9667": {
							"vector": [34.91578, 16.56421, 91.45812]
						},
						"2.1333": {
							"vector": [28.36538, 17.00651, 39.8119],
							"easing": "easeInSine"
						},
						"2.4": {
							"vector": [0, 0, 0],
							"easing": "easeOutQuad"
						},
						"2.5333": {
							"vector": [-6.89229, 3.78201, -19.8606],
							"easing": "easeOutSine"
						},
						"3.1": {
							"vector": [-6.89229, 3.78201, -19.8606],
							"easing": "easeOutSine"
						},
						"3.4667": {
							"vector": [0, 0, 0],
							"easing": "easeOutQuad"
						}
					},
					"position": {
						"0.0": {
							"vector": [0, 0, 0]
						},
						"0.2": {
							"vector": [0, 3.075, 4.2],
							"easing": "easeInSine"
						},
						"0.2333": {
							"vector": [0, 3.075, 4.2]
						},
						"0.4": {
							"vector": [0, -0.62, 12.55],
							"easing": "easeInQuad"
						},
						"0.5667": {
							"vector": [0, -0.62, 13.275],
							"easing": "easeOutQuad"
						},
						"0.8333": {
							"vector": [3.025, -9.52, 4.2],
							"easing": "easeInSine"
						},
						"0.9667": {
							"vector": [3.025, -9.52, 4.2]
						},
						"1.1667": {
							"vector": [0.605, -5.92, 6.475],
							"easing": "linear"
						},
						"1.4333": {
							"vector": [0.61, -2.82, 6.48]
						},
						"1.5": {
							"vector": [0.61, -2.82, 6.48]
						},
						"1.7333": {
							"vector": [-1.995, -2.73, 9.97],
							"easing": "easeOutSine"
						},
						"1.8667": {
							"vector": [-5.565, -2.545, 9.755],
							"easing": "easeOutBack"
						},
						"1.9667": {
							"vector": [-5.565, -2.545, 9.755]
						},
						"2.1333": {
							"vector": [-1.51488, 3.08474, 5.18197],
							"easing": "easeInSine"
						},
						"2.4": {
							"vector": [0, 0, 0],
							"easing": "easeOutQuad"
						},
						"2.5333": {
							"vector": [3.36, 2.995, -1.64],
							"easing": "easeOutSine"
						},
						"3.1": {
							"vector": [3.36, 2.995, -1.64],
							"easing": "easeOutSine"
						},
						"3.4333": {
							"vector": [0, 0, 0],
							"easing": "easeOutQuad"
						}
					}
				},
				"Magazine": {
					"rotation": {
						"0.2333": {
							"vector": [0, 0, 0]
						},
						"0.4": {
							"vector": [18.38556, 8.4168, -55.73656],
							"easing": "easeInQuad"
						},
						"0.6333": {
							"vector": [111.1881, 13.98339, -81.90565],
							"easing": "easeOutSine"
						},
						"0.7": {
							"vector": [0, 0, 0]
						}
					},
					"position": {
						"0.2333": {
							"vector": [0, 0, 0]
						},
						"0.4": {
							"vector": [11.725, -14.825, -8.575],
							"easing": "easeInQuad"
						},
						"0.6333": {
							"vector": [48.155, -42.57, -8.57],
							"easing": "easeOutSine"
						},
						"0.7": {
							"vector": [0, 0, 0]
						}
					},
					"scale": {
						"0.4667": {
							"vector": [1, 1, 1]
						},
						"0.6333": {
							"vector": [0, 0, 0]
						},
						"1.9333": {
							"vector": [0, 0, 0]
						},
						"1.9667": {
							"vector": [1, 1, 1]
						}
					}
				},
				"Magazine2": {
					"rotation": {
						"0.7333": {
							"vector": [103.25, 0, -26]
						},
						"0.9667": {
							"vector": [103.25, 0, -26]
						},
						"1.2333": {
							"vector": [-0.37038, 0.96716, -23.69569]
						},
						"1.4333": {
							"vector": [-0.37038, 0.96716, 0]
						},
						"1.7333": {
							"vector": [-0.37038, 0.96716, 0]
						},
						"1.8667": {
							"vector": [0, 0, 0],
							"easing": "easeOutBack"
						}
					},
					"position": {
						"0.7333": {
							"vector": [22.15, -39.375, 3.375]
						},
						"0.9667": {
							"vector": [22.15, -39.375, 3.375]
						},
						"1.2": {
							"vector": [0.03, -5.045, -0.42]
						},
						"1.4333": {
							"vector": [0.03, -3.89, -0.42]
						},
						"1.7333": {
							"vector": [0.03, -3.89, -0.42]
						},
						"1.8667": {
							"vector": [0, 0, 0],
							"easing": "easeOutBack"
						}
					}
				},
				"main": {
					"rotation": {
						"0.0": {
							"vector": [0, 0, 0]
						},
						"0.2667": {
							"vector": ["-8.75 * (math.abs(pbj.aimprog - 1.1))", "0 * (math.abs(pbj.aimprog - 1.1))", "-5.25 * (math.abs(pbj.aimprog - 1.1))"],
							"easing": "easeInQuad"
						},
						"0.3667": {
							"vector": [
								"-11.0437802952 * (math.abs(pbj.aimprog - 1.1))",
								"-1.919640524 * (math.abs(pbj.aimprog - 1.1))",
								"-19.1042402666 * (math.abs(pbj.aimprog - 1.1))"
							]
						},
						"0.4667": {
							"vector": [
								"-9.3924163019 * (math.abs(pbj.aimprog - 1.1))",
								"-1.3512568821 * (math.abs(pbj.aimprog - 1.1))",
								"-15.6492780426 * (math.abs(pbj.aimprog - 1.1))"
							]
						},
						"1.1": {
							"vector": [
								"-9.4913392102 * (math.abs(pbj.aimprog - 1.1))",
								"-2.6256013546 * (math.abs(pbj.aimprog - 1.1))",
								"-9.6079734535 * (math.abs(pbj.aimprog - 1.1))"
							],
							"easing": "easeInSine"
						},
						"1.2": {
							"vector": [
								"-11.3873154768 * (math.abs(pbj.aimprog - 1.1))",
								"-4.766240236 * (math.abs(pbj.aimprog - 1.1))",
								"-11.7934437191 * (math.abs(pbj.aimprog - 1.1))"
							]
						},
						"1.4": {
							"vector": [
								"-13.2533691581 * (math.abs(pbj.aimprog - 1.1))",
								"-5.8406726494 * (math.abs(pbj.aimprog - 1.1))",
								"-13.3667208802 * (math.abs(pbj.aimprog - 1.1))"
							],
							"easing": "easeOutBack"
						},
						"1.5": {
							"vector": [
								"-13.0730541353 * (math.abs(pbj.aimprog - 1.1))",
								"-6.2392225117 * (math.abs(pbj.aimprog - 1.1))",
								"-15.0802496444 * (math.abs(pbj.aimprog - 1.1))"
							]
						},
						"1.7": {
							"vector": [
								"-12.6227617729 * (math.abs(pbj.aimprog - 1.1))",
								"-6.1267044133 * (math.abs(pbj.aimprog - 1.1))",
								"-14.5901551519 * (math.abs(pbj.aimprog - 1.1))"
							]
						},
						"1.9": {
							"vector": [
								"-18.427616966 * (math.abs(pbj.aimprog - 1.1))",
								"-7.8135097525 * (math.abs(pbj.aimprog - 1.1))",
								"-20.3817861567 * (math.abs(pbj.aimprog - 1.1))"
							],
							"easing": "easeOutBack"
						},
						"2.0333": {
							"vector": [
								"-15.1167778601 * (math.abs(pbj.aimprog - 1.1))",
								"-7.3369765869 * (math.abs(pbj.aimprog - 1.1))",
								"-18.9469663737 * (math.abs(pbj.aimprog - 1.1))"
							]
						},
						"2.3333": {
							"vector": [
								"-2.5046657739 * (math.abs(pbj.aimprog - 1.1))",
								"-3.4966646317 * (math.abs(pbj.aimprog - 1.1))",
								"0.1528576735 * (math.abs(pbj.aimprog - 1.1))"
							],
							"easing": "easeInSine"
						},
						"2.6": {
							"vector": [
								"-4.2118939934 * (math.abs(pbj.aimprog - 1.1))",
								"-7.8673308419 * (math.abs(pbj.aimprog - 1.1))",
								"33.6092625671 * (math.abs(pbj.aimprog - 1.1))"
							],
							"easing": "easeOutSine"
						},
						"2.6667": {
							"vector": [
								"-5.2611235834 * (math.abs(pbj.aimprog - 1.1))",
								"-7.1741564018 * (math.abs(pbj.aimprog - 1.1))",
								"34.246597404 * (math.abs(pbj.aimprog - 1.1))"
							]
						},
						"2.7667": {
							"vector": [
								"-6.2178728714 * (math.abs(pbj.aimprog - 1.1))",
								"-6.8111694166 * (math.abs(pbj.aimprog - 1.1))",
								"38.0107658217 * (math.abs(pbj.aimprog - 1.1))"
							]
						},
						"2.8667": {
							"vector": [
								"-9.1752588097 * (math.abs(pbj.aimprog - 1.1))",
								"-3.848553853 * (math.abs(pbj.aimprog - 1.1))",
								"37.5284507683 * (math.abs(pbj.aimprog - 1.1))"
							],
							"easing": "easeOutQuart"
						},
						"2.9667": {
							"vector": [
								"-8.5369085029 * (math.abs(pbj.aimprog - 1.1))",
								"-9.0253975077 * (math.abs(pbj.aimprog - 1.1))",
								"33.5058766248 * (math.abs(pbj.aimprog - 1.1))"
							]
						},
						"3.1": {
							"vector": [
								"-8.2330484953 * (math.abs(pbj.aimprog - 1.1))",
								"-8.3324043779 * (math.abs(pbj.aimprog - 1.1))",
								"31.3609914483 * (math.abs(pbj.aimprog - 1.1))"
							]
						},
						"3.4667": {
							"vector": [0, 0, 0],
							"easing": "easeOutQuad"
						}
					},
					"position": {
						"0.0": {
							"vector": [0, 0, 0]
						},
						"0.2": {
							"vector": ["0 * (math.abs(pbj.aimprog - 1.1))", "0.175 * (math.abs(pbj.aimprog - 1.1))", "1.975 * (math.abs(pbj.aimprog - 1.1))"],
							"easing": "easeOutSine"
						},
						"0.3333": {
							"vector": ["-0.525 * (math.abs(pbj.aimprog - 1.1))", "0.18 * (math.abs(pbj.aimprog - 1.1))", "1.98 * (math.abs(pbj.aimprog - 1.1))"]
						},
						"0.4333": {
							"vector": ["-0.045 * (math.abs(pbj.aimprog - 1.1))", "0.005 * (math.abs(pbj.aimprog - 1.1))", "1.98 * (math.abs(pbj.aimprog - 1.1))"]
						},
						"0.5667": {
							"vector": ["-0.115 * (math.abs(pbj.aimprog - 1.1))", "0.135 * (math.abs(pbj.aimprog - 1.1))", "1.98 * (math.abs(pbj.aimprog - 1.1))"]
						},
						"0.9333": {
							"vector": ["-0.11 * (math.abs(pbj.aimprog - 1.1))", "0.14 * (math.abs(pbj.aimprog - 1.1))", "1.98 * (math.abs(pbj.aimprog - 1.1))"]
						},
						"1.1667": {
							"vector": ["-0.285 * (math.abs(pbj.aimprog - 1.1))", "0.34 * (math.abs(pbj.aimprog - 1.1))", "1.98 * (math.abs(pbj.aimprog - 1.1))"]
						},
						"1.3333": {
							"vector": ["-0.13 * (math.abs(pbj.aimprog - 1.1))", "0.29 * (math.abs(pbj.aimprog - 1.1))", "1.98 * (math.abs(pbj.aimprog - 1.1))"]
						},
						"1.5333": {
							"vector": ["-0.205 * (math.abs(pbj.aimprog - 1.1))", "0.415 * (math.abs(pbj.aimprog - 1.1))", "1.98 * (math.abs(pbj.aimprog - 1.1))"]
						},
						"1.6333": {
							"vector": ["-0.275 * (math.abs(pbj.aimprog - 1.1))", "0.42 * (math.abs(pbj.aimprog - 1.1))", "1.98 * (math.abs(pbj.aimprog - 1.1))"]
						},
						"1.7667": {
							"vector": ["-0.53 * (math.abs(pbj.aimprog - 1.1))", "0.795 * (math.abs(pbj.aimprog - 1.1))", "1.98 * (math.abs(pbj.aimprog - 1.1))"],
							"easing": "easeInQuad"
						},
						"1.9333": {
							"vector": ["-0.105 * (math.abs(pbj.aimprog - 1.1))", "0.45 * (math.abs(pbj.aimprog - 1.1))", "1.73 * (math.abs(pbj.aimprog - 1.1))"]
						},
						"2.2": {
							"vector": ["0 * (math.abs(pbj.aimprog - 1.1))", "0 * (math.abs(pbj.aimprog - 1.1))", "1.8 * (math.abs(pbj.aimprog - 1.1))"],
							"easing": "easeOutSine"
						},
						"2.4667": {
							"vector": ["0.875 * (math.abs(pbj.aimprog - 1.1))", "0 * (math.abs(pbj.aimprog - 1.1))", "3.075 * (math.abs(pbj.aimprog - 1.1))"],
							"easing": "easeOutQuad"
						},
						"2.5667": {
							"vector": ["0.605 * (math.abs(pbj.aimprog - 1.1))", "0 * (math.abs(pbj.aimprog - 1.1))", "3.38 * (math.abs(pbj.aimprog - 1.1))"]
						},
						"2.7333": {
							"vector": ["0.135 * (math.abs(pbj.aimprog - 1.1))", "0 * (math.abs(pbj.aimprog - 1.1))", "3.53 * (math.abs(pbj.aimprog - 1.1))"]
						},
						"2.8333": {
							"vector": ["-0.235 * (math.abs(pbj.aimprog - 1.1))", "0 * (math.abs(pbj.aimprog - 1.1))", "4.68 * (math.abs(pbj.aimprog - 1.1))"],
							"easing": "easeInSine"
						},
						"2.9333": {
							"vector": ["-0.98 * (math.abs(pbj.aimprog - 1.1))", "0 * (math.abs(pbj.aimprog - 1.1))", "5.38 * (math.abs(pbj.aimprog - 1.1))"]
						},
						"3.0333": {
							"vector": ["-0.63 * (math.abs(pbj.aimprog - 1.1))", "0 * (math.abs(pbj.aimprog - 1.1))", "3.88 * (math.abs(pbj.aimprog - 1.1))"]
						},
						"3.1333": {
							"vector": ["-0.605 * (math.abs(pbj.aimprog - 1.1))", "0 * (math.abs(pbj.aimprog - 1.1))", "3.155 * (math.abs(pbj.aimprog - 1.1))"]
						},
						"3.4667": {
							"vector": [0, 0, 0],
							"easing": "easeOutQuad"
						}
					}
				},
				"Charger": {
					"position": {
						"0.0": {
							"vector": [0, 0, 0]
						},
						"2.6333": {
							"vector": [0, 0, 0],
							"easing": "easeInSine"
						},
						"2.8667": {
							"vector": [0, 0, 9],
							"easing": "easeInCubic"
						},
						"3.1": {
							"vector": [0, 0, 0],
							"easing": "easeOutBack"
						}
					}
				},
				"rightarm": {
					"rotation": {
						"2.3333": {
							"vector": [0, 0, 0]
						},
						"2.6": {
							"vector": [-5.7282, 22.42994, 83.73811],
							"easing": "easeInSine"
						},
						"2.8667": {
							"vector": [-5.7282, 22.42994, 83.73811],
							"easing": "easeInCubic"
						},
						"3.0": {
							"vector": [2.92594, 23.75609, 84.03339],
							"easing": "easeOutBack"
						},
						"3.1333": {
							"vector": [2.92594, 23.75609, 69.28339],
							"easing": "linear"
						},
						"3.4667": {
							"vector": [0, 0, 0],
							"easing": "easeOutSine"
						}
					},
					"position": {
						"2.3333": {
							"vector": [0, 0, 0]
						},
						"2.5667": {
							"vector": [-7.925, 9.475, -12.45],
							"easing": "easeInSine"
						},
						"2.6333": {
							"vector": [-7.925, 9.475, -12.45],
							"easing": "linear"
						},
						"2.8667": {
							"vector": [-7.925, 9.475, -3.45],
							"easing": "easeInCubic"
						},
						"3.0": {
							"vector": [-7.92, 9.48, -1.6],
							"easing": "easeOutBack"
						},
						"3.1667": {
							"vector": [-7.92, 7.005, -1.6],
							"easing": "linear"
						},
						"3.4667": {
							"vector": [0, 0, 0],
							"easing": "easeOutQuad"
						}
					}
				},
				"_camera_": {
					"rotation": {
						"0.6667": {
							"vector": [0, 0, 0]
						},
						"0.8333": {
							"vector": [-0.0042, -0.42032, 2.73053],
							"easing": "easeOutQuad"
						},
						"1.1667": {
							"vector": [0.3, -0.55646, -1.08074],
							"easing": "easeInSine"
						},
						"1.4667": {
							"vector": [0, 0, 0],
							"easing": "easeOutQuad"
						}
					}
				}
			},
			"sound_effects": {
				"0.0333": {
					"effect": "soltek_stryker_click"
				},
				"0.2333": {
					"effect": "soltek_stryker_unload"
				},
				"1.1333": {
					"effect": "soltek_stryker_magfind"
				},
				"1.5333": {
					"effect": "soltek_stryker_load"
				},
				"2.6333": {
					"effect": "soltek_stryker_pullback"
				},
				"2.8333": {
					"effect": "soltek_stryker_pullforward"
				}
			}
		},
		"animation.model.draw": {
			"loop": true,
			"animation_length": 1.05,
			"bones": {
				"main": {
					"rotation": {
						"0.0": {
							"vector": [21.32796, 8.08085, -7.18108]
						},
						"0.35": {
							"vector": [1.95116, -4.71913, -16.6864],
							"easing": "easeOutSine"
						},
						"0.5": {
							"vector": [0.32389, -0.60235, -2.1558],
							"easing": "linear"
						},
						"0.65": {
							"vector": [0.21921, -1.15, 0.06001]
						},
						"0.75": {
							"vector": [0.22079, 0.35, 0.06]
						},
						"0.85": {
							"vector": [0, 0, 0],
							"easing": "linear"
						}
					},
					"position": {
						"0.0": {
							"vector": [0, -17.3, 0]
						},
						"0.25": {
							"vector": [-0.4, -2.525, -1.625],
							"easing": "linear"
						},
						"0.4": {
							"vector": [-0.05, 0, -2.49],
							"easing": "linear"
						},
						"0.6": {
							"vector": [-0.06559, 0.15554, -0.81572],
							"easing": "linear"
						},
						"0.9": {
							"vector": [0, 0, 0],
							"easing": "easeOutExpo"
						}
					}
				},
				"leftarm": {
					"rotation": {
						"0.0": {
							"vector": [0, 0, 0]
						},
						"0.2": {
							"vector": [-32.88839, -10.15472, 15.90744]
						},
						"0.45": {
							"vector": [0, 0, 0]
						}
					},
					"position": {
						"0.0": {
							"vector": [0, 0, 0]
						},
						"0.2": {
							"vector": [-2.13348, -10.05023, -7.67756]
						},
						"0.45": {
							"vector": [0, 0, 0]
						}
					}
				},
				"Magnified Scope": {
					"rotation": {
						"0.1": {
							"vector": [0, 0, 0]
						},
						"0.5": {
							"vector": [0, 0, 0],
							"easing": "easeOutBack"
						}
					},
					"position": {
						"0.1": {
							"vector": [0, 0, -8]
						},
						"0.5": {
							"vector": [0, 0, 0],
							"easing": "easeOutBack"
						}
					}
				},
				"_camera_": {
					"rotation": {
						"0.0": {
							"vector": [0, 0, 0]
						},
						"0.15": {
							"vector": [2.48028, 2.27172, -0.49992],
							"easing": "easeInSine"
						},
						"0.4": {
							"vector": [-1.86648, 2.92899, -0.90189],
							"easing": "easeInOutSine"
						},
						"0.85": {
							"vector": [0, 0, 0],
							"easing": "easeOutQuad"
						}
					}
				}
			},
			"sound_effects": {
				"0.0": {
					"effect": "soltek_fiddle_jostle"
				},
				"0.1": {
					"effect": "soltek_fiddle_slideforward"
				}
			}
		},
		"animation.model.inspect": {
			"loop": true,
			"animation_length": 7.8667,
			"bones": {
				"main": {
					"rotation": {
						"0.1": {
							"vector": [0, 0, 0]
						},
						"0.5333": {
							"vector": [0, -24.25, -21.5],
							"easing": "easeOutSine"
						},
						"0.6333": {
							"vector": [-0.5, -24.25, -21.5]
						},
						"0.8333": {
							"vector": [-1.5, -24.25, -21.5]
						},
						"1.2333": {
							"vector": [-2.75, -24.25, -21.5],
							"easing": "easeInSine"
						},
						"1.8": {
							"vector": [-9.97887, -36.69782, -9.45518],
							"easing": "easeOutBack"
						},
						"2.0333": {
							"vector": [-12.15224, -36.12394, -5.80134],
							"easing": "easeInQuad"
						},
						"2.2667": {
							"vector": [-11.96714, -35.82262, -3.98333],
							"easing": "easeOutBack"
						},
						"2.3667": {
							"vector": [-13.55116, -36.28991, -6.38884],
							"easing": "easeInSine"
						},
						"2.9": {
							"vector": [-11.55116, -36.28991, -6.38884]
						},
						"3.2667": {
							"vector": [-21.59198, -48.4837, -2.64131],
							"easing": "easeOutQuart"
						},
						"3.4": {
							"vector": [-22.95587, -47.13718, 2.57165]
						},
						"3.6667": {
							"vector": [-37.33385, -44.39585, 19.92328],
							"easing": "easeOutQuad"
						},
						"3.8667": {
							"vector": [-37.30955, -45.87703, 17.06781]
						},
						"4.1667": {
							"vector": [-36.4257, -47.35545, 14.13228]
						},
						"4.4333": {
							"vector": [-31.94038, -44.00194, 11.00957]
						},
						"4.6667": {
							"vector": [-24.94407, -50.80418, 7.31396],
							"easing": "easeOutBack"
						},
						"4.9": {
							"vector": [-21.45541, -49.6739, 1.49093]
						},
						"5.1": {
							"vector": [-13.99822, -44.92737, -0.82988],
							"easing": "easeInQuint"
						},
						"5.4333": {
							"vector": [6.98948, -18.35141, -2.11894],
							"easing": "easeOutSine"
						},
						"5.6333": {
							"vector": [-3.83592, -16.93941, -0.50438],
							"easing": "easeInSine"
						},
						"5.7333": {
							"vector": [-1.69043, -13.40637, -2.31999],
							"easing": "easeInSine"
						},
						"5.9333": {
							"vector": [-1.6817, -9.65824, 1.04136],
							"easing": "easeOutBack"
						},
						"6.2": {
							"vector": [-1.58936, -6.40893, -0.47026]
						},
						"6.4667": {
							"vector": [-6.37185, -7.6802, -0.08172],
							"easing": "easeInSine"
						},
						"6.8": {
							"vector": [-6.25826, -7.92397, -5.84874],
							"easing": "easeOutQuad"
						},
						"6.9667": {
							"vector": [-6.201, -9.67306, -7.3575]
						},
						"7.1": {
							"vector": [-9.72689, -10.10305, -10.50183],
							"easing": "easeOutBack"
						},
						"7.2": {
							"vector": [-8.23005, -9.8263, -8.76086],
							"easing": "easeInSine"
						},
						"7.7333": {
							"vector": [0, 0, 0],
							"easing": "easeOutCubic"
						}
					},
					"position": {
						"0.1": {
							"vector": [0, 0, 0]
						},
						"0.5": {
							"vector": [-2.745, 0, -1.69],
							"easing": "easeOutSine"
						},
						"0.6": {
							"vector": [-2.74, 0, -2.115]
						},
						"0.7333": {
							"vector": [-2.84, 0, -2.345]
						},
						"0.9": {
							"vector": [-2.84, 0.175, -1.975]
						},
						"1.1": {
							"vector": [-2.99, 0.305, -1.97]
						},
						"1.3667": {
							"vector": [-2.99, 0.31, -4.795]
						},
						"1.5667": {
							"vector": [-3.865, 0.31, -5.615],
							"easing": "easeInSine"
						},
						"1.6667": {
							"vector": [-3.91, 0.31, -5.785]
						},
						"1.8333": {
							"vector": [-3.585, 0.16, -5.78]
						},
						"1.9667": {
							"vector": [-3.75, 0.31, -5.78]
						},
						"2.2": {
							"vector": [-3.875, 0.31, -5.705]
						},
						"2.3333": {
							"vector": [-4.095, 0.31, -5.425]
						},
						"2.5": {
							"vector": [-4.09, 0.31, -5.92]
						},
						"2.7667": {
							"vector": [-3.84, 0.31, -6.17]
						},
						"2.9333": {
							"vector": [-3.99, 0.31, -6.045]
						},
						"3.0667": {
							"vector": [-4.265, -0.59, -4.59],
							"easing": "easeInSine"
						},
						"3.2333": {
							"vector": [-4.535, -1.695, -4.59]
						},
						"3.4333": {
							"vector": [-5.555, -1.565, -4.59]
						},
						"3.6": {
							"vector": [-5.25, -1.185, -2.94]
						},
						"3.7333": {
							"vector": [-5.575, -1.31, -3.29]
						},
						"3.9333": {
							"vector": [-5.57, -1.06, -3.29]
						},
						"4.1333": {
							"vector": [-5.67, -0.81, -3.29]
						},
						"4.3333": {
							"vector": [-6.12, -0.81, -3.29]
						},
						"4.5": {
							"vector": [-5.945, -1.26, -3.29]
						},
						"4.6333": {
							"vector": [-5.365, -1.26, -2.69]
						},
						"4.8": {
							"vector": [-5.785, -1.26, -2.74]
						},
						"5.0667": {
							"vector": [-5.205, -1.26, -2.74],
							"easing": "easeInSine"
						},
						"5.2333": {
							"vector": [-2.33, -0.46, -2.74]
						},
						"5.3667": {
							"vector": [-1.255, 0.415, -2.74]
						},
						"5.5333": {
							"vector": [-0.925, 0.195, -2.74]
						},
						"5.7": {
							"vector": [-1.345, 0.625, -2.74]
						},
						"5.9": {
							"vector": [-0.84, 0.63, -2.74]
						},
						"6.0": {
							"vector": [-0.285, 0.78, -2.74]
						},
						"6.2667": {
							"vector": [-0.28, 1.03, -2.74]
						},
						"6.7333": {
							"vector": [-1.055, 1.18, -2.74],
							"easing": "easeInSine"
						},
						"6.8333": {
							"vector": [-1.3, 1.2, -2.74]
						},
						"7.0": {
							"vector": [-1.2, 1.205, -2.74]
						},
						"7.1333": {
							"vector": [-1.7, 1.21, -2.74]
						},
						"7.3": {
							"vector": [-1, 1.21, -2.74]
						},
						"7.8667": {
							"vector": [0, 0, 0],
							"easing": "easeOutQuad"
						}
					}
				},
				"leftarm": {
					"rotation": {
						"0.0": {
							"vector": [0, 0, 0]
						},
						"0.3": {
							"vector": [125.13149, -4.84497, 45.00745],
							"easing": "easeInCubic"
						},
						"1.7667": {
							"vector": [125.13, -4.84, 45.01]
						},
						"2.0333": {
							"vector": [-0.27027, 24.05293, 49.5102]
						},
						"2.3333": {
							"vector": [-0.27, 24.05, 49.51]
						},
						"2.9": {
							"vector": [-0.27, 24.05, 49.51]
						},
						"3.0667": {
							"vector": [-0.02161, 46.25246, 59.47414]
						},
						"3.4": {
							"vector": [-0.02, 46.25, 59.47]
						},
						"3.5333": {
							"vector": [-5.18458, 45.91065, 59.22935]
						},
						"4.4333": {
							"vector": [-5.18458, 45.91065, 59.22935]
						},
						"4.6": {
							"vector": [-16.26214, 24.64226, 53.0185],
							"easing": "easeOutBack"
						},
						"4.9": {
							"vector": [-16.26214, 24.64226, 53.0185],
							"easing": "easeOutBack"
						},
						"5.2667": {
							"vector": [33.53967, 34.7144, 37.40167]
						},
						"5.5667": {
							"vector": [14.33545, 28.97868, 13.73612],
							"easing": "easeOutQuad"
						},
						"5.7333": {
							"vector": [58.76139, 36.43226, 58.9272],
							"easing": "easeOutBack"
						},
						"5.9": {
							"vector": [43.95014, 10.82006, 57.82517],
							"easing": "easeInSine"
						},
						"6.1": {
							"vector": [6.44073, 12.97394, 62.17165],
							"easing": "easeOutSine"
						},
						"6.3": {
							"vector": [7.21723, 13.0835, 53.91415],
							"easing": "easeOutBack"
						},
						"6.6667": {
							"vector": [11.17026, 12.76619, 57.16462],
							"easing": "easeOutBack"
						},
						"6.8": {
							"vector": [48.85953, 20.40913, 60.21451]
						},
						"6.9333": {
							"vector": [41.5529, 29.78936, 25.43095]
						},
						"7.1333": {
							"vector": [24.68892, 21.04242, 20.02923],
							"easing": "easeOutBack"
						},
						"7.8": {
							"vector": [0, 0, 0],
							"easing": "easeOutQuad"
						}
					},
					"position": {
						"0.0": {
							"vector": [0, 0, 0]
						},
						"0.3": {
							"vector": [-4.525, -25.35, 16.65],
							"easing": "easeInCubic"
						},
						"1.7667": {
							"vector": [-4.53, -25.35, 16.65]
						},
						"2.0333": {
							"vector": [1.2, -0.4, 8.175]
						},
						"2.2333": {
							"vector": [1.2, -0.4, 8.175]
						},
						"2.3333": {
							"vector": [1.2, -0.4, 18.18]
						},
						"2.9": {
							"vector": [1.2, -0.4, 18.18]
						},
						"3.0667": {
							"vector": [4.08631, -3.13554, 15.75736]
						},
						"3.4": {
							"vector": [4.09, -3.14, 15.76]
						},
						"3.5333": {
							"vector": [3.28014, -4.65086, 15.3189]
						},
						"4.4333": {
							"vector": [3.28014, -4.65086, 15.3189]
						},
						"4.6": {
							"vector": [3.54458, -6.38945, 16.10183],
							"easing": "easeOutBack"
						},
						"4.9": {
							"vector": [3.54458, -6.38945, 16.10183],
							"easing": "easeOutBack"
						},
						"5.2667": {
							"vector": [2.28621, -1.13874, 12.52698]
						},
						"5.5667": {
							"vector": [-0.05231, 2.92172, 8.27997],
							"easing": "easeOutQuad"
						},
						"5.7333": {
							"vector": [2.01214, 2.91788, 10.68483],
							"easing": "easeOutBack"
						},
						"6.1": {
							"vector": [5.4858, -1.90863, 12.27042],
							"easing": "easeInSine"
						},
						"6.3": {
							"vector": [7.30456, -1.96458, 12.90591],
							"easing": "easeOutBack"
						},
						"6.6667": {
							"vector": [7.3, -1.96, 12.91],
							"easing": "easeOutBack"
						},
						"6.8": {
							"vector": [3.25, 0.75, 11.66]
						},
						"6.9333": {
							"vector": [-0.7914, 3.45403, 10.40337]
						},
						"7.1333": {
							"vector": [-0.62978, 3.54028, 11.58582],
							"easing": "easeOutBack"
						},
						"7.4": {
							"vector": [-0.65736, 0.70088, 3.95449],
							"easing": "easeInQuad"
						},
						"7.7": {
							"vector": [0, 0, 0],
							"easing": "easeOutQuart"
						}
					}
				},
				"_camera_": {
					"rotation": {
						"0.2": {
							"vector": [0, 0, 0]
						},
						"0.8667": {
							"vector": [2.15553, 3.22947, 3.43827],
							"easing": "easeInSine"
						},
						"1.3333": {
							"vector": [3.67818, 4.8414, 7.75722],
							"easing": "easeOutQuad"
						},
						"1.8667": {
							"vector": [2.94784, 7.02579, 4.11255],
							"easing": "easeInSine"
						},
						"2.5333": {
							"vector": [2.37994, 10.00168, 2.06297],
							"easing": "easeOutQuad"
						},
						"2.7667": {
							"vector": [2.37994, 10.00168, 2.06297],
							"easing": "easeOutQuad"
						},
						"3.6333": {
							"vector": [1.74913, 12.16881, 7.35974],
							"easing": "easeInSine"
						},
						"4.1333": {
							"vector": [2.15798, 13.6089, 9.20696],
							"easing": "easeOutQuad"
						},
						"4.5667": {
							"vector": [2.15798, 13.6089, 9.20696],
							"easing": "easeOutSine"
						},
						"5.1667": {
							"vector": [1.00384, 9.49038, 5.28258],
							"easing": "easeInSine"
						},
						"5.6": {
							"vector": [1.92137, 5.00602, 2.94264],
							"easing": "easeOutQuad"
						},
						"5.9667": {
							"vector": [3.74127, 2.87884, -1.21291],
							"easing": "easeInSine"
						},
						"7.0": {
							"vector": [7.98867, -2.93308, -7.13722],
							"easing": "easeOutQuad"
						},
						"7.7333": {
							"vector": [0, 0, 0],
							"easing": "easeInQuad"
						}
					}
				},
				"Charger": {
					"position": {
						"2.2333": {
							"vector": [0, 0, 0]
						},
						"2.3333": {
							"vector": [0, 0, 9]
						},
						"4.4667": {
							"vector": [0, 0, 9]
						},
						"4.5667": {
							"vector": [0, 0, 0],
							"easing": "easeOutQuad"
						}
					}
				},
				"Magnified Scope": {
					"position": {
						"2.0333": {
							"vector": [0, 0, 0]
						},
						"2.1667": {
							"vector": [0, 0, -6]
						},
						"4.6333": {
							"vector": [0, 0, -6]
						},
						"4.7667": {
							"vector": [0, 0, 0]
						}
					}
				},
				"Magazine2": {
					"rotation": {
						"5.5667": {
							"vector": [0, 0, 0]
						},
						"5.7333": {
							"vector": [25.73665, 0.70205, -7.36905],
							"easing": "easeOutBack"
						},
						"5.9": {
							"vector": [-2.89689, 10.94991, -1.81511],
							"easing": "easeInSine"
						},
						"6.1": {
							"vector": [-30.72598, 0.67073, 4.63445],
							"easing": "easeOutSine"
						},
						"6.3": {
							"vector": [-31.21274, 12.30124, 1.01009],
							"easing": "easeOutBack"
						},
						"6.6667": {
							"vector": [-31.27573, 7.31615, 0.61836],
							"easing": "easeOutBack"
						},
						"6.8": {
							"vector": [3.20448, 18.04057, 3.33574]
						},
						"6.9333": {
							"vector": [0, 0, 0]
						},
						"7.1333": {
							"vector": [0, 0, 0],
							"easing": "easeOutBack"
						}
					},
					"position": {
						"5.5667": {
							"vector": [0, 0, 0]
						},
						"5.7333": {
							"vector": [-0.76347, -6.97905, 0.31717],
							"easing": "easeOutBack"
						},
						"5.9": {
							"vector": [9.38016, -6.97667, 1.65624],
							"easing": "easeInSine"
						},
						"6.1": {
							"vector": [16.11889, 3.30954, 5.93868],
							"easing": "easeOutSine"
						},
						"6.3": {
							"vector": [15.74962, 3.32774, 5.99591],
							"easing": "easeOutBack"
						},
						"6.6667": {
							"vector": [16.12462, 3.32774, 5.99591],
							"easing": "easeOutBack"
						},
						"6.8": {
							"vector": [6.775, -7.075, -1.005]
						},
						"6.9333": {
							"vector": [0, -3.15507, -0.48511]
						},
						"7.1333": {
							"vector": [0, 0, 0],
							"easing": "easeOutBack"
						}
					}
				},
				"Magazine": {
					"rotation": {
						"5.5667": {
							"vector": [0, 0, 0]
						},
						"5.7333": {
							"vector": [25.73665, 0.70205, -7.36905],
							"easing": "easeOutBack"
						},
						"5.9": {
							"vector": [-2.89689, 10.94991, -1.81511],
							"easing": "easeInSine"
						},
						"6.1": {
							"vector": [-30.72598, 0.67073, 4.63445],
							"easing": "easeOutSine"
						},
						"6.3": {
							"vector": [-31.21274, 12.30124, 1.01009],
							"easing": "easeOutBack"
						},
						"6.6667": {
							"vector": [-31.27573, 7.31615, 0.61836],
							"easing": "easeOutBack"
						},
						"6.8": {
							"vector": [3.20448, 18.04057, 3.33574]
						},
						"6.9333": {
							"vector": [0, 0, 0]
						},
						"7.1333": {
							"vector": [0, 0, 0],
							"easing": "easeOutBack"
						}
					},
					"position": {
						"5.5667": {
							"vector": [0, 0, 0]
						},
						"5.7333": {
							"vector": [-0.76347, -6.97905, 0.31717],
							"easing": "easeOutBack"
						},
						"5.9": {
							"vector": [9.38016, -6.97667, 1.65624],
							"easing": "easeInSine"
						},
						"6.1": {
							"vector": [16.11889, 3.30954, 5.93868],
							"easing": "easeOutSine"
						},
						"6.3": {
							"vector": [15.74962, 3.32774, 5.99591],
							"easing": "easeOutBack"
						},
						"6.6667": {
							"vector": [16.12462, 3.32774, 5.99591],
							"easing": "easeOutBack"
						},
						"6.8": {
							"vector": [6.775, -7.075, -1.005]
						},
						"6.9333": {
							"vector": [0, -3.15507, -0.48511]
						},
						"7.1333": {
							"vector": [0, 0, 0],
							"easing": "easeOutBack"
						}
					}
				},
				"rightarm": {
					"rotation": {
						"1.9667": {
							"vector": [0, 0, 0]
						},
						"2.0667": {
							"vector": [1.19382, 5.3617, -0.20404]
						},
						"2.1667": {
							"vector": [-0.54403, 3.47178, -1.31681]
						},
						"2.4667": {
							"vector": [0, 0, 0],
							"easing": "easeOutCubic"
						},
						"4.5667": {
							"vector": [0, 0, 0]
						},
						"4.6667": {
							"vector": [1.19382, 5.3617, -0.20404]
						},
						"4.7667": {
							"vector": [-0.54403, 3.47178, -1.31681]
						},
						"5.0667": {
							"vector": [0, 0, 0],
							"easing": "easeOutCubic"
						}
					},
					"position": {
						"1.9667": {
							"vector": [0, 0, 0]
						},
						"2.2667": {
							"vector": [0, 0, 0]
						},
						"4.5667": {
							"vector": [0, 0, 0]
						},
						"4.8667": {
							"vector": [0, 0, 0]
						}
					}
				}
			},
			"sound_effects": {
				"0.1": {
					"effect": "soltek_fiddle_jostlelong"
				},
				"2.0": {
					"effect": "soltek_fiddle_slideback"
				},
				"2.1667": {
					"effect": "soltek_stryker_pullback"
				},
				"2.9": {
					"effect": "soltek_fiddle_jostlelightspeedy"
				},
				"4.4667": {
					"effect": "soltek_stryker_pullforward"
				},
				"4.7": {
					"effect": "soltek_fiddle_slideforward"
				},
				"5.4667": {
					"effect": "soltek_stryker_unload"
				},
				"6.7333": {
					"effect": "soltek_stryker_load"
				}
			}
		},
		"animation.model.fire": {
			"loop": true,
			"animation_length": 0.2333,
			"bones": {
				"Charger": {
					"rotation": {
						"0.0": {
							"vector": [0, 0, 0]
						},
						"0.2333": {
							"vector": [0, 0, 0]
						}
					},
					"position": {
						"0.0": {
							"vector": [0, 0, 0]
						},
						"0.0667": {
							"vector": [0, 0, 11],
							"easing": "easeInOutQuad"
						},
						"0.2333": {
							"vector": [0, 0, 0],
							"easing": "easeOutCirc"
						}
					}
				},
				"Trigger": {
					"position": {
						"0.0": {
							"vector": [0, 0, 0]
						},
						"0.0333": {
							"vector": [0, 0, 1]
						},
						"0.1": {
							"vector": [0, 0, 0]
						}
					}
				},
				"bullet": {
					"rotation": {
						"0.0": {
							"vector": [0, 0, 0]
						},
						"0.0667": {
							"vector": [0.29307, 30.25848, -6.84887]
						},
						"0.1667": {
							"vector": [-133.06426, 23.65278, -173.39941]
						},
						"0.2": {
							"vector": [-181.66053, -2.04118, -102.10297]
						},
						"0.2333": {
							"vector": [0, 0, 0]
						}
					},
					"position": {
						"0.0": {
							"vector": [0, 0, 0]
						},
						"0.0667": {
							"vector": [-8.725, 3.7, 8.375]
						},
						"0.1667": {
							"vector": [-22.425, -16.2, 22]
						},
						"0.2": {
							"vector": [-1.595, -16.45, 22]
						},
						"0.2333": {
							"vector": [0, 0, 0]
						}
					},
					"scale": {
						"0.1667": {
							"vector": [1, 1, 1]
						},
						"0.2": {
							"vector": [0, 0, 0]
						},
						"0.2333": {
							"vector": [1, 1, 1]
						}
					}
				}
			}
		},
		"animation.model.fire2": {
			"loop": true,
			"animation_length": 0.2333,
			"bones": {
				"Charger": {
					"rotation": {
						"0.0": {
							"vector": [0, 0, 0]
						},
						"0.2333": {
							"vector": [0, 0, 0]
						}
					},
					"position": {
						"0.0": {
							"vector": [0, 0, 0]
						},
						"0.0667": {
							"vector": [0, 0, 11],
							"easing": "easeInOutQuad"
						},
						"0.2333": {
							"vector": [0, 0, 0],
							"easing": "easeOutCirc"
						}
					}
				},
				"Trigger": {
					"position": {
						"0.0": {
							"vector": [0, 0, 0]
						},
						"0.0333": {
							"vector": [0, 0, 1]
						},
						"0.1": {
							"vector": [0, 0, 0]
						}
					}
				},
				"bullet": {
					"rotation": {
						"0.0": {
							"vector": [0, 0, 0]
						},
						"0.0667": {
							"vector": [-2.06105, 44.38671, -8.28722]
						},
						"0.1667": {
							"vector": [156.13802, 44.33897, 106.01522]
						},
						"0.2": {
							"vector": [-181.66053, -2.04118, -102.10297]
						},
						"0.2333": {
							"vector": [0, 0, 0]
						}
					},
					"position": {
						"0.0": {
							"vector": [0, 0, 0]
						},
						"0.0667": {
							"vector": [-10.7, -0.55, 8.375]
						},
						"0.1667": {
							"vector": [-22.425, -16.2, 22]
						},
						"0.2": {
							"vector": [-1.595, -16.45, 22]
						},
						"0.2333": {
							"vector": [0, 0, 0]
						}
					},
					"scale": {
						"0.1667": {
							"vector": [1, 1, 1]
						},
						"0.2": {
							"vector": [0, 0, 0]
						},
						"0.2333": {
							"vector": [1, 1, 1]
						}
					}
				}
			}
		},
		"animation.model.fire3": {
			"loop": true,
			"animation_length": 0.2333,
			"bones": {
				"Charger": {
					"rotation": {
						"0.0": {
							"vector": [0, 0, 0]
						},
						"0.2333": {
							"vector": [0, 0, 0]
						}
					},
					"position": {
						"0.0": {
							"vector": [0, 0, 0]
						},
						"0.0667": {
							"vector": [0, 0, 11],
							"easing": "easeInOutQuad"
						},
						"0.2333": {
							"vector": [0, 0, 0],
							"easing": "easeOutCirc"
						}
					}
				},
				"Trigger": {
					"position": {
						"0.0": {
							"vector": [0, 0, 0]
						},
						"0.0333": {
							"vector": [0, 0, 1]
						},
						"0.1": {
							"vector": [0, 0, 0]
						}
					}
				},
				"bullet": {
					"rotation": {
						"0.0": {
							"vector": [0, 0, 0]
						},
						"0.0667": {
							"vector": [-35.18192, 51.99727, -42.97227]
						},
						"0.1667": {
							"vector": [68.70079, 23.97064, 48.79399]
						},
						"0.2": {
							"vector": [-181.66053, -2.04118, -102.10297]
						},
						"0.2333": {
							"vector": [0, 0, 0]
						}
					},
					"position": {
						"0.0": {
							"vector": [0, 0, 0]
						},
						"0.0667": {
							"vector": [-12.15, 2.1, 7.4]
						},
						"0.1667": {
							"vector": [-36.6, -16.2, 23.375]
						},
						"0.2": {
							"vector": [-1.595, -16.45, 22]
						},
						"0.2333": {
							"vector": [0, 0, 0]
						}
					},
					"scale": {
						"0.1667": {
							"vector": [1, 1, 1]
						},
						"0.2": {
							"vector": [0, 0, 0]
						},
						"0.2333": {
							"vector": [1, 1, 1]
						}
					}
				}
			}
		},
		"animation.model.fire4": {
			"loop": true,
			"animation_length": 0.2333,
			"bones": {
				"Charger": {
					"rotation": {
						"0.0": {
							"vector": [0, 0, 0]
						},
						"0.2333": {
							"vector": [0, 0, 0]
						}
					},
					"position": {
						"0.0": {
							"vector": [0, 0, 0]
						},
						"0.0667": {
							"vector": [0, 0, 11],
							"easing": "easeInOutQuad"
						},
						"0.2333": {
							"vector": [0, 0, 0],
							"easing": "easeOutCirc"
						}
					}
				},
				"Trigger": {
					"position": {
						"0.0": {
							"vector": [0, 0, 0]
						},
						"0.0333": {
							"vector": [0, 0, 1]
						},
						"0.1": {
							"vector": [0, 0, 0]
						}
					}
				},
				"bullet": {
					"rotation": {
						"0.0": {
							"vector": [0, 0, 0]
						},
						"0.0667": {
							"vector": [-35.45983, 52.17986, -16.69154]
						},
						"0.1667": {
							"vector": [132.3795, 46.56179, 88.96082]
						},
						"0.2": {
							"vector": [-181.66053, -2.04118, -102.10297]
						},
						"0.2333": {
							"vector": [0, 0, 0]
						}
					},
					"position": {
						"0.0": {
							"vector": [0, 0, 0]
						},
						"0.0667": {
							"vector": [-12.15, 5.35, 11.725]
						},
						"0.1667": {
							"vector": [-63.6, -16.2, 21.65]
						},
						"0.2": {
							"vector": [-1.595, -16.45, 22]
						},
						"0.2333": {
							"vector": [0, 0, 0]
						}
					},
					"scale": {
						"0.1667": {
							"vector": [1, 1, 1]
						},
						"0.2": {
							"vector": [0, 0, 0]
						},
						"0.2333": {
							"vector": [1, 1, 1]
						}
					}
				}
			}
		},
		"animation.model.fire5": {
			"loop": true,
			"animation_length": 0.2333,
			"bones": {
				"Charger": {
					"rotation": {
						"0.0": {
							"vector": [0, 0, 0]
						},
						"0.2333": {
							"vector": [0, 0, 0]
						}
					},
					"position": {
						"0.0": {
							"vector": [0, 0, 0]
						},
						"0.0667": {
							"vector": [0, 0, 11],
							"easing": "easeInOutQuad"
						},
						"0.2333": {
							"vector": [0, 0, 0],
							"easing": "easeOutCirc"
						}
					}
				},
				"Trigger": {
					"position": {
						"0.0": {
							"vector": [0, 0, 0]
						},
						"0.0333": {
							"vector": [0, 0, 1]
						},
						"0.1": {
							"vector": [0, 0, 0]
						}
					}
				},
				"bullet": {
					"rotation": {
						"0.0": {
							"vector": [0, 0, 0]
						},
						"0.0667": {
							"vector": [16.07428, -33.90625, -27.16233]
						},
						"0.1667": {
							"vector": [-121.21025, -15.272, 134.55117]
						},
						"0.2": {
							"vector": [-181.66053, -2.04118, -102.10297]
						},
						"0.2333": {
							"vector": [0, 0, 0]
						}
					},
					"position": {
						"0.0": {
							"vector": [0, 0, 0]
						},
						"0.0667": {
							"vector": [15.8, 1.65, 9.05]
						},
						"0.1667": {
							"vector": [49.025, -16.2, 21.65]
						},
						"0.2": {
							"vector": [-1.595, -16.45, 22]
						},
						"0.2333": {
							"vector": [0, 0, 0]
						}
					},
					"scale": {
						"0.1667": {
							"vector": [1, 1, 1]
						},
						"0.2": {
							"vector": [0, 0, 0]
						},
						"0.2333": {
							"vector": [1, 1, 1]
						}
					}
				}
			}
		},
		"animation.model.fire6": {
			"loop": true,
			"animation_length": 0.2333,
			"bones": {
				"Charger": {
					"rotation": {
						"0.0": {
							"vector": [0, 0, 0]
						},
						"0.2333": {
							"vector": [0, 0, 0]
						}
					},
					"position": {
						"0.0": {
							"vector": [0, 0, 0]
						},
						"0.0667": {
							"vector": [0, 0, 11],
							"easing": "easeInOutQuad"
						},
						"0.2333": {
							"vector": [0, 0, 0],
							"easing": "easeOutCirc"
						}
					}
				},
				"Trigger": {
					"position": {
						"0.0": {
							"vector": [0, 0, 0]
						},
						"0.0333": {
							"vector": [0, 0, 1]
						},
						"0.1": {
							"vector": [0, 0, 0]
						}
					}
				},
				"bullet": {
					"rotation": {
						"0.0": {
							"vector": [0, 0, 0]
						},
						"0.0667": {
							"vector": [71.84281, -44.51901, -55.55173]
						},
						"0.1667": {
							"vector": [-211.07864, 45.56338, 100.91295]
						},
						"0.2": {
							"vector": [-181.66053, -2.04118, -102.10297]
						},
						"0.2333": {
							"vector": [0, 0, 0]
						}
					},
					"position": {
						"0.0": {
							"vector": [0, 0, 0]
						},
						"0.0667": {
							"vector": [20, 1.65, 11.15]
						},
						"0.1667": {
							"vector": [38.675, -16.2, 29.5]
						},
						"0.2": {
							"vector": [-1.595, -16.45, 22]
						},
						"0.2333": {
							"vector": [0, 0, 0]
						}
					},
					"scale": {
						"0.1667": {
							"vector": [1, 1, 1]
						},
						"0.2": {
							"vector": [0, 0, 0]
						},
						"0.2333": {
							"vector": [1, 1, 1]
						}
					}
				}
			}
		},
		"animation.model.fire7": {
			"loop": true,
			"animation_length": 0.2333,
			"bones": {
				"Charger": {
					"rotation": {
						"0.0": {
							"vector": [0, 0, 0]
						},
						"0.2333": {
							"vector": [0, 0, 0]
						}
					},
					"position": {
						"0.0": {
							"vector": [0, 0, 0]
						},
						"0.0667": {
							"vector": [0, 0, 11],
							"easing": "easeInOutQuad"
						},
						"0.2333": {
							"vector": [0, 0, 0],
							"easing": "easeOutCirc"
						}
					}
				},
				"Trigger": {
					"position": {
						"0.0": {
							"vector": [0, 0, 0]
						},
						"0.0333": {
							"vector": [0, 0, 1]
						},
						"0.1": {
							"vector": [0, 0, 0]
						}
					}
				},
				"bullet": {
					"rotation": {
						"0.0": {
							"vector": [0, 0, 0]
						},
						"0.0667": {
							"vector": [-147.52042, -80.99803, 125.63334]
						},
						"0.1667": {
							"vector": [-214.4175, 14.46736, 131.29431]
						},
						"0.2": {
							"vector": [-181.66053, -2.04118, -102.10297]
						},
						"0.2333": {
							"vector": [0, 0, 0]
						}
					},
					"position": {
						"0.0": {
							"vector": [0, 0, 0]
						},
						"0.0667": {
							"vector": [17.425, 5.575, 11.825]
						},
						"0.1667": {
							"vector": [46.775, -16.2, 29.5]
						},
						"0.2": {
							"vector": [-1.595, -16.45, 22]
						},
						"0.2333": {
							"vector": [0, 0, 0]
						}
					},
					"scale": {
						"0.1667": {
							"vector": [1, 1, 1]
						},
						"0.2": {
							"vector": [0, 0, 0]
						},
						"0.2333": {
							"vector": [1, 1, 1]
						}
					}
				}
			}
		},
		"animation.model.fire8": {
			"loop": true,
			"animation_length": 0.2333,
			"bones": {
				"Charger": {
					"rotation": {
						"0.0": {
							"vector": [0, 0, 0]
						},
						"0.2333": {
							"vector": [0, 0, 0]
						}
					},
					"position": {
						"0.0": {
							"vector": [0, 0, 0]
						},
						"0.0667": {
							"vector": [0, 0, 11],
							"easing": "easeInOutQuad"
						},
						"0.2333": {
							"vector": [0, 0, 0],
							"easing": "easeOutCirc"
						}
					}
				},
				"Trigger": {
					"position": {
						"0.0": {
							"vector": [0, 0, 0]
						},
						"0.0333": {
							"vector": [0, 0, 1]
						},
						"0.1": {
							"vector": [0, 0, 0]
						}
					}
				},
				"bullet": {
					"rotation": {
						"0.0": {
							"vector": [0, 0, 0]
						},
						"0.0667": {
							"vector": [2.20868, 35.88539, -12.68756]
						},
						"0.1667": {
							"vector": [83.60226, 42.67576, 98.29768]
						},
						"0.2": {
							"vector": [-181.66053, -2.04118, -102.10297]
						},
						"0.2333": {
							"vector": [0, 0, 0]
						}
					},
					"position": {
						"0.0": {
							"vector": [0, 0, 0]
						},
						"0.0667": {
							"vector": [18.8, 0, 4.9]
						},
						"0.1667": {
							"vector": [46.775, -31.975, -11.575]
						},
						"0.2": {
							"vector": [-1.595, -16.45, 22]
						},
						"0.2333": {
							"vector": [0, 0, 0]
						}
					},
					"scale": {
						"0.1667": {
							"vector": [1, 1, 1]
						},
						"0.2": {
							"vector": [0, 0, 0]
						},
						"0.2333": {
							"vector": [1, 1, 1]
						}
					}
				}
			}
		}
	},
	"geckolib_format_version": 2
}