{
	"format_version": "1.8.0",
	"animations": {
		"animation.model.reload": {
			"loop": true,
			"animation_length": 4.6,
			"blend_weight": 1,
			"bones": {
				"main": {
					"rotation": {
						"0.0": {
							"vector": [0, 0, 0]
						},
						"0.2667": {
							"vector": [-22.19301, 5.07121, 12.52774],
							"easing": "easeInSine"
						},
						"0.6": {
							"vector": [-26.11864, 5.92636, 8.40141],
							"easing": "easeOutBack"
						},
						"0.7": {
							"vector": [-19.6646, 4.9413, 12.26325]
						},
						"1.0333": {
							"vector": [-28.85576, 6.3213, 8.10936],
							"easing": "easeOutSine"
						},
						"1.1333": {
							"vector": [-28.85576, 6.3213, 7.35936]
						},
						"1.2667": {
							"vector": [-26.84754, 13.6697, 18.86793],
							"easing": "easeInSine"
						},
						"1.6": {
							"vector": [-31.87627, 21.96621, 34.17387],
							"easing": "easeOutQuint"
						},
						"1.7": {
							"vector": [-32.64851, 20.45236, 32.03967]
						},
						"2.0667": {
							"vector": [-26.45897, 16.6334, 34.01085],
							"easing": "easeInQuad"
						},
						"2.5667": {
							"vector": [-29.5191, 18.5681, 37.58519],
							"easing": "easeOutBack"
						},
						"2.7667": {
							"vector": [-36.12924, 16.31242, 33.77379],
							"easing": "easeInSine"
						},
						"3.0333": {
							"vector": [-42.79554, 10.82414, 27.79291],
							"easing": "easeOutCubic"
						},
						"3.3667": {
							"vector": [-42.57008, -4.58763, 19.83796],
							"easing": "easeInSine"
						},
						"3.6667": {
							"vector": [-45.56914, -10.64534, 14.18469],
							"easing": "easeOutQuad"
						},
						"3.8333": {
							"vector": [-53.96497, -19.28038, 8.95813],
							"easing": "easeInSine"
						},
						"4.1667": {
							"vector": [-50.60671, -16.40303, 11.05182],
							"easing": "easeOutBack"
						},
						"4.3": {
							"vector": [-46.16633, -14.10078, 9.30978],
							"easing": "easeInSine"
						},
						"4.5667": {
							"vector": [0, 0, 0],
							"easing": "easeOutSine"
						}
					},
					"position": {
						"0.0": {
							"vector": [0, 0, 0]
						},
						"0.2333": {
							"vector": [0, 0, 3.2],
							"easing": "easeInSine"
						},
						"0.5333": {
							"vector": [1, 0, 3.4],
							"easing": "easeOutBack"
						},
						"0.6667": {
							"vector": [1, 0.125, 2.8]
						},
						"0.8667": {
							"vector": [1, -0.27, 1.475]
						},
						"1.2": {
							"vector": [0.6, -0.27, 1.08]
						},
						"1.3667": {
							"vector": [0.6, -0.27, 0.305]
						},
						"1.5333": {
							"vector": [0.05, -0.27, 1.035],
							"easing": "easeOutSine"
						},
						"1.6333": {
							"vector": [0.05, 0.23, 0.78]
						},
						"1.8667": {
							"vector": [-0.275, 0.23, 0.53]
						},
						"2.1667": {
							"vector": [2.72, 0.23, -1.645],
							"easing": "easeInSine"
						},
						"2.4": {
							"vector": [4.37, 0.23, -4.92],
							"easing": "easeOutQuad"
						},
						"2.6333": {
							"vector": [4.37, 0.08, -4.595],
							"easing": "easeInSine"
						},
						"2.8": {
							"vector": [3.695, -0.52, -3.39],
							"easing": "easeOutQuad"
						},
						"2.9667": {
							"vector": [3.7, -0.52, -4.265]
						},
						"3.1333": {
							"vector": [3.7, -0.02, -4.685]
						},
						"3.4": {
							"vector": [2.75, -0.02, -4.68]
						},
						"3.5333": {
							"vector": [3.025, -0.295, -4.68]
						},
						"3.7667": {
							"vector": [3.03, -0.29, -3.03],
							"easing": "easeInSine"
						},
						"3.9667": {
							"vector": [2.03, -0.29, -2.505],
							"easing": "easeOutBack"
						},
						"4.1": {
							"vector": [2.28, -0.29, -2.35]
						},
						"4.2333": {
							"vector": [1.805, -0.29, -2.35],
							"easing": "easeInSine"
						},
						"4.5333": {
							"vector": [0, 0, 0],
							"easing": "easeOutSine"
						}
					}
				},
				"magazine": {
					"rotation": {
						"1.2333": {
							"vector": [0, 0, 0]
						},
						"1.8": {
							"vector": [-87.59657, -337.72609, -151.44825]
						},
						"1.8333": {
							"vector": [0, 0, 0]
						}
					},
					"position": {
						"1.2333": {
							"vector": [0, 0, 0]
						},
						"1.4": {
							"vector": [38.56699, 19.29087, -37.75572],
							"easing": "easeInSine"
						},
						"1.8": {
							"vector": [115.55291, 46.35577, -30.86206],
							"easing": "easeOutQuad"
						},
						"1.8333": {
							"vector": [0, 0, 0]
						}
					},
					"scale": {
						"1.5": {
							"vector": [1, 1, 1]
						},
						"1.8": {
							"vector": [0, 0, 0]
						},
						"4.1": {
							"vector": [0, 0, 0]
						},
						"4.1333": {
							"vector": [1, 1, 1]
						}
					}
				},
				"leftarm": {
					"rotation": {
						"0.1333": {
							"vector": [0, 0, 0]
						},
						"0.4667": {
							"vector": [1.05316, -1.94085, 1.92416],
							"easing": "easeInSine"
						},
						"0.7333": {
							"vector": [-5.41057, 7.43456, -17.14705],
							"easing": "easeOutBack"
						},
						"0.9": {
							"vector": [-0.66485, 4.70454, 3.68742],
							"easing": "easeOutSine"
						},
						"1.2333": {
							"vector": [-11.8001, 23.08291, -29.59139],
							"easing": "easeInSine"
						},
						"1.5333": {
							"vector": [5.93673, 11.78906, 36.55466],
							"easing": "easeOutBack"
						},
						"2.0": {
							"vector": [161.94021, 6.99223, -6.39214],
							"easing": "easeInSine"
						},
						"2.5": {
							"vector": [0.45432, 27.87112, -10.50999],
							"easing": "easeOutBack"
						},
						"2.6333": {
							"vector": [16.84362, 49.12815, 11.9519]
						},
						"2.9667": {
							"vector": [-23.75695, 39.81631, -30.04132],
							"easing": "easeOutBack"
						},
						"3.3333": {
							"vector": [40.2921, 44.07673, 33.7184],
							"easing": "easeInSine"
						},
						"3.7": {
							"vector": [104.57783, 16.11255, 69.18538],
							"easing": "easeOutBack",
							"easingArgs": [0.6]
						},
						"3.9333": {
							"vector": [68.15396, 29.10359, 65.1429],
							"easing": "easeOutQuart"
						},
						"4.1": {
							"vector": [68.15, 29.1, 65.14],
							"easing": "easeInSine"
						},
						"4.6": {
							"vector": [0, 0, 0],
							"easing": "easeOutSine"
						}
					},
					"position": {
						"0.1333": {
							"vector": [0, 0, 0]
						},
						"0.4667": {
							"vector": [0, 13.675, 3],
							"easing": "easeInSine"
						},
						"0.6667": {
							"vector": [0, 13.68, 0.2],
							"easing": "easeOutBack"
						},
						"0.8": {
							"vector": [0, 13.68, 1.325],
							"easing": "easeOutSine"
						},
						"1.1333": {
							"vector": [3.6, 11.68, -8.67],
							"easing": "easeInSine"
						},
						"1.4333": {
							"vector": [11.9, 11.68, -6.57],
							"easing": "easeOutQuad"
						},
						"2.0": {
							"vector": [21.49941, 0.80345, 5.69997],
							"easing": "easeInSine"
						},
						"2.5": {
							"vector": [5.38636, 12.41047, -9.89155],
							"easing": "easeOutBack"
						},
						"2.6333": {
							"vector": [4.35851, 11.63465, -12.43396]
						},
						"2.9667": {
							"vector": [3.954, 12.31491, -11.43416],
							"easing": "easeOutBack"
						},
						"3.3333": {
							"vector": [10.23715, 12.69691, -7.79379],
							"easing": "easeInSine"
						},
						"3.7": {
							"vector": [6.78872, 15.76419, -9.00842],
							"easing": "easeOutQuad"
						},
						"4.0": {
							"vector": [6.60276, 19.47327, -2.7763],
							"easing": "easeOutQuart"
						},
						"4.1": {
							"vector": [6.6, 19.47, -2.78]
						},
						"4.5": {
							"vector": [0, 0, 0],
							"easing": "easeOutQuad"
						}
					}
				},
				"REtractors": {
					"rotation": {
						"3.7667": {
							"vector": [0, 0, 0]
						},
						"3.9333": {
							"vector": [0, 0, 0]
						},
						"4.1333": {
							"vector": [0, 0, 0]
						}
					},
					"position": {
						"3.7667": {
							"vector": [0, 0, 0]
						},
						"3.9333": {
							"vector": [0, 0, 3]
						},
						"4.1333": {
							"vector": [0, 0, 0]
						}
					}
				},
				"magazine2": {
					"rotation": {
						"1.9333": {
							"vector": ["51.57 * (math.abs(pbj.aimprog - 1.1))", "-28.11 * (math.abs(pbj.aimprog - 1.1))", "-19.35 * (math.abs(pbj.aimprog - 1.1))"]
						},
						"2.0": {
							"vector": [
								"51.5668065016 * (math.abs(pbj.aimprog - 1.1))",
								"-28.1087503936 * (math.abs(pbj.aimprog - 1.1))",
								"-19.354681635 * (math.abs(pbj.aimprog - 1.1))"
							],
							"easing": "easeInSine"
						},
						"2.4333": {
							"vector": [
								"-8.4043817873 * (math.abs(pbj.aimprog - 1.1))",
								"-25.4253925515 * (math.abs(pbj.aimprog - 1.1))",
								"-14.9808305682 * (math.abs(pbj.aimprog - 1.1))"
							],
							"easing": "easeOutBack",
							"easingArgs": [0.6]
						},
						"2.6333": {
							"vector": ["0 * (math.abs(pbj.aimprog - 1.1))", "0 * (math.abs(pbj.aimprog - 1.1))", "0 * (math.abs(pbj.aimprog - 1.1))"],
							"easing": "easeInSine"
						},
						"2.9667": {
							"vector": ["0 * (math.abs(pbj.aimprog - 1.1))", "0 * (math.abs(pbj.aimprog - 1.1))", "0 * (math.abs(pbj.aimprog - 1.1))"],
							"easing": "easeOutBack"
						}
					},
					"position": {
						"1.9333": {
							"vector": ["45.6 * (math.abs(pbj.aimprog - 1.1))", "-17.85 * (math.abs(pbj.aimprog - 1.1))", "32.49 * (math.abs(pbj.aimprog - 1.1))"]
						},
						"2.0": {
							"vector": [
								"45.5957955316 * (math.abs(pbj.aimprog - 1.1))",
								"-17.8528107875 * (math.abs(pbj.aimprog - 1.1))",
								"32.490149795 * (math.abs(pbj.aimprog - 1.1))"
							],
							"easing": "easeInSine"
						},
						"2.4333": {
							"vector": [
								"2.7844873311 * (math.abs(pbj.aimprog - 1.1))",
								"0.7397861574 * (math.abs(pbj.aimprog - 1.1))",
								"-9.7842738022 * (math.abs(pbj.aimprog - 1.1))"
							],
							"easing": "easeOutBack",
							"easingArgs": [0.75]
						},
						"2.6333": {
							"vector": ["0 * (math.abs(pbj.aimprog - 1.1))", "0 * (math.abs(pbj.aimprog - 1.1))", "-6.78 * (math.abs(pbj.aimprog - 1.1))"],
							"easing": "easeInSine"
						},
						"2.9667": {
							"vector": ["0 * (math.abs(pbj.aimprog - 1.1))", "0 * (math.abs(pbj.aimprog - 1.1))", "0 * (math.abs(pbj.aimprog - 1.1))"],
							"easing": "easeOutBack"
						}
					}
				},
				"Flip": {
					"rotation": {
						"0.5667": {
							"vector": [0, 0, 0]
						},
						"0.8": {
							"vector": [-22.18311, 0, 0],
							"easing": "easeOutCubic"
						},
						"3.9": {
							"vector": [-22.18, 0, 0]
						},
						"4.0": {
							"vector": [0, 0, 0]
						}
					}
				},
				"Holder": {
					"rotation": {
						"0.5667": {
							"vector": [0, 0, 0]
						},
						"1.2333": {
							"vector": [135.6023, 0, 0],
							"easing": "easeOutBack"
						},
						"3.7": {
							"vector": [135.6, 0, 0]
						},
						"4.0": {
							"vector": [0, 0, 0],
							"easing": "easeOutQuart"
						}
					}
				}
			},
			"sound_effects": {
				"0.4333": {
					"effect": "soltek_zaraph_clickopen"
				},
				"1.2": {
					"effect": "soltek_zaraph_magout"
				},
				"2.4667": {
					"effect": "soltek_zaraph_magin"
				},
				"3.6333": {
					"effect": "soltek_zaraph_loaded"
				},
				"3.7": {
					"effect": "soltek_zaraph_clickclose"
				}
			}
		},
		"animation.model.draw": {
			"loop": true,
			"animation_length": 1.55,
			"bones": {
				"main": {
					"rotation": {
						"0.0": {
							"vector": [32.09413, -54.38778, -8.29667]
						},
						"0.35": {
							"vector": [0.50518, -5.08075, 20.3716],
							"easing": "easeOutSine"
						},
						"0.5": {
							"vector": [0.32389, -0.60235, -2.1558],
							"easing": "linear"
						},
						"0.6": {
							"vector": [-2.83758, -0.35717, -10.81066]
						},
						"0.75": {
							"vector": [-7.82797, -0.29595, 7.72311]
						},
						"0.9": {
							"vector": [-15.77705, 0.60962, 5.69378]
						},
						"1.0": {
							"vector": [-9.05098, 0.09401, 1.22862]
						},
						"1.15": {
							"vector": [-1.91034, 0.00951, -1.72772]
						},
						"1.4": {
							"vector": [0, 0, 0]
						}
					},
					"position": {
						"0.0": {
							"vector": [0, -17.3, 0]
						},
						"0.25": {
							"vector": [-0.4, -2.525, -1.625],
							"easing": "linear"
						},
						"0.4": {
							"vector": [-0.05, 0, -2.49],
							"easing": "linear"
						},
						"0.55": {
							"vector": [0, 0, 1.9],
							"easing": "linear"
						},
						"0.7": {
							"vector": [0, 0, 3.3]
						},
						"0.95": {
							"vector": [0, -0.3, 3.55]
						},
						"1.15": {
							"vector": [0, -0.595, 0.995]
						},
						"1.4": {
							"vector": [0, 0, 0]
						}
					}
				},
				"leftarm": {
					"rotation": {
						"0.0": {
							"vector": [62.98703, 26.94684, 16.58794]
						},
						"0.2": {
							"vector": [99.33081, 70.59826, 25.85461]
						},
						"0.5": {
							"vector": [-12.48399, -10.46458, 1.06842]
						},
						"0.7": {
							"vector": [-47.69719, -31.35525, 13.20391],
							"easing": "easeOutSine"
						},
						"0.95": {
							"vector": [0.68893, -9.84915, -22.72604],
							"easing": "easeInOutQuad"
						},
						"1.4": {
							"vector": [0, 0, 0]
						}
					},
					"position": {
						"0.0": {
							"vector": [0, 0, 0]
						},
						"0.2": {
							"vector": [3.53901, 3.6754, 5.59783]
						},
						"0.5": {
							"vector": [3.73454, -3.75516, -16.78996]
						},
						"0.65": {
							"vector": [-0.06546, -7.16713, -16.49145],
							"easing": "easeOutSine"
						},
						"0.85": {
							"vector": [-1.25987, -6.82612, 1.09642],
							"easing": "easeInSine"
						},
						"1.2": {
							"vector": [3.56411, -0.10457, 8.90903],
							"easing": "easeOutCirc"
						},
						"1.4": {
							"vector": [0, 0, 0]
						}
					}
				},
				"magazine": {
					"scale": {
						"vector": [0, 0, 0]
					}
				},
				"magazine2": {
					"scale": {
						"vector": [0, 0, 0]
					}
				},
				"gun": {
					"rotation": {
						"0.0": {
							"vector": [-58.15532, -13.5301, 28.70501]
						},
						"0.25": {
							"vector": [14.93831, -12.23162, -11.96748]
						},
						"0.5": {
							"vector": [12.88611, -30.36571, -22.81754]
						},
						"0.65": {
							"vector": [0, 0, 0],
							"easing": "easeOutSine"
						}
					},
					"position": {
						"0.0": {
							"vector": [8.81732, -9.22764, 34.75829]
						},
						"0.25": {
							"vector": [7.53204, 2.67248, 27.71976]
						},
						"0.5": {
							"vector": [3.5323, -22.04262, -2.0397]
						},
						"0.65": {
							"vector": [0, -9, 0],
							"easing": "easeOutSine"
						},
						"0.85": {
							"vector": [0, 0, 0]
						}
					}
				},
				"REtractors": {
					"position": {
						"0.65": {
							"vector": [0, 0, 0]
						},
						"0.95": {
							"vector": [0, 0, 7],
							"easing": "easeInQuad"
						},
						"1.35": {
							"vector": [0, 0, 0],
							"easing": "easeInExpo"
						}
					}
				},
				"_camera_": {
					"rotation": {
						"0.0": {
							"vector": [0, 0, 0]
						},
						"0.35": {
							"vector": [0, 0, 1.25],
							"easing": "easeInSine"
						},
						"0.45": {
							"vector": [1.5, 0, -1],
							"easing": "easeInSine"
						},
						"0.7": {
							"vector": [-1.00143, 0.06542, -2.49914],
							"easing": "easeOutCubic"
						},
						"1.2": {
							"vector": [0, 0, 0],
							"easing": "easeOutSine"
						}
					}
				}
			},
			"sound_effects": {
				"0.4": {
					"effect": "soltek_fiddle_jostlelong"
				},
				"0.9": {
					"effect": "soltek_zaraph_loaded"
				}
			}
		},
		"animation.model.inspect": {
			"loop": true,
			"animation_length": 3,
			"bones": {
				"main": {
					"rotation": {
						"0.0": {
							"vector": [0, 0, 0]
						},
						"0.2333": {
							"vector": [-0.3191, -19.92066, -18.43307],
							"easing": "easeInSine"
						},
						"0.5333": {
							"vector": [1.75871, -24.21039, -28.42877],
							"easing": "easeOutBack"
						},
						"0.7333": {
							"vector": [0.68417, -24.33169, -30.07002]
						},
						"1.1333": {
							"vector": [1.36142, -16.67478, -32.26098],
							"easing": "easeInSine"
						},
						"1.7333": {
							"vector": [-24.37099, 13.49185, 81.00232],
							"easing": "easeOutBack"
						},
						"1.9": {
							"vector": [-26.11673, 12.25429, 78.77067]
						},
						"2.1333": {
							"vector": [-24.32, 12.25, 78.77]
						},
						"2.2667": {
							"vector": [-12.76837, 11.80576, 58.78553],
							"easing": "easeInCubic"
						},
						"2.9": {
							"vector": [0, 0, 0],
							"easing": "easeOutCubic"
						}
					},
					"position": {
						"0.0": {
							"vector": [0, 0, 0]
						},
						"0.2": {
							"vector": [0.7, 0, 0],
							"easing": "easeInSine"
						},
						"0.5": {
							"vector": [-0.025, 0.175, 0]
						},
						"0.6667": {
							"vector": [0.155, -0.095, 0]
						},
						"0.9667": {
							"vector": [0.035, -0.09, 0]
						},
						"1.3667": {
							"vector": [5.365, -0.09, 0],
							"easing": "easeInSine"
						},
						"1.6667": {
							"vector": [4.02, -0.09, 0],
							"easing": "easeOutQuad"
						},
						"1.8": {
							"vector": [3.595, -0.09, 0]
						},
						"1.9333": {
							"vector": [3.6, -0.14, 0],
							"easing": "easeOutBack"
						},
						"2.2": {
							"vector": [2.14, -0.04, 0],
							"easing": "easeInQuint"
						},
						"2.9": {
							"vector": [0, 0, 0],
							"easing": "easeOutCubic"
						}
					}
				},
				"leftarm": {
					"rotation": {
						"0.0": {
							"vector": [0, 0, 0]
						},
						"0.3333": {
							"vector": [0, 0, -2.5],
							"easing": "easeInSine"
						},
						"1.8": {
							"vector": [0, 0, -2.5]
						},
						"2.3": {
							"vector": [0, 0, -2.5]
						},
						"2.6333": {
							"vector": [0, 0, 0],
							"easing": "easeInSine"
						}
					},
					"position": {
						"0.0": {
							"vector": [0, 0, 0]
						},
						"0.3333": {
							"vector": [11.23986, -30.20851, 24.64864],
							"easing": "easeInSine"
						},
						"1.8": {
							"vector": [60.91491, -32.15776, 39.02611]
						},
						"2.3": {
							"vector": [24.49012, -4.04396, 24.33804]
						},
						"2.6333": {
							"vector": [0, 0, 0],
							"easing": "easeInSine"
						}
					}
				},
				"rightarm": {
					"rotation": {
						"vector": [0, 0, 0]
					},
					"position": {
						"vector": [0, 0, 0]
					}
				},
				"magazine": {
					"scale": {
						"vector": [0, 0, 0]
					}
				},
				"magazine2": {
					"scale": {
						"vector": [0, 0, 0]
					}
				},
				"_camera_": {
					"rotation": {
						"0.1333": {
							"vector": [0, 0, 0]
						},
						"0.5": {
							"vector": [3.16821, 7.55945, -3.09],
							"easing": "easeInSine"
						},
						"0.9333": {
							"vector": [6.13999, 12.78041, -6.97433],
							"easing": "easeOutQuad"
						},
						"1.2667": {
							"vector": [5.71866, 16.3907, -10.23184],
							"easing": "easeInSine"
						},
						"1.9333": {
							"vector": [6.56125, 20.69079, -12.60181],
							"easing": "easeOutQuad"
						},
						"2.3": {
							"vector": [4.69305, 6.21902, -8.75025],
							"easing": "easeInSine"
						},
						"2.9": {
							"vector": [0, 0, 0],
							"easing": "easeOutCubic"
						}
					}
				}
			},
			"sound_effects": {
				"0.0": {
					"effect": "soltek_fiddle_jostlequick"
				},
				"1.1333": {
					"effect": "soltek_fiddle_jostlesmaller"
				}
			}
		},
		"animation.model.fire": {
			"loop": true,
			"animation_length": 0.25,
			"bones": {
				"REtractors": {
					"position": {
						"0.0": {
							"vector": [0, 0, 0]
						},
						"0.0417": {
							"vector": [0, 0, 2],
							"easing": "easeInExpo"
						},
						"0.25": {
							"vector": [0, 0, 0],
							"easing": "easeOutCubic"
						}
					}
				}
			}
		}
	},
	"geckolib_format_version": 2
}