{
	"format_version": "1.12.0",
	"minecraft:geometry": [
		{
			"description": {
				"identifier": "geometry.unknown",
				"texture_width": 64,
				"texture_height": 64,
				"visible_bounds_width": 16,
				"visible_bounds_height": 4,
				"visible_bounds_offset": [0, 1, 0]
			},
			"bones": [
				{
					"name": "bb_main",
					"pivot": [0, 0, 0]
				},
				{
					"name": "main",
					"pivot": [0, 29, -10]
				},
				{
					"name": "grenade",
					"parent": "main",
					"pivot": [1, 20, -11],
					"rotation": [9.06159, -23.39896, -21.88023],
					"cubes": [
						{"origin": [0.85, 23.97299, -14.45], "size": [5, 3, 5], "pivot": [1, 25.573, -14.45], "rotation": [0, 0, 90], "uv": [32, 0]},
						{"origin": [-0.35001, 22.723, -13.75], "size": [4.5, 1, 1], "inflate": 0.2, "pivot": [1.89999, 23.223, -13.95], "rotation": [45, 0, 90], "uv": [42, 31]},
						{"origin": [0.14496, 20.598, -11.83003], "size": [4.5, 1, 1], "inflate": 0.2, "pivot": [2.39496, 23.223, -13.45503], "rotation": [45, 0, 90], "uv": [42, 33]},
						{"origin": [-2.8462, 21.6605, -11.36858], "size": [4.5, 1, 1], "inflate": 0.2, "pivot": [-0.5962, 23.223, -11.94358], "rotation": [-135, 0, 90], "uv": [42, 37]},
						{"origin": [-2.8462, 23.7855, -13.49358], "size": [4.5, 1, 1], "inflate": 0.2, "pivot": [-0.5962, 23.223, -11.94358], "rotation": [-135, 0, 90], "uv": [42, 35]},
						{"origin": [0.85, 22.97299, -13.45], "size": [5, 5, 3], "inflate": -0.001, "pivot": [1, 25.573, -14.45], "rotation": [0, 0, 90], "uv": [32, 8]},
						{"origin": [2.1, 22.97299, -12.95], "size": [4, 5, 2], "inflate": 0.1, "pivot": [1, 25.573, -14.45], "rotation": [0, 0, 90], "uv": [32, 24]},
						{"origin": [0.65, 24.47299, -13.7], "size": [1.2, 3.5, 3.5], "pivot": [1, 26.223, -12.95], "rotation": [0, 0, 90], "uv": [32, 39]}
					]
				},
				{
					"name": "top",
					"parent": "grenade",
					"pivot": [1.14776, 27.71189, -11.95108],
					"cubes": [
						{"origin": [3.14496, 26.348, -11.83003], "size": [1.5, 1, 1], "inflate": 0.2, "pivot": [2.39496, 28.973, -13.45503], "rotation": [45, 0, 90], "uv": [46, 20]},
						{"origin": [3.85, 28.72299, -13.45], "size": [2, 5, 3], "inflate": -0.001, "pivot": [1, 31.323, -14.45], "rotation": [0, 0, 90], "uv": [32, 31]},
						{"origin": [3.6, 32.97299, -12.95], "size": [2, 1, 2], "inflate": -0.001, "pivot": [1, 31.323, -14.45], "rotation": [0, 0, 90], "uv": [44, 24]},
						{"origin": [-0.10001, 25.973, -14.45], "size": [2, 3, 5], "pivot": [0.89999, 27.473, -11.95], "rotation": [0, 0, 90], "uv": [32, 16]},
						{"origin": [0.1538, 29.5355, -13.49358], "size": [1.5, 1, 1], "inflate": 0.2, "pivot": [-0.5962, 28.973, -11.94358], "rotation": [-135, 0, 90], "uv": [46, 16]},
						{"origin": [2.64999, 28.473, -13.75], "size": [1.5, 1, 1], "inflate": 0.2, "pivot": [1.89999, 28.973, -13.95], "rotation": [45, 0, 90], "uv": [46, 22]},
						{"origin": [0.1538, 27.4105, -11.36858], "size": [1.5, 1, 1], "inflate": 0.2, "pivot": [-0.5962, 28.973, -11.94358], "rotation": [-135, 0, 90], "uv": [46, 18]},
						{"origin": [-0.35001, 26.473, -12.95], "size": [1, 2, 2], "inflate": -0.15, "pivot": [0.89999, 27.473, -11.95], "rotation": [0, 0, 90], "uv": [44, 27]},
						{"origin": [-0.75001, 26.723, -12.45], "size": [1, 1.5, 1], "inflate": -0.15, "pivot": [0.89999, 27.473, -11.95], "rotation": [0, 0, 90], "uv": [32, 48]}
					]
				},
				{
					"name": "ringphysics",
					"parent": "top",
					"pivot": [0.89999, 28.448, -11.95],
					"rotation": [0, 0, -69],
					"cubes": [
						{"origin": [-0.75001, 26.473, -12.45], "size": [1, 2, 1], "inflate": -0.25, "pivot": [0.89999, 27.473, -11.95], "rotation": [90, 0, 90], "uv": [32, 45]},
						{"origin": [-2.25001, 26.473, -12.45], "size": [1, 2, 1], "inflate": -0.25, "pivot": [0.89999, 27.473, -11.95], "rotation": [90, 0, 90], "uv": [36, 45]},
						{"origin": [-0.35001, 28.373, -12.45], "size": [1, 2, 1], "inflate": -0.251, "pivot": [0.89999, 29.623, -11.95], "rotation": [0, 90, 0], "uv": [40, 45]},
						{"origin": [1.14999, 28.373, -12.45], "size": [1, 2, 1], "inflate": -0.251, "pivot": [0.89999, 29.623, -11.95], "rotation": [0, 90, 0], "uv": [44, 45]},
						{"origin": [0.27499, 29.798, -12.95], "size": [1, 1, 1], "inflate": -0.3, "pivot": [0.89999, 30.123, -12.45], "rotation": [90, -45, 90], "uv": [48, 8]},
						{"origin": [-0.60001, 28.88054, -12.45503], "size": [1, 1, 1], "inflate": -0.3, "pivot": [0.89999, 29.38054, -11.95503], "rotation": [90, 45, 90], "uv": [48, 12]},
						{"origin": [1.39999, 28.88054, -12.45503], "size": [1, 1, 1], "inflate": -0.3, "pivot": [0.89999, 29.38054, -11.95503], "rotation": [90, 45, 90], "uv": [48, 14]},
						{"origin": [2.27499, 29.798, -12.95], "size": [1, 1, 1], "inflate": -0.3, "pivot": [0.89999, 30.123, -12.45], "rotation": [90, -45, 90], "uv": [48, 10]}
					]
				},
				{
					"name": "glowactivator",
					"parent": "grenade",
					"pivot": [1, 26.223, -12.95],
					"cubes": [
						{"origin": [0.65, 24.47299, -13.7], "size": [1.2, 3.5, 3.5], "inflate": -0.1, "pivot": [1, 26.223, -12.95], "rotation": [0, 0, 90], "uv": [40, 39]}
					]
				},
				{
					"name": "rightarm",
					"parent": "main",
					"pivot": [-4.575, 14.65, 7.225],
					"rotation": [-102.28533, -12.5887, -22.11721],
					"cubes": [
						{"origin": [-9.93174, -8.96577, 2.48198], "size": [8, 24, 8], "pivot": [-1.575, 2.65, 4.225], "rotation": [-3.24593, 16.06617, 3.04407], "uv": [0, 0]}
					]
				},
				{
					"name": "leftarm",
					"parent": "main",
					"pivot": [27.7, 16.4, 13.3],
					"rotation": [-22.40919, 37.06713, -6.36775],
					"cubes": [
						{"origin": [23.7, -7.6, 9.3], "size": [8, 24, 8], "uv": [0, 32]}
					]
				},
				{
					"name": "_camera_",
					"pivot": [6.825, 33.725, 26.45]
				}
			]
		}
	]
}