{
  "credit": "By SkyRofls (discord: skyrofls). License: All Right Reserved",
  "parent": "builtin/entity",
  "texture_size": [
    1026,
    1059
  ],
  "display": {
    "thirdperson_righthand": {
      "translation": [
        0,
        -1,
        0
      ],
      "scale": [
        0.6,
        0.6,
        0.6
      ]
    },
    "thirdperson_lefthand": {
      "translation": [
        0.25,
        -1,
        0
      ],
      "scale": [
        0.6,
        0.6,
        0.6
      ]
    },
    "firstperson_righthand": {
      "scale": [
        0.74,
        0.74,
        0.74
      ]
    },
    "firstperson_lefthand": {
      "scale": [
        0.74,
        0.74,
        0.74
      ]
    },
    "ground": {
      "scale": [
        0.57,
        0.57,
        0.57
      ]
    },
    "gui": {
      "rotation": [
        19.85,
        33.62,
        12.35
      ],
      "translation": [
        0,
        -3,
        0
      ],
      "scale": [
        1.27,
        1.27,
        1.27
      ]
    }
  },
  "textures": {
    "particle": "item/sky_svt40"
  }
}