{
  "credit": "By SkyRofls (discord: skyrofls). License: All Right Reserved",
  "parent": "builtin/entity",
  "texture_size": [
    1026,
    1059
  ],
  "display": {
    "thirdperson_righthand": {
      "rotation": [
        90,
        0,
        0
      ],
      "translation": [
        0,
        13,
        -7
      ],
      "scale": [
        0.62,
        0.62,
        0.62
      ]
    },
    "thirdperson_lefthand": {
      "rotation": [
        90,
        0,
        0
      ],
      "translation": [
        0.5,
        13,
        -7
      ],
      "scale": [
        0.62,
        0.62,
        0.62
      ]
    },
    "firstperson_righthand": {
      "rotation": [
        79,
        5,
        -23
      ],
      "translation": [
        -3.5,
        16.25,
        -8.5
      ],
      "scale": [
        0.69,
        0.69,
        0.69
      ]
    },
    "firstperson_lefthand": {
      "rotation": [
        79,
        5,
        -23
      ],
      "translation": [
        -3.5,
        16.25,
        -8.5
      ],
      "scale": [
        0.69,
        0.69,
        0.69
      ]
    },
    "ground": {
      "translation": [
        0,
        -5.5,
        -9.25
      ],
      "scale": [
        0.55,
        0.55,
        0.55
      ]
    },
    "gui": {
      "rotation": [
        23,
        -27,
        12
      ],
      "translation": [
        14.5,
        -5.25,
        0
      ],
      "scale": [
        1.36,
        1.36,
        1.36
      ]
    },
    "fixed": {
      "translation": [
        0,
        -8.5,
        46
      ]
    }
  },
  "textures": {
    "particle": "item/sky_svtbayonet"
  }
}