{
  "credit": "By SkyRofls (discord: skyrofls). License: All Right Reserved",
  "parent": "builtin/entity",
  "texture_size": [
    32,
    32
  ],
  "display": {
    "thirdperson_righthand": {
      "rotation": [
        99,
        0,
        0
      ],
      "translation": [
        -1.25,
        6.25,
        -4
      ],
      "scale": [
        0.4,
        0.4,
        0.4
      ]
    },
    "thirdperson_lefthand": {
      "rotation": [
        99,
        0,
        0
      ],
      "translation": [
        1.25,
        6.25,
        -4
      ],
      "scale": [
        0.4,
        0.4,
        0.4
      ]
    },
    "firstperson_righthand": {
      "rotation": [
        75,
        7,
        -7
      ],
      "translation": [
        -1.75,
        6.25,
        -3
      ],
      "scale": [
        0.4,
        0.4,
        0.4
      ]
    },
    "firstperson_lefthand": {
      "rotation": [
        75,
        7,
        -7
      ],
      "translation": [
        -1.75,
        6.25,
        -3
      ],
      "scale": [
        0.4,
        0.4,
        0.4
      ]
    },
    "ground": {
      "translation": [
        0,
        -5,
        -3.75
      ],
      "scale": [
        0.4,
        0.4,
        0.4
      ]
    },
    "gui": {
      "rotation": [
        28.78,
        29.42,
        -19.54
      ],
      "translation": [
        -7.5,
        -7.25,
        0
      ],
      "scale": [
        0.81,
        0.81,
        0.81
      ]
    }
  },
  "textures": {
    "particle": "item/sky_jatimatic_laser"
  }
}