{
  "credit": "By SkyRofls (discord: skyrofls). License: All Right Reserved",
  "parent": "builtin/entity",
  "texture_size": [
    32,
    32
  ],
  "display": {
    "thirdperson_righthand": {
      "translation": [
        0,
        -1.5,
        0
      ],
      "scale": [
        0.42,
        0.42,
        0.42
      ]
    },
    "thirdperson_lefthand": {
      "translation": [
        0,
        -1.5,
        0
      ],
      "scale": [
        0.42,
        0.42,
        0.42
      ]
    },
    "firstperson_righthand": {
      "rotation": [
        -17,
        144,
        0
      ],
      "translation": [
        -0.5,
        0.75,
        0.75
      ],
      "scale": [
        0.66,
        0.66,
        0.66
      ]
    },
    "firstperson_lefthand": {
      "rotation": [
        -17,
        144,
        0
      ],
      "translation": [
        -0.5,
        0.75,
        0.75
      ],
      "scale": [
        0.66,
        0.66,
        0.66
      ]
    },
    "ground": {
      "translation": [
        0,
        -1,
        0
      ],
      "scale": [
        0.44,
        0.44,
        0.44
      ]
    },
    "gui": {
      "rotation": [
        13,
        180,
        -17
      ],
      "translation": [
        -0.75,
        -3.75,
        0
      ],
      "scale": [
        1.2,
        1.2,
        1.2
      ]
    }
  },
  "textures": {
    "particle": "item/sky_76254ammo"
  }
}