{
"loader": "forge:separate_transforms",
  "gui_light": "front",
  "base": 
{
  "credit": "By SkyRofls (discord: skyrofls). License: All Right Reserved",
  "parent": "builtin/entity",
  "texture_size": [
    1026,
    1059
  ],
  "display": {
    "thirdperson_righthand": {
      "translation": [
        0,
        -2.25,
        -8.5
      ],
      "scale": [
        0.35,
        0.35,
        0.35
      ]
    },
    "thirdperson_lefthand": {
      "translation": [
        0,
        -2.25,
        -8.5
      ],
      "scale": [
        0.35,
        0.35,
        0.35
      ]
    },
    "firstperson_righthand": {
      "rotation": [
        1.24,
        0.5,
        1.25
      ],
      "translation": [
        -1.75,
        -8,
        -21
      ]
    },
    "ground": {
      "scale": [
        0.29,
        0.29,
        0.29
      ]
    },
    "gui": {
      "translation": [
        0.25,
        0,
        0
      ]
    }
  },
  "textures": {
    "particle": "item/sky_svt40"
  }
},
  "perspectives": {
    "gui": {
      "parent": "item/generated",
      "textures": {
        "layer0": "pointblank:item/sky_avt40.icon"
      }
    }
  }
}