{
  "credit": "By SkyRofls",
  "parent": "builtin/entity",
  "display": {
    "thirdperson_righthand": {
      "rotation": [
        -35,
        0,
        0
      ],
      "translation": [
        -1.75,
        -4.75,
        2.5
      ],
      "scale": [
        0.55,
        0.55,
        0.55
      ]
    },
    "thirdperson_lefthand": {
      "rotation": [
        -35,
        0,
        0
      ],
      "translation": [
        2,
        -4.75,
        2.5
      ],
      "scale": [
        0.55,
        0.55,
        0.55
      ]
    },
    "firstperson_righthand": {
      "rotation": [
        -44,
        4,
        9.68
      ],
      "translation": [
        0,
        -8.5,
        6.5
      ],
      "scale": [
        1.11,
        1.11,
        1.11
      ]
    },
    "firstperson_lefthand": {
      "rotation": [
        -44,
        4,
        9.68
      ],
      "translation": [
        0,
        -8.5,
        6.5
      ],
      "scale": [
        1.11,
        1.11,
        1.11
      ]
    },
    "ground": {
      "translation": [
        -1.5,
        -7,
        0.75
      ],
      "scale": [
        0.6,
        0.6,
        0.6
      ]
    },
    "gui": {
      "rotation": [
        29.17,
        32.8,
        13.5
      ],
      "translation": [
        3.25,
        -10,
        0
      ],
      "scale": [
        0.79,
        0.79,
        0.79
      ]
    },
    "fixed": {
      "rotation": [
        90,
        0,
        0
      ],
      "translation": [
        -3.75,
        -10.25,
        -12.25
      ],
      "scale": [
        1.2,
        1.2,
        1.2
      ]
    }
  },
  "textures": {
    "particle": "item/sky_jatimatic_barrelthreaded"
  }
}