{
"loader": "forge:separate_transforms",
  "gui_light": "front",
  "base": 
{
  "credit": "By SkyRofls (discord: sky_rofls). License: All Rig",
  "parent": "builtin/entity",
  "texture_size": [
    128,
    128
  ],
  "display": {
    "thirdperson_righthand": {
      "translation": [
        -0.5,
        -3,
        -3.75
      ],
      "scale": [
        0.43,
        0.43,
        0.43
      ]
    },
    "thirdperson_lefthand": {
      "translation": [
        0.75,
        -3,
        -3.75
      ],
      "scale": [
        0.43,
        0.43,
        0.43
      ]
    },
    "firstperson_righthand": {
      "rotation": [
        3,
        3,
        4
      ],
      "translation": [
        0,
        -10,
        -23.75
      ]
    },
    "firstperson_lefthand": {
      "rotation": [
        3,
        3,
        4
      ],
      "translation": [
        0,
        -10,
        -23.75
      ]
    },
    "ground": {
      "translation": [
        0,
        0,
        -4
      ],
      "scale": [
        0.36,
        0.36,
        0.36
      ]
    },
    "gui": {
      "rotation": [
        58,
        55,
        -20
      ],
      "translation": [
        -3.25,
        0,
        0
      ],
      "scale": [
        0.46,
        0.46,
        0.46
      ]
    }
  },
  "textures": {
    "particle": "item/texture"
  }
},
  "perspectives": {
    "gui": {
      "parent": "item/generated",
      "textures": {
        "layer0": "pointblank:item/sky_qbb95.icon"
      }
    }
  }
}