{
"loader": "forge:separate_transforms",
  "gui_light": "front",
  "base": 
{
  "credit": "By SkyRofls",
  "parent": "builtin/entity",
  "texture_size": [
    258,
    323
  ],
  "display": {
    "thirdperson_righthand": {
      "translation": [
        -0.5,
        -3,
        -5.75
      ],
      "scale": [
        0.45,
        0.45,
        0.45
      ]
    },
    "thirdperson_lefthand": {
      "translation": [
        0.5,
        -3,
        -5.75
      ],
      "scale": [
        0.45,
        0.45,
        0.45
      ]
    },
    "firstperson_righthand": {
      "rotation": [
        0,
        3,
        8
      ],
      "translation": [
        0,
        -9.25,
        -17.25
      ]
    },
    "firstperson_lefthand": {
      "rotation": [
        0,
        3,
        8
      ],
      "translation": [
        0,
        -9.25,
        -17.25
      ]
    },
    "ground": {
      "translation": [
        0,
        0,
        -2.75
      ],
      "scale": [
        0.4,
        0.4,
        0.4
      ]
    },
    "gui": {
      "rotation": [
        27,
        39,
        -32
      ],
      "translation": [
        -2.5,
        -1,
        0
      ],
      "scale": [
        0.5,
        0.5,
        0.5
      ]
    },
    "fixed": {
      "rotation": [
        90,
        90,
        90
      ],
      "translation": [
        -5.75,
        6.75,
        -1.75
      ],
      "scale": [
        0.69,
        0.69,
        0.69
      ]
    }
  },
  "textures": {
    "particle": "item/sky_a545"
  }
},
  "perspectives": {
    "gui": {
      "parent": "item/generated",
      "textures": {
        "layer0": "pointblank:item/sky_a545.icon"
      }
    }
  }
}