{
  "credit": "By SkyRofls (discord: sky_rofls). License: All Rig",
  "parent": "builtin/entity",
  "texture_size": [
    128,
    128
  ],
  "display": {
    "thirdperson_righthand": {
      "rotation": [
        91,
        0,
        0
      ],
      "translation": [
        0,
        -0.75,
        -0.75
      ],
      "scale": [
        0.55,
        0.55,
        0.55
      ]
    },
    "thirdperson_lefthand": {
      "rotation": [
        91,
        0,
        0
      ],
      "translation": [
        0,
        -0.75,
        -0.75
      ],
      "scale": [
        0.55,
        0.55,
        0.55
      ]
    },
    "firstperson_righthand": {
      "rotation": [
        90,
        23,
        -9
      ],
      "translation": [
        6.75,
        -5.5,
        -8.5
      ],
      "scale": [
        0.99,
        0.99,
        0.99
      ]
    },
    "firstperson_lefthand": {
      "rotation": [
        90,
        23,
        -9
      ],
      "translation": [
        6.75,
        -5.5,
        -8.5
      ],
      "scale": [
        0.99,
        0.99,
        0.99
      ]
    },
    "ground": {
      "scale": [
        0.5,
        0.5,
        0.5
      ]
    },
    "gui": {
      "rotation": [
        85,
        23,
        -23
      ],
      "translation": [
        -0.75,
        -1,
        0
      ],
      "scale": [
        0.65,
        0.65,
        0.65
      ]
    },
    "head": {
      "rotation": [
        0,
        180,
        0
      ],
      "translation": [
        0,
        13,
        7
      ]
    },
    "fixed": {
      "rotation": [
        90,
        0,
        0
      ],
      "translation": [
        -0.25,
        -1,
        -3.75
      ]
    }
  },
  "textures": {
    "particle": "item/m24"
  }
}