{
  "credit": "By SkyRofls (discord: skyrofls). License: All Right Reserved",
  "parent": "builtin/entity",
  "texture_size": [
    32,
    32
  ],
  "display": {
    "thirdperson_righthand": {
      "rotation": [
        91,
        0,
        0
      ],
      "translation": [
        0,
        -27.25,
        -6
      ],
      "scale": [
        0.52,
        0.52,
        0.52
      ]
    },
    "thirdperson_lefthand": {
      "rotation": [
        91,
        0,
        0
      ],
      "translation": [
        0.25,
        -27.25,
        -6
      ],
      "scale": [
        0.52,
        0.52,
        0.52
      ]
    },
    "firstperson_righthand": {
      "rotation": [
        62,
        11,
        5
      ],
      "translation": [
        7,
        -27.25,
        10
      ],
      "scale": [
        0.61,
        0.61,
        0.61
      ]
    },
    "firstperson_lefthand": {
      "rotation": [
        62,
        11,
        5
      ],
      "translation": [
        7,
        -27.25,
        10
      ],
      "scale": [
        0.61,
        0.61,
        0.61
      ]
    },
    "ground": {
      "translation": [
        0,
        -5.5,
        27.75
      ],
      "scale": [
        0.55,
        0.55,
        0.55
      ]
    },
    "gui": {
      "rotation": [
        19.87,
        -23.3,
        27.97
      ],
      "translation": [
        -21.75,
        -35,
        0
      ],
      "scale": [
        1.38,
        1.38,
        1.38
      ]
    }
  },
  "textures": {
    "particle": "item/sky_svtsilencer"
  }
}