{
  "credit": "By SkyRofls (discord: skyrofls). License: All Right Reserved",
  "parent": "builtin/entity",
  "texture_size": [
    1026,
    1059
  ],
  "display": {
    "thirdperson_righthand": {
      "translation": [
        0,
        -0.5,
        -1.75
      ],
      "scale": [
        0.67,
        0.67,
        0.67
      ]
    },
    "thirdperson_lefthand": {
      "translation": [
        0,
        -0.5,
        -1.75
      ],
      "scale": [
        0.67,
        0.67,
        0.67
      ]
    },
    "firstperson_righthand": {
      "scale": [
        0.93,
        0.93,
        0.93
      ]
    },
    "ground": {
      "translation": [
        0,
        -0.75,
        0
      ],
      "scale": [
        0.6,
        0.6,
        0.6
      ]
    },
    "gui": {
      "rotation": [
        -154.61,
        -30.53,
        -175.8
      ],
      "translation": [
        0.25,
        -1.75,
        0
      ],
      "scale": [
        1.27,
        1.27,
        1.27
      ]
    }
  },
  "textures": {
    "particle": "item/sky_svt40"
  }
}