{
  "credit": "By SkyRofls",
  "parent": "builtin/entity",
  "texture_size": [
    64,
    64
  ],
  "display": {
    "thirdperson_righthand": {
      "rotation": [
        -21,
        0,
        0
      ],
      "translation": [
        1.5,
        -6.25,
        -3
      ],
      "scale": [
        0.38,
        0.38,
        0.38
      ]
    },
    "thirdperson_lefthand": {
      "rotation": [
        -21,
        0,
        0
      ],
      "translation": [
        1.5,
        -6.25,
        -3
      ],
      "scale": [
        0.38,
        0.38,
        0.38
      ]
    },
    "firstperson_righthand": {
      "rotation": [
        -4,
        4,
        19
      ],
      "translation": [
        1.5,
        -4.25,
        -3
      ],
      "scale": [
        0.63,
        0.63,
        0.63
      ]
    },
    "firstperson_lefthand": {
      "rotation": [
        -4,
        4,
        19
      ],
      "translation": [
        -3.5,
        -4.25,
        -3
      ],
      "scale": [
        0.63,
        0.63,
        0.63
      ]
    },
    "ground": {
      "translation": [
        1.5,
        -9,
        -9.75
      ],
      "scale": [
        0.7,
        0.7,
        0.7
      ]
    },
    "gui": {
      "rotation": [
        21,
        36,
        27
      ],
      "translation": [
        -0.5,
        -3,
        0
      ],
      "scale": [
        0.91,
        0.91,
        0.91
      ]
    },
    "fixed": {
      "rotation": [
        -90,
        0,
        0
      ],
      "translation": [
        3,
        -12,
        10
      ]
    }
  }
}