{
  "credit": "By SkyRofls",
  "parent": "builtin/entity",
  "texture_size": [
    64,
    64
  ],
  "display": {
    "thirdperson_righthand": {
      "translation": [
        -0.5,
        -0.75,
        -2.75
      ],
      "scale": [
        0.51,
        0.51,
        0.51
      ]
    },
    "thirdperson_lefthand": {
      "translation": [
        0.75,
        -0.75,
        -2.75
      ],
      "scale": [
        0.51,
        0.51,
        0.51
      ]
    },
    "firstperson_righthand": {
      "rotation": [
        12.63,
        11.71,
        17.36
      ],
      "translation": [
        0,
        -1,
        -7
      ],
      "scale": [
        0.87,
        0.87,
        0.87
      ]
    },
    "firstperson_lefthand": {
      "rotation": [
        12.63,
        11.71,
        17.36
      ],
      "translation": [
        0,
        -1,
        -7
      ],
      "scale": [
        0.87,
        0.87,
        0.87
      ]
    },
    "ground": {
      "translation": [
        0,
        2.75,
        -1.5
      ],
      "scale": [
        0.37,
        0.37,
        0.37
      ]
    },
    "gui": {
      "rotation": [
        -16,
        71,
        -28
      ],
      "translation": [
        -6,
        0.25,
        0
      ],
      "scale": [
        1.09,
        1.09,
        1.09
      ]
    },
    "fixed": {
      "rotation": [
        90,
        90,
        90
      ],
      "translation": [
        -4.75,
        0,
        -2
      ],
      "scale": [
        0.8,
        0.8,
        0.8
      ]
    }
  },
  "perspectives": {
    "gui": {
      "parent": "item/generated",
      "textures": {
        "layer0": "pointblank:item/sky_mag60.icon"
      }
    }
  }
}