{
  "credit": "By SkyRofls",
  "parent": "builtin/entity",
  "texture_size": [
    32,
    32
  ],
  "display": {
    "thirdperson_righthand": {
      "rotation": [
        90,
        0,
        0
      ],
      "translation": [
        -0.75,
        -18.25,
        -3.5
      ],
      "scale": [
        0.6,
        0.6,
        0.6
      ]
    },
    "thirdperson_lefthand": {
      "rotation": [
        90,
        0,
        0
      ],
      "translation": [
        0.75,
        -18.25,
        -3.5
      ],
      "scale": [
        0.6,
        0.6,
        0.6
      ]
    },
    "firstperson_righthand": {
      "rotation": [
        83,
        5,
        -9
      ],
      "translation": [
        -0.75,
        -18.25,
        1.75
      ],
      "scale": [
        0.65,
        0.65,
        0.65
      ]
    },
    "firstperson_lefthand": {
      "rotation": [
        83,
        5,
        -9
      ],
      "translation": [
        -0.75,
        -18.25,
        1.75
      ],
      "scale": [
        0.65,
        0.65,
        0.65
      ]
    },
    "ground": {
      "rotation": [
        90,
        0,
        0
      ],
      "translation": [
        -0.75,
        -9.5,
        -3.25
      ],
      "scale": [
        0.45,
        0.45,
        0.45
      ]
    },
    "gui": {
      "rotation": [
        63,
        56,
        -20
      ],
      "translation": [
        23.6,
        -19.75,
        0
      ],
      "scale": [
        0.98,
        0.98,
        0.98
      ]
    },
    "fixed": {
      "rotation": [
        -180,
        90,
        180
      ],
      "translation": [
        31.75,
        -5.75,
        0.25
      ]
    }
  },
  "textures": {
    "particle": "item/sky_6x5"
  }
}