{
  "credit": "By SkyRofls (discord: skyrofls). License: All Right Reserved",
  "parent": "builtin/entity",
  "texture_size": [
    64,
    64
  ],
  "display": {
    "thirdperson_righthand": {
      "translation": [
        0,
        -7.75,
        -14.75
      ],
      "scale": [
        0.6,
        0.6,
        0.6
      ]
    },
    "thirdperson_lefthand": {
      "translation": [
        0,
        -7.75,
        -14.75
      ],
      "scale": [
        0.6,
        0.6,
        0.6
      ]
    },
    "firstperson_righthand": {
      "rotation": [
        7,
        7,
        -15
      ],
      "translation": [
        -7.25,
        -4,
        -17
      ],
      "scale": [
        0.78,
        0.78,
        0.78
      ]
    },
    "firstperson_lefthand": {
      "rotation": [
        7,
        7,
        -15
      ],
      "translation": [
        -7.25,
        -4,
        -17
      ],
      "scale": [
        0.78,
        0.78,
        0.78
      ]
    },
    "ground": {
      "translation": [
        0.75,
        -7.5,
        -14.5
      ],
      "scale": [
        0.6,
        0.6,
        0.6
      ]
    },
    "gui": {
      "rotation": [
        23,
        31,
        -15
      ],
      "translation": [
        -17.75,
        -6,
        0
      ],
      "scale": [
        1.18,
        1.18,
        1.18
      ]
    }
  },
  "textures": {
    "particle": "item/sky_svtpe"
  }
}