{
  "credit": "By SkyRofls (discord: skyrofls). License: All Right Reserved",
  "parent": "builtin/entity",
  "texture_size": [
    1026,
    1059
  ],
  "display": {
    "thirdperson_righthand": {
      "rotation": [
        -44,
        0,
        0
      ],
      "translation": [
        0,
        -19,
        -12.75
      ],
      "scale": [
        0.58,
        0.58,
        0.58
      ]
    },
    "firstperson_righthand": {
      "rotation": [
        -44,
        0,
        0
      ],
      "translation": [
        0,
        -18,
        -12.75
      ],
      "scale": [
        0.58,
        0.58,
        0.58
      ]
    },
    "ground": {
      "translation": [
        0,
        0,
        -17.5
      ],
      "scale": [
        0.46,
        0.46,
        0.46
      ]
    },
    "gui": {
      "rotation": [
        13,
        38,
        -12
      ],
      "translation": [
        -26,
        1.25,
        0
      ]
    }
  }
}