{
  "credit": "By SkyRofls (discord: sky_rofls). License: All Rig",
  "parent": "builtin/entity",
  "texture_size": [
    128,
    128
  ],
  "display": {
    "thirdperson_righthand": {
      "translation": [
        -0.5,
        -4,
        -3
      ],
      "scale": [
        0.39,
        0.39,
        0.39
      ]
    },
    "thirdperson_lefthand": {
      "translation": [
        0.5,
        -4,
        -3
      ],
      "scale": [
        0.39,
        0.39,
        0.39
      ]
    },
    "firstperson_righthand": {
      "rotation": [
        24,
        9,
        19
      ],
      "translation": [
        1.5,
        -4,
        -11.25
      ],
      "scale": [
        0.87,
        0.87,
        0.87
      ]
    },
    "firstperson_lefthand": {
      "rotation": [
        24,
        9,
        19
      ],
      "translation": [
        6.25,
        -4,
        -11.25
      ],
      "scale": [
        0.87,
        0.87,
        0.87
      ]
    },
    "ground": {
      "translation": [
        -1.25,
        -5,
        -4.25
      ],
      "scale": [
        0.46,
        0.46,
        0.46
      ]
    },
    "gui": {
      "rotation": [
        17,
        23,
        17
      ],
      "translation": [
        -1.25,
        -10.5,
        0
      ],
      "scale": [
        1.25,
        1.25,
        1.25
      ]
    }
  },
  "textures": {
    "particle": "item/sky_qbb95upper"
  }
}