{
"loader": "forge:separate_transforms",
  "gui_light": "front",
  "base": 
{
  "credit": "By SkyRofls (discord: skyrofls). License: All Right Reserved",
  "parent": "builtin/entity",
  "texture_size": [
    64,
    64
  ],
  "display": {
    "thirdperson_righthand": {
      "rotation": [
        0,
        48,
        0
      ],
      "translation": [
        0,
        -2.25,
        1.75
      ],
      "scale": [
        0.37,
        0.37,
        0.37
      ]
    },
    "thirdperson_lefthand": {
      "rotation": [
        0,
        -48,
        0
      ],
      "translation": [
        0,
        -2.25,
        1.75
      ],
      "scale": [
        0.37,
        0.37,
        0.37
      ]
    },
    "firstperson_righthand": {
      "rotation": [
        1,
        7,
        3
      ],
      "translation": [
        -5,
        -10.5,
        -15
      ],
      "scale": [
        0.93,
        0.93,
        0.93
      ]
    },
    "firstperson_lefthand": {
      "rotation": [
        1,
        7,
        3
      ],
      "translation": [
        -9.25,
        -7,
        -4.5
      ],
      "scale": [
        0.93,
        0.93,
        0.93
      ]
    },
    "ground": {
      "translation": [
        -1.75,
        -1.5,
        1.25
      ],
      "scale": [
        0.35,
        0.35,
        0.35
      ]
    },
    "gui": {
      "rotation": [
        56,
        97,
        -59
      ],
      "translation": [
        3.75,
        -6.25,
        0
      ],
      "scale": [
        0.78,
        0.78,
        0.78
      ]
    }
  },
  "textures": {
    "particle": "item/sky_dm51g"
  }
},
  "perspectives": {
    "gui": {
      "parent": "item/generated",
      "textures": {
        "layer0": "pointblank:item/sky_dm51g.icon"
      }
    }
  }
}