{
  "credit": "By SkyRofls (discord: skyrofls). License: All Right Reserved",
  "parent": "builtin/entity",
  "display": {
    "thirdperson_righthand": {
      "rotation": [
        -7,
        0,
        0
      ],
      "translation": [
        0,
        -0.25,
        1.25
      ],
      "scale": [
        0.42,
        0.42,
        0.42
      ]
    },
    "thirdperson_lefthand": {
      "rotation": [
        -7,
        0,
        0
      ],
      "translation": [
        0,
        -0.25,
        1.25
      ],
      "scale": [
        0.42,
        0.42,
        0.42
      ]
    },
    "firstperson_righthand": {
      "rotation": [
        9,
        167,
        -17
      ],
      "translation": [
        -0.5,
        0.75,
        0.75
      ],
      "scale": [
        0.71,
        0.71,
        0.71
      ]
    },
    "firstperson_lefthand": {
      "rotation": [
        9,
        167,
        -17
      ],
      "translation": [
        -0.5,
        0.75,
        0.75
      ],
      "scale": [
        0.71,
        0.71,
        0.71
      ]
    },
    "ground": {
      "translation": [
        0,
        -1.5,
        0
      ],
      "scale": [
        0.57,
        0.57,
        0.57
      ]
    },
    "gui": {
      "rotation": [
        34,
        20,
        15
      ],
      "translation": [
        0.5,
        -1.75,
        0
      ],
      "scale": [
        1.22,
        1.22,
        1.22
      ]
    }
  },
  "textures": {
    "particle": "item/sky_5842ammo"
  }
}