{
  "credit": "By SkyRofls (discord: skyrofls). License: All Right Reserved",
  "parent": "builtin/entity",
  "texture_size": [
    128,
    128
  ],
  "display": {
    "thirdperson_righthand": {
      "rotation": [
        110,
        0,
        0
      ],
      "translation": [
        0,
        -5,
        -5.25
      ],
      "scale": [
        0.38,
        0.38,
        0.38
      ]
    },
    "thirdperson_lefthand": {
      "rotation": [
        110,
        0,
        0
      ],
      "translation": [
        0,
        -5,
        -5.25
      ],
      "scale": [
        0.38,
        0.38,
        0.38
      ]
    },
    "firstperson_righthand": {
      "rotation": [
        15,
        17,
        13
      ],
      "translation": [
        2.75,
        -7,
        5
      ],
      "scale": [
        0.69,
        0.69,
        0.69
      ]
    },
    "firstperson_lefthand": {
      "rotation": [
        15,
        17,
        13
      ],
      "translation": [
        2.75,
        -7,
        5
      ],
      "scale": [
        0.69,
        0.69,
        0.69
      ]
    },
    "ground": {
      "translation": [
        0,
        0,
        5.25
      ],
      "scale": [
        0.31,
        0.31,
        0.31
      ]
    },
    "gui": {
      "rotation": [
        18.67,
        -37.01,
        5
      ],
      "translation": [
        -5.5,
        -9.25,
        0
      ],
      "scale": [
        0.63,
        0.63,
        0.63
      ]
    }
  },
  "textures": {
    "particle": "item/sky_svt40camoflauge"
  }
}