{
  "credit": "By SkyRofls",
  "parent": "builtin/entity",
  "texture_size": [
    32,
    32
  ],
  "display": {
    "thirdperson_righthand": {
      "rotation": [
        -67.5,
        0,
        0
      ],
      "translation": [
        -1.75,
        -21.25,
        -2.25
      ],
      "scale": [
        0.5,
        0.5,
        0.5
      ]
    },
    "thirdperson_lefthand": {
      "rotation": [
        -67.5,
        0,
        0
      ],
      "translation": [
        1.75,
        -21.25,
        -2.25
      ],
      "scale": [
        0.5,
        0.5,
        0.5
      ]
    },
    "firstperson_righthand": {
      "rotation": [
        -24,
        -1,
        40
      ],
      "translation": [
        0,
        -9.25,
        -13.75
      ],
      "scale": [
        0.5,
        0.5,
        0.5
      ]
    },
    "firstperson_lefthand": {
      "rotation": [
        -24,
        -1,
        40
      ],
      "translation": [
        1.25,
        -6.5,
        -13.75
      ],
      "scale": [
        0.5,
        0.5,
        0.5
      ]
    },
    "ground": {
      "translation": [
        -1.75,
        -2.75,
        -16
      ],
      "scale": [
        0.49,
        0.49,
        0.49
      ]
    },
    "gui": {
      "rotation": [
        27,
        35,
        -20
      ],
      "translation": [
        -19.5,
        4.75,
        0
      ],
      "scale": [
        0.79,
        0.79,
        0.79
      ]
    },
    "fixed": {
      "rotation": [
        90,
        0,
        0
      ],
      "translation": [
        -3.5,
        26.25,
        -8.5
      ],
      "scale": [
        0.79,
        0.79,
        0.79
      ]
    }
  },
  "textures": {
    "particle": "item/sky_jatimaticstock"
  },
  "perspectives": {
    "gui": {
      "parent": "item/generated",
      "textures": {
        "layer0": "pointblank:item/sky_jatimatic_stock.icon"
      }
    }
  }
}