{
  "credit": "By SkyRofls (discord: skyrofls). License: All Right Reserved",
  "parent": "builtin/entity",
  "texture_size": [
    1026,
    1059
  ],
  "display": {
    "thirdperson_righthand": {
      "translation": [
        0,
        -6.25,
        -13.75
      ],
      "scale": [
        0.55,
        0.55,
        0.55
      ]
    },
    "thirdperson_lefthand": {
      "translation": [
        0,
        -6.25,
        -13.75
      ],
      "scale": [
        0.55,
        0.55,
        0.55
      ]
    },
    "firstperson_righthand": {
      "rotation": [
        5,
        8,
        12
      ],
      "translation": [
        -3,
        -8.25,
        -22.25
      ]
    },
    "firstperson_lefthand": {
      "rotation": [
        5,
        8,
        12
      ],
      "translation": [
        -3,
        -8.25,
        -22.25
      ]
    },
    "ground": {
      "translation": [
        0,
        -7.5,
        -13.75
      ],
      "scale": [
        0.62,
        0.62,
        0.62
      ]
    },
    "gui": {
      "rotation": [
        24,
        40,
        -31
      ],
      "translation": [
        -27,
        -6,
        0
      ],
      "scale": [
        1.25,
        1.25,
        1.25
      ]
    }
  },
  "textures": {
    "particle": "item/sky_svtopticpy"
  }
}