{
  "credit": "By SkyRofls",
  "parent": "builtin/entity",
  "display": {
    "thirdperson_righthand": {
      "rotation": [
        -98,
        0,
        0
      ],
      "translation": [
        -1,
        23.5,
        2.5
      ],
      "scale": [
        0.9,
        0.9,
        0.9
      ]
    },
    "thirdperson_lefthand": {
      "rotation": [
        -98,
        0,
        0
      ],
      "translation": [
        1.25,
        23.5,
        2.5
      ],
      "scale": [
        0.9,
        0.9,
        0.9
      ]
    },
    "firstperson_righthand": {
      "rotation": [
        -98,
        0,
        -16
      ],
      "translation": [
        -1,
        55,
        2.5
      ],
      "scale": [
        1.99,
        1.99,
        1.99
      ]
    },
    "firstperson_lefthand": {
      "rotation": [
        -98,
        0,
        -16
      ],
      "translation": [
        -1,
        55,
        2.5
      ],
      "scale": [
        1.99,
        1.99,
        1.99
      ]
    },
    "ground": {
      "translation": [
        -0.25,
        -4.5,
        18.5
      ],
      "scale": [
        0.72,
        0.72,
        0.72
      ]
    },
    "gui": {
      "rotation": [
        28,
        150,
        27
      ],
      "translation": [
        27,
        10.5,
        0
      ],
      "scale": [
        2.39,
        2.39,
        2.39
      ]
    },
    "fixed": {
      "rotation": [
        90,
        0,
        0
      ],
      "translation": [
        -1.25,
        -42,
        -10.25
      ],
      "scale": [
        1.5,
        1.5,
        1.5
      ]
    }
  },
  "perspectives": {
    "gui": {
      "parent": "item/generated",
      "textures": {
        "layer0": "pointblank:item/sky_dtk1.icon"
      }
    }
  }
}