{
  "credit": "By SkyRofls (discord: sky_rofls). License: All Rig",
  "parent": "builtin/entity",
  "texture_size": [
    128,
    128
  ],
  "display": {
    "thirdperson_righthand": {
      "translation": [
        -0.75,
        -9.25,
        -8.5
      ],
      "scale": [
        0.6,
        0.6,
        0.6
      ]
    },
    "thirdperson_lefthand": {
      "translation": [
        1,
        -9.25,
        -8.5
      ],
      "scale": [
        0.6,
        0.6,
        0.6
      ]
    },
    "firstperson_righthand": {
      "rotation": [
        1,
        13,
        21
      ],
      "translation": [
        -0.75,
        -7.75,
        -8.75
      ],
      "scale": [
        0.75,
        0.75,
        0.75
      ]
    },
    "firstperson_lefthand": {
      "rotation": [
        1,
        13,
        21
      ],
      "translation": [
        -0.75,
        -7.75,
        -8.75
      ],
      "scale": [
        0.75,
        0.75,
        0.75
      ]
    },
    "ground": {
      "translation": [
        0.25,
        -8,
        -6.75
      ],
      "scale": [
        0.53,
        0.53,
        0.53
      ]
    },
    "gui": {
      "rotation": [
        9,
        44,
        16
      ],
      "translation": [
        -10.25,
        -17.5,
        0
      ],
      "scale": [
        1.31,
        1.31,
        1.31
      ]
    },
    "fixed": {
      "translation": [
        0,
        0,
        -9.5
      ]
    }
  },
  "textures": {
    "particle": "item/sky_qbb95optic"
  }
}