{
"loader": "forge:separate_transforms",
  "gui_light": "front",
  "base": 
{
  "credit": "By SkyRofls (discord: sky_rofls).",
  "parent": "builtin/entity",
  "texture_size": [
    128,
    128
  ],
  "display": {
    "thirdperson_righthand": {
      "translation": [
        -1,
        -2,
        -1.25
      ],
      "scale": [
        0.35,
        0.35,
        0.35
      ]
    },
    "thirdperson_lefthand": {
      "translation": [
        1,
        -2,
        -1.25
      ],
      "scale": [
        0.35,
        0.35,
        0.35
      ]
    },
    "firstperson_righthand": {
      "rotation": [
        3.5,
        2.03,
        4.39
      ],
      "translation": [
        -5,
        -8.75,
        -15.75
      ]
    },
    "firstperson_lefthand": {
      "rotation": [
        5.5,
        2.03,
        4.39
      ],
      "translation": [
        0,
        -8.75,
        -15.75
      ]
    },
    "ground": {
      "translation": [
        0,
        0,
        -2
      ],
      "scale": [
        0.33,
        0.33,
        0.33
      ]
    },
    "gui": {
      "rotation": [
        13,
        42,
        -17
      ],
      "translation": [
        -3.25,
        -1.75,
        0
      ],
      "scale": [
        0.68,
        0.68,
        0.68
      ]
    },
    "fixed": {
      "rotation": [
        0,
        90,
        0
      ],
      "translation": [
        -1,
        -6,
        1
      ],
      "scale": [
        0.64,
        0.64,
        0.64
      ]
    }
  },
  "textures": {
    "particle": "item/sky_kp3000"
  }
},
  "perspectives": {
    "gui": {
      "parent": "item/generated",
      "textures": {
        "layer0": "pointblank:item/sky_kp3000.icon"
      }
    }
  }
}