{
  "credit": "By SkyRofls (discord: sky_rofls). License: All Rig",
  "parent": "builtin/entity",
  "texture_size": [
    128,
    128
  ],
  "display": {
    "thirdperson_righthand": {
      "rotation": [
        -90,
        0,
        0
      ],
      "translation": [
        -0.75,
        11.25,
        4.5
      ],
      "scale": [
        0.56,
        0.56,
        0.56
      ]
    },
    "thirdperson_lefthand": {
      "rotation": [
        -90,
        0,
        0
      ],
      "translation": [
        0.75,
        11.25,
        4.5
      ],
      "scale": [
        0.56,
        0.56,
        0.56
      ]
    },
    "firstperson_righthand": {
      "rotation": [
        -101,
        -11,
        26
      ],
      "translation": [
        -0.75,
        19,
        4.75
      ],
      "scale": [
        0.65,
        0.65,
        0.65
      ]
    },
    "firstperson_lefthand": {
      "rotation": [
        -101,
        -11,
        26
      ],
      "translation": [
        -0.75,
        19,
        4.75
      ],
      "scale": [
        0.65,
        0.65,
        0.65
      ]
    },
    "ground": {
      "translation": [
        -1.75,
        -2.75,
        10.5
      ],
      "scale": [
        0.44,
        0.44,
        0.44
      ]
    },
    "gui": {
      "rotation": [
        29.47,
        35.86,
        -24.58
      ],
      "translation": [
        12.75,
        -20.5,
        0
      ],
      "scale": [
        1.22,
        1.22,
        1.22
      ]
    }
  },
  "textures": {
    "particle": "item/texture"
  }
}