{
  "credit": "By SkyRofls",
  "parent": "builtin/entity",
  "display": {
    "thirdperson_righthand": {
      "rotation": [
        -98,
        0,
        0
      ],
      "translation": [
        -1,
        24.75,
        2.5
      ],
      "scale": [
        0.9,
        0.9,
        0.9
      ]
    },
    "thirdperson_lefthand": {
      "rotation": [
        -98,
        0,
        0
      ],
      "translation": [
        1,
        24.75,
        2.5
      ],
      "scale": [
        0.9,
        0.9,
        0.9
      ]
    },
    "firstperson_righthand": {
      "rotation": [
        -98,
        0,
        -16
      ],
      "translation": [
        -1,
        35,
        2.5
      ],
      "scale": [
        1.22,
        1.22,
        1.22
      ]
    },
    "firstperson_lefthand": {
      "rotation": [
        -98,
        0,
        -16
      ],
      "translation": [
        -1,
        35,
        2.5
      ],
      "scale": [
        1.22,
        1.22,
        1.22
      ]
    },
    "ground": {
      "translation": [
        -0.25,
        -4.5,
        18.5
      ],
      "scale": [
        0.72,
        0.72,
        0.72
      ]
    },
    "gui": {
      "rotation": [
        19,
        -32,
        -13
      ],
      "translation": [
        -34.25,
        -27.75,
        0
      ],
      "scale": [
        1.85,
        1.85,
        1.85
      ]
    },
    "fixed": {
      "rotation": [
        90,
        0,
        0
      ],
      "translation": [
        -1.25,
        -42,
        -10.25
      ],
      "scale": [
        1.5,
        1.5,
        1.5
      ]
    }
  },
  "perspectives": {
    "gui": {
      "parent": "item/generated",
      "textures": {
        "layer0": "pointblank:item/sky_pbs4.icon"
      }
    }
  }
}