{
    "halor_magnum_fire": {
        "sounds": [
            {
                "name": "pointblank:halor_magnum_fire",
                "stream": false
            }
        ]
    },
    "halor_ar_fire": {
        "sounds": [
            {
                "name": "pointblank:halor_ar_fire",
                "stream": false
            }
        ]
    },
    "halor_sniper_fire": {
        "sounds": [
            {
                "name": "pointblank:halor_sniper_fire",
                "stream": false
            }
        ]
    },
    "halor_dmr_fire": {
        "sounds": [
            {
                "name": "pointblank:halor_dmr_fire",
                "stream": false
            }
        ]
    },
    "halor_shotgun_fire": {
        "sounds": [
            {
                "name": "pointblank:halor_shotgun_fire",
                "stream": false
            }
        ]
    },
    "halor_rl_fire": {
        "sounds": [
            {
                "name": "pointblank:halor_rl_fire",
                "stream": false
            }
        ]
    },
    "halor_sfx_1": {
        "sounds": [
            {
                "name": "pointblank:halor_sfx_1",
                "stream": false
            }
        ]
    },
    "halor_sfx_2": {
        "sounds": [
            {
                "name": "pointblank:halor_sfx_2",
                "stream": false
            }
        ]
    },
    "halor_sfx_3": {
        "sounds": [
            {
                "name": "pointblank:halor_sfx_3",
                "stream": false
            }
        ]
    },
    "halor_sfx_4": {
        "sounds": [
            {
                "name": "pointblank:halor_sfx_4",
                "stream": false
            }
        ]
    },
    "halor_ar_draw": {
        "sounds": [
            {
                "name": "pointblank:halor_ar_draw",
                "stream": false
            }
        ]
    },
    "halor_ar_boltpulled": {
        "sounds": [
            {
                "name": "pointblank:halor_ar_boltpulled",
                "stream": false
            }
        ]
    },
    "halor_ar_magin": {
        "sounds": [
            {
                "name": "pointblank:halor_ar_magin",
                "stream": false
            }
        ]
    },
    "halor_ar_magout": {
        "sounds": [
            {
                "name": "pointblank:halor_ar_magout",
                "stream": false
            }
        ]
    },
    "halor_ar_magpunch": {
        "sounds": [
            {
                "name": "pointblank:halor_ar_magpunch",
                "stream": false
            }
        ]
    },
    "halor_ar_sfx": {
        "sounds": [
            {
                "name": "pointblank:halor_ar_sfx",
                "stream": false
            }
        ]
    },
    "halor_ar_sfx1": {
        "sounds": [
            {
                "name": "pointblank:halor_ar_sfx1",
                "stream": false
            }
        ]
    },
    "halor_ar_sfx2": {
        "sounds": [
            {
                "name": "pointblank:halor_ar_sfx2",
                "stream": false
            }
        ]
    },
    "halor_ar_sfx3": {
        "sounds": [
            {
                "name": "pointblank:halor_ar_sfx3",
                "stream": false
            }
        ]
    },
    "halor_dmr_draw": {
        "sounds": [
            {
                "name": "pointblank:halor_dmr_draw",
                "stream": false
            }
        ]
    },
    "halor_dmr_reload": {
        "sounds": [
            {
                "name": "pointblank:halor_dmr_reload",
                "stream": false
            }
        ]
    },
    "halor_dmr_reloadempty": {
        "sounds": [
            {
                "name": "pointblank:halor_dmr_reloadempty",
                "stream": false
            }
        ]
    },
    "halor_dmr_sfx": {
        "sounds": [
            {
                "name": "pointblank:halor_dmr_sfx",
                "stream": false
            }
        ]
    },
    "halor_dmr_sfx1": {
        "sounds": [
            {
                "name": "pointblank:halor_dmr_sfx1",
                "stream": false
            }
        ]
    },
    "halor_dmr_sfx2": {
        "sounds": [
            {
                "name": "pointblank:halor_dmr_sfx2",
                "stream": false
            }
        ]
    },
    "halor_magnum_draw": {
        "sounds": [
            {
                "name": "pointblank:halor_magnum_draw",
                "stream": false
            }
        ]
    },
    "halor_magnum_drysfx": {
        "sounds": [
            {
                "name": "pointblank:halor_magnum_drysfx",
                "stream": false
            }
        ]
    },
    "halor_magnum_reloadempty": {
        "sounds": [
            {
                "name": "pointblank:halor_magnum_reloadempty",
                "stream": false
            }
        ]
    },
    "halor_magnum_reload": {
        "sounds": [
            {
                "name": "pointblank:halor_magnum_reload",
                "stream": false
            }
        ]
    },
    "halor_magnum_sfx1": {
        "sounds": [
            {
                "name": "pointblank:halor_magnum_sfx1",
                "stream": false
            }
        ]
    },
    "halor_magnum_slide_sfx2": {
        "sounds": [
            {
                "name": "pointblank:halor_magnum_slide_sfx2",
                "stream": false
            }
        ]
    },
    "halor_rl_draw": {
        "sounds": [
            {
                "name": "pointblank:halor_rl_draw",
                "stream": false
            }
        ]
    },
    "halor_rl_mag_fire": {
        "sounds": [
            {
                "name": "pointblank:halor_rl_mag_fire",
                "stream": false
            }
        ]
    },
    "halor_rl_mag_sfx": {
        "sounds": [
            {
                "name": "pointblank:halor_rl_mag_sfx",
                "stream": false
            }
        ]
    },
    "halor_rl_mag_sfx1": {
        "sounds": [
            {
                "name": "pointblank:halor_rl_mag_sfx1",
                "stream": false
            }
        ]
    },
    "halor_rl_reload": {
        "sounds": [
            {
                "name": "pointblank:halor_rl_reload",
                "stream": false
            }
        ]
    },
    "halor_rl_sfx": {
        "sounds": [
            {
                "name": "pointblank:halor_rl_sfx",
                "stream": false
            }
        ]
    },
    "halor_rl_sfx1": {
        "sounds": [
            {
                "name": "pointblank:halor_rl_sfx1",
                "stream": false
            }
        ]
    },
    "halor_shotgun_draw": {
        "sounds": [
            {
                "name": "pointblank:halor_shotgun_draw",
                "stream": false
            }
        ]
    },
    "halor_shotgun_firepump": {
        "sounds": [
            {
                "name": "pointblank:halor_shotgun_firepump",
                "stream": false
            }
        ]
    },
    "halor_shotgun_pumpback": {
        "sounds": [
            {
                "name": "pointblank:halor_shotgun_pumpback",
                "stream": false
            }
        ]
    },
    "halor_shotgun_pumpup": {
        "sounds": [
            {
                "name": "pointblank:halor_shotgun_pumpup",
                "stream": false
            }
        ]
    },
    "halor_shotgun_reloadloop": {
        "sounds": [
            {
                "name": "pointblank:halor_shotgun_reloadloop",
                "stream": false
            }
        ]
    },
    "halor_shotgun_sfx": {
        "sounds": [
            {
                "name": "pointblank:halor_shotgun_sfx",
                "stream": false
            }
        ]
    },
    "halor_shotgun_sfx1": {
        "sounds": [
            {
                "name": "pointblank:halor_shotgun_sfx1",
                "stream": false
            }
        ]
    },
    "halor_shotgun_sfx2": {
        "sounds": [
            {
                "name": "pointblank:halor_shotgun_sfx2",
                "stream": false
            }
        ]
    },
    "halor_sniper_draw": {
        "sounds": [
            {
                "name": "pointblank:halor_sniper_draw",
                "stream": false
            }
        ]
    },
    "halor_sniper_reload": {
        "sounds": [
            {
                "name": "pointblank:halor_sniper_reload",
                "stream": false
            }
        ]
    },
    "halor_sniper_reloadempty": {
        "sounds": [
            {
                "name": "pointblank:halor_sniper_reloadempty",
                "stream": false
            }
        ]
    },
    "halor_sniper_sfx": {
        "sounds": [
            {
                "name": "pointblank:halor_sniper_sfx",
                "stream": false
            }
        ]
    },
    "halor_sniper_sfx1": {
        "sounds": [
            {
                "name": "pointblank:halor_sniper_sfx1",
                "stream": false
            }
        ]
    },
    "halor_sniper_sfx2": {
        "sounds": [
            {
                "name": "pointblank:halor_sniper_sfx2",
                "stream": false
            }
        ]
    },
    "halor_sniper_sfx3": {
        "sounds": [
            {
                "name": "pointblank:halor_sniper_sfx3",
                "stream": false
            }
        ]
    },
    "halor_sniper_sfx4": {
        "sounds": [
            {
                "name": "pointblank:halor_sniper_sfx4",
                "stream": false
            }
        ]
     },
    "halor_spartan_laser_fire": {
        "sounds": [
            {
                "name": "pointblank:halor_spartan_laser_fire",
                "stream": false
            }
        ]
     },
    "halor_spartan_laser_charge": {
        "sounds": [
            {
                "name": "pointblank:halor_spartan_laser_charge",
                "stream": false
            }
        ]
     },
    "halor_spartan_laser_draw": {
        "sounds": [
            {
                "name": "pointblank:halor_spartan_laser_draw",
                "stream": false
            }
        ]
     },
    "halor_spartan_laser_sfx": {
        "sounds": [
            {
                "name": "pointblank:halor_spartan_laser_sfx",
                "stream": false
            }
        ]
     },
    "halor_spartan_laser_sfx1": {
        "sounds": [
            {
                "name": "pointblank:halor_spartan_laser_sfx1",
                "stream": false
            }
        ]
     },
    "halor_spartan_laser_sfx2": {
        "sounds": [
            {
                "name": "pointblank:halor_spartan_laser_sfx2",
                "stream": false
            }
        ]
     },
    "halor_spartan_laser_sfx3": {
        "sounds": [
            {
                "name": "pointblank:halor_spartan_laser_sfx3",
                "stream": false
            }
        ]
     },
    "halor_spartan_laser_overheat": {
        "sounds": [
            {
                "name": "pointblank:halor_spartan_laser_overheat",
                "stream": false
            }
        ]
     },
    "halor_energy_sword_draw": {
        "sounds": [
            {
                "name": "pointblank:halor_energy_sword_draw",
                "stream": false
            }
        ]
     },
    "halor_energy_sword_loop": {
        "sounds": [
            {
                "name": "pointblank:halor_energy_sword_loop",
                "stream": false
            }
        ]
     },
    "halor_energy_sword_ready": {
        "sounds": [
            {
                "name": "pointblank:halor_energy_sword_ready",
                "stream": false
            }
        ]
     },
    "halor_energy_sword_sfx": {
        "sounds": [
            {
                "name": "pointblank:halor_energy_sword_sfx",
                "stream": false
            }
        ]
     },
    "halor_energy_sword_swing": {
        "sounds": [
            {
                "name": "pointblank:halor_energy_sword_swing1",
                "stream": false
            },
            {
                "name": "pointblank:halor_energy_sword_swing2",
                "stream": false
            },
            {
                "name": "pointblank:halor_energy_sword_swing3",
                "stream": false
            },
            {
                "name": "pointblank:halor_energy_sword_swing4",
                "stream": false
            }
        ]
     },
    "halor_energy_sword_nohit": {
        "sounds": [
            {
                "name": "pointblank:halor_energy_sword_nohit1",
                "stream": false
            },
            {
                "name": "pointblank:halor_energy_sword_nohit2",
                "stream": false
            },
            {
                "name": "pointblank:halor_energy_sword_nohit3",
                "stream": false
            }
        ]
     },
    "halor_grenade_launcher_draw": {
        "sounds": [
            {
                "name": "pointblank:halor_grenade_launcher_draw",
                "stream": false
            }
        ]
     },
    "halor_grenade_launcher_fire": {
        "sounds": [
            {
                "name": "pointblank:halor_grenade_launcher_fire",
                "stream": false
            }
        ]
     },
    "halor_grenade_launcher_inspect": {
        "sounds": [
            {
                "name": "pointblank:halor_grenade_launcher_inspect",
                "stream": false
            }
        ]
     },
    "halor_grenade_launcher_reload": {
        "sounds": [
            {
                "name": "pointblank:halor_grenade_launcher_reload",
                "stream": false
            }
        ]
     }
}
