  {
  "name" : "dshkq",
  "type": "Gun",
  "maxAmmoCapacity" : "infinite",
  "compatibleAmmo" : ["ammocreative"],
  "damage" : 12,
  "rpm" : 590,
  "fireModes" : ["AUTOMATIC"],
  "fireSound" : "eea_sr2",
  "drawCooldownDuration" : 1167,
  "aimingZoom" : 0.3,
  "gunRecoilInitialAmplitude" : 0.5,
  "shakeRecoilAmplitude" : 0.2,
  "shakeRecoilSpeed" : 2,
  "viewRecoilAmplitude" : 6,
  "inspectCooldownDuration": 5483,
  "aimingEnabled": false,
  "effects": [
    {
               "phase": "firing",
               "name": "muzzle_flash_big_ex"
    }
]
}