  {
  "name" : "glock34q",
  "type": "Gun",
  "compatibleAttachments": [
    "moa_hg"
  ],
  "maxAmmoCapacity" : 21,
  "compatibleAmmo" : ["ammocreative","ammo9mm"],
  "damage" : 5,
  "rpm" : 800,
  "fireModes" : ["SINGLE"],
  "fireSound" : "p30l",
  "drawCooldownDuration" : 550,
  "features": [
    { 
      "type": "Aiming",
      "zoom": 0.35,
      "condition": {
        "doesNotHaveAttachment": "moa_hg"
      }
    }
  ],
  "aimingZoom" : 0.35,
  "gunRecoilInitialAmplitude" : 0.4,
  "shakeRecoilAmplitude" : 0.4,
  "shakeRecoilSpeed" : 2,
  "viewRecoilAmplitude" : 1.0,
  "inspectCooldownDuration": 3583,
  "glowingParts": [
    {
      "name": "glowy"
    }
  ],
  "phasedReloads": [
    {
      "phase": "RELOADING",
      "condition": "reloadIterationIndex == 0",
      "duration": 1550,
      "animation": "animation.model.reloadempty"
    },
    {
      "phase": "RELOADING",
      "condition": "reloadIterationIndex > 0",
      "duration": 1167,
      "animation": "animation.model.reload"
    }
  ],
  "effects": [
    {
               "phase": "hit_scan_acquired",
               "name": "tracer"
    },
    {
               "phase": "firing",
               "name": "muzzle_flash"
    }
]
}