{
  "name" : "kar98kq",
  "type": "Gun",
  "maxAmmoCapacity" : 5,
  "compatibleAmmo" : ["ammocreative","ammo762x51"],
  "damage" : 20,
  "rpm" : 54,
  "fireModes" : ["SINGLE"],
  "fireSound" : "trauma_kar98k_fire",
  "drawCooldownDuration" : 600,
  "aimingZoom" : 0.55,
  "gunRecoilInitialAmplitude" : 2,
  "shakeRecoilAmplitude" : 1.4,
  "shakeRecoilSpeed" : 2,
  "viewRecoilAmplitude" : 9,
  "inspectCooldownDuration": 5733,
  "phasedReloads": [
    {
      "phase": "RELOADING",
      "condition": "reloadIterationIndex == 0",
      "duration": 2866,
      "animation": "animation.model.reloadfive"
    },
    {
      "phase": "RELOADING",
      "condition": "reloadIterationIndex == 1",
      "duration": 2866,
      "animation": "animation.model.reloadfour"
    },
    {
      "phase": "RELOADING",
      "condition": "reloadIterationIndex == 2",
      "duration": 2600,
      "animation": "animation.model.reloadthree"
    },
    {
      "phase": "RELOADING",
      "condition": "reloadIterationIndex == 3",
      "duration": 2400,
      "animation": "animation.model.reloadtwo"
    },
    {
      "phase": "RELOADING",
      "condition": "reloadIterationIndex == 4",
      "duration": 2366,
      "animation": "animation.model.reloadone"
    }
  ],
  "effects": [
    {
               "phase": "firing",
               "name": "muzzle_flash_big_ex"
    }
]
}