  {
  "name" : "xm177q",
  "type": "Gun",
  "compatibleAttachmentGroups": [
    "ar_sightsandscopes"
  ],
  "maxAmmoCapacity" : 24,
  "compatibleAmmo" : ["ammocreative","ammo556"],
  "damage" : 5.5,
  "rpm" : 780,
  "fireModes" : ["BURST", "AUTOMATIC"],
  "fireSound" : "mp5",
  "drawCooldownDuration" : 600,
  "features": [
    { 
      "type": "Aiming",
      "zoom": 0.25,
      "condition": {
        "doesNotHaveAttachmentGroup": "ar_sightsandscopes"
      }
    },
    {
			"type": "PartVisibility",
			"parts": [
				{
					"name":"rail",
					"visible":false,
					"condition": {
					"doesNotHaveAttachmentGroup":"ar_sightsandscopes"
					}
				}
			]
		}
  ],
  "gunRecoilInitialAmplitude" : 0.5,
  "shakeRecoilAmplitude" : 0.3,
  "shakeRecoilSpeed" : 2,
  "viewRecoilAmplitude" : 1.4,
  "inspectCooldownDuration": 5483,
  "phasedReloads": [
    {
      "phase": "RELOADING",
      "condition": "reloadIterationIndex == 0",
      "duration": 2200,
      "animation": "animation.model.reloadempty"
    },
    {
      "phase": "RELOADING",
      "condition": "reloadIterationIndex > 0",
      "duration": 1700,
      "animation": "animation.model.reload"
    }
  ],
  "effects": [
    {
               "phase": "hit_scan_acquired",
               "name": "tracer"
    },
    {
               "phase": "firing",
               "name": "crossflash"
    }
]
}