{
	"format_version": "1.8.0",
	"animations": {
		"animation.model.idle": {
			"loop": true,
			"bones": {
				"glowy_charge": {
					"scale": {
						"vector": [0, 0, 0]
					}
				}
			}
		},
		"animation.model.draw": {
			"loop": "hold_on_last_frame",
			"animation_length": 1.3333,
			"bones": {
				"main": {
					"rotation": {
						"0.0": {
							"vector": [42.5, 0, 0]
						},
						"0.5": {
							"vector": [-14.95392, -1.08089, -4.88206],
							"easing": "easeInOutBack"
						},
						"0.6667": {
							"vector": [-15.93352, -1.33877, -5.84845],
							"easing": "easeInOutQuart"
						},
						"1.0": {
							"vector": [4.94239, -1.3871, 4.3965],
							"easing": "easeInOutQuad"
						},
						"1.3": {
							"vector": [0, 0, 0],
							"easing": "easeInElastic"
						}
					},
					"position": {
						"0.0": {
							"vector": [0, -18, 28]
						},
						"0.45": {
							"vector": [0, 6, -2],
							"easing": "easeInOutSine"
						},
						"0.6333": {
							"vector": [0, 5, -2],
							"easing": "easeInOutCubic"
						},
						"0.7": {
							"vector": [0, 6, -1.92],
							"easing": "easeInOutSine"
						},
						"0.9667": {
							"vector": [0, -2, 0],
							"easing": "easeInOutCubic"
						},
						"1.2667": {
							"vector": [0, 0, 0],
							"easing": "easeInOutSine"
						}
					},
					"scale": {
						"0.0": {
							"vector": [1, 1, 1]
						},
						"0.3": {
							"vector": [1, 0.95, 1],
							"easing": "easeInOutBack"
						},
						"0.4667": {
							"vector": [1, 1, 1]
						},
						"0.6333": {
							"vector": [1, 0.95, 1],
							"easing": "easeInOutBack"
						},
						"0.8": {
							"vector": [1, 1, 1]
						}
					}
				},
				"handle": {
					"rotation": {
						"0.0": {
							"vector": [62, 0, 0]
						},
						"0.3": {
							"vector": [62, 0, 0],
							"easing": "easeInOutSine"
						},
						"0.5": {
							"vector": [-2.5, 0, 0],
							"easing": "easeInOutCubic"
						},
						"0.6": {
							"vector": [0, 0, 0],
							"easing": "easeInOutSine"
						}
					}
				},
				"screen": {
					"rotation": {
						"0.0": {
							"vector": [0, -90, 0]
						},
						"0.6": {
							"vector": [0, -90, 0]
						},
						"0.8": {
							"vector": [0, 0, 0],
							"easing": "easeInOutBack"
						}
					}
				},
				"cannon slide": {
					"position": {
						"0.2": {
							"vector": [0, -5, 0]
						},
						"0.3": {
							"vector": [0, -2, 0],
							"easing": "easeInOutBack"
						},
						"0.4333": {
							"vector": [0, -3, 0],
							"easing": "easeInOutBack"
						},
						"0.6333": {
							"vector": [0, 0, 0],
							"easing": "easeInOutBack"
						}
					}
				},
				"cannon": {
					"position": {
						"0.0": {
							"vector": [0, 0, 5]
						},
						"0.6667": {
							"vector": [0, 0, 5]
						},
						"0.8": {
							"vector": [0, 0, 0]
						}
					}
				},
				"cilinder 1": {
					"rotation": {
						"0.0": {
							"vector": [0, 0, 12.5]
						},
						"0.6667": {
							"vector": [0, 0, 0],
							"easing": "easeInOutElastic"
						},
						"0.8": {
							"vector": [0, 0, -22.5],
							"easing": "easeInOutBack"
						},
						"0.9": {
							"vector": [0, 0, 0],
							"easing": "easeInOutSine"
						}
					}
				},
				"cilinder 2": {
					"rotation": {
						"0.0": {
							"vector": [0, 0, 80]
						},
						"0.6667": {
							"vector": [0, 0, 45],
							"easing": "easeInOutElastic"
						},
						"0.8": {
							"vector": [0, 0, 45],
							"easing": "easeInOutBack"
						},
						"0.9": {
							"vector": [0, 0, 0],
							"easing": "easeInOutSine"
						}
					}
				},
				"leftarm": {
					"rotation": {
						"0.0": {
							"vector": [114.38133, 20.74011, 58.29028]
						},
						"0.6": {
							"vector": [116.45846, 21.10615, 63.69193]
						},
						"1.0333": {
							"vector": [0, 0, 0],
							"easing": "easeInOutBack"
						}
					},
					"position": {
						"0.0": {
							"vector": [12, 0, 26]
						},
						"0.6": {
							"vector": [12, 0, 26]
						},
						"1.0": {
							"vector": [0, 0, 0],
							"easing": "easeInOutBack"
						}
					}
				},
				"_camera_": {
					"rotation": {
						"0.0": {
							"vector": [0, 0, 0]
						},
						"0.1": {
							"vector": [0, 0, -2],
							"easing": "easeInOutSine"
						},
						"0.4667": {
							"vector": [0, 0, 0],
							"easing": "easeInOutSine"
						},
						"0.6": {
							"vector": [0, 0, 1],
							"easing": "easeInOutSine"
						},
						"0.8": {
							"vector": [0, 0, -1],
							"easing": "easeInOutSine"
						},
						"0.9": {
							"vector": [0, 0, 0],
							"easing": "easeInOutSine"
						},
						"1.0333": {
							"vector": [0, 0, -2],
							"easing": "easeInOutSine"
						},
						"1.2": {
							"vector": [0, 0, 0],
							"easing": "easeInOutSine"
						}
					}
				},
				"glowy_charge": {
					"scale": {
						"vector": [0, 0, 0]
					}
				}
			},
			"sound_effects": {
				"0.0": {
					"effect": "halor_spartan_laser_sfx"
				},
				"0.1": {
					"effect": "halor_spartan_laser_draw"
				}
			}
		},
		"animation.model.inspect": {
			"loop": true,
			"animation_length": 3.5,
			"bones": {
				"main": {
					"rotation": {
						"0.0": {
							"vector": [0, 0, 0]
						},
						"0.5333": {
							"vector": [10.31263, -19.12006, -8.33326],
							"easing": "easeInOutQuad"
						},
						"0.5833": {
							"vector": [10.27, -19.14, -8.22]
						},
						"0.6": {
							"vector": [9.92196, -19.31718, -7.16373]
						},
						"0.6167": {
							"vector": [10.26118, -19.1437, -8.19404]
						},
						"2.5": {
							"vector": [6.73015, -20.60627, 2.18334],
							"easing": "easeInOutElastic"
						},
						"2.5833": {
							"vector": [5.9783, -20.82764, 4.30848],
							"easing": "linear"
						},
						"2.6333": {
							"vector": [7.12709, -19.43374, -0.10837]
						},
						"2.6833": {
							"vector": [6.0852, -18.63196, 1.99337]
						},
						"3.4333": {
							"vector": [0, 0, 0],
							"easing": "easeInElastic"
						}
					},
					"position": {
						"0.0": {
							"vector": [0, 0, 0]
						},
						"0.5": {
							"vector": [5, -1, 4],
							"easing": "easeInOutQuad"
						},
						"1.7": {
							"vector": [5, -1, 4]
						},
						"1.75": {
							"vector": [5, -1.1, 4]
						},
						"1.8": {
							"vector": [5, -1, 4]
						},
						"2.4": {
							"vector": [5, -1, 4],
							"easing": "easeInOutBack"
						},
						"2.7167": {
							"vector": [4.89, 1, 3.91],
							"easing": "easeInSine"
						},
						"3.3667": {
							"vector": [0, 0, 0],
							"easing": "easeInOutBack"
						}
					},
					"scale": {
						"1.65": {
							"vector": [1, 1, 1]
						},
						"1.75": {
							"vector": [1, 0.98, 1],
							"easing": "easeInOutSine"
						},
						"1.85": {
							"vector": [1, 1, 1]
						},
						"2.4": {
							"vector": [1, 1, 1]
						},
						"2.75": {
							"vector": [1, 1.06, 1],
							"easing": "easeInOutBack"
						},
						"3.0": {
							"vector": [1, 1, 1]
						}
					}
				},
				"cannon slide": {
					"position": {
						"0.0": {
							"vector": [0, 0, 0]
						},
						"0.9": {
							"vector": [0, 0, 0],
							"easing": "linear"
						},
						"1.3333": {
							"vector": [0, -1, 0],
							"easing": "easeInOutBack"
						},
						"1.8": {
							"vector": [0, -4.5, 0],
							"easing": "easeInOutBack"
						},
						"2.5": {
							"vector": [0, -4.5, 0],
							"easing": "easeInOutBack"
						},
						"2.5667": {
							"vector": [0, -2, 0],
							"easing": "easeInOutBack"
						},
						"3.4": {
							"vector": [0, 0, 0],
							"easing": "easeInOutBack"
						}
					}
				},
				"cannon": {
					"position": {
						"0.6": {
							"vector": [0, 0, 0]
						},
						"0.9": {
							"vector": [0, 0, 2],
							"easing": "easeInOutBack"
						},
						"2.9833": {
							"vector": [0, 0, 2]
						},
						"3.4333": {
							"vector": [0, 0, 0],
							"easing": "easeInOutBack"
						}
					}
				},
				"cilinder 1": {
					"rotation": {
						"0.5667": {
							"vector": [0, 0, 0]
						},
						"0.9": {
							"vector": [0, 0, 112.5],
							"easing": "easeInOutBack"
						},
						"2.9667": {
							"vector": [0, 0, 112.5],
							"easing": "easeInOutBack"
						},
						"3.3": {
							"vector": [0, 0, 0],
							"easing": "easeInOutBack"
						}
					}
				},
				"cilinder 2": {
					"rotation": {
						"0.5667": {
							"vector": [0, 0, 0]
						},
						"0.9": {
							"vector": [0, 0, 112.5],
							"easing": "easeInOutBack"
						},
						"2.9667": {
							"vector": [0, 0, 112.5],
							"easing": "easeInOutBack"
						},
						"3.3": {
							"vector": [0, 0, 0],
							"easing": "easeInOutBack"
						}
					}
				},
				"_camera_": {
					"rotation": {
						"0.0": {
							"vector": [0, 0, 0]
						},
						"0.5333": {
							"vector": [1, 2, 0],
							"easing": "easeInOutCubic"
						},
						"2.5": {
							"vector": [1.03476, 1.98224, 1.00045],
							"easing": "easeInOutCubic"
						},
						"3.4333": {
							"vector": [0, 0, 0],
							"easing": "easeInOutBack"
						}
					}
				},
				"glowy_charge": {
					"scale": {
						"vector": [0, 0, 0]
					}
				}
			},
			"sound_effects": {
				"0.0": {
					"effect": "halor_spartan_laser_sfx1"
				},
				"0.4": {
					"effect": "halor_spartan_laser_sfx3"
				}
			}
		},
		"animation.model.preparefire": {
			"animation_length": 2.7,
			"bones": {
				"cannon": {
					"position": {
						"0.0": {
							"vector": [0, 0, 0]
						},
						"0.6": {
							"vector": [0, 0, 1],
							"easing": "easeInOutBack"
						},
						"2.6667": {
							"vector": [0, 0, -1],
							"easing": "easeInOutBack"
						}
					}
				},
				"cilinder 1": {
					"rotation": {
						"0.0": {
							"vector": [0, 0, 0]
						},
						"0.6": {
							"vector": [0, 0, -10],
							"easing": "easeInOutElastic"
						},
						"0.7": {
							"vector": [0, 0, 0]
						},
						"2.7": {
							"vector": [0, 0, -22.5]
						}
					}
				},
				"cilinder 2": {
					"rotation": {
						"0.0": {
							"vector": [0, 0, 0]
						},
						"0.6": {
							"vector": [0, 0, 10],
							"easing": "easeInOutElastic"
						},
						"0.7": {
							"vector": [0, 0, 0]
						},
						"2.7": {
							"vector": [0, 0, 45]
						}
					}
				},
				"main": {
					"relative_to": {
						"rotation": "entity"
					},
					"rotation": {
						"0.0": {
							"vector": [0, 0, 0]
						},
						"0.0667": {
							"vector": [0, -1, 1]
						},
						"0.1333": {
							"vector": [0, 0, -1]
						},
						"0.2": {
							"vector": [0, 0, 0]
						},
						"0.6": {
							"vector": [0, 0, 0]
						},
						"0.6667": {
							"vector": [0, 0, 0.06]
						},
						"0.7333": {
							"vector": [0, 0, 0.24]
						},
						"0.8": {
							"vector": [0, 0, 0.55]
						},
						"0.8667": {
							"vector": [0, 0, 0.98]
						},
						"0.9333": {
							"vector": [0, 0, 1.52]
						},
						"1.0": {
							"vector": [0, 0, 1.82]
						},
						"1.0667": {
							"vector": [0, 0, 1.31]
						},
						"1.1333": {
							"vector": [0, 0, 1.04]
						},
						"1.2": {
							"vector": [0, 0, 1.02]
						},
						"1.2667": {
							"vector": [0, 0, 1.24]
						},
						"1.3333": {
							"vector": [0, 0, 1.71]
						},
						"1.4": {
							"vector": [0, 0, 1.69]
						},
						"1.4667": {
							"vector": [0, 0, 1.5]
						},
						"1.5333": {
							"vector": [0, 0, 1.8]
						},
						"1.6": {
							"vector": [0, 0, 1.75]
						},
						"1.6667": {
							"vector": [0, 0, 2.14]
						},
						"1.7333": {
							"vector": [0, 0, 2.11]
						},
						"1.8": {
							"vector": [0, 0, 2.41]
						},
						"1.8667": {
							"vector": [0, 0, 2.46]
						},
						"1.9333": {
							"vector": [0, 0, 2.03]
						},
						"2.0": {
							"vector": [0, 0, 2.56]
						},
						"2.0667": {
							"vector": [0, 0, 2.9]
						},
						"2.1333": {
							"vector": [0, 0, 3]
						},
						"2.2": {
							"vector": [0, 0, 2.85]
						},
						"2.2667": {
							"vector": [0, 0, 2.47]
						},
						"2.3333": {
							"vector": [0, 0, 1.16]
						},
						"2.7": {
							"vector": [0, 0, 4],
							"easing": "easeInOutBounce"
						}
					},
					"position": {
						"0.0": {
							"vector": [0, 0, 0]
						},
						"0.0667": {
							"vector": [0, 0, 0.5]
						},
						"0.6": {
							"vector": [0, 0, 0]
						},
						"1.0": {
							"vector": [0, 0, -0.5],
							"easing": "easeInOutSine"
						},
						"2.5667": {
							"vector": [0, 0, 0],
							"easing": "easeInOutBounce"
						}
					},
					"scale": {
						"0.6": {
							"vector": [1, 1, 1]
						},
						"1.0": {
							"vector": [1, 1, 1],
							"easing": "linear"
						},
						"2.7": {
							"vector": [1, 0.95, 0.98],
							"easing": "easeInOutElastic"
						}
					}
				},
				"_camera_": {
					"rotation": {
						"0.0": {
							"vector": [0, 0, 0]
						},
						"0.0667": {
							"vector": [0, 0, -1]
						},
						"0.1333": {
							"vector": [0, 0, 1]
						},
						"0.2": {
							"vector": [0, 0, 0]
						},
						"1.6": {
							"vector": [0, 0, 0]
						},
						"2.7": {
							"vector": [0, 0, -1],
							"easing": "easeInOutBounce"
						}
					}
				},
				"glowy_charge": {
					"scale": {
						"0.4": {
							"vector": [0, 0, 0]
						},
						"1.4": {
							"vector": [1, 1, 1],
							"easing": "easeOutBack"
						}
					}
				}
			},
			"sound_effects": {
				"0.0333": {
					"effect": "halor_spartan_laser_charge"
				}
			}
		},
		"animation.model.fire": {
			"animation_length": 4,
			"bones": {
				"cannon": {
					"position": {
						"0.0": {
							"vector": [0, 0, -1],
							"easing": "linear"
						},
						"0.1": {
							"vector": [0, 0, 5],
							"easing": "easeInOutBack"
						},
						"0.5": {
							"vector": [0, 0, 4.5],
							"easing": "easeInOutBack"
						},
						"2.0": {
							"vector": [0, 0, 0],
							"easing": "easeOutBack"
						}
					},
					"scale": {
						"0.0": {
							"vector": [1, 1, 1]
						},
						"0.1": {
							"vector": [1, 1.1, 0.95]
						},
						"0.5": {
							"vector": [1, 1, 1]
						}
					}
				},
				"cilinder 1": {
					"rotation": {
						"0.0": {
							"vector": [0, 0, -22.5]
						},
						"0.5": {
							"vector": [0, 0, -22.5]
						},
						"0.7": {
							"vector": [0, 0, 0],
							"easing": "easeInOutBack"
						}
					}
				},
				"cilinder 2": {
					"rotation": {
						"0.0": {
							"vector": [0, 0, 45]
						},
						"0.5": {
							"vector": [0, 0, 45]
						},
						"0.7": {
							"vector": [0, 0, 0],
							"easing": "easeInOutBack"
						}
					}
				},
				"main": {
					"relative_to": {
						"rotation": "entity"
					},
					"rotation": {
						"0.0": {
							"vector": [0, 0, 4],
							"easing": "linear"
						},
						"0.2333": {
							"vector": [-4.02397, 0, 0],
							"easing": "easeInOutElastic"
						},
						"1.0": {
							"vector": [-0.01772, 0, -5.89281],
							"easing": "easeInElastic"
						},
						"2.9": {
							"vector": [-0.01569, 0, -7.46114],
							"easing": "easeInOutBounce"
						},
						"3.5": {
							"vector": [5.94619, -0.08715, 4.99924],
							"easing": "easeInOutSine"
						},
						"3.95": {
							"vector": [0, 0, 0],
							"easing": "easeInElastic"
						}
					},
					"position": {
						"0.0": {
							"vector": [0, 0, 0],
							"easing": "linear"
						},
						"0.2": {
							"vector": [0, 2, 8],
							"easing": "easeInOutBack"
						},
						"0.9667": {
							"vector": [0, 0, 3],
							"easing": "easeInElastic"
						},
						"2.8667": {
							"vector": [0, -0.1, 3],
							"easing": "easeInOutBounce"
						},
						"3.4667": {
							"vector": [0, -2, 0],
							"easing": "easeInOutBack"
						},
						"3.9167": {
							"vector": [0, 0, 0],
							"easing": "easeInElastic"
						}
					},
					"scale": {
						"0.0": {
							"vector": [1, 0.95, 0.98],
							"easing": "linear"
						},
						"0.2": {
							"vector": [1, 0.98, 0.9],
							"easing": "easeInOutElastic"
						},
						"0.4": {
							"vector": [1, 1, 1]
						}
					}
				},
				"_camera_": {
					"rotation": {
						"0.0": {
							"vector": [0, 0, -1],
							"easing": "linear"
						},
						"0.1": {
							"vector": [0, 0, 1],
							"easing": "easeInOutBack"
						},
						"0.2": {
							"vector": [0, 0, -1],
							"easing": "easeInOutBack"
						},
						"1.0": {
							"vector": [0, 0, 1],
							"easing": "easeInOutBack"
						},
						"3.3667": {
							"vector": [0, 0, 2],
							"easing": "easeInOutBounce"
						},
						"3.9": {
							"vector": [0, 0, 0],
							"easing": "easeInOutBack"
						}
					}
				},
				"glowy_charge": {
					"scale": {
						"0.0": {
							"vector": [1, 1, 1]
						},
						"0.0333": {
							"vector": [0, 0, 0]
						}
					}
				}
			},
			"sound_effects": {
				"0.0333": {
					"effect": "halor_spartan_laser_sfx"
				},
				"0.2": {
					"effect": "halor_spartan_laser_overheat"
				},
				"2.9": {
					"effect": "halor_sfx_1"
				},
				"3.3667": {
					"effect": "halor_spartan_laser_sfx2"
				}
			}
		}
	},
	"geckolib_format_version": 2
}