{
	"format_version": "1.8.0",
	"animations": {
		"animation.model.draw": {
			"animation_length": 0.9333,
			"bones": {
				"main": {
					"rotation": {
						"0.0": {
							"vector": [33.65181, -23.03568, 30.44729]
						},
						"0.3": {
							"vector": [-27.57396, 6.14949, 2.39983],
							"easing": "easeInOutQuad"
						},
						"0.4667": {
							"vector": [-23.12911, 0.95763, 11.01962],
							"easing": "easeInOutSine"
						},
						"0.6": {
							"vector": [-15.11913, 3.68299, 2.825],
							"easing": "easeInOutSine"
						},
						"0.7667": {
							"vector": [5.255, -0.29318, 2.44039],
							"easing": "easeInOutSine"
						},
						"0.9": {
							"vector": [0, 0, 0],
							"easing": "easeInElastic"
						}
					},
					"position": {
						"0.0": {
							"vector": [-4, -15, 30]
						},
						"0.2667": {
							"vector": [-4, 1, -12],
							"easing": "easeInOutSine"
						},
						"0.4333": {
							"vector": [-3.7, 1, -7.5],
							"easing": "easeInOutBack"
						},
						"0.5667": {
							"vector": [-4, 0.5, -11]
						},
						"0.7333": {
							"vector": [-0.01, -2, -0.03],
							"easing": "easeInOutSine"
						},
						"0.8667": {
							"vector": [0, 0, 0],
							"easing": "easeInOutBack"
						}
					},
					"scale": {
						"0.3": {
							"vector": [1, 1, 1]
						},
						"0.4667": {
							"vector": [1, 1, 0.9]
						},
						"0.6": {
							"vector": [1, 1, 1]
						}
					}
				},
				"leftarm": {
					"rotation": {
						"0.0": {
							"vector": [9.3206, -9.04245, 32.40854]
						},
						"0.3": {
							"vector": [-36.24515, 16.22154, -21.36709],
							"easing": "easeInOutBack"
						},
						"0.4333": {
							"vector": [-36.98132, 14.0223, -22.76545],
							"easing": "easeOutBack"
						},
						"0.6": {
							"vector": [-40.74, -6.24, -33.3],
							"easing": "easeInOutBack"
						},
						"0.7": {
							"pre": {
								"vector": [-13.10976, 15.57256, 28.96712]
							},
							"post": {
								"vector": [-13.10976, 15.57256, 28.96712]
							},
							"lerp_mode": "catmullrom"
						},
						"0.8": {
							"post": {
								"vector": [0, 0, 0]
							},
							"lerp_mode": "catmullrom"
						}
					},
					"position": {
						"0.0": {
							"post": {
								"vector": [23, -1, 26]
							},
							"lerp_mode": "catmullrom"
						},
						"0.2667": {
							"post": {
								"vector": [5, 10, 21]
							},
							"lerp_mode": "catmullrom"
						},
						"0.4": {
							"vector": [5, 10, 29],
							"easing": "easeOutBack"
						},
						"0.5667": {
							"vector": [5, 10, 22],
							"easing": "easeInOutBack"
						},
						"0.6667": {
							"pre": {
								"vector": [12, 10, 24]
							},
							"post": {
								"vector": [12, 10, 24]
							},
							"lerp_mode": "catmullrom"
						},
						"0.7667": {
							"post": {
								"vector": [0, 0, 0]
							},
							"lerp_mode": "catmullrom"
						}
					}
				},
				"bolt": {
					"position": {
						"0.0": {
							"vector": [0, 0, 0]
						},
						"0.3": {
							"vector": [0, 0, 0],
							"easing": "linear"
						},
						"0.4": {
							"vector": [0, 0, 7],
							"easing": "easeOutBack"
						},
						"0.5667": {
							"vector": [0, 0, 0],
							"easing": "easeInOutBack"
						}
					}
				},
				"_camera_": {
					"rotation": {
						"0.0": {
							"vector": [0, 0, 0]
						},
						"0.1": {
							"vector": [1, 0, -2],
							"easing": "easeInOutSine"
						},
						"0.2": {
							"vector": [0, 1, 0],
							"easing": "easeInOutSine"
						},
						"0.2333": {
							"vector": [0.01745, 0.99985, 1.00015],
							"easing": "easeInOutSine"
						},
						"0.4333": {
							"vector": [1.00001, 1.0173, -0.9824],
							"easing": "easeOutSine"
						},
						"0.6333": {
							"vector": [0, 0, 1],
							"easing": "easeInOutSine"
						},
						"0.9": {
							"vector": [0, 0, 0],
							"easing": "easeInOutSine"
						}
					}
				}
			},
			"sound_effects": {
				"0.0": {
					"effect": "halor_dmr_draw"
				},
				"0.0667": {
					"effect": "halor_sfx_1"
				},
				"0.6333": {
					"effect": "halor_sfx_4"
				}
			}
		},
		"animation.model.inspect": {
			"loop": true,
			"animation_length": 4.9,
			"bones": {
				"main": {
					"rotation": {
						"0.0": {
							"vector": [0, 0, 0]
						},
						"0.4": {
							"vector": [5.95874, -6.20547, -46.1293],
							"easing": "easeInOutBack"
						},
						"2.5": {
							"vector": [3.0782, -1.88649, -51.82239],
							"easing": "easeInOutElastic"
						},
						"3.0": {
							"vector": [-10.00954, 4.99523, 72.28135],
							"easing": "easeInOutBack"
						},
						"4.3": {
							"vector": [-4.115, 11.68585, 76.96972],
							"easing": "easeInOutExpo"
						},
						"4.6": {
							"vector": [10, 0, 0],
							"easing": "easeInOutSine"
						},
						"4.8": {
							"vector": [0, 0, 0],
							"easing": "easeInOutSine"
						}
					},
					"position": {
						"0.0": {
							"vector": [0, 0, 0]
						},
						"0.3": {
							"vector": [0, 3, -1],
							"easing": "easeInOutCubic"
						},
						"2.4": {
							"vector": [0, 2.5, -1.5],
							"easing": "easeInOutElastic"
						},
						"2.9": {
							"vector": [0, 3, 2],
							"easing": "easeInOutBack"
						},
						"4.2": {
							"vector": [0, 3, 2],
							"easing": "easeInOutExpo"
						},
						"4.5": {
							"vector": [1, 1, -4],
							"easing": "easeInOutSine"
						},
						"4.7": {
							"vector": [0, 0, 0],
							"easing": "easeInOutSine"
						}
					}
				},
				"leftarm": {
					"rotation": {
						"0.0": {
							"vector": [0, 0, 0]
						},
						"0.4": {
							"vector": [6.76249, 15.25914, 67.02274],
							"easing": "easeInOutBack"
						},
						"2.5": {
							"vector": [6.76249, 15.25914, 67.02274],
							"easing": "easeInOutBack"
						},
						"3.0": {
							"vector": [7.24799, 18.78457, -48.94875],
							"easing": "easeInOutBack"
						},
						"4.3": {
							"vector": [7.24799, 18.78457, -48.94875],
							"easing": "easeInOutBack"
						},
						"4.6": {
							"vector": [-5.15793, 2.06557, -1.41725],
							"easing": "easeOutBack"
						},
						"4.8": {
							"vector": [0, 0, 0],
							"easing": "easeInOutBack"
						}
					},
					"position": {
						"0.0": {
							"vector": [0, 0, 0]
						},
						"0.3": {
							"vector": [-3, 0, 0],
							"easing": "easeInOutBack"
						},
						"2.5": {
							"vector": [-3, 0, 0],
							"easing": "easeInOutBack"
						},
						"3.0": {
							"vector": [0, 0, 0],
							"easing": "easeInOutBack"
						},
						"4.3": {
							"vector": [0, 0, 0],
							"easing": "easeInOutBack"
						},
						"4.6": {
							"vector": [0, 0, 0],
							"easing": "easeInOutBack"
						}
					},
					"scale": {
						"0.0": {
							"vector": [1, 1, 1]
						},
						"2.5": {
							"vector": [1, 1, 1]
						},
						"3.0": {
							"vector": [1, 1.1, 1]
						},
						"4.6": {
							"vector": [1, 1.1, 1]
						},
						"4.8": {
							"vector": [1, 1, 1]
						}
					}
				},
				"_camera_": {
					"rotation": {
						"0.0": {
							"vector": [0, 0, 0]
						},
						"0.4": {
							"vector": [2.3886, 2.60664, -2.50021],
							"easing": "easeInOutBack"
						},
						"2.5": {
							"vector": [0, 2.5, 0],
							"easing": "easeInOutBack"
						},
						"3.0": {
							"vector": [5, 2.5, 0],
							"easing": "easeInOutBack"
						},
						"4.2": {
							"vector": [2.5, 2.5, 0],
							"easing": "easeInOutBack"
						},
						"4.6": {
							"vector": [3.75, 1.25, 0],
							"easing": "easeInOutBack"
						},
						"4.8": {
							"vector": [0, 0, 0],
							"easing": "easeInOutBack"
						}
					}
				}
			},
			"sound_effects": {
				"0.0": {
					"effect": "halor_dmr_sfx"
				},
				"0.1": {
					"effect": "halor_sfx_1"
				},
				"2.5": {
					"effect": "halor_dmr_sfx1"
				},
				"2.6": {
					"effect": "halor_sfx_3"
				},
				"3.5": {
					"effect": "halor_sfx_2"
				},
				"4.1667": {
					"effect": "halor_sfx_4"
				},
				"4.4333": {
					"effect": "halor_dmr_sfx2"
				}
			}
		},
		"animation.model.reloadempty": {
			"loop": true,
			"animation_length": 2.8,
			"bones": {
				"main": {
					"rotation": {
						"0.0": {
							"vector": [0, 0, 0]
						},
						"0.4": {
							"vector": [-46.56729, -40.71207, -25.70016],
							"easing": "easeInOutBack"
						},
						"0.6": {
							"vector": [-71.01252, -33.6604, -22.48838],
							"easing": "easeOutBack"
						},
						"1.1": {
							"vector": [-51.43797, -39.88365, -23.85907],
							"easing": "linear"
						},
						"1.2": {
							"vector": [-33.93797, -39.88365, -23.85907],
							"easing": "easeInOutBack"
						},
						"1.4": {
							"vector": [-42.43797, -39.88365, -23.85907],
							"easing": "easeInOutCubic"
						},
						"1.6667": {
							"vector": [-30.79338, -8.57192, 8.43488],
							"easing": "easeOutCubic"
						},
						"1.9": {
							"vector": [-32.18105, -8.91179, 17.54645],
							"easing": "easeInOutCubic"
						},
						"2.0667": {
							"vector": [-28.80958, -7.28878, 10.59564],
							"easing": "easeOutSine"
						},
						"2.4333": {
							"vector": [0, 0, 0],
							"easing": "easeInOutBack"
						}
					},
					"position": {
						"0.0": {
							"vector": [0, 0, 0]
						},
						"0.3": {
							"vector": [-8, 18, -15],
							"easing": "easeInOutSine"
						},
						"0.6": {
							"vector": [-6.38, 18.86, -15.49],
							"easing": "easeInOutSine"
						},
						"0.8": {
							"vector": [-8, 18, -15],
							"easing": "easeInOutSine"
						},
						"0.9": {
							"vector": [-8.42, 17.94, -15.07],
							"easing": "easeInOutSine"
						},
						"1.1": {
							"vector": [-8, 18, -17.4],
							"easing": "easeInOutSine"
						},
						"1.2": {
							"vector": [-8, 18, -17.4],
							"easing": "easeInOutSine"
						},
						"1.3": {
							"vector": [-8, 21, -17.4],
							"easing": "easeInOutSine"
						},
						"1.6": {
							"vector": [-8, 5, -10.4],
							"easing": "easeInOutSine"
						},
						"1.8": {
							"vector": [-8, 2, -9],
							"easing": "easeInOutSine"
						},
						"2.0": {
							"vector": [-8, 5, -10.4],
							"easing": "easeInOutSine"
						},
						"2.3667": {
							"vector": [0, 0, 0],
							"easing": "easeInOutBack"
						}
					},
					"scale": {
						"0.0": {
							"vector": [1, 1, 1]
						},
						"0.5": {
							"vector": [1, 1, 1]
						},
						"0.6": {
							"vector": [1, 1.1, 1],
							"easing": "easeInOutBack"
						},
						"0.7": {
							"vector": [1, 1, 1]
						},
						"1.1": {
							"vector": [1, 1, 1]
						},
						"1.2": {
							"vector": [1, 0.9, 1],
							"easing": "easeInOutBack"
						},
						"1.3": {
							"vector": [1, 1, 1]
						},
						"1.6667": {
							"vector": [1, 1, 1]
						},
						"1.8": {
							"vector": [1, 1, 0.9],
							"easing": "easeInOutBack"
						},
						"1.9": {
							"vector": [1, 1, 1],
							"easing": "easeInOutBack"
						}
					}
				},
				"leftarm": {
					"rotation": {
						"0.0": {
							"vector": [0, 0, 0]
						},
						"0.4": {
							"vector": [-36.76402, 5.43007, 5.2274]
						},
						"0.5": {
							"vector": [-36.76402, 5.43007, 5.2274]
						},
						"0.7": {
							"vector": [-11.76402, 5.43007, 5.2274]
						},
						"1.1": {
							"vector": [-11.76402, 5.43007, 5.2274]
						},
						"1.2": {
							"vector": [-36.76402, 5.43007, 5.2274]
						},
						"1.3": {
							"vector": [-37.0669, 0.85733, 3.18194]
						},
						"1.6667": {
							"vector": [-23.82767, 5.72637, -8.46762],
							"easing": "easeInOutBack"
						},
						"1.8": {
							"vector": [-51.74731, -3.56501, -12.19271],
							"easing": "easeInBack"
						},
						"1.9667": {
							"vector": [-63.3774, 10.35667, -6.52726],
							"easing": "easeInOutBack"
						},
						"2.1333": {
							"pre": {
								"vector": [-78.3774, 10.35667, -6.52726]
							},
							"post": {
								"vector": [-78.3774, 10.35667, -6.52726]
							},
							"lerp_mode": "catmullrom"
						},
						"2.4333": {
							"post": {
								"vector": [0, 0, 0]
							},
							"lerp_mode": "catmullrom"
						}
					},
					"position": {
						"0.0": {
							"vector": [0, 0, 0]
						},
						"0.1333": {
							"pre": {
								"vector": [13, -1.56, 21.78]
							},
							"post": {
								"vector": [13, -1.56, 21.78]
							},
							"lerp_mode": "catmullrom"
						},
						"0.3": {
							"post": {
								"vector": [0, -6.5, 49]
							},
							"lerp_mode": "catmullrom"
						},
						"0.5": {
							"vector": [0, -5.5, 49]
						},
						"0.6": {
							"vector": [4, -40.5, 69]
						},
						"1.1": {
							"vector": [4, -35.5, 58]
						},
						"1.2": {
							"vector": [0, -5.5, 49]
						},
						"1.3": {
							"vector": [0, -3.5, 49]
						},
						"1.6667": {
							"vector": [5, 9.5, 24],
							"easing": "easeInOutBack"
						},
						"1.8": {
							"vector": [4, 10.5, 31],
							"easing": "easeInBack"
						},
						"1.9": {
							"vector": [7, 12.5, 38],
							"easing": "easeInOutBack"
						},
						"2.0": {
							"pre": {
								"vector": [12, 12.5, 36]
							},
							"post": {
								"vector": [12, 12.5, 36]
							},
							"lerp_mode": "catmullrom"
						},
						"2.2333": {
							"post": {
								"vector": [13, 7.5, 23]
							},
							"lerp_mode": "catmullrom"
						},
						"2.3667": {
							"post": {
								"vector": [0, 0, 0]
							},
							"lerp_mode": "catmullrom"
						}
					}
				},
				"bolt": {
					"position": {
						"0.0": {
							"vector": [0, 0, 0]
						},
						"1.6667": {
							"vector": [0, 0, 0]
						},
						"1.8": {
							"vector": [0, 0, 6],
							"easing": "easeInBack"
						},
						"1.9": {
							"vector": [0, 0, 0],
							"easing": "easeInOutBack"
						}
					}
				},
				"magazine": {
					"rotation": {
						"0.0": {
							"vector": [0, 0, 0]
						},
						"0.5": {
							"vector": [0, 0, 0]
						},
						"0.7": {
							"vector": [19.71975, 3.40487, -9.40804],
							"easing": "easeOutSine"
						},
						"1.1": {
							"vector": [19.71975, 3.40487, -9.40804]
						},
						"1.2": {
							"vector": [0, 0, 0],
							"easing": "easeInSine"
						}
					},
					"position": {
						"0.0": {
							"vector": [0, 0, 0]
						},
						"0.5": {
							"vector": [0, 0, 0]
						},
						"0.6": {
							"vector": [5, -37, 21]
						},
						"1.1": {
							"vector": [5, -32, 10]
						},
						"1.2": {
							"vector": [0, 0, 0]
						}
					}
				},
				"bullet": {
					"position": {
						"0.0": {
							"vector": [0, -1, 0]
						},
						"0.7": {
							"vector": [0, -1, 0]
						},
						"0.7333": {
							"vector": [0, 0, 0]
						}
					}
				},
				"_camera_": {
					"rotation": {
						"0.0": {
							"vector": [0, 0, 0]
						},
						"0.5": {
							"vector": [-0.96449, 1.03429, 2.00002],
							"easing": "easeInOutSine"
						},
						"0.6": {
							"vector": [1.00015, -0.99985, -5.01745],
							"easing": "easeInOutSine"
						},
						"1.1": {
							"vector": [0, 0, 0],
							"easing": "easeInOutSine"
						},
						"1.2": {
							"vector": [-0.99985, 0.01745, 3.49985],
							"easing": "easeInOutSine"
						},
						"1.6667": {
							"vector": [0, 0, 0],
							"easing": "easeInOutSine"
						},
						"1.8": {
							"vector": [0.99939, 0.0349, -1.9997],
							"easing": "easeInOutSine"
						},
						"1.9": {
							"vector": [-1, 0, 0],
							"easing": "easeInOutSine"
						},
						"2.3": {
							"vector": [0.04, 0, 0],
							"easing": "easeInOutSine"
						},
						"2.3667": {
							"vector": [0.01999, 0.00052, -1.5],
							"easing": "easeInOutSine"
						},
						"2.4333": {
							"vector": [0, 0, 0],
							"easing": "easeInOutSine"
						}
					}
				}
			},
			"sound_effects": {
				"0.0": {
					"effect": "halor_dmr_reloadempty"
				}
			}
		},
		"animation.model.reload": {
			"loop": true,
			"animation_length": 1.8,
			"bones": {
				"main": {
					"rotation": {
						"0.0": {
							"vector": [0, 0, 0]
						},
						"0.4": {
							"vector": [-46.56729, -40.71207, -25.70016],
							"easing": "easeInOutBack"
						},
						"0.6": {
							"vector": [-71.97762, -28.91845, -20.63186],
							"easing": "easeInOutBack"
						},
						"0.6333": {
							"vector": [-71.05351, -27.28802, -19.91326]
						},
						"0.6667": {
							"vector": [-68.60133, -32.86014, -22.26266]
						},
						"0.7333": {
							"vector": [-67.88261, -31.08926, -21.25827]
						},
						"1.2": {
							"vector": [-53.80237, -35.90873, -20.01292],
							"easing": "easeInOutBack"
						},
						"1.3": {
							"vector": [-30.31991, -42.72758, -29.33632],
							"easing": "easeInOutBack"
						},
						"1.3333": {
							"vector": [-34.81991, -42.72758, -29.33632],
							"easing": "linear"
						},
						"1.6": {
							"vector": [2.21368, -0.32161, 2.27083]
						},
						"1.6333": {
							"vector": [0, 0, 0],
							"easing": "easeInOutCubic"
						}
					},
					"position": {
						"0.0": {
							"vector": [0, 0, 0]
						},
						"0.3": {
							"vector": [-8, 20, -15],
							"easing": "easeInOutSine"
						},
						"0.6": {
							"vector": [-6.38, 20.86, -15.49],
							"easing": "easeInOutSine"
						},
						"1.1": {
							"vector": [-5, 12, -17.4],
							"easing": "linear"
						},
						"1.2667": {
							"vector": [-9.1, 25, -17.4],
							"easing": "easeInOutBack"
						},
						"1.3333": {
							"vector": [-9.5, 22.18, -18.16]
						},
						"1.5667": {
							"vector": [0, -2, 0],
							"easing": "linear"
						},
						"1.6": {
							"vector": [0, 0, 0],
							"easing": "easeInOutCubic"
						}
					},
					"scale": {
						"0.0": {
							"vector": [1, 1, 1]
						},
						"0.5": {
							"vector": [1, 1, 1]
						},
						"0.6": {
							"vector": [1, 1.1, 1],
							"easing": "easeInOutBack"
						},
						"0.7": {
							"vector": [1, 1, 1]
						},
						"1.2": {
							"vector": [1, 1, 1]
						},
						"1.2667": {
							"vector": [1, 0.9, 1],
							"easing": "easeInOutBack"
						},
						"1.3333": {
							"vector": [1, 1, 1]
						}
					}
				},
				"leftarm": {
					"rotation": {
						"0.0": {
							"vector": [0, 0, 0]
						},
						"0.4": {
							"vector": [-36.76402, 5.43007, 5.2274]
						},
						"0.5": {
							"vector": [-36.76402, 5.43007, 5.2274]
						},
						"0.7": {
							"vector": [-11.76402, 5.43007, 5.2274]
						},
						"1.1": {
							"vector": [-11.76402, 5.43007, 5.2274]
						},
						"1.2": {
							"vector": [-36.76402, 5.43007, 5.2274]
						},
						"1.3": {
							"vector": [-37.0669, 0.85733, 3.18194]
						},
						"1.6": {
							"vector": [0, 0, 0],
							"easing": "easeInOutBack"
						}
					},
					"position": {
						"0.0": {
							"vector": [0, 0, 0]
						},
						"0.1333": {
							"pre": {
								"vector": [13, -1.56, 21.78]
							},
							"post": {
								"vector": [13, -1.56, 21.78]
							},
							"lerp_mode": "catmullrom"
						},
						"0.3": {
							"post": {
								"vector": [0, -6.5, 49]
							},
							"lerp_mode": "catmullrom"
						},
						"0.5": {
							"vector": [0, -5.5, 49]
						},
						"0.6": {
							"vector": [4, -40.5, 70]
						},
						"1.1": {
							"vector": [4, -35.5, 58]
						},
						"1.2": {
							"vector": [0, -5.5, 49]
						},
						"1.3": {
							"vector": [0, -3.5, 49]
						},
						"1.5": {
							"pre": {
								"vector": [10.06, -6.11, 20.86]
							},
							"post": {
								"vector": [10.06, -6.11, 20.86]
							},
							"lerp_mode": "catmullrom"
						},
						"1.5333": {
							"post": {
								"vector": [0, 0, 0]
							},
							"lerp_mode": "catmullrom"
						}
					}
				},
				"magazine": {
					"rotation": {
						"0.0": {
							"vector": [0, 0, 0]
						},
						"0.5": {
							"vector": [0, 0, 0]
						},
						"0.7": {
							"vector": [19.71975, 3.40487, -9.40804],
							"easing": "easeOutSine"
						},
						"1.1": {
							"vector": [19.71975, 3.40487, -9.40804]
						},
						"1.2": {
							"vector": [0, 0, 0],
							"easing": "easeInSine"
						}
					},
					"position": {
						"0.0": {
							"vector": [0, 0, 0]
						},
						"0.5": {
							"vector": [0, 0, 0]
						},
						"0.6": {
							"vector": [5, -37, 22]
						},
						"1.1": {
							"vector": [5, -32, 10]
						},
						"1.2": {
							"vector": [0, 0, 0]
						}
					}
				},
				"_camera_": {
					"rotation": {
						"0.0": {
							"vector": [0, 0, 0]
						},
						"0.5": {
							"vector": [-0.96449, 1.03429, 2.00002],
							"easing": "easeInOutSine"
						},
						"0.6": {
							"vector": [1.00015, -0.99985, -5.01745],
							"easing": "easeInOutSine"
						},
						"1.1": {
							"vector": [0, 0, 0],
							"easing": "easeInOutSine"
						},
						"1.2": {
							"vector": [-0.99985, 0.01745, 3.49985],
							"easing": "easeInOutSine"
						},
						"1.5": {
							"vector": [0.04, 0, 0],
							"easing": "easeInOutSine"
						},
						"1.6333": {
							"vector": [0.01999, 0.00052, -1.5],
							"easing": "easeInOutSine"
						},
						"1.7": {
							"vector": [0, 0, 0],
							"easing": "easeInOutSine"
						}
					}
				}
			},
			"sound_effects": {
				"0.0": {
					"effect": "halor_dmr_reload"
				}
			}
		},
		"animation.model.fire": {
			"loop": true,
			"animation_length": 0.4333,
			"bones": {
				"main": {
					"rotation": {
						"0.0": {
							"vector": [0, 0, 0]
						},
						"0.0667": {
							"vector": [-4.49924, 0.05234, 1.99924],
							"easing": "easeInOutBack"
						},
						"0.1333": {
							"vector": [-2.04056, 0.0144, 1.04063],
							"easing": "easeInOutSine"
						},
						"0.2": {
							"vector": [-2.08789, -0.0217, 0.04223],
							"easing": "easeInOutSine"
						},
						"0.4167": {
							"vector": [0, 0, 0],
							"easing": "easeInElastic"
						}
					},
					"position": {
						"0.0": {
							"vector": [0, 0, 0]
						},
						"0.0333": {
							"vector": [0, 1, 3],
							"easing": "easeInOutBack"
						},
						"0.3833": {
							"vector": [0, 0, 0],
							"easing": "easeOutBack"
						}
					},
					"scale": {
						"0.0": {
							"vector": [1, 1, 1]
						},
						"0.0333": {
							"vector": [1, 1, 0.95],
							"easing": "easeInOutBack"
						},
						"0.0667": {
							"vector": [1, 1, 1],
							"easing": "easeInOutSine"
						}
					}
				},
				"bolt": {
					"position": {
						"0.0": {
							"vector": [0, 0, 0]
						},
						"0.0333": {
							"vector": [0, 0, 7],
							"easing": "easeInOutBack"
						},
						"0.0667": {
							"vector": [0, 0, 0],
							"easing": "easeInBack"
						}
					}
				},
				"leftarm": {
					"rotation": {
						"0.0": {
							"vector": [0, 0, 0]
						},
						"0.0333": {
							"vector": [-5.28539, -2.82283, -4.13721],
							"easing": "easeInOutBack"
						},
						"0.0667": {
							"vector": [0, 0, 0]
						}
					},
					"position": {
						"0.0": {
							"vector": [0, 0, 0]
						},
						"0.0333": {
							"vector": [0, 0, 1],
							"easing": "easeInOutBack"
						},
						"0.0667": {
							"vector": [0, 0, 0]
						}
					}
				},
				"_camera_": {
					"rotation": {
						"0.0": {
							"vector": [0, 0, 0]
						},
						"0.0667": {
							"vector": [0, 0, -1],
							"easing": "easeInElastic"
						},
						"0.2333": {
							"vector": [0, 0, 0],
							"easing": "easeInOutSine"
						}
					}
				}
			}
		}
	},
	"geckolib_format_version": 2
}