{
	"format_version": "1.8.0",
	"animations": {
		"animation.model.draw": {
			"loop": true,
			"animation_length": 1.0333,
			"bones": {
				"main": {
					"rotation": {
						"0.0": {
							"vector": [67.00992, -11.53486, 4.8493]
						},
						"0.15": {
							"vector": [24.09115, -14.4051, 15.14493],
							"easing": "linear"
						},
						"0.3": {
							"vector": [-24.97911, -1.05627, -2.26603],
							"easing": "easeOutSine"
						},
						"0.4167": {
							"vector": [-25, 0, 0],
							"easing": "easeOutCubic"
						},
						"0.5667": {
							"vector": [-27.74349, 0.37175, 12.60437],
							"easing": "easeInOutBack"
						},
						"0.7": {
							"vector": [-25, 0, 0],
							"easing": "linear"
						},
						"0.8333": {
							"vector": [3.42551, 0.35617, 4.98733]
						},
						"1.0333": {
							"vector": [0, 0, 0],
							"easing": "easeInElastic"
						}
					},
					"position": {
						"0.0": {
							"vector": [0, -50, 30]
						},
						"0.25": {
							"vector": [0, 5, -7],
							"easing": "easeOutSine"
						},
						"0.4": {
							"vector": [0, 2, -6]
						},
						"0.5167": {
							"vector": [0, 1.5, -3],
							"easing": "easeOutCubic"
						},
						"0.65": {
							"vector": [0, 2, -5]
						},
						"0.9833": {
							"vector": [0, 0, 0],
							"easing": "easeInOutBack"
						}
					},
					"scale": {
						"0.0": {
							"vector": [1, 1, 1]
						},
						"0.15": {
							"vector": [1, 1.1, 1],
							"easing": "easeInOutBack"
						},
						"0.3": {
							"vector": [1, 1, 1]
						},
						"0.4": {
							"vector": [1, 1, 1]
						},
						"0.5667": {
							"vector": [1, 1, 0.9],
							"easing": "easeInOutBack"
						},
						"0.7": {
							"vector": [1, 1, 1]
						}
					}
				},
				"leftarm": {
					"rotation": {
						"0.0": {
							"vector": [44.02357, -26.16611, 79.17991]
						},
						"0.4167": {
							"vector": [-48.12237, -9.57696, -2.94763],
							"easing": "easeInOutBack"
						},
						"0.5667": {
							"vector": [-58.12, -9.58, -2.95],
							"easing": "easeInElastic"
						},
						"0.7": {
							"vector": [-48.12237, -9.57696, -2.94763],
							"easing": "easeInElastic"
						},
						"0.8333": {
							"vector": [-11.80357, -15.09243, -18.95515]
						},
						"1.0": {
							"vector": [0, 0, 0],
							"easing": "easeInElastic"
						}
					},
					"position": {
						"0.0": {
							"vector": [34, -23, 37]
						},
						"0.4": {
							"vector": [4.5, 11, 22],
							"easing": "easeInOutBack"
						},
						"0.5667": {
							"vector": [4.5, 12, 27],
							"easing": "easeOutQuad"
						},
						"0.7": {
							"vector": [4.5, 11, 22],
							"easing": "easeOutBack"
						},
						"0.8167": {
							"vector": [5.93, 6.07, 12.15]
						},
						"0.95": {
							"vector": [0, 0, 0],
							"easing": "easeOutSine"
						}
					},
					"scale": {
						"0.4": {
							"vector": [1, 1, 1]
						},
						"0.5667": {
							"vector": [1, 1, 0.95],
							"easing": "easeInOutBack"
						},
						"0.7": {
							"vector": [1, 1, 1]
						}
					}
				},
				"bolt": {
					"position": {
						"0.4167": {
							"vector": [0, 0, 0]
						},
						"0.5667": {
							"vector": [0, 0, 6],
							"easing": "easeOutQuad"
						},
						"0.7": {
							"vector": [0, 0, 0],
							"easing": "easeOutBack"
						}
					}
				},
				"_camera_": {
					"rotation": {
						"0.0": {
							"vector": [0, 0, 0]
						},
						"0.15": {
							"vector": [1, 0, -2.5]
						},
						"0.4167": {
							"vector": [0, 0, 1]
						},
						"0.5667": {
							"vector": [2, 0, -1],
							"easing": "easeInOutBack"
						},
						"0.7": {
							"vector": [0, 0, 1]
						},
						"1.0": {
							"vector": [0, 0, 0],
							"easing": "easeInElastic"
						}
					}
				}
			},
			"sound_effects": {
				"0.0": {
					"effect": "halor_ar_draw"
				}
			}
		},
		"animation.model.inspect": {
			"animation_length": 4,
			"bones": {
				"main": {
					"rotation": {
						"0.0": {
							"vector": [0, 0, 0]
						},
						"0.45": {
							"vector": [-53.2367, -15.18892, -13.16783],
							"easing": "easeInElastic"
						},
						"1.5": {
							"vector": [-52.30081, -19.17098, -16.33367],
							"easing": "easeInOutBack"
						},
						"2.2": {
							"vector": [-44.68568, -2.44657, 69.66102],
							"easing": "easeInElastic"
						},
						"3.3": {
							"vector": [-44.72834, 1.07197, 73.21429],
							"easing": "easeInOutBack"
						},
						"3.6": {
							"vector": [5, 0, 5]
						},
						"3.9": {
							"vector": [0, 0, 0],
							"easing": "easeInElastic"
						}
					},
					"position": {
						"0.0": {
							"vector": [0, 0, 0]
						},
						"0.2": {
							"vector": [0, 8, -10]
						},
						"0.4": {
							"vector": [0, 4, -10],
							"easing": "easeInOutBack"
						},
						"1.5": {
							"vector": [1, 4, -10],
							"easing": "easeInElastic"
						},
						"2.2": {
							"vector": [2, 2, -10],
							"easing": "easeInOutBack"
						},
						"3.25": {
							"vector": [2, 2, -10]
						},
						"3.85": {
							"vector": [0, 0, 0],
							"easing": "easeInOutBack"
						}
					}
				},
				"leftarm": {
					"rotation": {
						"0.0": {
							"vector": [0, 0, 0]
						},
						"0.45": {
							"vector": [129.83902, -22.73771, 26.00255],
							"easing": "easeInElastic"
						},
						"1.5": {
							"vector": [129.84, -22.74, 26]
						},
						"1.95": {
							"vector": [65.94508, -7.58568, 28.12406],
							"easing": "easeInElastic"
						},
						"3.3": {
							"vector": [65.95, -7.59, 28.12]
						},
						"3.65": {
							"vector": [0, 0, 0],
							"easing": "easeInElastic"
						}
					},
					"position": {
						"0.0": {
							"vector": [0, 0, 0]
						},
						"0.2": {
							"vector": [18, -19, 49],
							"easing": "linear"
						},
						"0.4": {
							"vector": [18, -19, 49],
							"easing": "easeInOutBack"
						},
						"1.5": {
							"vector": [18, -19, 49]
						},
						"1.9": {
							"vector": [3, 17, 13],
							"easing": "easeInBack"
						},
						"3.3": {
							"vector": [3, 17, 13]
						},
						"3.45": {
							"vector": [3.5, 8.5, 6.5]
						},
						"3.6": {
							"vector": [0, 0, 0],
							"easing": "easeInOutSine"
						}
					}
				},
				"_camera_": {
					"rotation": {
						"0.0": {
							"vector": [0, 0, 0]
						},
						"0.45": {
							"vector": [-1, 2.5, 0],
							"easing": "easeInElastic"
						},
						"1.5": {
							"vector": [1, 5, 0],
							"easing": "easeInOutBack"
						},
						"1.95": {
							"vector": [3.00015, -0.99985, -0.01745],
							"easing": "easeInOutBack"
						},
						"3.3": {
							"vector": [5.00487, -2.99512, -0.15968],
							"easing": "easeInOutElastic"
						},
						"3.9": {
							"vector": [0, 0, 0],
							"easing": "easeInOutBack"
						}
					}
				}
			},
			"sound_effects": {
				"0.0333": {
					"effect": "halor_ar_sfx"
				},
				"1.5": {
					"effect": "halor_ar_sfx1"
				},
				"2.5": {
					"effect": "halor_ar_sfx2"
				},
				"3.25": {
					"effect": "halor_sfx_1"
				},
				"3.4833": {
					"effect": "halor_ar_sfx3"
				}
			}
		},
		"animation.model.reload": {
			"loop": true,
			"animation_length": 1.9333,
			"bones": {
				"main": {
					"rotation": {
						"0.0": {
							"vector": [0, 0, 0]
						},
						"0.4": {
							"vector": [-46.56729, -40.71207, -25.70016],
							"easing": "easeInOutBack"
						},
						"0.6": {
							"vector": [-71.97762, -28.91845, -20.63186],
							"easing": "easeInOutBack"
						},
						"0.6333": {
							"vector": [-71.05351, -27.28802, -19.91326]
						},
						"0.6667": {
							"vector": [-68.60133, -32.86014, -22.26266]
						},
						"0.7333": {
							"vector": [-67.88261, -31.08926, -21.25827]
						},
						"1.2": {
							"vector": [-51.43797, -39.88365, -23.85907],
							"easing": "linear"
						},
						"1.3": {
							"vector": [-40.5123, -49.6851, -34.9437],
							"easing": "easeInOutBack"
						},
						"1.5": {
							"vector": [-53.80237, -35.90873, -20.01292],
							"easing": "easeInOutBack"
						},
						"1.6": {
							"vector": [-30.31991, -42.72758, -29.33632],
							"easing": "easeInOutBack"
						},
						"1.6333": {
							"vector": [-34.81991, -42.72758, -29.33632],
							"easing": "linear"
						},
						"1.8667": {
							"vector": [2.21368, -0.32161, 2.27083]
						},
						"1.9": {
							"vector": [0, 0, 0],
							"easing": "easeInOutCubic"
						}
					},
					"position": {
						"0.0": {
							"vector": [0, 0, 0]
						},
						"0.3": {
							"vector": [-8, 18, -15],
							"easing": "easeInOutSine"
						},
						"0.6": {
							"vector": [-6.38, 18.86, -15.49],
							"easing": "easeInOutSine"
						},
						"0.8": {
							"vector": [-8, 18, -15],
							"easing": "easeInOutSine"
						},
						"0.9": {
							"vector": [-8.42, 17.94, -15.07],
							"easing": "easeInOutSine"
						},
						"1.1833": {
							"vector": [-9, 20, -15.4],
							"easing": "easeInOutBack"
						},
						"1.2833": {
							"vector": [-8.67, 18.33, -16.07]
						},
						"1.4": {
							"vector": [-5, 12, -17.4],
							"easing": "linear"
						},
						"1.5667": {
							"vector": [-9.1, 25, -17.4],
							"easing": "easeInOutBack"
						},
						"1.6333": {
							"vector": [-9.5, 22.18, -18.16]
						},
						"1.8333": {
							"vector": [0, -2, 0],
							"easing": "linear"
						},
						"1.8667": {
							"vector": [0, 0, 0],
							"easing": "easeInOutCubic"
						}
					},
					"scale": {
						"0.0": {
							"vector": [1, 1, 1]
						},
						"0.5": {
							"vector": [1, 1, 1]
						},
						"0.6": {
							"vector": [1, 1.1, 1],
							"easing": "easeInOutBack"
						},
						"0.7": {
							"vector": [1, 1, 1]
						},
						"1.5": {
							"vector": [1, 1, 1]
						},
						"1.5667": {
							"vector": [1, 0.9, 1],
							"easing": "easeInOutBack"
						},
						"1.6333": {
							"vector": [1, 1, 1]
						}
					}
				},
				"leftarm": {
					"rotation": {
						"0.0": {
							"vector": [0, 0, 0]
						},
						"0.4": {
							"vector": [-36.76402, 5.43007, 5.2274]
						},
						"0.5": {
							"vector": [-11.76402, 5.43007, 5.2274]
						},
						"0.6333": {
							"vector": [-11.76402, 5.43007, 5.2274]
						},
						"1.1": {
							"vector": [-11.76402, 5.43007, 5.2274]
						},
						"1.2": {
							"vector": [54.30624, 58.4306, 118.01812]
						},
						"1.3333": {
							"vector": [54.12954, 33.71796, 117.77471]
						},
						"1.4": {
							"vector": [75.14284, 49.53834, 142.07573]
						},
						"1.6": {
							"vector": [69.39188, 43.29106, 124.50262],
							"easing": "easeInOutBack"
						},
						"1.7667": {
							"vector": [15.30325, 25.61323, 33.25073]
						},
						"1.9": {
							"vector": [0, 0, 0]
						}
					},
					"position": {
						"0.0": {
							"vector": [0, 0, 0]
						},
						"0.1333": {
							"vector": [13, -1.56, 21.78],
							"easing": "linear"
						},
						"0.3": {
							"vector": [0, -3.5, 49],
							"easing": "linear"
						},
						"0.5": {
							"vector": [-1, -3.5, 47]
						},
						"0.6": {
							"vector": [4, -24.5, 85.6],
							"easing": "linear"
						},
						"1.0667": {
							"vector": [4, -35.5, 58]
						},
						"1.2": {
							"vector": [1, -4.5, 46]
						},
						"1.3": {
							"vector": [0, -28.5, 49]
						},
						"1.4": {
							"vector": [0, -15.5, 49]
						},
						"1.6": {
							"vector": [0, -4.5, 46],
							"easing": "easeInOutBack"
						},
						"1.7333": {
							"vector": [7, -13.5, 38]
						},
						"1.8667": {
							"vector": [0, 0, 0]
						}
					}
				},
				"magazine": {
					"rotation": {
						"0.0": {
							"vector": [0, 0, 0]
						},
						"0.5": {
							"vector": [0, 0, 0]
						},
						"0.6": {
							"vector": [52.21975, 3.40487, -9.40804],
							"easing": "easeOutSine"
						},
						"1.1": {
							"vector": [19.71975, 3.40487, -9.40804]
						},
						"1.2": {
							"vector": [0, 0, 0],
							"easing": "easeInSine"
						}
					},
					"position": {
						"0.0": {
							"vector": [0, 0, 0]
						},
						"0.5": {
							"vector": [0, 0, 0]
						},
						"0.6": {
							"vector": [5, -21, 41.6],
							"easing": "linear"
						},
						"1.0667": {
							"vector": [5, -31, 13]
						},
						"1.2": {
							"vector": [0, -3, 0]
						},
						"1.4": {
							"vector": [0, -5, 0]
						},
						"1.6": {
							"vector": [0, 0, 0],
							"easing": "easeInOutBack"
						}
					}
				},
				"rightarm": {
					"rotation": {
						"0.4": {
							"vector": [0, 0, 0]
						},
						"0.7": {
							"vector": [20, 0, 0]
						},
						"1.4": {
							"vector": [20, 0, 0]
						},
						"1.8667": {
							"vector": [0, 0, 0]
						}
					},
					"position": {
						"0.0": {
							"post": {
								"vector": [0, 0, 0]
							},
							"lerp_mode": "catmullrom"
						},
						"0.1": {
							"post": {
								"vector": [-2, 0, 0]
							},
							"lerp_mode": "catmullrom"
						},
						"0.4": {
							"post": {
								"vector": [-2.24, 0, 0]
							},
							"lerp_mode": "catmullrom"
						},
						"0.7": {
							"post": {
								"vector": [-2.22, 0, 0]
							},
							"lerp_mode": "catmullrom"
						},
						"1.8": {
							"post": {
								"vector": [-2, 0, 0]
							},
							"lerp_mode": "catmullrom"
						},
						"1.8667": {
							"post": {
								"vector": [0, 0, 0]
							},
							"lerp_mode": "catmullrom"
						}
					}
				},
				"_camera_": {
					"rotation": {
						"0.0": {
							"vector": [0, 0, 0]
						},
						"0.5": {
							"vector": [-0.96449, 1.03429, 2.00002],
							"easing": "easeInOutSine"
						},
						"0.6": {
							"vector": [0.92797, -1.06718, -1.01737],
							"easing": "easeInOutSine"
						},
						"1.1": {
							"vector": [0, 0, 0],
							"easing": "easeInOutSine"
						},
						"1.2": {
							"vector": [-1, 0, 2.5],
							"easing": "easeInOutSine"
						},
						"1.4": {
							"vector": [0, 0, 0],
							"easing": "easeInOutSine"
						},
						"1.5": {
							"vector": [-1, 0, 2.5],
							"easing": "easeInOutSine"
						},
						"1.7333": {
							"vector": [0.04, 0, 0],
							"easing": "easeInOutSine"
						},
						"1.8": {
							"vector": [0.01999, 0.00052, -1.5],
							"easing": "easeInOutSine"
						},
						"1.8667": {
							"vector": [0, 0, 0],
							"easing": "easeInOutSine"
						}
					}
				}
			},
			"sound_effects": {
				"0.0": {
					"effect": "halor_ar_sfx1"
				},
				"0.5": {
					"effect": "halor_ar_magout"
				},
				"1.0": {
					"effect": "halor_ar_magpunch"
				},
				"1.6": {
					"effect": "halor_ar_sfx"
				}
			}
		},
		"animation.model.reloadempty": {
			"loop": true,
			"animation_length": 2.4667,
			"bones": {
				"main": {
					"rotation": {
						"0.0": {
							"vector": [0, 0, 0]
						},
						"0.4": {
							"vector": [-46.56729, -40.71207, -25.70016],
							"easing": "easeInOutBack"
						},
						"0.6": {
							"vector": [-71.01252, -33.6604, -22.48838],
							"easing": "easeOutBack"
						},
						"1.1": {
							"vector": [-51.43797, -39.88365, -23.85907],
							"easing": "linear"
						},
						"1.2": {
							"vector": [-33.93797, -39.88365, -23.85907],
							"easing": "easeInOutBack"
						},
						"1.4": {
							"vector": [-42.43797, -39.88365, -23.85907],
							"easing": "easeInOutCubic"
						},
						"1.6667": {
							"vector": [-30.79338, -8.57192, 8.43488],
							"easing": "easeOutCubic"
						},
						"1.9": {
							"vector": [-32.18105, -8.91179, 17.54645],
							"easing": "easeInOutCubic"
						},
						"2.0667": {
							"vector": [-28.80958, -7.28878, 10.59564],
							"easing": "easeOutSine"
						},
						"2.4333": {
							"vector": [0, 0, 0],
							"easing": "easeInOutBack"
						}
					},
					"position": {
						"0.0": {
							"vector": [0, 0, 0]
						},
						"0.3": {
							"vector": [-8, 18, -15],
							"easing": "easeInOutSine"
						},
						"0.6": {
							"vector": [-6.38, 18.86, -15.49],
							"easing": "easeInOutSine"
						},
						"0.8": {
							"vector": [-8, 18, -15],
							"easing": "easeInOutSine"
						},
						"0.9": {
							"vector": [-8.42, 17.94, -15.07],
							"easing": "easeInOutSine"
						},
						"1.1": {
							"vector": [-8, 18, -17.4],
							"easing": "easeInOutSine"
						},
						"1.2": {
							"vector": [-8, 18, -17.4],
							"easing": "easeInOutSine"
						},
						"1.3": {
							"vector": [-8, 21, -17.4],
							"easing": "easeInOutSine"
						},
						"1.6": {
							"vector": [-8, 5, -10.4],
							"easing": "easeInOutSine"
						},
						"1.8": {
							"vector": [-8, 2, -9],
							"easing": "easeInOutSine"
						},
						"2.0": {
							"vector": [-8, 5, -10.4],
							"easing": "easeInOutSine"
						},
						"2.3667": {
							"vector": [0, 0, 0],
							"easing": "easeInOutBack"
						}
					},
					"scale": {
						"0.0": {
							"vector": [1, 1, 1]
						},
						"0.5": {
							"vector": [1, 1, 1]
						},
						"0.6": {
							"vector": [1, 1.1, 1],
							"easing": "easeInOutBack"
						},
						"0.7": {
							"vector": [1, 1, 1]
						},
						"1.1": {
							"vector": [1, 1, 1]
						},
						"1.2": {
							"vector": [1, 0.9, 1],
							"easing": "easeInOutBack"
						},
						"1.3": {
							"vector": [1, 1, 1]
						},
						"1.6667": {
							"vector": [1, 1, 1]
						},
						"1.8": {
							"vector": [1, 1, 0.9],
							"easing": "easeInOutBack"
						},
						"1.9": {
							"vector": [1, 1, 1],
							"easing": "easeInOutBack"
						}
					}
				},
				"bullet": {
					"position": {
						"0.0": {
							"vector": [0, -1, 0]
						},
						"1.0667": {
							"vector": [0, -1, 0]
						},
						"1.1": {
							"vector": [0, 0, 0]
						}
					}
				},
				"leftarm": {
					"rotation": {
						"0.0": {
							"vector": [0, 0, 0]
						},
						"0.4": {
							"vector": [-36.76402, 5.43007, 5.2274]
						},
						"0.5": {
							"vector": [-4.84546, 7.53925, 3.76466]
						},
						"0.7": {
							"vector": [-11.76402, 5.43007, 5.2274]
						},
						"1.1": {
							"vector": [-11.76402, 5.43007, 5.2274]
						},
						"1.2": {
							"vector": [-36.76402, 5.43007, 5.2274]
						},
						"1.3": {
							"vector": [-37.0669, 0.85733, 3.18194]
						},
						"1.6667": {
							"vector": [-23.82767, 5.72637, -8.46762],
							"easing": "easeInOutBack"
						},
						"1.8": {
							"vector": [-51.74731, -3.56501, -12.19271],
							"easing": "easeInBack"
						},
						"1.9667": {
							"vector": [-63.3774, 10.35667, -6.52726],
							"easing": "easeInOutBack"
						},
						"2.1333": {
							"vector": [-78.3774, 10.35667, -6.52726],
							"easing": "easeInOutSine"
						},
						"2.3667": {
							"vector": [0, 0, 0],
							"easing": "easeInOutSine"
						}
					},
					"position": {
						"0.0": {
							"vector": [0, 0, 0]
						},
						"0.1333": {
							"pre": {
								"vector": [13, -1.56, 21.78]
							},
							"post": {
								"vector": [13, -1.56, 21.78]
							},
							"lerp_mode": "catmullrom"
						},
						"0.3": {
							"post": {
								"vector": [0, -3.5, 46]
							},
							"lerp_mode": "catmullrom"
						},
						"0.5": {
							"vector": [0, -3.5, 46]
						},
						"0.6": {
							"vector": [4, -25.5, 86]
						},
						"1.1": {
							"vector": [4, -35.5, 68]
						},
						"1.2": {
							"vector": [0, -3.5, 49]
						},
						"1.3": {
							"vector": [0, -3.5, 49]
						},
						"1.6667": {
							"vector": [3, 12.5, 23],
							"easing": "easeInOutBack"
						},
						"1.8": {
							"vector": [3, 14.5, 31],
							"easing": "easeInBack"
						},
						"1.9": {
							"vector": [5, 12.5, 38],
							"easing": "easeInOutBack"
						},
						"2.0": {
							"pre": {
								"vector": [3, 12.5, 36]
							},
							"post": {
								"vector": [3, 12.5, 36]
							},
							"lerp_mode": "catmullrom"
						},
						"2.2333": {
							"post": {
								"vector": [13, 7.5, 23]
							},
							"lerp_mode": "catmullrom"
						},
						"2.3": {
							"vector": [0, 0, 0],
							"easing": "easeInOutSine"
						}
					}
				},
				"magazine": {
					"rotation": {
						"0.0": {
							"vector": [0, 0, 0]
						},
						"0.5": {
							"vector": [0, 0, 0]
						},
						"0.6": {
							"vector": [62.21975, 3.40487, -9.40804],
							"easing": "easeOutSine"
						},
						"1.1": {
							"vector": [19.71975, 3.40487, -9.40804]
						},
						"1.2": {
							"vector": [0, 0, 0],
							"easing": "easeInSine"
						}
					},
					"position": {
						"0.0": {
							"vector": [0, 0, 0]
						},
						"0.5": {
							"vector": [0, 0, 0]
						},
						"0.6": {
							"vector": [5, -22, 38]
						},
						"1.1": {
							"vector": [5, -32, 20]
						},
						"1.2": {
							"vector": [0, 0, 0]
						}
					}
				},
				"bolt": {
					"position": {
						"0.0": {
							"vector": [0, 0, 0]
						},
						"1.6667": {
							"vector": [0, 0, 0]
						},
						"1.8": {
							"vector": [0, 0, 5],
							"easing": "easeInBack"
						},
						"1.9": {
							"vector": [0, 0, 0],
							"easing": "easeInOutBack"
						}
					}
				},
				"rightarm": {
					"rotation": {
						"0.4": {
							"vector": [0, 0, 0]
						},
						"0.7": {
							"vector": [20, 0, 0]
						},
						"1.4": {
							"vector": [20, 0, 0]
						},
						"2.3667": {
							"vector": [0, 0, 0]
						}
					},
					"position": {
						"0.0": {
							"post": {
								"vector": [0, 0, 0]
							},
							"lerp_mode": "catmullrom"
						},
						"0.1": {
							"post": {
								"vector": [-2, 0, 0]
							},
							"lerp_mode": "catmullrom"
						},
						"0.4": {
							"post": {
								"vector": [-2.24, 0, 0]
							},
							"lerp_mode": "catmullrom"
						},
						"0.7": {
							"post": {
								"vector": [-2.22, 0, 0]
							},
							"lerp_mode": "catmullrom"
						},
						"2.3": {
							"post": {
								"vector": [-2, 0, 0]
							},
							"lerp_mode": "catmullrom"
						},
						"2.3667": {
							"post": {
								"vector": [0, 0, 0]
							},
							"lerp_mode": "catmullrom"
						}
					}
				},
				"_camera_": {
					"rotation": {
						"0.0": {
							"vector": [0, 0, 0]
						},
						"0.5": {
							"vector": [-0.96449, 1.03429, 2.00002],
							"easing": "easeInOutSine"
						},
						"0.6": {
							"vector": [0.92797, -1.06718, -1.01737],
							"easing": "easeInOutSine"
						},
						"1.1": {
							"vector": [0, 0, 0],
							"easing": "easeInOutSine"
						},
						"1.2": {
							"vector": [-1, 0, 2.5],
							"easing": "easeInOutSine"
						},
						"1.6667": {
							"vector": [0, 0, 0],
							"easing": "easeInOutSine"
						},
						"1.8": {
							"vector": [0.99939, 0.0349, -1.9997],
							"easing": "easeInOutSine"
						},
						"1.9": {
							"vector": [-0.99985, 0.01745, 0.99985],
							"easing": "easeInOutSine"
						},
						"2.3": {
							"vector": [0.04, 0, 0],
							"easing": "easeInOutSine"
						},
						"2.3667": {
							"vector": [0.01999, 0.00052, -1.5],
							"easing": "easeInOutSine"
						},
						"2.4333": {
							"vector": [0, 0, 0],
							"easing": "easeInOutSine"
						}
					}
				}
			},
			"sound_effects": {
				"0.0": {
					"effect": "halor_ar_sfx"
				},
				"0.4": {
					"effect": "halor_ar_magout"
				},
				"0.9667": {
					"effect": "halor_ar_magin"
				},
				"1.6": {
					"effect": "halor_ar_boltpulled"
				},
				"2.2": {
					"effect": "halor_ar_sfx3"
				}
			}
		},
		"animation.model.fire": {
			"loop": true,
			"animation_length": 0.2333,
			"bones": {
				"main": {
					"rotation": {
						"0.0": {
							"vector": [0, 0, 0]
						},
						"0.0333": {
							"vector": [0, 0, -1],
							"easing": "easeInOutSine"
						},
						"0.0667": {
							"vector": [0, 0, 1],
							"easing": "easeInOutSine"
						},
						"0.2333": {
							"vector": [0, 0, 0],
							"easing": "easeInOutSine"
						}
					},
					"position": {
						"0.0": {
							"vector": [0, 0, 0]
						},
						"0.0333": {
							"vector": [0, 0, 1.5],
							"easing": "easeInOutSine"
						},
						"0.1333": {
							"vector": [0, 0, 0],
							"easing": "easeInOutSine"
						}
					},
					"scale": {
						"0.0": {
							"vector": [1, 1, 1]
						},
						"0.0333": {
							"vector": [1, 1, 0.95],
							"easing": "easeInOutElastic"
						},
						"0.0667": {
							"vector": [1, 1, 1],
							"easing": "easeInOutBack"
						}
					}
				},
				"bolt": {
					"position": {
						"0.0": {
							"vector": [0, 0, 0]
						},
						"0.0333": {
							"vector": [0, 0, 5],
							"easing": "easeInOutBack"
						},
						"0.0667": {
							"vector": [0, 0, 0],
							"easing": "easeInBack"
						}
					}
				},
				"leftarm": {
					"rotation": {
						"0.0": {
							"vector": [0, 0, 0]
						},
						"0.0333": {
							"vector": [-5.28539, -2.82283, -4.13721],
							"easing": "easeInOutBack"
						},
						"0.0667": {
							"vector": [0, 0, 0]
						}
					},
					"position": {
						"0.0": {
							"vector": [0, 0, 0]
						},
						"0.0333": {
							"vector": [0, 0, 1],
							"easing": "easeInOutBack"
						},
						"0.0667": {
							"vector": [0, 0, 0]
						}
					}
				},
				"_camera_": {
					"rotation": {
						"0.0": {
							"vector": [0, 0, 0]
						},
						"0.0667": {
							"vector": [0, 0, -1],
							"easing": "easeInOutBack"
						},
						"0.2333": {
							"vector": [0, 0, 0],
							"easing": "easeInOutSine"
						}
					}
				}
			}
		}
	},
	"geckolib_format_version": 2
}