{
	"format_version": "1.8.0",
	"animations": {
		"animation.model.draw": {
			"loop": true,
			"animation_length": 1.3667,
			"bones": {
				"main": {
					"rotation": {
						"0.0": {
							"vector": [43.92, 38.14, -54.59]
						},
						"0.55": {
							"vector": [33.17407, -11.11049, -1.13317],
							"easing": "easeInOutBack"
						},
						"0.75": {
							"vector": [30.23359, -13.95535, 5.74541],
							"easing": "easeInSine"
						},
						"1.1": {
							"vector": [-5.49, -0.19698, -2.49909],
							"easing": "linear"
						},
						"1.2": {
							"vector": [-1.36544, -4.39781, 4.60402]
						},
						"1.35": {
							"vector": [0, 0, 0],
							"easing": "easeInElastic"
						}
					},
					"position": {
						"0.0": {
							"vector": [0, -20, 35]
						},
						"0.45": {
							"vector": [0, -6, -5],
							"easing": "easeInOutSine"
						},
						"0.7167": {
							"vector": [2, -9, -5]
						},
						"1.05": {
							"vector": [0, 3, -3],
							"easing": "easeInElastic"
						},
						"1.3": {
							"vector": [0, 0, 0],
							"easing": "easeInOutBack"
						}
					},
					"scale": {
						"0.0": {
							"vector": [1, 1, 1]
						},
						"0.25": {
							"vector": [1, 0.95, 1]
						},
						"0.55": {
							"vector": [1, 1.05, 1]
						},
						"0.65": {
							"vector": [1, 1, 1]
						},
						"0.75": {
							"vector": [1, 1, 1]
						},
						"0.8": {
							"vector": [1, 0.98, 1]
						},
						"0.9": {
							"vector": [1, 1.02, 1]
						},
						"1.05": {
							"vector": [1, 1, 1]
						},
						"1.2": {
							"vector": [1, 0.98, 1]
						},
						"1.3": {
							"vector": [1, 1, 1]
						}
					}
				},
				"leftarm": {
					"rotation": {
						"0.0": {
							"vector": [53.03424, -1.88523, 55.08705]
						},
						"1.0": {
							"vector": [22.50808, 4.99794, -2.64392]
						},
						"1.2": {
							"vector": [0, 0, 0],
							"easing": "easeOutBack"
						}
					},
					"position": {
						"0.0": {
							"vector": [-4, -29, 27]
						},
						"0.95": {
							"vector": [27, -17, 31]
						},
						"1.15": {
							"vector": [0, 0, 0],
							"easing": "easeInOutCubic"
						}
					}
				},
				"handle": {
					"rotation": {
						"0.9333": {
							"vector": [0, 0, 45]
						},
						"1.2": {
							"vector": [0, 0, 0],
							"easing": "easeOutBack"
						}
					}
				},
				"magazine": {
					"rotation": {
						"0.3": {
							"vector": [0, 0, -180]
						},
						"0.75": {
							"vector": [0, 0, 0],
							"easing": "easeInOutBack"
						}
					}
				},
				"_camera_": {
					"rotation": {
						"0.0": {
							"vector": [0, 0, 0]
						},
						"0.15": {
							"vector": [0, 0, -5],
							"easing": "easeInOutSine"
						},
						"0.35": {
							"vector": [0, 0, 5],
							"easing": "easeInOutCubic"
						},
						"0.85": {
							"vector": [0, 0, 0],
							"easing": "easeInOutElastic"
						},
						"1.2": {
							"vector": [-1.9997, 0.0349, 0.99939],
							"easing": "easeInCubic"
						},
						"1.35": {
							"vector": [0, 0, 0],
							"easing": "easeInOutBack"
						}
					}
				}
			},
			"sound_effects": {
				"0.0667": {
					"effect": "halor_rl_draw"
				}
			}
		},
		"animation.model.reload": {
			"loop": true,
			"animation_length": 3.8,
			"blend_weight": 1,
			"bones": {
				"main": {
					"rotation": {
						"0.0": {
							"vector": [0, 0, 0]
						},
						"0.4": {
							"vector": [25.13087, -12.9214, 10.2721],
							"easing": "easeInSine"
						},
						"0.6": {
							"vector": [24.89044, -5.24686, 5.5863],
							"easing": "easeInBack"
						},
						"0.9": {
							"vector": [19.89, -5.25, 5.59]
						},
						"1.1": {
							"vector": [20.6489, -6.99854, -4.16496],
							"easing": "easeInCirc"
						},
						"1.8": {
							"pre": {
								"vector": [20.43364, -21.88743, 7.47125]
							},
							"post": {
								"vector": [20.43364, -21.88743, 7.47125]
							},
							"lerp_mode": "catmullrom"
						},
						"2.2333": {
							"post": {
								"vector": [12.32, -17.19, 9.3]
							},
							"lerp_mode": "catmullrom"
						},
						"2.3333": {
							"post": {
								"vector": [1.55795, -18.77704, 27.41806]
							},
							"lerp_mode": "catmullrom"
						},
						"2.6": {
							"post": {
								"vector": [3.02239, -22.81654, 29.91698]
							},
							"lerp_mode": "catmullrom"
						},
						"2.7": {
							"post": {
								"vector": [2.72008, -20.87138, 38.1681]
							},
							"lerp_mode": "catmullrom"
						},
						"2.9": {
							"post": {
								"vector": [9.93742, -18.63991, 17.03431]
							},
							"lerp_mode": "catmullrom"
						},
						"3.6": {
							"vector": [0, 0, 0],
							"easing": "easeInElastic"
						}
					},
					"position": {
						"0.0": {
							"vector": [0, 0, 0]
						},
						"0.3": {
							"vector": [0, -9, -10],
							"easing": "easeInOutSine"
						},
						"0.7": {
							"vector": [0, -8, -11],
							"easing": "easeInOutCubic"
						},
						"0.9": {
							"vector": [0, -9, -10]
						},
						"1.1": {
							"vector": [-2, -8, -10],
							"easing": "easeInCirc"
						},
						"1.8": {
							"vector": [11, -9, -10],
							"easing": "easeInOutCubic"
						},
						"2.2333": {
							"pre": {
								"vector": [11, -10, -10]
							},
							"post": {
								"vector": [11, -10, -10]
							},
							"lerp_mode": "catmullrom"
						},
						"2.3333": {
							"post": {
								"vector": [10.73, -12, -10]
							},
							"lerp_mode": "catmullrom"
						},
						"2.6": {
							"post": {
								"vector": [10, -10, -10]
							},
							"lerp_mode": "catmullrom"
						},
						"2.7": {
							"vector": [8.5, -7.5, -10.5],
							"easing": "easeOutSine"
						},
						"2.9": {
							"vector": [8.5, -7.5, -10.5]
						},
						"3.5": {
							"vector": [0, 0, 0],
							"easing": "easeInOutBack"
						}
					},
					"scale": {
						"0.0": {
							"vector": [1, 1, 1]
						},
						"0.4": {
							"vector": [1, 1, 1]
						},
						"0.6": {
							"vector": [0.9, 1, 1],
							"easing": "easeInBack"
						},
						"0.9": {
							"vector": [1, 1, 1]
						},
						"1.1": {
							"vector": [0.9, 1, 1],
							"easing": "easeInCirc"
						},
						"1.3": {
							"vector": [1, 1, 1]
						},
						"2.0333": {
							"vector": [1, 1, 1]
						},
						"2.3333": {
							"vector": [1, 0.9, 1],
							"easing": "easeInOutBack"
						},
						"2.6": {
							"vector": [1, 1, 1]
						}
					}
				},
				"leftarm": {
					"rotation": {
						"0.0": {
							"vector": [0, 0, 0]
						},
						"0.4": {
							"vector": [-47.09173, -17.72894, 22.805]
						},
						"0.6": {
							"vector": [-52.40523, -5.42349, 17.67602],
							"easing": "easeInCirc"
						},
						"0.9": {
							"vector": [-41.46211, -7.06646, 25.15988]
						},
						"1.1": {
							"vector": [-63.20937, -2.94879, 7.83937],
							"easing": "easeInCirc"
						},
						"1.5": {
							"vector": [59.76211, -18.25593, 50.17083],
							"easing": "easeInCubic"
						},
						"1.8": {
							"vector": [-33.13584, 27.25765, 20.96854],
							"easing": "linear"
						},
						"2.1333": {
							"pre": {
								"vector": [-55.63584, 27.25765, 20.96854]
							},
							"post": {
								"vector": [-55.63584, 27.25765, 20.96854]
							},
							"lerp_mode": "catmullrom"
						},
						"2.3333": {
							"post": {
								"vector": [-59.18711, 11.02204, 10.80018]
							},
							"lerp_mode": "catmullrom"
						},
						"2.6": {
							"vector": [-61.72398, 13.16466, -11.74025]
						},
						"2.7": {
							"vector": [-62.67076, 8.08202, 33.1553],
							"easing": "easeOutCirc"
						},
						"2.8": {
							"vector": [-62.67076, 8.08202, 33.1553],
							"easing": "linear"
						},
						"3.3": {
							"vector": [0, 0, 0],
							"easing": "easeInOutBack"
						}
					},
					"position": {
						"0.0": {
							"vector": [0, 0, 0]
						},
						"0.4": {
							"vector": [17, -6, 14]
						},
						"0.6": {
							"vector": [6, 13, 18],
							"easing": "easeInCirc"
						},
						"0.9": {
							"vector": [13, -2, 23]
						},
						"1.1": {
							"vector": [8, 9, 19],
							"easing": "easeInCirc"
						},
						"1.4": {
							"vector": [13, -22, 25],
							"easing": "easeInCubic"
						},
						"1.8": {
							"vector": [33, -28, 25]
						},
						"2.0333": {
							"pre": {
								"vector": [26, 22, 19]
							},
							"post": {
								"vector": [26, 22, 19]
							},
							"lerp_mode": "catmullrom"
						},
						"2.2333": {
							"post": {
								"vector": [9, 13, 16]
							},
							"lerp_mode": "catmullrom"
						},
						"2.3333": {
							"vector": [9, 13, 16],
							"easing": "linear"
						},
						"2.6": {
							"vector": [1, 26, 19],
							"easing": "easeOutCubic"
						},
						"2.7": {
							"vector": [5, 10, 19],
							"easing": "easeOutCirc"
						},
						"2.8": {
							"pre": {
								"vector": [5, 10, 19]
							},
							"post": {
								"vector": [5, 10, 19]
							},
							"lerp_mode": "catmullrom"
						},
						"3.0": {
							"post": {
								"vector": [11.44, 5.38, 8.63]
							},
							"lerp_mode": "catmullrom"
						},
						"3.2": {
							"post": {
								"vector": [0, 0, 0]
							},
							"lerp_mode": "catmullrom"
						}
					},
					"scale": {
						"2.2333": {
							"vector": [1, 1, 1]
						},
						"2.6": {
							"vector": [1, 1.3, 1]
						},
						"2.7": {
							"vector": [1, 1, 1],
							"easing": "easeOutCirc"
						}
					}
				},
				"top": {
					"rotation": {
						"0.5667": {
							"vector": [0, 0, 0]
						},
						"0.8": {
							"vector": [0, 0, -90],
							"easing": "easeOutBack"
						},
						"2.6": {
							"vector": [0, 0, -90]
						},
						"2.7": {
							"vector": [0, 0, 0],
							"easing": "easeOutCirc"
						}
					}
				},
				"magazine": {
					"rotation": {
						"1.0667": {
							"vector": [0, 0, 0]
						},
						"1.4": {
							"vector": [2.06754, -22.40972, -110.40961],
							"easing": "linear"
						},
						"1.6": {
							"vector": [-72.93, -22.41, -110.41]
						},
						"1.7667": {
							"vector": [50, 0, 0],
							"easing": "step"
						},
						"2.1333": {
							"pre": {
								"vector": [27.58957, -4.43385, -2.31336]
							},
							"post": {
								"vector": [27.58957, -4.43385, -2.31336]
							},
							"lerp_mode": "catmullrom"
						},
						"2.3333": {
							"post": {
								"vector": [0, 0, 0]
							},
							"lerp_mode": "catmullrom"
						}
					},
					"position": {
						"1.0667": {
							"vector": [0, 0, 0]
						},
						"1.3": {
							"pre": {
								"vector": [-17, 26, 0]
							},
							"post": {
								"vector": [-17, 26, 0]
							},
							"lerp_mode": "catmullrom"
						},
						"1.5": {
							"post": {
								"vector": [-51, -17, 4]
							},
							"lerp_mode": "catmullrom"
						},
						"1.6": {
							"post": {
								"vector": [-29, -44, 8]
							},
							"lerp_mode": "catmullrom"
						},
						"1.7667": {
							"vector": [27, -47, 0],
							"easing": "step"
						},
						"2.0333": {
							"pre": {
								"vector": [19, 4, 0]
							},
							"post": {
								"vector": [19, 4, 0]
							},
							"lerp_mode": "catmullrom"
						},
						"2.2333": {
							"post": {
								"vector": [0, 0, 0]
							},
							"lerp_mode": "catmullrom"
						}
					},
					"scale": {
						"1.5": {
							"vector": [1, 1, 1]
						},
						"1.7667": {
							"vector": [0, 0, 0],
							"easing": "easeOutSine"
						},
						"1.8": {
							"vector": [1, 1, 1],
							"easing": "step"
						}
					}
				},
				"_camera_": {
					"rotation": {
						"0.0": {
							"vector": [0, 0, 0]
						},
						"0.4": {
							"vector": [0, 0, 0]
						},
						"0.6": {
							"vector": [0, 0, 2.5],
							"easing": "easeOutBack"
						},
						"0.8": {
							"vector": [0, 0, 0],
							"easing": "easeInOutSine"
						},
						"0.9": {
							"vector": [0, 0, 0]
						},
						"1.1": {
							"vector": [0, 0, 2.5],
							"easing": "easeOutBack"
						},
						"1.3": {
							"vector": [0, 0, 0],
							"easing": "easeInOutSine"
						},
						"1.6": {
							"vector": [0, 0, -5],
							"easing": "easeInOutBack"
						},
						"2.0333": {
							"vector": [0, 0, 5],
							"easing": "easeInOutSine"
						},
						"2.3333": {
							"vector": [0, 0, -5],
							"easing": "easeOutBack"
						},
						"2.6": {
							"vector": [0, 0, 0],
							"easing": "easeInOutSine"
						},
						"2.7": {
							"vector": [0, 0, -5],
							"easing": "easeInBack"
						},
						"3.3": {
							"vector": [0, 0, 0],
							"easing": "easeInOutBack"
						}
					}
				}
			},
			"sound_effects": {
				"0.0": {
					"effect": "halor_rl_reload"
				}
			}
		},
		"animation.model.reloadempty": {
			"loop": true,
			"animation_length": 3.8,
			"blend_weight": 1,
			"bones": {
				"main": {
					"rotation": {
						"0.0": {
							"vector": [0, 0, 0]
						},
						"0.4": {
							"vector": [25.13087, -12.9214, 10.2721],
							"easing": "easeInSine"
						},
						"0.6": {
							"vector": [24.89044, -5.24686, 5.5863],
							"easing": "easeInBack"
						},
						"0.9": {
							"vector": [19.89, -5.25, 5.59]
						},
						"1.1": {
							"vector": [20.6489, -6.99854, -4.16496],
							"easing": "easeInCirc"
						},
						"1.8": {
							"pre": {
								"vector": [20.43364, -21.88743, 7.47125]
							},
							"post": {
								"vector": [20.43364, -21.88743, 7.47125]
							},
							"lerp_mode": "catmullrom"
						},
						"2.2333": {
							"post": {
								"vector": [12.32, -17.19, 9.3]
							},
							"lerp_mode": "catmullrom"
						},
						"2.3333": {
							"post": {
								"vector": [1.55795, -18.77704, 27.41806]
							},
							"lerp_mode": "catmullrom"
						},
						"2.6": {
							"post": {
								"vector": [3.02239, -22.81654, 29.91698]
							},
							"lerp_mode": "catmullrom"
						},
						"2.7": {
							"post": {
								"vector": [2.72008, -20.87138, 38.1681]
							},
							"lerp_mode": "catmullrom"
						},
						"2.9": {
							"post": {
								"vector": [9.93742, -18.63991, 17.03431]
							},
							"lerp_mode": "catmullrom"
						},
						"3.6": {
							"vector": [0, 0, 0],
							"easing": "easeInElastic"
						}
					},
					"position": {
						"0.0": {
							"vector": [0, 0, 0]
						},
						"0.3": {
							"vector": [0, -9, -10],
							"easing": "easeInOutSine"
						},
						"0.7": {
							"vector": [0, -8, -11],
							"easing": "easeInOutCubic"
						},
						"0.9": {
							"vector": [0, -9, -10]
						},
						"1.1": {
							"vector": [-2, -8, -10],
							"easing": "easeInCirc"
						},
						"1.8": {
							"vector": [11, -9, -10],
							"easing": "easeInOutCubic"
						},
						"2.2333": {
							"pre": {
								"vector": [11, -10, -10]
							},
							"post": {
								"vector": [11, -10, -10]
							},
							"lerp_mode": "catmullrom"
						},
						"2.3333": {
							"post": {
								"vector": [10.73, -12, -10]
							},
							"lerp_mode": "catmullrom"
						},
						"2.6": {
							"post": {
								"vector": [10, -10, -10]
							},
							"lerp_mode": "catmullrom"
						},
						"2.7": {
							"vector": [8.5, -7.5, -10.5],
							"easing": "easeOutSine"
						},
						"2.9": {
							"vector": [8.5, -7.5, -10.5]
						},
						"3.5": {
							"vector": [0, 0, 0],
							"easing": "easeInOutBack"
						}
					},
					"scale": {
						"0.0": {
							"vector": [1, 1, 1]
						},
						"0.4": {
							"vector": [1, 1, 1]
						},
						"0.6": {
							"vector": [0.9, 1, 1],
							"easing": "easeInBack"
						},
						"0.9": {
							"vector": [1, 1, 1]
						},
						"1.1": {
							"vector": [0.9, 1, 1],
							"easing": "easeInCirc"
						},
						"1.3": {
							"vector": [1, 1, 1]
						},
						"2.0333": {
							"vector": [1, 1, 1]
						},
						"2.3333": {
							"vector": [1, 0.9, 1],
							"easing": "easeInOutBack"
						},
						"2.6": {
							"vector": [1, 1, 1]
						}
					}
				},
				"leftarm": {
					"rotation": {
						"0.0": {
							"vector": [0, 0, 0]
						},
						"0.4": {
							"vector": [-47.09173, -17.72894, 22.805]
						},
						"0.6": {
							"vector": [-52.40523, -5.42349, 17.67602],
							"easing": "easeInCirc"
						},
						"0.9": {
							"vector": [-41.46211, -7.06646, 25.15988]
						},
						"1.1": {
							"vector": [-63.20937, -2.94879, 7.83937],
							"easing": "easeInCirc"
						},
						"1.5": {
							"vector": [59.76211, -18.25593, 50.17083],
							"easing": "easeInCubic"
						},
						"1.8": {
							"vector": [-33.13584, 27.25765, 20.96854],
							"easing": "linear"
						},
						"2.1333": {
							"pre": {
								"vector": [-55.63584, 27.25765, 20.96854]
							},
							"post": {
								"vector": [-55.63584, 27.25765, 20.96854]
							},
							"lerp_mode": "catmullrom"
						},
						"2.3333": {
							"post": {
								"vector": [-59.18711, 11.02204, 10.80018]
							},
							"lerp_mode": "catmullrom"
						},
						"2.6": {
							"vector": [-61.72398, 13.16466, -11.74025]
						},
						"2.7": {
							"vector": [-62.67076, 8.08202, 33.1553],
							"easing": "easeOutCirc"
						},
						"2.8": {
							"vector": [-62.67076, 8.08202, 33.1553],
							"easing": "linear"
						},
						"3.3": {
							"vector": [0, 0, 0],
							"easing": "easeInOutBack"
						}
					},
					"position": {
						"0.0": {
							"vector": [0, 0, 0]
						},
						"0.4": {
							"vector": [17, -6, 14]
						},
						"0.6": {
							"vector": [6, 13, 18],
							"easing": "easeInCirc"
						},
						"0.9": {
							"vector": [13, -2, 23]
						},
						"1.1": {
							"vector": [8, 9, 19],
							"easing": "easeInCirc"
						},
						"1.4": {
							"vector": [13, -22, 25],
							"easing": "easeInCubic"
						},
						"1.8": {
							"vector": [33, -28, 25]
						},
						"2.0333": {
							"pre": {
								"vector": [26, 22, 19]
							},
							"post": {
								"vector": [26, 22, 19]
							},
							"lerp_mode": "catmullrom"
						},
						"2.2333": {
							"post": {
								"vector": [9, 13, 16]
							},
							"lerp_mode": "catmullrom"
						},
						"2.3333": {
							"vector": [9, 13, 16],
							"easing": "linear"
						},
						"2.6": {
							"vector": [1, 26, 19],
							"easing": "easeOutCubic"
						},
						"2.7": {
							"vector": [5, 10, 19],
							"easing": "easeOutCirc"
						},
						"2.8": {
							"pre": {
								"vector": [5, 10, 19]
							},
							"post": {
								"vector": [5, 10, 19]
							},
							"lerp_mode": "catmullrom"
						},
						"3.0": {
							"post": {
								"vector": [11.44, 5.38, 8.63]
							},
							"lerp_mode": "catmullrom"
						},
						"3.2": {
							"post": {
								"vector": [0, 0, 0]
							},
							"lerp_mode": "catmullrom"
						}
					},
					"scale": {
						"2.2333": {
							"vector": [1, 1, 1]
						},
						"2.6": {
							"vector": [1, 1.3, 1]
						},
						"2.7": {
							"vector": [1, 1, 1],
							"easing": "easeOutCirc"
						}
					}
				},
				"top": {
					"rotation": {
						"0.5667": {
							"vector": [0, 0, 0]
						},
						"0.8": {
							"vector": [0, 0, -90],
							"easing": "easeOutBack"
						},
						"2.6": {
							"vector": [0, 0, -90]
						},
						"2.7": {
							"vector": [0, 0, 0],
							"easing": "easeOutCirc"
						}
					}
				},
				"magazine": {
					"rotation": {
						"1.0667": {
							"vector": [0, 0, 0]
						},
						"1.4": {
							"vector": [2.06754, -22.40972, -110.40961],
							"easing": "linear"
						},
						"1.6": {
							"vector": [-72.93, -22.41, -110.41]
						},
						"1.7667": {
							"vector": [50, 0, 0],
							"easing": "step"
						},
						"2.1333": {
							"pre": {
								"vector": [27.58957, -4.43385, -2.31336]
							},
							"post": {
								"vector": [27.58957, -4.43385, -2.31336]
							},
							"lerp_mode": "catmullrom"
						},
						"2.3333": {
							"post": {
								"vector": [0, 0, 0]
							},
							"lerp_mode": "catmullrom"
						}
					},
					"position": {
						"1.0667": {
							"vector": [0, 0, 0]
						},
						"1.3": {
							"pre": {
								"vector": [-17, 26, 0]
							},
							"post": {
								"vector": [-17, 26, 0]
							},
							"lerp_mode": "catmullrom"
						},
						"1.5": {
							"post": {
								"vector": [-51, -17, 4]
							},
							"lerp_mode": "catmullrom"
						},
						"1.6": {
							"post": {
								"vector": [-29, -44, 8]
							},
							"lerp_mode": "catmullrom"
						},
						"1.7667": {
							"vector": [27, -47, 0],
							"easing": "step"
						},
						"2.0333": {
							"pre": {
								"vector": [19, 4, 0]
							},
							"post": {
								"vector": [19, 4, 0]
							},
							"lerp_mode": "catmullrom"
						},
						"2.2333": {
							"post": {
								"vector": [0, 0, 0]
							},
							"lerp_mode": "catmullrom"
						}
					},
					"scale": {
						"1.5": {
							"vector": [1, 1, 1]
						},
						"1.7667": {
							"vector": [0, 0, 0],
							"easing": "easeOutSine"
						},
						"1.8": {
							"vector": [1, 1, 1],
							"easing": "step"
						}
					}
				},
				"_camera_": {
					"rotation": {
						"0.0": {
							"vector": [0, 0, 0]
						},
						"0.4": {
							"vector": [0, 0, 0]
						},
						"0.6": {
							"vector": [0, 0, 2.5],
							"easing": "easeOutBack"
						},
						"0.8": {
							"vector": [0, 0, 0],
							"easing": "easeInOutSine"
						},
						"0.9": {
							"vector": [0, 0, 0]
						},
						"1.1": {
							"vector": [0, 0, 2.5],
							"easing": "easeOutBack"
						},
						"1.3": {
							"vector": [0, 0, 0],
							"easing": "easeInOutSine"
						},
						"1.6": {
							"vector": [0, 0, -5],
							"easing": "easeInOutBack"
						},
						"2.0333": {
							"vector": [0, 0, 5],
							"easing": "easeInOutSine"
						},
						"2.3333": {
							"vector": [0, 0, -5],
							"easing": "easeOutBack"
						},
						"2.6": {
							"vector": [0, 0, 0],
							"easing": "easeInOutSine"
						},
						"2.7": {
							"vector": [0, 0, -5],
							"easing": "easeInBack"
						},
						"3.3": {
							"vector": [0, 0, 0],
							"easing": "easeInOutBack"
						}
					}
				}
			},
			"sound_effects": {
				"0.0": {
					"effect": "halor_rl_reload"
				}
			}
		},
		"animation.model.inspect": {
			"loop": true,
			"animation_length": 3.9,
			"bones": {
				"main": {
					"rotation": {
						"0.0": {
							"vector": [0, 0, 0]
						},
						"0.6333": {
							"vector": [-10.00745, -5.60921, -4.30494],
							"easing": "easeInElastic"
						},
						"1.0": {
							"vector": [-8.0286, -6.59475, -4.12503]
						},
						"1.2": {
							"vector": [-10.24225, -5.17039, -1.82802],
							"easing": "easeInOutElastic"
						},
						"1.3": {
							"vector": [-10.01, -5.61, -4.3]
						},
						"2.0": {
							"vector": [-8.0286, -6.59475, -4.12503]
						},
						"2.2": {
							"vector": [-9.75872, -6.03922, -6.77567],
							"easing": "easeInOutElastic"
						},
						"2.3": {
							"vector": [-10.01, -5.61, -4.3]
						},
						"3.0": {
							"vector": [-10.21519, -6.24328, -2.14404]
						},
						"3.4": {
							"vector": [-1, 0, -5],
							"easing": "easeOutSine"
						},
						"3.8": {
							"vector": [0, 0, 0],
							"easing": "easeInElastic"
						}
					},
					"position": {
						"0.0": {
							"vector": [0, 0, 0]
						},
						"0.5833": {
							"vector": [0, 1, 1],
							"easing": "easeInOutSine"
						},
						"1.0": {
							"vector": [0, 1, 1]
						},
						"1.2": {
							"vector": [1, 1, 1]
						},
						"1.5": {
							"vector": [0, 1, 1]
						},
						"2.0": {
							"vector": [0, 1, 1]
						},
						"2.2": {
							"vector": [-1, 1, 1]
						},
						"2.5": {
							"vector": [0, 1, 1]
						},
						"2.9": {
							"vector": [0, 1, 2]
						},
						"3.35": {
							"vector": [0, 2, 1],
							"easing": "easeInOutSine"
						},
						"3.75": {
							"vector": [0, 0, 0],
							"easing": "easeInOutBack"
						}
					}
				},
				"leftarm": {
					"rotation": {
						"0.0": {
							"vector": [0, 0, 0]
						},
						"0.5": {
							"vector": [-48.20202, -8.28682, 18.49526],
							"easing": "easeInOutBack"
						},
						"0.6333": {
							"vector": [-46.57923, -5.91201, 11.20439],
							"easing": "easeInOutBack"
						},
						"1.0": {
							"vector": [-49.45483, -9.75491, 23.4408],
							"easing": "easeInOutCubic"
						},
						"1.3": {
							"vector": [0, 0, 0],
							"easing": "easeInOutCubic"
						}
					},
					"position": {
						"0.0": {
							"vector": [0, 0, 0]
						},
						"0.3667": {
							"vector": [11, -4, 11],
							"easing": "easeInOutSine"
						},
						"0.6": {
							"vector": [9, -4, 11],
							"easing": "easeOutBack"
						},
						"0.9": {
							"vector": [12, -4, 11],
							"easing": "easeInOutCubic"
						},
						"1.2667": {
							"vector": [0, 0, 0],
							"easing": "easeInOutCubic"
						}
					},
					"scale": {
						"0.3667": {
							"vector": [1, 1, 1]
						},
						"0.6333": {
							"vector": [0.8, 1, 1]
						},
						"0.7": {
							"vector": [1, 1, 1]
						}
					}
				},
				"magazine": {
					"rotation": {
						"1.0": {
							"vector": [0, 0, 0]
						},
						"1.2": {
							"vector": [0, 0, 10],
							"easing": "easeInOutBack"
						},
						"1.3": {
							"vector": [0, 0, 10]
						},
						"2.0": {
							"vector": [0, 0, -180],
							"easing": "easeInOutBack"
						},
						"2.2": {
							"vector": [0, 0, -190],
							"easing": "easeInOutBack"
						},
						"2.3": {
							"vector": [0, 0, -190]
						},
						"3.0": {
							"vector": [0, 0, 0],
							"easing": "easeInOutBack"
						}
					}
				},
				"_camera_": {
					"rotation": {
						"0.0": {
							"vector": [0, 0, 0]
						},
						"0.6333": {
							"vector": [1, 2, 0]
						},
						"1.0": {
							"vector": [1, 2, 0]
						},
						"1.2": {
							"vector": [1.03476, 1.98224, 1.00045],
							"easing": "easeInOutElastic"
						},
						"1.3": {
							"vector": [1, 2, 0]
						},
						"2.0": {
							"vector": [1, 2, 0]
						},
						"2.2": {
							"vector": [0.96493, 2.01715, -1.00047]
						},
						"2.3": {
							"vector": [0.99512, 2.00294, 0.00047]
						},
						"3.0": {
							"vector": [0.99588, 3.00279, 0.01786],
							"easing": "easeInOutElastic"
						},
						"3.8": {
							"vector": [0, 0, 0],
							"easing": "easeInElastic"
						}
					}
				}
			},
			"sound_effects": {
				"0.0": {
					"effect": "halor_rl_sfx"
				},
				"0.9": {
					"effect": "halor_rl_mag_sfx"
				},
				"1.9667": {
					"effect": "halor_rl_mag_sfx1"
				},
				"3.1": {
					"effect": "halor_rl_sfx1"
				}
			}
		},
		"animation.model.fire": {
			"loop": true,
			"animation_length": 1.2333,
			"bones": {
				"main": {
					"rotation": {
						"0.0": {
							"vector": [0, 0, 0]
						},
						"0.1833": {
							"vector": [-10.03742, 4.92385, -0.87038],
							"easing": "easeOutBack"
						},
						"0.2167": {
							"vector": [-9.95108, 5.0974, 0.11822]
						},
						"0.25": {
							"vector": [-10.12222, 4.74557, -1.87678]
						},
						"0.6": {
							"vector": [-10.03742, 4.92385, -0.87038],
							"easing": "linear"
						},
						"1.1": {
							"vector": [0, 0, 0],
							"easing": "easeInElastic"
						}
					},
					"position": {
						"0.0": {
							"vector": [0, 0, 0]
						},
						"0.15": {
							"vector": [0, 6, 6],
							"easing": "easeOutBack"
						},
						"1.0": {
							"vector": [0, -1, 0],
							"easing": "easeInOutBack"
						}
					},
					"scale": {
						"0.0": {
							"vector": [1, 1, 1]
						},
						"0.15": {
							"vector": [1, 1, 0.9],
							"easing": "easeInOutElastic"
						},
						"0.3": {
							"vector": [1, 1, 1]
						}
					}
				},
				"magazine": {
					"rotation": {
						"0.0": {
							"vector": [0, 0, 0]
						},
						"0.1": {
							"vector": [0, 0, -180],
							"easing": "easeOutBack"
						},
						"0.5333": {
							"vector": [0, 0, -180]
						},
						"1.0": {
							"vector": [0, 0, 0],
							"easing": "easeInOutBack"
						}
					}
				},
				"leftarm": {
					"rotation": {
						"0.0": {
							"vector": [0, 0, 0]
						},
						"0.15": {
							"vector": [1.67521, -3.17061, -7.94987],
							"easing": "easeInOutBack"
						},
						"0.3": {
							"vector": [0, 0, 0],
							"easing": "easeInOutSine"
						}
					}
				},
				"_camera_": {
					"rotation": {
						"0.0": {
							"vector": [0, 0, 0]
						},
						"0.2": {
							"vector": [-2, 0, -2],
							"easing": "easeOutBack"
						},
						"0.8": {
							"vector": [0, 0, 0],
							"easing": "easeInOutBack"
						}
					}
				}
			},
			"sound_effects": {
				"0.5333": {
					"effect": "halor_rl_mag_fire"
				}
			}
		}
	},
	"geckolib_format_version": 2
}