{
	"format_version": "1.8.0",
	"animations": {
		"animation.model.runningstart": {
			"animation_length": 0.3,
			"bones": {
				"main": {
					"rotation": {
						"0.0667": {
							"vector": [0, 0, 0]
						},
						"0.3": {
							"vector": [-33.50455, -53.68075, 45.4845],
							"easing": "easeInOutQuad"
						}
					},
					"position": {
						"0.0": {
							"vector": [0, 0, 0]
						},
						"0.3": {
							"vector": [4, -1, -3],
							"easing": "easeInSine"
						}
					}
				}
			}
		},
		"animation.model.running": {
			"loop": true,
			"animation_length": 0.5667,
			"bones": {
				"main": {
					"rotation": {
						"0.0": {
							"vector": [-33.50455, -53.68075, 45.4845],
							"easing": "easeInOutQuad"
						},
						"0.1667": {
							"vector": [-35.27927, -54.25024, 50.19455],
							"easing": "easeInOutQuad"
						},
						"0.3333": {
							"vector": [-31.68854, -53.06231, 40.77396],
							"easing": "easeInOutQuad"
						},
						"0.4667": {
							"vector": [-36.50483, -52.7616, 50.51027],
							"easing": "easeInOutQuad"
						},
						"0.5667": {
							"vector": [-33.50455, -53.68075, 45.4845],
							"easing": "easeInOutQuad"
						}
					},
					"position": {
						"0.0": {
							"vector": [4, -1, -3],
							"easing": "easeInSine"
						},
						"0.1": {
							"vector": [6, -3, -3],
							"easing": "easeInSine"
						},
						"0.2333": {
							"vector": [4, -1, -3],
							"easing": "easeInOutQuad"
						},
						"0.4": {
							"vector": [2, -3, -3],
							"easing": "easeInOutQuad"
						},
						"0.5667": {
							"vector": [4, -1, -3],
							"easing": "easeInSine"
						}
					}
				}
			}
		},
		"animation.model.runningend": {
			"animation_length": 0.4,
			"bones": {
				"main": {
					"rotation": {
						"0.0": {
							"vector": [-33.50455, -53.68075, 45.4845],
							"easing": "easeInOutQuad"
						},
						"0.4": {
							"vector": [0, 0, 0],
							"easing": "easeInElastic"
						}
					},
					"position": {
						"0.0": {
							"vector": [4, -1, -3],
							"easing": "easeInSine"
						},
						"0.1667": {
							"vector": [2.75, -0.69, -4.07]
						},
						"0.3667": {
							"vector": [0, 0, 0],
							"easing": "easeInOutBack"
						}
					}
				}
			}
		},
		"animation.model.off_ground": {
			"loop": true,
			"animation_length": 0.0417
		},
		"animation.model.off_ground_sprinting": {
			"loop": true,
			"animation_length": 0.8,
			"bones": {
				"main": {
					"rotation": {
						"0.0": {
							"vector": [-33.50455, -53.68075, 45.4845],
							"easing": "easeInOutQuad"
						},
						"0.5": {
							"vector": [-32.64619, -53.14968, 46.90622],
							"easing": "easeInQuad"
						},
						"0.8": {
							"vector": [-33.50455, -53.68075, 45.4845],
							"easing": "easeInOutSine"
						}
					},
					"position": {
						"0.0": {
							"vector": [4, -1, -3],
							"easing": "easeInSine"
						},
						"0.3": {
							"vector": [4, -1.5, -3],
							"easing": "easeInSine"
						},
						"0.8": {
							"vector": [4, -1, -3],
							"easing": "easeInOutSine"
						}
					}
				}
			}
		},
		"animation.model.walking": {
			"loop": true,
			"animation_length": 0.8,
			"bones": {
				"main": {
					"rotation": {
						"0.0": {
							"vector": [0, 0, 0]
						},
						"0.2333": {
							"vector": [0, 0, -1.5],
							"easing": "easeInOutSine"
						},
						"0.4333": {
							"vector": [0, 0, 0],
							"easing": "easeInOutSine"
						},
						"0.6333": {
							"vector": [0, 0, 1.5],
							"easing": "easeInOutSine"
						},
						"0.8": {
							"vector": [0, 0, 0],
							"easing": "easeInOutSine"
						}
					},
					"position": {
						"0.0": {
							"vector": [0, 0, 0]
						},
						"0.1333": {
							"vector": [-1, -1, 0],
							"easing": "easeOutSine"
						},
						"0.3667": {
							"vector": [0, 0, 0],
							"easing": "easeInOutSine"
						},
						"0.5667": {
							"vector": [1, -1, 0],
							"easing": "easeInOutSine"
						},
						"0.8": {
							"vector": [0, 0, 0],
							"easing": "easeInOutSine"
						}
					}
				}
			}
		},
		"animation.model.walking_aiming": {
			"loop": true,
			"animation_length": 0.8,
			"bones": {
				"main": {
					"rotation": {
						"0.0": {
							"vector": [0, 0, 0]
						},
						"0.2333": {
							"vector": ["-2.4918 / 3", 0, "-1.9836 / 2"],
							"easing": "easeInOutSine"
						},
						"0.4333": {
							"vector": ["0.2059 / 3", 0, "1.4906 / 2"],
							"easing": "easeInOutSine"
						},
						"0.6333": {
							"vector": ["-1.9095 / 3", 0, "2.4425 / 2"],
							"easing": "easeInOutSine"
						},
						"0.8": {
							"vector": [0, 0, 0],
							"easing": "easeInOutSine"
						}
					},
					"position": {
						"0.0": {
							"vector": [0, 0, 0]
						},
						"0.1333": {
							"vector": ["-0.5 / 4", "0.5 / 4", 0],
							"easing": "easeOutQuad"
						},
						"0.3667": {
							"vector": ["-1 / 4", "-0.5 / 4", 0],
							"easing": "easeInOutSine"
						},
						"0.5667": {
							"vector": ["-0.5 / 4", "0.5 / 4", 0],
							"easing": "easeInSine"
						},
						"0.8": {
							"vector": [0, 0, 0],
							"easing": "easeInOutSine"
						}
					}
				}
			}
		},
		"animation.model.walking_backwards": {
			"loop": true,
			"animation_length": 0.8,
			"bones": {
				"main": {
					"rotation": {
						"0.0": {
							"vector": [-5, 0, 0]
						},
						"0.2333": {
							"vector": [-5, 0, -1.5],
							"easing": "easeInOutSine"
						},
						"0.4333": {
							"vector": [-5, 0, 0],
							"easing": "easeInOutSine"
						},
						"0.6333": {
							"vector": [-5, 0, 1.5],
							"easing": "easeInOutSine"
						},
						"0.8": {
							"vector": [-5, 0, 0],
							"easing": "easeInOutSine"
						}
					},
					"position": {
						"0.0": {
							"vector": [0, 0, 0]
						},
						"0.1333": {
							"vector": [-1, -1, 0],
							"easing": "easeOutSine"
						},
						"0.3667": {
							"vector": [0, 0, 0],
							"easing": "easeInOutSine"
						},
						"0.5667": {
							"vector": [1, -1, 0],
							"easing": "easeInOutSine"
						},
						"0.8": {
							"vector": [0, 0, 0],
							"easing": "easeInOutSine"
						}
					}
				}
			}
		},
		"animation.model.walking_right": {
			"loop": true,
			"animation_length": 0.8,
			"bones": {
				"main": {
					"rotation": {
						"0.0": {
							"vector": [0, 0, -4]
						},
						"0.2333": {
							"vector": [0, 0, -5.5],
							"easing": "easeInOutSine"
						},
						"0.4333": {
							"vector": [0, 0, -4],
							"easing": "easeInOutSine"
						},
						"0.6333": {
							"vector": [0, 0, -2.5],
							"easing": "easeInOutSine"
						},
						"0.8": {
							"vector": [0, 0, -4],
							"easing": "easeInOutSine"
						}
					},
					"position": {
						"0.0": {
							"vector": [0, 0, 0]
						},
						"0.1333": {
							"vector": [-1, -1, 0],
							"easing": "easeOutSine"
						},
						"0.3667": {
							"vector": [0, 0, 0],
							"easing": "easeInOutSine"
						},
						"0.5667": {
							"vector": [1, -1, 0],
							"easing": "easeInOutSine"
						},
						"0.8": {
							"vector": [0, 0, 0],
							"easing": "easeInOutSine"
						}
					}
				}
			}
		},
		"animation.model.walking_left": {
			"loop": true,
			"animation_length": 0.8,
			"bones": {
				"main": {
					"rotation": {
						"0.0": {
							"vector": [0, 0, 4]
						},
						"0.2333": {
							"vector": [0, 0, 2.5],
							"easing": "easeInOutSine"
						},
						"0.4333": {
							"vector": [0, 0, 4],
							"easing": "easeInOutSine"
						},
						"0.6333": {
							"vector": [0, 0, 5.5],
							"easing": "easeInOutSine"
						},
						"0.8": {
							"vector": [0, 0, 4],
							"easing": "easeInOutSine"
						}
					},
					"position": {
						"0.0": {
							"vector": [0, 0, 0]
						},
						"0.1333": {
							"vector": [-1, -1, 0],
							"easing": "easeOutSine"
						},
						"0.3667": {
							"vector": [0, 0, 0],
							"easing": "easeInOutSine"
						},
						"0.5667": {
							"vector": [1, -1, 0],
							"easing": "easeInOutSine"
						},
						"0.8": {
							"vector": [0, 0, 0],
							"easing": "easeInOutSine"
						}
					}
				}
			}
		}
	},
	"geckolib_format_version": 2
}