{
	"format_version": "1.8.0",
	"animations": {
		"animation.model.runningstart": {
			"animation_length": 0.3,
			"bones": {
				"main": {
					"rotation": {
						"0.0667": {
							"vector": [0, 0, 0]
						},
						"0.3": {
							"vector": [-57.69617, -17.72297, 60.05586],
							"easing": "easeInOutQuad"
						}
					},
					"position": {
						"0.0": {
							"vector": [0, 0, 0]
						},
						"0.3": {
							"vector": [12, -1, 9],
							"easing": "easeInSine"
						}
					}
				}
			}
		},
		"animation.model.running": {
			"loop": true,
			"animation_length": 0.5667,
			"bones": {
				"main": {
					"rotation": {
						"0.0": {
							"vector": [-57.69617, -17.72297, 60.05586],
							"easing": "easeInOutQuad"
						},
						"0.1667": {
							"vector": [-58.71513, -16.91514, 63.66082],
							"easing": "easeInOutSine"
						},
						"0.3333": {
							"vector": [-56.13063, -20.54961, 54.95175],
							"easing": "easeInOutQuad"
						},
						"0.4667": {
							"vector": [-58.09395, -15.60518, 61.44271],
							"easing": "easeInOutQuad"
						},
						"0.5667": {
							"vector": [-57.69617, -17.72297, 60.05586],
							"easing": "easeInOutQuad"
						}
					},
					"position": {
						"0.0": {
							"vector": [12, -1, 9],
							"easing": "easeInSine"
						},
						"0.0667": {
							"vector": [13, -1.5, 9],
							"easing": "easeInSine"
						},
						"0.2333": {
							"vector": [12, -1, 9],
							"easing": "easeInOutQuad"
						},
						"0.4": {
							"vector": [11, -1.5, 9],
							"easing": "easeInOutQuad"
						},
						"0.5667": {
							"vector": [12, -1, 9],
							"easing": "easeInOutQuad"
						}
					}
				}
			}
		},
		"animation.model.runningend": {
			"animation_length": 0.4,
			"bones": {
				"main": {
					"rotation": {
						"0.0": {
							"vector": [-57.69617, -17.72297, 60.05586],
							"easing": "easeInOutQuad"
						},
						"0.4": {
							"vector": [0, 0, 0],
							"easing": "easeInElastic"
						}
					},
					"position": {
						"0.0": {
							"vector": [12, -1, 9],
							"easing": "easeInSine"
						},
						"0.3667": {
							"vector": [0, 0, 0],
							"easing": "easeInElastic"
						}
					}
				}
			}
		},
		"animation.model.off_ground": {
			"loop": true,
			"animation_length": 0.0333
		},
		"animation.model.off_ground_sprinting": {
			"loop": true,
			"animation_length": 0.8,
			"bones": {
				"main": {
					"rotation": {
						"0.0": {
							"vector": [-57.69617, -17.72297, 60.05586]
						},
						"0.5": {
							"vector": [-58.02274, -16.02642, 61.17176],
							"easing": "easeInQuad"
						},
						"0.8": {
							"vector": [-57.7, -17.72, 60.06],
							"easing": "easeInOutSine"
						}
					},
					"position": {
						"0.0": {
							"vector": [12, -1, 9]
						},
						"0.3": {
							"vector": [12, -1.5, 9],
							"easing": "easeInSine"
						},
						"0.8": {
							"vector": [12, -1, 9],
							"easing": "easeInOutSine"
						}
					}
				}
			}
		},
		"animation.model.walking": {
			"loop": true,
			"animation_length": 0.8,
			"bones": {
				"main": {
					"rotation": {
						"0.0": {
							"vector": [0, 0, 0]
						},
						"0.2333": {
							"vector": [-2, 0, -2.5],
							"easing": "easeInOutSine"
						},
						"0.4333": {
							"vector": [1, 0, 0],
							"easing": "easeInOutSine"
						},
						"0.6333": {
							"vector": [-3, 0, 2.5],
							"easing": "easeInOutSine"
						},
						"0.8": {
							"vector": [0, 0, 0],
							"easing": "easeInOutSine"
						}
					},
					"position": {
						"0.0": {
							"vector": [0, 0, 0]
						},
						"0.1333": {
							"vector": [-0.5, 0.5, 0],
							"easing": "easeOutSine"
						},
						"0.3667": {
							"vector": [-1.75, -0.5, 0],
							"easing": "easeInOutSine"
						},
						"0.5667": {
							"vector": [-0.5, 0.5, 0],
							"easing": "easeInSine"
						},
						"0.8": {
							"vector": [0, 0, 0],
							"easing": "easeInOutSine"
						}
					}
				}
			}
		},
		"animation.model.walking_aiming": {
			"loop": true,
			"animation_length": 0.8,
			"bones": {
				"main": {
					"rotation": {
						"0.0": {
							"vector": [0, 0, 0]
						},
						"0.2333": {
							"vector": ["-2.4918 / 3", 0, "-1.9836 / 2"],
							"easing": "easeInOutSine"
						},
						"0.4333": {
							"vector": ["0.2059 / 3", 0, "1.4906 / 2"],
							"easing": "easeInOutSine"
						},
						"0.6333": {
							"vector": ["-1.9095 / 3", 0, "2.4425 / 2"],
							"easing": "easeInOutSine"
						},
						"0.8": {
							"vector": [0, 0, 0],
							"easing": "easeInOutSine"
						}
					},
					"position": {
						"0.0": {
							"vector": [0, 0, 0]
						},
						"0.1333": {
							"vector": ["-0.5 / 4", "0.5 / 4", 0],
							"easing": "easeOutQuad"
						},
						"0.3667": {
							"vector": ["-1 / 4", "-0.5 / 4", 0],
							"easing": "easeInOutSine"
						},
						"0.5667": {
							"vector": ["-0.5 / 4", "0.5 / 4", 0],
							"easing": "easeInSine"
						},
						"0.8": {
							"vector": [0, 0, 0],
							"easing": "easeInOutSine"
						}
					}
				}
			}
		},
		"animation.model.walking_backwards": {
			"loop": true,
			"animation_length": 0.8,
			"bones": {
				"main": {
					"rotation": {
						"0.0": {
							"vector": [-10, 0, 0]
						},
						"0.2333": {
							"vector": [-11, 0, -2.5],
							"easing": "easeInOutSine"
						},
						"0.4333": {
							"vector": [-9, 0, 0],
							"easing": "easeInOutSine"
						},
						"0.6333": {
							"vector": [-11, 0, 2.5],
							"easing": "easeInOutSine"
						},
						"0.8": {
							"vector": [-10, 0, 0],
							"easing": "easeInOutSine"
						}
					},
					"position": {
						"0.0": {
							"vector": [0, 0, 2]
						},
						"0.1333": {
							"vector": [-0.5, 0.5, 2],
							"easing": "easeOutSine"
						},
						"0.3667": {
							"vector": [-1.75, -0.5, 2],
							"easing": "easeInOutSine"
						},
						"0.5667": {
							"vector": [-0.5, 0.5, 2],
							"easing": "easeInSine"
						},
						"0.8": {
							"vector": [0, 0, 2],
							"easing": "easeInOutSine"
						}
					}
				}
			}
		},
		"animation.model.walking_right": {
			"loop": true,
			"animation_length": 0.8,
			"bones": {
				"main": {
					"rotation": {
						"0.0": {
							"vector": [0, 0, -7.5]
						},
						"0.2333": {
							"vector": [-4.40733, -0.82583, -11.46859],
							"easing": "easeInOutSine"
						},
						"0.4333": {
							"vector": [1.09917, 1.00551, -3.00897],
							"easing": "easeInOutSine"
						},
						"0.6333": {
							"vector": [-4.12442, 1.22364, -6.04838],
							"easing": "easeInOutSine"
						},
						"0.8": {
							"vector": [0, 0, -7.5],
							"easing": "easeInOutSine"
						}
					},
					"position": {
						"0.0": {
							"vector": [0, 0, 0]
						},
						"0.1333": {
							"vector": [-0.5, 0.5, 0],
							"easing": "easeOutQuad"
						},
						"0.3667": {
							"vector": [-1.75, -0.5, 0],
							"easing": "easeInOutSine"
						},
						"0.5667": {
							"vector": [-1, 0.5, 0],
							"easing": "easeInSine"
						},
						"0.8": {
							"vector": [0, 0, 0],
							"easing": "easeInOutSine"
						}
					}
				}
			}
		},
		"animation.model.walking_left": {
			"loop": true,
			"animation_length": 0.8,
			"bones": {
				"main": {
					"rotation": {
						"0.0": {
							"vector": [0, 0, 8.5]
						},
						"0.2333": {
							"vector": [-4.49982, 0.2058, 5.50056],
							"easing": "easeInOutSine"
						},
						"0.4333": {
							"vector": [2.32194, 0.6868, 11.9893],
							"easing": "easeInOutSine"
						},
						"0.6333": {
							"vector": [-3.63066, 2.08337, 10.93715],
							"easing": "easeInOutSine"
						},
						"0.8": {
							"vector": [0, 0, 8.5],
							"easing": "easeInOutSine"
						}
					},
					"position": {
						"0.0": {
							"vector": [0, 0, 0]
						},
						"0.1333": {
							"vector": [-0.5, 0.5, 0],
							"easing": "easeOutQuad"
						},
						"0.3667": {
							"vector": [-1.75, -0.5, 0],
							"easing": "easeInOutSine"
						},
						"0.5667": {
							"vector": [-1, 0.5, 0],
							"easing": "easeInSine"
						},
						"0.8": {
							"vector": [0, 0, 0],
							"easing": "easeInOutSine"
						}
					}
				}
			}
		}
	},
	"geckolib_format_version": 2
}