{
	"format_version": "1.8.0",
	"animations": {
		"animation.model.draw": {
			"loop": "hold_on_last_frame",
			"animation_length": 1.2833,
			"bones": {
				"main": {
					"rotation": {
						"0.0": {
							"vector": [35.79355, -12.0174, 16.10644]
						},
						"0.4667": {
							"vector": [-36.6426, -10.71837, 0.64499],
							"easing": "easeInOutSine"
						},
						"0.65": {
							"vector": [-37.93754, -1.59708, 12.63554],
							"easing": "easeOutBack"
						},
						"0.75": {
							"vector": [-36.6426, -10.71837, 0.64499],
							"easing": "easeInOutSine"
						},
						"0.8": {
							"vector": [-33.44317, -7.07296, 6.25522]
						},
						"0.85": {
							"vector": [-27.47865, -8.5397, 3.08555]
						},
						"1.0667": {
							"vector": [0.26514, -2.22013, 5.79438],
							"easing": "easeInOutSine"
						},
						"1.2667": {
							"vector": [0, 0, 0],
							"easing": "easeInElastic"
						}
					},
					"position": {
						"0.0": {
							"vector": [6, -13, 13]
						},
						"0.4333": {
							"vector": [-4, -3, 2],
							"easing": "easeInOutBack"
						},
						"0.55": {
							"vector": [-4, -3, 4],
							"easing": "easeInOutBack"
						},
						"0.65": {
							"vector": [-4, -4, 5],
							"easing": "easeInOutSine"
						},
						"0.8": {
							"vector": [-4, -3, 4],
							"easing": "easeInSine"
						},
						"0.9667": {
							"vector": [1, -2, 2],
							"easing": "easeInOutSine"
						},
						"1.2167": {
							"vector": [0, 0, 0],
							"easing": "easeInElastic"
						}
					},
					"scale": {
						"vector": [1, 1, 1]
					}
				},
				"leftarm": {
					"rotation": {
						"0.0": {
							"vector": [0, 0, 0]
						},
						"0.4667": {
							"vector": [-38.56115, 1.33071, 25.38095],
							"easing": "easeInOutBack"
						},
						"0.65": {
							"vector": [-56.06, 1.33, 25.38],
							"easing": "easeOutBack"
						},
						"0.8667": {
							"vector": [-63.822, 20.8261, 25.66923],
							"easing": "easeOutBack"
						},
						"1.0667": {
							"vector": [0, 0, 0],
							"easing": "easeInOutSine"
						}
					},
					"position": {
						"0.0": {
							"vector": [0, 0, 0]
						},
						"0.4333": {
							"vector": [0, -3, 0],
							"easing": "easeInOutBack"
						},
						"0.65": {
							"vector": [0, -3.8, 5],
							"easing": "easeOutBack"
						},
						"0.85": {
							"vector": [5.6, -3.8, 7.8],
							"easing": "easeOutBack"
						},
						"0.9667": {
							"vector": [10.18, -1.48, 3.03],
							"easing": "easeInOutSine"
						},
						"1.0667": {
							"vector": [0, 0, 0],
							"easing": "easeInOutSine"
						}
					},
					"scale": {
						"0.4667": {
							"vector": [1, 1, 1]
						},
						"0.65": {
							"vector": [1, 1, 0.8],
							"easing": "easeOutBack"
						},
						"0.85": {
							"vector": [1, 1, 1],
							"easing": "easeInBounce"
						}
					}
				},
				"hammer": {
					"position": {
						"0.0": {
							"vector": [0, 0, 0]
						},
						"0.4833": {
							"vector": [0, 0, 0],
							"easing": "linear"
						},
						"0.65": {
							"vector": [0, 0, 11],
							"easing": "easeOutBack"
						},
						"0.85": {
							"vector": [0, 0, 0],
							"easing": "easeOutBack"
						}
					}
				},
				"stockfeet and handle": {
					"rotation": {
						"0.0": {
							"vector": [20, 0, 0]
						},
						"0.5": {
							"vector": [-15, 0, 0],
							"easing": "easeInBack"
						},
						"0.75": {
							"vector": [0, 0, 0]
						},
						"1.0": {
							"vector": [10, 0, 0],
							"easing": "easeInSine"
						},
						"1.2667": {
							"vector": [0, 0, 0],
							"easing": "easeInOutBack"
						}
					}
				},
				"bullet": {
					"rotation": {
						"0.0": {
							"vector": [0, 0, 0]
						},
						"0.65": {
							"vector": [0, 0, 0],
							"easing": "easeInOutSine"
						},
						"0.6833": {
							"vector": [0, 0, 10],
							"easing": "linear"
						},
						"0.8667": {
							"vector": [0, 0, 0]
						}
					},
					"position": {
						"0.0": {
							"vector": [0, 0, 0]
						},
						"0.5667": {
							"vector": [0, 0, 0],
							"easing": "linear"
						},
						"0.65": {
							"vector": [0, 2, 0],
							"easing": "easeInOutSine"
						},
						"0.85": {
							"vector": [0, 2, -14],
							"easing": "easeOutBack"
						},
						"0.8667": {
							"vector": [0, 0, 0]
						}
					},
					"scale": {
						"0.4833": {
							"vector": [1, 1, 1]
						},
						"0.65": {
							"vector": [1, 1, 1]
						},
						"0.85": {
							"vector": [0, 0, 0],
							"easing": "easeOutBack"
						},
						"0.8667": {
							"vector": [0, 0, 0]
						},
						"0.8833": {
							"vector": [1, 1, 1]
						}
					}
				},
				"bullet1": {
					"position": {
						"0.0": {
							"vector": [0, 0, 0]
						},
						"0.65": {
							"vector": [0, -2, 0]
						},
						"0.85": {
							"vector": [0, 0, 0],
							"easing": "easeOutBack"
						}
					}
				},
				"_camera_": {
					"rotation": {
						"0.0": {
							"vector": [0, 0, 0]
						},
						"0.2": {
							"vector": [0.99985, 0.01745, -0.99985],
							"easing": "easeInOutQuad"
						},
						"0.4667": {
							"vector": [-1, 0, 1],
							"easing": "easeInOutBack"
						},
						"0.65": {
							"vector": [-0.01745, 0.99985, -1.00015],
							"easing": "easeOutBack"
						},
						"0.8": {
							"vector": [0, 0, -1],
							"easing": "easeInOutElastic"
						},
						"1.2667": {
							"vector": [0, 0, 0],
							"easing": "easeInOutBack"
						}
					}
				}
			},
			"sound_effects": {
				"0.0": {
					"effect": "halor_sniper_sfx"
				},
				"0.1": {
					"effect": "halor_sniper_draw"
				},
				"1.0": {
					"effect": "halor_sfx_4"
				}
			}
		},
		"animation.model.reload": {
			"loop": "hold_on_last_frame",
			"animation_length": 2.2,
			"blend_weight": 1,
			"bones": {
				"main": {
					"rotation": {
						"0.0": {
							"vector": [0, 0, 0]
						},
						"0.6": {
							"vector": [-10.81684, -1.7842, -15.35404],
							"easing": "easeInOutBack"
						},
						"0.65": {
							"vector": [0.18598, -1.90148, 2.15647]
						},
						"0.6833": {
							"vector": [4.07104, -1.40038, -3.91535]
						},
						"0.9": {
							"vector": [7.24721, -1.93597, 4.87739],
							"easing": "easeOutBack"
						},
						"1.4": {
							"vector": [4.9954, -0.43461, -7.53322],
							"easing": "easeInOutCubic"
						},
						"1.5": {
							"vector": [-14.85012, -1.4557, -17.76323],
							"easing": "easeOutBack"
						},
						"1.55": {
							"vector": [-14.99555, -0.81929, -15.46398]
						},
						"1.95": {
							"vector": [5.64417, -5.04875, 8.10604],
							"easing": "easeInQuad"
						},
						"2.2": {
							"vector": [0, 0, 0],
							"easing": "easeInElastic"
						}
					},
					"position": {
						"0.0": {
							"vector": [0, 0, 0]
						},
						"0.5": {
							"vector": [-2, 4, 3],
							"easing": "easeInOutSine"
						},
						"0.8": {
							"vector": [-2, 2, 3],
							"easing": "easeOutBack"
						},
						"1.3": {
							"vector": [-2, 3, 4],
							"easing": "easeInOutCubic"
						},
						"1.5": {
							"vector": [-2, 4, 3],
							"easing": "easeOutBack"
						},
						"1.9": {
							"vector": [-2, -2, 0],
							"easing": "easeInOutSine"
						},
						"2.1": {
							"vector": [0, 0, 0],
							"easing": "easeInOutSine"
						}
					},
					"scale": {
						"0.6": {
							"vector": [1, 1, 1]
						},
						"0.8": {
							"vector": [1, 1.05, 1],
							"easing": "easeOutBounce"
						},
						"0.9": {
							"vector": [1, 1, 1]
						},
						"1.4": {
							"vector": [1, 1, 1]
						},
						"1.5": {
							"vector": [1, 0.95, 1],
							"easing": "easeOutBounce"
						},
						"1.6": {
							"vector": [1, 1, 1]
						}
					}
				},
				"magazine": {
					"rotation": {
						"0.0": {
							"vector": [0, 0, 0]
						},
						"0.6": {
							"vector": [0, 0, 0]
						},
						"0.8": {
							"vector": [14.27737, -1.01092, -5.32025],
							"easing": "easeOutBack"
						},
						"1.4": {
							"vector": [14.27737, -1.01092, -5.32025],
							"easing": "linear"
						},
						"1.5": {
							"vector": [0, 0, 0],
							"easing": "easeOutCubic"
						}
					},
					"position": {
						"0.0": {
							"vector": [0, 0, 0]
						},
						"0.6": {
							"vector": [0, 0, 0]
						},
						"0.8": {
							"vector": [0, -35, 9],
							"easing": "easeOutBack"
						},
						"1.4": {
							"vector": [0, -35, 9],
							"easing": "linear"
						},
						"1.5": {
							"vector": [0, 0, 0],
							"easing": "easeOutCubic"
						}
					}
				},
				"leftarm": {
					"rotation": {
						"0.0": {
							"vector": [0, 0, 0]
						},
						"0.6": {
							"vector": [-20.96319, -3.65402, 9.67668],
							"easing": "easeInOutSine"
						},
						"0.8": {
							"vector": [34.15024, 11.3007, 10.85009],
							"easing": "easeOutBack"
						},
						"1.4": {
							"vector": [43.93726, 21.32368, 81.12433]
						},
						"1.5": {
							"vector": [6.94694, 44.86898, 71.38796],
							"easing": "easeOutCubic"
						},
						"1.7": {
							"vector": [6.94694, 44.86898, 71.38796],
							"easing": "easeOutBack"
						},
						"2.0": {
							"vector": [0, 0, 0],
							"easing": "easeInOutBack"
						}
					},
					"position": {
						"0.0": {
							"vector": [0, 0, 0]
						},
						"0.5": {
							"vector": [1.55, -14.525, 11.3],
							"easing": "easeInOutSine"
						},
						"0.6": {
							"vector": [1.55, -14.525, 11.3],
							"easing": "linear"
						},
						"0.8": {
							"vector": [-1.45, -30.52, 28.3],
							"easing": "easeOutBack"
						},
						"1.4": {
							"vector": [1.55, -30.52, 28.3]
						},
						"1.5": {
							"vector": [1.55, -14.525, 11.3],
							"easing": "easeOutCubic"
						},
						"1.7": {
							"vector": [1.55, -14.525, 11.3],
							"easing": "easeOutBack"
						},
						"1.9": {
							"vector": [0, 0, 0],
							"easing": "easeInBack"
						}
					}
				},
				"stockfeet and handle": {
					"rotation": {
						"0.0": {
							"vector": [0, 0, 0]
						},
						"0.2": {
							"vector": [10, 0, 0],
							"easing": "easeInOutSine"
						},
						"0.5": {
							"vector": [-10, 0, 0],
							"easing": "easeInOutSine"
						},
						"0.8": {
							"vector": [25, 0, 0],
							"easing": "easeInOutSine"
						},
						"1.4": {
							"vector": [20, 0, 0],
							"easing": "easeInOutSine"
						},
						"1.5": {
							"vector": [-25, 0, 0],
							"easing": "easeInOutSine"
						},
						"1.7": {
							"vector": [0, 0, 0],
							"easing": "easeInOutSine"
						},
						"1.9": {
							"vector": [5, 0, 0],
							"easing": "easeInOutSine"
						},
						"2.0": {
							"vector": [0, 0, 0],
							"easing": "easeInOutSine"
						}
					}
				},
				"_camera_": {
					"rotation": {
						"0.0": {
							"vector": [0, 0, 0]
						},
						"0.2": {
							"vector": [0, 0, -2.5],
							"easing": "easeInOutSine"
						},
						"0.5": {
							"vector": [-2, 0, 0],
							"easing": "easeInOutSine"
						},
						"0.8": {
							"vector": [3.0019, 0.08722, 2.49848],
							"easing": "easeOutBack"
						},
						"1.3": {
							"vector": [0, 0, 0],
							"easing": "easeInOutSine"
						},
						"1.5": {
							"vector": [-2.5, 0, -5],
							"easing": "easeOutBack"
						},
						"1.9": {
							"vector": [2.5, 0, 0],
							"easing": "easeInOutSine"
						},
						"2.2": {
							"vector": [0, 0, 0],
							"easing": "easeInOutSine"
						}
					}
				}
			},
			"sound_effects": {
				"0.0": {
					"effect": "halor_sniper_reload"
				}
			}
		},
		"animation.model.inspect": {
			"loop": "hold_on_last_frame",
			"animation_length": 6.2333,
			"bones": {
				"main": {
					"rotation": {
						"0.0": {
							"vector": [0, 0, 0]
						},
						"0.6": {
							"vector": [1.11775, -34.05444, -15.14371],
							"easing": "easeInOutSine"
						},
						"1.7": {
							"vector": [16.80301, -32.7368, -20.91946],
							"easing": "easeInOutBack"
						},
						"2.5": {
							"vector": [-16.23624, -32.99874, 36.38627],
							"easing": "easeInOutBack"
						},
						"3.3": {
							"vector": [-19.77677, -33.83047, 43.00842],
							"easing": "easeInOutBack"
						},
						"3.8": {
							"vector": [-28.74, -33, 36.39],
							"easing": "easeInOutSine"
						},
						"4.2": {
							"vector": [-29.77397, -34.17419, 33.74039],
							"easing": "easeInBack"
						},
						"4.5": {
							"vector": [-29.77397, -34.17419, 33.74039],
							"easing": "easeInOutCubic"
						},
						"4.7": {
							"vector": [-30.04041, -32.17911, 37.88246],
							"easing": "easeInBack"
						},
						"4.9": {
							"vector": [-27.94063, -35.62252, 30.53676],
							"easing": "easeInOutCubic"
						},
						"5.1": {
							"vector": [-28.9238, -33.16353, 35.81419],
							"easing": "easeInBack"
						},
						"5.4": {
							"vector": [-29.77397, -34.17419, 33.74039],
							"easing": "easeInOutCubic"
						},
						"6.2": {
							"vector": [0, 0, 0],
							"easing": "easeInOutBack"
						}
					},
					"position": {
						"0.0": {
							"vector": [0, 0, 0]
						},
						"0.5": {
							"vector": [-2, 3, 2],
							"easing": "easeInOutSine"
						},
						"1.7": {
							"vector": [0, 1, -1],
							"easing": "easeInOutSine"
						},
						"2.4": {
							"vector": [2, 1, 1],
							"easing": "easeInOutBack"
						},
						"3.2": {
							"vector": [2, 0, 1],
							"easing": "easeInOutSine"
						},
						"3.7": {
							"vector": [2, -3, 5],
							"easing": "easeInOutSine"
						},
						"4.1": {
							"vector": [2, -2, 5],
							"easing": "easeInOutSine"
						},
						"4.4": {
							"vector": [2, 0, 5],
							"easing": "easeInOutCubic"
						},
						"4.7": {
							"vector": [2, -2.65, 5],
							"easing": "easeInSine"
						},
						"4.9": {
							"vector": [2, -1.5, 5],
							"easing": "easeInOutCubic"
						},
						"5.1": {
							"vector": [2, -2.65, 5],
							"easing": "easeInBack"
						},
						"5.3": {
							"vector": [2, -2, 5],
							"easing": "easeInSine"
						},
						"6.1": {
							"vector": [0, 0, 0],
							"easing": "easeInOutBack"
						}
					},
					"scale": {
						"4.5": {
							"vector": [1, 1, 1]
						},
						"4.7": {
							"vector": [1, 0.95, 1],
							"easing": "easeInBack"
						},
						"4.9": {
							"vector": [1, 1, 1]
						},
						"5.1": {
							"vector": [1, 0.95, 1],
							"easing": "easeInBack"
						},
						"5.3": {
							"vector": [1, 1, 1]
						}
					}
				},
				"leftarm": {
					"rotation": {
						"0.0": {
							"vector": [0, 0, 0]
						},
						"0.6": {
							"vector": [-0.44606, 12.38477, 11.53235],
							"easing": "easeInOutSine"
						},
						"1.7": {
							"vector": [-0.45, 12.38, 11.53]
						},
						"2.5": {
							"vector": [-0.19284, 8.07638, -0.61616],
							"easing": "easeInOutBack"
						},
						"3.3": {
							"vector": [-0.19, 8.08, -0.62]
						},
						"3.8": {
							"vector": [16.39287, 17.05797, -4.64093],
							"easing": "easeInOutSine"
						},
						"4.2": {
							"vector": [5.83782, 13.94321, 16.00965],
							"easing": "easeInCubic"
						},
						"4.5": {
							"vector": [-28.38297, -13.54632, -21.16741],
							"easing": "easeInOutCubic"
						},
						"4.7": {
							"vector": [-26.81082, -6.75745, -31.78603],
							"easing": "easeInOutCubic"
						},
						"4.9": {
							"vector": [-28.38297, -13.54632, -21.16741],
							"easing": "easeInOutCubic"
						},
						"5.1": {
							"vector": [-26.81082, -6.75745, -31.78603],
							"easing": "easeInOutCubic"
						},
						"5.3": {
							"vector": [-8.16395, 18.5166, -6.13495],
							"easing": "easeInOutCubic"
						},
						"5.8": {
							"vector": [0, 0, 0],
							"easing": "easeInOutCubic"
						}
					},
					"position": {
						"0.0": {
							"vector": [0, 0, 0]
						},
						"0.6": {
							"vector": [3, 0, -1],
							"easing": "easeInOutSine"
						},
						"1.7": {
							"vector": [3, 0, -1]
						},
						"2.5": {
							"vector": [1, 0, 0],
							"easing": "easeInOutBack"
						},
						"3.3": {
							"vector": [1, 0, 0]
						},
						"3.7": {
							"vector": [11, 15, 0],
							"easing": "easeInOutSine"
						},
						"4.1": {
							"vector": [11, 15, 0],
							"easing": "easeInOutSine"
						},
						"4.4": {
							"vector": [11, 22, 0],
							"easing": "easeInOutSine"
						},
						"4.6": {
							"vector": [9, 22, 0],
							"easing": "easeInOutSine"
						},
						"4.8": {
							"vector": [11, 22, 0],
							"easing": "easeInOutSine"
						},
						"5.0": {
							"vector": [9, 22, 0],
							"easing": "easeInOutSine"
						},
						"5.2": {
							"vector": [11, 22, 0],
							"easing": "easeInOutSine"
						},
						"5.7": {
							"vector": [0, 0, 0],
							"easing": "easeInOutCubic"
						}
					}
				},
				"stockfeet and handle": {
					"rotation": {
						"0.0": {
							"vector": [0, 0, 0]
						},
						"1.0": {
							"vector": [0, 0, 0]
						},
						"1.5": {
							"vector": [2.5, 0, 0],
							"easing": "easeInOutBack"
						},
						"1.9": {
							"vector": [0, 0, 0],
							"easing": "easeInOutSine"
						},
						"4.4": {
							"vector": [0, 0, 0]
						},
						"4.7": {
							"vector": [-5, 0, 0],
							"easing": "easeInOutBack"
						},
						"4.9": {
							"vector": [0, 0, 0]
						},
						"5.1": {
							"vector": [-5, 0, 0],
							"easing": "easeInOutBack"
						},
						"5.3": {
							"vector": [0, 0, 0]
						}
					}
				},
				"_camera_": {
					"rotation": {
						"0.0": {
							"vector": [0, 0, 0]
						},
						"0.6": {
							"vector": [2.5, 2.5, -2.5],
							"easing": "easeInOutSine"
						},
						"1.7": {
							"vector": [2.49999, -2.49525, -2.71803],
							"easing": "easeInOutSine"
						},
						"2.5": {
							"vector": [2.3888, -2.60189, 0],
							"easing": "easeInOutSine"
						},
						"3.8": {
							"vector": [4.89703, -5.09782, -0.10463],
							"easing": "easeInOutSine"
						},
						"4.2": {
							"vector": [2.39703, -5.09782, -0.10463],
							"easing": "easeInOutSine"
						},
						"4.7": {
							"vector": [2.62053, -4.99049, -2.60732],
							"easing": "easeInBack"
						},
						"4.9": {
							"vector": [2.4, -5.1, -0.1],
							"easing": "easeInOutSine"
						},
						"5.1": {
							"vector": [2.62053, -4.99049, -2.60732],
							"easing": "easeInBack"
						},
						"5.3": {
							"vector": [2.4, -5.1, -0.1],
							"easing": "easeInOutSine"
						},
						"6.0": {
							"vector": [0, 0, 0],
							"easing": "easeInOutBack"
						}
					}
				}
			},
			"sound_effects": {
				"0.0333": {
					"effect": "halor_sniper_sfx"
				},
				"1.0": {
					"effect": "halor_sfx_3"
				},
				"1.8667": {
					"effect": "halor_sniper_sfx1"
				},
				"3.3": {
					"effect": "halor_sfx_3"
				},
				"4.1": {
					"effect": "halor_sniper_sfx3"
				},
				"4.7": {
					"effect": "halor_sniper_sfx4"
				},
				"5.0": {
					"effect": "halor_sniper_sfx4"
				},
				"5.6333": {
					"effect": "halor_sniper_sfx2"
				}
			}
		},
		"animation.model.reloadempty": {
			"animation_length": 3.2,
			"bones": {
				"main": {
					"rotation": {
						"0.0": {
							"vector": [0, 0, 0]
						},
						"0.6": {
							"vector": [-38.29102, -28.44436, -18.62222],
							"easing": "easeInOutBack"
						},
						"0.7": {
							"vector": [-28.09287, -26.173, -13.60364]
						},
						"0.8": {
							"vector": [-29.05668, -28.31433, -18.0541]
						},
						"1.5333": {
							"vector": [-32.05586, -23.51603, -8.93668],
							"easing": "easeInOutElastic"
						},
						"1.6167": {
							"vector": [-32.48, -27.33, -16.09],
							"easing": "easeInOutSine"
						},
						"1.6833": {
							"vector": [-31.11014, -26.05488, -13.89544],
							"easing": "easeInOutSine"
						},
						"2.1333": {
							"vector": [-36.6426, -10.71837, 0.64499],
							"easing": "easeInOutSine"
						},
						"2.5": {
							"vector": [-37.93754, -1.59708, 12.63554],
							"easing": "easeOutBack"
						},
						"2.6": {
							"vector": [-36.6426, -10.71837, 0.64499],
							"easing": "easeInOutSine"
						},
						"2.65": {
							"vector": [-33.44317, -7.07296, 6.25522]
						},
						"2.7": {
							"vector": [-27.47865, -8.5397, 3.08555]
						},
						"2.9": {
							"vector": [1, -1, 10]
						},
						"3.1": {
							"vector": [0, 0, 0],
							"easing": "easeInElastic"
						}
					},
					"position": {
						"0.0": {
							"vector": [0, 0, 0]
						},
						"0.35": {
							"vector": [-5, 5, 3],
							"easing": "easeInOutSine"
						},
						"0.5": {
							"vector": [-5, 0, 3],
							"easing": "easeInOutSine"
						},
						"0.7": {
							"vector": [-4, -2, 2]
						},
						"1.0": {
							"vector": [-4, 0, 0]
						},
						"1.5333": {
							"vector": [-4, -0.5, 0],
							"easing": "easeInOutElastic"
						},
						"1.6": {
							"vector": [-4.5, 0.5, 0],
							"easing": "easeInOutSine"
						},
						"2.1": {
							"vector": [-4, -3, 2],
							"easing": "easeInOutBack"
						},
						"2.3167": {
							"vector": [-4, -3, 4],
							"easing": "easeInOutBack"
						},
						"2.5": {
							"vector": [-4, -4, 5],
							"easing": "easeInOutSine"
						},
						"2.65": {
							"vector": [-4, -3, 4],
							"easing": "easeInSine"
						},
						"2.8": {
							"vector": [1, -2, 2],
							"easing": "easeInOutSine"
						},
						"2.9": {
							"vector": [-1.54, -0.33, 0.33]
						},
						"3.05": {
							"vector": [0, 0, 0],
							"easing": "easeInElastic"
						}
					},
					"scale": {
						"vector": [1, 1, 1]
					}
				},
				"bullet": {
					"rotation": {
						"2.0": {
							"vector": [0, 0, 0]
						},
						"2.1": {
							"vector": [-10, 0, 0],
							"easing": "easeInOutBack"
						},
						"2.3": {
							"vector": [0, 0, 0]
						},
						"2.3333": {
							"vector": [0, 0, 10],
							"easing": "linear"
						},
						"2.5333": {
							"vector": [0, 0, 0]
						}
					},
					"position": {
						"0.0": {
							"vector": [0, -2, 0]
						},
						"1.0": {
							"vector": [0, -1, 0]
						},
						"1.0333": {
							"vector": [0, 0, 0]
						},
						"2.0": {
							"vector": [0, 0, 0]
						},
						"2.1": {
							"vector": [0, 1, 0],
							"easing": "easeInOutBack"
						},
						"2.3": {
							"vector": [0, 2, 0],
							"easing": "linear"
						},
						"2.4": {
							"vector": [0, 2, -14],
							"easing": "easeOutBack"
						},
						"2.5333": {
							"vector": [0, 0, 0]
						}
					},
					"scale": {
						"2.1": {
							"vector": [1, 1, 1]
						},
						"2.3": {
							"vector": [1, 1, 1]
						},
						"2.4": {
							"vector": [0, 0, 0],
							"easing": "easeInOutCirc"
						},
						"2.5333": {
							"vector": [0, 0, 0]
						},
						"2.6": {
							"vector": [1, 1, 1]
						}
					}
				},
				"leftarm": {
					"rotation": {
						"0.0": {
							"vector": [0, 0, 0]
						},
						"0.6": {
							"vector": [-20.96319, -3.65402, 9.67668],
							"easing": "easeInOutSine"
						},
						"0.8667": {
							"vector": [34.26107, 16.28469, 11.2652],
							"easing": "easeOutBack"
						},
						"1.2": {
							"vector": [34.15024, 11.3007, 10.85009],
							"easing": "linear"
						},
						"1.3833": {
							"vector": [48.40843, 15.1388, 101.37894],
							"easing": "easeInOutCubic"
						},
						"1.5333": {
							"vector": [48.40843, 15.1388, 101.37894],
							"easing": "easeInOutCubic"
						},
						"1.6167": {
							"vector": [15.19935, 42.48188, 72.4453],
							"easing": "easeOutSine"
						},
						"2.1333": {
							"vector": [-38.56115, 1.33071, 25.38095],
							"easing": "easeInOutBack"
						},
						"2.5": {
							"vector": [-56.06, 1.33, 25.38],
							"easing": "easeOutBack"
						},
						"2.7": {
							"vector": [-63.822, 20.8261, 25.66923],
							"easing": "easeOutBack"
						},
						"2.9": {
							"vector": [0, 0, 0],
							"easing": "easeInOutSine"
						}
					},
					"position": {
						"0.0": {
							"vector": [0, 0, 0]
						},
						"0.5": {
							"vector": [1.55, -14.525, 11.3],
							"easing": "easeInOutSine"
						},
						"0.6": {
							"vector": [1.55, -14.525, 11.3],
							"easing": "linear"
						},
						"0.8667": {
							"vector": [-1.45, -30.52, 33.3],
							"easing": "easeOutBack"
						},
						"1.1833": {
							"vector": [-1.45, -30.52, 28.3],
							"easing": "linear"
						},
						"1.3667": {
							"vector": [-0.45, -14.52, 21.3],
							"easing": "easeInOutCubic"
						},
						"1.5333": {
							"vector": [-0.45, -14.52, 21.3],
							"easing": "easeInOutCubic"
						},
						"1.6": {
							"vector": [1.55, -14.525, 11.3],
							"easing": "easeOutSine"
						},
						"2.1": {
							"vector": [0, -3, 0],
							"easing": "easeInOutBack"
						},
						"2.5": {
							"vector": [0, -3.8, 5],
							"easing": "easeOutBack"
						},
						"2.6667": {
							"vector": [5.6, -3.8, 7.8],
							"easing": "easeOutBack"
						},
						"2.8": {
							"vector": [10.18, -1.48, 3.03],
							"easing": "easeInOutSine"
						},
						"2.9": {
							"vector": [0, 0, 0],
							"easing": "easeInOutSine"
						}
					},
					"scale": {
						"2.1333": {
							"vector": [1, 1, 1]
						},
						"2.5": {
							"vector": [1, 1, 0.8],
							"easing": "easeOutBack"
						},
						"2.6667": {
							"vector": [1, 1, 1],
							"easing": "easeInBounce"
						}
					}
				},
				"magazine": {
					"rotation": {
						"0.0": {
							"vector": [0, 0, 0]
						},
						"0.6": {
							"vector": [0, 0, 0]
						},
						"0.8667": {
							"vector": [24.27737, -1.01092, -5.32025],
							"easing": "easeOutBack"
						},
						"1.2": {
							"vector": [24.27737, -1.01092, -5.32025],
							"easing": "linear"
						},
						"1.3833": {
							"vector": [20.53, -0.13, -0.67],
							"easing": "easeInOutCubic"
						},
						"1.5333": {
							"vector": [20.53, -0.13, -0.67],
							"easing": "easeInOutCubic"
						},
						"1.6167": {
							"vector": [0, 0, 0],
							"easing": "easeOutSine"
						}
					},
					"position": {
						"0.0": {
							"vector": [0, 0, 0]
						},
						"0.6": {
							"vector": [0, 0, 0]
						},
						"0.8667": {
							"vector": [0, -35, 14],
							"easing": "easeOutBack"
						},
						"1.1833": {
							"vector": [0, -35, 9],
							"easing": "linear"
						},
						"1.3667": {
							"vector": [0, -10.19, 5.51],
							"easing": "easeInOutCubic"
						},
						"1.5333": {
							"vector": [0, -10.19, 5.51],
							"easing": "easeInOutCubic"
						},
						"1.6": {
							"vector": [0, 0, 0],
							"easing": "easeOutSine"
						}
					}
				},
				"bullet1": {
					"position": {
						"0.0": {
							"vector": [0, -1, 0]
						},
						"2.3": {
							"vector": [0, -2, 0]
						},
						"2.4333": {
							"vector": [0, 0, 0],
							"easing": "easeOutBack"
						}
					}
				},
				"hammer": {
					"position": {
						"2.1333": {
							"vector": [0, 0, 0]
						},
						"2.5": {
							"vector": [0, 0, 11],
							"easing": "easeOutBack"
						},
						"2.6": {
							"vector": [0, 0, 0],
							"easing": "easeOutBack"
						}
					}
				},
				"stockfeet and handle": {
					"rotation": {
						"0.0": {
							"vector": [0, 0, 0]
						},
						"0.35": {
							"vector": [15, 0, 0]
						},
						"0.6": {
							"vector": [0, 0, 0]
						},
						"0.7": {
							"vector": [-10, 0, 0]
						},
						"0.8": {
							"vector": [0, 0, 0]
						},
						"1.5333": {
							"vector": [0, 0, 0]
						},
						"1.6167": {
							"vector": [-10, 0, 0]
						},
						"1.7": {
							"vector": [2.5, 0, 0]
						},
						"1.75": {
							"vector": [0, 0, 0]
						},
						"2.1333": {
							"vector": [0, 0, 0]
						},
						"2.5": {
							"vector": [5, 0, 0],
							"easing": "easeOutBack"
						},
						"2.6": {
							"vector": [-5, 0, 0]
						},
						"2.8": {
							"vector": [-5, 0, 0]
						},
						"2.9": {
							"vector": [5, 0, 0]
						},
						"3.0": {
							"vector": [0, 0, 0]
						}
					}
				},
				"_camera_": {
					"rotation": {
						"0.0": {
							"vector": [0, 0, 0]
						},
						"0.6": {
							"vector": [2.5, 2.5, 0],
							"easing": "easeInOutBack"
						},
						"0.8": {
							"vector": [4.27264, 2.70832, -5.00083],
							"easing": "easeOutBack"
						},
						"1.5333": {
							"vector": [1, 0, 0],
							"easing": "easeInElastic"
						},
						"1.6167": {
							"vector": [-1, 0, 2.5],
							"easing": "easeOutBack"
						},
						"2.1333": {
							"vector": [1.00015, 0.99985, 0.01745],
							"easing": "easeInOutSine"
						},
						"2.5": {
							"vector": [1.89307, 2.10178, -2.96273],
							"easing": "easeOutBack"
						},
						"2.6": {
							"vector": [1.00015, 0.99985, 0.01745],
							"easing": "easeInOutSine"
						},
						"2.8": {
							"vector": [1, 0, 0],
							"easing": "easeInOutSine"
						},
						"3.0": {
							"vector": [0, 0, 0],
							"easing": "easeInElastic"
						}
					}
				}
			},
			"sound_effects": {
				"0.0333": {
					"effect": "halor_sfx_1"
				},
				"0.4667": {
					"effect": "halor_sniper_reloadempty"
				}
			}
		},
		"animation.model.fire": {
			"loop": true,
			"animation_length": 0.9333,
			"bones": {
				"main": {
					"rotation": {
						"0.0": {
							"vector": [0, 0, 0]
						},
						"0.0333": {
							"vector": [-0.21979, 0.0096, 2.49998]
						},
						"0.0667": {
							"vector": [-5.09097, -0.43999, -3.73023]
						},
						"0.1": {
							"vector": [-9.91615, 1.29876, 7.38733],
							"easing": "linear"
						},
						"0.1333": {
							"vector": [-10.04188, 0.43626, 2.5007]
						},
						"0.9": {
							"vector": [0, 0, 0],
							"easing": "easeInOutBack"
						}
					},
					"position": {
						"0.0": {
							"vector": [0, 0, 0]
						},
						"0.1": {
							"vector": [0, 3, 10],
							"easing": "easeInOutBack"
						},
						"0.5": {
							"vector": [0, -1.22, -0.51],
							"easing": "easeInSine"
						},
						"0.8": {
							"vector": [0, 0, 0],
							"easing": "easeOutBack"
						}
					},
					"scale": {
						"0.0": {
							"vector": [1, 1, 1]
						},
						"0.1": {
							"vector": [1, 1, 0.9],
							"easing": "easeOutBounce"
						},
						"0.2": {
							"vector": [1, 1, 1],
							"easing": "easeOutBack"
						}
					}
				},
				"hammer": {
					"position": {
						"0.0": {
							"vector": [0, 0, 0]
						},
						"0.0667": {
							"vector": [0, 0, 12],
							"easing": "easeOutBack"
						},
						"0.1333": {
							"vector": [0, 0, 12],
							"easing": "linear"
						},
						"0.2667": {
							"vector": [0, 0, 0],
							"easing": "easeInBack"
						}
					}
				},
				"stockfeet and handle": {
					"rotation": {
						"0.0": {
							"vector": [0, 0, 0]
						},
						"0.0333": {
							"vector": [20, 0, 0]
						},
						"0.1": {
							"vector": [-20, 0, 0]
						},
						"0.5": {
							"vector": [0, 0, 0],
							"easing": "easeInBack"
						}
					}
				},
				"bullet": {
					"rotation": {
						"0.0": {
							"vector": [0, 0, 0]
						},
						"0.0667": {
							"vector": [0, 0, 0]
						},
						"0.1": {
							"vector": [-8.25, 17.5, 0]
						},
						"0.2": {
							"vector": [7.15693, 49.42141, -39.46974]
						},
						"0.3667": {
							"vector": [34.04085, 59.18532, -29.8048]
						},
						"0.4": {
							"vector": [34.04085, 59.18532, -29.8048]
						},
						"0.5": {
							"vector": [0, 0, 0]
						}
					},
					"position": {
						"0.0": {
							"vector": [0, 0, 0]
						},
						"0.0667": {
							"vector": [-1.10225, 1.99349, -0.23358]
						},
						"0.1": {
							"vector": [-4.3717, 2.92082, -1.17752]
						},
						"0.2": {
							"vector": [-22.56403, 0.27775, 0.90952],
							"easing": "easeInSine"
						},
						"0.3667": {
							"vector": [-56.43327, -12.59296, 0.83514],
							"easing": "easeOutSine"
						},
						"0.4": {
							"vector": [-56.47, -5.59, 35.02],
							"easing": "easeOutSine"
						},
						"0.4667": {
							"vector": [-0.23, -7.6, 35.51]
						},
						"0.5": {
							"vector": [0, 0, 0]
						}
					},
					"scale": {
						"0.0": {
							"vector": [1, 1, 1]
						},
						"0.3667": {
							"vector": [1, 1, 1]
						},
						"0.4": {
							"vector": [0, 0, 0]
						},
						"0.5": {
							"vector": [0, 0, 0]
						}
					}
				},
				"leftarm": {
					"rotation": {
						"0.0": {
							"vector": [0, 0, 0]
						},
						"0.1": {
							"vector": [-2.45055, -3.37787, -5.28702],
							"easing": "easeInOutBack"
						},
						"0.3": {
							"vector": [0, 0, 0]
						}
					},
					"position": {
						"0.0": {
							"vector": [0, 0, 0]
						},
						"0.1": {
							"vector": [1, -1, 0],
							"easing": "easeInOutBack"
						},
						"0.3": {
							"vector": [0, 0, 0]
						}
					}
				},
				"handler tube": {
					"rotation": {
						"0.0": {
							"vector": [0, 0, 0]
						},
						"0.0333": {
							"vector": [22.5, 0, 0],
							"easing": "easeInSine"
						},
						"0.1": {
							"vector": [-10, 0, 0],
							"easing": "easeInSine"
						},
						"0.3": {
							"vector": [0, 0, 0],
							"easing": "easeInOutBack"
						}
					}
				},
				"bullet1": {
					"rotation": {
						"0.0667": {
							"vector": [0, 0, 0]
						},
						"0.1": {
							"vector": [-12.5, 0, 0]
						},
						"0.3": {
							"vector": [0, 0, 10],
							"easing": "easeOutBack"
						},
						"0.3667": {
							"vector": [0, 0, 0]
						},
						"0.4": {
							"vector": [0, 0, 0]
						}
					},
					"position": {
						"0.0": {
							"vector": [0, -1, 0]
						},
						"0.0667": {
							"vector": [0, 0, 0]
						},
						"0.1": {
							"vector": [0, 2, 0]
						},
						"0.3": {
							"vector": [0, 2, -12],
							"easing": "easeInBack"
						},
						"0.3667": {
							"vector": [0, 2, -12]
						},
						"0.4": {
							"vector": [0, 0, 0]
						}
					},
					"scale": {
						"0.2667": {
							"vector": [1, 1, 1]
						},
						"0.3": {
							"vector": [0, 0, 0],
							"easing": "linear"
						},
						"0.4": {
							"vector": [0, 0, 0]
						},
						"0.4333": {
							"vector": [1, 1, 1]
						}
					}
				},
				"_camera_": {
					"rotation": {
						"0.0": {
							"vector": [0, 0, 0]
						},
						"0.1": {
							"vector": [-2.5, 0, 5],
							"easing": "easeInBack"
						},
						"0.3": {
							"vector": [0, 0, -2.5],
							"easing": "easeInOutSine"
						},
						"0.6": {
							"vector": [0, 0, 0],
							"easing": "easeInOutBack"
						}
					}
				}
			},
			"sound_effects": {
				"0.2167": {
					"effect": "halor_sniper_sfx4"
				}
			}
		}
	},
	"geckolib_format_version": 2
}