{
	"format_version": "1.8.0",
	"animations": {
		"animation.model.draw": {
			"loop": true,
			"animation_length": 1.0333,
			"bones": {
				"main": {
					"rotation": {
						"0.0": {
							"vector": [9.65389, -51.86576, 77.79698]
						},
						"0.4": {
							"vector": [-29.88659, -0.0868, -10.58808],
							"easing": "easeInOutBack"
						},
						"0.7333": {
							"vector": [1.86, -0.15, 5.66]
						},
						"0.7667": {
							"vector": [1.3, -0.11, 3.94]
						},
						"0.8": {
							"vector": [0.3, -0.03, 0.93]
						},
						"0.8333": {
							"vector": [-0.12, 0.01, -0.36]
						},
						"0.8667": {
							"vector": [-0.04, 0, -0.14]
						},
						"0.9": {
							"vector": [0, 0, 0],
							"easing": "linear"
						}
					},
					"position": {
						"0.0": {
							"vector": [0, -17.3, 13]
						},
						"0.3667": {
							"vector": [0, 4, -8],
							"easing": "easeInOutBack"
						},
						"0.8667": {
							"vector": [0, 0, 0],
							"easing": "easeInOutBack"
						}
					},
					"scale": {
						"0.0": {
							"vector": [1, 1, 1]
						},
						"0.2333": {
							"vector": [1, 1.1, 1]
						},
						"0.4": {
							"vector": [1, 0.9, 1],
							"easing": "easeInOutBack"
						},
						"0.5": {
							"vector": [1, 1, 1]
						},
						"0.6": {
							"vector": [1, 1, 1]
						},
						"0.7": {
							"vector": [1, 0.95, 1],
							"easing": "easeInOutBack"
						},
						"0.9": {
							"vector": [1, 1, 1],
							"easing": "linear"
						}
					}
				},
				"leftarm": {
					"rotation": {
						"0.4": {
							"vector": [47.5, 0, 0]
						},
						"0.7667": {
							"vector": [0, 0, 0],
							"easing": "easeInOutBack"
						}
					},
					"position": {
						"0.4": {
							"vector": [12, -2, 47]
						},
						"0.7": {
							"vector": [0, 0, 0],
							"easing": "easeInOutQuint"
						}
					}
				},
				"gun": {
					"rotation": {
						"0.0": {
							"vector": [0, 0, 0]
						},
						"0.2333": {
							"vector": [2.5, 0, 0]
						},
						"0.4": {
							"vector": [-1.99878, -0.06978, -1.99878],
							"easing": "easeInOutBack"
						},
						"0.6": {
							"vector": [0, 0, 0]
						}
					}
				},
				"tube": {
					"rotation": {
						"0.0": {
							"vector": [0, 0, 0]
						},
						"0.1333": {
							"vector": [80, 0, 0],
							"easing": "easeInOutSine"
						},
						"0.4": {
							"vector": [0, 0, 0],
							"easing": "easeInOutBack"
						}
					}
				},
				"handle": {
					"rotation": {
						"0.0": {
							"vector": [0, 0, 0]
						},
						"0.2333": {
							"vector": [0, 0, -20],
							"easing": "easeInOutBack"
						},
						"0.4": {
							"vector": [0, 0, 30],
							"easing": "easeInOutBack"
						},
						"0.5": {
							"vector": [0, 0, -10]
						},
						"0.6": {
							"vector": [0, 0, 0]
						},
						"0.7333": {
							"vector": [0, 0, 5]
						},
						"0.8333": {
							"vector": [0, 0, -5]
						},
						"0.9333": {
							"vector": [0, 0, 0]
						}
					}
				},
				"_camera_": {
					"rotation": {
						"0.0": {
							"vector": [0, 0, 0]
						},
						"0.1333": {
							"vector": [0, 0, 2],
							"easing": "easeInCubic"
						},
						"0.4": {
							"vector": [0, 0, 1],
							"easing": "easeInOutBack"
						},
						"0.6": {
							"vector": [0, 0, 0]
						},
						"0.7": {
							"vector": [1, 0, 0],
							"easing": "easeInOutBack"
						},
						"0.9": {
							"vector": [0, 0, 0]
						}
					}
				}
			},
			"sound_effects": {
				"0.0": {
					"effect": "halor_grenade_launcher_draw"
				}
			}
		},
		"animation.model.inspect": {
			"loop": true,
			"animation_length": 3.2333,
			"bones": {
				"main": {
					"rotation": {
						"0.0": {
							"vector": [0, 0, 0]
						},
						"0.4": {
							"vector": [-19.86765, 7.64974, 53.36249],
							"easing": "easeInOutBack"
						},
						"1.7333": {
							"vector": [-21.66643, 9.32151, 58.1247],
							"easing": "easeInOutBack"
						},
						"2.0333": {
							"vector": [-17.19615, -0.14775, 53.51454],
							"easing": "easeInOutBack"
						},
						"2.6": {
							"vector": [-24.62, -1.62, 48.74],
							"easing": "easeInElastic"
						},
						"2.8333": {
							"vector": [-22.16644, -0.67756, 51.05605],
							"easing": "easeInOutBack"
						},
						"3.1667": {
							"vector": [0, 0, 0],
							"easing": "easeInElastic"
						}
					},
					"position": {
						"0.0": {
							"vector": [0, 0, 0]
						},
						"0.3667": {
							"vector": [0, 1, -3],
							"easing": "easeInOutBack"
						},
						"1.7": {
							"vector": [1, 1, -4],
							"easing": "easeInOutBack"
						},
						"2.0": {
							"vector": [0, 3, 0],
							"easing": "easeInOutBack"
						},
						"2.5667": {
							"vector": [0, 3, -1],
							"easing": "easeInElastic"
						},
						"2.8": {
							"vector": [0.3, 4, -1],
							"easing": "easeOutBack"
						},
						"3.1333": {
							"vector": [0, 0, 0],
							"easing": "easeOutQuad"
						}
					},
					"scale": {
						"0.0": {
							"vector": [1, 1, 1]
						},
						"0.2": {
							"vector": [1, 0.95, 1]
						},
						"0.4": {
							"vector": [1, 1.05, 1]
						},
						"0.5": {
							"vector": [1, 1, 1]
						},
						"1.7333": {
							"vector": [1, 1, 1]
						},
						"1.9": {
							"vector": [1.05, 1.05, 1]
						},
						"2.0333": {
							"vector": [1, 1, 1]
						},
						"2.5667": {
							"vector": [1, 1, 1]
						},
						"2.8333": {
							"vector": [1.04, 0.95, 1]
						},
						"3.1667": {
							"vector": [1, 1, 1]
						}
					}
				},
				"leftarm": {
					"rotation": {
						"0.0": {
							"vector": [0, 0, 0]
						},
						"0.4667": {
							"vector": [-15.79559, 14.04833, -53.39492],
							"easing": "easeInOutBack"
						},
						"1.7333": {
							"vector": [-15.8, 14.05, -53.39]
						},
						"1.9667": {
							"vector": [-14.24073, 24.85579, -42.21013],
							"easing": "easeInOutBack"
						},
						"2.6": {
							"vector": [-14.24073, 24.85579, -42.21013],
							"easing": "linear"
						},
						"2.7333": {
							"vector": [2.0265, 19.02404, 11.66635]
						},
						"2.8333": {
							"vector": [0, 0, 0]
						}
					},
					"position": {
						"0.0": {
							"vector": [0, 0, 0]
						},
						"0.4333": {
							"vector": [9, 20, -2],
							"easing": "easeInOutBack"
						},
						"1.7333": {
							"vector": [9, 20, -2]
						},
						"1.9333": {
							"vector": [9, 17, -3],
							"easing": "easeInOutBack"
						},
						"2.6": {
							"vector": [9, 17, -3],
							"easing": "linear"
						},
						"2.6333": {
							"vector": [12.67, 12.33, -2]
						},
						"2.6667": {
							"vector": [9.34, 4.67, -1]
						},
						"2.7": {
							"vector": [2, -3, 0]
						},
						"2.8": {
							"vector": [0, 0, 0]
						}
					}
				},
				"tube": {
					"rotation": {
						"0.0": {
							"vector": [0, 0, 0]
						},
						"1.7333": {
							"vector": [0, 0, 0]
						},
						"1.9667": {
							"vector": [20, 0, 0],
							"easing": "easeOutBack"
						},
						"2.7": {
							"vector": [20, 0, 0]
						},
						"2.8333": {
							"vector": [0, 0, 0],
							"easing": "easeInOutBack"
						}
					}
				},
				"handle": {
					"rotation": {
						"0.0": {
							"vector": [0, 0, 0]
						},
						"0.4": {
							"vector": [0, 0, 7.5],
							"easing": "linear"
						},
						"0.5": {
							"vector": [0, 0, -5],
							"easing": "linear"
						},
						"0.6": {
							"vector": [0, 0, 0]
						},
						"1.1": {
							"vector": [0, 0, 0]
						},
						"1.2": {
							"vector": [0, 0, 5]
						},
						"1.7333": {
							"vector": [0, 0, 5]
						},
						"1.8333": {
							"vector": [0, 0, -7.5]
						},
						"1.9667": {
							"vector": [0, 0, 5]
						},
						"2.1": {
							"vector": [0, 0, 0]
						},
						"2.7333": {
							"vector": [0, 0, 0]
						},
						"2.8333": {
							"vector": [0, 0, 8.75]
						},
						"3.0": {
							"vector": [0, 0, -5]
						},
						"3.1667": {
							"vector": [0, 0, 0],
							"easing": "easeInOutBack"
						}
					}
				},
				"_camera_": {
					"rotation": {
						"0.0": {
							"vector": [0, 0, 0]
						},
						"0.4": {
							"vector": [2, 0, 0],
							"easing": "easeInOutBack"
						},
						"1.7333": {
							"vector": [3.0035, -2.99741, -0.12225],
							"easing": "easeInOutElastic"
						},
						"1.9": {
							"vector": [2.03379, -0.92933, -2.03122],
							"easing": "easeInOutBack"
						},
						"2.0": {
							"vector": [2, -1, -0.03],
							"easing": "linear"
						},
						"2.7333": {
							"vector": [4.00183, -1.99756, -0.0998],
							"easing": "easeInOutSine"
						},
						"3.1667": {
							"vector": [0, 0, 0],
							"easing": "easeInOutBack"
						}
					}
				}
			},
			"sound_effects": {
				"0.0": {
					"effect": "halor_grenade_launcher_inspect"
				}
			}
		},
		"animation.model.reload": {
			"loop": true,
			"animation_length": 2.2,
			"bones": {
				"main": {
					"rotation": {
						"0.0": {
							"vector": [0, 0, 0]
						},
						"0.1": {
							"vector": [5, 0, 0],
							"easing": "easeInOutSine"
						},
						"0.3": {
							"vector": [-5, 0, 0],
							"easing": "easeInOutSine"
						},
						"0.4667": {
							"vector": [5, 0, 0],
							"easing": "easeInOutBack"
						},
						"0.8": {
							"vector": [-18.64007, -25.01499, 21.81615],
							"easing": "easeInElastic"
						},
						"0.9667": {
							"vector": [-17.67838, -25.67261, 19.57408],
							"easing": "easeInOutSine"
						},
						"1.1333": {
							"vector": [-15.68909, -25.30158, 20.78479],
							"easing": "easeInOutSine"
						},
						"1.2": {
							"vector": [-18.57412, -25.19529, 21.13163],
							"easing": "easeInOutSine"
						},
						"1.4667": {
							"vector": [-19.7212, -24.18848, 24.41693],
							"easing": "easeInOutSine"
						},
						"1.6333": {
							"vector": [-20.12616, -34.52286, -4.93577],
							"easing": "easeInOutBack"
						},
						"2.1": {
							"vector": [0, 0, 0],
							"easing": "easeInElastic"
						}
					},
					"position": {
						"0.0": {
							"vector": [0, 0, 0]
						},
						"0.1": {
							"vector": [0, 3, 0],
							"easing": "easeInOutSine"
						},
						"0.2667": {
							"vector": [0, 6, 0],
							"easing": "easeInOutSine"
						},
						"0.4333": {
							"vector": [0, -2, 0],
							"easing": "easeInOutBack"
						},
						"0.7667": {
							"vector": [1, -8, 1],
							"easing": "easeOutBack"
						},
						"0.9667": {
							"vector": [1.91, -8, 1.91],
							"easing": "easeInOutSine"
						},
						"1.1": {
							"vector": [1.99, -8.5, 1.99],
							"easing": "easeInOutSine"
						},
						"1.4333": {
							"vector": [2, -8, 2],
							"easing": "easeOutBack"
						},
						"1.6": {
							"vector": [1, -1, 1],
							"easing": "easeInOutBack"
						},
						"2.0667": {
							"vector": [0, 0, 0],
							"easing": "easeInOutCubic"
						}
					},
					"scale": {
						"0.2667": {
							"vector": [1, 1, 1]
						},
						"0.4667": {
							"vector": [1, 0.95, 1]
						},
						"0.6": {
							"vector": [1, 1, 1]
						},
						"0.9667": {
							"vector": [1, 1, 1]
						},
						"1.1333": {
							"vector": [1, 0.95, 1]
						},
						"1.2": {
							"vector": [1, 1, 1]
						},
						"1.4667": {
							"vector": [1, 1, 1]
						},
						"1.6333": {
							"vector": [1, 0.95, 1]
						},
						"1.7": {
							"vector": [1, 1, 1]
						}
					}
				},
				"leftarm": {
					"rotation": {
						"0.0": {
							"vector": [0, 0, 0]
						},
						"0.2333": {
							"vector": [12.04914, 52.52146, 6.92341]
						},
						"0.4667": {
							"vector": [-3.72453, 50.00076, 15.20854]
						},
						"0.9667": {
							"vector": [0.41863, 57.59476, 38.68341],
							"easing": "easeInOutBack"
						},
						"1.1333": {
							"vector": [-14.02318, 39.55773, 15.00518],
							"easing": "easeOutCubic"
						},
						"1.4": {
							"vector": [-3.72453, 50.00076, 15.20854]
						},
						"1.7": {
							"vector": [-3.72453, 50.00076, 15.20854]
						},
						"1.9333": {
							"vector": [0, 0, 0],
							"easing": "easeInOutBack"
						}
					},
					"position": {
						"0.0": {
							"vector": [0, 0, 0]
						},
						"0.2": {
							"vector": [18, -14, 15]
						},
						"0.2333": {
							"vector": [24, -17, 15]
						},
						"0.4667": {
							"vector": [35, -1, 25],
							"easing": "easeInOutSine"
						},
						"0.5": {
							"vector": [35.35, -1.26, 25.3],
							"easing": "easeInOutSine"
						},
						"0.5333": {
							"vector": [35.99, -1.72, 25.83],
							"easing": "easeInOutSine"
						},
						"0.5667": {
							"vector": [36.3, -1.95, 26.1],
							"easing": "easeInOutSine"
						},
						"0.6": {
							"vector": [35.67, -0.49, 25.57],
							"easing": "easeInOutSine"
						},
						"0.6333": {
							"vector": [34.49, 2.11, 16.72],
							"easing": "easeInOutSine"
						},
						"0.6667": {
							"vector": [30.14, 8.29, 10.04],
							"easing": "easeInOutSine"
						},
						"0.7": {
							"vector": [25, 10.5, 7],
							"easing": "easeInOutSine"
						},
						"0.7333": {
							"vector": [18.86, 13.71, 2.96],
							"easing": "easeInOutSine"
						},
						"0.7667": {
							"vector": [12.51, 17.89, 2.28],
							"easing": "easeInOutSine"
						},
						"0.8": {
							"vector": [9.33, 18.49, 2.43],
							"easing": "easeInOutSine"
						},
						"0.8333": {
							"vector": [8.7, 18.95, 1.9],
							"easing": "easeInOutSine"
						},
						"0.8667": {
							"vector": [9.01, 18.72, 2.17],
							"easing": "easeInOutSine"
						},
						"0.9": {
							"vector": [9.65, 18.26, 2.7],
							"easing": "easeInOutSine"
						},
						"0.9333": {
							"vector": [10, 18, 3],
							"easing": "easeInOutSine"
						},
						"1.1": {
							"vector": [8, 18, 3],
							"easing": "easeOutCubic"
						},
						"1.3667": {
							"vector": [35, -1, 25],
							"easing": "linear"
						},
						"1.7": {
							"vector": [35, -1, 25],
							"easing": "linear"
						},
						"1.9": {
							"vector": [0, 0, 0],
							"easing": "easeInOutCubic"
						}
					}
				},
				"gun": {
					"rotation": {
						"0.0": {
							"vector": [0, 0, 0]
						},
						"0.1": {
							"vector": [2.5, 0, 0],
							"easing": "easeInOutSine"
						},
						"0.3": {
							"vector": [-2.5, 0, 0],
							"easing": "easeInOutSine"
						},
						"0.4667": {
							"vector": [1, 0, 0],
							"easing": "easeOutSine"
						},
						"0.6": {
							"vector": [0, 0, 0],
							"easing": "easeInOutSine"
						},
						"1.4667": {
							"vector": [0, 0, 0]
						},
						"1.6333": {
							"vector": [-2, 0, 0],
							"easing": "easeInOutBack"
						},
						"1.8": {
							"vector": [0, 0, 0],
							"easing": "easeInOutBack"
						}
					}
				},
				"tube": {
					"rotation": {
						"0.2667": {
							"vector": [0, 0, 0]
						},
						"0.4667": {
							"vector": [80, 0, 0],
							"easing": "easeInOutBack"
						},
						"1.5": {
							"vector": [80, 0, 0]
						},
						"1.7": {
							"vector": [0, 0, 0],
							"easing": "easeInOutBack"
						}
					}
				},
				"magazine": {
					"rotation": {
						"0.0": {
							"vector": [0, 0, 0]
						},
						"0.4667": {
							"vector": [0, 12.5, 0]
						},
						"0.9667": {
							"vector": [0, 12.5, 0],
							"easing": "easeInOutBack"
						},
						"1.1333": {
							"vector": [0, 0, 0],
							"easing": "easeOutCubic"
						}
					},
					"position": {
						"0.0": {
							"vector": [29, -27, 10]
						},
						"0.4667": {
							"vector": [24, -27, -13],
							"easing": "easeInOutSine"
						},
						"0.5": {
							"vector": [24.31, -27.36, -13.24],
							"easing": "easeInOutSine"
						},
						"0.5333": {
							"vector": [24.87, -28.02, -13.68],
							"easing": "easeInOutSine"
						},
						"0.5667": {
							"vector": [25.15, -28.35, -13.9],
							"easing": "easeInOutSine"
						},
						"0.6": {
							"vector": [24.59, -27.7, -13.46],
							"easing": "easeInOutSine"
						},
						"0.6333": {
							"vector": [22.66, -18.43, -11.95],
							"easing": "easeInOutSine"
						},
						"0.6667": {
							"vector": [18.81, -9.91, -8.94],
							"easing": "easeInOutSine"
						},
						"0.7": {
							"vector": [14.5, -6.5, -4],
							"easing": "easeInOutSine"
						},
						"0.7333": {
							"vector": [9.19, -2.09, 0.94],
							"easing": "easeInOutSine"
						},
						"0.7667": {
							"vector": [2.34, 0.43, 4.95],
							"easing": "easeInOutSine"
						},
						"0.8": {
							"vector": [0.41, 0.7, 5.46],
							"easing": "easeInOutSine"
						},
						"0.8333": {
							"vector": [-0.15, 1.35, 5.9],
							"easing": "easeInOutSine"
						},
						"0.8667": {
							"vector": [0.63, 1.02, 5.68],
							"easing": "easeInOutSine"
						},
						"0.9": {
							"vector": [0.69, 0.36, 5.24],
							"easing": "easeInOutSine"
						},
						"0.9333": {
							"vector": [0.3, 0, 5],
							"easing": "easeInOutSine"
						},
						"1.1": {
							"vector": [0, 0, 0],
							"easing": "easeOutCubic"
						}
					},
					"scale": {
						"0.4333": {
							"vector": [0, 0, 0]
						},
						"0.4667": {
							"vector": [1, 1, 1],
							"easing": "step"
						}
					}
				},
				"handle": {
					"rotation": {
						"0.0": {
							"vector": [0, 0, 0]
						},
						"0.2333": {
							"vector": [0, 0, 0]
						},
						"0.3667": {
							"vector": [0, 0, 10]
						},
						"0.4667": {
							"vector": [0, 0, -5]
						},
						"0.6": {
							"vector": [0, 0, 0]
						},
						"1.5": {
							"vector": [0, 0, 0]
						},
						"1.6": {
							"vector": [0, 0, -10]
						},
						"1.7": {
							"vector": [0, 0, 10]
						},
						"1.8": {
							"vector": [0, 0, 0]
						}
					}
				},
				"_camera_": {
					"rotation": {
						"0.0": {
							"vector": [0, 0, 0]
						},
						"0.1": {
							"vector": [0.99985, 0.01745, -0.99985],
							"easing": "easeInOutSine"
						},
						"0.3": {
							"vector": [-0.99985, 0.01745, 0.99985],
							"easing": "easeInOutSine"
						},
						"0.4667": {
							"vector": [1.9997, 0.0349, -0.99939],
							"easing": "easeInOutSine"
						},
						"0.6": {
							"vector": [3.0003, -0.99939, -0.0349],
							"easing": "easeInOutSine"
						},
						"0.7": {
							"vector": [3.02512, -0.92116, -1.52814],
							"easing": "easeInOutSine"
						},
						"0.9667": {
							"vector": [2.95391, -1.12925, 2.46215],
							"easing": "easeInOutSine"
						},
						"1.1333": {
							"vector": [2.99103, -1.02537, 0.46451],
							"easing": "easeInOutBack"
						},
						"1.4667": {
							"vector": [1.99, -1.03, 0],
							"easing": "easeInOutSine"
						},
						"1.6333": {
							"vector": [-1.99878, -0.06978, -1.99878],
							"easing": "easeInOutSine"
						},
						"2.1": {
							"vector": [0, 0, 0],
							"easing": "easeInOutBack"
						}
					}
				}
			},
			"sound_effects": {
				"0.0": {
					"effect": "halor_grenade_launcher_reload"
				}
			}
		},
		"animation.model.reloadempty": {
			"loop": true,
			"animation_length": 2.2,
			"bones": {
				"main": {
					"rotation": {
						"0.0": {
							"vector": [0, 0, 0]
						},
						"0.1": {
							"vector": [5, 0, 0],
							"easing": "easeInOutSine"
						},
						"0.3": {
							"vector": [-5, 0, 0],
							"easing": "easeInOutSine"
						},
						"0.4667": {
							"vector": [5, 0, 0],
							"easing": "easeInOutBack"
						},
						"0.8": {
							"vector": [-18.64007, -25.01499, 21.81615],
							"easing": "easeInElastic"
						},
						"0.9667": {
							"vector": [-17.67838, -25.67261, 19.57408],
							"easing": "easeInOutSine"
						},
						"1.1333": {
							"vector": [-15.68909, -25.30158, 20.78479],
							"easing": "easeInOutSine"
						},
						"1.2": {
							"vector": [-18.57412, -25.19529, 21.13163],
							"easing": "easeInOutSine"
						},
						"1.4667": {
							"vector": [-19.7212, -24.18848, 24.41693],
							"easing": "easeInOutSine"
						},
						"1.6333": {
							"vector": [-20.12616, -34.52286, -4.93577],
							"easing": "easeInOutBack"
						},
						"2.1": {
							"vector": [0, 0, 0],
							"easing": "easeInElastic"
						}
					},
					"position": {
						"0.0": {
							"vector": [0, 0, 0]
						},
						"0.1": {
							"vector": [0, 3, 0],
							"easing": "easeInOutSine"
						},
						"0.2667": {
							"vector": [0, 6, 0],
							"easing": "easeInOutSine"
						},
						"0.4333": {
							"vector": [0, -2, 0],
							"easing": "easeInOutBack"
						},
						"0.7667": {
							"vector": [1, -8, 1],
							"easing": "easeOutBack"
						},
						"0.9667": {
							"vector": [1.91, -8, 1.91],
							"easing": "easeInOutSine"
						},
						"1.1": {
							"vector": [1.99, -8.5, 1.99],
							"easing": "easeInOutSine"
						},
						"1.4333": {
							"vector": [2, -8, 2],
							"easing": "easeOutBack"
						},
						"1.6": {
							"vector": [1, -1, 1],
							"easing": "easeInOutBack"
						},
						"2.0667": {
							"vector": [0, 0, 0],
							"easing": "easeInOutCubic"
						}
					},
					"scale": {
						"0.2667": {
							"vector": [1, 1, 1]
						},
						"0.4667": {
							"vector": [1, 0.95, 1]
						},
						"0.6": {
							"vector": [1, 1, 1]
						},
						"0.9667": {
							"vector": [1, 1, 1]
						},
						"1.1333": {
							"vector": [1, 0.95, 1]
						},
						"1.2": {
							"vector": [1, 1, 1]
						},
						"1.4667": {
							"vector": [1, 1, 1]
						},
						"1.6333": {
							"vector": [1, 0.95, 1]
						},
						"1.7": {
							"vector": [1, 1, 1]
						}
					}
				},
				"leftarm": {
					"rotation": {
						"0.0": {
							"vector": [0, 0, 0]
						},
						"0.2333": {
							"vector": [12.04914, 52.52146, 6.92341]
						},
						"0.4667": {
							"vector": [-3.72453, 50.00076, 15.20854]
						},
						"0.9667": {
							"vector": [0.41863, 57.59476, 38.68341],
							"easing": "easeInOutBack"
						},
						"1.1333": {
							"vector": [-14.02318, 39.55773, 15.00518],
							"easing": "easeOutCubic"
						},
						"1.4": {
							"vector": [-3.72453, 50.00076, 15.20854]
						},
						"1.7": {
							"vector": [-3.72453, 50.00076, 15.20854]
						},
						"1.9333": {
							"vector": [0, 0, 0],
							"easing": "easeInOutBack"
						}
					},
					"position": {
						"0.0": {
							"vector": [0, 0, 0]
						},
						"0.2": {
							"vector": [18, -14, 15]
						},
						"0.2333": {
							"vector": [24, -17, 15]
						},
						"0.4667": {
							"vector": [35, -1, 25],
							"easing": "easeInOutSine"
						},
						"0.5": {
							"vector": [35.35, -1.26, 25.3],
							"easing": "easeInOutSine"
						},
						"0.5333": {
							"vector": [35.99, -1.72, 25.83],
							"easing": "easeInOutSine"
						},
						"0.5667": {
							"vector": [36.3, -1.95, 26.1],
							"easing": "easeInOutSine"
						},
						"0.6": {
							"vector": [35.67, -0.49, 25.57],
							"easing": "easeInOutSine"
						},
						"0.6333": {
							"vector": [34.49, 2.11, 16.72],
							"easing": "easeInOutSine"
						},
						"0.6667": {
							"vector": [30.14, 8.29, 10.04],
							"easing": "easeInOutSine"
						},
						"0.7": {
							"vector": [25, 10.5, 7],
							"easing": "easeInOutSine"
						},
						"0.7333": {
							"vector": [18.86, 13.71, 2.96],
							"easing": "easeInOutSine"
						},
						"0.7667": {
							"vector": [12.51, 17.89, 2.28],
							"easing": "easeInOutSine"
						},
						"0.8": {
							"vector": [9.33, 18.49, 2.43],
							"easing": "easeInOutSine"
						},
						"0.8333": {
							"vector": [8.7, 18.95, 1.9],
							"easing": "easeInOutSine"
						},
						"0.8667": {
							"vector": [9.01, 18.72, 2.17],
							"easing": "easeInOutSine"
						},
						"0.9": {
							"vector": [9.65, 18.26, 2.7],
							"easing": "easeInOutSine"
						},
						"0.9333": {
							"vector": [10, 18, 3],
							"easing": "easeInOutSine"
						},
						"1.1": {
							"vector": [8, 18, 3],
							"easing": "easeOutCubic"
						},
						"1.3667": {
							"vector": [35, -1, 25],
							"easing": "linear"
						},
						"1.7": {
							"vector": [35, -1, 25],
							"easing": "linear"
						},
						"1.9": {
							"vector": [0, 0, 0],
							"easing": "easeInOutCubic"
						}
					}
				},
				"gun": {
					"rotation": {
						"0.0": {
							"vector": [0, 0, 0]
						},
						"0.1": {
							"vector": [2.5, 0, 0],
							"easing": "easeInOutSine"
						},
						"0.3": {
							"vector": [-2.5, 0, 0],
							"easing": "easeInOutSine"
						},
						"0.4667": {
							"vector": [1, 0, 0],
							"easing": "easeOutSine"
						},
						"0.6": {
							"vector": [0, 0, 0],
							"easing": "easeInOutSine"
						},
						"1.4667": {
							"vector": [0, 0, 0]
						},
						"1.6333": {
							"vector": [-2, 0, 0],
							"easing": "easeInOutBack"
						},
						"1.8": {
							"vector": [0, 0, 0],
							"easing": "easeInOutBack"
						}
					}
				},
				"tube": {
					"rotation": {
						"0.2667": {
							"vector": [0, 0, 0]
						},
						"0.4667": {
							"vector": [80, 0, 0],
							"easing": "easeInOutBack"
						},
						"1.5": {
							"vector": [80, 0, 0]
						},
						"1.7": {
							"vector": [0, 0, 0],
							"easing": "easeInOutBack"
						}
					}
				},
				"magazine": {
					"rotation": {
						"0.0": {
							"vector": [0, 0, 0]
						},
						"0.4667": {
							"vector": [0, 12.5, 0]
						},
						"0.9667": {
							"vector": [0, 12.5, 0],
							"easing": "easeInOutBack"
						},
						"1.1333": {
							"vector": [0, 0, 0],
							"easing": "easeOutCubic"
						}
					},
					"position": {
						"0.0": {
							"vector": [29, -27, 10]
						},
						"0.4667": {
							"vector": [24, -27, -13],
							"easing": "easeInOutSine"
						},
						"0.5": {
							"vector": [24.31, -27.36, -13.24],
							"easing": "easeInOutSine"
						},
						"0.5333": {
							"vector": [24.87, -28.02, -13.68],
							"easing": "easeInOutSine"
						},
						"0.5667": {
							"vector": [25.15, -28.35, -13.9],
							"easing": "easeInOutSine"
						},
						"0.6": {
							"vector": [24.59, -27.7, -13.46],
							"easing": "easeInOutSine"
						},
						"0.6333": {
							"vector": [22.66, -18.43, -11.95],
							"easing": "easeInOutSine"
						},
						"0.6667": {
							"vector": [18.81, -9.91, -8.94],
							"easing": "easeInOutSine"
						},
						"0.7": {
							"vector": [14.5, -6.5, -4],
							"easing": "easeInOutSine"
						},
						"0.7333": {
							"vector": [9.19, -2.09, 0.94],
							"easing": "easeInOutSine"
						},
						"0.7667": {
							"vector": [2.34, 0.43, 4.95],
							"easing": "easeInOutSine"
						},
						"0.8": {
							"vector": [0.41, 0.7, 5.46],
							"easing": "easeInOutSine"
						},
						"0.8333": {
							"vector": [-0.15, 1.35, 5.9],
							"easing": "easeInOutSine"
						},
						"0.8667": {
							"vector": [0.63, 1.02, 5.68],
							"easing": "easeInOutSine"
						},
						"0.9": {
							"vector": [0.69, 0.36, 5.24],
							"easing": "easeInOutSine"
						},
						"0.9333": {
							"vector": [0.3, 0, 5],
							"easing": "easeInOutSine"
						},
						"1.1": {
							"vector": [0, 0, 0],
							"easing": "easeOutCubic"
						}
					},
					"scale": {
						"0.4333": {
							"vector": [0, 0, 0]
						},
						"0.4667": {
							"vector": [1, 1, 1],
							"easing": "step"
						}
					}
				},
				"handle": {
					"rotation": {
						"0.0": {
							"vector": [0, 0, 0]
						},
						"0.2333": {
							"vector": [0, 0, 0]
						},
						"0.3667": {
							"vector": [0, 0, 10]
						},
						"0.4667": {
							"vector": [0, 0, -5]
						},
						"0.6": {
							"vector": [0, 0, 0]
						},
						"1.5": {
							"vector": [0, 0, 0]
						},
						"1.6": {
							"vector": [0, 0, -10]
						},
						"1.7": {
							"vector": [0, 0, 10]
						},
						"1.8": {
							"vector": [0, 0, 0]
						}
					}
				},
				"_camera_": {
					"rotation": {
						"0.0": {
							"vector": [0, 0, 0]
						},
						"0.1": {
							"vector": [0.99985, 0.01745, -0.99985],
							"easing": "easeInOutSine"
						},
						"0.3": {
							"vector": [-0.99985, 0.01745, 0.99985],
							"easing": "easeInOutSine"
						},
						"0.4667": {
							"vector": [1.9997, 0.0349, -0.99939],
							"easing": "easeInOutSine"
						},
						"0.6": {
							"vector": [3.0003, -0.99939, -0.0349],
							"easing": "easeInOutSine"
						},
						"0.7": {
							"vector": [3.02512, -0.92116, -1.52814],
							"easing": "easeInOutSine"
						},
						"0.9667": {
							"vector": [2.95391, -1.12925, 2.46215],
							"easing": "easeInOutSine"
						},
						"1.1333": {
							"vector": [2.99103, -1.02537, 0.46451],
							"easing": "easeInOutBack"
						},
						"1.4667": {
							"vector": [1.99, -1.03, 0],
							"easing": "easeInOutSine"
						},
						"1.6333": {
							"vector": [-1.99878, -0.06978, -1.99878],
							"easing": "easeInOutSine"
						},
						"2.1": {
							"vector": [0, 0, 0],
							"easing": "easeInOutBack"
						}
					}
				}
			},
			"sound_effects": {
				"0.0": {
					"effect": "halor_grenade_launcher_reload"
				}
			}
		},
		"animation.model.fire": {
			"loop": true,
			"animation_length": 0.8,
			"bones": {
				"main": {
					"rotation": {
						"0.0": {
							"vector": [0, 0, 0]
						},
						"0.0333": {
							"vector": [1, 0, 0],
							"easing": "easeInOutSine"
						},
						"0.1": {
							"vector": [-6, 0, 5],
							"easing": "easeInOutSine"
						},
						"0.15": {
							"vector": [-5.74, 0, -2]
						},
						"0.2": {
							"vector": [-5.45, 0, 1],
							"easing": "linear"
						},
						"0.8": {
							"vector": [0, 0, 0],
							"easing": "easeInElastic"
						}
					},
					"position": {
						"0.0": {
							"vector": [0, 0, 0]
						},
						"0.0667": {
							"vector": [0, -2, 6],
							"easing": "easeInOutBack"
						},
						"0.7333": {
							"vector": [0, 0, 0],
							"easing": "easeInOutBack"
						}
					},
					"scale": {
						"0.0": {
							"vector": [1, 1, 1]
						},
						"0.1": {
							"vector": [1, 1.05, 0.9],
							"easing": "easeInOutElastic"
						},
						"0.2": {
							"vector": [1, 1, 1]
						}
					}
				},
				"handle": {
					"rotation": {
						"0.0": {
							"vector": [0, 0, 0]
						},
						"0.0333": {
							"vector": [0, 0, -7.5]
						},
						"0.1": {
							"vector": [0, 0, 5]
						},
						"0.3": {
							"vector": [0, 0, -5],
							"easing": "easeInOutBack"
						},
						"0.4": {
							"vector": [0, 0, 0]
						}
					}
				},
				"_camera_": {
					"rotation": {
						"0.0": {
							"vector": [0, 0, 0]
						},
						"0.0333": {
							"vector": [1, 0, -1]
						},
						"0.1": {
							"vector": [-1, 0, 1]
						},
						"0.5": {
							"vector": [0, 0, 0],
							"easing": "easeInElastic"
						}
					}
				},
				"leftarm": {
					"rotation": {
						"0.0": {
							"vector": [0, 0, 0]
						},
						"0.1": {
							"vector": [-2.52563, -2.66025, -4.23402]
						},
						"0.5": {
							"vector": [0, 0, 0]
						}
					},
					"position": {
						"0.0": {
							"vector": [0, 0, 0]
						},
						"0.1": {
							"vector": [0, -2, 0.5]
						},
						"0.5": {
							"vector": [0, 0, 0]
						}
					}
				}
			}
		}
	},
	"geckolib_format_version": 2
}