{
	"format_version": "1.8.0",
	"animations": {
		"animation.model.draw": {
			"loop": true,
			"animation_length": 1.5,
			"bones": {
				"leftarm": {
					"rotation": {
						"0.0": {
							"vector": [0, 0, 0]
						},
						"0.65": {
							"vector": [-16.85969, 28.98257, -77.03852],
							"easing": "easeInOutSine"
						},
						"1.45": {
							"vector": [0, 0, 0],
							"easing": "easeInOutBack"
						}
					},
					"position": {
						"0.65": {
							"vector": [-11, -26, -1]
						},
						"1.4": {
							"vector": [0, 0, 0],
							"easing": "easeInOutBack"
						}
					}
				},
				"glow": {
					"scale": {
						"0.55": {
							"vector": [0, 0, 0]
						},
						"0.65": {
							"vector": [1, 1, 1],
							"easing": "easeOutSine"
						}
					}
				},
				"_camera_": {
					"rotation": {
						"0.0": {
							"vector": [0, 0, 0]
						},
						"0.1": {
							"vector": [1, 0, -1],
							"easing": "easeInOutSine"
						},
						"0.45": {
							"vector": [-1, 0, 1],
							"easing": "easeInOutBack"
						},
						"0.6": {
							"vector": [0.99985, 0.01745, -0.99985],
							"easing": "easeInOutBack"
						},
						"0.85": {
							"vector": [0, 0, -1],
							"easing": "easeInOutElastic"
						},
						"1.45": {
							"vector": [0, 0, 0],
							"easing": "easeOutSine"
						}
					}
				},
				"glow2": {
					"scale": {
						"0.55": {
							"vector": [0, 0, 0]
						},
						"0.65": {
							"vector": [1, 1, 1],
							"easing": "easeOutSine"
						}
					}
				},
				"main": {
					"rotation": {
						"0.0": {
							"vector": [-29.68649, -20.77328, 99.23669]
						},
						"0.25": {
							"vector": [-26.84102, -18.28242, 89.14425],
							"easing": "easeInOutSine"
						},
						"0.5": {
							"vector": [-0.92185, -51.24719, -2.13159],
							"easing": "easeInOutSine"
						},
						"0.6": {
							"vector": [5.98735, -14.27238, -12.5425],
							"easing": "easeInOutSine"
						},
						"0.7": {
							"vector": [13.02475, -20.07078, -20.94365],
							"easing": "easeInOutBack"
						},
						"1.45": {
							"vector": [0, 0, 0],
							"easing": "easeOutBack"
						}
					},
					"position": {
						"0.0": {
							"vector": [14, -10, 6]
						},
						"0.2": {
							"vector": [14, 3, 6],
							"easing": "easeInOutSine"
						},
						"0.45": {
							"vector": [11, 9, 1],
							"easing": "easeOutSine"
						},
						"0.55": {
							"vector": [6, 1, 1],
							"easing": "easeInOutSine"
						},
						"0.65": {
							"vector": [6, 4, -1],
							"easing": "easeInOutBack"
						},
						"1.4": {
							"vector": [0, 0, 0],
							"easing": "easeInOutSine"
						}
					},
					"scale": {
						"0.0": {
							"vector": [1, 1, 1]
						},
						"0.2": {
							"vector": [0.95, 1, 1],
							"easing": "easeInOutSine"
						},
						"0.45": {
							"vector": [1, 1, 1],
							"easing": "easeInOutSine"
						},
						"0.55": {
							"vector": [1, 0.9, 1],
							"easing": "easeInOutSine"
						},
						"0.65": {
							"vector": [1, 1.2, 1],
							"easing": "easeInOutSine"
						},
						"0.7": {
							"vector": [1, 0.95, 1],
							"easing": "easeInOutSine"
						},
						"0.85": {
							"vector": [1, 1, 1],
							"easing": "easeInOutSine"
						}
					}
				}
			},
			"sound_effects": {
				"0.0": {
					"effect": "halor_energy_sword_draw"
				},
				"0.5": {
					"effect": "halor_energy_sword_ready"
				}
			}
		},
		"animation.model.inspect": {
			"loop": true,
			"animation_length": 4.5,
			"bones": {
				"main": {
					"rotation": {
						"0.0": {
							"vector": [0, 0, 0]
						},
						"0.7": {
							"vector": [10.17758, 32.99418, 56.6449],
							"easing": "easeInOutBack"
						},
						"1.9": {
							"vector": [7.66476, 35.37162, 58.23527],
							"easing": "easeOutElastic"
						},
						"3.3": {
							"vector": [16.83738, -32.22705, -30.74783],
							"easing": "easeInOutQuint"
						},
						"3.9": {
							"vector": [24.17109, -33.89753, -44.66012],
							"easing": "easeInOutBack"
						},
						"4.4": {
							"vector": [0, 0, 0],
							"easing": "easeInOutBack"
						}
					},
					"position": {
						"0.0": {
							"vector": [0, 0, 0]
						},
						"0.6667": {
							"vector": [4, 4, -4],
							"easing": "easeInOutCubic"
						},
						"1.8667": {
							"vector": [5, 3, -3],
							"easing": "easeInOutCubic"
						},
						"3.2667": {
							"vector": [4, 3, -1],
							"easing": "easeInOutCubic"
						},
						"3.8667": {
							"vector": [5, 2, 1],
							"easing": "easeInOutCubic"
						},
						"4.3333": {
							"vector": [0, 0, 0],
							"easing": "easeInOutCubic"
						}
					}
				},
				"leftarm": {
					"rotation": {
						"0.0": {
							"vector": [0, 0, 0]
						},
						"0.7": {
							"vector": [-10.36275, 9.43595, 25.50106],
							"easing": "easeInOutBack"
						},
						"1.8667": {
							"vector": [-7.18622, 10.43634, 14.6215]
						},
						"2.6": {
							"vector": [13.26204, 18.34012, 44.02927],
							"easing": "easeInOutBack"
						},
						"3.9": {
							"vector": [31.23001, 5.70412, -29.43888],
							"easing": "easeInOutSine"
						},
						"4.4": {
							"vector": [0, 0, 0],
							"easing": "easeInOutBack"
						}
					},
					"position": {
						"0.0": {
							"vector": [0, 0, 0]
						},
						"0.6667": {
							"vector": [0, -5, 9],
							"easing": "easeInOutCubic"
						},
						"2.5667": {
							"vector": [0, -11, 5],
							"easing": "easeInOutCubic"
						},
						"3.8667": {
							"vector": [0, -12, 5],
							"easing": "easeInOutSine"
						},
						"4.3667": {
							"vector": [0, 0, 0],
							"easing": "easeInOutCubic"
						}
					}
				},
				"sword": {
					"position": {
						"1.9": {
							"vector": [0, 0, 0]
						},
						"3.3": {
							"vector": [4, 0, 0],
							"easing": "easeInOutBack"
						},
						"3.9": {
							"vector": [4, 0, 0],
							"easing": "easeInOutSine"
						},
						"4.4": {
							"vector": [0, 0, 0],
							"easing": "easeInOutBack"
						}
					}
				},
				"_camera_": {
					"rotation": {
						"0.0": {
							"vector": [0, 0, 0]
						},
						"0.7": {
							"vector": [0.01745, 0.99985, 1.00015],
							"easing": "easeInOutBack"
						},
						"1.8667": {
							"vector": [0.0349, 0.99939, 2.0003],
							"easing": "easeInOutBack"
						},
						"3.3": {
							"vector": [1, 2, 0],
							"easing": "easeInOutBack"
						},
						"3.9": {
							"vector": [2.00152, 2.99939, 0.03495],
							"easing": "easeInOutBack"
						},
						"4.4": {
							"vector": [0, 0, 0],
							"easing": "easeInOutCubic"
						}
					}
				}
			},
			"sound_effects": {
				"0.0": {
					"effect": "halor_energy_sword_loop"
				},
				"0.0333": {
					"effect": "halor_energy_sword_sfx"
				},
				"1.0": {
					"effect": "halor_energy_sword_loop"
				},
				"2.0": {
					"effect": "halor_energy_sword_loop"
				},
				"3.0": {
					"effect": "halor_energy_sword_loop"
				},
				"3.8333": {
					"effect": "halor_sfx_3"
				}
			}
		},
		"animation.model.prepareswing": {
			"loop": "hold_on_last_frame",
			"animation_length": 0.2,
			"bones": {
				"main": {
					"rotation": {
						"0.0": {
							"vector": [0, 0, 0]
						},
						"0.1667": {
							"vector": [27.49762, 44.94549, 3.53329],
							"easing": "easeInOutBack"
						}
					},
					"position": {
						"0.0": {
							"vector": [0, 0, 0]
						},
						"0.1667": {
							"vector": [-12, 0, 21],
							"easing": "easeInOutSine"
						}
					}
				},
				"leftarm": {
					"rotation": {
						"0.0": {
							"vector": [0, 0, 0]
						},
						"0.1667": {
							"vector": [-0.25775, 5.98138, 23.88039],
							"easing": "easeOutBack"
						}
					},
					"position": {
						"0.0": {
							"vector": [0, 0, 0]
						},
						"0.1667": {
							"vector": [2, 0, -4],
							"easing": "easeInOutBack"
						}
					}
				},
				"_camera_": {
					"rotation": {
						"0.0": {
							"vector": [0, 0, 0]
						},
						"0.1": {
							"vector": [0, 0, 1],
							"easing": "easeInOutBack"
						},
						"0.1667": {
							"vector": [0, 0, 0],
							"easing": "easeOutSine"
						}
					}
				}
			}
		},
		"animation.model.swing1": {
			"animation_length": 1,
			"bones": {
				"main": {
					"rotation": {
						"0.0": {
							"vector": [27.49762, 44.94549, 3.53329]
						},
						"0.0333": {
							"vector": [87.5, 0, 80]
						},
						"0.1333": {
							"vector": [-14.53724, -20.90975, 94.19925],
							"easing": "easeInOutBack"
						},
						"0.9667": {
							"vector": [0, 0, 0],
							"easing": "easeInOutBack"
						}
					},
					"position": {
						"0.0": {
							"vector": [-12, 0, 21]
						},
						"0.0333": {
							"vector": [-11, 10, 19],
							"easing": "easeInOutSine"
						},
						"0.1": {
							"vector": [16, 1, -5],
							"easing": "easeInOutSine"
						},
						"0.2": {
							"vector": [17.07, 1, -2.01],
							"easing": "easeInOutSine"
						},
						"0.9333": {
							"vector": [0, 0, 0],
							"easing": "easeInOutBack"
						}
					}
				},
				"leftarm": {
					"rotation": {
						"0.0": {
							"vector": [-0.25775, 5.98138, 23.88039]
						},
						"0.1": {
							"vector": [16.99284, -16.0096, 29.40567],
							"easing": "easeInOutBack"
						},
						"0.9667": {
							"vector": [0, 0, 0],
							"easing": "easeInOutBack"
						}
					},
					"position": {
						"0.0": {
							"vector": [2, 0, -4]
						},
						"0.0667": {
							"vector": [24, 0, 20],
							"easing": "easeInOutSine"
						},
						"0.9333": {
							"vector": [0, 0, 0],
							"easing": "easeInOutBack"
						}
					}
				},
				"_camera_": {
					"rotation": {
						"0.0": {
							"vector": [0, 0, 0]
						},
						"0.0333": {
							"vector": [0.0007, -0.01999, -1.94]
						},
						"0.1": {
							"vector": [0, -1, 2.5],
							"easing": "easeInOutBack"
						},
						"0.1333": {
							"vector": [0.01753, -1.00427, 1.51089]
						},
						"0.1667": {
							"vector": [-0.0014, -1.14836, 2.52797]
						},
						"0.9667": {
							"vector": [0, 0, 0],
							"easing": "easeInOutBack"
						}
					}
				}
			}
		},
		"animation.model.swing2": {
			"animation_length": 1,
			"bones": {
				"main": {
					"rotation": {
						"0.0": {
							"vector": [27.49762, 44.94549, 3.53329]
						},
						"0.0333": {
							"vector": [67.5, 0, 0]
						},
						"0.1333": {
							"vector": [-23.03681, 6.45993, 1.27479],
							"easing": "easeInOutBack"
						},
						"0.2333": {
							"vector": [-24.81523, -11.31672, -1.91205],
							"easing": "linear"
						},
						"0.9667": {
							"vector": [0, 0, 0],
							"easing": "easeInOutBack"
						}
					},
					"position": {
						"0.0": {
							"vector": [-12, 0, 21]
						},
						"0.0333": {
							"vector": [11, -53, 58]
						},
						"0.1": {
							"vector": [7, 16, -8],
							"easing": "easeInOutSine"
						},
						"0.2": {
							"vector": [7.2, 12.46, -4],
							"easing": "easeInOutSine"
						},
						"0.9333": {
							"vector": [0, 0, 0],
							"easing": "easeInOutBack"
						}
					}
				},
				"leftarm": {
					"rotation": {
						"0.0": {
							"vector": [-0.25775, 5.98138, 23.88039]
						},
						"0.1": {
							"vector": [101.99284, -16.0096, 29.40567],
							"easing": "easeInOutBack"
						},
						"0.9667": {
							"vector": [0, 0, 0],
							"easing": "easeInOutBack"
						}
					},
					"position": {
						"0.0": {
							"vector": [2, 0, -4]
						},
						"0.0667": {
							"vector": [1, -29, 17],
							"easing": "easeInOutSine"
						},
						"0.9333": {
							"vector": [0, 0, 0],
							"easing": "easeInOutBack"
						}
					}
				},
				"_camera_": {
					"rotation": {
						"0.0": {
							"vector": [0, 0, 0]
						},
						"0.0333": {
							"vector": [0, 0, -2.5]
						},
						"0.1": {
							"vector": [-1, 0, 2.5],
							"easing": "easeInOutBack"
						},
						"0.2": {
							"vector": [0, 0, 1.5]
						},
						"0.9667": {
							"vector": [0, 0, 0],
							"easing": "easeInOutBack"
						}
					}
				}
			}
		},
		"animation.model.swing3": {
			"animation_length": 1,
			"bones": {
				"main": {
					"rotation": {
						"0.0": {
							"vector": [27.49762, 44.94549, 3.53329]
						},
						"0.0333": {
							"vector": [-25, 0, 0]
						},
						"0.1333": {
							"vector": [104.99391, -5.52685, -62.37023],
							"easing": "easeInOutBack"
						},
						"0.4": {
							"vector": [73.49204, -28.79089, -17.42624],
							"easing": "easeInOutSine"
						},
						"0.9667": {
							"vector": [0, 0, 0],
							"easing": "easeInOutBack"
						}
					},
					"position": {
						"0.0": {
							"vector": [-12, 0, 21]
						},
						"0.0333": {
							"vector": [-2, 28, 33]
						},
						"0.0667": {
							"vector": [3.5, 20, 4]
						},
						"0.1": {
							"vector": [27, -14, -6]
						},
						"0.9333": {
							"vector": [0, 0, 0],
							"easing": "easeInOutBack"
						}
					}
				},
				"leftarm": {
					"rotation": {
						"0.0": {
							"vector": [-0.25775, 5.98138, 23.88039]
						},
						"0.1": {
							"vector": [70.84653, -7.21915, 14.36865],
							"easing": "easeInOutBack"
						},
						"0.9667": {
							"vector": [0, 0, 0],
							"easing": "easeInOutBack"
						}
					},
					"position": {
						"0.0": {
							"vector": [2, 0, -4]
						},
						"0.0667": {
							"vector": [24, 0, 20],
							"easing": "easeInOutSine"
						},
						"0.9333": {
							"vector": [0, 0, 0],
							"easing": "easeInOutBack"
						}
					}
				},
				"_camera_": {
					"rotation": {
						"0.0": {
							"vector": [0, 0, 0]
						},
						"0.0333": {
							"vector": [0, 0, 2.5]
						},
						"0.1": {
							"vector": [1, 0, -2.5],
							"easing": "easeInOutBack"
						},
						"0.1333": {
							"vector": [0.99985, -0.01745, 0.99985]
						},
						"0.1667": {
							"vector": [0.99939, 0.0349, -1.9997]
						},
						"0.9667": {
							"vector": [0, 0, 0],
							"easing": "easeInOutBack"
						}
					}
				}
			}
		},
		"animation.model.idle": {
			"loop": true,
			"animation_length": 1,
			"bones": {
				"main": {
					"rotation": {
						"0.0": {
							"vector": [0, 0, 0]
						},
						"0.4": {
							"vector": [1.99998, 0.96449, 2.03429],
							"easing": "easeInOutSine"
						},
						"1.0": {
							"vector": [0, 0, 0],
							"easing": "easeInOutSine"
						}
					},
					"position": {
						"0.0": {
							"vector": [0, 0, 0]
						},
						"0.3": {
							"vector": [0, -0.2, 0.1],
							"easing": "easeInOutSine"
						},
						"0.9": {
							"vector": [0, 0, 0],
							"easing": "easeInOutSine"
						}
					}
				},
				"leftarm": {
					"rotation": {
						"0.0": {
							"vector": [0, 0, 0]
						},
						"0.4": {
							"vector": [0, 1, 0],
							"easing": "easeInOutSine"
						},
						"1.0": {
							"vector": [0, 0, 0],
							"easing": "easeInOutSine"
						}
					},
					"position": {
						"0.0": {
							"vector": [0, 0, 0]
						},
						"0.3": {
							"vector": [0, -0.2, 0],
							"easing": "easeInOutSine"
						},
						"0.9": {
							"vector": [0, 0, 0],
							"easing": "easeInOutSine"
						}
					},
					"scale": {
						"0.0": {
							"vector": [1, 1, 1]
						},
						"0.3": {
							"vector": [0.98, 1, 1]
						},
						"0.9": {
							"vector": [1, 1, 1]
						}
					}
				}
			},
			"sound_effects": {
				"0.0": {
					"effect": "halor_energy_sword_loop"
				}
			}
		},
		"animation.model.running": {
			"loop": true,
			"animation_length": 0.8,
			"bones": {
				"main": {
					"rotation": {
						"0.0": {
							"vector": [-21.05435, 1.06542, 71.51428]
						},
						"0.2": {
							"vector": [-22.54543, -7.597, 80.24496],
							"easing": "easeInOutSine"
						},
						"0.4": {
							"vector": [-21.05435, 1.06542, 71.51428],
							"easing": "easeInOutSine"
						},
						"0.6": {
							"vector": [-22.54543, -7.597, 80.24496],
							"easing": "easeInOutSine"
						},
						"0.8": {
							"vector": [-21.05435, 1.06542, 71.51428],
							"easing": "easeInOutSine"
						}
					},
					"position": {
						"0.0": {
							"vector": [15, -1, -1]
						},
						"0.0667": {
							"vector": [16, -2, -1],
							"easing": "easeInOutSine"
						},
						"0.1667": {
							"vector": [19, -1, -1],
							"easing": "easeInOutSine"
						},
						"0.2667": {
							"vector": [16, -2, -1],
							"easing": "easeInOutSine"
						},
						"0.3667": {
							"vector": [15, -1, -1],
							"easing": "easeInOutSine"
						},
						"0.4667": {
							"vector": [16, -2, -1],
							"easing": "easeInOutSine"
						},
						"0.5667": {
							"vector": [19, -1, -1],
							"easing": "easeInOutSine"
						},
						"0.6667": {
							"vector": [16, -2, -1],
							"easing": "easeInOutSine"
						},
						"0.7667": {
							"vector": [15, -1, -1],
							"easing": "easeInOutSine"
						}
					}
				},
				"leftarm": {
					"rotation": {
						"0.0": {
							"vector": [50.07921, 32.51359, 48.62125]
						},
						"0.8": {
							"vector": [50.08, 32.51, 48.62]
						}
					},
					"position": {
						"0.0": {
							"vector": [-5, -20, 25]
						},
						"0.7667": {
							"vector": [-5, -20, 25]
						}
					}
				},
				"_camera_": {
					"rotation": {
						"0.0": {
							"vector": [0, 0, -1]
						},
						"0.2": {
							"vector": [0, 0, 1],
							"easing": "easeInOutSine"
						},
						"0.4": {
							"vector": [0, 0, -1],
							"easing": "easeInOutSine"
						},
						"0.6": {
							"vector": [0, 0, 1],
							"easing": "easeInOutSine"
						},
						"0.8": {
							"vector": [0, 0, -1],
							"easing": "easeInOutSine"
						}
					}
				}
			}
		},
		"animation.model.off_ground_sprinting": {
			"loop": true,
			"animation_length": 1.2667,
			"bones": {
				"main": {
					"rotation": {
						"vector": [-21.05435, 1.06542, 71.51428]
					},
					"position": {
						"vector": [15, -1, -1]
					}
				},
				"leftarm": {
					"rotation": {
						"vector": [50.07921, 32.51359, 48.62125],
						"easing": "linear"
					},
					"position": {
						"vector": [-5, -20, 25],
						"easing": "linear"
					}
				},
				"_camera_": {
					"rotation": {
						"vector": [0, 0, -1],
						"easing": "linear"
					}
				}
			}
		},
		"animation.model.runningstart": {
			"animation_length": 0.2,
			"bones": {
				"main": {
					"rotation": {
						"0.0": {
							"vector": [0, 0, 0]
						},
						"0.1667": {
							"vector": [-21.05435, 1.06542, 71.51428],
							"easing": "easeInOutSine"
						}
					},
					"position": {
						"0.0": {
							"vector": [0, 0, 0]
						},
						"0.1333": {
							"vector": [15, -1, -1],
							"easing": "easeInOutSine"
						}
					}
				},
				"leftarm": {
					"rotation": {
						"0.0": {
							"vector": [0, 0, 0]
						},
						"0.1667": {
							"vector": [50.07921, 32.51359, 48.62125],
							"easing": "easeInOutSine"
						}
					},
					"position": {
						"0.0": {
							"vector": [0, 0, 0]
						},
						"0.1333": {
							"vector": [-5, -20, 25],
							"easing": "easeInOutSine"
						}
					}
				},
				"_camera_": {
					"rotation": {
						"0.0": {
							"vector": [0, 0, 0]
						},
						"0.1667": {
							"vector": [0, 0, -1],
							"easing": "easeInOutSine"
						}
					}
				}
			}
		},
		"animation.model.runningend": {
			"animation_length": 0.4,
			"bones": {
				"main": {
					"rotation": {
						"0.0": {
							"vector": [-21.05435, 1.06542, 71.51428]
						},
						"0.1667": {
							"vector": [3.96436, 0.68495, 45.97584],
							"easing": "linear"
						},
						"0.3": {
							"vector": [0, 0, -5],
							"easing": "linear"
						},
						"0.4": {
							"vector": [0, 0, 0],
							"easing": "easeInOutSine"
						}
					},
					"position": {
						"0.0": {
							"vector": [15, -1, -1]
						},
						"0.1333": {
							"vector": [7.5, 1.5, -3.5],
							"easing": "linear"
						},
						"0.2667": {
							"vector": [-1, 0, 0],
							"easing": "linear"
						},
						"0.3667": {
							"vector": [0, 0, 0],
							"easing": "easeInOutSine"
						}
					}
				},
				"leftarm": {
					"rotation": {
						"0.0": {
							"vector": [50.07921, 32.51359, 48.62125],
							"easing": "linear"
						},
						"0.4": {
							"vector": [0, 0, 0],
							"easing": "easeInOutCubic"
						}
					},
					"position": {
						"0.0": {
							"vector": [-5, -20, 25],
							"easing": "linear"
						},
						"0.3667": {
							"vector": [0, 0, 0],
							"easing": "easeInOutCubic"
						}
					}
				},
				"_camera_": {
					"rotation": {
						"0.0": {
							"vector": [0, 0, -1],
							"easing": "linear"
						},
						"0.4": {
							"vector": [0, 0, 0],
							"easing": "easeInOutBack"
						}
					}
				}
			}
		},
		"animation.model.off_ground": {
			"loop": true,
			"animation_length": 0.2,
			"bones": {
				"main": {
					"rotation": {
						"vector": [0, 0, 0]
					},
					"position": {
						"vector": [0, 0, 0]
					}
				},
				"leftarm": {
					"rotation": {
						"vector": [0, 0, 0],
						"easing": "linear"
					},
					"position": {
						"vector": [0, 0, 0],
						"easing": "linear"
					}
				},
				"_camera_": {
					"rotation": {
						"vector": [0, 0, 0],
						"easing": "linear"
					}
				}
			}
		}
	},
	"geckolib_format_version": 2
}