{
	"format_version": "1.8.0",
	"animations": {
		"animation.model.draw": {
			"loop": true,
			"animation_length": 1,
			"bones": {
				"main": {
					"rotation": {
						"0.0": {
							"vector": [90, -20, 0]
						},
						"0.4667": {
							"vector": [-32.31197, 3.1622, 34.30423],
							"easing": "easeInOutSine"
						},
						"0.55": {
							"vector": [-37.17561, 4.67537, 36.29901],
							"easing": "easeInOutSine"
						},
						"0.65": {
							"vector": [-17.45485, 3.81199, 31.06677],
							"easing": "easeInOutSine"
						},
						"0.6833": {
							"vector": [-19.87201, 1.70617, 33.08269],
							"easing": "easeInOutSine"
						},
						"0.7167": {
							"vector": [-20.02064, 6.19648, 30.31269],
							"easing": "easeInOutSine"
						},
						"0.9833": {
							"vector": [0, 0, 0],
							"easing": "easeInElastic"
						}
					},
					"position": {
						"0.0": {
							"vector": [0, -25, 25]
						},
						"0.4333": {
							"vector": [2, 3, 5],
							"easing": "easeInOutSine"
						},
						"0.5333": {
							"vector": [2.5, 2, 6],
							"easing": "easeInOutSine"
						},
						"0.6": {
							"vector": [2, 1, 2],
							"easing": "easeInOutSine"
						},
						"0.95": {
							"vector": [0, 0, 0],
							"easing": "easeInOutSine"
						}
					}
				},
				"gun": {
					"rotation": {
						"0.0": {
							"post": {
								"vector": [0, 0, 0]
							},
							"lerp_mode": "catmullrom"
						},
						"0.4667": {
							"post": {
								"vector": [0, 5, 0]
							},
							"lerp_mode": "catmullrom"
						},
						"0.5667": {
							"post": {
								"vector": [-1, 0, 0]
							},
							"lerp_mode": "catmullrom"
						},
						"0.6667": {
							"post": {
								"vector": [-1, 0, 0]
							},
							"lerp_mode": "catmullrom"
						},
						"0.7333": {
							"post": {
								"vector": [2, 0, 0]
							},
							"lerp_mode": "catmullrom"
						},
						"0.9333": {
							"post": {
								"vector": [0, 0, 0]
							},
							"lerp_mode": "catmullrom"
						}
					}
				},
				"slide": {
					"position": {
						"0.4667": {
							"vector": [0, 0, 0]
						},
						"0.5333": {
							"vector": [0, 0, 5],
							"easing": "easeInOutCubic"
						},
						"0.6333": {
							"vector": [0, 0, 0],
							"easing": "easeInOutBack"
						}
					}
				},
				"leftarm": {
					"rotation": {
						"0.0": {
							"vector": [0, 0, 0]
						},
						"0.4667": {
							"vector": [-22.36934, 7.01344, -44.65072],
							"easing": "easeInOutSine"
						},
						"0.55": {
							"vector": [-35.31304, 15.24932, -55.53273],
							"easing": "easeInOutSine"
						},
						"0.6167": {
							"vector": [-49.3954, 19.94643, -62.66417]
						},
						"0.9": {
							"vector": [0, 0, 0],
							"easing": "easeInElastic"
						}
					},
					"position": {
						"0.0": {
							"vector": [18, -15, 5]
						},
						"0.4333": {
							"vector": [1, 10, 10],
							"easing": "easeInOutSine"
						},
						"0.5333": {
							"vector": [1, 10, 15],
							"easing": "easeInOutSine"
						},
						"0.6": {
							"vector": [1, 8, 21]
						},
						"0.75": {
							"vector": [5.37, 2.98, 7.82]
						},
						"0.8833": {
							"vector": [0, 0, 0],
							"easing": "easeInOutSine"
						}
					}
				},
				"_camera_": {
					"rotation": {
						"0.0": {
							"vector": [0, 0, 0]
						},
						"0.1": {
							"vector": [2.5, 0, -2.5]
						},
						"0.4667": {
							"vector": [-2.5, 0, 0]
						},
						"0.5667": {
							"vector": [1, 0, -2.5]
						},
						"0.6667": {
							"vector": [1, 0, -2.5]
						},
						"0.7333": {
							"vector": [0, 0, 1]
						},
						"0.8333": {
							"vector": [0, 0, -1]
						},
						"0.9333": {
							"vector": [0, 0, 0]
						}
					}
				}
			},
			"sound_effects": {
				"0.0": {
					"effect": "halor_magnum_draw"
				},
				"0.5333": {
					"effect": "halor_sfx_1"
				}
			}
		},
		"animation.model.inspect": {
			"loop": true,
			"animation_length": 3.3333,
			"bones": {
				"main": {
					"rotation": {
						"0.0": {
							"vector": [0, 0, 0]
						},
						"0.25": {
							"vector": [-5.07618, -19.18512, 18.45713],
							"easing": "easeInSine"
						},
						"0.5": {
							"vector": [7.67765, -38.92766, -16.11971],
							"easing": "easeInOutSine"
						},
						"1.5": {
							"vector": [13.73686, -38.84573, -29.36944],
							"easing": "easeInElastic"
						},
						"1.9": {
							"vector": [-33.47839, 11.84621, 72.27193],
							"easing": "easeInOutSine"
						},
						"2.3": {
							"vector": [-35.89951, 10.6025, 70.05023],
							"easing": "easeInOutBack"
						},
						"2.6": {
							"vector": [-35.20901, -2.41337, 51.61226],
							"easing": "easeInOutBack"
						},
						"2.7667": {
							"vector": [-25.30723, -0.09008, 50.6407],
							"easing": "easeInBack"
						},
						"2.8": {
							"pre": {
								"vector": [-25.47578, -4.60638, 52.95009]
							},
							"post": {
								"vector": [-25.47578, -4.60638, 52.95009]
							},
							"lerp_mode": "catmullrom"
						},
						"2.8667": {
							"post": {
								"vector": [-25.49612, -2.36597, 52.04976]
							},
							"lerp_mode": "catmullrom"
						},
						"3.3": {
							"vector": [0, 0, 0],
							"easing": "easeInOutBack"
						}
					},
					"position": {
						"0.0": {
							"vector": [0, 0, 0]
						},
						"0.45": {
							"vector": [1, 1.5, 4],
							"easing": "easeInOutSine"
						},
						"1.5": {
							"vector": [0, 2, 4],
							"easing": "easeInOutBack"
						},
						"1.8": {
							"vector": [7, 1, 3],
							"easing": "easeInOutBack"
						},
						"2.3": {
							"vector": [7, 0, 4],
							"easing": "easeInOutBack"
						},
						"2.5": {
							"vector": [7, 1, 3],
							"easing": "easeInOutBack"
						},
						"2.6667": {
							"vector": [6.7, 0.7, 3.3],
							"easing": "easeOutBack"
						},
						"2.7667": {
							"pre": {
								"vector": [7.69, 1.71, 2.31]
							},
							"post": {
								"vector": [7.69, 1.71, 2.31]
							},
							"lerp_mode": "catmullrom"
						},
						"2.9": {
							"post": {
								"vector": [6.7, 0.7, 2.3]
							},
							"lerp_mode": "catmullrom"
						},
						"3.2": {
							"vector": [0, 0, 0],
							"easing": "easeInOutBack"
						}
					},
					"scale": {
						"2.6667": {
							"vector": [1, 1, 1]
						},
						"2.7667": {
							"vector": [1, 1, 0.9]
						},
						"2.8667": {
							"vector": [1, 1, 1]
						}
					}
				},
				"leftarm": {
					"rotation": {
						"0.0": {
							"vector": [0, 0, 0]
						},
						"0.5": {
							"vector": [5.86114, 10.14834, -70.59599],
							"easing": "easeOutBack"
						},
						"1.5": {
							"vector": [5.86114, 10.14834, -70.59599]
						},
						"1.8": {
							"vector": [-32.51155, -2.84036, -107.71931],
							"easing": "easeInBack"
						},
						"2.3": {
							"vector": [-43.59, 0.19, -89.3],
							"easing": "easeOutBack"
						},
						"2.6667": {
							"vector": [-84.06376, -1.27682, -113.13364],
							"easing": "easeInBack"
						},
						"2.8": {
							"vector": [-81.54088, -6.27927, -113.04254],
							"easing": "easeInElastic"
						},
						"2.9667": {
							"pre": {
								"vector": [-89.85942, 13.5992, -115.39323]
							},
							"post": {
								"vector": [-89.85942, 13.5992, -115.39323]
							},
							"lerp_mode": "catmullrom"
						},
						"3.3": {
							"post": {
								"vector": [0, 0, 0]
							},
							"lerp_mode": "catmullrom"
						}
					},
					"position": {
						"0.0": {
							"vector": [0, 0, 0]
						},
						"0.4": {
							"vector": [15, -13, 5]
						},
						"1.5": {
							"vector": [15, -13, 5],
							"easing": "linear"
						},
						"1.8": {
							"vector": [-1, 10, 10],
							"easing": "easeInBack"
						},
						"2.3": {
							"vector": [-1.6, 10, 13],
							"easing": "easeOutBack"
						},
						"2.6667": {
							"vector": [-3, 12, 22],
							"easing": "easeInBack"
						},
						"2.8": {
							"vector": [-3, 10, 17],
							"easing": "easeInElastic"
						},
						"2.9": {
							"pre": {
								"vector": [6, 11, 23]
							},
							"post": {
								"vector": [6, 11, 23]
							},
							"lerp_mode": "catmullrom"
						},
						"3.2": {
							"post": {
								"vector": [0, 0, 0]
							},
							"lerp_mode": "catmullrom"
						}
					}
				},
				"gun": {
					"rotation": {
						"0.0": {
							"vector": [0, 0, 0]
						},
						"0.5": {
							"vector": [0.98448, -7.43547, -7.56397],
							"easing": "easeInOutBack"
						},
						"1.5": {
							"vector": [0.98448, -7.43547, -7.56397]
						},
						"1.8": {
							"vector": [0, 0, 0],
							"easing": "easeInOutBack"
						},
						"2.3": {
							"vector": [-2.5, 0, 0]
						},
						"2.6667": {
							"pre": {
								"vector": [0, 0, 0]
							},
							"post": {
								"vector": [0, 0, 0]
							},
							"lerp_mode": "catmullrom"
						},
						"2.8": {
							"post": {
								"vector": [2.5, 0, 0]
							},
							"lerp_mode": "catmullrom"
						},
						"2.9333": {
							"post": {
								"vector": [0, 0, 0]
							},
							"lerp_mode": "catmullrom"
						}
					},
					"position": {
						"0.0": {
							"vector": [0, 0, 0]
						},
						"0.5": {
							"vector": [3, 0, 0],
							"easing": "easeInOutBack"
						},
						"1.5": {
							"vector": [3, 0, 0]
						},
						"1.8": {
							"vector": [0, 0, 0],
							"easing": "easeInOutBack"
						}
					}
				},
				"slide": {
					"position": {
						"1.8": {
							"vector": [0, 0, 0]
						},
						"2.3": {
							"vector": [0, 0, 2],
							"easing": "easeOutBack"
						},
						"2.6": {
							"vector": [0, 0, 0],
							"easing": "easeOutBack"
						}
					}
				},
				"rightarm": {
					"scale": {
						"0.0": {
							"vector": [1, 1, 1]
						},
						"2.0": {
							"vector": [1, 1, 1]
						},
						"2.1": {
							"vector": [1, 1.1, 1]
						},
						"3.0": {
							"vector": [1, 1.1, 1]
						},
						"3.0333": {
							"vector": [1, 1, 1]
						}
					}
				},
				"_camera_": {
					"rotation": {
						"0.0": {
							"vector": [0, 0, 0]
						},
						"0.5": {
							"vector": [8, 0, 0],
							"easing": "easeInOutBack"
						},
						"1.5": {
							"vector": [9, 5, -2],
							"easing": "easeInOutElastic"
						},
						"1.8": {
							"vector": [6, 4, 0],
							"easing": "easeInOutBack"
						},
						"2.3": {
							"vector": [12, 6, -4],
							"easing": "easeInOutBack"
						},
						"2.5": {
							"vector": [8, 6, -4],
							"easing": "easeOutBack"
						},
						"2.6667": {
							"vector": [4, 4, -2],
							"easing": "easeInOutBack"
						},
						"2.8": {
							"vector": [5, 6, 4],
							"easing": "easeOutElastic"
						},
						"3.0": {
							"vector": [5, 6, 0],
							"easing": "easeInOutCirc"
						},
						"3.3": {
							"vector": [0, 0, 0],
							"easing": "easeInOutBack"
						}
					}
				}
			},
			"sound_effects": {
				"0.0": {
					"effect": "halor_sfx_1"
				},
				"1.4333": {
					"effect": "halor_sfx_2"
				},
				"1.8": {
					"effect": "halor_magnum_slide_sfx2"
				},
				"2.3": {
					"effect": "halor_magnum_sfx1"
				},
				"2.6667": {
					"effect": "halor_magnum_drysfx"
				},
				"2.7667": {
					"effect": "halor_sfx_3"
				}
			}
		},
		"animation.model.reloadempty": {
			"loop": true,
			"animation_length": 1.7333,
			"bones": {
				"main": {
					"rotation": {
						"0.0": {
							"vector": [0, 0, 0]
						},
						"0.1": {
							"vector": [-8.19144, -3.34863, 17.01909],
							"easing": "easeInSine"
						},
						"0.2": {
							"vector": [-28.39006, -5.22251, 18.2788],
							"easing": "easeInSine"
						},
						"0.4167": {
							"vector": [-19.26419, -18.90554, -31.76277],
							"easing": "easeInOutSine"
						},
						"0.45": {
							"vector": [-20.98369, -16.92525, -26.13133],
							"easing": "easeInSine"
						},
						"0.5": {
							"vector": [-19.56119, -18.56818, -30.79797],
							"easing": "easeInSine"
						},
						"0.5833": {
							"vector": [-21.49567, -16.28556, -24.38696],
							"easing": "easeInOutSine"
						},
						"0.8333": {
							"vector": [-22.55549, -24.7268, -28.26453],
							"easing": "easeInSine"
						},
						"1.1333": {
							"vector": [-22.34506, -22.31536, -21.81881],
							"easing": "easeInOutBack"
						},
						"1.2333": {
							"vector": [-11.11738, -20.48406, -10.92632],
							"easing": "easeInOutBack"
						},
						"1.2667": {
							"vector": [-12.9347, -20.61173, -12.46468],
							"easing": "easeInSine"
						},
						"1.3": {
							"vector": [-13.00006, -19.43208, -8.43419],
							"easing": "easeInSine"
						},
						"1.5": {
							"vector": [-17.4338, -4.76916, 20.86076],
							"easing": "easeInOutSine"
						},
						"1.5333": {
							"vector": [-13.30192, -7.31695, 11.98147],
							"easing": "easeInSine"
						},
						"1.6333": {
							"vector": [5.83, 0.46, -0.75],
							"easing": "easeInOutSine"
						},
						"1.7": {
							"vector": [0, 0, 0],
							"easing": "easeInElastic"
						}
					},
					"position": {
						"0.0": {
							"vector": [0, 0, 0]
						},
						"0.1667": {
							"vector": [-4, 13, 2],
							"easing": "easeInOutSine"
						},
						"0.3833": {
							"vector": [-1, 9, 2],
							"easing": "easeInOutBack"
						},
						"0.55": {
							"vector": [-4, 10, 2],
							"easing": "easeInOutSine"
						},
						"0.8": {
							"vector": [-5.5, 9, 2],
							"easing": "easeInOutSine"
						},
						"1.1": {
							"vector": [-4, 11, 2],
							"easing": "easeInSine"
						},
						"1.2": {
							"vector": [1, 4, 1],
							"easing": "easeOutBack"
						},
						"1.2333": {
							"vector": [1.46, 3.92, 0.46],
							"easing": "easeInSine"
						},
						"1.4667": {
							"vector": [0, 1.81, -0.1],
							"easing": "easeInOutSine"
						},
						"1.5833": {
							"vector": [0, -0.46, 0],
							"easing": "easeInSine"
						},
						"1.6167": {
							"vector": [0, -0.5, 0],
							"easing": "easeInOutSine"
						},
						"1.6833": {
							"vector": [0, 0, 0],
							"easing": "easeInOutBack"
						}
					},
					"scale": {
						"0.2": {
							"vector": [1, 1, 1]
						},
						"0.3833": {
							"vector": [1, 1.05, 1],
							"easing": "easeInOutBack"
						},
						"0.4833": {
							"vector": [1, 1, 1]
						},
						"1.1": {
							"vector": [1, 1, 1]
						},
						"1.2": {
							"vector": [1, 0.95, 1],
							"easing": "easeOutBack"
						},
						"1.3": {
							"vector": [1, 1, 1]
						}
					}
				},
				"slide": {
					"position": {
						"0.0": {
							"vector": [0, 0, 0]
						},
						"0.0333": {
							"vector": [0, 0, 5],
							"easing": "easeOutSine"
						},
						"1.6167": {
							"vector": [0, 0, 5]
						},
						"1.65": {
							"vector": [0, 0, 0],
							"easing": "easeInOutBack"
						}
					}
				},
				"magazine": {
					"rotation": {
						"0.0": {
							"vector": [0, 0, 0]
						},
						"0.3667": {
							"vector": [0, 0, 0]
						},
						"0.4": {
							"vector": [22.5, 0, 0]
						},
						"0.5": {
							"vector": [40, 0, 0],
							"easing": "easeInOutSine"
						},
						"0.8": {
							"vector": [40, 0, 0]
						},
						"1.1333": {
							"vector": [7.5, 0, 0],
							"easing": "easeInOutBack"
						},
						"1.2333": {
							"vector": [0, 0, 0],
							"easing": "easeOutCirc"
						}
					},
					"position": {
						"0.0": {
							"vector": [0, 0, 0]
						},
						"0.3667": {
							"vector": [0, 0, 0]
						},
						"0.5": {
							"vector": [0, -25, 10],
							"easing": "easeInOutSine"
						},
						"0.8": {
							"vector": [0, -25, 10]
						},
						"1.0": {
							"vector": [0, -12, 3],
							"easing": "easeOutSine"
						},
						"1.1": {
							"vector": [0, -11, 3],
							"easing": "easeInOutCubic"
						},
						"1.2": {
							"vector": [0, 0, 0],
							"easing": "easeOutCirc"
						}
					}
				},
				"bullet": {
					"position": {
						"0.0": {
							"vector": [0, -1, 0.3]
						},
						"0.5": {
							"vector": [0, -1, 0.3]
						},
						"0.5333": {
							"vector": [0, 0, 0],
							"easing": "step"
						}
					}
				},
				"leftarm": {
					"rotation": {
						"0.0": {
							"vector": [0, 0, 0]
						},
						"0.2": {
							"vector": [44.32809, -8.37508, 36.36369]
						},
						"0.8": {
							"vector": [44.32809, -8.37508, 36.36369]
						},
						"1.1333": {
							"vector": [28.85829, -12.61738, 53.46293],
							"easing": "easeInOutBack"
						},
						"1.2333": {
							"vector": [27.5406, -9.52643, 41.27845],
							"easing": "easeInOutBack"
						},
						"1.6333": {
							"vector": [0, 0, 0],
							"easing": "easeInOutBack"
						}
					},
					"position": {
						"0.0": {
							"vector": [0, 0, 0]
						},
						"0.1": {
							"vector": [20, -18, 10.8]
						},
						"0.1667": {
							"vector": [0, -30, 18]
						},
						"0.8": {
							"vector": [0, -30, 18]
						},
						"1.0": {
							"vector": [0, -20, 8],
							"easing": "easeOutSine"
						},
						"1.1": {
							"vector": [0, -19, 8],
							"easing": "easeInOutCubic"
						},
						"1.2": {
							"vector": [0, -7, 4],
							"easing": "easeOutBack"
						},
						"1.4": {
							"vector": [4, -4.64, 2.65]
						},
						"1.6": {
							"vector": [0, 0, 0],
							"easing": "easeInOutBack"
						}
					}
				},
				"_camera_": {
					"rotation": {
						"0.0": {
							"vector": [0, 0, 0]
						},
						"0.1667": {
							"vector": [0, 0, 1],
							"easing": "easeInOutSine"
						},
						"0.3": {
							"vector": [0, 0, -1],
							"easing": "easeInOutBack"
						},
						"0.5333": {
							"vector": [0, 0, 0],
							"easing": "easeInOutSine"
						},
						"1.1": {
							"vector": [0, 0, 1],
							"easing": "easeInOutSine"
						},
						"1.2": {
							"vector": [0, 0, -2],
							"easing": "easeInOutBack"
						},
						"1.3": {
							"vector": [0, 0, 0],
							"easing": "easeInOutSine"
						},
						"1.5": {
							"vector": [0, 0, 2.5],
							"easing": "easeInOutSine"
						},
						"1.7": {
							"vector": [0, 0, 0],
							"easing": "easeInOutBack"
						}
					}
				},
				"gun": {
					"rotation": {
						"0.0": {
							"vector": [0, 0, 0]
						},
						"1.1": {
							"vector": [0, 0, 0],
							"easing": "easeInSine"
						},
						"1.2": {
							"vector": [-2.5, 0, 0],
							"easing": "easeInSine"
						},
						"1.2333": {
							"vector": [0, 0, 0],
							"easing": "easeInSine"
						},
						"1.6333": {
							"vector": [0, 0, 0],
							"easing": "easeInSine"
						},
						"1.6667": {
							"vector": [2.5, 0, 0],
							"easing": "easeInSine"
						},
						"1.7": {
							"vector": [0, 0, 0],
							"easing": "easeInSine"
						}
					}
				}
			},
			"sound_effects": {
				"0.0": {
					"effect": "halor_magnum_reloadempty"
				}
			}
		},
		"animation.model.reload": {
			"loop": true,
			"animation_length": 1.7,
			"bones": {
				"main": {
					"rotation": {
						"0.0": {
							"vector": [0, 0, 0]
						},
						"0.3333": {
							"vector": [-38.18806, -10.35147, -13.8052],
							"easing": "easeInOutBack"
						},
						"0.5": {
							"vector": [-37.12577, -14.83146, -18.57361]
						},
						"0.8": {
							"vector": [-37.7473, -15.39751, -16.2705],
							"easing": "easeInOutSine"
						},
						"1.1333": {
							"vector": [-29.79095, -18.13108, -7.32339],
							"easing": "easeInOutBack"
						},
						"1.2333": {
							"vector": [-21.31722, -24.93492, -9.37737],
							"easing": "easeInOutBack"
						},
						"1.6667": {
							"vector": [0, 0, 0],
							"easing": "easeInOutBack"
						}
					},
					"position": {
						"0.0": {
							"vector": [0, 0, 0]
						},
						"0.3": {
							"vector": [-6, 10, 0],
							"easing": "easeInOutCubic"
						},
						"0.4667": {
							"vector": [-5.43, 9, 0]
						},
						"0.7667": {
							"vector": [-4, 10, 0],
							"easing": "easeInOutSine"
						},
						"1.1": {
							"vector": [-2, 7, -1],
							"easing": "easeInOutBack"
						},
						"1.2": {
							"vector": [-1, 2, -1],
							"easing": "easeOutBack"
						},
						"1.2667": {
							"vector": [-1, 4, -1]
						},
						"1.6333": {
							"vector": [0, 0, 0],
							"easing": "easeInOutBack"
						}
					},
					"scale": {
						"1.1": {
							"vector": [1, 1, 1]
						},
						"1.2": {
							"vector": [1, 0.95, 1],
							"easing": "easeOutBack"
						},
						"1.2667": {
							"vector": [1, 1, 1]
						}
					}
				},
				"magazine": {
					"rotation": {
						"0.0": {
							"vector": [0, 0, 0]
						},
						"0.4667": {
							"vector": [0, 0, 0]
						},
						"0.5": {
							"vector": [22.5, 0, 0]
						},
						"0.7": {
							"vector": [40, 0, 0],
							"easing": "easeInOutSine"
						},
						"1.0": {
							"vector": [40, 0, 0]
						},
						"1.1333": {
							"vector": [7.5, 0, 0],
							"easing": "easeInOutBack"
						},
						"1.2333": {
							"vector": [0, 0, 0],
							"easing": "easeOutCirc"
						}
					},
					"position": {
						"0.0": {
							"vector": [0, 0, 0]
						},
						"0.4667": {
							"vector": [0, 0, 0]
						},
						"0.7": {
							"vector": [0, -30, 20],
							"easing": "easeInOutSine"
						},
						"0.9667": {
							"vector": [0, -25, 10]
						},
						"1.1": {
							"vector": [0, -11, 3],
							"easing": "easeInOutCubic"
						},
						"1.2": {
							"vector": [0, 0, 0],
							"easing": "easeOutCirc"
						}
					}
				},
				"leftarm": {
					"rotation": {
						"0.0": {
							"vector": [0, 0, 0]
						},
						"0.4": {
							"vector": [44.32809, -8.37508, 36.36369]
						},
						"1.0": {
							"vector": [44.32809, -8.37508, 36.36369]
						},
						"1.1333": {
							"vector": [28.85829, -12.61738, 53.46293],
							"easing": "easeInOutBack"
						},
						"1.2333": {
							"vector": [27.5406, -9.52643, 41.27845],
							"easing": "easeInOutBack"
						},
						"1.6667": {
							"vector": [0, 0, 0],
							"easing": "easeInOutBack"
						}
					},
					"position": {
						"0.0": {
							"vector": [0, 0, 0]
						},
						"0.1": {
							"vector": [8, -17.13, 16.28],
							"easing": "easeInOutSine"
						},
						"0.3667": {
							"vector": [0, -30, 18],
							"easing": "easeInOutSine"
						},
						"0.9667": {
							"vector": [0, -34, 22]
						},
						"1.1": {
							"vector": [0, -19, 8],
							"easing": "easeInOutCubic"
						},
						"1.2": {
							"vector": [0, -7, 4],
							"easing": "easeOutBack"
						},
						"1.4": {
							"vector": [4, -4.64, 2.65]
						},
						"1.6333": {
							"vector": [0, 0, 0],
							"easing": "easeInOutBack"
						}
					}
				},
				"_camera_": {
					"rotation": {
						"0.0": {
							"vector": [0, 0, 0]
						},
						"0.1667": {
							"vector": [0, 0, 1],
							"easing": "easeInOutSine"
						},
						"0.5": {
							"vector": [0, 0, -1],
							"easing": "easeInOutBack"
						},
						"0.7": {
							"vector": [0, 0, 0],
							"easing": "easeInOutSine"
						},
						"1.1": {
							"vector": [0, 0, 1],
							"easing": "easeInOutSine"
						},
						"1.2": {
							"vector": [0, 0, -2],
							"easing": "easeInOutBack"
						},
						"1.3": {
							"vector": [0, 0, 0],
							"easing": "easeInOutSine"
						},
						"1.5": {
							"vector": [0, 0, 2.5],
							"easing": "easeInOutSine"
						},
						"1.7": {
							"vector": [0, 0, 0],
							"easing": "easeInOutBack"
						}
					}
				},
				"gun": {
					"rotation": {
						"0.0": {
							"vector": [0, 0, 0]
						},
						"0.2": {
							"vector": [5, 0, 0]
						},
						"0.3333": {
							"vector": [0, 0, 0]
						},
						"1.1": {
							"vector": [0, 0, 0]
						},
						"1.2": {
							"vector": [-5, 0, 0]
						},
						"1.2667": {
							"vector": [0, 0, 0]
						}
					}
				}
			},
			"sound_effects": {
				"0.0": {
					"effect": "halor_magnum_reload"
				}
			}
		},
		"animation.model.fire": {
			"loop": true,
			"animation_length": 0.6333,
			"bones": {
				"main": {
					"rotation": {
						"0.0": {
							"vector": [0, 0, 0]
						},
						"0.1667": {
							"vector": [-9.96271, 0.86717, 4.92442],
							"easing": "easeInOutBack"
						},
						"0.2333": {
							"pre": {
								"vector": [0, -0.6, 4.77446]
							},
							"post": {
								"vector": [0, -0.6, 4.77446]
							},
							"lerp_mode": "catmullrom"
						},
						"0.3333": {
							"post": {
								"vector": [0, -0.20211, -0.79207]
							},
							"lerp_mode": "catmullrom"
						},
						"0.4667": {
							"post": {
								"vector": [0, 0.0889, 1.47258]
							},
							"lerp_mode": "catmullrom"
						},
						"0.6": {
							"vector": [0, 0, 0],
							"easing": "easeOutSine"
						}
					},
					"position": {
						"0.0": {
							"vector": [0, 0, 0]
						},
						"0.1": {
							"vector": [0, 1, 6.5],
							"easing": "easeInOutBack"
						},
						"0.4": {
							"vector": [0, -0.255, -0.545],
							"easing": "easeOutCubic"
						},
						"0.6": {
							"vector": [0, 0, 0]
						}
					},
					"scale": {
						"0.0": {
							"vector": [1, 1, 1]
						},
						"0.1": {
							"vector": [1, 1, 0.9],
							"easing": "easeInOutElastic"
						},
						"0.2": {
							"vector": [1, 1, 1]
						}
					}
				},
				"slide": {
					"position": {
						"0.0667": {
							"pre": {
								"vector": [0, 0, 0]
							},
							"post": {
								"vector": [0, 0, 0]
							},
							"lerp_mode": "catmullrom"
						},
						"0.1": {
							"post": {
								"vector": [0, 0, 5]
							},
							"lerp_mode": "catmullrom"
						},
						"0.2": {
							"post": {
								"vector": [0, 0, 0]
							},
							"lerp_mode": "catmullrom"
						}
					}
				},
				"bullet": {
					"rotation": {
						"0.0667": {
							"vector": [0, 0, 0]
						},
						"0.1": {
							"vector": [-32.5, 0, 0]
						},
						"0.1333": {
							"vector": [-180, 0, 0]
						},
						"0.1667": {
							"vector": [-200, 0, 0]
						},
						"0.2667": {
							"vector": [0, 0, 0]
						}
					},
					"position": {
						"0.0": {
							"vector": [0, 0, 0]
						},
						"0.0833": {
							"vector": [0, 1, 0]
						},
						"0.1167": {
							"vector": [0, 5, 0]
						},
						"0.1333": {
							"vector": [-7, 25, 7]
						},
						"0.2667": {
							"vector": [0, 0, 0]
						}
					},
					"scale": {
						"0.1": {
							"vector": [1, 1, 1]
						},
						"0.1333": {
							"vector": [0, 0, 0],
							"easing": "step"
						},
						"0.2667": {
							"vector": [0, 0, 0],
							"easing": "step"
						},
						"0.3": {
							"vector": [1, 1, 1],
							"easing": "step"
						}
					}
				},
				"_camera_": {
					"rotation": {
						"0.0": {
							"post": {
								"vector": [0, 0, 0]
							},
							"lerp_mode": "catmullrom"
						},
						"0.1": {
							"post": {
								"vector": [0.02618, 0.99966, -0.99977]
							},
							"lerp_mode": "catmullrom"
						},
						"0.2": {
							"post": {
								"vector": [0, 0, 0]
							},
							"lerp_mode": "catmullrom"
						}
					}
				}
			}
		}
	},
	"geckolib_format_version": 2
}