{
	"format_version": "1.8.0",
	"animations": {
		"animation.model.runningstart": {
			"animation_length": 0.3,
			"bones": {
				"main": {
					"rotation": {
						"0.0": {
							"vector": [0, 0, 0]
						},
						"0.3": {
							"vector": [50, 0, 0],
							"easing": "easeInOutSine"
						}
					},
					"position": {
						"0.0": {
							"vector": [0, 0, 0]
						},
						"0.2833": {
							"vector": [0, -10, -2],
							"easing": "easeInOutSine"
						}
					}
				}
			}
		},
		"animation.model.running": {
			"loop": true,
			"animation_length": 0.6,
			"bones": {
				"main": {
					"rotation": {
						"0.0": {
							"vector": [50, 0, 0]
						},
						"0.3": {
							"vector": [49.56754, -7.64427, 6.46635],
							"easing": "easeInSine"
						},
						"0.6": {
							"vector": [50, 0, 0],
							"easing": "easeInOutCubic"
						}
					},
					"position": {
						"0.0": {
							"vector": [0, -10, -2]
						},
						"0.15": {
							"vector": [1, -11, -2],
							"easing": "easeInOutSine"
						},
						"0.3": {
							"vector": [-0.17, -10, -2],
							"easing": "easeInOutSine"
						},
						"0.45": {
							"vector": [-1, -11, -2],
							"easing": "easeInOutSine"
						},
						"0.6": {
							"vector": [0, -10, -2],
							"easing": "easeOutSine"
						}
					},
					"scale": {
						"0.0": {
							"vector": [1, 1, 1]
						},
						"0.3": {
							"vector": [1, 0.95, 1],
							"easing": "easeInOutSine"
						},
						"0.6": {
							"vector": [1, 1, 1],
							"easing": "easeInOutSine"
						}
					}
				}
			}
		},
		"animation.model.runningend": {
			"animation_length": 0.5,
			"bones": {
				"main": {
					"rotation": {
						"0.0": {
							"vector": [50, 0, 0]
						},
						"0.25": {
							"vector": [0, 0, 5],
							"easing": "easeInOutSine"
						},
						"0.5": {
							"vector": [0, 0, 0],
							"easing": "easeInElastic"
						}
					},
					"position": {
						"0.0": {
							"vector": [0, -10, -2]
						},
						"0.3": {
							"vector": [0, -2, 0],
							"easing": "easeInOutSine"
						},
						"0.4667": {
							"vector": [0, 0, 0],
							"easing": "easeInOutSine"
						}
					}
				}
			}
		},
		"animation.model.off_ground": {
			"loop": true,
			"animation_length": 0.0167
		},
		"animation.model.off_ground_sprinting": {
			"loop": true,
			"animation_length": 1,
			"bones": {
				"main": {
					"rotation": {
						"0.0": {
							"vector": [49, 0, 0]
						},
						"0.5": {
							"vector": [48, 0, 0]
						},
						"1.0": {
							"vector": [49, 0, 0],
							"easing": "easeInOutSine"
						}
					},
					"position": {
						"0.0": {
							"vector": [0, -10, -2]
						},
						"0.45": {
							"vector": [0, -10.5, -2],
							"easing": "easeInSine"
						},
						"0.9833": {
							"vector": [0, -10, -2],
							"easing": "easeInOutSine"
						}
					}
				}
			}
		},
		"animation.model.walking": {
			"loop": true,
			"animation_length": 0.8,
			"bones": {
				"main": {
					"rotation": {
						"0.0": {
							"vector": [0, 0, 0]
						},
						"0.1": {
							"vector": [-1, 0, -1],
							"easing": "easeInOutSine"
						},
						"0.3": {
							"vector": [0, 0, 0],
							"easing": "easeInOutSine"
						},
						"0.5": {
							"vector": [1, 0, 1],
							"easing": "easeInOutSine"
						},
						"0.8": {
							"vector": [0, 0, 0],
							"easing": "easeInElastic"
						}
					},
					"position": {
						"0.0": {
							"vector": [0, 0, 0]
						},
						"0.2": {
							"vector": [-1, -1, 0],
							"easing": "easeInOutSine"
						},
						"0.4": {
							"vector": [0, 0, 0],
							"easing": "easeInOutSine"
						},
						"0.6": {
							"vector": [1, -1, 0],
							"easing": "easeInOutSine"
						},
						"0.8": {
							"vector": [0, 0, 0],
							"easing": "easeInOutSine"
						}
					}
				}
			}
		},
		"animation.model.walking_aiming": {
			"loop": true,
			"animation_length": 0.8,
			"bones": {
				"main": {
					"rotation": {
						"0.0": {
							"vector": [0, 0, 0]
						},
						"0.2333": {
							"vector": ["-2.4918 / 3", 0, "-1.9836 / 2"],
							"easing": "easeInOutSine"
						},
						"0.4333": {
							"vector": ["0.2059 / 3", 0, "1.4906 / 2"],
							"easing": "easeInOutSine"
						},
						"0.6333": {
							"vector": ["-1.9095 / 3", 0, "2.4425 / 2"],
							"easing": "easeInOutSine"
						},
						"0.8": {
							"vector": [0, 0, 0],
							"easing": "easeInOutSine"
						}
					},
					"position": {
						"0.0": {
							"vector": [0, 0, 0]
						},
						"0.1333": {
							"vector": ["-0.5 / 4", "0.5 / 4", 0],
							"easing": "easeOutQuad"
						},
						"0.3667": {
							"vector": ["-1 / 4", "-0.5 / 4", 0],
							"easing": "easeInOutSine"
						},
						"0.5667": {
							"vector": ["-0.5 / 4", "0.5 / 4", 0],
							"easing": "easeInSine"
						},
						"0.8": {
							"vector": [0, 0, 0],
							"easing": "easeInOutSine"
						}
					}
				}
			}
		},
		"animation.model.walking_backwards": {
			"loop": true,
			"animation_length": 0.8,
			"bones": {
				"main": {
					"rotation": {
						"0.0": {
							"vector": [-2.5, 0, 0]
						},
						"0.1": {
							"vector": [-3.5, 0, -1],
							"easing": "easeInOutSine"
						},
						"0.3": {
							"vector": [-2.5, 0, 0],
							"easing": "easeInOutSine"
						},
						"0.5": {
							"vector": [-1.5, 0, 1],
							"easing": "easeInOutSine"
						},
						"0.8": {
							"vector": [-2.5, 0, 0],
							"easing": "easeInElastic"
						}
					},
					"position": {
						"0.0": {
							"vector": [0, 0, 0]
						},
						"0.2": {
							"vector": [-1, -1, 0],
							"easing": "easeInOutSine"
						},
						"0.4": {
							"vector": [0, 0, 0],
							"easing": "easeInOutSine"
						},
						"0.6": {
							"vector": [1, -1, 0],
							"easing": "easeInOutSine"
						},
						"0.8": {
							"vector": [0, 0, 0],
							"easing": "easeInOutSine"
						}
					}
				}
			}
		},
		"animation.model.walking_right": {
			"loop": true,
			"animation_length": 0.8,
			"bones": {
				"main": {
					"rotation": {
						"0.0": {
							"vector": [0, 0, -2]
						},
						"0.1": {
							"vector": [-0.99939, -0.0349, -2.9997],
							"easing": "easeInOutSine"
						},
						"0.3": {
							"vector": [0, 0, -2],
							"easing": "easeInOutSine"
						},
						"0.5": {
							"vector": [0.99939, 0.0349, -0.9997],
							"easing": "easeInOutSine"
						},
						"0.8": {
							"vector": [0, 0, -1],
							"easing": "easeInElastic"
						}
					},
					"position": {
						"0.0": {
							"vector": [0, 0, 0]
						},
						"0.2": {
							"vector": [-1, -1, 0],
							"easing": "easeInOutSine"
						},
						"0.4": {
							"vector": [0, 0, 0],
							"easing": "easeInOutSine"
						},
						"0.6": {
							"vector": [1, -1, 0],
							"easing": "easeInOutSine"
						},
						"0.8": {
							"vector": [0, 0, 0],
							"easing": "easeInOutSine"
						}
					}
				}
			}
		},
		"animation.model.walking_left": {
			"loop": true,
			"animation_length": 0.8,
			"bones": {
				"main": {
					"rotation": {
						"0.0": {
							"vector": [0, 0, 2]
						},
						"0.1": {
							"vector": [-0.99939, 0.0349, 0.9997],
							"easing": "easeInOutSine"
						},
						"0.3": {
							"vector": [0, 0, 2],
							"easing": "easeInOutSine"
						},
						"0.5": {
							"vector": [0.99939, -0.0349, 2.9997],
							"easing": "easeInOutSine"
						},
						"0.8": {
							"vector": [0, 0, 2],
							"easing": "easeInElastic"
						}
					},
					"position": {
						"0.0": {
							"vector": [0, 0, 0]
						},
						"0.2": {
							"vector": [-1, -1, 0],
							"easing": "easeInOutSine"
						},
						"0.4": {
							"vector": [0, 0, 0],
							"easing": "easeInOutSine"
						},
						"0.6": {
							"vector": [1, -1, 0],
							"easing": "easeInOutSine"
						},
						"0.8": {
							"vector": [0, 0, 0],
							"easing": "easeInOutSine"
						}
					}
				}
			}
		}
	},
	"geckolib_format_version": 2
}