{
	"format_version": "1.8.0",
	"animations": {
		"animation.model.draw": {
			"loop": true,
			"animation_length": 1.05,
			"bones": {
				"leftarm": {
					"rotation": {
						"0.3": {
							"vector": [0, 0, 0]
						},
						"0.5": {
							"vector": [-10, 0, 0],
							"easing": "easeInOutBack"
						},
						"0.7": {
							"vector": [0, 0, 0],
							"easing": "easeInOutCirc"
						}
					},
					"position": {
						"0.3": {
							"vector": [0, 0, 0]
						},
						"0.5": {
							"vector": [1, -4, 7],
							"easing": "easeInOutBack"
						},
						"0.7": {
							"vector": [0, 0, 0],
							"easing": "easeInOutCirc"
						}
					}
				},
				"pump": {
					"position": {
						"0.3": {
							"vector": [0, 0, 0]
						},
						"0.5": {
							"vector": [0, 0, 10],
							"easing": "easeInOutBack"
						},
						"0.7": {
							"vector": [0, 0, 0],
							"easing": "easeInOutCirc"
						}
					}
				},
				"feeder": {
					"position": {
						"0.3": {
							"vector": [0, 0, 0]
						},
						"0.5": {
							"vector": [0, 0, -10],
							"easing": "easeInOutBack"
						},
						"0.7": {
							"vector": [0, 0, 0],
							"easing": "easeInOutCirc"
						}
					}
				},
				"main": {
					"rotation": {
						"0.0": {
							"post": {
								"vector": [58.39407, 23.29219, -0.25477]
							},
							"lerp_mode": "catmullrom"
						},
						"0.25": {
							"post": {
								"vector": [-55.2599, -24.87475, -12.31751]
							},
							"lerp_mode": "catmullrom"
						},
						"0.4": {
							"vector": [-44.94255, -33.00608, -14.36422]
						},
						"0.6": {
							"vector": [-46.0427, -31.22296, -12.29517]
						},
						"1.0": {
							"vector": [0, 0, 0],
							"easing": "easeInElastic"
						}
					},
					"position": {
						"0.0": {
							"vector": [0, -10, 10]
						},
						"0.25": {
							"vector": [-3, -22, -15],
							"easing": "easeInOutBack"
						},
						"0.5": {
							"vector": [-3, -24, -14],
							"easing": "easeOutBack"
						},
						"0.7": {
							"vector": [-1.91, -6, -3.46]
						},
						"0.95": {
							"vector": [0, 0, 0],
							"easing": "easeInOutBack"
						}
					},
					"scale": {
						"0.0": {
							"vector": [1, 1, 1]
						},
						"0.3": {
							"vector": [1, 1, 1]
						},
						"0.5": {
							"vector": [1, 1, 0.9],
							"easing": "easeInOutBack"
						},
						"0.7": {
							"vector": [1, 1, 1]
						}
					}
				},
				"_camera_": {
					"rotation": {
						"0.0": {
							"post": {
								"vector": [0, 0, 0]
							},
							"lerp_mode": "catmullrom"
						},
						"0.1": {
							"post": {
								"vector": [1, 1, -1]
							},
							"lerp_mode": "catmullrom"
						},
						"0.25": {
							"post": {
								"vector": [0.01746, 1.99985, 1.00046]
							},
							"lerp_mode": "catmullrom"
						},
						"0.5": {
							"post": {
								"vector": [0.94956, 2.03438, -1.00094]
							},
							"lerp_mode": "catmullrom"
						},
						"0.7": {
							"post": {
								"vector": [0, 0, 0]
							},
							"lerp_mode": "catmullrom"
						}
					}
				}
			},
			"sound_effects": {
				"0.0": {
					"effect": "halor_shotgun_sfx"
				},
				"0.2": {
					"effect": "halor_shotgun_draw"
				}
			}
		},
		"animation.model.inspect": {
			"loop": true,
			"animation_length": 5.0333,
			"bones": {
				"main": {
					"rotation": {
						"0.0": {
							"vector": [0, 0, 0]
						},
						"0.9": {
							"vector": [-46.96925, 19.76447, 38.17294],
							"easing": "easeInOutBack"
						},
						"2.0": {
							"vector": [-47.30928, 25.14969, 43.81684],
							"easing": "easeInOutElastic"
						},
						"3.0": {
							"vector": [4.15572, -60.29036, -0.45116],
							"easing": "easeInOutBack"
						},
						"4.0": {
							"vector": [30.66702, -52.31748, -28.9692],
							"easing": "easeInOutBack"
						},
						"5.0": {
							"vector": [0, 0, 0],
							"easing": "easeInOutBack"
						}
					},
					"position": {
						"0.0": {
							"vector": [0, 0, 0]
						},
						"0.8": {
							"vector": [3, -13, -7],
							"easing": "easeInOutBack"
						},
						"1.1": {
							"vector": [3, -15, -5],
							"easing": "easeOutBack"
						},
						"2.0": {
							"vector": [4, -15, -5],
							"easing": "easeOutElastic"
						},
						"2.1": {
							"vector": [4, -14, -5]
						},
						"2.9": {
							"vector": [0, 6, -9],
							"easing": "easeInOutBack"
						},
						"3.9": {
							"vector": [1, 4, -9],
							"easing": "easeInOutBack"
						},
						"4.5": {
							"vector": [-1.85, 3.29, -4.32],
							"easing": "easeInOutSine"
						},
						"4.9": {
							"vector": [0, 0, 0],
							"easing": "easeInOutBack"
						}
					}
				},
				"leftarm": {
					"rotation": {
						"0.0": {
							"vector": [0, 0, 0]
						},
						"0.9": {
							"vector": [0, 0, 0]
						},
						"1.1": {
							"vector": [0.2232, 8.07604, 11.20847],
							"easing": "easeOutBack"
						},
						"2.0": {
							"vector": [0.2232, 8.07604, 11.20847]
						},
						"2.1": {
							"vector": [0, 0, 0],
							"easing": "easeOutBack"
						},
						"3.0": {
							"vector": [-25.08548, 1.44631, -2.04101],
							"easing": "easeInOutBack"
						},
						"4.0": {
							"vector": [-25.08548, 1.44631, -2.04101],
							"easing": "easeInOutBack"
						},
						"5.0": {
							"vector": [0, 0, 0],
							"easing": "easeInOutBack"
						}
					},
					"position": {
						"0.0": {
							"vector": [0, 0, 0]
						},
						"0.9": {
							"vector": [0, 0, 0]
						},
						"1.1": {
							"vector": [0, 0, 3],
							"easing": "easeOutBack"
						},
						"2.0": {
							"vector": [0, 0, 3],
							"easing": "linear"
						},
						"2.1": {
							"vector": [0, 0, 0],
							"easing": "easeOutBack"
						},
						"2.9": {
							"vector": [4, -2, -5],
							"easing": "easeInOutBack"
						},
						"3.9": {
							"vector": [4, -2, -5],
							"easing": "easeInOutBack"
						},
						"4.9": {
							"vector": [0, 0, 0],
							"easing": "easeInOutBack"
						}
					}
				},
				"pump": {
					"position": {
						"0.9": {
							"vector": [0, 0, 0]
						},
						"1.1": {
							"vector": [0, 0, 4],
							"easing": "easeOutBack"
						},
						"2.0": {
							"vector": [0, 0, 4],
							"easing": "easeInOutBack"
						},
						"2.1": {
							"vector": [0, 0, 0],
							"easing": "easeOutBack"
						}
					}
				},
				"_camera_": {
					"rotation": {
						"0.0": {
							"vector": [0, 0, 0]
						},
						"0.9": {
							"vector": [1, -1, 0]
						},
						"1.2": {
							"vector": [2, -1, 0],
							"easing": "easeInOutBack"
						},
						"2.0": {
							"vector": [2.03366, -0.92961, -1.99904]
						},
						"2.3": {
							"vector": [1, -1, 0],
							"easing": "easeOutBack"
						},
						"3.0": {
							"vector": [2.00122, -2.9997, -0.03495],
							"easing": "easeInOutBack"
						},
						"4.0": {
							"vector": [2.12899, -2.90992, -2.5317],
							"easing": "easeInOutBack"
						},
						"4.9": {
							"vector": [0, 0, 0],
							"easing": "easeInOutBack"
						}
					}
				}
			},
			"sound_effects": {
				"0.2333": {
					"effect": "halor_shotgun_sfx"
				},
				"0.8667": {
					"effect": "halor_shotgun_pumpback"
				},
				"1.9667": {
					"effect": "halor_shotgun_pumpup"
				},
				"2.3": {
					"effect": "halor_shotgun_sfx1"
				},
				"3.2333": {
					"effect": "halor_shotgun_sfx2"
				},
				"4.0": {
					"effect": "halor_sfx_2"
				},
				"4.5": {
					"effect": "halor_shotgun_sfx"
				}
			}
		},
		"animation.model.prepare": {
			"loop": "hold_on_last_frame",
			"animation_length": 0.3167,
			"bones": {
				"main": {
					"rotation": {
						"0.0": {
							"vector": [0, 0, 0]
						},
						"0.3167": {
							"vector": [-17.64188, -3.64295, 25.56352],
							"easing": "easeInElastic"
						}
					},
					"position": {
						"0.0": {
							"vector": [0, 0, 0]
						},
						"0.2833": {
							"vector": [0, -3, -2],
							"easing": "easeOutQuad"
						}
					}
				},
				"leftarm": {
					"rotation": {
						"0.0": {
							"vector": [0, 0, 0]
						},
						"0.3167": {
							"vector": [103.37022, 42.989, 7.49296],
							"easing": "easeOutSine"
						}
					},
					"position": {
						"0.0": {
							"vector": [0, 0, 0]
						},
						"0.3": {
							"vector": [14, 18, 35],
							"easing": "easeOutSine"
						}
					}
				},
				"_camera_": {
					"rotation": {
						"0.0": {
							"vector": [0, 0, 0]
						},
						"0.15": {
							"vector": [0, 0, -1],
							"easing": "easeInOutBack"
						},
						"0.3167": {
							"vector": [0, 0, 0],
							"easing": "easeInElastic"
						}
					}
				}
			},
			"sound_effects": {
				"0.0": {
					"effect": "halor_shotgun_sfx"
				}
			}
		},
		"animation.model.preparealt": {
			"loop": "hold_on_last_frame",
			"animation_length": 0.6,
			"bones": {
				"main": {
					"rotation": {
						"0.0": {
							"vector": [0, 0, 0]
						},
						"0.1": {
							"vector": [-1.99506, -1.85063, 10.56742],
							"easing": "easeOutSine"
						},
						"0.3": {
							"vector": [-1.91246, -1.93588, 8.0675],
							"easing": "easeInOutSine"
						},
						"0.6": {
							"vector": [-17.64188, -3.64295, 25.56352],
							"easing": "easeInElastic"
						}
					},
					"position": {
						"0.0": {
							"vector": [0, 0, 0]
						},
						"0.1": {
							"vector": [1, -1, 1],
							"easing": "easeInOutBack"
						},
						"0.25": {
							"vector": [0, 0, 0],
							"easing": "easeInOutSine"
						},
						"0.5833": {
							"vector": [0, -3, -2],
							"easing": "easeInOutBack"
						}
					},
					"scale": {
						"0.0": {
							"vector": [1, 1, 1]
						},
						"0.1": {
							"vector": [1, 1, 0.95],
							"easing": "easeInOutElastic"
						},
						"0.2": {
							"vector": [1, 1, 1]
						}
					}
				},
				"leftarm": {
					"rotation": {
						"0.0": {
							"vector": [0, 0, 0]
						},
						"0.1": {
							"vector": [-7.35494, -5.00654, -2.48473],
							"easing": "easeOutSine"
						},
						"0.2": {
							"vector": [-7.35494, -5.00654, -2.48473],
							"easing": "linear"
						},
						"0.6": {
							"vector": [103.37022, 42.989, 7.49296],
							"easing": "easeOutSine"
						}
					},
					"position": {
						"0.0": {
							"vector": [0, 0, 0]
						},
						"0.1": {
							"vector": [0, -2, 5],
							"easing": "easeOutSine"
						},
						"0.2": {
							"vector": [0, -2, 5],
							"easing": "linear"
						},
						"0.5833": {
							"vector": [14, 18, 35],
							"easing": "easeOutSine"
						}
					}
				},
				"_camera_": {
					"rotation": {
						"0.0": {
							"vector": [0, 0, 0]
						},
						"0.1": {
							"vector": [0, 0, -1],
							"easing": "easeInOutBack"
						},
						"0.2": {
							"vector": [0, 0, 0],
							"easing": "easeInElastic"
						}
					}
				},
				"pump": {
					"position": {
						"0.0": {
							"vector": [0, 0, 0]
						},
						"0.1": {
							"vector": [0, 0, 10],
							"easing": "easeOutSine"
						}
					}
				},
				"feeder": {
					"position": {
						"0.0": {
							"vector": [0, 0, 0]
						},
						"0.1": {
							"vector": [0, 0, -3],
							"easing": "easeOutSine"
						}
					}
				},
				"shell": {
					"scale": {
						"0.0": {
							"vector": [1, 1, 1]
						},
						"0.0167": {
							"vector": [0, 0, 0]
						}
					}
				},
				"shell2": {
					"scale": {
						"0.0": {
							"vector": [1, 1, 1]
						},
						"0.0167": {
							"vector": [0, 0, 0]
						}
					}
				}
			},
			"sound_effects": {
				"0.0": {
					"effect": "halor_shotgun_pumpback"
				},
				"0.2": {
					"effect": "halor_shotgun_sfx"
				}
			}
		},
		"animation.model.chamberload": {
			"loop": "hold_on_last_frame",
			"animation_length": 1.2,
			"bones": {
				"main": {
					"rotation": {
						"0.0": {
							"vector": [-17.64188, -3.64295, 25.56352]
						},
						"0.2": {
							"vector": [-18.39705, -4.71045, 22.21891],
							"easing": "easeInOutSine"
						},
						"0.4": {
							"vector": [-13.64188, -3.64295, 25.56352],
							"easing": "easeInElastic"
						},
						"0.6667": {
							"vector": [-18.39705, -4.71045, 22.21891],
							"easing": "easeInOutSine"
						},
						"0.8167": {
							"vector": [-20.21416, -7.17099, 15.62966],
							"easing": "easeInOutSine"
						},
						"1.2": {
							"vector": [-17.64188, -3.64295, 25.56352],
							"easing": "easeInElastic"
						}
					},
					"position": {
						"0.0": {
							"vector": [0, -3, -2]
						},
						"0.15": {
							"vector": [0, -3, -3],
							"easing": "easeInOutSine"
						},
						"0.35": {
							"vector": [0, -4, -3],
							"easing": "easeInOutSine"
						},
						"0.6167": {
							"vector": [0, -3, -3],
							"easing": "easeInOutSine"
						},
						"0.7667": {
							"vector": [0, -3, -3.5],
							"easing": "easeInOutSine"
						},
						"0.95": {
							"vector": [0, -4, -2.89]
						},
						"1.15": {
							"vector": [0, -3, -2],
							"easing": "easeInOutBack"
						}
					},
					"scale": {
						"0.2": {
							"vector": [1, 1, 1]
						},
						"0.4": {
							"vector": [1, 0.95, 1]
						},
						"0.6667": {
							"vector": [1, 1, 1]
						},
						"0.8167": {
							"vector": [1, 1.03, 1.04]
						},
						"0.95": {
							"vector": [1, 1, 1]
						}
					}
				},
				"pump": {
					"position": {
						"0.0": {
							"vector": [0, 0, 10],
							"easing": "easeOutSine"
						},
						"0.6667": {
							"vector": [0, 0, 10]
						},
						"0.8167": {
							"vector": [0, 0, 0],
							"easing": "easeInOutBack"
						}
					}
				},
				"feeder": {
					"position": {
						"0.0": {
							"vector": [0, 0, -3],
							"easing": "easeOutSine"
						},
						"0.6667": {
							"vector": [0, 0, -3]
						},
						"0.8167": {
							"vector": [0, 0, 0],
							"easing": "easeInOutBack"
						}
					}
				},
				"leftarm": {
					"rotation": {
						"0.0": {
							"vector": [-47.06839, 38.36186, -79.54731]
						},
						"0.2333": {
							"vector": [-35.36862, 27.42099, -33.09705],
							"easing": "easeInOutSine"
						},
						"0.4": {
							"vector": [-27.86124, 7.30225, -46.01644],
							"easing": "easeInElastic"
						},
						"0.4667": {
							"vector": [-27.33059, 11.50642, -43.25785],
							"easing": "linear"
						},
						"0.55": {
							"vector": [-15.637, 23.0214, -11.50599]
						},
						"0.6667": {
							"vector": [-7.27748, 2.65108, 4.24553],
							"easing": "easeInOutSine"
						},
						"0.8167": {
							"vector": [0, 0, 0],
							"easing": "easeInOutBack"
						},
						"1.2": {
							"vector": [-47.06839, 38.36186, -79.54731],
							"easing": "easeInOutCubic"
						}
					},
					"position": {
						"0.0": {
							"vector": [27, 33, 32]
						},
						"0.2": {
							"vector": [14, 21, 14],
							"easing": "easeInOutSine"
						},
						"0.3833": {
							"vector": [11.5, 21, 12],
							"easing": "easeInOutBack"
						},
						"0.45": {
							"vector": [11.5, 21, 12],
							"easing": "linear"
						},
						"0.55": {
							"vector": [16.44, 10.01, 10.24]
						},
						"0.6667": {
							"vector": [0, -4, 8],
							"easing": "easeInOutSine"
						},
						"0.8167": {
							"vector": [0, 0, 0],
							"easing": "easeInOutBack"
						},
						"1.15": {
							"vector": [30, 16, 26],
							"easing": "easeInOutCubic"
						}
					},
					"scale": {
						"0.2": {
							"vector": [1, 1, 1]
						},
						"0.4": {
							"vector": [0.8, 1, 1],
							"easing": "easeInOutBack"
						},
						"0.45": {
							"vector": [1, 1, 1]
						}
					}
				},
				"shell": {
					"rotation": {
						"0.0": {
							"vector": [0, 0, 0]
						},
						"0.2333": {
							"vector": [25, 0, 0],
							"easing": "easeInOutSine"
						},
						"0.4": {
							"vector": [0, 0, 0],
							"easing": "easeInElastic"
						}
					},
					"position": {
						"0.0": {
							"vector": [19, 0, 26]
						},
						"0.2": {
							"vector": [0, 5, 8],
							"easing": "easeInOutSine"
						},
						"0.3833": {
							"vector": [0, 0, 0],
							"easing": "easeInOutBack"
						}
					}
				},
				"shell2": {
					"scale": {
						"0.0": {
							"vector": [0, 0, 0]
						},
						"0.8333": {
							"vector": [0, 0, 0]
						},
						"0.8667": {
							"vector": [1, 1, 1]
						}
					}
				},
				"_camera_": {
					"rotation": {
						"0.0": {
							"vector": [0, 0, 0]
						},
						"0.2": {
							"vector": [1, 0, 0]
						},
						"0.4": {
							"vector": [1, 0, 1]
						},
						"0.55": {
							"vector": [1, 0, 0]
						},
						"0.8167": {
							"vector": [-1, 0, 0]
						},
						"1.2": {
							"vector": [0, 0, 0]
						}
					}
				}
			},
			"sound_effects": {
				"0.0667": {
					"effect": "halor_shotgun_reloadloop"
				},
				"0.6667": {
					"effect": "halor_shotgun_pumpup"
				},
				"0.8": {
					"effect": "halor_sfx_1"
				}
			}
		},
		"animation.model.iterativeload": {
			"loop": true,
			"animation_length": 0.55,
			"bones": {
				"main": {
					"rotation": {
						"0.0": {
							"vector": [-17.64188, -3.64295, 25.56352]
						},
						"0.0833": {
							"vector": [-18.39705, -4.71045, 22.21891],
							"easing": "easeInOutSine"
						},
						"0.3333": {
							"vector": [-13.47464, -4.22912, 23.12746],
							"easing": "easeInElastic"
						},
						"0.55": {
							"vector": [-17.64188, -3.64295, 25.56352],
							"easing": "easeInElastic"
						}
					},
					"position": {
						"0.0": {
							"vector": [0, -3, -2]
						},
						"0.0333": {
							"vector": [0, -3, -3],
							"easing": "easeInOutSine"
						},
						"0.2833": {
							"vector": [0, -4, -3],
							"easing": "easeInOutSine"
						},
						"0.5167": {
							"vector": [0, -3, -2],
							"easing": "easeInOutBack"
						}
					},
					"scale": {
						"0.0833": {
							"vector": [1, 1, 1]
						},
						"0.3333": {
							"vector": [1, 0.95, 1]
						},
						"0.55": {
							"vector": [1, 1, 1]
						}
					}
				},
				"feeder": {
					"rotation": {
						"0.0": {
							"vector": [0, 0, 0]
						},
						"0.3167": {
							"vector": [20, 0, 0],
							"easing": "easeInOutBack"
						},
						"0.3833": {
							"vector": [0, 0, 0],
							"easing": "easeInOutBack"
						}
					}
				},
				"shell": {
					"rotation": {
						"0.0": {
							"vector": [29.39942, -19.84302, -10.82777]
						},
						"0.1333": {
							"vector": [15, 0, 0],
							"easing": "easeInOutSine"
						},
						"0.3167": {
							"vector": [0, 0, 0],
							"easing": "easeInElastic"
						}
					},
					"position": {
						"0.0": {
							"vector": [19, -26, 14]
						},
						"0.0333": {
							"vector": [13.71, -13.35, 11.38]
						},
						"0.05": {
							"vector": [10.56, -7.02, 10.07]
						},
						"0.0667": {
							"vector": [6.78, -1.01, 9.03],
							"easing": "linear"
						},
						"0.0833": {
							"vector": [0, 3, 8],
							"easing": "linear"
						},
						"0.3": {
							"vector": [0, 0, 0],
							"easing": "easeInOutBack"
						}
					}
				},
				"leftarm": {
					"rotation": {
						"0.0": {
							"vector": [-53.38712, 20.3478, -94.97196],
							"easing": "easeInSine"
						},
						"0.0333": {
							"vector": [-49.46172, 29.28177, -84.62202]
						},
						"0.05": {
							"vector": [-43.19365, 32.14205, -70.95029]
						},
						"0.0667": {
							"vector": [-44.30928, 35.32351, -59.04635]
						},
						"0.0833": {
							"vector": [-33.65786, 34.89297, -35.60943]
						},
						"0.1333": {
							"vector": [-35.4849, 47.07352, -26.13215],
							"easing": "linear"
						},
						"0.3167": {
							"vector": [-27.86124, 7.30225, -46.01644],
							"easing": "easeInElastic"
						},
						"0.3833": {
							"vector": [-27.33059, 11.50642, -43.25785],
							"easing": "linear"
						},
						"0.55": {
							"vector": [-53.38712, 20.3478, -94.97196],
							"easing": "easeInElastic",
							"easingArgs": [0.1]
						}
					},
					"position": {
						"0.0": {
							"vector": [27, 8, 14],
							"easing": "easeInSine"
						},
						"0.0333": {
							"vector": [21.8, 21, 14.2]
						},
						"0.05": {
							"vector": [21.5, 22.83, 14.3]
						},
						"0.0667": {
							"vector": [19.6, 24.66, 12.4]
						},
						"0.0833": {
							"vector": [14, 20.5, 14.5],
							"easing": "linear"
						},
						"0.3": {
							"vector": [11.5, 21, 12],
							"easing": "easeInOutBack"
						},
						"0.3667": {
							"vector": [11.5, 21, 12],
							"easing": "linear"
						},
						"0.5333": {
							"vector": [27, 8, 14],
							"easing": "easeInOutSine"
						}
					},
					"scale": {
						"0.0": {
							"vector": [1, 1, 1]
						},
						"0.0833": {
							"vector": [1, 1, 1]
						},
						"0.3167": {
							"vector": [0.8, 1, 1],
							"easing": "easeInOutBack"
						},
						"0.3667": {
							"vector": [1, 1, 1]
						},
						"0.45": {
							"vector": [1.2, 1, 1]
						},
						"0.55": {
							"vector": [1, 1, 1]
						}
					}
				},
				"_camera_": {
					"rotation": {
						"0.0": {
							"vector": [0, 0, 0]
						},
						"0.2667": {
							"vector": [0, 0, -1.5],
							"easing": "easeInOutBack"
						},
						"0.55": {
							"vector": [0, 0, 0]
						}
					}
				}
			},
			"sound_effects": {
				"0.0": {
					"effect": "halor_shotgun_reloadloop"
				}
			}
		},
		"animation.model.finish": {
			"loop": "hold_on_last_frame",
			"animation_length": 0.6,
			"bones": {
				"main": {
					"rotation": {
						"0.0": {
							"vector": [-17.64188, -3.64295, 25.56352]
						},
						"0.1": {
							"vector": [-9.8415, -2.31227, 26.09701]
						},
						"0.4": {
							"vector": [3.08875, -0.32661, -4.4833],
							"easing": "easeInOutSine"
						},
						"0.6": {
							"vector": [0, 0, 0],
							"easing": "easeInElastic"
						}
					},
					"position": {
						"0.0": {
							"vector": [0, -3, -2]
						},
						"0.3": {
							"vector": [0.5, 3, -2],
							"easing": "easeInOutSine"
						},
						"0.55": {
							"vector": [0, 0, 0],
							"easing": "easeInOutBack"
						}
					},
					"scale": {
						"0.0": {
							"vector": [1, 1, 1]
						},
						"0.1667": {
							"vector": [1.1, 1, 1]
						},
						"0.3": {
							"vector": [1, 1, 1]
						},
						"0.4": {
							"vector": [1, 1.05, 1]
						},
						"0.6": {
							"vector": [1, 1, 1]
						}
					}
				},
				"leftarm": {
					"rotation": {
						"0.0": {
							"vector": [-47.06839, 38.36186, -79.54731]
						},
						"0.1": {
							"vector": [-1.03419, 19.18093, -39.77365]
						},
						"0.2": {
							"vector": [-5, 0, 0],
							"easing": "linear"
						},
						"0.3": {
							"vector": [0, 0, 0]
						}
					},
					"position": {
						"0.0": {
							"vector": [27, 33, 32]
						},
						"0.2": {
							"vector": [2, -9, 4],
							"easing": "linear"
						},
						"0.3": {
							"vector": [0, 0, 0]
						}
					},
					"scale": {
						"0.0": {
							"vector": [1, 1, 1]
						},
						"0.2": {
							"vector": [1, 1.4, 1]
						},
						"0.3": {
							"vector": [1, 1, 1]
						}
					}
				},
				"_camera_": {
					"rotation": {
						"0.0": {
							"vector": [0, 0, 0]
						},
						"0.2": {
							"vector": [0, 0, -1]
						},
						"0.4": {
							"vector": [0, 0, 1]
						},
						"0.6": {
							"vector": [0, 0, 0],
							"easing": "easeInElastic"
						}
					}
				}
			},
			"sound_effects": {
				"0.0": {
					"effect": "halor_sfx_1"
				}
			}
		},
		"animation.model.fire": {
			"loop": true,
			"animation_length": 1,
			"bones": {
				"main": {
					"rotation": {
						"0.0": {
							"vector": [0, 0, 0]
						},
						"0.05": {
							"vector": [-4, 0, 6],
							"easing": "easeInOutBack"
						},
						"0.0667": {
							"vector": [-4, 0, 0],
							"easing": "linear"
						},
						"0.4667": {
							"vector": [-12.5, 0, 0],
							"easing": "easeInOutQuad"
						},
						"0.5667": {
							"vector": [-21.13336, 3.63756, 9.32122],
							"easing": "easeInOutBack"
						},
						"0.6": {
							"vector": [-21.13336, 3.63756, 9.32122],
							"easing": "linear"
						},
						"0.7333": {
							"vector": [-16.91, 2.91, 7.46],
							"easing": "easeInOutSine"
						},
						"0.9667": {
							"vector": [0, 0, 0],
							"easing": "easeInElastic"
						}
					},
					"position": {
						"0.0": {
							"vector": [0, 0, 0]
						},
						"0.05": {
							"vector": [0, 0, 10],
							"easing": "easeOutSine"
						},
						"0.4333": {
							"vector": [0, 0, 2],
							"easing": "easeInOutQuad"
						},
						"0.5667": {
							"vector": [0, -5, 8],
							"easing": "easeInOutBack"
						},
						"0.6": {
							"vector": [0, -5, 8],
							"easing": "linear"
						},
						"0.7333": {
							"vector": [0, -2, 3],
							"easing": "easeInOutSine"
						},
						"0.9167": {
							"vector": [0, 0, 0],
							"easing": "easeInOutBack"
						}
					},
					"scale": {
						"0.0": {
							"vector": [1, 1, 1]
						},
						"0.05": {
							"vector": [1, 1.05, 0.9],
							"easing": "easeInOutElastic"
						},
						"0.4333": {
							"vector": [1, 1, 1]
						},
						"0.5667": {
							"vector": [1, 1, 0.95],
							"easing": "easeInOutBack"
						},
						"0.7333": {
							"vector": [1, 1, 1]
						}
					}
				},
				"pump": {
					"position": {
						"0.4667": {
							"vector": [0, 0, 0]
						},
						"0.6667": {
							"vector": [0, 0, 10],
							"easing": "easeInOutBack"
						},
						"0.7": {
							"vector": [0, 0, 10],
							"easing": "linear"
						},
						"0.8333": {
							"vector": [0, 0, 0],
							"easing": "easeInOutCirc"
						}
					}
				},
				"feeder": {
					"position": {
						"0.4667": {
							"vector": [0, 0, 0]
						},
						"0.6667": {
							"vector": [0, 0, -4],
							"easing": "easeInOutBack"
						},
						"0.7": {
							"vector": [0, 0, -4],
							"easing": "linear"
						},
						"0.8333": {
							"vector": [0, 0, 0],
							"easing": "easeInOutCirc"
						}
					}
				},
				"shell2": {
					"position": {
						"0.4667": {
							"vector": [0, -2, 5]
						},
						"0.5667": {
							"vector": [0, -2, 5]
						},
						"0.7": {
							"vector": [0, 0, 5],
							"easing": "easeInOutBack"
						},
						"0.8333": {
							"vector": [0, 0, 0],
							"easing": "easeInOutCirc"
						}
					}
				},
				"leftarm": {
					"rotation": {
						"0.4667": {
							"vector": [0, 0, 0]
						},
						"0.6667": {
							"vector": [-10, 0, 0],
							"easing": "easeInOutBack"
						},
						"0.7": {
							"vector": [-10, 0, 0],
							"easing": "linear"
						},
						"0.8333": {
							"vector": [0, 0, 0],
							"easing": "easeInOutCirc"
						}
					},
					"position": {
						"0.4667": {
							"vector": [0, 0, 0]
						},
						"0.6667": {
							"vector": [1, -4, 7],
							"easing": "easeInOutBack"
						},
						"0.7": {
							"vector": [1, -4, 7],
							"easing": "linear"
						},
						"0.8333": {
							"vector": [0, 0, 0],
							"easing": "easeInOutCirc"
						}
					}
				},
				"shell": {
					"rotation": {
						"0.5667": {
							"pre": {
								"vector": [0, 0, 0]
							},
							"post": {
								"vector": [0, 0, 0]
							},
							"lerp_mode": "catmullrom"
						},
						"0.6333": {
							"post": {
								"vector": [-102.14643, -7.47688, -12.57064]
							},
							"lerp_mode": "catmullrom"
						},
						"0.7667": {
							"post": {
								"vector": [-200.1135, -10.59401, -47.03621]
							},
							"lerp_mode": "catmullrom"
						},
						"0.8333": {
							"post": {
								"vector": [-155.23588, -26.65668, -54.39862]
							},
							"lerp_mode": "catmullrom"
						},
						"0.9333": {
							"post": {
								"vector": [0, 0, 0]
							},
							"lerp_mode": "catmullrom"
						}
					},
					"position": {
						"0.4667": {
							"vector": [0, 0, 0]
						},
						"0.5667": {
							"vector": [0, 0, 5]
						},
						"0.6667": {
							"pre": {
								"vector": [-6, 21, -1]
							},
							"post": {
								"vector": [-6, 21, -1]
							},
							"lerp_mode": "catmullrom"
						},
						"0.7333": {
							"post": {
								"vector": [-22, 4, 11]
							},
							"lerp_mode": "catmullrom"
						},
						"0.8333": {
							"post": {
								"vector": [-8, -16, -1]
							},
							"lerp_mode": "catmullrom"
						},
						"0.9333": {
							"post": {
								"vector": [0, 0, 0]
							},
							"lerp_mode": "catmullrom"
						}
					},
					"scale": {
						"0.8": {
							"vector": [1, 1, 1]
						},
						"0.8333": {
							"vector": [0, 0, 0]
						},
						"0.9333": {
							"vector": [0, 0, 0]
						},
						"0.9667": {
							"vector": [1, 1, 1]
						}
					}
				},
				"_camera_": {
					"rotation": {
						"0.0": {
							"vector": [0, 0, 0]
						},
						"0.1": {
							"vector": [0, 0, -2.5],
							"easing": "easeInOutBack"
						},
						"0.3": {
							"vector": [0, 0, 1]
						},
						"0.5667": {
							"vector": [0.99985, -0.01745, 0.99985],
							"easing": "easeInOutBack"
						},
						"0.7667": {
							"vector": [-1, 0, 0],
							"easing": "easeInOutBack"
						},
						"0.9": {
							"vector": [0, 0, 0]
						}
					}
				}
			},
			"sound_effects": {
				"0.0": {
					"effect": "halor_shotgun_firepump"
				}
			}
		},
		"animation.model.fireempty": {
			"loop": true,
			"animation_length": 0.5,
			"bones": {
				"main": {
					"rotation": {
						"0.0": {
							"vector": [0, 0, 0]
						},
						"0.05": {
							"vector": [-4, 0, 6],
							"easing": "easeInOutBack"
						},
						"0.0667": {
							"vector": [-4, 0, 0],
							"easing": "linear"
						},
						"0.5": {
							"vector": [0, 0, 0],
							"easing": "easeInElastic"
						}
					},
					"position": {
						"0.0": {
							"vector": [0, 0, 0]
						},
						"0.05": {
							"vector": [0, 0, 10],
							"easing": "easeOutSine"
						},
						"0.45": {
							"vector": [0, 0, 0],
							"easing": "easeInOutBack"
						}
					},
					"scale": {
						"0.0": {
							"vector": [1, 1, 1]
						},
						"0.05": {
							"vector": [1, 1.05, 0.9],
							"easing": "easeInOutElastic"
						},
						"0.5": {
							"vector": [1, 1, 1]
						}
					}
				},
				"leftarm": {
					"rotation": {
						"0.0": {
							"vector": [0, 0, 0]
						},
						"0.05": {
							"vector": [-2.5, 0, 0]
						},
						"0.15": {
							"vector": [0, 0, 0]
						}
					},
					"position": {
						"0.0": {
							"vector": [0, 0, 0]
						},
						"0.05": {
							"vector": [0, -1, -1]
						},
						"0.1": {
							"vector": [0, 0, 0]
						}
					}
				},
				"_camera_": {
					"rotation": {
						"0.0": {
							"vector": [0, 0, 0]
						},
						"0.1": {
							"vector": [0, 0, -2.5],
							"easing": "easeInOutBack"
						},
						"0.4": {
							"vector": [0, 0, 0]
						}
					}
				}
			}
		}
	},
	"geckolib_format_version": 2
}