{
  "credit": "Made with Blockbench",
  "parent": "builtin/entity",
  "texture_size": [
    150,
    150
  ],
  "display": {
    "thirdperson_righthand": {
      "translation": [
        0.25,
        -4.75,
        1
      ],
      "scale": [
        0.25,
        0.25,
        0.25
      ]
    },
    "thirdperson_lefthand": {
      "translation": [
        0.25,
        -4.75,
        1
      ],
      "scale": [
        0.25,
        0.25,
        0.25
      ]
    },
    "firstperson_righthand": {
      "rotation": [
        -37,
        7,
        -7
      ],
      "translation": [
        21,
        -21,
        9.5
      ]
    },
    "firstperson_lefthand": {
      "rotation": [
        -37,
        7,
        -7
      ],
      "translation": [
        21,
        -21,
        9.5
      ]
    },
    "ground": {
      "translation": [
        0,
        -6,
        11
      ],
      "scale": [
        0.3,
        0.3,
        0.3
      ]
    },
    "gui": {
      "rotation": [
        169.03,
        15.51,
        169.33
      ],
      "translation": [
        12.25,
        -25,
        0
      ],
      "scale": [
        0.8,
        0.8,
        0.8
      ]
    },
    "fixed": {
      "rotation": [
        180,
        -90,
        180
      ],
      "translation": [
        -24.75,
        -15.75,
        -1
      ],
      "scale": [
        0.62,
        0.62,
        0.62
      ]
    }
  }
}