{
	"format_version": "1.8.0",
	"animations": {
		"animation.model.draw": {
			"loop": true,
			"animation_length": 1.1833,
			"bones": {
				"main": {
					"rotation": {
						"0.0": {
							"vector": [13.10473, -58.27871, 41.17158]
						},
						"0.3667": {
							"vector": [1.49302, -0.60449, 2.10819],
							"easing": "easeOutSine"
						},
						"0.4667": {
							"vector": [0.20109, 0.65551, -2.33353],
							"easing": "easeOutSine"
						},
						"0.6": {
							"vector": [-0.0691, 0.03793, 0.70671],
							"easing": "easeInOutSine"
						},
						"0.7": {
							"vector": [0, 0, 0],
							"easing": "easeOutSine"
						}
					},
					"position": {
						"0.0": {
							"vector": [0, -25.75, 8.15]
						},
						"0.2667": {
							"vector": [-0.27958, 0.27974, -3.80307],
							"easing": "easeInOutSine"
						},
						"0.4333": {
							"vector": [-0.13408, -1.70134, 0.14453],
							"easing": "easeInOutSine"
						},
						"0.5833": {
							"vector": [0, -0.225, -0.45],
							"easing": "easeOutSine"
						},
						"0.7": {
							"vector": [0, 0, 0],
							"easing": "easeInOutSine"
						}
					}
				},
				"_camera_": {
					"rotation": {
						"0.0": {
							"vector": [0, 0, 0]
						},
						"0.15": {
							"vector": [2.55287, -1.39676, -1.62254],
							"easing": "easeOutSine"
						},
						"0.3": {
							"vector": [-0.00076, -0.00333, 0.0435]
						},
						"0.4": {
							"vector": [-0.30918, -0.01767, 1.01624]
						},
						"0.5": {
							"vector": [0.17256, -0.0039, -0.6024]
						},
						"0.6333": {
							"vector": [0, 0, 0],
							"easing": "easeOutSine"
						}
					}
				},
				"leftarm": {
					"rotation": {
						"0.0": {
							"vector": [-22, 0, 0]
						},
						"0.35": {
							"vector": [0, 0, 0]
						}
					},
					"position": {
						"0.0": {
							"vector": [11.20074, -16.01027, 0.25429]
						},
						"0.35": {
							"vector": [5.00636, -10.30965, 4.28006]
						}
					},
					"scale": {
						"0.0": {
							"vector": [1.5, 1.5, 1.5]
						},
						"0.35": {
							"vector": [1.5, 1.5, 1.5]
						}
					}
				}
			},
			"sound_effects": {
				"0.0": {
					"effect": "destiny_sleepersimulant_draw"
				}
			}
		},
		"animation.model.idle": {
			"loop": true,
			"animation_length": 0.6667,
			"bones": {
				"leftarm": {
					"rotation": {
						"vector": [0, 0, 0]
					},
					"position": {
						"vector": [5.00636, -10.30965, 4.28006]
					},
					"scale": {
						"vector": [1.5, 1.5, 1.5]
					}
				}
			}
		},
		"animation.model.reload": {
			"loop": true,
			"animation_length": 2.9167,
			"bones": {
				"main": {
					"rotation": {
						"0.0": {
							"vector": [0, 0, 0]
						},
						"0.2667": {
							"vector": [-40.75557, -8.91079, -15.84503],
							"easing": "easeInSine"
						},
						"0.35": {
							"vector": [-43.95924, -9.9723, -20.87846],
							"easing": "easeOutSine"
						},
						"0.45": {
							"vector": [-39.35331, -4.12024, -5.08102],
							"easing": "easeInOutQuad"
						},
						"0.55": {
							"vector": [-41.16074, -6.4068, -13.08755]
						},
						"0.6833": {
							"vector": [-42.77069, -11.30395, -18.4424],
							"easing": "easeOutSine"
						},
						"0.8167": {
							"vector": [-42.58787, -10.46461, -17.22151]
						},
						"0.9333": {
							"vector": [-43.50179, -11.31361, -17.91291]
						},
						"1.0667": {
							"vector": [-44.15456, -12.47745, -18.50117],
							"easing": "easeInOutSine"
						},
						"1.2167": {
							"vector": [-49.1507, -15.87754, -24.13331],
							"easing": "easeInSine"
						},
						"1.5": {
							"vector": [-51.0815, 4.53335, 4.49324],
							"easing": "easeInOutQuad"
						},
						"1.6": {
							"vector": [-47.09243, 2.42231, 9.69306],
							"easing": "easeInOutQuad"
						},
						"1.7333": {
							"vector": [-48.22008, 11.08769, -7.87441],
							"easing": "easeInOutSine"
						},
						"1.8833": {
							"vector": [-44.66784, 12.10204, -2.89019],
							"easing": "easeInSine"
						},
						"2.1833": {
							"vector": [1.29513, -2.23184, 7.3213],
							"easing": "easeInOutSine"
						},
						"2.3": {
							"vector": [0.21819, 0.65002, -0.83344],
							"easing": "easeOutSine"
						},
						"2.4333": {
							"vector": [-0.0691, 0.03793, 0.70671],
							"easing": "easeInOutSine"
						},
						"2.5333": {
							"vector": [0, 0, 0],
							"easing": "easeOutSine"
						}
					},
					"position": {
						"0.0": {
							"vector": [0, 0, 0]
						},
						"0.1": {
							"vector": [-0.57887, -2.3354, 2.07884],
							"easing": "easeInSine"
						},
						"0.3167": {
							"vector": [-3.45368, 3.51183, -2.11251],
							"easing": "easeInOutSine"
						},
						"0.3833": {
							"vector": [-3.45, 3.99, -1.79],
							"easing": "easeOutSine"
						},
						"0.5333": {
							"vector": [-3.45, 0.265, 0.21],
							"easing": "easeInOutQuad"
						},
						"0.7": {
							"vector": [-3.4517, 3.13579, 1.5164],
							"easing": "easeOutSine"
						},
						"0.8833": {
							"vector": [-3.36838, 2.69185, 0.9655]
						},
						"1.0833": {
							"vector": [-2.4926, -0.13601, -0.76082],
							"easing": "easeInSine"
						},
						"1.1833": {
							"vector": [-3.61982, 5.65018, 2.08066],
							"easing": "easeInOutSine"
						},
						"1.3833": {
							"vector": [-3.45, -0.845, 0.81],
							"easing": "easeInQuad"
						},
						"1.55": {
							"vector": [-1.82985, 0.64544, -3.27849],
							"easing": "easeInOutSine"
						},
						"1.6333": {
							"vector": [-1.50485, 1.49544, -3.02849],
							"easing": "easeInOutSine"
						},
						"1.75": {
							"vector": [-9.87592, 0.71442, -3.45068],
							"easing": "linear"
						},
						"1.8667": {
							"vector": [-6.98, -2.09, -3.78],
							"easing": "easeOutSine"
						},
						"2.05": {
							"vector": [-0.45769, -3.97624, 0.71444],
							"easing": "easeInOutSine"
						},
						"2.25": {
							"vector": [-0.23454, 1.12159, -1.87259],
							"easing": "easeInOutSine"
						},
						"2.4167": {
							"vector": [-0.00373, -0.62498, -0.10042],
							"easing": "easeInOutSine"
						},
						"2.5333": {
							"vector": [0, 0, 0],
							"easing": "easeInOutSine"
						}
					}
				},
				"rightarm": {
					"rotation": {
						"vector": [0, 0, 0]
					},
					"position": {
						"vector": [0, 0, 0]
					}
				},
				"_camera_": {
					"rotation": {
						"0.0": {
							"vector": [0, 0, 0]
						},
						"0.1333": {
							"vector": [1.83716, 0.89539, 0.56769],
							"easing": "easeInSine"
						},
						"0.3333": {
							"vector": [0.79334, 1.97226, 1.25044],
							"easing": "easeInOutSine"
						},
						"0.4167": {
							"vector": [-0.24106, 1.96835, 0.24986]
						},
						"0.5333": {
							"vector": [1.33525, 1.91741, 2.50058]
						},
						"0.75": {
							"vector": [0.53441, 1.19846, 0.99306],
							"easing": "easeInOutSine"
						},
						"1.0333": {
							"vector": [0.30664, 1.58507, 1.59918]
						},
						"1.15": {
							"vector": [-0.29432, 2.43401, -0.75342],
							"easing": "easeInQuad"
						},
						"1.3167": {
							"vector": [1.08184, 1.64169, 2.23467]
						},
						"1.4167": {
							"vector": [2.18772, 2.04556, 1.58725]
						},
						"1.6333": {
							"vector": [3.36771, 2.5302, -0.17606],
							"easing": "easeOutSine"
						},
						"1.7333": {
							"vector": [2.90959, 3.74431, 3.20016]
						},
						"1.8333": {
							"vector": [2.49441, 1.66116, 1.06103]
						},
						"1.95": {
							"vector": [0.13058, 0.84184, 2.84252]
						},
						"2.2167": {
							"vector": [-0.00076, -0.00333, 0.0435],
							"easing": "easeOutSine"
						},
						"2.3333": {
							"vector": [-0.30918, -0.01767, 1.01624]
						},
						"2.4333": {
							"vector": [0.17256, -0.0039, -0.6024]
						},
						"2.5667": {
							"vector": [0, 0, 0],
							"easing": "easeOutSine"
						}
					}
				},
				"leftarm": {
					"rotation": {
						"0.0": {
							"vector": [0, 0, 0]
						},
						"0.2833": {
							"vector": [0, 0, -6.75],
							"easing": "easeInSine"
						},
						"0.3833": {
							"vector": [-1, 0, -6.25],
							"easing": "easeInOutSine"
						},
						"0.5667": {
							"vector": [0, 0, -6.75],
							"easing": "easeInSine"
						},
						"0.9833": {
							"vector": [11.25, 0, -6.75],
							"easing": "easeInSine"
						},
						"1.0833": {
							"vector": [3.18787, 0, -6.44134]
						},
						"1.1167": {
							"vector": [-1, 0, -6.25],
							"easing": "easeInSine"
						},
						"1.3333": {
							"vector": [-1, 0, -6.25],
							"easing": "easeInSine"
						},
						"1.5333": {
							"vector": [-8.27481, 3.955, -11.13581]
						},
						"1.65": {
							"vector": [-13.52481, 3.955, -11.13581]
						},
						"1.7167": {
							"vector": [-12.56109, 12.7733, -12.26708]
						},
						"1.8667": {
							"vector": [-8.90219, 5.58736, -2.83842],
							"easing": "easeOutSine"
						},
						"2.1667": {
							"vector": [0, 0, 0]
						}
					},
					"position": {
						"0.0": {
							"vector": [5.00636, -10.30965, 4.28006]
						},
						"0.15": {
							"vector": [14.99637, -16.72416, 16.38829],
							"easing": "easeInSine"
						},
						"0.2833": {
							"vector": [5.70304, -20.50417, 19.69901],
							"easing": "easeOutSine"
						},
						"0.3833": {
							"vector": [5.70304, -19.45417, 19.69901],
							"easing": "easeInOutSine"
						},
						"0.5667": {
							"vector": [6.7, -47.5, 46.275],
							"easing": "easeInSine"
						},
						"0.9833": {
							"vector": [5.4845, -46.16664, 43.5119],
							"easing": "easeInSine"
						},
						"1.0833": {
							"vector": [7.07263, -28.38324, 25.04542]
						},
						"1.1167": {
							"vector": [8.01329, -22.41729, 23.43701],
							"easing": "easeInSine"
						},
						"1.3333": {
							"vector": [8.01329, -22.41729, 23.43701],
							"easing": "easeInSine"
						},
						"1.45": {
							"vector": [14.99637, -16.72416, 16.38829],
							"easing": "easeInSine"
						},
						"1.5333": {
							"vector": [22.3008, -4.51174, 30.36962]
						},
						"1.65": {
							"vector": [24.5258, 0.78826, 30.36962]
						},
						"1.7167": {
							"vector": [13.425, 2.335, 31.25]
						},
						"1.8667": {
							"vector": [18.125, -1.175, 24.23],
							"easing": "easeOutSine"
						},
						"2.0167": {
							"vector": [18.745, -5.05, 15.51],
							"easing": "easeInOutSine"
						},
						"2.1667": {
							"vector": [5.00636, -10.30965, 4.28006]
						}
					},
					"scale": {
						"0.0": {
							"vector": [1.5, 1.5, 1.5]
						},
						"0.15": {
							"vector": [1.3, 1.5, 1.3]
						},
						"0.9833": {
							"vector": [1.3, 1.5, 1.3]
						},
						"1.1167": {
							"vector": [1.5, 1.7, 1.5]
						},
						"1.3333": {
							"vector": [1.5, 1.7, 1.5]
						},
						"1.45": {
							"vector": [1.3, 1.5, 1.3]
						},
						"1.9667": {
							"vector": [1.3, 1.5, 1.3]
						},
						"2.1667": {
							"vector": [1.5, 1.5, 1.5]
						}
					}
				},
				"magazine": {
					"rotation": {
						"0.0": {
							"vector": [0, 0, 0]
						},
						"0.3833": {
							"vector": [0, 0, 0]
						},
						"0.45": {
							"vector": [4.63, 0, 0]
						},
						"0.4833": {
							"vector": [5.66, 0, 0]
						},
						"0.5667": {
							"vector": [27, 0, 0]
						},
						"0.9833": {
							"vector": [27, 0, 0]
						},
						"1.0833": {
							"vector": [2.33, 0, 0]
						},
						"1.1167": {
							"vector": [0, 0, 0],
							"easing": "easeInSine"
						}
					},
					"position": {
						"0.0": {
							"vector": [0, 0, 0]
						},
						"0.3833": {
							"vector": [0, 0, 0]
						},
						"0.45": {
							"vector": [0, -4.76, 1.09]
						},
						"0.4833": {
							"vector": [0, -7.26, 1.66]
						},
						"0.5667": {
							"vector": [0, -33.74, 22.965]
						},
						"0.9833": {
							"vector": [0, -33.74, 22.965]
						},
						"1.0833": {
							"vector": [0, -10.54128, 0.42891],
							"easing": "linear"
						},
						"1.1167": {
							"vector": [0, 0, 0],
							"easing": "easeInSine"
						}
					}
				},
				"button": {
					"rotation": {
						"0.0": {
							"vector": [0, 0, 0]
						},
						"0.45": {
							"vector": [0, 0, 0]
						},
						"0.5": {
							"vector": [0, 0, 0]
						},
						"1.65": {
							"vector": [0, 0, 0]
						},
						"1.7": {
							"vector": [0, 0, 0]
						}
					},
					"position": {
						"0.0": {
							"vector": [0, 0, 0]
						},
						"0.45": {
							"vector": [0, 0, 0]
						},
						"0.5": {
							"vector": [1.125, 0, 0]
						},
						"1.65": {
							"vector": [1.125, 0, 0]
						},
						"1.7": {
							"vector": [0, 0, 0]
						}
					}
				}
			},
			"sound_effects": {
				"0.0": {
					"effect": "destiny_sleepersimulant_unload"
				},
				"1.0833": {
					"effect": "destiny_sleepersimulant_reload"
				},
				"1.6667": {
					"effect": "destiny_sleepersimulant_hit"
				}
			}
		},
		"animation.model.preparefire": {
			"loop": true,
			"animation_length": 0.75,
			"bones": {
				"main": {
					"rotation": {
						"0.0": {
							"vector": [0, 0, 0]
						},
						"0.1333": {
							"vector": [0, 0, -0.32]
						},
						"0.2333": {
							"vector": [0, 0, 1.57]
						},
						"0.35": {
							"vector": [0, 0, 1.26]
						},
						"0.4667": {
							"vector": [0, 0, 2.96]
						},
						"0.55": {
							"vector": [0, 0, 1.63]
						},
						"0.6167": {
							"vector": [0, 0, 2.94]
						},
						"0.6833": {
							"vector": [0, 0, 1.35]
						},
						"0.75": {
							"vector": [0, 0, 2.75]
						}
					},
					"position": {
						"0.0": {
							"vector": [0, 0, 0]
						},
						"0.2333": {
							"vector": [0, -0.6, -1.12],
							"easing": "easeInSine"
						},
						"0.5167": {
							"vector": [0, -0.6, -2.25],
							"easing": "linear"
						},
						"0.75": {
							"vector": [0, 0, -2.625]
						}
					}
				},
				"leftarm": {
					"rotation": {
						"vector": [0, 0, 0]
					},
					"position": {
						"vector": [5.00636, -10.30965, 4.28006]
					},
					"scale": {
						"vector": [1.5, 1.5, 1.5]
					}
				},
				"scope": {
					"position": {
						"0.0": {
							"vector": [0, 0, 0]
						},
						"0.7": {
							"vector": [0, 0, 6]
						}
					}
				},
				"reticle": {
					"position": {
						"0.0": {
							"vector": [0, 0, 0]
						},
						"0.7": {
							"vector": [0, 0, 2.55]
						}
					}
				},
				"_camera_": {
					"rotation": {
						"0.0": {
							"vector": [0, 0, 0]
						},
						"0.1333": {
							"vector": [0, 0, -0.5]
						},
						"0.2333": {
							"vector": [0, 0, 0.33]
						},
						"0.35": {
							"vector": [0, 0, -0.49]
						},
						"0.4667": {
							"vector": [0, 0, 0.02]
						},
						"0.55": {
							"vector": [0, 0, -0.57]
						},
						"0.6167": {
							"vector": [0, 0, 0.29]
						},
						"0.6833": {
							"vector": [0, 0, -0.48]
						},
						"0.75": {
							"vector": [0, 0, 0.25]
						}
					}
				}
			},
			"sound_effects": {
				"0.0": {
					"effect": "destiny_sleepersimulant_charge"
				}
			}
		},
		"animation.model.fire": {
			"loop": true,
			"animation_length": 0.5667,
			"bones": {
				"main": {
					"rotation": {
						"0.0": {
							"vector": [0, 0, 2.75]
						},
						"0.05": {
							"vector": [-3.79998, 0.00337, -1.14006]
						},
						"0.3": {
							"vector": [-1.75111, 0.03489, 0.7637]
						},
						"0.45": {
							"vector": [0.25253, -0.0175, -0.55186],
							"easing": "easeOutSine"
						},
						"0.5667": {
							"vector": [0, 0, 0],
							"easing": "linear"
						}
					},
					"position": {
						"0.0": {
							"vector": [0, 0, -2.625]
						},
						"0.1": {
							"vector": [0.00005, 0.364, 2.765],
							"easing": "easeInOutQuad"
						},
						"0.2667": {
							"vector": [0.0019, -0.27466, -0.40038],
							"easing": "easeInOutSine"
						},
						"0.4167": {
							"vector": [0, 0, 0.5],
							"easing": "easeOutSine"
						},
						"0.5667": {
							"vector": [0, 0, 0],
							"easing": "linear"
						}
					}
				},
				"slide": {
					"position": {
						"0.0": {
							"vector": [0, 0, 0]
						},
						"0.05": {
							"vector": [0, 0, 5.5]
						},
						"0.1": {
							"vector": [0, 0, 0]
						}
					}
				},
				"hammer": {
					"rotation": {
						"0.0": {
							"vector": [0, 0, 0]
						},
						"0.0167": {
							"vector": [48.25, 0, 0]
						},
						"0.0667": {
							"vector": [0, 0, 0]
						}
					}
				},
				"flap": {
					"rotation": {
						"0.0": {
							"vector": [0, 0, 0]
						},
						"0.05": {
							"vector": [0, 0, -29]
						},
						"0.1333": {
							"vector": [0, 0, 8.75]
						},
						"0.2167": {
							"vector": [0, 0, 0]
						}
					},
					"position": {
						"vector": [0, 0, 0]
					}
				},
				"flap2": {
					"rotation": {
						"0.0": {
							"vector": [0, 0, 0]
						},
						"0.05": {
							"vector": [-0.0126, -0.14715, 28.49964]
						},
						"0.1333": {
							"vector": [0.01563, -0.04874, -7.99984]
						},
						"0.2167": {
							"vector": [0, 0, 0]
						}
					},
					"position": {
						"vector": [0, 0, 0]
					}
				},
				"flap3": {
					"rotation": {
						"0.0": {
							"vector": [0, 0, 0]
						},
						"0.0667": {
							"vector": [-0.05114, 0.12795, -48.74987]
						},
						"0.15": {
							"vector": [-0.00069, 0.01744, 1.99992]
						},
						"0.2333": {
							"vector": [0, 0, 0]
						}
					},
					"position": {
						"vector": [0, 0, 0]
					}
				},
				"bullet2": {
					"rotation": {
						"0.0": {
							"vector": [0, 0, 0]
						},
						"0.0667": {
							"vector": [-0.0025, -0.0779, 26.99989]
						},
						"0.1167": {
							"vector": [-0.00704, 0.02449, 6.24995]
						},
						"0.2": {
							"vector": [0, 0, 0]
						}
					},
					"position": {
						"0.0": {
							"vector": [0, 0, 0]
						},
						"0.0667": {
							"vector": [0.03383, 0.72464, -0.0021]
						},
						"0.1167": {
							"vector": [0.12691, -0.17362, -0.00066]
						},
						"0.2": {
							"vector": [0, 0, 0]
						}
					}
				},
				"bullet3": {
					"rotation": {
						"0.0": {
							"vector": [0, 0, 0]
						},
						"0.0667": {
							"vector": [-0.02776, -0.01866, 11.49996]
						},
						"0.1167": {
							"vector": [-0.02877, -0.03823, -11.74989]
						},
						"0.2167": {
							"vector": [0, 0, 0]
						}
					},
					"position": {
						"0.0": {
							"vector": [0, 0, 0]
						},
						"0.0667": {
							"vector": [1.23587, 0.88501, -0.00241]
						},
						"0.1167": {
							"vector": [0.05192, -0.17444, -0.00069]
						},
						"0.2167": {
							"vector": [0, 0, 0]
						}
					}
				},
				"bullet4": {
					"rotation": {
						"vector": [0, 0, 0]
					},
					"position": {
						"0.0": {
							"vector": [0, 0, 0]
						},
						"0.0667": {
							"vector": [2.6748, -0.03258, 0.00045]
						},
						"0.1167": {
							"vector": [0, 0, 0]
						}
					}
				},
				"belt1": {
					"rotation": {
						"0.0": {
							"vector": [0, 0, 0]
						},
						"0.05": {
							"vector": [0, 0, -11.75]
						},
						"0.1333": {
							"vector": [0, 0, 8.25]
						},
						"0.2167": {
							"vector": [0, 0, 0]
						}
					},
					"position": {
						"0.0": {
							"vector": [0, 0, 0]
						},
						"0.05": {
							"vector": [0.00398, 0.19996, -0.00105]
						},
						"0.1333": {
							"vector": [0.00327, 0.02503, -0.00112]
						},
						"0.2167": {
							"vector": [0, 0, 0]
						}
					}
				},
				"belt2": {
					"rotation": {
						"0.0": {
							"vector": [0, 0, 0]
						},
						"0.05": {
							"vector": [-3.5, 0, -13]
						},
						"0.1333": {
							"vector": [0, 0, 11]
						},
						"0.2167": {
							"vector": [0, 0, 0]
						}
					},
					"position": {
						"0.0": {
							"vector": [0, 0, 0]
						},
						"0.05": {
							"vector": [0.23687, 0.5971, 0.32189]
						},
						"0.1333": {
							"vector": [0, 0, 0]
						},
						"0.2167": {
							"vector": [0, 0, 0]
						}
					}
				},
				"belt3": {
					"rotation": {
						"0.0": {
							"vector": [0, 0, 0]
						},
						"0.05": {
							"vector": [0.97087, -4.44167, 8.64158]
						},
						"0.1333": {
							"vector": [-20.43898, -5.97893, 14.90361]
						},
						"0.2167": {
							"vector": [0, 0, 0]
						}
					},
					"position": {
						"0.0": {
							"vector": [0, 0, 0]
						},
						"0.05": {
							"vector": [0.9912, 0.80752, 0.39584]
						},
						"0.1333": {
							"vector": [0, 0, 0]
						},
						"0.2167": {
							"vector": [0, 0, 0]
						}
					}
				},
				"belt4": {
					"rotation": {
						"0.0": {
							"vector": [0, 0, 0]
						},
						"0.05": {
							"vector": [18.2052, 8.40348, -16.77435]
						},
						"0.1333": {
							"vector": [-17.95411, -3.14771, 17.13248]
						},
						"0.2167": {
							"vector": [0, 0, 0]
						}
					},
					"position": {
						"0.0": {
							"vector": [0, 0, 0]
						},
						"0.05": {
							"vector": [0.64378, 0.93736, -0.00487]
						},
						"0.1333": {
							"vector": [0.00269, -0.15173, 0.27404]
						},
						"0.2167": {
							"vector": [0, 0, 0]
						}
					}
				},
				"leftarm": {
					"rotation": {
						"vector": [0, 0, 0]
					},
					"position": {
						"vector": [5.00636, -10.30965, 4.28006]
					},
					"scale": {
						"vector": [1.5, 1.5, 1.5]
					}
				},
				"_camera_": {
					"rotation": {
						"0.0": {
							"vector": [0, 0, 0]
						},
						"0.0667": {
							"vector": [-5.00226, 0.14042, -0.50347]
						},
						"0.1833": {
							"vector": [-2.69584, 0.18176, 1.97567]
						},
						"0.3167": {
							"vector": [-0.79057, 0.036, -0.67122]
						},
						"0.45": {
							"vector": [0, 0, 0],
							"easing": "easeOutSine"
						}
					}
				}
			}
		},
		"animation.model.inspect": {
			"loop": true,
			"animation_length": 4.6667,
			"bones": {
				"main": {
					"rotation": {
						"0.0": {
							"vector": [0, 0, 0]
						},
						"0.3833": {
							"vector": [-29.44262, -26.18546, -34.23932],
							"easing": "easeInOutSine"
						},
						"0.5833": {
							"vector": [-25.66355, -30.15715, -39.48985],
							"easing": "easeInOutSine"
						},
						"0.75": {
							"vector": [-26.20197, -29.09604, -36.88538]
						},
						"0.9833": {
							"vector": [-25.16868, -30.1749, -39.48015]
						},
						"1.15": {
							"vector": [-25.56019, -29.85361, -38.69749]
						},
						"1.6333": {
							"vector": [-14.78743, -30.13708, -53.55024],
							"easing": "easeInOutSine"
						},
						"1.8833": {
							"vector": [-17.48553, -28.03441, -48.28909]
						},
						"2.1167": {
							"vector": [-16.58345, -28.54551, -50.19041]
						},
						"2.35": {
							"vector": [-17.54583, -27.99736, -48.15965]
						},
						"2.5667": {
							"vector": [-17.23061, -28.18358, -48.83013]
						},
						"2.8333": {
							"vector": [-17.61225, -27.95903, -48.01913]
						},
						"3.05": {
							"vector": [-17.54583, -27.99736, -48.15965]
						},
						"3.2167": {
							"vector": [-17.23061, -28.18358, -48.83013]
						},
						"3.6167": {
							"vector": [1.29513, -2.23184, 7.3213],
							"easing": "easeInOutSine"
						},
						"3.7333": {
							"vector": [0.21819, 0.65002, -0.83344],
							"easing": "easeOutSine"
						},
						"3.8667": {
							"vector": [-0.0691, 0.03793, 0.70671],
							"easing": "easeInOutSine"
						},
						"3.9667": {
							"vector": [0, 0, 0],
							"easing": "easeOutSine"
						}
					},
					"position": {
						"0.0": {
							"vector": [0, 0, 0]
						},
						"0.2833": {
							"vector": [0, 3.875, 0],
							"easing": "easeInOutSine"
						},
						"0.4833": {
							"vector": [0, 1.925, 0],
							"easing": "easeInOutSine"
						},
						"0.6667": {
							"vector": [0, 2.925, 0],
							"easing": "easeInOutSine"
						},
						"0.9": {
							"vector": [0, 2.82, 0]
						},
						"1.1333": {
							"vector": [0, 2.945, -0.3],
							"easing": "easeInSine"
						},
						"1.8167": {
							"vector": [-0.075, 6.67, -3.05],
							"easing": "easeInOutSine"
						},
						"2.0": {
							"vector": [0, 6.97, -3.25],
							"easing": "easeOutSine"
						},
						"2.2167": {
							"vector": [0.075, 6.72, -3.25]
						},
						"2.5": {
							"vector": [0, 6.845, -3.25],
							"easing": "easeInOutSine"
						},
						"2.7833": {
							"vector": [0.075, 6.97, -3.25]
						},
						"3.0667": {
							"vector": [0, 6.145, -3.25],
							"easing": "easeInOutSine"
						},
						"3.5167": {
							"vector": [-0.45769, -3.97624, 0.71444],
							"easing": "easeInSine"
						},
						"3.6833": {
							"vector": [-0.23454, 0.39659, -1.87259],
							"easing": "easeInOutSine"
						},
						"3.85": {
							"vector": [-0.00373, -0.62498, -0.10042],
							"easing": "easeInOutSine"
						},
						"3.9667": {
							"vector": [0, 0, 0],
							"easing": "easeInOutSine"
						}
					}
				},
				"rightarm": {
					"rotation": {
						"0.0": {
							"vector": [0, 0, 0]
						},
						"0.25": {
							"vector": [0.02105, -16.84578, -5.38243]
						},
						"1.4167": {
							"vector": [0.02105, -16.84578, -5.38243]
						},
						"1.7": {
							"vector": [4.77105, -16.84578, -5.38243]
						},
						"3.3667": {
							"vector": [4.77105, -16.84578, -5.38243]
						},
						"3.6167": {
							"vector": [0, 0, 0]
						}
					},
					"position": {
						"0.0": {
							"vector": [0, 0, 0]
						},
						"0.25": {
							"vector": [-7.12233, -1.49334, 5.28973]
						},
						"1.4167": {
							"vector": [-7.12233, -1.49334, 5.28973]
						},
						"1.7": {
							"vector": [-7.21934, 1.50805, 5.61884]
						},
						"3.3667": {
							"vector": [-7.21934, 1.50805, 5.61884]
						},
						"3.6167": {
							"vector": [0, 0, 0]
						}
					},
					"scale": {
						"0.0": {
							"vector": [1, 1, 1]
						},
						"0.25": {
							"vector": [1.1, 1.3, 1.1]
						},
						"3.3667": {
							"vector": [1.1, 1.3, 1.1]
						},
						"3.6167": {
							"vector": [1, 1, 1]
						}
					}
				},
				"_camera_": {
					"rotation": {
						"0.0": {
							"vector": [0, 0, 0]
						},
						"0.3833": {
							"vector": [4.51311, 2.24746, 1.34202],
							"easing": "easeInOutSine"
						},
						"0.55": {
							"vector": [4.57467, 2.79371, -0.62326]
						},
						"0.7833": {
							"vector": [4.8606, 3.07513, 1.453]
						},
						"0.9833": {
							"vector": [4.90589, 3.43865, 0.44671]
						},
						"1.2167": {
							"vector": [5.51805, 3.49358, 1.44056],
							"easing": "easeInSine"
						},
						"1.7333": {
							"vector": [6.87716, 5.72449, 0.10108],
							"easing": "easeInOutSine"
						},
						"2.1333": {
							"vector": [6.9512, 5.6342, 0.8493]
						},
						"2.7167": {
							"vector": [6.95073, 5.63465, 0.84513]
						},
						"3.1333": {
							"vector": [6.87716, 5.72449, 0.10108],
							"easing": "easeInOutSine"
						},
						"3.5": {
							"vector": [1.24924, -0.00333, 0.0435],
							"easing": "easeInOutSine"
						},
						"3.6333": {
							"vector": [0.44082, -0.01767, 1.01624]
						},
						"3.8333": {
							"vector": [0, 0, 0],
							"easing": "easeOutSine"
						}
					}
				},
				"leftarm": {
					"rotation": {
						"0.0": {
							"vector": [0, 0, 0]
						},
						"0.3": {
							"vector": [137.03218, 14.44823, 69.32954]
						},
						"3.3833": {
							"vector": [137.03218, 14.44823, 69.32954]
						},
						"3.6167": {
							"vector": [0, 0, 0]
						}
					},
					"position": {
						"0.0": {
							"vector": [5.00636, -10.30965, 4.28006]
						},
						"0.3": {
							"vector": [15.28712, -3.0888, 55.36821]
						},
						"3.3833": {
							"vector": [15.28712, -3.0888, 55.36821]
						},
						"3.6167": {
							"vector": [5.00636, -10.30965, 4.28006]
						}
					},
					"scale": {
						"0.0": {
							"vector": [1.5, 1.5, 1.5]
						},
						"3.6167": {
							"vector": [1.5, 1.5, 1.5]
						}
					}
				}
			},
			"sound_effects": {
				"0.0": {
					"effect": "destiny_khvostov_first"
				},
				"1.0": {
					"effect": "inspect_turn"
				},
				"3.5333": {
					"effect": "destiny_khvostov_last"
				}
			}
		}
	},
	"geckolib_format_version": 2
}