{
	"format_version": "1.8.0",
	"animations": {
		"animation.model.idle": {
			"loop": true,
			"animation_length": 0.6667,
			"bones": {
				"leftarm": {
					"rotation": {
						"vector": [0, 0, 0]
					},
					"position": {
						"vector": [5.13136, -9.03465, 4.28006]
					},
					"scale": {
						"vector": [1.5, 1.5, 1.5]
					}
				}
			}
		},
		"animation.model.draw": {
			"loop": true,
			"animation_length": 1.1833,
			"bones": {
				"main": {
					"rotation": {
						"0.0": {
							"vector": [13.10473, -58.27871, 41.17158]
						},
						"0.3333": {
							"vector": [1.49302, -0.60449, 2.10819],
							"easing": "easeOutSine"
						},
						"0.4333": {
							"vector": [0.20109, 0.65551, -2.33353],
							"easing": "easeOutSine"
						},
						"0.5333": {
							"vector": [-0.0691, 0.03793, 0.70671],
							"easing": "easeInOutSine"
						},
						"0.6333": {
							"vector": [0, 0, 0],
							"easing": "easeOutSine"
						}
					},
					"position": {
						"0.0": {
							"vector": [0, -17.3, 0]
						},
						"0.2333": {
							"vector": [-0.27958, 0.27974, -3.80307],
							"easing": "easeInOutSine"
						},
						"0.4": {
							"vector": [-0.13408, -1.70134, 0.14453],
							"easing": "easeInOutSine"
						},
						"0.5167": {
							"vector": [0, -0.225, -0.45],
							"easing": "easeOutSine"
						},
						"0.6333": {
							"vector": [0, 0, 0],
							"easing": "easeInOutSine"
						}
					}
				},
				"_camera_": {
					"rotation": {
						"0.0": {
							"vector": [0, 0, 0]
						},
						"0.15": {
							"vector": [2.55287, -1.39676, -1.62254],
							"easing": "easeOutSine"
						},
						"0.3": {
							"vector": [-0.00076, -0.00333, 0.0435]
						},
						"0.4": {
							"vector": [-0.30918, -0.01767, 1.01624]
						},
						"0.5": {
							"vector": [0.17256, -0.0039, -0.6024]
						},
						"0.6333": {
							"vector": [0, 0, 0],
							"easing": "easeOutSine"
						}
					}
				},
				"leftarm": {
					"rotation": {
						"0.0": {
							"vector": [-22, 0, 0]
						},
						"0.35": {
							"vector": [0, 0, 0]
						}
					},
					"position": {
						"0.0": {
							"vector": [11.20074, -16.01027, 0.25429]
						},
						"0.35": {
							"vector": [5.13136, -9.03465, 4.28006]
						}
					},
					"scale": {
						"0.0": {
							"vector": [1.5, 1.5, 1.5]
						},
						"0.35": {
							"vector": [1.5, 1.5, 1.5]
						}
					}
				}
			},
			"sound_effects": {
				"0.1167": {
					"effect": "destiny_khvostov_draw"
				}
			}
		},
		"animation.model.reloadempty": {
			"loop": true,
			"animation_length": 2.7833,
			"bones": {
				"main": {
					"rotation": {
						"0.0": {
							"vector": [0, 0, 0]
						},
						"0.25": {
							"vector": [-20.75557, -8.91079, -15.84503],
							"easing": "easeInOutSine"
						},
						"0.35": {
							"vector": [-23.95924, -9.9723, -20.87846],
							"easing": "easeOutSine"
						},
						"0.45": {
							"vector": [-19.35331, -4.12024, -5.08102],
							"easing": "easeInOutQuad"
						},
						"0.55": {
							"vector": [-21.16074, -6.4068, -13.08755]
						},
						"0.6667": {
							"vector": [-25.68464, -4.5638, -9.5033],
							"easing": "easeOutSine"
						},
						"0.8": {
							"vector": [-23.61208, -6.16663, -12.912],
							"easing": "easeOutSine"
						},
						"0.9333": {
							"vector": [-25.27717, -5.43217, -11.31186],
							"easing": "easeInOutSine"
						},
						"1.0833": {
							"vector": [-30.53115, -8.22635, -17.54358],
							"easing": "easeInSine"
						},
						"1.2": {
							"vector": [-28.19163, -5.94652, -11.92322],
							"easing": "easeInOutQuad"
						},
						"1.2833": {
							"vector": [-28.16309, -8.13748, -17.33756]
						},
						"1.4667": {
							"vector": [-30.85714, 6.44665, 6.95595],
							"easing": "easeInOutSine"
						},
						"1.6167": {
							"vector": [-33.00125, 4.0956, 13.55527],
							"easing": "easeInOutSine"
						},
						"1.75": {
							"vector": [-35.18123, 9.91417, -0.72571]
						},
						"1.8333": {
							"vector": [-34.36036, 8.76261, 4.70536],
							"easing": "easeInOutSine"
						},
						"2.0833": {
							"vector": [1.29513, -2.23184, 7.3213],
							"easing": "easeInOutSine"
						},
						"2.2": {
							"vector": [0.21819, 0.65002, -0.83344],
							"easing": "easeOutSine"
						},
						"2.3333": {
							"vector": [-0.0691, 0.03793, 0.70671],
							"easing": "easeInOutSine"
						},
						"2.4333": {
							"vector": [0, 0, 0],
							"easing": "easeOutSine"
						}
					},
					"position": {
						"0.0": {
							"vector": [0, 0, 0]
						},
						"0.1": {
							"vector": [-0.57887, -2.3354, 2.07884],
							"easing": "easeInSine"
						},
						"0.2833": {
							"vector": [-3.45368, 3.51183, 1.88749],
							"easing": "easeInOutSine"
						},
						"0.3833": {
							"vector": [-3.45, 3.99, 2.21],
							"easing": "easeOutSine"
						},
						"0.5333": {
							"vector": [-3.45, 0.265, 4.21],
							"easing": "easeInOutQuad"
						},
						"0.7": {
							"vector": [-3.4517, 3.13579, 5.5164],
							"easing": "easeOutSine"
						},
						"0.85": {
							"vector": [-3.36838, 2.69185, 4.9655]
						},
						"0.95": {
							"vector": [-3.45003, 2.96365, 4.99259],
							"easing": "easeOutSine"
						},
						"1.05": {
							"vector": [-3.61982, 5.65018, 6.08066],
							"easing": "easeInOutSine"
						},
						"1.2": {
							"vector": [-3.45, 1.73, 4.81],
							"easing": "easeInQuad"
						},
						"1.3667": {
							"vector": [-3.22131, -3.43638, -3.28097],
							"easing": "easeOutSine"
						},
						"1.5167": {
							"vector": [-3.5044, 1.55514, -4.43835],
							"easing": "easeOutSine"
						},
						"1.6167": {
							"vector": [-3.83142, -0.84176, -3.3843],
							"easing": "easeInCubic"
						},
						"1.7333": {
							"vector": [-4.03346, 1.2137, -5.6697],
							"easing": "easeOutSine"
						},
						"1.9667": {
							"vector": [-0.45769, -3.97624, 0.71444],
							"easing": "easeInSine"
						},
						"2.15": {
							"vector": [-0.23454, 1.12159, -1.87259],
							"easing": "easeInOutSine"
						},
						"2.3167": {
							"vector": [-0.00373, -0.62498, -0.10042],
							"easing": "easeInOutSine"
						},
						"2.4333": {
							"vector": [0, 0, 0],
							"easing": "easeInOutSine"
						}
					}
				},
				"rightarm": {
					"rotation": {
						"vector": [0, 0, 0]
					},
					"position": {
						"vector": [0, 0, 0]
					}
				},
				"_camera_": {
					"rotation": {
						"0.0": {
							"vector": [0, 0, 0]
						},
						"0.1333": {
							"vector": [1.83716, 0.89539, 0.56769],
							"easing": "easeInSine"
						},
						"0.3333": {
							"vector": [0.79334, 1.97226, 1.25044],
							"easing": "easeInOutSine"
						},
						"0.4167": {
							"vector": [-0.24106, 1.96835, 0.24986]
						},
						"0.5333": {
							"vector": [1.33525, 1.91741, 2.50058]
						},
						"0.75": {
							"vector": [0.53441, 1.19846, 0.99306],
							"easing": "easeInOutSine"
						},
						"0.9": {
							"vector": [0.30664, 1.58507, 1.59918]
						},
						"1.0167": {
							"vector": [-0.29432, 2.43401, -0.75342],
							"easing": "easeInQuad"
						},
						"1.1833": {
							"vector": [1.08184, 1.64169, 2.23467]
						},
						"1.3": {
							"vector": [1.63469, 1.9241, 1.69472],
							"easing": "easeInSine"
						},
						"1.4667": {
							"vector": [0.51783, 2.42393, 0.24748],
							"easing": "easeInOutSine"
						},
						"1.6": {
							"vector": [1.5914, 2.38518, 1.99853],
							"easing": "easeInCubic"
						},
						"1.7": {
							"vector": [0.2359, 2.44577, -0.50295]
						},
						"1.8": {
							"vector": [0.2384, 2.12329, 1.43166],
							"easing": "easeOutSine"
						},
						"1.9333": {
							"vector": [0.58156, 1.07657, -1.01277],
							"easing": "easeInOutSine"
						},
						"2.0833": {
							"vector": [-0.00076, -0.00333, 0.0435],
							"easing": "easeOutSine"
						},
						"2.2": {
							"vector": [-0.30918, -0.01767, 1.01624]
						},
						"2.3": {
							"vector": [0.17256, -0.0039, -0.6024]
						},
						"2.4333": {
							"vector": [0, 0, 0],
							"easing": "easeOutSine"
						}
					}
				},
				"leftarm": {
					"rotation": {
						"0.0": {
							"vector": [0, 0, 0]
						},
						"0.2833": {
							"vector": [0, 0, -6.75],
							"easing": "easeInSine"
						},
						"0.3833": {
							"vector": [-1, 0, -6.25],
							"easing": "easeInOutSine"
						},
						"0.5667": {
							"vector": [0, 0, -6.75],
							"easing": "easeInSine"
						},
						"0.85": {
							"vector": [0, 0, -6.75],
							"easing": "easeInSine"
						},
						"0.9833": {
							"vector": [-1, 0, -6.25],
							"easing": "easeInSine"
						},
						"1.2": {
							"vector": [-1.39363, -5.30458, -11.56587],
							"easing": "easeInQuad"
						},
						"1.4": {
							"vector": [6.52933, -18.48557, -33.62073]
						},
						"1.5333": {
							"vector": [8.68806, -22.50832, -39.45585]
						},
						"1.6": {
							"vector": [4.13822, -16.81419, -30.31669]
						},
						"1.7": {
							"vector": [15.19941, -29.72708, -46.92512],
							"easing": "easeInExpo"
						},
						"2.0833": {
							"vector": [0, 0, 0]
						}
					},
					"position": {
						"0.0": {
							"vector": [5.13136, -9.03465, 4.28006]
						},
						"0.15": {
							"vector": [14.99637, -16.72416, 16.38829],
							"easing": "easeInSine"
						},
						"0.2833": {
							"vector": [7.75289, -18.01286, 21.59414],
							"easing": "easeOutSine"
						},
						"0.3833": {
							"vector": [7.68905, -16.90659, 21.5873],
							"easing": "easeInOutSine"
						},
						"0.5667": {
							"vector": [8.40854, -44.81695, 29.24531],
							"easing": "easeInSine"
						},
						"0.85": {
							"vector": [8.4096, -44.75352, 29.15492],
							"easing": "easeInSine"
						},
						"0.9833": {
							"vector": [7.19548, -17.51184, 19.7018],
							"easing": "easeInSine"
						},
						"1.2": {
							"vector": [7.99078, -17.50978, 19.62171],
							"easing": "easeInQuad"
						},
						"1.3": {
							"vector": [14.87853, -10.63695, 27.54554]
						},
						"1.4": {
							"vector": [11.74836, -2.91196, 35.07705]
						},
						"1.5333": {
							"vector": [12.19846, -2.42058, 34.97663]
						},
						"1.6": {
							"vector": [13.23966, -2.21645, 38.59287]
						},
						"1.7": {
							"vector": [11.13666, 1.36654, 51.88717],
							"easing": "easeInExpo"
						},
						"1.8167": {
							"vector": [14.91, -2.92, 53.785]
						},
						"1.95": {
							"vector": [15.21424, -9.77454, 30.90056]
						},
						"2.0833": {
							"vector": [5.13136, -9.03465, 4.28006]
						}
					},
					"scale": {
						"vector": [1.5, 1.5, 1.5]
					}
				},
				"magazine": {
					"rotation": {
						"0.0": {
							"vector": [0, 0, 0]
						},
						"0.3833": {
							"vector": [0, 0, 0]
						},
						"0.45": {
							"vector": [9.63, 0, 0]
						},
						"0.5667": {
							"vector": [15, 0, 0],
							"easing": "easeInSine"
						},
						"0.85": {
							"vector": [15, 0, 0],
							"easing": "easeInSine"
						},
						"0.9833": {
							"vector": [0, 0, 0],
							"easing": "easeInSine"
						}
					},
					"position": {
						"0.0": {
							"vector": [0, 0, 0]
						},
						"0.3833": {
							"vector": [0, 0, 0]
						},
						"0.5667": {
							"vector": [0, -30, 6.875],
							"easing": "easeInSine"
						},
						"0.85": {
							"vector": [0, -30, 6.875],
							"easing": "easeInSine"
						},
						"0.9833": {
							"vector": [0, 0, 0],
							"easing": "easeInSine"
						}
					}
				},
				"action": {
					"rotation": {
						"vector": [0, 0, 0]
					},
					"position": {
						"1.5333": {
							"vector": [0, 0, 0]
						},
						"1.6": {
							"vector": [0, 0, 3.775]
						},
						"1.6333": {
							"vector": [0, 0, 3.775]
						},
						"1.6667": {
							"vector": [0, 0, 0]
						}
					}
				}
			},
			"sound_effects": {
				"0.0": {
					"effect": "destiny_khvostov_first"
				},
				"0.35": {
					"effect": "destiny_marshal_unload"
				},
				"0.9": {
					"effect": "destiny_marshal_reload"
				},
				"1.45": {
					"effect": "destiny_marshal_charge"
				},
				"1.9667": {
					"effect": "destiny_khvostov_last"
				}
			}
		},
		"animation.model.reload": {
			"loop": true,
			"animation_length": 2.7833,
			"bones": {
				"main": {
					"rotation": {
						"0.0": {
							"vector": [0, 0, 0]
						},
						"0.25": {
							"vector": [-20.75557, -8.91079, -15.84503],
							"easing": "easeInOutSine"
						},
						"0.35": {
							"vector": [-23.95924, -9.9723, -20.87846],
							"easing": "easeOutSine"
						},
						"0.45": {
							"vector": [-19.35331, -4.12024, -5.08102],
							"easing": "easeInOutQuad"
						},
						"0.55": {
							"vector": [-21.16074, -6.4068, -13.08755]
						},
						"0.6667": {
							"vector": [-25.68464, -4.5638, -9.5033],
							"easing": "easeOutSine"
						},
						"0.8": {
							"vector": [-23.61208, -6.16663, -12.912],
							"easing": "easeOutSine"
						},
						"0.9333": {
							"vector": [-25.27717, -5.43217, -11.31186],
							"easing": "easeInOutSine"
						},
						"1.0833": {
							"vector": [-30.53115, -8.22635, -17.54358],
							"easing": "easeInSine"
						},
						"1.2": {
							"vector": [-28.19163, -5.94652, -11.92322],
							"easing": "easeInOutQuad"
						},
						"1.5333": {
							"vector": [1.29513, -2.23184, 7.3213],
							"easing": "easeInOutSine"
						},
						"1.65": {
							"vector": [0.21819, 0.65002, -0.83344],
							"easing": "easeOutSine"
						},
						"1.7833": {
							"vector": [-0.0691, 0.03793, 0.70671],
							"easing": "easeInOutSine"
						},
						"1.8833": {
							"vector": [0, 0, 0],
							"easing": "easeOutSine"
						}
					},
					"position": {
						"0.0": {
							"vector": [0, 0, 0]
						},
						"0.1": {
							"vector": [-0.57887, -2.3354, 2.07884],
							"easing": "easeInSine"
						},
						"0.2833": {
							"vector": [-3.45368, 3.51183, 1.88749],
							"easing": "easeInOutSine"
						},
						"0.3833": {
							"vector": [-3.45, 3.99, 2.21],
							"easing": "easeOutSine"
						},
						"0.5333": {
							"vector": [-3.45, 0.265, 4.21],
							"easing": "easeInOutQuad"
						},
						"0.7": {
							"vector": [-3.4517, 3.13579, 5.5164],
							"easing": "easeOutSine"
						},
						"0.85": {
							"vector": [-3.36838, 2.69185, 4.9655]
						},
						"0.95": {
							"vector": [-3.45003, 2.96365, 4.99259],
							"easing": "easeOutSine"
						},
						"1.05": {
							"vector": [-3.61982, 5.65018, 6.08066],
							"easing": "easeInOutSine"
						},
						"1.2167": {
							"vector": [-3.45, 1.73, 4.81],
							"easing": "easeInQuad"
						},
						"1.4333": {
							"vector": [-0.45769, -3.97624, 0.71444],
							"easing": "easeInSine"
						},
						"1.6": {
							"vector": [-0.23454, 1.12159, -1.87259],
							"easing": "easeInOutSine"
						},
						"1.7667": {
							"vector": [-0.00373, -0.62498, -0.10042],
							"easing": "easeInOutSine"
						},
						"1.8833": {
							"vector": [0, 0, 0],
							"easing": "easeInOutSine"
						}
					}
				},
				"rightarm": {
					"rotation": {
						"vector": [0, 0, 0]
					},
					"position": {
						"vector": [0, 0, 0]
					}
				},
				"_camera_": {
					"rotation": {
						"0.0": {
							"vector": [0, 0, 0]
						},
						"0.1333": {
							"vector": [1.83716, 0.89539, 0.56769],
							"easing": "easeInSine"
						},
						"0.3333": {
							"vector": [0.79334, 1.97226, 1.25044],
							"easing": "easeInOutSine"
						},
						"0.4167": {
							"vector": [-0.24106, 1.96835, 0.24986]
						},
						"0.5333": {
							"vector": [1.33525, 1.91741, 2.50058]
						},
						"0.75": {
							"vector": [0.53441, 1.19846, 0.99306],
							"easing": "easeInOutSine"
						},
						"0.9": {
							"vector": [0.30664, 1.58507, 1.59918]
						},
						"1.0167": {
							"vector": [-0.29432, 2.43401, -0.75342],
							"easing": "easeInQuad"
						},
						"1.1833": {
							"vector": [1.08184, 1.64169, 2.23467]
						},
						"1.3833": {
							"vector": [0.58156, 1.07657, -1.01277],
							"easing": "easeInOutSine"
						},
						"1.5333": {
							"vector": [-0.00076, -0.00333, 0.0435],
							"easing": "easeOutSine"
						},
						"1.65": {
							"vector": [-0.30918, -0.01767, 1.01624]
						},
						"1.75": {
							"vector": [0.17256, -0.0039, -0.6024]
						},
						"1.8833": {
							"vector": [0, 0, 0],
							"easing": "easeOutSine"
						}
					}
				},
				"leftarm": {
					"rotation": {
						"0.0": {
							"vector": [0, 0, 0]
						},
						"0.2833": {
							"vector": [0, 0, -6.75],
							"easing": "easeInSine"
						},
						"0.3833": {
							"vector": [-1, 0, -6.25],
							"easing": "easeInOutSine"
						},
						"0.5667": {
							"vector": [0, 0, -6.75],
							"easing": "easeInSine"
						},
						"0.85": {
							"vector": [0, 0, -6.75],
							"easing": "easeInSine"
						},
						"0.9833": {
							"vector": [-1, 0, -6.25],
							"easing": "easeInSine"
						},
						"1.2": {
							"vector": [-1.39363, -5.30458, -11.56587],
							"easing": "easeInQuad"
						},
						"1.5333": {
							"vector": [0, 0, 0]
						}
					},
					"position": {
						"0.0": {
							"vector": [5.13136, -9.03465, 4.28006]
						},
						"0.15": {
							"vector": [14.99637, -16.72416, 16.38829],
							"easing": "easeInSine"
						},
						"0.2833": {
							"vector": [7.75289, -18.01286, 21.59414],
							"easing": "easeOutSine"
						},
						"0.3833": {
							"vector": [7.68905, -16.90659, 21.5873],
							"easing": "easeInOutSine"
						},
						"0.5667": {
							"vector": [8.40854, -44.81695, 29.24531],
							"easing": "easeInSine"
						},
						"0.85": {
							"vector": [8.4096, -44.75352, 29.15492],
							"easing": "easeInSine"
						},
						"0.9833": {
							"vector": [7.19548, -17.51184, 19.7018],
							"easing": "easeInSine"
						},
						"1.2": {
							"vector": [7.99078, -17.50978, 19.62171],
							"easing": "easeInQuad"
						},
						"1.35": {
							"vector": [14.99637, -16.72416, 16.38829],
							"easing": "easeInSine"
						},
						"1.5333": {
							"vector": [5.13136, -9.03465, 4.28006]
						}
					},
					"scale": {
						"vector": [1.5, 1.5, 1.5]
					}
				},
				"magazine": {
					"rotation": {
						"0.0": {
							"vector": [0, 0, 0]
						},
						"0.3833": {
							"vector": [0, 0, 0]
						},
						"0.45": {
							"vector": [9.63, 0, 0]
						},
						"0.5667": {
							"vector": [15, 0, 0],
							"easing": "easeInSine"
						},
						"0.85": {
							"vector": [15, 0, 0],
							"easing": "easeInSine"
						},
						"0.9833": {
							"vector": [0, 0, 0],
							"easing": "easeInSine"
						}
					},
					"position": {
						"0.0": {
							"vector": [0, 0, 0]
						},
						"0.3833": {
							"vector": [0, 0, 0]
						},
						"0.5667": {
							"vector": [0, -30, 6.875],
							"easing": "easeInSine"
						},
						"0.85": {
							"vector": [0, -30, 6.875],
							"easing": "easeInSine"
						},
						"0.9833": {
							"vector": [0, 0, 0],
							"easing": "easeInSine"
						}
					}
				}
			},
			"sound_effects": {
				"0.0": {
					"effect": "destiny_khvostov_first"
				},
				"0.35": {
					"effect": "destiny_marshal_unload"
				},
				"0.9": {
					"effect": "destiny_marshal_reload"
				},
				"1.4": {
					"effect": "destiny_khvostov_last"
				}
			}
		},
		"animation.model.inspect": {
			"loop": true,
			"animation_length": 4.6667,
			"bones": {
				"main": {
					"rotation": {
						"0.0": {
							"vector": [0, 0, 0]
						},
						"0.3833": {
							"vector": [-29.44262, -26.18546, -34.23932],
							"easing": "easeInOutSine"
						},
						"0.5833": {
							"vector": [-25.66355, -30.15715, -39.48985],
							"easing": "easeInOutSine"
						},
						"0.75": {
							"vector": [-26.20197, -29.09604, -36.88538]
						},
						"0.9833": {
							"vector": [-25.16868, -30.1749, -39.48015]
						},
						"1.15": {
							"vector": [-25.56019, -29.85361, -38.69749]
						},
						"1.6333": {
							"vector": [-14.78743, -30.13708, -53.55024],
							"easing": "easeInOutSine"
						},
						"1.8833": {
							"vector": [-17.48553, -28.03441, -48.28909]
						},
						"2.1167": {
							"vector": [-16.58345, -28.54551, -50.19041]
						},
						"2.35": {
							"vector": [-17.54583, -27.99736, -48.15965]
						},
						"2.5667": {
							"vector": [-17.23061, -28.18358, -48.83013]
						},
						"2.8333": {
							"vector": [-17.61225, -27.95903, -48.01913]
						},
						"3.05": {
							"vector": [-17.54583, -27.99736, -48.15965]
						},
						"3.2167": {
							"vector": [-17.23061, -28.18358, -48.83013]
						},
						"3.6167": {
							"vector": [1.29513, -2.23184, 7.3213],
							"easing": "easeInOutSine"
						},
						"3.7333": {
							"vector": [0.21819, 0.65002, -0.83344],
							"easing": "easeOutSine"
						},
						"3.8667": {
							"vector": [-0.0691, 0.03793, 0.70671],
							"easing": "easeInOutSine"
						},
						"3.9667": {
							"vector": [0, 0, 0],
							"easing": "easeOutSine"
						}
					},
					"position": {
						"0.0": {
							"vector": [0, 0, 0]
						},
						"0.2833": {
							"vector": [0, 3.875, -5],
							"easing": "easeInOutSine"
						},
						"0.4833": {
							"vector": [0, 1.925, -5],
							"easing": "easeInOutSine"
						},
						"0.6667": {
							"vector": [0, 2.925, -5],
							"easing": "easeInOutSine"
						},
						"0.9": {
							"vector": [0, 2.82, -5]
						},
						"1.1333": {
							"vector": [0, 2.945, -5.3],
							"easing": "easeInSine"
						},
						"1.8167": {
							"vector": [-0.075, 6.67, -8.05],
							"easing": "easeInOutSine"
						},
						"2.0": {
							"vector": [0, 6.97, -8.25],
							"easing": "easeOutSine"
						},
						"2.2167": {
							"vector": [0.075, 6.72, -8.25]
						},
						"2.5": {
							"vector": [0, 6.845, -8.25],
							"easing": "easeInOutSine"
						},
						"2.7833": {
							"vector": [0.075, 6.97, -8.25]
						},
						"3.0667": {
							"vector": [0, 6.145, -8.25],
							"easing": "easeInOutSine"
						},
						"3.5167": {
							"vector": [-0.45769, -3.97624, 0.71444],
							"easing": "easeInSine"
						},
						"3.6833": {
							"vector": [-0.23454, 0.39659, -1.87259],
							"easing": "easeInOutSine"
						},
						"3.85": {
							"vector": [-0.00373, -0.62498, -0.10042],
							"easing": "easeInOutSine"
						},
						"3.9667": {
							"vector": [0, 0, 0],
							"easing": "easeInOutSine"
						}
					}
				},
				"rightarm": {
					"rotation": {
						"0.0": {
							"vector": [0, 0, 0]
						},
						"0.25": {
							"vector": [0.02105, -16.84578, -5.38243]
						},
						"1.4167": {
							"vector": [0.02105, -16.84578, -5.38243]
						},
						"1.7": {
							"vector": [4.77105, -16.84578, -5.38243]
						},
						"3.3667": {
							"vector": [4.77105, -16.84578, -5.38243]
						},
						"3.6167": {
							"vector": [0, 0, 0]
						}
					},
					"position": {
						"0.0": {
							"vector": [0, 0, 0]
						},
						"0.25": {
							"vector": [-7.12233, -1.49334, 5.28973]
						},
						"1.4167": {
							"vector": [-7.12233, -1.49334, 5.28973]
						},
						"1.7": {
							"vector": [-7.21934, 1.50805, 5.61884]
						},
						"3.3667": {
							"vector": [-7.21934, 1.50805, 5.61884]
						},
						"3.6167": {
							"vector": [0, 0, 0]
						}
					},
					"scale": {
						"0.0": {
							"vector": [1, 1, 1]
						},
						"0.25": {
							"vector": [1.1, 1.3, 1.1]
						},
						"3.3667": {
							"vector": [1.1, 1.3, 1.1]
						},
						"3.6167": {
							"vector": [1, 1, 1]
						}
					}
				},
				"_camera_": {
					"rotation": {
						"0.0": {
							"vector": [0, 0, 0]
						},
						"0.3833": {
							"vector": [4.51311, 2.24746, 1.34202],
							"easing": "easeInOutSine"
						},
						"0.55": {
							"vector": [4.57467, 2.79371, -0.62326]
						},
						"0.7833": {
							"vector": [4.8606, 3.07513, 1.453]
						},
						"0.9833": {
							"vector": [4.90589, 3.43865, 0.44671]
						},
						"1.2167": {
							"vector": [5.51805, 3.49358, 1.44056],
							"easing": "easeInSine"
						},
						"1.7333": {
							"vector": [6.87716, 5.72449, 0.10108],
							"easing": "easeInOutSine"
						},
						"2.1333": {
							"vector": [6.9512, 5.6342, 0.8493]
						},
						"2.7167": {
							"vector": [6.95073, 5.63465, 0.84513]
						},
						"3.1333": {
							"vector": [6.87716, 5.72449, 0.10108],
							"easing": "easeInOutSine"
						},
						"3.5": {
							"vector": [1.24924, -0.00333, 0.0435],
							"easing": "easeInOutSine"
						},
						"3.6333": {
							"vector": [0.44082, -0.01767, 1.01624]
						},
						"3.8333": {
							"vector": [0, 0, 0],
							"easing": "easeOutSine"
						}
					}
				},
				"leftarm": {
					"rotation": {
						"0.0": {
							"vector": [0, 0, 0]
						},
						"0.3": {
							"vector": [137.03218, 14.44823, 69.32954]
						},
						"3.3833": {
							"vector": [137.03218, 14.44823, 69.32954]
						},
						"3.6167": {
							"vector": [0, 0, 0]
						}
					},
					"position": {
						"0.0": {
							"vector": [5.13136, -9.03465, 4.28006]
						},
						"0.3": {
							"vector": [5.81369, -12.80407, 35.57256]
						},
						"3.3833": {
							"vector": [5.81369, -12.80407, 35.57256]
						},
						"3.6167": {
							"vector": [5.13136, -9.03465, 4.28006]
						}
					},
					"scale": {
						"0.0": {
							"vector": [1.5, 1.5, 1.5]
						},
						"3.6167": {
							"vector": [1.5, 1.5, 1.5]
						}
					}
				}
			},
			"sound_effects": {
				"0.0": {
					"effect": "destiny_khvostov_first"
				},
				"1.0": {
					"effect": "inspect_turn"
				},
				"3.5333": {
					"effect": "destiny_khvostov_last"
				}
			}
		},
		"animation.model.fire": {
			"loop": true,
			"animation_length": 0.45,
			"bones": {
				"main": {
					"rotation": {
						"0.0": {
							"vector": [0, 0, 0]
						},
						"0.05": {
							"vector": [-0.29998, 0.00337, -1.14006]
						},
						"0.15": {
							"vector": [0.49889, 0.03489, 0.7637]
						},
						"0.2667": {
							"vector": [-0.25259, -0.0164, -0.80186]
						},
						"0.45": {
							"vector": [0, 0, 0],
							"easing": "easeInOutSine"
						}
					},
					"position": {
						"0.0": {
							"vector": [0, 0, 0]
						},
						"0.05": {
							"vector": [-0.00008, -0.37238, 0.72501],
							"easing": "easeInSine"
						},
						"0.2": {
							"vector": [-0.00002, -0.33155, 1.515],
							"easing": "easeOutExpo"
						},
						"0.35": {
							"vector": [0, 0, 0],
							"easing": "easeOutSine"
						}
					}
				},
				"slide": {
					"position": {
						"0.0": {
							"vector": [0, 0, 0]
						},
						"0.05": {
							"vector": [0, 0, 5.5]
						},
						"0.1": {
							"vector": [0, 0, 0]
						}
					}
				},
				"hammer": {
					"rotation": {
						"0.0": {
							"vector": [0, 0, 0]
						},
						"0.0167": {
							"vector": [48.25, 0, 0]
						},
						"0.0667": {
							"vector": [0, 0, 0]
						}
					}
				},
				"flap": {
					"rotation": {
						"0.0": {
							"vector": [0, 0, 0]
						},
						"0.05": {
							"vector": [0, 0, -29]
						},
						"0.1333": {
							"vector": [0, 0, 8.75]
						},
						"0.2167": {
							"vector": [0, 0, 0]
						}
					},
					"position": {
						"vector": [0, 0, 0]
					}
				},
				"flap2": {
					"rotation": {
						"0.0": {
							"vector": [0, 0, 0]
						},
						"0.05": {
							"vector": [-0.0126, -0.14715, 28.49964]
						},
						"0.1333": {
							"vector": [0.01563, -0.04874, -7.99984]
						},
						"0.2167": {
							"vector": [0, 0, 0]
						}
					},
					"position": {
						"vector": [0, 0, 0]
					}
				},
				"flap3": {
					"rotation": {
						"0.0": {
							"vector": [0, 0, 0]
						},
						"0.0667": {
							"vector": [-0.05114, 0.12795, -48.74987]
						},
						"0.15": {
							"vector": [-0.00069, 0.01744, 1.99992]
						},
						"0.2333": {
							"vector": [0, 0, 0]
						}
					},
					"position": {
						"vector": [0, 0, 0]
					}
				},
				"bullet2": {
					"rotation": {
						"0.0": {
							"vector": [0, 0, 0]
						},
						"0.0667": {
							"vector": [-0.0025, -0.0779, 26.99989]
						},
						"0.1167": {
							"vector": [-0.00704, 0.02449, 6.24995]
						},
						"0.2": {
							"vector": [0, 0, 0]
						}
					},
					"position": {
						"0.0": {
							"vector": [0, 0, 0]
						},
						"0.0667": {
							"vector": [0.03383, 0.72464, -0.0021]
						},
						"0.1167": {
							"vector": [0.12691, -0.17362, -0.00066]
						},
						"0.2": {
							"vector": [0, 0, 0]
						}
					}
				},
				"bullet3": {
					"rotation": {
						"0.0": {
							"vector": [0, 0, 0]
						},
						"0.0667": {
							"vector": [-0.02776, -0.01866, 11.49996]
						},
						"0.1167": {
							"vector": [-0.02877, -0.03823, -11.74989]
						},
						"0.2167": {
							"vector": [0, 0, 0]
						}
					},
					"position": {
						"0.0": {
							"vector": [0, 0, 0]
						},
						"0.0667": {
							"vector": [1.23587, 0.88501, -0.00241]
						},
						"0.1167": {
							"vector": [0.05192, -0.17444, -0.00069]
						},
						"0.2167": {
							"vector": [0, 0, 0]
						}
					}
				},
				"bullet4": {
					"rotation": {
						"vector": [0, 0, 0]
					},
					"position": {
						"0.0": {
							"vector": [0, 0, 0]
						},
						"0.0667": {
							"vector": [2.6748, -0.03258, 0.00045]
						},
						"0.1167": {
							"vector": [0, 0, 0]
						}
					}
				},
				"belt1": {
					"rotation": {
						"0.0": {
							"vector": [0, 0, 0]
						},
						"0.05": {
							"vector": [0, 0, -11.75]
						},
						"0.1333": {
							"vector": [0, 0, 8.25]
						},
						"0.2167": {
							"vector": [0, 0, 0]
						}
					},
					"position": {
						"0.0": {
							"vector": [0, 0, 0]
						},
						"0.05": {
							"vector": [0.00398, 0.19996, -0.00105]
						},
						"0.1333": {
							"vector": [0.00327, 0.02503, -0.00112]
						},
						"0.2167": {
							"vector": [0, 0, 0]
						}
					}
				},
				"belt2": {
					"rotation": {
						"0.0": {
							"vector": [0, 0, 0]
						},
						"0.05": {
							"vector": [-3.5, 0, -13]
						},
						"0.1333": {
							"vector": [0, 0, 11]
						},
						"0.2167": {
							"vector": [0, 0, 0]
						}
					},
					"position": {
						"0.0": {
							"vector": [0, 0, 0]
						},
						"0.05": {
							"vector": [0.23687, 0.5971, 0.32189]
						},
						"0.1333": {
							"vector": [0, 0, 0]
						},
						"0.2167": {
							"vector": [0, 0, 0]
						}
					}
				},
				"belt3": {
					"rotation": {
						"0.0": {
							"vector": [0, 0, 0]
						},
						"0.05": {
							"vector": [0.97087, -4.44167, 8.64158]
						},
						"0.1333": {
							"vector": [-20.43898, -5.97893, 14.90361]
						},
						"0.2167": {
							"vector": [0, 0, 0]
						}
					},
					"position": {
						"0.0": {
							"vector": [0, 0, 0]
						},
						"0.05": {
							"vector": [0.9912, 0.80752, 0.39584]
						},
						"0.1333": {
							"vector": [0, 0, 0]
						},
						"0.2167": {
							"vector": [0, 0, 0]
						}
					}
				},
				"belt4": {
					"rotation": {
						"0.0": {
							"vector": [0, 0, 0]
						},
						"0.05": {
							"vector": [18.2052, 8.40348, -16.77435]
						},
						"0.1333": {
							"vector": [-17.95411, -3.14771, 17.13248]
						},
						"0.2167": {
							"vector": [0, 0, 0]
						}
					},
					"position": {
						"0.0": {
							"vector": [0, 0, 0]
						},
						"0.05": {
							"vector": [0.64378, 0.93736, -0.00487]
						},
						"0.1333": {
							"vector": [0.00269, -0.15173, 0.27404]
						},
						"0.2167": {
							"vector": [0, 0, 0]
						}
					}
				},
				"bolt": {
					"position": {
						"0.0": {
							"vector": [0, 0, 0]
						},
						"0.0333": {
							"vector": [0, 0, 7.775]
						},
						"0.0667": {
							"vector": [0, 0, 0]
						}
					}
				},
				"bullet": {
					"rotation": {
						"0.0": {
							"vector": [0, 0, 0]
						},
						"0.0667": {
							"vector": [-0.00017, 0.0182, -6.24997]
						},
						"0.1167": {
							"vector": [0, 0, 0]
						}
					},
					"position": {
						"0.0": {
							"vector": [0, 0, 0]
						},
						"0.0667": {
							"vector": [-0.12012, 0.40149, -0.00118]
						},
						"0.1167": {
							"vector": [0, 0, 0]
						}
					}
				},
				"leftarm": {
					"rotation": {
						"vector": [0, 0, 0]
					},
					"position": {
						"vector": [5.13136, -9.03465, 4.28006]
					},
					"scale": {
						"vector": [1.5, 1.5, 1.5]
					}
				},
				"action": {
					"position": {
						"0.0": {
							"vector": [0, 0, 0]
						},
						"0.0333": {
							"vector": [0, 0, 3.525]
						},
						"0.0667": {
							"vector": [0, 0, 0]
						}
					}
				}
			}
		},
		"animation.model.fire2": {
			"loop": true,
			"animation_length": 0.45,
			"bones": {
				"main": {
					"rotation": {
						"0.0": {
							"vector": [0, 0, 0]
						},
						"0.05": {
							"vector": [-0.29939, 0.01907, 1.8599]
						},
						"0.15": {
							"vector": [0.49917, 0.03053, 1.26369]
						},
						"0.2667": {
							"vector": [-0.25252, -0.0175, -1.05186]
						},
						"0.45": {
							"vector": [0, 0, 0],
							"easing": "easeInOutSine"
						}
					},
					"position": {
						"0.0": {
							"vector": [0, 0, 0]
						},
						"0.05": {
							"vector": [-0.00008, -0.37238, 0.72501],
							"easing": "easeInSine"
						},
						"0.2": {
							"vector": [-0.00002, -0.33155, 1.515],
							"easing": "easeOutExpo"
						},
						"0.35": {
							"vector": [0, 0, 0],
							"easing": "easeOutSine"
						}
					}
				},
				"slide": {
					"position": {
						"0.0": {
							"vector": [0, 0, 0]
						},
						"0.05": {
							"vector": [0, 0, 5.5]
						},
						"0.1": {
							"vector": [0, 0, 0]
						}
					}
				},
				"hammer": {
					"rotation": {
						"0.0": {
							"vector": [0, 0, 0]
						},
						"0.0167": {
							"vector": [48.25, 0, 0]
						},
						"0.0667": {
							"vector": [0, 0, 0]
						}
					}
				},
				"flap": {
					"rotation": {
						"0.0": {
							"vector": [0, 0, 0]
						},
						"0.05": {
							"vector": [0, 0, -29]
						},
						"0.1333": {
							"vector": [0, 0, 8.75]
						},
						"0.2167": {
							"vector": [0, 0, 0]
						}
					},
					"position": {
						"vector": [0, 0, 0]
					}
				},
				"flap2": {
					"rotation": {
						"0.0": {
							"vector": [0, 0, 0]
						},
						"0.05": {
							"vector": [-0.0126, -0.14715, 28.49964]
						},
						"0.1333": {
							"vector": [0.01563, -0.04874, -7.99984]
						},
						"0.2167": {
							"vector": [0, 0, 0]
						}
					},
					"position": {
						"vector": [0, 0, 0]
					}
				},
				"flap3": {
					"rotation": {
						"0.0": {
							"vector": [0, 0, 0]
						},
						"0.0667": {
							"vector": [-0.05114, 0.12795, -48.74987]
						},
						"0.15": {
							"vector": [-0.00069, 0.01744, 1.99992]
						},
						"0.2333": {
							"vector": [0, 0, 0]
						}
					},
					"position": {
						"vector": [0, 0, 0]
					}
				},
				"bullet2": {
					"rotation": {
						"0.0": {
							"vector": [0, 0, 0]
						},
						"0.0667": {
							"vector": [-0.0025, -0.0779, 26.99989]
						},
						"0.1167": {
							"vector": [-0.00704, 0.02449, 6.24995]
						},
						"0.2": {
							"vector": [0, 0, 0]
						}
					},
					"position": {
						"0.0": {
							"vector": [0, 0, 0]
						},
						"0.0667": {
							"vector": [0.03383, 0.72464, -0.0021]
						},
						"0.1167": {
							"vector": [0.12691, -0.17362, -0.00066]
						},
						"0.2": {
							"vector": [0, 0, 0]
						}
					}
				},
				"bullet3": {
					"rotation": {
						"0.0": {
							"vector": [0, 0, 0]
						},
						"0.0667": {
							"vector": [-0.02776, -0.01866, 11.49996]
						},
						"0.1167": {
							"vector": [-0.02877, -0.03823, -11.74989]
						},
						"0.2167": {
							"vector": [0, 0, 0]
						}
					},
					"position": {
						"0.0": {
							"vector": [0, 0, 0]
						},
						"0.0667": {
							"vector": [1.23587, 0.88501, -0.00241]
						},
						"0.1167": {
							"vector": [0.05192, -0.17444, -0.00069]
						},
						"0.2167": {
							"vector": [0, 0, 0]
						}
					}
				},
				"bullet4": {
					"rotation": {
						"vector": [0, 0, 0]
					},
					"position": {
						"0.0": {
							"vector": [0, 0, 0]
						},
						"0.0667": {
							"vector": [2.6748, -0.03258, 0.00045]
						},
						"0.1167": {
							"vector": [0, 0, 0]
						}
					}
				},
				"belt1": {
					"rotation": {
						"0.0": {
							"vector": [0, 0, 0]
						},
						"0.05": {
							"vector": [0, 0, -11.75]
						},
						"0.1333": {
							"vector": [0, 0, 8.25]
						},
						"0.2167": {
							"vector": [0, 0, 0]
						}
					},
					"position": {
						"0.0": {
							"vector": [0, 0, 0]
						},
						"0.05": {
							"vector": [0.00398, 0.19996, -0.00105]
						},
						"0.1333": {
							"vector": [0.00327, 0.02503, -0.00112]
						},
						"0.2167": {
							"vector": [0, 0, 0]
						}
					}
				},
				"belt2": {
					"rotation": {
						"0.0": {
							"vector": [0, 0, 0]
						},
						"0.05": {
							"vector": [-3.5, 0, -13]
						},
						"0.1333": {
							"vector": [0, 0, 11]
						},
						"0.2167": {
							"vector": [0, 0, 0]
						}
					},
					"position": {
						"0.0": {
							"vector": [0, 0, 0]
						},
						"0.05": {
							"vector": [0.23687, 0.5971, 0.32189]
						},
						"0.1333": {
							"vector": [0, 0, 0]
						},
						"0.2167": {
							"vector": [0, 0, 0]
						}
					}
				},
				"belt3": {
					"rotation": {
						"0.0": {
							"vector": [0, 0, 0]
						},
						"0.05": {
							"vector": [0.97087, -4.44167, 8.64158]
						},
						"0.1333": {
							"vector": [-20.43898, -5.97893, 14.90361]
						},
						"0.2167": {
							"vector": [0, 0, 0]
						}
					},
					"position": {
						"0.0": {
							"vector": [0, 0, 0]
						},
						"0.05": {
							"vector": [0.9912, 0.80752, 0.39584]
						},
						"0.1333": {
							"vector": [0, 0, 0]
						},
						"0.2167": {
							"vector": [0, 0, 0]
						}
					}
				},
				"belt4": {
					"rotation": {
						"0.0": {
							"vector": [0, 0, 0]
						},
						"0.05": {
							"vector": [18.2052, 8.40348, -16.77435]
						},
						"0.1333": {
							"vector": [-17.95411, -3.14771, 17.13248]
						},
						"0.2167": {
							"vector": [0, 0, 0]
						}
					},
					"position": {
						"0.0": {
							"vector": [0, 0, 0]
						},
						"0.05": {
							"vector": [0.64378, 0.93736, -0.00487]
						},
						"0.1333": {
							"vector": [0.00269, -0.15173, 0.27404]
						},
						"0.2167": {
							"vector": [0, 0, 0]
						}
					}
				},
				"bolt": {
					"position": {
						"0.0": {
							"vector": [0, 0, 0]
						},
						"0.0333": {
							"vector": [0, 0, 7.775]
						},
						"0.0667": {
							"vector": [0, 0, 0]
						}
					}
				},
				"bullet": {
					"rotation": {
						"0.0": {
							"vector": [0, 0, 0]
						},
						"0.0667": {
							"vector": [-0.00017, 0.0182, -6.24997]
						},
						"0.1167": {
							"vector": [0, 0, 0]
						}
					},
					"position": {
						"0.0": {
							"vector": [0, 0, 0]
						},
						"0.0667": {
							"vector": [-0.12012, 0.40149, -0.00118]
						},
						"0.1167": {
							"vector": [0, 0, 0]
						}
					}
				},
				"leftarm": {
					"rotation": {
						"vector": [0, 0, 0]
					},
					"position": {
						"vector": [5.13136, -9.03465, 4.28006]
					},
					"scale": {
						"vector": [1.5, 1.5, 1.5]
					}
				},
				"action": {
					"position": {
						"0.0": {
							"vector": [0, 0, 0]
						},
						"0.0333": {
							"vector": [0, 0, 3.525]
						},
						"0.0667": {
							"vector": [0, 0, 0]
						}
					}
				}
			}
		}
	},
	"geckolib_format_version": 2
}