{
	"format_version": "1.8.0",
	"animations": {
		"animation.model.draw": {
			"loop": true,
			"animation_length": 1.1833,
			"bones": {
				"main": {
					"rotation": {
						"0.0": {
							"vector": [13.10473, -58.27871, 41.17158]
						},
						"0.3333": {
							"vector": [1.49302, -0.60449, 2.10819],
							"easing": "easeOutSine"
						},
						"0.4333": {
							"vector": [0.20109, 0.65551, -2.33353],
							"easing": "easeOutSine"
						},
						"0.5333": {
							"vector": [-0.0691, 0.03793, 0.70671],
							"easing": "easeInOutSine"
						},
						"0.6333": {
							"vector": [0, 0, 0],
							"easing": "easeOutSine"
						}
					},
					"position": {
						"0.0": {
							"vector": [0, -25.75, 8.15]
						},
						"0.2333": {
							"vector": [-0.27958, 0.27974, -3.80307],
							"easing": "easeInOutSine"
						},
						"0.4": {
							"vector": [-0.13408, -1.70134, 0.14453],
							"easing": "easeInOutSine"
						},
						"0.5167": {
							"vector": [0, -0.225, -0.45],
							"easing": "easeOutSine"
						},
						"0.6333": {
							"vector": [0, 0, 0],
							"easing": "easeInOutSine"
						}
					}
				},
				"_camera_": {
					"rotation": {
						"0.0": {
							"vector": [0, 0, 0]
						},
						"0.15": {
							"vector": [2.55287, -1.39676, -1.62254],
							"easing": "easeOutSine"
						},
						"0.3": {
							"vector": [-0.00076, -0.00333, 0.0435]
						},
						"0.4": {
							"vector": [-0.30918, -0.01767, 1.01624]
						},
						"0.5": {
							"vector": [0.17256, -0.0039, -0.6024]
						},
						"0.6333": {
							"vector": [0, 0, 0],
							"easing": "easeOutSine"
						}
					}
				},
				"leftarm": {
					"rotation": {
						"0.0": {
							"vector": [-22, 0, 0]
						},
						"0.35": {
							"vector": [0, 0, 0]
						}
					},
					"position": {
						"0.0": {
							"vector": [11.20074, -16.01027, 0.25429]
						},
						"0.35": {
							"vector": [5.13136, -9.03465, 4.28006]
						}
					},
					"scale": {
						"0.0": {
							"vector": [1.5, 1.5, 1.5]
						},
						"0.35": {
							"vector": [1.5, 1.5, 1.5]
						}
					}
				}
			},
			"sound_effects": {
				"0.1167": {
					"effect": "destiny_khvostov_draw"
				}
			}
		},
		"animation.model.idle": {
			"loop": true,
			"animation_length": 0.6667,
			"bones": {
				"leftarm": {
					"rotation": {
						"vector": [0, 0, 0]
					},
					"position": {
						"vector": [5.13136, -9.03465, 4.28006]
					},
					"scale": {
						"vector": [1.5, 1.5, 1.5]
					}
				}
			}
		},
		"animation.model.reloadempty": {
			"loop": true,
			"animation_length": 3.1167,
			"bones": {
				"main": {
					"rotation": {
						"0.0": {
							"vector": [0, 0, 0]
						},
						"0.3167": {
							"vector": [-51.56311, -28.62873, -23.00875],
							"easing": "easeInOutSine"
						},
						"0.3833": {
							"vector": [-61.116, -22.71068, -18.8581]
						},
						"0.5": {
							"vector": [-53.7525, -26.49948, -21.52429]
						},
						"0.65": {
							"vector": [-56.3694, -24.45028, -18.95204]
						},
						"0.7333": {
							"vector": [-55.61623, -25.28779, -19.55453]
						},
						"1.0": {
							"vector": [-43.63733, -41.40891, -34.35792],
							"easing": "easeInOutSine"
						},
						"1.1167": {
							"vector": [-42.24883, -46.8221, -42.09185]
						},
						"1.2333": {
							"vector": [-47.69333, -39.23904, -31.15357]
						},
						"1.5667": {
							"vector": [-14.4466, 5.76475, -8.77085],
							"easing": "easeInOutSine"
						},
						"1.7833": {
							"vector": [-13.5346, 1.30437, -8.79596],
							"easing": "easeInCubic"
						},
						"1.9333": {
							"vector": [-9.92969, 9.00503, -6.86885],
							"easing": "easeInQuad"
						},
						"2.0333": {
							"vector": [-11.68767, 6.77365, -10.84126],
							"easing": "easeInOutSine"
						},
						"2.15": {
							"vector": [-6.50341, 9.21928, -8.80615]
						},
						"2.35": {
							"vector": [1.29513, -2.23184, 7.3213],
							"easing": "easeInOutSine"
						},
						"2.4667": {
							"vector": [0.21819, 0.65002, -0.83344],
							"easing": "easeOutSine"
						},
						"2.6": {
							"vector": [-0.0691, 0.03793, 0.70671],
							"easing": "easeInOutSine"
						},
						"2.7": {
							"vector": [0, 0, 0],
							"easing": "easeOutSine"
						}
					},
					"position": {
						"0.0": {
							"vector": [0, 0, 0]
						},
						"0.25": {
							"vector": [-11.4, 24.43, 3.73],
							"easing": "easeInOutSine"
						},
						"0.3833": {
							"vector": [-11.4, 18.36, 3.73],
							"easing": "easeInQuad"
						},
						"0.5833": {
							"vector": [-11.4, 22.405, 3.73],
							"easing": "easeInOutSine"
						},
						"0.75": {
							"vector": [-11.625, 20.155, 3.73]
						},
						"1.0167": {
							"vector": [-11.24127, 17.69632, 0.08798],
							"easing": "easeInOutSine"
						},
						"1.1167": {
							"vector": [-14.67524, 19.49025, 1.94803],
							"easing": "easeInQuad"
						},
						"1.2833": {
							"vector": [-11.96925, 16.91006, 0.44045],
							"easing": "easeInOutSine"
						},
						"1.5667": {
							"vector": [-2.785, 1.8, 0.71],
							"easing": "easeInOutSine"
						},
						"1.6667": {
							"vector": [-2.52, 2.74, -1.595]
						},
						"1.8167": {
							"vector": [-1.555, 1.43, 3.64],
							"easing": "easeInQuad"
						},
						"1.9333": {
							"vector": [-2.325, 2.16, -1.13],
							"easing": "easeOutSine"
						},
						"2.2333": {
							"vector": [-0.45769, -3.97624, 0.71444],
							"easing": "easeInSine"
						},
						"2.4167": {
							"vector": [-0.23454, 1.12159, -1.87259],
							"easing": "easeInOutSine"
						},
						"2.5833": {
							"vector": [-0.00373, -0.62498, -0.10042],
							"easing": "easeInOutSine"
						},
						"2.7": {
							"vector": [0, 0, 0],
							"easing": "easeInOutSine"
						}
					}
				},
				"action": {
					"position": {
						"1.6833": {
							"vector": [0, 0, 0]
						},
						"1.7833": {
							"vector": [0, 0, 4.575],
							"easing": "easeInSine"
						},
						"1.8167": {
							"vector": [0, 0, 4.575],
							"easing": "linear"
						},
						"1.85": {
							"vector": [0, 0, 0]
						}
					}
				},
				"magazine": {
					"rotation": {
						"0.0": {
							"vector": [0, 0, 0]
						},
						"0.3333": {
							"vector": [0, 0, 0]
						},
						"0.3667": {
							"vector": [-8.92852, -4.53569, -7.89257]
						},
						"1.0333": {
							"vector": [-8.92852, -4.53569, -7.89257]
						},
						"1.0667": {
							"vector": [0, 0, 0]
						}
					},
					"position": {
						"0.0": {
							"vector": [0, 0, 0]
						},
						"0.3333": {
							"vector": [0, 0, 0]
						},
						"0.3667": {
							"vector": [0, -2.425, 1.925]
						},
						"0.55": {
							"vector": [0, -8.28, 43.155]
						},
						"0.8833": {
							"vector": [0, -8.28, 43.155]
						},
						"1.0333": {
							"vector": [0, -1, 1.625]
						},
						"1.0667": {
							"vector": [0, 0, 0]
						}
					}
				},
				"rightarm": {
					"rotation": {
						"0.0": {
							"vector": [0, 0, 0]
						},
						"0.3167": {
							"vector": [-1.79933, -15.35457, 3.74985]
						},
						"1.45": {
							"vector": [-1.79933, -15.35457, 3.74985]
						},
						"1.6167": {
							"vector": [3.71184, -10.13017, -4.50722]
						},
						"2.1167": {
							"vector": [3.71184, -10.13017, -4.50722]
						},
						"2.3167": {
							"vector": [0, 0, 0]
						}
					},
					"position": {
						"0.0": {
							"vector": [0, 0, 0]
						},
						"0.3167": {
							"vector": [-10.73115, -0.10185, 11.20519]
						},
						"1.45": {
							"vector": [-10.73115, -0.10185, 11.20519]
						},
						"1.6167": {
							"vector": [-2.77808, 2.05381, -0.67434]
						},
						"2.1167": {
							"vector": [-2.77808, 2.05381, -0.67434]
						},
						"2.3167": {
							"vector": [0, 0, 0]
						}
					},
					"scale": {
						"0.0": {
							"vector": [1, 1, 1]
						},
						"0.3167": {
							"vector": [1, 1.6, 1]
						},
						"1.45": {
							"vector": [1, 1.6, 1]
						},
						"1.6167": {
							"vector": [1, 1, 1]
						}
					}
				},
				"leftarm": {
					"rotation": {
						"0.0": {
							"vector": [0, 0, 0]
						},
						"0.3167": {
							"vector": [190.56779, -14.24877, 95.28796]
						},
						"0.8": {
							"vector": [190.56779, -14.24877, 95.28796]
						},
						"0.8833": {
							"vector": [40.25289, 16.86232, 42.12954]
						},
						"1.0333": {
							"vector": [35.87243, 15.03044, 39.78424]
						},
						"1.0667": {
							"vector": [33.30489, 15.17274, 40.54289]
						},
						"1.2333": {
							"vector": [33.30489, 15.17274, 40.54289]
						},
						"1.5833": {
							"vector": [16.83467, -16.0088, -27.88087],
							"easing": "easeInOutSine"
						},
						"1.6833": {
							"vector": [16.83467, -16.0088, -27.88087]
						},
						"1.7833": {
							"vector": [16.83467, -16.0088, -27.88087],
							"easing": "easeInSine"
						},
						"1.8833": {
							"vector": [11.569, -10.5128, -14.85781],
							"easing": "easeInSine"
						},
						"1.9667": {
							"vector": [14.569, -10.5128, -14.85781]
						},
						"2.1": {
							"vector": [20.069, -10.5128, -14.85781]
						},
						"2.3167": {
							"vector": [0, 0, 0]
						}
					},
					"position": {
						"0.0": {
							"vector": [5.13136, -9.03465, 4.28006]
						},
						"0.3167": {
							"vector": [27.64898, -29.32625, 59.37883]
						},
						"0.8": {
							"vector": [27.64898, -29.32625, 59.37883]
						},
						"0.8833": {
							"vector": [-3.85713, -24.64881, 95.28108]
						},
						"1.0333": {
							"vector": [-2.97712, -19.71921, 54.97937]
						},
						"1.0667": {
							"vector": [-3.40254, -19.28581, 53.07397]
						},
						"1.2333": {
							"vector": [-3.40254, -19.28581, 53.07397]
						},
						"1.35": {
							"vector": [6.07257, -20.67239, 48.24151]
						},
						"1.5833": {
							"vector": [7.5107, 1.21445, 36.23812],
							"easing": "easeInOutSine"
						},
						"1.6833": {
							"vector": [7.5107, 1.21445, 36.23812]
						},
						"1.7833": {
							"vector": [6.8357, 0.63945, 40.36312],
							"easing": "easeInSine"
						},
						"1.8833": {
							"vector": [8.31, -2.315, 52.715],
							"easing": "easeInSine"
						},
						"1.9667": {
							"vector": [9.56, -1.765, 50.515]
						},
						"2.1": {
							"vector": [18.585, -11.335, 63.295]
						},
						"2.3167": {
							"vector": [5.13136, -9.03465, 4.28006]
						}
					},
					"scale": {
						"0.0": {
							"vector": [1.5, 1.5, 1.5]
						},
						"0.8833": {
							"vector": [1.5, 1.5, 1.5]
						},
						"1.0333": {
							"vector": [1.9, 1.5, 1.9]
						},
						"1.2333": {
							"vector": [1.9, 1.5, 1.9]
						},
						"1.5833": {
							"vector": [1.5, 1.5, 1.5],
							"easing": "easeInOutSine"
						}
					}
				},
				"_camera_": {
					"rotation": {
						"0.0": {
							"vector": [0, 0, 0]
						},
						"0.1833": {
							"vector": [1.83716, 0.89539, 0.56769],
							"easing": "easeInSine"
						},
						"0.3333": {
							"vector": [0.79334, 1.97226, 1.25044],
							"easing": "easeInOutSine"
						},
						"0.4167": {
							"vector": [-0.24106, 1.96835, 0.24986]
						},
						"0.5333": {
							"vector": [1.33525, 1.91741, 2.50058]
						},
						"0.75": {
							"vector": [0.51868, 1.20536, 0.24293],
							"easing": "easeInOutSine"
						},
						"0.95": {
							"vector": [0.30664, 1.58507, 1.59918]
						},
						"1.0667": {
							"vector": [-0.29432, 2.43401, -0.75342],
							"easing": "easeInQuad"
						},
						"1.2": {
							"vector": [1.08184, 1.64169, 2.23467]
						},
						"1.3833": {
							"vector": [0.56283, 2.69244, -0.04872],
							"easing": "linear"
						},
						"1.6": {
							"vector": [1.53256, 1.93307, 0.23432],
							"easing": "linear"
						},
						"1.7833": {
							"vector": [0.26791, 2.44248, 0.24773]
						},
						"1.8833": {
							"vector": [0.28468, 2.11759, 2.6825],
							"easing": "easeOutSine"
						},
						"1.9833": {
							"vector": [0.56801, 2.83401, -1.74552],
							"easing": "easeInOutSine"
						},
						"2.1333": {
							"vector": [0.718, 1.06184, 0.08755]
						},
						"2.3333": {
							"vector": [-0.00073, -0.00333, -0.4565],
							"easing": "easeOutSine"
						},
						"2.4667": {
							"vector": [-0.30918, -0.01767, 1.01624]
						},
						"2.5667": {
							"vector": [0.17256, -0.0039, -0.6024]
						},
						"2.7": {
							"vector": [0, 0, 0],
							"easing": "easeOutSine"
						}
					}
				}
			},
			"sound_effects": {
				"0.0": {
					"effect": "destiny_khvostov_first"
				},
				"0.2333": {
					"effect": "destiny_traxmallus1_unload"
				},
				"0.9": {
					"effect": "destiny_traxmallus1_reload"
				},
				"1.7": {
					"effect": "destiny_traxmallus1_charge"
				},
				"2.1333": {
					"effect": "destiny_khvostov_last"
				}
			}
		},
		"animation.model.reload": {
			"loop": true,
			"animation_length": 3.1167,
			"bones": {
				"main": {
					"rotation": {
						"0.0": {
							"vector": [0, 0, 0]
						},
						"0.3167": {
							"vector": [-51.56311, -28.62873, -23.00875],
							"easing": "easeInOutSine"
						},
						"0.3833": {
							"vector": [-61.116, -22.71068, -18.8581]
						},
						"0.5": {
							"vector": [-53.7525, -26.49948, -21.52429]
						},
						"0.65": {
							"vector": [-56.3694, -24.45028, -18.95204]
						},
						"0.7333": {
							"vector": [-55.61623, -25.28779, -19.55453]
						},
						"1.0": {
							"vector": [-43.63733, -41.40891, -34.35792],
							"easing": "easeInOutSine"
						},
						"1.1167": {
							"vector": [-42.24883, -46.8221, -42.09185]
						},
						"1.2": {
							"vector": [-47.69333, -39.23904, -31.15357]
						},
						"1.2667": {
							"vector": [-46.97395, -41.45431, -33.80857]
						},
						"1.7": {
							"vector": [1.29513, -2.23184, 7.3213],
							"easing": "easeInOutSine"
						},
						"1.8167": {
							"vector": [0.21819, 0.65002, -0.83344],
							"easing": "easeOutSine"
						},
						"1.95": {
							"vector": [-0.0691, 0.03793, 0.70671],
							"easing": "easeInOutSine"
						},
						"2.05": {
							"vector": [0, 0, 0],
							"easing": "easeOutSine"
						}
					},
					"position": {
						"0.0": {
							"vector": [0, 0, 0]
						},
						"0.25": {
							"vector": [-11.4, 24.43, 3.73],
							"easing": "easeInOutSine"
						},
						"0.3833": {
							"vector": [-11.4, 18.36, 3.73],
							"easing": "easeInQuad"
						},
						"0.5833": {
							"vector": [-11.4, 22.405, 3.73],
							"easing": "easeInOutSine"
						},
						"0.75": {
							"vector": [-11.625, 20.155, 3.73]
						},
						"1.0167": {
							"vector": [-11.24127, 17.69632, 0.08798],
							"easing": "easeInOutSine"
						},
						"1.1167": {
							"vector": [-14.67524, 19.49025, 1.94803],
							"easing": "easeInQuad"
						},
						"1.2833": {
							"vector": [-11.96925, 16.91006, 0.44045],
							"easing": "easeInOutSine"
						},
						"1.5833": {
							"vector": [-0.45769, -3.97624, 0.71444],
							"easing": "easeInSine"
						},
						"1.7667": {
							"vector": [-0.23454, 1.12159, -1.87259],
							"easing": "easeInOutSine"
						},
						"1.9333": {
							"vector": [-0.00373, -0.62498, -0.10042],
							"easing": "easeInOutSine"
						},
						"2.05": {
							"vector": [0, 0, 0],
							"easing": "easeInOutSine"
						}
					}
				},
				"magazine": {
					"rotation": {
						"0.0": {
							"vector": [0, 0, 0]
						},
						"0.3333": {
							"vector": [0, 0, 0]
						},
						"0.3667": {
							"vector": [-8.92852, -4.53569, -7.89257]
						},
						"1.0333": {
							"vector": [-8.92852, -4.53569, -7.89257]
						},
						"1.0667": {
							"vector": [0, 0, 0]
						}
					},
					"position": {
						"0.0": {
							"vector": [0, 0, 0]
						},
						"0.3333": {
							"vector": [0, 0, 0]
						},
						"0.3667": {
							"vector": [0, -2.425, 1.925]
						},
						"0.55": {
							"vector": [0, -8.28, 43.155]
						},
						"0.8833": {
							"vector": [0, -8.28, 43.155]
						},
						"1.0333": {
							"vector": [0, -1, 1.625]
						},
						"1.0667": {
							"vector": [0, 0, 0]
						}
					}
				},
				"rightarm": {
					"rotation": {
						"0.0": {
							"vector": [0, 0, 0]
						},
						"0.3167": {
							"vector": [-1.79933, -15.35457, 3.74985]
						},
						"1.45": {
							"vector": [-1.79933, -15.35457, 3.74985]
						},
						"1.6167": {
							"vector": [0, 0, 0]
						}
					},
					"position": {
						"0.0": {
							"vector": [0, 0, 0]
						},
						"0.3167": {
							"vector": [-10.73115, -0.10185, 11.20519]
						},
						"1.45": {
							"vector": [-10.73115, -0.10185, 11.20519]
						},
						"1.6167": {
							"vector": [0, 0, 0]
						}
					},
					"scale": {
						"0.0": {
							"vector": [1, 1, 1]
						},
						"0.3167": {
							"vector": [1, 1.6, 1]
						},
						"1.45": {
							"vector": [1, 1.6, 1]
						},
						"1.6167": {
							"vector": [1, 1, 1]
						}
					}
				},
				"leftarm": {
					"rotation": {
						"0.0": {
							"vector": [0, 0, 0]
						},
						"0.3167": {
							"vector": [190.56779, -14.24877, 95.28796]
						},
						"0.8": {
							"vector": [190.56779, -14.24877, 95.28796]
						},
						"0.8833": {
							"vector": [40.25289, 16.86232, 42.12954]
						},
						"1.0333": {
							"vector": [35.87243, 15.03044, 39.78424]
						},
						"1.0667": {
							"vector": [33.30489, 15.17274, 40.54289]
						},
						"1.3": {
							"vector": [33.30489, 15.17274, 40.54289]
						},
						"1.7333": {
							"vector": [0, 0, 0]
						}
					},
					"position": {
						"0.0": {
							"vector": [5.13136, -9.03465, 4.28006]
						},
						"0.3167": {
							"vector": [27.64898, -29.32625, 59.37883]
						},
						"0.8": {
							"vector": [27.64898, -29.32625, 59.37883]
						},
						"0.8833": {
							"vector": [-3.85713, -24.64881, 95.28108]
						},
						"1.0333": {
							"vector": [-2.97712, -19.71921, 54.97937]
						},
						"1.0667": {
							"vector": [-3.40254, -19.28581, 53.07397]
						},
						"1.3": {
							"vector": [-3.40254, -19.28581, 53.07397]
						},
						"1.3833": {
							"vector": [-1.55243, -29.57239, 56.89151]
						},
						"1.4667": {
							"vector": [15.685, -52.415, 46.47]
						},
						"1.7333": {
							"vector": [5.13136, -9.03465, 4.28006]
						}
					},
					"scale": {
						"0.0": {
							"vector": [1.5, 1.5, 1.5]
						},
						"0.8833": {
							"vector": [1.5, 1.5, 1.5]
						},
						"1.0333": {
							"vector": [1.9, 1.5, 1.9]
						},
						"1.3": {
							"vector": [1.9, 1.5, 1.9]
						},
						"1.7333": {
							"vector": [1.5, 1.5, 1.5]
						}
					}
				},
				"_camera_": {
					"rotation": {
						"0.0": {
							"vector": [0, 0, 0]
						},
						"0.1833": {
							"vector": [1.83716, 0.89539, 0.56769],
							"easing": "easeInSine"
						},
						"0.3333": {
							"vector": [0.79334, 1.97226, 1.25044],
							"easing": "easeInOutSine"
						},
						"0.4167": {
							"vector": [-0.24106, 1.96835, 0.24986]
						},
						"0.5333": {
							"vector": [1.33525, 1.91741, 2.50058]
						},
						"0.75": {
							"vector": [0.51868, 1.20536, 0.24293],
							"easing": "easeInOutSine"
						},
						"0.95": {
							"vector": [0.30664, 1.58507, 1.59918]
						},
						"1.0667": {
							"vector": [-0.29432, 2.43401, -0.75342],
							"easing": "easeInQuad"
						},
						"1.2": {
							"vector": [1.08184, 1.64169, 2.23467]
						},
						"1.3833": {
							"vector": [0.56283, 2.69244, -0.04872],
							"easing": "linear"
						},
						"1.6833": {
							"vector": [-0.00073, -0.00333, -0.4565],
							"easing": "easeOutSine"
						},
						"1.8167": {
							"vector": [-0.30918, -0.01767, 1.01624]
						},
						"1.9167": {
							"vector": [0.17256, -0.0039, -0.6024]
						},
						"2.05": {
							"vector": [0, 0, 0],
							"easing": "easeOutSine"
						}
					}
				}
			},
			"sound_effects": {
				"0.0": {
					"effect": "destiny_khvostov_first"
				},
				"0.2333": {
					"effect": "destiny_traxmallus1_unload"
				},
				"0.9": {
					"effect": "destiny_traxmallus1_reload"
				},
				"1.5167": {
					"effect": "destiny_khvostov_last"
				}
			}
		},
		"animation.model.fire": {
			"loop": true,
			"animation_length": 0.45,
			"bones": {
				"main": {
					"rotation": {
						"0.0": {
							"vector": [0, 0, 0]
						},
						"0.05": {
							"vector": [-3.79998, 0.00337, -1.14006]
						},
						"0.1833": {
							"vector": [-1.75111, 0.03489, 0.7637]
						},
						"0.3333": {
							"vector": [0.25253, -0.0175, -0.55186],
							"easing": "easeOutSine"
						},
						"0.45": {
							"vector": [0, 0, 0],
							"easing": "linear"
						}
					},
					"position": {
						"0.0": {
							"vector": [0, 0, 0]
						},
						"0.0667": {
							"vector": [0.00005, 0.364, 2.765],
							"easing": "easeInOutQuad"
						},
						"0.1833": {
							"vector": [0.0019, -0.27466, -0.40038],
							"easing": "easeInOutSine"
						},
						"0.3": {
							"vector": [0, 0, 0.5],
							"easing": "easeOutSine"
						},
						"0.45": {
							"vector": [0, 0, 0],
							"easing": "linear"
						}
					}
				},
				"slide": {
					"position": {
						"0.0": {
							"vector": [0, 0, 0]
						},
						"0.05": {
							"vector": [0, 0, 5.5]
						},
						"0.1": {
							"vector": [0, 0, 0]
						}
					}
				},
				"hammer": {
					"rotation": {
						"0.0": {
							"vector": [0, 0, 0]
						},
						"0.0167": {
							"vector": [48.25, 0, 0]
						},
						"0.0667": {
							"vector": [0, 0, 0]
						}
					}
				},
				"flap": {
					"rotation": {
						"0.0": {
							"vector": [0, 0, 0]
						},
						"0.05": {
							"vector": [0, 0, -29]
						},
						"0.1333": {
							"vector": [0, 0, 8.75]
						},
						"0.2167": {
							"vector": [0, 0, 0]
						}
					},
					"position": {
						"vector": [0, 0, 0]
					}
				},
				"flap2": {
					"rotation": {
						"0.0": {
							"vector": [0, 0, 0]
						},
						"0.05": {
							"vector": [-0.0126, -0.14715, 28.49964]
						},
						"0.1333": {
							"vector": [0.01563, -0.04874, -7.99984]
						},
						"0.2167": {
							"vector": [0, 0, 0]
						}
					},
					"position": {
						"vector": [0, 0, 0]
					}
				},
				"flap3": {
					"rotation": {
						"0.0": {
							"vector": [0, 0, 0]
						},
						"0.0667": {
							"vector": [-0.05114, 0.12795, -48.74987]
						},
						"0.15": {
							"vector": [-0.00069, 0.01744, 1.99992]
						},
						"0.2333": {
							"vector": [0, 0, 0]
						}
					},
					"position": {
						"vector": [0, 0, 0]
					}
				},
				"bullet2": {
					"rotation": {
						"0.0": {
							"vector": [0, 0, 0]
						},
						"0.0667": {
							"vector": [-0.0025, -0.0779, 26.99989]
						},
						"0.1167": {
							"vector": [-0.00704, 0.02449, 6.24995]
						},
						"0.2": {
							"vector": [0, 0, 0]
						}
					},
					"position": {
						"0.0": {
							"vector": [0, 0, 0]
						},
						"0.0667": {
							"vector": [0.03383, 0.72464, -0.0021]
						},
						"0.1167": {
							"vector": [0.12691, -0.17362, -0.00066]
						},
						"0.2": {
							"vector": [0, 0, 0]
						}
					}
				},
				"bullet3": {
					"rotation": {
						"0.0": {
							"vector": [0, 0, 0]
						},
						"0.0667": {
							"vector": [-0.02776, -0.01866, 11.49996]
						},
						"0.1167": {
							"vector": [-0.02877, -0.03823, -11.74989]
						},
						"0.2167": {
							"vector": [0, 0, 0]
						}
					},
					"position": {
						"0.0": {
							"vector": [0, 0, 0]
						},
						"0.0667": {
							"vector": [1.23587, 0.88501, -0.00241]
						},
						"0.1167": {
							"vector": [0.05192, -0.17444, -0.00069]
						},
						"0.2167": {
							"vector": [0, 0, 0]
						}
					}
				},
				"bullet4": {
					"rotation": {
						"vector": [0, 0, 0]
					},
					"position": {
						"0.0": {
							"vector": [0, 0, 0]
						},
						"0.0667": {
							"vector": [2.6748, -0.03258, 0.00045]
						},
						"0.1167": {
							"vector": [0, 0, 0]
						}
					}
				},
				"belt1": {
					"rotation": {
						"0.0": {
							"vector": [0, 0, 0]
						},
						"0.05": {
							"vector": [0, 0, -11.75]
						},
						"0.1333": {
							"vector": [0, 0, 8.25]
						},
						"0.2167": {
							"vector": [0, 0, 0]
						}
					},
					"position": {
						"0.0": {
							"vector": [0, 0, 0]
						},
						"0.05": {
							"vector": [0.00398, 0.19996, -0.00105]
						},
						"0.1333": {
							"vector": [0.00327, 0.02503, -0.00112]
						},
						"0.2167": {
							"vector": [0, 0, 0]
						}
					}
				},
				"belt2": {
					"rotation": {
						"0.0": {
							"vector": [0, 0, 0]
						},
						"0.05": {
							"vector": [-3.5, 0, -13]
						},
						"0.1333": {
							"vector": [0, 0, 11]
						},
						"0.2167": {
							"vector": [0, 0, 0]
						}
					},
					"position": {
						"0.0": {
							"vector": [0, 0, 0]
						},
						"0.05": {
							"vector": [0.23687, 0.5971, 0.32189]
						},
						"0.1333": {
							"vector": [0, 0, 0]
						},
						"0.2167": {
							"vector": [0, 0, 0]
						}
					}
				},
				"belt3": {
					"rotation": {
						"0.0": {
							"vector": [0, 0, 0]
						},
						"0.05": {
							"vector": [0.97087, -4.44167, 8.64158]
						},
						"0.1333": {
							"vector": [-20.43898, -5.97893, 14.90361]
						},
						"0.2167": {
							"vector": [0, 0, 0]
						}
					},
					"position": {
						"0.0": {
							"vector": [0, 0, 0]
						},
						"0.05": {
							"vector": [0.9912, 0.80752, 0.39584]
						},
						"0.1333": {
							"vector": [0, 0, 0]
						},
						"0.2167": {
							"vector": [0, 0, 0]
						}
					}
				},
				"belt4": {
					"rotation": {
						"0.0": {
							"vector": [0, 0, 0]
						},
						"0.05": {
							"vector": [18.2052, 8.40348, -16.77435]
						},
						"0.1333": {
							"vector": [-17.95411, -3.14771, 17.13248]
						},
						"0.2167": {
							"vector": [0, 0, 0]
						}
					},
					"position": {
						"0.0": {
							"vector": [0, 0, 0]
						},
						"0.05": {
							"vector": [0.64378, 0.93736, -0.00487]
						},
						"0.1333": {
							"vector": [0.00269, -0.15173, 0.27404]
						},
						"0.2167": {
							"vector": [0, 0, 0]
						}
					}
				},
				"leftarm": {
					"rotation": {
						"vector": [0, 0, 0]
					},
					"position": {
						"vector": [5.13136, -9.03465, 4.28006]
					},
					"scale": {
						"vector": [1.5, 1.5, 1.5]
					}
				},
				"action": {
					"position": {
						"0.0": {
							"vector": [0, 0, 0]
						},
						"0.0333": {
							"vector": [0, 0, 4.575]
						},
						"0.0667": {
							"vector": [0, 0, 0]
						}
					}
				},
				"_camera_": {
					"rotation": {
						"0.0": {
							"vector": [0, 0, 0]
						},
						"0.0667": {
							"vector": [-1.5, 0.2058, 0.24368]
						},
						"0.1667": {
							"vector": [-0.8, 0.00881, 0.03637]
						},
						"0.2667": {
							"vector": [-0.3, 0.15145, -0.19968]
						},
						"0.45": {
							"vector": [0, 0, 0],
							"easing": "easeOutSine"
						}
					}
				}
			}
		},
		"animation.model.fire2": {
			"loop": true,
			"animation_length": 0.45,
			"bones": {
				"main": {
					"rotation": {
						"0.0": {
							"vector": [0, 0, 0]
						},
						"0.05": {
							"vector": [-3.8, 0.01907, 1.8599]
						},
						"0.1833": {
							"vector": [-1.50083, 0.03053, 1.26369]
						},
						"0.3333": {
							"vector": [0.2526, -0.0175, -1.05186],
							"easing": "easeOutSine"
						},
						"0.45": {
							"vector": [0, 0, 0],
							"easing": "easeInOutSine"
						}
					},
					"position": {
						"0.0": {
							"vector": [0, 0, 0]
						},
						"0.0667": {
							"vector": [0.00005, 0.364, 2.765],
							"easing": "easeInOutQuad"
						},
						"0.1833": {
							"vector": [0.0019, -0.27466, -0.40038],
							"easing": "easeInOutSine"
						},
						"0.3": {
							"vector": [0, 0, 0.5],
							"easing": "easeOutSine"
						},
						"0.45": {
							"vector": [0, 0, 0],
							"easing": "linear"
						}
					}
				},
				"slide": {
					"position": {
						"0.0": {
							"vector": [0, 0, 0]
						},
						"0.05": {
							"vector": [0, 0, 5.5]
						},
						"0.1": {
							"vector": [0, 0, 0]
						}
					}
				},
				"hammer": {
					"rotation": {
						"0.0": {
							"vector": [0, 0, 0]
						},
						"0.0167": {
							"vector": [48.25, 0, 0]
						},
						"0.0667": {
							"vector": [0, 0, 0]
						}
					}
				},
				"flap": {
					"rotation": {
						"0.0": {
							"vector": [0, 0, 0]
						},
						"0.05": {
							"vector": [0, 0, -29]
						},
						"0.1333": {
							"vector": [0, 0, 8.75]
						},
						"0.2167": {
							"vector": [0, 0, 0]
						}
					},
					"position": {
						"vector": [0, 0, 0]
					}
				},
				"flap2": {
					"rotation": {
						"0.0": {
							"vector": [0, 0, 0]
						},
						"0.05": {
							"vector": [-0.0126, -0.14715, 28.49964]
						},
						"0.1333": {
							"vector": [0.01563, -0.04874, -7.99984]
						},
						"0.2167": {
							"vector": [0, 0, 0]
						}
					},
					"position": {
						"vector": [0, 0, 0]
					}
				},
				"flap3": {
					"rotation": {
						"0.0": {
							"vector": [0, 0, 0]
						},
						"0.0667": {
							"vector": [-0.05114, 0.12795, -48.74987]
						},
						"0.15": {
							"vector": [-0.00069, 0.01744, 1.99992]
						},
						"0.2333": {
							"vector": [0, 0, 0]
						}
					},
					"position": {
						"vector": [0, 0, 0]
					}
				},
				"bullet2": {
					"rotation": {
						"0.0": {
							"vector": [0, 0, 0]
						},
						"0.0667": {
							"vector": [-0.0025, -0.0779, 26.99989]
						},
						"0.1167": {
							"vector": [-0.00704, 0.02449, 6.24995]
						},
						"0.2": {
							"vector": [0, 0, 0]
						}
					},
					"position": {
						"0.0": {
							"vector": [0, 0, 0]
						},
						"0.0667": {
							"vector": [0.03383, 0.72464, -0.0021]
						},
						"0.1167": {
							"vector": [0.12691, -0.17362, -0.00066]
						},
						"0.2": {
							"vector": [0, 0, 0]
						}
					}
				},
				"bullet3": {
					"rotation": {
						"0.0": {
							"vector": [0, 0, 0]
						},
						"0.0667": {
							"vector": [-0.02776, -0.01866, 11.49996]
						},
						"0.1167": {
							"vector": [-0.02877, -0.03823, -11.74989]
						},
						"0.2167": {
							"vector": [0, 0, 0]
						}
					},
					"position": {
						"0.0": {
							"vector": [0, 0, 0]
						},
						"0.0667": {
							"vector": [1.23587, 0.88501, -0.00241]
						},
						"0.1167": {
							"vector": [0.05192, -0.17444, -0.00069]
						},
						"0.2167": {
							"vector": [0, 0, 0]
						}
					}
				},
				"bullet4": {
					"rotation": {
						"vector": [0, 0, 0]
					},
					"position": {
						"0.0": {
							"vector": [0, 0, 0]
						},
						"0.0667": {
							"vector": [2.6748, -0.03258, 0.00045]
						},
						"0.1167": {
							"vector": [0, 0, 0]
						}
					}
				},
				"belt1": {
					"rotation": {
						"0.0": {
							"vector": [0, 0, 0]
						},
						"0.05": {
							"vector": [0, 0, -11.75]
						},
						"0.1333": {
							"vector": [0, 0, 8.25]
						},
						"0.2167": {
							"vector": [0, 0, 0]
						}
					},
					"position": {
						"0.0": {
							"vector": [0, 0, 0]
						},
						"0.05": {
							"vector": [0.00398, 0.19996, -0.00105]
						},
						"0.1333": {
							"vector": [0.00327, 0.02503, -0.00112]
						},
						"0.2167": {
							"vector": [0, 0, 0]
						}
					}
				},
				"belt2": {
					"rotation": {
						"0.0": {
							"vector": [0, 0, 0]
						},
						"0.05": {
							"vector": [-3.5, 0, -13]
						},
						"0.1333": {
							"vector": [0, 0, 11]
						},
						"0.2167": {
							"vector": [0, 0, 0]
						}
					},
					"position": {
						"0.0": {
							"vector": [0, 0, 0]
						},
						"0.05": {
							"vector": [0.23687, 0.5971, 0.32189]
						},
						"0.1333": {
							"vector": [0, 0, 0]
						},
						"0.2167": {
							"vector": [0, 0, 0]
						}
					}
				},
				"belt3": {
					"rotation": {
						"0.0": {
							"vector": [0, 0, 0]
						},
						"0.05": {
							"vector": [0.97087, -4.44167, 8.64158]
						},
						"0.1333": {
							"vector": [-20.43898, -5.97893, 14.90361]
						},
						"0.2167": {
							"vector": [0, 0, 0]
						}
					},
					"position": {
						"0.0": {
							"vector": [0, 0, 0]
						},
						"0.05": {
							"vector": [0.9912, 0.80752, 0.39584]
						},
						"0.1333": {
							"vector": [0, 0, 0]
						},
						"0.2167": {
							"vector": [0, 0, 0]
						}
					}
				},
				"belt4": {
					"rotation": {
						"0.0": {
							"vector": [0, 0, 0]
						},
						"0.05": {
							"vector": [18.2052, 8.40348, -16.77435]
						},
						"0.1333": {
							"vector": [-17.95411, -3.14771, 17.13248]
						},
						"0.2167": {
							"vector": [0, 0, 0]
						}
					},
					"position": {
						"0.0": {
							"vector": [0, 0, 0]
						},
						"0.05": {
							"vector": [0.64378, 0.93736, -0.00487]
						},
						"0.1333": {
							"vector": [0.00269, -0.15173, 0.27404]
						},
						"0.2167": {
							"vector": [0, 0, 0]
						}
					}
				},
				"leftarm": {
					"rotation": {
						"vector": [0, 0, 0]
					},
					"position": {
						"vector": [5.13136, -9.03465, 4.28006]
					},
					"scale": {
						"vector": [1.5, 1.5, 1.5]
					}
				},
				"action": {
					"position": {
						"0.0": {
							"vector": [0, 0, 0]
						},
						"0.0333": {
							"vector": [0, 0, 4.575]
						},
						"0.0667": {
							"vector": [0, 0, 0]
						}
					}
				},
				"_camera_": {
					"rotation": {
						"0.0": {
							"vector": [0, 0, 0]
						},
						"0.0667": {
							"vector": [-1.5, 0.2058, 0.24368]
						},
						"0.1667": {
							"vector": [-0.8, 0.00881, 0.03637]
						},
						"0.2667": {
							"vector": [-0.3, 0.15145, -0.19968]
						},
						"0.45": {
							"vector": [0, 0, 0],
							"easing": "easeOutSine"
						}
					}
				}
			}
		},
		"animation.model.inspect": {
			"loop": true,
			"animation_length": 4.6667,
			"bones": {
				"main": {
					"rotation": {
						"0.0": {
							"vector": [0, 0, 0]
						},
						"0.3833": {
							"vector": [-29.44262, -26.18546, -34.23932],
							"easing": "easeInOutSine"
						},
						"0.5833": {
							"vector": [-25.66355, -30.15715, -39.48985],
							"easing": "easeInOutSine"
						},
						"0.75": {
							"vector": [-26.20197, -29.09604, -36.88538]
						},
						"0.9833": {
							"vector": [-25.16868, -30.1749, -39.48015]
						},
						"1.15": {
							"vector": [-25.56019, -29.85361, -38.69749]
						},
						"1.6333": {
							"vector": [-14.78743, -30.13708, -53.55024],
							"easing": "easeInOutSine"
						},
						"1.8833": {
							"vector": [-17.48553, -28.03441, -48.28909]
						},
						"2.1167": {
							"vector": [-16.58345, -28.54551, -50.19041]
						},
						"2.35": {
							"vector": [-17.54583, -27.99736, -48.15965]
						},
						"2.5667": {
							"vector": [-17.23061, -28.18358, -48.83013]
						},
						"2.8333": {
							"vector": [-17.61225, -27.95903, -48.01913]
						},
						"3.05": {
							"vector": [-17.54583, -27.99736, -48.15965]
						},
						"3.2167": {
							"vector": [-17.23061, -28.18358, -48.83013]
						},
						"3.6167": {
							"vector": [1.29513, -2.23184, 7.3213],
							"easing": "easeInOutSine"
						},
						"3.7333": {
							"vector": [0.21819, 0.65002, -0.83344],
							"easing": "easeOutSine"
						},
						"3.8667": {
							"vector": [-0.0691, 0.03793, 0.70671],
							"easing": "easeInOutSine"
						},
						"3.9667": {
							"vector": [0, 0, 0],
							"easing": "easeOutSine"
						}
					},
					"position": {
						"0.0": {
							"vector": [0, 0, 0]
						},
						"0.2833": {
							"vector": [0, 3.875, 0],
							"easing": "easeInOutSine"
						},
						"0.4833": {
							"vector": [0, 1.925, 0],
							"easing": "easeInOutSine"
						},
						"0.6667": {
							"vector": [0, 2.925, 0],
							"easing": "easeInOutSine"
						},
						"0.9": {
							"vector": [0, 2.82, 0]
						},
						"1.1333": {
							"vector": [0, 2.945, -0.3],
							"easing": "easeInSine"
						},
						"1.8167": {
							"vector": [-0.075, 6.67, -3.05],
							"easing": "easeInOutSine"
						},
						"2.0": {
							"vector": [0, 6.97, -3.25],
							"easing": "easeOutSine"
						},
						"2.2167": {
							"vector": [0.075, 6.72, -3.25]
						},
						"2.5": {
							"vector": [0, 6.845, -3.25],
							"easing": "easeInOutSine"
						},
						"2.7833": {
							"vector": [0.075, 6.97, -3.25]
						},
						"3.0667": {
							"vector": [0, 6.145, -3.25],
							"easing": "easeInOutSine"
						},
						"3.5167": {
							"vector": [-0.45769, -3.97624, 0.71444],
							"easing": "easeInSine"
						},
						"3.6833": {
							"vector": [-0.23454, 0.39659, -1.87259],
							"easing": "easeInOutSine"
						},
						"3.85": {
							"vector": [-0.00373, -0.62498, -0.10042],
							"easing": "easeInOutSine"
						},
						"3.9667": {
							"vector": [0, 0, 0],
							"easing": "easeInOutSine"
						}
					}
				},
				"rightarm": {
					"rotation": {
						"0.0": {
							"vector": [0, 0, 0]
						},
						"0.25": {
							"vector": [0.02105, -16.84578, -5.38243]
						},
						"1.4167": {
							"vector": [0.02105, -16.84578, -5.38243]
						},
						"1.7": {
							"vector": [4.77105, -16.84578, -5.38243]
						},
						"3.3667": {
							"vector": [4.77105, -16.84578, -5.38243]
						},
						"3.6167": {
							"vector": [0, 0, 0]
						}
					},
					"position": {
						"0.0": {
							"vector": [0, 0, 0]
						},
						"0.25": {
							"vector": [-7.12233, -1.49334, 5.28973]
						},
						"1.4167": {
							"vector": [-7.12233, -1.49334, 5.28973]
						},
						"1.7": {
							"vector": [-7.21934, 1.50805, 5.61884]
						},
						"3.3667": {
							"vector": [-7.21934, 1.50805, 5.61884]
						},
						"3.6167": {
							"vector": [0, 0, 0]
						}
					},
					"scale": {
						"0.0": {
							"vector": [1, 1, 1]
						},
						"0.25": {
							"vector": [1.1, 1.3, 1.1]
						},
						"3.3667": {
							"vector": [1.1, 1.3, 1.1]
						},
						"3.6167": {
							"vector": [1, 1, 1]
						}
					}
				},
				"_camera_": {
					"rotation": {
						"0.0": {
							"vector": [0, 0, 0]
						},
						"0.3833": {
							"vector": [4.51311, 2.24746, 1.34202],
							"easing": "easeInOutSine"
						},
						"0.55": {
							"vector": [4.57467, 2.79371, -0.62326]
						},
						"0.7833": {
							"vector": [4.8606, 3.07513, 1.453]
						},
						"0.9833": {
							"vector": [4.90589, 3.43865, 0.44671]
						},
						"1.2167": {
							"vector": [5.51805, 3.49358, 1.44056],
							"easing": "easeInSine"
						},
						"1.7333": {
							"vector": [6.87716, 5.72449, 0.10108],
							"easing": "easeInOutSine"
						},
						"2.1333": {
							"vector": [6.9512, 5.6342, 0.8493]
						},
						"2.7167": {
							"vector": [6.95073, 5.63465, 0.84513]
						},
						"3.1333": {
							"vector": [6.87716, 5.72449, 0.10108],
							"easing": "easeInOutSine"
						},
						"3.5": {
							"vector": [1.24924, -0.00333, 0.0435],
							"easing": "easeInOutSine"
						},
						"3.6333": {
							"vector": [0.44082, -0.01767, 1.01624]
						},
						"3.8333": {
							"vector": [0, 0, 0],
							"easing": "easeOutSine"
						}
					}
				},
				"leftarm": {
					"rotation": {
						"0.0": {
							"vector": [0, 0, 0]
						},
						"0.3": {
							"vector": [137.03218, 14.44823, 69.32954]
						},
						"3.3833": {
							"vector": [137.03218, 14.44823, 69.32954]
						},
						"3.6167": {
							"vector": [0, 0, 0]
						}
					},
					"position": {
						"0.0": {
							"vector": [5.13136, -9.03465, 4.28006]
						},
						"0.3": {
							"vector": [15.28712, -3.0888, 55.36821]
						},
						"3.3833": {
							"vector": [15.28712, -3.0888, 55.36821]
						},
						"3.6167": {
							"vector": [5.13136, -9.03465, 4.28006]
						}
					},
					"scale": {
						"0.0": {
							"vector": [1.5, 1.5, 1.5]
						},
						"3.6167": {
							"vector": [1.5, 1.5, 1.5]
						}
					}
				}
			},
			"sound_effects": {
				"0.0": {
					"effect": "destiny_khvostov_first"
				},
				"1.0": {
					"effect": "inspect_turn"
				},
				"3.5333": {
					"effect": "destiny_khvostov_last"
				}
			}
		},
		"animation.model.running": {
			"loop": true,
			"animation_length": 0.55,
			"bones": {
				"main": {
					"rotation": {
						"0.0": {
							"vector": [-45.73004, -45.51603, 47.84347],
							"easing": "easeInOutSine"
						},
						"0.1167": {
							"vector": [-41.72079, -38.97288, 46.96651],
							"easing": "easeInSine"
						},
						"0.2333": {
							"vector": [-33.58957, -42.75622, 34.09655],
							"easing": "easeOutSine"
						},
						"0.3": {
							"vector": [-32.54411, -41.12922, 32.5326]
						},
						"0.4333": {
							"vector": [-33.3877, -44.05545, 39.00012],
							"easing": "easeInSine"
						},
						"0.55": {
							"vector": [-45.73004, -45.51603, 47.84347],
							"easing": "easeOutSine"
						}
					},
					"position": {
						"0.0": {
							"vector": [5, -6.125, 7.6]
						},
						"0.0667": {
							"vector": [4.925, -8.6, 6.68]
						},
						"0.1333": {
							"vector": [3.92, -11.12, 5.15]
						},
						"0.2333": {
							"vector": [2.85, -5.745, 2.7]
						},
						"0.3": {
							"vector": [2.85, -6.995, 2.7]
						},
						"0.35": {
							"vector": [3.135, -10.085, 3.11]
						},
						"0.4": {
							"vector": [3.87, -11.12, 5.02]
						},
						"0.5": {
							"vector": [5, -5.175, 7.6]
						},
						"0.55": {
							"vector": [5, -6.125, 7.6]
						}
					}
				}
			}
		},
		"animation.model.off_ground_sprinting": {
			"loop": true,
			"animation_length": 1.4,
			"bones": {
				"main": {
					"rotation": {
						"0.0": {
							"vector": [-45.73004, -45.51603, 47.84347]
						},
						"0.5667": {
							"vector": [-38.23656, -47.97887, 37.31939],
							"easing": "easeInOutSine"
						},
						"1.4": {
							"vector": [-45.73004, -45.51603, 47.84347],
							"easing": "easeOutSine"
						}
					},
					"position": {
						"0.0": {
							"vector": [6.22215, -9.19453, 1.11225]
						},
						"0.45": {
							"vector": [5.8231, -11.9065, -2.13736],
							"easing": "easeOutSine"
						},
						"0.8167": {
							"vector": [5.98889, -11.56303, -0.35977],
							"easing": "easeInOutSine"
						},
						"1.4": {
							"vector": [6.22215, -9.19453, 1.11225],
							"easing": "easeInSine"
						}
					}
				}
			}
		},
		"animation.model.runningstart": {
			"animation_length": 0.35,
			"bones": {
				"main": {
					"rotation": {
						"0.0": {
							"vector": [0, 0, 0]
						},
						"0.35": {
							"vector": [-45.73004, -45.51603, 47.84347],
							"easing": "easeInOutSine"
						}
					},
					"position": {
						"0.0": {
							"vector": [0, 0, 0]
						},
						"0.1667": {
							"vector": [5, -16.47, 8.11],
							"easing": "easeInSine"
						},
						"0.35": {
							"vector": [5, -6.125, 7.6]
						}
					}
				}
			}
		},
		"animation.model.runningend": {
			"animation_length": 0.5167,
			"bones": {
				"main": {
					"rotation": {
						"0.0": {
							"vector": [-45.73004, -45.51603, 47.84347]
						},
						"0.2833": {
							"vector": [0.5826, -2.79055, 2.63851],
							"easing": "easeInOutSine"
						},
						"0.4167": {
							"vector": [0.32388, 0.39763, -2.15014]
						},
						"0.5167": {
							"vector": [0, 0, 0]
						}
					},
					"position": {
						"0.0": {
							"vector": [5, -6.125, 7.6]
						},
						"0.1": {
							"vector": [3.7, -12.485, 0.5]
						},
						"0.3": {
							"vector": [0.4, 0, -2.6],
							"easing": "easeInOutSine"
						},
						"0.3667": {
							"vector": [0.16, -0.15, 0.6]
						},
						"0.4667": {
							"vector": [0, 0, 0]
						}
					}
				}
			}
		}
	},
	"geckolib_format_version": 2
}