{
  "credit": "Made with Blockbench",
  "parent": "builtin/entity",
  "texture_size": [
    64,
    64
  ],
  "display": {
    "thirdperson_righthand": {
      "translation": [
        0.25,
        -8,
        1
      ],
      "scale": [
        0.25,
        0.25,
        0.25
      ]
    },
    "thirdperson_lefthand": {
      "translation": [
        0.25,
        -8,
        1
      ],
      "scale": [
        0.25,
        0.25,
        0.25
      ]
    },
    "firstperson_righthand": {
      "rotation": [
        -35,
        11,
        3.5
      ],
      "translation": [
        1.5,
        -31,
        17
      ]
    },
    "firstperson_lefthand": {
      "rotation": [
        -35,
        11,
        3.5
      ],
      "translation": [
        1.5,
        -31,
        17
      ]
    },
    "ground": {
      "translation": [
        0,
        -13,
        -0.25
      ],
      "scale": [
        0.3,
        0.3,
        0.3
      ]
    },
    "gui": {
      "rotation": [
        164.05,
        50.42,
        -156.87
      ],
      "translation": [
        -8.75,
        -31,
        0
      ],
      "scale": [
        0.9,
        0.9,
        0.9
      ]
    },
    "fixed": {
      "rotation": [
        180,
        -90,
        180
      ],
      "translation": [
        -1.25,
        -21.75,
        -1
      ],
      "scale": [
        0.62,
        0.62,
        0.62
      ]
    }
  }
}