{
  "credit": "Made with Blockbench",
  "parent": "builtin/entity",
  "texture_size": [
    256,
    256
  ],
  "display": {
    "thirdperson_righthand": {
      "rotation": [
        75,
        45,
        0
      ],
      "translation": [
        0,
        2.5,
        0
      ],
      "scale": [
        0.24,
        0.24,
        0.24
      ]
    },
    "thirdperson_lefthand": {
      "rotation": [
        75,
        45,
        0
      ],
      "translation": [
        0,
        2.5,
        0
      ],
      "scale": [
        0.24,
        0.24,
        0.24
      ]
    },
    "firstperson_righthand": {
      "rotation": [
        0,
        45,
        0
      ],
      "scale": [
        0.3,
        0.3,
        0.3
      ]
    },
    "firstperson_lefthand": {
      "rotation": [
        0,
        45,
        0
      ],
      "scale": [
        0.3,
        0.3,
        0.3
      ]
    },
    "ground": {
      "translation": [
        0,
        2,
        -2.75
      ],
      "scale": [
        0.27,
        0.27,
        0.27
      ]
    },
    "gui": {
      "rotation": [
        90,
        66,
        44
      ],
      "translation": [
        -1.5,
        1.5,
        0
      ],
      "scale": [
        0.2,
        0.2,
        0.2
      ]
    },
    "fixed": {
      "rotation": [
        0,
        -90,
        0
      ],
      "translation": [
        2.75,
        0,
        0
      ],
      "scale": [
        0.5,
        0.5,
        0.5
      ]
    }
  }
}