{
  "loader": "forge:separate_transforms",
    "gui_light": "front",
    "base": 
{
  "credit": "Made with Blockbench",
  "parent": "builtin/entity",
  "texture_size": [
    128,
    128
  ],
  "display": {
    "thirdperson_righthand": {
      "translation": [
        -6,
        -6.5,
        6.5
      ],
      "scale": [
        0.5,
        0.5,
        0.5
      ]
    },
    "thirdperson_lefthand": {
      "translation": [
        -6,
        -6.5,
        6.5
      ],
      "scale": [
        0.5,
        0.5,
        0.5
      ]
    },
    "firstperson_righthand": {
      "translation": [
        -7.5,
        -19,
        -9.5
      ]
    },
    "firstperson_lefthand": {
      "translation": [
        -7.5,
        -19,
        -8
      ]
    },
    "ground": {
      "translation": [
        0,
        -2,
        7.5
      ],
      "scale": [
        0.3,
        0.3,
        0.3
      ]
    },
    "gui": {
      "rotation": [
        44,
        50,
        -40
      ],
      "translation": [
        4.25,
        -9.5,
        0
      ],
      "scale": [
        0.37,
        0.37,
        0.37
      ]
    },
    "fixed": {
      "rotation": [
        0,
        -90,
        0
      ],
      "translation": [
        -9.75,
        -5,
        0
      ],
      "scale": [
        0.37,
        0.37,
        0.37
      ]
    }
  }
},
"perspectives": {
 "gui": {
    "parent": "item/generated",
   "textures": {
     "layer0": "pointblank:item/whizzbangq.icon"
    }
  }
}
}