{
    "soltek_bullethit": {
        "sounds": [
            {
                "name": "pointblank:soltek_bullethit",
                "stream": false
            }
        ]
    },
    "soltek_soltact_grenade_leverclick": {
        "sounds": [
            {
                "name": "pointblank:soltek_soltact_grenade_leverclick",
                "stream": false
            }
        ]
    },
    "soltek_throwable_throw": {
        "sounds": [
            {
                "name": "pointblank:soltek_throwable_throw",
                "stream": false
            }
        ]
    },
    "soltek_fiddle_click": {
        "sounds": [
            {
                "name": "pointblank:soltek_fiddle_click",
                "stream": false
            }
        ]
    },
    "soltek_fiddle_clickfast": {
        "sounds": [
            {
                "name": "pointblank:soltek_fiddle_clickfast",
                "stream": false
            }
        ]
    },
    "soltek_fiddle_jostle": {
        "sounds": [
            {
                "name": "pointblank:soltek_fiddle_jostle",
                "stream": false
            }
        ]
    },
    "soltek_fiddle_jostleheavy": {
        "sounds": [
            {
                "name": "pointblank:soltek_fiddle_jostleheavy",
                "stream": false
            }
        ]
    },
    "soltek_fiddle_jostlelightspeedy": {
        "sounds": [
            {
                "name": "pointblank:soltek_fiddle_jostlelightspeedy",
                "stream": false
            }
        ]
    },
    "soltek_fiddle_jostlelong": {
        "sounds": [
            {
                "name": "pointblank:soltek_fiddle_jostlelong",
                "stream": false
            }
        ]
    },
    "soltek_fiddle_jostlequick": {
        "sounds": [
            {
                "name": "pointblank:soltek_fiddle_jostlequick",
                "stream": false
            }
        ]
    },
    "soltek_fiddle_jostlerepeated": {
        "sounds": [
            {
                "name": "pointblank:soltek_fiddle_jostlerepeated",
                "stream": false
            }
        ]
    },
    "soltek_fiddle_jostlesinglebolt": {
        "sounds": [
            {
                "name": "pointblank:soltek_fiddle_jostlesinglebolt",
                "stream": false
            }
        ]
    },
    "soltek_fiddle_jostlesmall": {
        "sounds": [
            {
                "name": "pointblank:soltek_fiddle_jostlesmall",
                "stream": false
            }
        ]
    },
    "soltek_fiddle_jostlesmaller": {
        "sounds": [
            {
                "name": "pointblank:soltek_fiddle_jostlesmaller",
                "stream": false
            }
        ]
    },
    "soltek_fiddle_slideback": {
        "sounds": [
            {
                "name": "pointblank:soltek_fiddle_slideback",
                "stream": false
            }
        ]
    },
    "soltek_fiddle_slideforward": {
        "sounds": [
            {
                "name": "pointblank:soltek_fiddle_slideforward",
                "stream": false
            }
        ]
    },
    "soltek_gun_loader": {
        "sounds": [
            {
                "name": "pointblank:soltek_gun_loader",
                "stream": false
            }
        ]
    },
    "soltek_preparefire": {
        "sounds": [
            {
                "name": "pointblank:soltek_preparefire",
                "stream": false
            }
        ]
    },
    "soltek_strumvalion_fire": {
        "sounds": [
            {
                "name": "pointblank:soltek_strumvalion_fire",
                "stream": false
            }
        ]
    },
    "soltek_strumvalion_closeclaw": {
        "sounds": [
            {
                "name": "pointblank:soltek_strumvalion_closeclaw",
                "stream": false
            }
        ]
    },
    "soltek_strumvalion_openclaw": {
        "sounds": [
            {
                "name": "pointblank:soltek_strumvalion_openclaw",
                "stream": false
            }
        ]
    },
    "soltek_strumvalion_magin": {
        "sounds": [
            {
                "name": "pointblank:soltek_strumvalion_magin",
                "stream": false
            }
        ]
    },
    "soltek_strumvalion_magout": {
        "sounds": [
            {
                "name": "pointblank:soltek_strumvalion_magout",
                "stream": false
            }
        ]
    },
    "soltek_strumvalion_pullback": {
        "sounds": [
            {
                "name": "pointblank:soltek_strumvalion_pullback",
                "stream": false
            }
        ]
    },
    "soltek_strumvalion_pullforward": {
        "sounds": [
            {
                "name": "pointblank:soltek_strumvalion_pullforward",
                "stream": false
            }
        ]
    },
    "soltek_strumvalion_premagin": {
        "sounds": [
            {
                "name": "pointblank:soltek_strumvalion_premagin",
                "stream": false
            }
        ]
    },
    "soltek_devastator_fire": {
        "sounds": [
            {
                "name": "pointblank:soltek_devastator_fire",
                "stream": false
            }
        ]
    },
    "soltek_devastator_premagin": {
        "sounds": [
            {
                "name": "pointblank:soltek_devastator_premagin",
                "stream": false
            }
        ]
    },
    "soltek_devastator_magin": {
        "sounds": [
            {
                "name": "pointblank:soltek_devastator_magin",
                "stream": false
            }
        ]
    },
    "soltek_devastator_magout": {
        "sounds": [
            {
                "name": "pointblank:soltek_devastator_magout",
                "stream": false
            }
        ]
    },
    "soltek_devastator_pullback": {
        "sounds": [
            {
                "name": "pointblank:soltek_devastator_pullback",
                "stream": false
            }
        ]
    },
    "soltek_devastator_pullforward": {
        "sounds": [
            {
                "name": "pointblank:soltek_devastator_pullforward",
                "stream": false
            }
        ]
    },
    "soltek_epslic_fire": {
        "sounds": [
            {
                "name": "pointblank:soltek_epslic_fire",
                "stream": false
            }
        ]
    },
    "soltek_epslic_click": {
        "sounds": [
            {
                "name": "pointblank:soltek_epslic_click",
                "stream": false
            }
        ]
    },
    "soltek_epslic_magin": {
        "sounds": [
            {
                "name": "pointblank:soltek_epslic_magin",
                "stream": false
            }
        ]
    },
    "soltek_epslic_magout": {
        "sounds": [
            {
                "name": "pointblank:soltek_epslic_magout",
                "stream": false
            }
        ]
    },
    "soltek_epslic_premagout": {
        "sounds": [
            {
                "name": "pointblank:soltek_epslic_premagout",
                "stream": false
            }
        ]
    },
    "soltek_epslic_pullback": {
        "sounds": [
            {
                "name": "pointblank:soltek_epslic_pullback",
                "stream": false
            }
        ]
    },
    "soltek_epslic_pullforward": {
        "sounds": [
            {
                "name": "pointblank:soltek_epslic_pullforward",
                "stream": false
            }
        ]
    },
    "soltek_epslic_pumpback": {
        "sounds": [
            {
                "name": "pointblank:soltek_epslic_pumpback",
                "stream": false
            }
        ]
    },
    "soltek_epslic_pumpforward": {
        "sounds": [
            {
                "name": "pointblank:soltek_epslic_pumpforward",
                "stream": false
            }
        ]
    },
    "soltek_hinjin_fire": {
        "sounds": [
            {
                "name": "pointblank:soltek_hinjin_fire",
                "stream": false
            }
        ]
    },
    "soltek_hinjin_holdin": {
        "sounds": [
            {
                "name": "pointblank:soltek_hinjin_holdin",
                "stream": false
            }
        ]
    },
    "soltek_hinjin_holdout": {
        "sounds": [
            {
                "name": "pointblank:soltek_hinjin_holdout",
                "stream": false
            }
        ]
    },
    "soltek_hinjin_magin": {
        "sounds": [
            {
                "name": "pointblank:soltek_hinjin_magin",
                "stream": false
            }
        ]
    },
    "soltek_zaraph_fire": {
        "sounds": [
            {
                "name": "pointblank:soltek_zaraph_fire",
                "stream": false
            }
        ]
    },
    "soltek_zaraph_clickclose": {
        "sounds": [
            {
                "name": "pointblank:soltek_zaraph_clickclose",
                "stream": false
            }
        ]
    },
    "soltek_zaraph_clickopen": {
        "sounds": [
            {
                "name": "pointblank:soltek_zaraph_clickopen",
                "stream": false
            }
        ]
    },
    "soltek_zaraph_loaded": {
        "sounds": [
            {
                "name": "pointblank:soltek_zaraph_loaded",
                "stream": false
            }
        ]
    },
    "soltek_zaraph_magin": {
        "sounds": [
            {
                "name": "pointblank:soltek_zaraph_magin",
                "stream": false
            }
        ]
    },
    "soltek_zaraph_magout": {
        "sounds": [
            {
                "name": "pointblank:soltek_zaraph_magout",
                "stream": false
            }
        ]
    },
    "soltek_whiplash_fire": {
        "sounds": [
            {
                "name": "pointblank:soltek_whiplash_fire",
                "stream": false
            }
        ]
    },
    "soltek_whiplash_leverback": {
        "sounds": [
            {
                "name": "pointblank:soltek_whiplash_leverback",
                "stream": false
            }
        ]
    },
    "soltek_whiplash_leverforward": {
        "sounds": [
            {
                "name": "pointblank:soltek_whiplash_leverforward",
                "stream": false
            }
        ]
    },
    "soltek_whiplash_portdown": {
        "sounds": [
            {
                "name": "pointblank:soltek_whiplash_portdown",
                "stream": false
            }
        ]
    },
    "soltek_whiplash_portup": {
        "sounds": [
            {
                "name": "pointblank:soltek_whiplash_portup",
                "stream": false
            }
        ]
    },
    "soltek_whiplash_boltin": {
        "sounds": [
            {
                "name": "pointblank:soltek_whiplash_boltin",
                "stream": false
            }
        ]
    },
    "soltek_whiplash_boltloaded": {
        "sounds": [
            {
                "name": "pointblank:soltek_whiplash_boltloaded",
                "stream": false
            }
        ]
    },
    "soltek_retinal_fire": {
        "sounds": [
            {
                "name": "pointblank:soltek_retinal_fire",
                "stream": false
            }
        ]
    },
    "soltek_retinal_portup": {
        "sounds": [
            {
                "name": "pointblank:soltek_retinal_portup",
                "stream": false
            }
        ]
    },
    "soltek_retinal_portdown": {
        "sounds": [
            {
                "name": "pointblank:soltek_retinal_portdown",
                "stream": false
            }
        ]
    },
    "soltek_retinal_magin": {
        "sounds": [
            {
                "name": "pointblank:soltek_retinal_magin",
                "stream": false
            }
        ]
    },
    "soltek_retinal_magout": {
        "sounds": [
            {
                "name": "pointblank:soltek_retinal_magout",
                "stream": false
            }
        ]
    },
    "soltek_retinal_leverforward": {
        "sounds": [
            {
                "name": "pointblank:soltek_retinal_leverforward",
                "stream": false
            }
        ]
    },
    "soltek_retinal_leverback": {
        "sounds": [
            {
                "name": "pointblank:soltek_retinal_leverback",
                "stream": false
            }
        ]
    },
    "soltek_retinal_charge": {
        "sounds": [
            {
                "name": "pointblank:soltek_retinal_charge",
                "stream": false
            }
        ]
    },
    "soltek_stryker_fire": {
        "sounds": [
            {
                "name": "pointblank:soltek_stryker_fire",
                "stream": false
            }
        ]
    },
    "soltek_stryker_click": {
        "sounds": [
            {
                "name": "pointblank:soltek_stryker_click",
                "stream": false
            }
        ]
    },
    "soltek_stryker_load": {
        "sounds": [
            {
                "name": "pointblank:soltek_stryker_load",
                "stream": false
            }
        ]
    },
    "soltek_stryker_magfind": {
        "sounds": [
            {
                "name": "pointblank:soltek_stryker_magfind",
                "stream": false
            }
        ]
    },
    "soltek_stryker_pullback": {
        "sounds": [
            {
                "name": "pointblank:soltek_stryker_pullback",
                "stream": false
            }
        ]
    },
    "soltek_stryker_pullforward": {
        "sounds": [
            {
                "name": "pointblank:soltek_stryker_pullforward",
                "stream": false
            }
        ]
    },
    "soltek_stryker_unload": {
        "sounds": [
            {
                "name": "pointblank:soltek_stryker_unload",
                "stream": false
            }
        ]
    },
    "soltek_azuris_fire": {
        "sounds": [
            {
                "name": "pointblank:soltek_azuris_fire",
                "stream": false
            }
        ]
    },
    "soltek_azuris_click": {
        "sounds": [
            {
                "name": "pointblank:soltek_azuris_click",
                "stream": false
            }
        ]
    },
    "soltek_azuris_clickclose": {
        "sounds": [
            {
                "name": "pointblank:soltek_azuris_clickclose",
                "stream": false
            }
        ]
    },
    "soltek_azuris_exaust": {
        "sounds": [
            {
                "name": "pointblank:soltek_azuris_exaust",
                "stream": false
            }
        ]
    },
    "soltek_azuris_idleexaust": {
        "sounds": [
            {
                "name": "pointblank:soltek_azuris_idleexaust",
                "stream": false
            }
        ]
    },
    "soltek_azuris_discharge": {
        "sounds": [
            {
                "name": "pointblank:soltek_azuris_discharge",
                "stream": false
            }
        ]
    },
    "soltek_azuris_holderclose": {
        "sounds": [
            {
                "name": "pointblank:soltek_azuris_holderclose",
                "stream": false
            }
        ]
    },
    "soltek_azuris_holderopen": {
        "sounds": [
            {
                "name": "pointblank:soltek_azuris_holderopen",
                "stream": false
            }
        ]
    },
    "soltek_azuris_insertcharge": {
        "sounds": [
            {
                "name": "pointblank:soltek_azuris_insertcharge",
                "stream": false
            }
        ]
    },
    "soltek_azuris_throw": {
        "sounds": [
            {
                "name": "pointblank:soltek_azuris_throw",
                "stream": false
            }
        ]
    },
    "soltek_azuris_charge": {
        "sounds": [
            {
                "name": "pointblank:soltek_azuris_charge",
                "stream": false
            }
        ]
    },
    "soltek_azuris_explosion": {
        "sounds": [
            {
                "name": "pointblank:soltek_azuris_explosion",
                "stream": false
            }
        ]
    },
    "soltek_light_breacher_fire": {
        "sounds": [
            {
                "name": "pointblank:soltek_light_breacher_fire",
                "stream": false
            }
        ]
    },
    "soltek_light_breacher_shardthrow": {
        "sounds": [
            {
                "name": "pointblank:soltek_light_breacher_shardthrow",
                "stream": false
            }
        ]
    },
    "soltek_light_breacher_foleyside": {
        "sounds": [
            {
                "name": "pointblank:soltek_light_breacher_foleyside",
                "stream": false
            }
        ]
    },
    "soltek_light_breacher_load": {
        "sounds": [
            {
                "name": "pointblank:soltek_light_breacher_load",
                "stream": false
            }
        ]
    },
    "soltek_whiplash_charge": {
        "sounds": [
            {
                "name": "pointblank:soltek_whiplash_charge",
                "stream": false
            }
        ]
    }
}