{
  "name" : "sky_avt40",
  "type": "Gun",
  "compatibleAmmo" : ["ammocreative", "sky_76254ammo"],
  "damage" : 4,
  "maxAmmoCapacity" : 15,  
  "rpm" : 750,
  "muzzleFlashScale" : 1,
  "fireModes" : ["AUTOMATIC", "BURST"],
  "fireSound" : "sky_svt",
  "aimingZoom" : 0.25,
  "gunRecoilInitialAmplitude" : 1.6,
  "shakeRecoilAmplitude" : 1.2,
  "thirdPersonFallbackAnimations": "sky_svtplayer",
  "shakeRecoilSpeed" : 1.3,
  "viewRecoilAmplitude" : 0.9,
  "phasedReloads": [
    {
      "phase": "RELOADING",
      "condition": "reloadIterationIndex == 0",
      "duration": 5170,
      "animation": "animation.model.reloadempty"
    },
    {
      "phase": "RELOADING",
      "condition": "reloadIterationIndex > 0",
      "duration": 3800,
      "animation": "animation.model.reload"				
    }
],
"compatibleAttachments": [
 "sky_ergonomickit_svt40",
 "sky_svtupper",
 "sky_svt40camoflauge"
 ],
 "idleAnimations": [
 {
 "name": "animation.model.idle1",
 "duration": 2670,
 "condition":  "ammoCount > 0"	
 },
 {
 "name": "animation.model.idle2",
 "duration": 2670, 
 "condition":  "ammoCount > 0"	 
 },
 {
 "name": "animation.model.idleempty1",
 "duration": 2670, 
 "condition":  "ammoCount == 0"	 
 }, 
 {
 "name": "animation.model.idleempty2",
 "duration": 2670, 
 "condition":  "ammoCount == 0" 
 }
 ],
 "fireAnimations": [
 {
 "name": "animation.model.fire1",
 "duration": 500,
 "condition": "ammoCount >= 1"
 },
 {
 "name": "animation.model.fire2",
 "duration": 500,
 "condition": "ammoCount >= 1"
 },
 {
 "name": "animation.model.fire3",
 "duration": 500,
 "condition": "ammoCount >= 1"
 },
 {
 "name": "animation.model.firelast1",
 "duration": 800,
 "condition": "ammoCount == 0"
 },
 {
 "name": "animation.model.firelast2",
 "duration": 800,
 "condition": "ammoCount == 0"
 },
 {
 "name": "animation.model.firelast3",
 "duration": 800,
 "condition": "ammoCount == 0"
 }  
 ],
  "inspectAnimations": [
  {
  "name": "animation.model.inspect",
 "duration": 4300,
 "condition": "ammoCount > 0" 
  },
  {
 "name": "animation.model.inspectempty",
 "duration": 4530,
 "condition": "ammoCount == 0"
  }
  ],
  "drawAnimations": [
  {
 "name": "animation.model.draw",
 "duration": 1230,
"condition": "ammoCount > 0" 
  },
  {
 "name": "animation.model.drawempty",
"condition": "ammoCount == 0",
 "duration": 1230
  }  
 ],
  "features": [  
    {
 "type": "PartVisibility",
 "parts": [
 {
 "name": "krishka",
 "visible": false,
 "condition": { 
     "hasAttachment": "sky_svtupper" 
 }
 }, 
 {
 "name": "rolik",
 "visible": false,
 "condition": { 
     "doesNotHaveAttachment": "sky_ergonomickit_svt40" 
 }
 },
 {
 "name": "camoflaugepart1",
 "visible": false,
 "condition": { 
     "doesNotHaveAttachment": "sky_svt40camoflauge" 
 }
 }
 ] 
 },
    {
        "type": "Recoil",
        "recoilModifier": 0.6,
 "condition": {
   "allOf": [
   {
     "doesNotHaveAttachment": "sky_svtsilencer"
   }  
   ]
  }
  }, 
 {
 "type": "Accuracy",
 "accuracyModifier": 1.3
 },  
 {
  "type": "MuzzleFlash",
  "effects": [
        {
                   "phase": "firing",
                   "name": "muzzle_flash"
        },
		{
                   "phase": "firing",
                   "name": "sky_shell_smoke"
        },
        {
                   "phase": "hit_scan_acquired",
                   "name": "tracerminigun"
        }			
  ],
"condition": {
 "allOf": [
 {
 "isUsingDefaultMuzzle": true
 },
 {
 "doesNotHaveAttachment": "sky_svtsilencer"
 }
 ]
 }
 }  
]
}