{
  "name" : "sky_qbb95",
  "type": "Gun",
  "maxAmmoCapacity" : 80,
  "compatibleAmmo" : ["ammocreative", "sky_5842ammo"],
  "damage" : 3.5,
  "rpm" : 650,
  "muzzleFlashScale" : 1,
  "fireModes" : ["AUTOMATIC", "SINGLE"],
  "fireSound" : "sky_qbbxx",
  "aimingZoom" : 0.25,
  "gunRecoilInitialAmplitude" : 1.8,
  "shakeRecoilAmplitude" : 1.3,
  "thirdPersonFallbackAnimations": "sky_qbz95player",
  "shakeRecoilSpeed" : 1.25,
  "viewRecoilAmplitude" : 1.8,
  "phasedReloads": [
    {
      "phase": "RELOADING",
      "condition": "reloadIterationIndex == 0",
      "duration": 3670,
      "animation": "animation.model.reloadempty"
    },
    {
      "phase": "RELOADING",
      "condition": "reloadIterationIndex > 0",
      "duration": 2570,
      "animation": "animation.model.reload"				
    }
],
 "compatibleAttachmentGroups": [
  	"qbz_suppressor",
  	"qbz_uppers"
 ], 
 "enableFireModeAnimations": [
 {
 "name": "animation.model.changefire",
 "duration": 1170,
 "condition": "ammoCount > 0"
 },
 {
 "name": "animation.model.changefireempty",
 "duration": 1170,
 "condition": "ammoCount == 0"
 }
 ], 
 "idleAnimations": [
 {
 "name": "animation.model.idle",
 "duration": 10000,
 "condition":  "ammoCount > 0"	
 },
 {
 "name": "animation.model.idle2",
 "duration": 10000, 
 "condition":  "ammoCount > 0"	 
 },
 {
 "name": "animation.model.idleempty",
 "duration": 10000, 
 "condition":  "ammoCount == 0"	 
 }, 
 {
 "name": "animation.model.idle2empty",
 "duration": 10000, 
 "condition":  "ammoCount == 0" 
 }
 ], 
 "fireAnimations": [
 {
 "name": "animation.model.fire1",
 "duration": 330
 },
 {
 "name": "animation.model.fire2",
 "duration": 330
 },
 {
 "name": "animation.model.fire3",
 "duration": 330
 },
 {
 "name": "animation.model.firelast1",
 "duration": 330,
 "condition": "ammoCount == 0"
 },
 {
 "name": "animation.model.firelast2",
 "duration": 330,
 "condition": "ammoCount == 0"
 },
 {
 "name": "animation.model.firelast3",
 "duration": 330,
 "condition": "ammoCount == 0"
 }  
 ],
  "inspectAnimations": [
  {
  "name": "animation.model.inspect1",
 "duration": 2930,
 "condition": "ammoCount > 0" 
  },
  {
 "name": "animation.model.inspect2empty",
 "duration": 3930,
 "condition": "ammoCount == 0"
  },
  {
 "name": "animation.model.inspect3",
 "duration": 3400,
 "condition": {
	 "allOf": [
	 "ammoCount > 0",
	 {
		 "hasAttachment": "sky_qbb95optic"
	 }
	 ]
 }
  },
  {
 "name": "animation.model.inspect3empty",
 "duration": 3400,
 "condition": {
	 "allOf": [
	 "ammoCount == 0",
	 {
		 "hasAttachment": "sky_qbb95optic"
	 }
	 ]
 }
  }  
  ],
  "drawAnimations": [
  {
 "name": "animation.model.draw",
 "duration": 870,
"condition": "ammoCount > 0" 
  },
  {
 "name": "animation.model.drawempty",
"condition": "ammoCount == 0",
 "duration": 870
  },
  {
 "name": "animation.model.drawoptic",
"condition": "ammoCount > 0",
 "duration": 930
  },
  {
 "name": "animation.model.drawopticempty",
"condition": "ammoCount == 0",
 "duration": 930
  }   
 ],
  "features": [
    {
 "type": "PartVisibility",
 "parts": [
 {
 "name": "upper1",
 "visible": true,
 "condition": { 
     "doesNotHaveAttachment": "sky_qbb95upper" 
 }
 }
 ]
 },
    {
        "type": "Recoil",
        "recoilModifier": 0.6,
 "condition": {
   "allOf": [
   {
     "doesNotHaveAttachmentGroup": "qbz_suppressor"
   }  
   ]
  }
  }, 
 {
 "type": "Accuracy",
 "accuracyModifier": 1.3
 },  
 {
  "type": "MuzzleFlash",
  "effects": [
        {
                   "phase": "firing",
                   "name": "muzzle_flash"
        },
		{
                   "phase": "firing",
                   "name": "sky_shell_smoke"
        },
        {
                   "phase": "hit_scan_acquired",
                   "name": "tracerminigun"
        }			
  ],
"condition": {
 "allOf": [
 {
 "isUsingDefaultMuzzle": true
 },
 {
 "doesNotHaveAttachmentGroup": "qbz_suppressor"
 }
 ]
 }
 }  
]
}