{
 "name": "sky_jatimatic_barrelthreaded",
 "type": "Attachment",
 "category": "barrel",
 "groups": [
 "jatimatic_barrelthreaded" 
 ],
 "features": [
 {
  "type": "MuzzleFlash",
  "effects": [
        {
                   "phase": "hit_scan_acquired",
                   "name": "tracerminigun"
        }
  ]
 }, 
{
 "type": "Sound",
 "fireSound": "sky_jatimatic_silencer",
 "fireSoundVolume": 0.65
 },
 {
 "type": "Recoil",
 "recoilModifier": 0.75
 },
 {
 "type": "Accuracy",
 "accuracyModifier": 0.8
 }
 ]
}