{
  "name" : "sky_a545",
  "type": "Gun",
  "maxAmmoCapacity" : 30,
  "compatibleAmmo" : ["ammocreative", "ammo545"],
  "damage" : 2,
  "rpm" : 900,
  "burstShots": 3,
  "muzzleFlashScale" : 1,
  "fireModes" : ["AUTOMATIC", "SINGLE", "BURST"],
  "fireSound" : "sky_axxx",
  "aimingZoom" : 0.25,
  "thirdPersonFallbackAnimations": "sky_a545player",  
  "gunRecoilInitialAmplitude" : 0.6,
  "shakeRecoilAmplitude" : 0.6,
  "shakeRecoilSpeed" : 0.4,
  "viewRecoilAmplitude" : 0.4,
  "phasedReloads": [
    {
      "phase": "RELOADING",
      "duration": 3030,
      "animation": "animation.model.reloadempty",
      "condition": {
	  "allOf": [
      "reloadIterationIndex >= 0",	
	  {
		  "onEmptyReload": true
	  },	  
	  {
		 "doesNotHaveAttachment": "sky_mag60"
	  }
	  ]
	  }	  
    },
    {
      "phase": "RELOADING",
      "duration": 2400,
      "animation": "animation.model.reloadempty60",
      "condition": {
	  "allOf": [
      "reloadIterationIndex >= 0",	
	  {
		  "onEmptyReload": true
	  },	  
	  {
		 "hasAttachment": "sky_mag60"
	  }
	  ]
	  }	  
    },	
    {
      "phase": "RELOADING",
      "duration": 1730,
      "animation": "animation.model.reload",
      "condition": {
	  "allOf": [
      "reloadIterationIndex > 0",	
	  {
		  "onEmptyReload": false
	  },	  
	  {
		 "doesNotHaveAttachment": "sky_mag60"
	  }
	  ]
	  }		  
    },
    {
      "phase": "RELOADING",
      "duration": 1770,
      "animation": "animation.model.reload60",
      "condition": {
	  "allOf": [
	  "reloadIterationIndex > 0",
	  {
		  "onEmptyReload": false
	  },		  
	  {
		 "hasAttachment": "sky_mag60"
	  }
	  ]
	  }
    }	
  ],
"compatibleAttachments": [
 "cantedrail" 
 ],   
 "compatibleAttachmentGroups": [
  	"ar_sightsandscopes",
 "545muzzle",
 "545mag"
 ], 
 "idleAnimations": [
 {
 "name": "animation.model.idle1",
 "duration": 10000,
 "condition": {
	 "allOf": [
	 {
		  "doesNotHaveAttachment": "sky_mag60" 
	 }
 ]
 }	 
 },
 {
 "name": "animation.model.idle2",
 "duration": 10000, 
 "condition": {
	 "allOf": [
	 {
		  "hasAttachment": "sky_mag60"
	 }
 ]
 }
 },
 {
 "name": "animation.model.idle1_noammo",
 "duration": 10000, 
 "condition": {
	 "allOf": [
	 {
		  "onEmptyReload": true
	 }
 ]
 }	 
 }, 
 {
 "name": "animation.model.idle2_noammo",
 "duration": 10000, 
 "condition": {
	 "allOf": [
	 {
		  "onEmptyReload": true
	 }
 ]
 }	 
 },  
 {
 "name": "animation.model.idle1_mag60",
 "duration": 10000, 
 "condition": {
	 "allOf": [
	 {
		  "hasAttachment": "sky_mag60"
	 }
 ]
 }	 
 }, 
 {
 "name": "animation.model.idle2_mag60",
 "duration": 10000, 
 "condition": {
	 "allOf": [
	 {
		  "hasAttachment": "sky_mag60"
	 }
 ]
 }	 
 } 
 ], 
 "fireAnimations": [
 {
 "name": "animation.model.fire1",
 "duration": 270,
 "condition": "random"
 },
 {
 "name": "animation.model.fire2",
 "duration": 270,
 "condition": "random"
 },
 {
 "name": "animation.model.fire3",
 "duration": 270,
 "condition": "random"
 } 
 ],
  "inspectAnimations": [
  {
  "name": "animation.model.inspect1",
 "duration": 2170, 
 "condition": "ammoCount == 0"
  },
  {
 "name": "animation.model.inspect3",
 "duration": 3200,
 "condition": "ammoCount >= 1"
  }    
  ],
  "drawAnimations": [
  {
 "name": "animation.model.draw",
 "duration": 670
  }
 ],
  "features": [
    {
 "type": "PartVisibility",
 "parts": [
 {
 "name": "mag",
 "visible": false,
 "condition": {
 "hasAttachmentGroup": "545mag60"
 }
 },
 {
 "name": "dtkak",
 "visible": false,
 "condition": {
 "hasAttachmentGroup": "545muzzle"
 } 
 },
 {
 "name": "mag2",
 "visible": false,
 "condition": {
 "hasAttachmentGroup": "545mag60"
}
 }
 ]
 },
    {
        "type": "Recoil",
        "recoilModifier": 0.6,
 "condition": {
   "allOf": [
   {
     "doesNotHaveAttachmentGroup": "545suppresors"
   },
   {
     "doesNotHaveAttachmentGroup": "545muzzle"
   }   
   ]
  }
  },
 {
 "type": "Accuracy",
 "accuracyModifier": 1.3
 },  
 {
  "type": "MuzzleFlash",
  "effects": [
        {
                   "phase": "firing",
                   "name": "muzzle_flash"
        },
		{
                   "phase": "firing",
                   "name": "sky_shell_smoke"
        }			
  ],
"condition": {
 "allOf": [
 {
 "isUsingDefaultMuzzle": true
 },
 {
 "doesNotHaveAttachmentGroup": "545suppresors"
 }
 ]
 }
 }  
]
}