{
  "name" : "sky_kampfpistole",
  "type": "Gun",
  "maxAmmoCapacity" : 1,
  "compatibleAmmo" : ["ammocreative", "sky_m24"],
  "damage" : 5.25,
  "rpm" : 105,
  "muzzleFlashScale" : 0.8,
  "fireModes" : ["SINGLE"],
  "fireSound" : "sky_kampfpistole_shoot",
  "thirdPersonFallbackAnimations": "sky_kampfpistoleplayer",  
  "aimingEnabled": false,
  "aimingZoom" : 0.25,
  "gunRecoilInitialAmplitude" : 2.4,
  "shakeRecoilAmplitude" : 1.2,
  "shakeRecoilSpeed" : 1.1,
  "viewRecoilAmplitude" : 2.8,
  "phasedReloads": [
    {
      "phase": "RELOADING",
      "condition": "reloadIterationIndex == 0",
      "duration": 1700,
      "animation": "animation.model.reload_rocket"
    }
  ],
  "idleAnimations": [ 
  {
 "name": "animation.model.idle",
 "condition": "ammoCount == 1",
 "duration": 10000
  },
  {
 "name": "animation.model.idle2",
 "condition": "ammoCount == 1",
 "duration": 10000
  },
  {
 "name": "animation.model.idleempty_rocket",
 "duration": 10000,
 "condition":  "ammoCount == 0"
  },
  {
 "name": "animation.model.idle2empty_rocket", 
 "duration": 10000,
 "condition":  "ammoCount == 0"
  }   
], 
 "fireAnimations": [
 {
 "name": "animation.model.fire1",
 "duration": 730,
 "condition": "random"
 },
 {
 "name": "animation.model.fire2",
 "duration": 730, 
 "condition": "random"
 },
 {
 "name": "animation.model.fire3",
 "duration": 730, 
 "condition": "random"
 }
 ],
  "inspectAnimations": [ 
  {
  "name": "animation.model.inspect1",
 "duration": 3630, 
 "condition": "ammoCount == 1"
  },
  {
 "name": "animation.model.inspect3rocket",
 "duration": 3130,
 "condition": "ammoCount == 1"
  },
  {
  "name": "animation.model.inspectempty",
 "duration": 3630, 
 "condition": "ammoCount == 0"
  }  
  ],
  "drawAnimations": [
  {
 "name": "animation.model.draw",
  "condition": "ammoCount == 1",
 "duration": 570
  },
  {
 "name": "animation.model.draw2",
  "condition": "ammoCount == 0",
 "duration": 570
  }  
 ],
  "features": [
    {
        "type": "Recoil",
        "recoilModifier": 0.6
  },
 {
 "type": "Accuracy",
 "accuracyModifier": 1.1
 },    
 {
  "type": "MuzzleFlash",
  "effects": [
		{
                   "phase": "firing",
                   "name": "sky_shell_smoke"
        }
  ]
 }  
]
}