{
 "name": "sky_svtsilencer",
 "type": "Attachment",
 "category": "muzzle",
 "groups": [
 "svtdylnik"
 ],
 "features": [
 {
  "type": "MuzzleFlash",
  "effects": [
        {
                   "phase": "hit_scan_acquired",
                   "name": "tracerminigun"
        }	
  ]
 },
{
 "type": "Sound",
 "fireSound": "sky_svtsilencer",
 "fireSoundVolume": 1.7
 },
 {
 "type": "Recoil",
 "recoilModifier": 0.9
 },
 {
 "type": "Accuracy",
 "accuracyModifier": 1.1
 }
 ]
}