{
 "name": "sky_545hexagon",
 "type": "Attachment",
 "category": "muzzle",
 "groups": [
 "545muzzle",
  "545suppresors" 
 ],
 "features": [
 {
  "type": "MuzzleFlash",
  "effects": [
        {
                   "phase": "hit_scan_acquired",
                   "name": "tracerminigun"
        }	
  ]
 }, 
{
 "type": "Sound",
 "fireSound": "sky_axxx_silencer",
 "fireSoundVolume": 1.75
 },
 {
 "type": "Recoil",
 "recoilModifier": 0.95
 },
 {
 "type": "Accuracy",
 "accuracyModifier": 1.25
 }
 ]
}