{
  "name" : "sky_jatimatic",
  "type": "Gun",
  "maxAmmoCapacity" : 40,
  "compatibleAmmo" : ["ammocreative", "ammo9mm"],
  "damage" : 2.8,
  "rpm" : 600,
  "muzzleFlashScale" : 0.8,
  "fireModes" : ["AUTOMATIC", "SINGLE"],
  "fireSound" : "sky_jatimatic",
  "aimingZoom" : 0.25,
  "thirdPersonFallbackAnimations": "sky_jatimaticplayer",   
  "gunRecoilInitialAmplitude" : 1.9,
  "shakeRecoilAmplitude" : 0.7,
  "shakeRecoilSpeed" : 1.2,
  "viewRecoilAmplitude" : 2.2,
  "phasedReloads": [
    {
      "phase": "RELOADING",
      "condition": "reloadIterationIndex == 0",
      "duration": 2000,
      "animation": "animation.model.reloadempty"
    },
    {
      "phase": "RELOADING",
      "condition": "reloadIterationIndex > 0",
      "duration": 1670,
      "animation": "animation.model.reload"				
    }
  ],
  "glowingParts": [
    {
      "name": "glowy",
      "texture": "textures/effect/sky_laserdot.png",
      "direction": "west"
    },
    {
      "name": "glowy2",
      "texture": "textures/effect/sky_laser.png",
      "direction": "west"
    }
  ],  
 "compatibleAttachmentGroups": [
 "jatimatic_only2",
 "jatimatic_barrelthreaded"
 ],
  "idleAnimations": [ 
  {
 "name": "animation.model.idle",
 "condition": "random",
 "duration": 10000
  },
  {
 "name": "animation.model.idle2",
 "condition": "random", 
 "duration": 10000
  } 
], 
 "fireAnimations": [
 {
 "name": "animation.model.fire",
 "duration": 250,
 "condition": "random"
 },
 {
 "name": "animation.model.fire2",
 "duration": 250, 
 "condition": "random"
 },
 {
 "name": "animation.model.fire3",
 "duration": 250, 
 "condition": "random"
 }
 ],
  "inspectAnimations": [
  {
  "name": "animation.model.inspectlaser",
 "duration": 2870, 
 "condition": "ammoCount >= 1"
  },
  {
 "name": "animation.model.inspectempty",
 "duration": 3700,
 "condition": "ammoCount == 0"
  } 
  ],
  "drawAnimations": [
  {
 "name": "animation.model.draw",
 "duration": 700,
 "condition": {
	 "allOf": [
	 {
		  "doesNotHaveAttachment": "sky_jatimatic_stock" 
	 }
 ]
 }	
  },
  {
 "name": "animation.model.drawstock",
 "duration": 700,
 "condition": {
	 "allOf": [
	 {
		  "hasAttachment": "sky_jatimatic_stock" 
	 }
 ]
 } 
  }  
 ],
  "features": [
    {
 "type": "PartVisibility",
 "parts": [
 {
 "name": "laser",
 "visible": true,
 "condition": {
 "hasAttachmentGroup":  "jatimatic_rail" 
 }
 }
 ]
 },  
    {
        "type": "Recoil",
        "recoilModifier": 0.6,
 "condition": {
   "allOf": [
   {
     "doesNotHaveAttachmentGroup": "jatimatic_only"
   },
   {
     "doesNotHaveAttachmentGroup": "jatimatic_only2"
   }   
   ]
  }
  },
  {
 "type": "Sound",
 "fireSound": "sky_jatimatic_silencer",
 "fireSoundVolume": 0.5,
 "condition": {
 "allOf": [
 {
 "hasAttachmentGroup": "ar_suppressors"
 },
 {
 "hasAttachmentGroup": "jatimatic_barrelthreaded"
 } 
 ]
 }
  },
 {
 "type": "Accuracy",
 "accuracyModifier": 1.5
 },    
 {
  "type": "MuzzleFlash",
  "effects": [
		{
                   "phase": "firing",
                   "name": "sky_shell_smoke_j"
        },		
        {
                   "phase": "firing",
                   "name": "muzzle_flash"
        },
        {
                   "phase": "hit_scan_acquired",
                   "name": "tracerminigun"
        }	
  ],
"condition": {
 "allOf": [
 {
 "isUsingDefaultMuzzle": true
 },
 {
 "doesNotHaveAttachmentGroup": "jatimatic_barrelthreaded"
 }
 ]
 }
 }  
]
}