{
	"format_version": "1.12.0",
	"minecraft:geometry": [
		{
			"description": {
				"identifier": "geometry.unknown",
				"texture_width": 16,
				"texture_height": 16,
				"visible_bounds_width": 2,
				"visible_bounds_height": 1.5,
				"visible_bounds_offset": [0, 0.25, 0]
			},
			"bones": [
				{
					"name": "bone",
					"pivot": [1, 0.825, 1],
					"rotation": [90, 0, 0],
					"cubes": [
						{
							"origin": [0.4, -2.45, 0.05],
							"size": [1.2, 0.35, 1.2],
							"pivot": [1, 1.225, 0.65],
							"rotation": [0, 95, 0],
							"uv": {
								"north": {"uv": [5, 0], "uv_size": [1, 1]},
								"east": {"uv": [1, 5], "uv_size": [1, 1]},
								"south": {"uv": [5, 1], "uv_size": [1, 1]},
								"west": {"uv": [2, 5], "uv_size": [1, 1]},
								"up": {"uv": [5, 2], "uv_size": [1, 1]},
								"down": {"uv": [3, 6], "uv_size": [1, -1]}
							}
						},
						{
							"origin": [0.5, -2.15, 0.15],
							"size": [1, 0.25, 1],
							"pivot": [1, 1.225, 0.65],
							"rotation": [0, 95, 0],
							"uv": {
								"north": {"uv": [5, 5], "uv_size": [1, 1]},
								"east": {"uv": [6, 0], "uv_size": [1, 1]},
								"south": {"uv": [1, 6], "uv_size": [1, 1]},
								"west": {"uv": [6, 1], "uv_size": [1, 1]},
								"up": {"uv": [2, 6], "uv_size": [1, 1]},
								"down": {"uv": [6, 3], "uv_size": [1, -1]}
							}
						},
						{
							"origin": [0.4, -1.9, 0.05],
							"size": [1.2, 3.75, 1.2],
							"pivot": [1, 1.225, 0.65],
							"rotation": [0, 95, 0],
							"uv": {
								"north": {"uv": [0, 0], "uv_size": [1, 5]},
								"east": {"uv": [1, 0], "uv_size": [1, 5]},
								"south": {"uv": [2, 0], "uv_size": [1, 5]},
								"west": {"uv": [3, 0], "uv_size": [1, 5]},
								"up": {"uv": [5, 3], "uv_size": [1, 1]},
								"down": {"uv": [5, 5], "uv_size": [1, -1]}
							}
						},
						{
							"origin": [0.5, 1.85, 0.15],
							"size": [1, 0.75, 1],
							"pivot": [1, 0.225, 0.65],
							"rotation": [0, 95, 0],
							"uv": {
								"north": {"uv": [3, 6], "uv_size": [1, 1]},
								"east": {"uv": [6, 3], "uv_size": [1, 1]},
								"south": {"uv": [4, 6], "uv_size": [1, 1]},
								"west": {"uv": [6, 4], "uv_size": [1, 1]},
								"up": {"uv": [5, 6], "uv_size": [1, 1]},
								"down": {"uv": [6, 6], "uv_size": [1, -1]}
							}
						},
						{
							"origin": [0.575, 2.6, 0.225],
							"size": [0.85, 2.25, 0.85],
							"pivot": [1, 0.225, 0.65],
							"rotation": [0, 95, 0],
							"uv": {
								"north": {"uv": [4, 0], "uv_size": [1, 2]},
								"east": {"uv": [4, 2], "uv_size": [1, 2]},
								"south": {"uv": [4, 4], "uv_size": [1, 2]},
								"west": {"uv": [0, 5], "uv_size": [1, 2]},
								"up": {"uv": [6, 6], "uv_size": [1, 1]},
								"down": {"uv": [0, 8], "uv_size": [1, -1]}
							}
						},
						{
							"origin": [0.4, -2.45, 0.375],
							"size": [1.2, 0.35, 1.2],
							"pivot": [1, 1.225, 0.975],
							"rotation": [-17.29096, 73.98064, 17.53619],
							"uv": {
								"north": {"uv": [5, 0], "uv_size": [1, 1]},
								"east": {"uv": [1, 5], "uv_size": [1, 1]},
								"south": {"uv": [5, 1], "uv_size": [1, 1]},
								"west": {"uv": [2, 5], "uv_size": [1, 1]},
								"up": {"uv": [5, 2], "uv_size": [1, 1]},
								"down": {"uv": [3, 6], "uv_size": [1, -1]}
							}
						},
						{
							"origin": [0.4, -1.9, 0.375],
							"size": [1.2, 3.75, 1.2],
							"pivot": [1, 1.225, 0.975],
							"rotation": [-17.29096, 73.98064, 17.53619],
							"uv": {
								"north": {"uv": [0, 0], "uv_size": [1, 5]},
								"east": {"uv": [1, 0], "uv_size": [1, 5]},
								"south": {"uv": [2, 0], "uv_size": [1, 5]},
								"west": {"uv": [3, 0], "uv_size": [1, 5]},
								"up": {"uv": [5, 3], "uv_size": [1, 1]},
								"down": {"uv": [5, 5], "uv_size": [1, -1]}
							}
						},
						{
							"origin": [0.5, -2.15, 0.475],
							"size": [1, 0.25, 1],
							"pivot": [1, 1.225, 0.975],
							"rotation": [-17.29096, 73.98064, 17.53619],
							"uv": {
								"north": {"uv": [5, 5], "uv_size": [1, 1]},
								"east": {"uv": [6, 0], "uv_size": [1, 1]},
								"south": {"uv": [1, 6], "uv_size": [1, 1]},
								"west": {"uv": [6, 1], "uv_size": [1, 1]},
								"up": {"uv": [2, 6], "uv_size": [1, 1]},
								"down": {"uv": [6, 3], "uv_size": [1, -1]}
							}
						},
						{
							"origin": [0.5, 1.85, 0.475],
							"size": [1, 0.75, 1],
							"pivot": [1, 1.225, 0.975],
							"rotation": [-17.29096, 73.98064, 17.53619],
							"uv": {
								"north": {"uv": [3, 6], "uv_size": [1, 1]},
								"east": {"uv": [6, 3], "uv_size": [1, 1]},
								"south": {"uv": [4, 6], "uv_size": [1, 1]},
								"west": {"uv": [6, 4], "uv_size": [1, 1]},
								"up": {"uv": [5, 6], "uv_size": [1, 1]},
								"down": {"uv": [6, 6], "uv_size": [1, -1]}
							}
						},
						{
							"origin": [0.575, 2.6, 0.55],
							"size": [0.85, 2.25, 0.85],
							"pivot": [1, 1.225, 0.975],
							"rotation": [-17.29096, 73.98064, 17.53619],
							"uv": {
								"north": {"uv": [4, 0], "uv_size": [1, 2]},
								"east": {"uv": [4, 2], "uv_size": [1, 2]},
								"south": {"uv": [4, 4], "uv_size": [1, 2]},
								"west": {"uv": [0, 5], "uv_size": [1, 2]},
								"up": {"uv": [6, 6], "uv_size": [1, 1]},
								"down": {"uv": [0, 8], "uv_size": [1, -1]}
							}
						},
						{
							"origin": [-3.65313, 0.96131, 0.07043],
							"size": [1.2, 0.35, 1.2],
							"pivot": [-3.05313, 4.13631, 0.67043],
							"rotation": [0.19777, 81.12561, 164.53648],
							"uv": {
								"north": {"uv": [5, 0], "uv_size": [1, 1]},
								"east": {"uv": [1, 5], "uv_size": [1, 1]},
								"south": {"uv": [5, 1], "uv_size": [1, 1]},
								"west": {"uv": [2, 5], "uv_size": [1, 1]},
								"up": {"uv": [5, 2], "uv_size": [1, 1]},
								"down": {"uv": [3, 6], "uv_size": [1, -1]}
							}
						},
						{
							"origin": [-3.65313, 1.51131, 0.07043],
							"size": [1.2, 3.75, 1.2],
							"pivot": [-3.05313, 4.13631, 0.67043],
							"rotation": [0.19777, 81.12561, 164.53648],
							"uv": {
								"north": {"uv": [0, 0], "uv_size": [1, 5]},
								"east": {"uv": [1, 0], "uv_size": [1, 5]},
								"south": {"uv": [2, 0], "uv_size": [1, 5]},
								"west": {"uv": [3, 0], "uv_size": [1, 5]},
								"up": {"uv": [5, 3], "uv_size": [1, 1]},
								"down": {"uv": [5, 5], "uv_size": [1, -1]}
							}
						},
						{
							"origin": [-3.55313, 1.26131, 0.17043],
							"size": [1, 0.25, 1],
							"pivot": [-3.05313, 4.13631, 0.67043],
							"rotation": [0.19777, 81.12561, 164.53648],
							"uv": {
								"north": {"uv": [5, 5], "uv_size": [1, 1]},
								"east": {"uv": [6, 0], "uv_size": [1, 1]},
								"south": {"uv": [1, 6], "uv_size": [1, 1]},
								"west": {"uv": [6, 1], "uv_size": [1, 1]},
								"up": {"uv": [2, 6], "uv_size": [1, 1]},
								"down": {"uv": [6, 3], "uv_size": [1, -1]}
							}
						},
						{
							"origin": [-3.55313, 5.26131, 0.17043],
							"size": [1, 0.75, 1],
							"pivot": [-3.05313, 4.13631, 0.67043],
							"rotation": [0.19777, 81.12561, 164.53648],
							"uv": {
								"north": {"uv": [3, 6], "uv_size": [1, 1]},
								"east": {"uv": [6, 3], "uv_size": [1, 1]},
								"south": {"uv": [4, 6], "uv_size": [1, 1]},
								"west": {"uv": [6, 4], "uv_size": [1, 1]},
								"up": {"uv": [5, 6], "uv_size": [1, 1]},
								"down": {"uv": [6, 6], "uv_size": [1, -1]}
							}
						},
						{
							"origin": [-3.47813, 6.01131, 0.24543],
							"size": [0.85, 2.25, 0.85],
							"pivot": [-3.05313, 4.13631, 0.67043],
							"rotation": [0.19777, 81.12561, 164.53648],
							"uv": {
								"north": {"uv": [4, 0], "uv_size": [1, 2]},
								"east": {"uv": [4, 2], "uv_size": [1, 2]},
								"south": {"uv": [4, 4], "uv_size": [1, 2]},
								"west": {"uv": [0, 5], "uv_size": [1, 2]},
								"up": {"uv": [6, 6], "uv_size": [1, 1]},
								"down": {"uv": [0, 8], "uv_size": [1, -1]}
							}
						},
						{
							"origin": [2.74687, 2.66131, 0.22043],
							"size": [0.85, 2.25, 0.85],
							"pivot": [3.17187, 0.78631, 0.64543],
							"rotation": [0, 7.25, -10.25],
							"uv": {
								"north": {"uv": [4, 0], "uv_size": [1, 2]},
								"east": {"uv": [4, 2], "uv_size": [1, 2]},
								"south": {"uv": [4, 4], "uv_size": [1, 2]},
								"west": {"uv": [0, 5], "uv_size": [1, 2]},
								"up": {"uv": [6, 6], "uv_size": [1, 1]},
								"down": {"uv": [0, 8], "uv_size": [1, -1]}
							}
						},
						{
							"origin": [2.67187, 1.91131, 0.14543],
							"size": [1, 0.75, 1],
							"pivot": [3.17187, 0.78631, 0.64543],
							"rotation": [0, 7.25, -10.25],
							"uv": {
								"north": {"uv": [3, 6], "uv_size": [1, 1]},
								"east": {"uv": [6, 3], "uv_size": [1, 1]},
								"south": {"uv": [4, 6], "uv_size": [1, 1]},
								"west": {"uv": [6, 4], "uv_size": [1, 1]},
								"up": {"uv": [5, 6], "uv_size": [1, 1]},
								"down": {"uv": [6, 6], "uv_size": [1, -1]}
							}
						},
						{
							"origin": [2.67187, -2.08869, 0.14543],
							"size": [1, 0.25, 1],
							"pivot": [3.17187, 0.78631, 0.64543],
							"rotation": [0, 7.25, -10.25],
							"uv": {
								"north": {"uv": [5, 5], "uv_size": [1, 1]},
								"east": {"uv": [6, 0], "uv_size": [1, 1]},
								"south": {"uv": [1, 6], "uv_size": [1, 1]},
								"west": {"uv": [6, 1], "uv_size": [1, 1]},
								"up": {"uv": [2, 6], "uv_size": [1, 1]},
								"down": {"uv": [6, 3], "uv_size": [1, -1]}
							}
						},
						{
							"origin": [2.57187, -1.83869, 0.04543],
							"size": [1.2, 3.75, 1.2],
							"pivot": [3.17187, 0.78631, 0.64543],
							"rotation": [0, 7.25, -10.25],
							"uv": {
								"north": {"uv": [0, 0], "uv_size": [1, 5]},
								"east": {"uv": [1, 0], "uv_size": [1, 5]},
								"south": {"uv": [2, 0], "uv_size": [1, 5]},
								"west": {"uv": [3, 0], "uv_size": [1, 5]},
								"up": {"uv": [5, 3], "uv_size": [1, 1]},
								"down": {"uv": [5, 5], "uv_size": [1, -1]}
							}
						},
						{
							"origin": [2.57187, -2.38869, 0.04543],
							"size": [1.2, 0.35, 1.2],
							"pivot": [3.17187, 0.78631, 0.64543],
							"rotation": [0, 7.25, -10.25],
							"uv": {
								"north": {"uv": [5, 0], "uv_size": [1, 1]},
								"east": {"uv": [1, 5], "uv_size": [1, 1]},
								"south": {"uv": [5, 1], "uv_size": [1, 1]},
								"west": {"uv": [2, 5], "uv_size": [1, 1]},
								"up": {"uv": [5, 2], "uv_size": [1, 1]},
								"down": {"uv": [3, 6], "uv_size": [1, -1]}
							}
						},
						{
							"origin": [1.67454, 1.47098, 1.31193],
							"size": [0.85, 2.25, 0.85],
							"pivot": [2.09954, -0.40402, 1.73693],
							"rotation": [-0.90895, 1.59366, 53.91915],
							"uv": {
								"north": {"uv": [4, 0], "uv_size": [1, 2]},
								"east": {"uv": [4, 2], "uv_size": [1, 2]},
								"south": {"uv": [4, 4], "uv_size": [1, 2]},
								"west": {"uv": [0, 5], "uv_size": [1, 2]},
								"up": {"uv": [6, 6], "uv_size": [1, 1]},
								"down": {"uv": [0, 8], "uv_size": [1, -1]}
							}
						},
						{
							"origin": [1.59954, 0.72098, 1.23693],
							"size": [1, 0.75, 1],
							"pivot": [2.09954, -0.40402, 1.73693],
							"rotation": [-0.90895, 1.59366, 53.91915],
							"uv": {
								"north": {"uv": [3, 6], "uv_size": [1, 1]},
								"east": {"uv": [6, 3], "uv_size": [1, 1]},
								"south": {"uv": [4, 6], "uv_size": [1, 1]},
								"west": {"uv": [6, 4], "uv_size": [1, 1]},
								"up": {"uv": [5, 6], "uv_size": [1, 1]},
								"down": {"uv": [6, 6], "uv_size": [1, -1]}
							}
						},
						{
							"origin": [1.59954, -3.27902, 1.23693],
							"size": [1, 0.25, 1],
							"pivot": [2.09954, -0.40402, 1.73693],
							"rotation": [-0.90895, 1.59366, 53.91915],
							"uv": {
								"north": {"uv": [5, 5], "uv_size": [1, 1]},
								"east": {"uv": [6, 0], "uv_size": [1, 1]},
								"south": {"uv": [1, 6], "uv_size": [1, 1]},
								"west": {"uv": [6, 1], "uv_size": [1, 1]},
								"up": {"uv": [2, 6], "uv_size": [1, 1]},
								"down": {"uv": [6, 3], "uv_size": [1, -1]}
							}
						},
						{
							"origin": [1.49954, -3.02902, 1.13693],
							"size": [1.2, 3.75, 1.2],
							"pivot": [2.09954, -0.40402, 1.73693],
							"rotation": [-0.90895, 1.59366, 53.91915],
							"uv": {
								"north": {"uv": [0, 0], "uv_size": [1, 5]},
								"east": {"uv": [1, 0], "uv_size": [1, 5]},
								"south": {"uv": [2, 0], "uv_size": [1, 5]},
								"west": {"uv": [3, 0], "uv_size": [1, 5]},
								"up": {"uv": [5, 3], "uv_size": [1, 1]},
								"down": {"uv": [5, 5], "uv_size": [1, -1]}
							}
						},
						{
							"origin": [1.49954, -3.57902, 1.13693],
							"size": [1.2, 0.35, 1.2],
							"pivot": [2.09954, -0.40402, 1.73693],
							"rotation": [-0.90895, 1.59366, 53.91915],
							"uv": {
								"north": {"uv": [5, 0], "uv_size": [1, 1]},
								"east": {"uv": [1, 5], "uv_size": [1, 1]},
								"south": {"uv": [5, 1], "uv_size": [1, 1]},
								"west": {"uv": [2, 5], "uv_size": [1, 1]},
								"up": {"uv": [5, 2], "uv_size": [1, 1]},
								"down": {"uv": [3, 6], "uv_size": [1, -1]}
							}
						},
						{
							"origin": [-3.32546, 2.97098, -0.81307],
							"size": [0.85, 2.25, 0.85],
							"pivot": [2.09954, -0.40402, 1.73693],
							"rotation": [-90.25, 0, -18.5],
							"uv": {
								"north": {"uv": [4, 0], "uv_size": [1, 2]},
								"east": {"uv": [4, 2], "uv_size": [1, 2]},
								"south": {"uv": [4, 4], "uv_size": [1, 2]},
								"west": {"uv": [0, 5], "uv_size": [1, 2]},
								"up": {"uv": [6, 6], "uv_size": [1, 1]},
								"down": {"uv": [0, 8], "uv_size": [1, -1]}
							}
						},
						{
							"origin": [-3.40046, 2.22098, -0.88807],
							"size": [1, 0.75, 1],
							"pivot": [2.09954, -0.40402, 1.73693],
							"rotation": [-90.25, 0, -18.5],
							"uv": {
								"north": {"uv": [3, 6], "uv_size": [1, 1]},
								"east": {"uv": [6, 3], "uv_size": [1, 1]},
								"south": {"uv": [4, 6], "uv_size": [1, 1]},
								"west": {"uv": [6, 4], "uv_size": [1, 1]},
								"up": {"uv": [5, 6], "uv_size": [1, 1]},
								"down": {"uv": [6, 6], "uv_size": [1, -1]}
							}
						},
						{
							"origin": [-3.50046, -1.52902, -0.98807],
							"size": [1.2, 3.75, 1.2],
							"pivot": [2.09954, -0.40402, 1.73693],
							"rotation": [-90.25, 0, -18.5],
							"uv": {
								"north": {"uv": [0, 0], "uv_size": [1, 5]},
								"east": {"uv": [1, 0], "uv_size": [1, 5]},
								"south": {"uv": [2, 0], "uv_size": [1, 5]},
								"west": {"uv": [3, 0], "uv_size": [1, 5]},
								"up": {"uv": [5, 3], "uv_size": [1, 1]},
								"down": {"uv": [5, 5], "uv_size": [1, -1]}
							}
						},
						{
							"origin": [-3.50046, -2.07902, -0.98807],
							"size": [1.2, 0.35, 1.2],
							"pivot": [2.09954, -0.40402, 1.73693],
							"rotation": [-90.25, 0, -18.5],
							"uv": {
								"north": {"uv": [5, 0], "uv_size": [1, 1]},
								"east": {"uv": [1, 5], "uv_size": [1, 1]},
								"south": {"uv": [5, 1], "uv_size": [1, 1]},
								"west": {"uv": [2, 5], "uv_size": [1, 1]},
								"up": {"uv": [5, 2], "uv_size": [1, 1]},
								"down": {"uv": [3, 6], "uv_size": [1, -1]}
							}
						},
						{
							"origin": [-3.40046, -1.77902, -0.88807],
							"size": [1, 0.25, 1],
							"pivot": [2.09954, -0.40402, 1.73693],
							"rotation": [-90.25, 0, -18.5],
							"uv": {
								"north": {"uv": [5, 5], "uv_size": [1, 1]},
								"east": {"uv": [6, 0], "uv_size": [1, 1]},
								"south": {"uv": [1, 6], "uv_size": [1, 1]},
								"west": {"uv": [6, 1], "uv_size": [1, 1]},
								"up": {"uv": [2, 6], "uv_size": [1, 1]},
								"down": {"uv": [6, 3], "uv_size": [1, -1]}
							}
						},
						{
							"origin": [2.92454, 5.42098, 1.31193],
							"size": [0.85, 2.25, 0.85],
							"pivot": [2.09954, -0.40402, 1.73693],
							"rotation": [1.78123, -1.68797, -73.30762],
							"uv": {
								"north": {"uv": [4, 0], "uv_size": [1, 2]},
								"east": {"uv": [4, 2], "uv_size": [1, 2]},
								"south": {"uv": [4, 4], "uv_size": [1, 2]},
								"west": {"uv": [0, 5], "uv_size": [1, 2]},
								"up": {"uv": [6, 6], "uv_size": [1, 1]},
								"down": {"uv": [0, 8], "uv_size": [1, -1]}
							}
						},
						{
							"origin": [2.84954, 4.67098, 1.23693],
							"size": [1, 0.75, 1],
							"pivot": [2.09954, -0.40402, 1.73693],
							"rotation": [1.78123, -1.68797, -73.30762],
							"uv": {
								"north": {"uv": [3, 6], "uv_size": [1, 1]},
								"east": {"uv": [6, 3], "uv_size": [1, 1]},
								"south": {"uv": [4, 6], "uv_size": [1, 1]},
								"west": {"uv": [6, 4], "uv_size": [1, 1]},
								"up": {"uv": [5, 6], "uv_size": [1, 1]},
								"down": {"uv": [6, 6], "uv_size": [1, -1]}
							}
						},
						{
							"origin": [2.84954, 0.67098, 1.23693],
							"size": [1, 0.25, 1],
							"pivot": [2.09954, -0.40402, 1.73693],
							"rotation": [1.78123, -1.68797, -73.30762],
							"uv": {
								"north": {"uv": [5, 5], "uv_size": [1, 1]},
								"east": {"uv": [6, 0], "uv_size": [1, 1]},
								"south": {"uv": [1, 6], "uv_size": [1, 1]},
								"west": {"uv": [6, 1], "uv_size": [1, 1]},
								"up": {"uv": [2, 6], "uv_size": [1, 1]},
								"down": {"uv": [6, 3], "uv_size": [1, -1]}
							}
						},
						{
							"origin": [2.74954, 0.92098, 1.13693],
							"size": [1.2, 3.75, 1.2],
							"pivot": [2.09954, -0.40402, 1.73693],
							"rotation": [1.78123, -1.68797, -73.30762],
							"uv": {
								"north": {"uv": [0, 0], "uv_size": [1, 5]},
								"east": {"uv": [1, 0], "uv_size": [1, 5]},
								"south": {"uv": [2, 0], "uv_size": [1, 5]},
								"west": {"uv": [3, 0], "uv_size": [1, 5]},
								"up": {"uv": [5, 3], "uv_size": [1, 1]},
								"down": {"uv": [5, 5], "uv_size": [1, -1]}
							}
						},
						{
							"origin": [2.74954, 0.37098, 1.13693],
							"size": [1.2, 0.35, 1.2],
							"pivot": [2.09954, -0.40402, 1.73693],
							"rotation": [1.78123, -1.68797, -73.30762],
							"uv": {
								"north": {"uv": [5, 0], "uv_size": [1, 1]},
								"east": {"uv": [1, 5], "uv_size": [1, 1]},
								"south": {"uv": [5, 1], "uv_size": [1, 1]},
								"west": {"uv": [2, 5], "uv_size": [1, 1]},
								"up": {"uv": [5, 2], "uv_size": [1, 1]},
								"down": {"uv": [3, 6], "uv_size": [1, -1]}
							}
						},
						{
							"origin": [0.72774, 3.80528, 1.42603],
							"size": [0.85, 2.25, 0.85],
							"pivot": [-1.32226, 1.93028, 1.65103],
							"rotation": [0.86345, 4.83677, -87.74941],
							"uv": {
								"north": {"uv": [4, 0], "uv_size": [1, 2]},
								"east": {"uv": [4, 2], "uv_size": [1, 2]},
								"south": {"uv": [4, 4], "uv_size": [1, 2]},
								"west": {"uv": [0, 5], "uv_size": [1, 2]},
								"up": {"uv": [6, 6], "uv_size": [1, 1]},
								"down": {"uv": [0, 8], "uv_size": [1, -1]}
							}
						},
						{
							"origin": [0.65274, 3.05528, 1.35103],
							"size": [1, 0.75, 1],
							"pivot": [-1.32226, 1.93028, 1.65103],
							"rotation": [0.86345, 4.83677, -87.74941],
							"uv": {
								"north": {"uv": [3, 6], "uv_size": [1, 1]},
								"east": {"uv": [6, 3], "uv_size": [1, 1]},
								"south": {"uv": [4, 6], "uv_size": [1, 1]},
								"west": {"uv": [6, 4], "uv_size": [1, 1]},
								"up": {"uv": [5, 6], "uv_size": [1, 1]},
								"down": {"uv": [6, 6], "uv_size": [1, -1]}
							}
						},
						{
							"origin": [0.65274, -0.94472, 1.35103],
							"size": [1, 0.25, 1],
							"pivot": [-1.32226, 1.93028, 1.65103],
							"rotation": [0.86345, 4.83677, -87.74941],
							"uv": {
								"north": {"uv": [5, 5], "uv_size": [1, 1]},
								"east": {"uv": [6, 0], "uv_size": [1, 1]},
								"south": {"uv": [1, 6], "uv_size": [1, 1]},
								"west": {"uv": [6, 1], "uv_size": [1, 1]},
								"up": {"uv": [2, 6], "uv_size": [1, 1]},
								"down": {"uv": [6, 3], "uv_size": [1, -1]}
							}
						},
						{
							"origin": [0.55274, -0.69472, 1.25103],
							"size": [1.2, 3.75, 1.2],
							"pivot": [-1.32226, 1.93028, 1.65103],
							"rotation": [0.86345, 4.83677, -87.74941],
							"uv": {
								"north": {"uv": [0, 0], "uv_size": [1, 5]},
								"east": {"uv": [1, 0], "uv_size": [1, 5]},
								"south": {"uv": [2, 0], "uv_size": [1, 5]},
								"west": {"uv": [3, 0], "uv_size": [1, 5]},
								"up": {"uv": [5, 3], "uv_size": [1, 1]},
								"down": {"uv": [5, 5], "uv_size": [1, -1]}
							}
						},
						{
							"origin": [0.55274, -1.24472, 1.25103],
							"size": [1.2, 0.35, 1.2],
							"pivot": [-1.32226, 1.93028, 1.65103],
							"rotation": [0.86345, 4.83677, -87.74941],
							"uv": {
								"north": {"uv": [5, 0], "uv_size": [1, 1]},
								"east": {"uv": [1, 5], "uv_size": [1, 1]},
								"south": {"uv": [5, 1], "uv_size": [1, 1]},
								"west": {"uv": [2, 5], "uv_size": [1, 1]},
								"up": {"uv": [5, 2], "uv_size": [1, 1]},
								"down": {"uv": [3, 6], "uv_size": [1, -1]}
							}
						}
					]
				}
			]
		}
	]
}