{
	"format_version": "1.12.0",
	"minecraft:geometry": [
		{
			"description": {
				"identifier": "geometry.unknown",
				"texture_width": 32,
				"texture_height": 32,
				"visible_bounds_width": 7,
				"visible_bounds_height": 2.5,
				"visible_bounds_offset": [0, 0.75, 0]
			},
			"bones": [
				{
					"name": "bone",
					"pivot": [0, 0, 0]
				},
				{
					"name": "silencer",
					"parent": "bone",
					"pivot": [-0.3942, 10.50716, -50.66089],
					"cubes": [
						{
							"origin": [-1.51305, 9.38831, -62.1227],
							"size": [2.2377, 2.2377, 19.92362],
							"pivot": [-0.3942, 10.50716, -50.66089],
							"rotation": [0, 0, -45],
							"uv": {
								"north": {"uv": [4, 4], "uv_size": [2, 2]},
								"east": {"uv": [0, 0], "uv_size": [17, 2]},
								"south": {"uv": [4, 6], "uv_size": [2, 2]},
								"west": {"uv": [0, 2], "uv_size": [17, 2]},
								"up": {"uv": [0, 4], "uv_size": [2, 17]},
								"down": {"uv": [2, 21], "uv_size": [2, -17]}
							}
						}
					]
				},
				{
					"name": "_ca_svtbayonet",
					"parent": "bone",
					"pivot": [-0.3942, 8.28785, -39.77364],
					"cubes": [
						{
							"origin": [-0.8942, 7.78785, -40.27364],
							"size": [1, 1, 1],
							"uv": {
								"north": {"uv": [0, 0], "uv_size": [1, 1]},
								"east": {"uv": [0, 0], "uv_size": [1, 1]},
								"south": {"uv": [0, 0], "uv_size": [1, 1]},
								"west": {"uv": [0, 0], "uv_size": [1, 1]},
								"up": {"uv": [1, 1], "uv_size": [-1, -1]},
								"down": {"uv": [1, 1], "uv_size": [-1, -1]}
							}
						}
					]
				}
			]
		}
	]
}