{
	"format_version": "1.12.0",
	"minecraft:geometry": [
		{
			"description": {
				"identifier": "geometry.unknown",
				"texture_width": 64,
				"texture_height": 64,
				"visible_bounds_width": 7,
				"visible_bounds_height": 3.5,
				"visible_bounds_offset": [0, 1.25, 0]
			},
			"bones": [
				{
					"name": "bone",
					"pivot": [0, 8, 0],
					"cubes": [
						{
							"origin": [-8, 0, -0.2],
							"size": [16, 16, 0.4],
							"uv": {
								"south": {"uv": [0, 0], "uv_size": [64, 64]}
							}
						}
					]
				},
				{
					"name": "_cb_upper",
					"parent": "bone",
					"pivot": [-1.45302, 9.85776, 19.11971],
					"cubes": [
						{
							"origin": [-1.95302, 9.35776, 18.61971],
							"size": [1, 1, 1],
							"uv": {
								"north": {"uv": [1, 0], "uv_size": [1, 1]},
								"east": {"uv": [1, 0], "uv_size": [1, 1]},
								"south": {"uv": [1, 0], "uv_size": [1, 1]},
								"west": {"uv": [1, 0], "uv_size": [1, 1]},
								"up": {"uv": [1, 2], "uv_size": [-1, -1]},
								"down": {"uv": [1, 2], "uv_size": [-1, -1]}
							}
						}
					]
				},
				{
					"name": "_cb_optic",
					"parent": "bone",
					"pivot": [-1.43561, 13.78807, 14.18611],
					"cubes": [
						{
							"origin": [-1.93561, 13.28807, 13.68611],
							"size": [1, 1, 1],
							"uv": {
								"north": {"uv": [1, 0], "uv_size": [-1, 1]},
								"east": {"uv": [1, 0], "uv_size": [-1, 1]},
								"south": {"uv": [1, 0], "uv_size": [-1, 1]},
								"west": {"uv": [1, 0], "uv_size": [-1, 1]},
								"up": {"uv": [1, 0], "uv_size": [-1, 1]},
								"down": {"uv": [1, 0], "uv_size": [-1, 1]}
							}
						}
					]
				}
			]
		}
	]
}