{
	"format_version": "1.12.0",
	"minecraft:geometry": [
		{
			"description": {
				"identifier": "geometry.unknown",
				"texture_width": 128,
				"texture_height": 128,
				"visible_bounds_width": 3,
				"visible_bounds_height": 2.5,
				"visible_bounds_offset": [0, 0.75, 0]
			},
			"bones": [
				{
					"name": "main",
					"pivot": [-0.10776, 1.68519, -1.97972],
					"cubes": [
						{
							"origin": [5.35587, -2.13821, -4.33968],
							"size": [1.3324, 1.3324, 2.68488],
							"pivot": [1.05956, -4.9251, 2.46848],
							"rotation": [180, 0, -135],
							"uv": {
								"north": {"uv": [75, 16], "uv_size": [1.25, 1.25]},
								"east": {"uv": [66, 4], "uv_size": [2.75, 1.25]},
								"south": {"uv": [75, 18], "uv_size": [1.25, 1.25]},
								"west": {"uv": [66, 6], "uv_size": [2.75, 1.25]},
								"up": {"uv": [66, 8], "uv_size": [1.25, 2.75]},
								"down": {"uv": [12, 68.75], "uv_size": [1.25, -2.75]}
							}
						},
						{
							"origin": [5.59347, -1.90061, -6.33552],
							"size": [0.8572, 0.8572, 2.11464],
							"pivot": [1.05956, -4.9251, 2.46848],
							"rotation": [180, 0, -135],
							"uv": {
								"north": {"uv": [82, 40], "uv_size": [0.75, 0.75]},
								"east": {"uv": [75, 28], "uv_size": [2, 0.75]},
								"south": {"uv": [82, 41], "uv_size": [0.75, 0.75]},
								"west": {"uv": [75, 65], "uv_size": [2, 0.75]},
								"up": {"uv": [76, 49], "uv_size": [0.75, 2]},
								"down": {"uv": [50, 78], "uv_size": [0.75, -2]}
							}
						},
						{
							"origin": [5.42715, -2.06693, -1.67856],
							"size": [1.18984, 1.18984, 7.722],
							"pivot": [1.05956, -4.9251, 2.46848],
							"rotation": [180, 0, -135],
							"uv": {
								"north": {"uv": [75, 22], "uv_size": [1.25, 1.25]},
								"east": {"uv": [53, 0], "uv_size": [7.75, 1.25]},
								"south": {"uv": [75, 24], "uv_size": [1.25, 1.25]},
								"west": {"uv": [53, 2], "uv_size": [7.75, 1.25]},
								"up": {"uv": [14, 53], "uv_size": [1.25, 7.75]},
								"down": {"uv": [16, 60.75], "uv_size": [1.25, -7.75]}
							}
						},
						{
							"origin": [5.36572, -2.12837, 6.01968],
							"size": [1.37992, 1.37992, 1.82952],
							"pivot": [1.05956, -4.9251, 2.46848],
							"rotation": [180, 0, -135],
							"uv": {
								"north": {"uv": [71, 32], "uv_size": [1.5, 1.5]},
								"east": {"uv": [70, 9], "uv_size": [1.75, 1.5]},
								"south": {"uv": [36, 71], "uv_size": [1.5, 1.5]},
								"west": {"uv": [20, 70], "uv_size": [1.75, 1.5]},
								"up": {"uv": [70, 29], "uv_size": [1.5, 1.75]},
								"down": {"uv": [34, 71.75], "uv_size": [1.5, -1.75]}
							}
						},
						{
							"origin": [5.27068, -2.22341, 7.8492],
							"size": [1.57, 1.57, 1.25928],
							"pivot": [1.05956, -4.9251, 2.46848],
							"rotation": [180, 0, -135],
							"uv": {
								"north": {"uv": [71, 37], "uv_size": [1.5, 1.5]},
								"east": {"uv": [41, 73], "uv_size": [1.25, 1.5]},
								"south": {"uv": [38, 71], "uv_size": [1.5, 1.5]},
								"west": {"uv": [73, 42], "uv_size": [1.25, 1.5]},
								"up": {"uv": [43, 73], "uv_size": [1.5, 1.25]},
								"down": {"uv": [73, 45.25], "uv_size": [1.5, -1.25]}
							}
						},
						{
							"origin": [5.5558, -1.93829, 9.10848],
							"size": [0.99976, 0.99976, 0.7128],
							"pivot": [1.05956, -4.9251, 2.46848],
							"rotation": [180, 0, -135],
							"uv": {
								"north": {"uv": [69, 29], "uv_size": [1, 1]},
								"east": {"uv": [81, 32], "uv_size": [0.75, 1]},
								"south": {"uv": [69, 34], "uv_size": [1, 1]},
								"west": {"uv": [33, 81], "uv_size": [0.75, 1]},
								"up": {"uv": [81, 33], "uv_size": [1, 0.75]},
								"down": {"uv": [34, 81.75], "uv_size": [1, -0.75]}
							}
						},
						{
							"origin": [4.88558, -2.6085, 9.80227],
							"size": [2.34019, 2.34019, 0.45619],
							"pivot": [1.05956, -4.9251, 2.46848],
							"rotation": [180, 0, -135],
							"uv": {
								"north": {"uv": [62, 62], "uv_size": [2.25, 2.25]},
								"east": {"uv": [78, 23], "uv_size": [0.5, 2.25]},
								"south": {"uv": [63, 0], "uv_size": [2.25, 2.25]},
								"west": {"uv": [30, 78], "uv_size": [0.5, 2.25]},
								"up": {"uv": [77, 38], "uv_size": [2.25, 0.5]},
								"down": {"uv": [77, 71.5], "uv_size": [2.25, -0.5]}
							}
						},
						{
							"origin": [5.1707, -2.32338, 10.25846],
							"size": [1.76995, 1.76995, 0.2281],
							"pivot": [1.05956, -4.9251, 2.46848],
							"rotation": [180, 0, -135],
							"uv": {
								"north": {"uv": [34, 68], "uv_size": [1.75, 1.75]},
								"east": {"uv": [54, 83], "uv_size": [0.25, 1.75]},
								"south": {"uv": [68, 35], "uv_size": [1.75, 1.75]},
								"west": {"uv": [83, 54], "uv_size": [0.25, 1.75]},
								"up": {"uv": [55, 83], "uv_size": [1.75, 0.25]},
								"down": {"uv": [83, 56.25], "uv_size": [1.75, -0.25]}
							}
						},
						{
							"origin": [4.88558, -2.6085, 10.48656],
							"size": [2.34019, 2.34019, 1.02643],
							"pivot": [1.05956, -4.9251, 2.46848],
							"rotation": [180, 0, -135],
							"uv": {
								"north": {"uv": [63, 6], "uv_size": [2.25, 2.25]},
								"east": {"uv": [30, 71], "uv_size": [1, 2.25]},
								"south": {"uv": [20, 63], "uv_size": [2.25, 2.25]},
								"west": {"uv": [40, 71], "uv_size": [1, 2.25]},
								"up": {"uv": [65, 55], "uv_size": [2.25, 1]},
								"down": {"uv": [71, 41], "uv_size": [2.25, -1]}
							}
						},
						{
							"origin": [0.08344, -0.75683, 9.55292],
							"size": [3.65995, 3.65995, 5.87119],
							"pivot": [0.95283, -4.32527, 1.51054],
							"rotation": [-180, 0, 180],
							"uv": {
								"north": {"uv": [28, 48], "uv_size": [3.75, 3.75]},
								"east": {"uv": [32, 32], "uv_size": [5.75, 3.75]},
								"south": {"uv": [48, 28], "uv_size": [3.75, 3.75]},
								"west": {"uv": [32, 36], "uv_size": [5.75, 3.75]},
								"up": {"uv": [38, 32], "uv_size": [3.75, 5.75]},
								"down": {"uv": [38, 43.75], "uv_size": [3.75, -5.75]}
							}
						},
						{
							"origin": [-0.14237, -0.98264, 9.46259],
							"size": [4.11158, 4.11158, 0.22582],
							"pivot": [0.95283, -4.32527, 1.51054],
							"rotation": [-180, 0, 180],
							"uv": {
								"north": {"uv": [47, 24], "uv_size": [4, 4]},
								"east": {"uv": [47, 78], "uv_size": [0.25, 4]},
								"south": {"uv": [0, 48], "uv_size": [4, 4]},
								"west": {"uv": [49, 78], "uv_size": [0.25, 4]},
								"up": {"uv": [78, 47], "uv_size": [4, 0.25]},
								"down": {"uv": [78, 49.25], "uv_size": [4, -0.25]}
							}
						}
					]
				},
				{
					"name": "nozzle",
					"pivot": [-0.1, 1.675, 11.5],
					"cubes": [
						{"origin": [-0.5, 0.55, 11], "size": [1, 1, 1], "inflate": -0.6, "uv": [0, 0]}
					]
				}
			]
		}
	]
}