{
	"format_version": "1.12.0",
	"minecraft:geometry": [
		{
			"description": {
				"identifier": "geometry.unknown",
				"texture_width": 32,
				"texture_height": 32,
				"visible_bounds_width": 2,
				"visible_bounds_height": 1.5,
				"visible_bounds_offset": [0, 0.25, 0]
			},
			"bones": [
				{
					"name": "bone",
					"pivot": [0, 0, 0],
					"cubes": [
						{
							"origin": [-4, 0, -2],
							"size": [8, 5, 4],
							"uv": {
								"north": {"uv": [0, 0], "uv_size": [8, 5]},
								"east": {"uv": [8, 8], "uv_size": [4, 5]},
								"south": {"uv": [0, 5], "uv_size": [8, 5]},
								"west": {"uv": [0, 10], "uv_size": [4, 5]},
								"up": {"uv": [8, 0], "uv_size": [8, 4]},
								"down": {"uv": [8, 8], "uv_size": [8, -4]}
							}
						},
						{
							"origin": [3.94059, 0, 1.51616],
							"size": [3, 5, 0],
							"pivot": [5.94059, 2.5, 1.51616],
							"rotation": [0, 14, 0],
							"uv": {
								"north": {"uv": [4, 10], "uv_size": [3, 5]},
								"east": {"uv": [0, 0], "uv_size": [0, 5]},
								"south": {"uv": [12, 8], "uv_size": [3, 5]},
								"west": {"uv": [0, 0], "uv_size": [0, 5]},
								"up": {"uv": [0, 0], "uv_size": [3, 0]},
								"down": {"uv": [0, 0], "uv_size": [3, 0]}
							}
						},
						{
							"origin": [6.97127, 0, -0.24216],
							"size": [0, 5, 2],
							"pivot": [4.97127, 2.5, 1.75784],
							"rotation": [0, 14, 0],
							"uv": {
								"north": {"uv": [0, 0], "uv_size": [0, 5]},
								"east": {"uv": [7, 13], "uv_size": [2, 5]},
								"south": {"uv": [0, 0], "uv_size": [0, 5]},
								"west": {"uv": [9, 13], "uv_size": [2, 5]},
								"up": {"uv": [0, 0], "uv_size": [0, 2]},
								"down": {"uv": [0, 2], "uv_size": [0, -2]}
							}
						}
					]
				}
			]
		}
	]
}