{
	"format_version": "1.12.0",
	"minecraft:geometry": [
		{
			"description": {
				"identifier": "geometry.unknown",
				"texture_width": 1026,
				"texture_height": 1059,
				"visible_bounds_width": 7,
				"visible_bounds_height": 3.5,
				"visible_bounds_offset": [0, 1.25, 0]
			},
			"bones": [
				{
					"name": "bone",
					"pivot": [0, 0, 0]
				},
				{
					"name": "_ca_krishkasvt",
					"parent": "bone",
					"pivot": [-0.39978, 10.85884, 23.00574],
					"cubes": [
						{
							"origin": [-0.89978, 10.35884, 22.50574],
							"size": [1, 1, 1],
							"uv": {
								"north": {"uv": [0, 0], "uv_size": [1, 1]},
								"east": {"uv": [0, 0], "uv_size": [1, 1]},
								"south": {"uv": [0, 0], "uv_size": [1, 1]},
								"west": {"uv": [0, 0], "uv_size": [1, 1]},
								"up": {"uv": [1, 1], "uv_size": [-1, -1]},
								"down": {"uv": [1, 1], "uv_size": [-1, -1]}
							}
						}
					]
				},
				{
					"name": "krishkamodule",
					"parent": "bone",
					"pivot": [-0.39978, 1.35884, 3.50574],
					"cubes": [
						{
							"origin": [-1.70243, 0.24982, 0.14138],
							"size": [0.258, 1.4233, 6.8],
							"uv": {
								"north": {"uv": [20, 1037], "uv_size": [1, 1]},
								"east": {"uv": [19, 1032], "uv_size": [7, 1]},
								"south": {"uv": [16, 1045], "uv_size": [1, 1]},
								"west": {"uv": [19, 1033], "uv_size": [7, 1]},
								"up": {"uv": [6, 1044], "uv_size": [1, 7]},
								"down": {"uv": [7, 1051], "uv_size": [1, -7]}
							}
						},
						{
							"origin": [0.10643, 1.30382, -1.04662],
							"size": [0.538, 0.3693, 9.02],
							"uv": {
								"north": {"uv": [17, 1045], "uv_size": [1, 1]},
								"east": {"uv": [10, 1030], "uv_size": [9, 1]},
								"south": {"uv": [18, 1045], "uv_size": [1, 1]},
								"west": {"uv": [10, 1031], "uv_size": [9, 1]},
								"up": {"uv": [4, 1035], "uv_size": [1, 9]},
								"down": {"uv": [5, 1044], "uv_size": [1, -9]}
							}
						},
						{
							"origin": [-1.02507, 1.70382, -8.89462],
							"size": [1.2535, 0.4633, 17.348],
							"uv": {
								"north": {"uv": [19, 1045], "uv_size": [1, 1]},
								"east": {"uv": [9, 1026], "uv_size": [17, 1]},
								"south": {"uv": [20, 1044], "uv_size": [1, 1]},
								"west": {"uv": [9, 1027], "uv_size": [17, 1]},
								"up": {"uv": [9, 1028], "uv_size": [1, 17]},
								"down": {"uv": [1, 1052], "uv_size": [1, -17]}
							}
						},
						{
							"origin": [-1.70243, 0.93782, -0.54662],
							"size": [0.258, 0.7353, 0.688],
							"uv": {
								"north": {"uv": [20, 1045], "uv_size": [1, 1]},
								"east": {"uv": [9, 1046], "uv_size": [1, 1]},
								"south": {"uv": [10, 1046], "uv_size": [1, 1]},
								"west": {"uv": [21, 1037], "uv_size": [1, 1]},
								"up": {"uv": [16, 1046], "uv_size": [1, 1]},
								"down": {"uv": [17, 1047], "uv_size": [1, -1]}
							}
						},
						{
							"origin": [-1.70243, 0.4032, -0.26235],
							"size": [0.258, 0.97298, 0.774],
							"pivot": [-1.57343, 0.81385, 0.12465],
							"rotation": [45, 0, 0],
							"uv": {
								"north": {"uv": [18, 1046], "uv_size": [1, 1]},
								"east": {"uv": [19, 1046], "uv_size": [1, 1]},
								"south": {"uv": [21, 1044], "uv_size": [1, 1]},
								"west": {"uv": [20, 1046], "uv_size": [1, 1]},
								"up": {"uv": [21, 1045], "uv_size": [1, 1]},
								"down": {"uv": [21, 1047], "uv_size": [1, -1]}
							}
						},
						{
							"origin": [-1.70243, 0.58255, 6.5711],
							"size": [0.258, 0.77048, 0.84583],
							"pivot": [-1.57343, 0.81385, 6.9581],
							"rotation": [-67.5, 0, 0],
							"uv": {
								"north": {"uv": [9, 1047], "uv_size": [1, 1]},
								"east": {"uv": [10, 1047], "uv_size": [1, 1]},
								"south": {"uv": [11, 1047], "uv_size": [1, 1]},
								"west": {"uv": [22, 1036], "uv_size": [1, 1]},
								"up": {"uv": [12, 1047], "uv_size": [1, 1]},
								"down": {"uv": [22, 1038], "uv_size": [1, -1]}
							}
						},
						{
							"origin": [-1.70243, 0.93782, 6.94138],
							"size": [0.258, 0.7353, 1.032],
							"uv": {
								"north": {"uv": [22, 1038], "uv_size": [1, 1]},
								"east": {"uv": [22, 1039], "uv_size": [1, 1]},
								"south": {"uv": [16, 1047], "uv_size": [1, 1]},
								"west": {"uv": [17, 1047], "uv_size": [1, 1]},
								"up": {"uv": [18, 1047], "uv_size": [1, 1]},
								"down": {"uv": [19, 1048], "uv_size": [1, -1]}
							}
						},
						{
							"origin": [-1.70243, 1.13641, 6.5711],
							"size": [0.258, 0.48301, 1.01724],
							"pivot": [-1.57343, 0.81385, 6.9581],
							"rotation": [-45, 0, 0],
							"uv": {
								"north": {"uv": [22, 1044], "uv_size": [1, 1]},
								"east": {"uv": [20, 1047], "uv_size": [1, 1]},
								"south": {"uv": [22, 1045], "uv_size": [1, 1]},
								"west": {"uv": [21, 1047], "uv_size": [1, 1]},
								"up": {"uv": [22, 1046], "uv_size": [1, 1]},
								"down": {"uv": [22, 1048], "uv_size": [1, -1]}
							}
						},
						{
							"origin": [-1.70243, 0.4032, 7.0011],
							"size": [0.258, 0.94984, 0.344],
							"pivot": [-1.57343, 0.81385, 6.9581],
							"rotation": [-45, 0, 0],
							"uv": {
								"north": {"uv": [9, 1048], "uv_size": [1, 1]},
								"east": {"uv": [10, 1048], "uv_size": [1, 1]},
								"south": {"uv": [11, 1048], "uv_size": [1, 1]},
								"west": {"uv": [23, 1036], "uv_size": [1, 1]},
								"up": {"uv": [12, 1048], "uv_size": [1, 1]},
								"down": {"uv": [23, 1038], "uv_size": [1, -1]}
							}
						},
						{
							"origin": [0.64443, 0.4032, 7.0011],
							"size": [0.258, 0.94984, 0.344],
							"pivot": [0.77343, 0.81385, 6.9581],
							"rotation": [-45, 0, 0],
							"uv": {
								"north": {"uv": [23, 1038], "uv_size": [1, 1]},
								"east": {"uv": [23, 1039], "uv_size": [1, 1]},
								"south": {"uv": [16, 1048], "uv_size": [1, 1]},
								"west": {"uv": [17, 1048], "uv_size": [1, 1]},
								"up": {"uv": [18, 1048], "uv_size": [1, 1]},
								"down": {"uv": [19, 1049], "uv_size": [1, -1]}
							}
						},
						{
							"origin": [0.64443, 1.13641, 6.5711],
							"size": [0.258, 0.48301, 1.01724],
							"pivot": [0.77343, 0.81385, 6.9581],
							"rotation": [-45, 0, 0],
							"uv": {
								"north": {"uv": [23, 1044], "uv_size": [1, 1]},
								"east": {"uv": [20, 1048], "uv_size": [1, 1]},
								"south": {"uv": [23, 1045], "uv_size": [1, 1]},
								"west": {"uv": [21, 1048], "uv_size": [1, 1]},
								"up": {"uv": [23, 1046], "uv_size": [1, 1]},
								"down": {"uv": [22, 1049], "uv_size": [1, -1]}
							}
						},
						{
							"origin": [0.64443, 0.93782, 6.94138],
							"size": [0.258, 0.7353, 1.032],
							"uv": {
								"north": {"uv": [23, 1047], "uv_size": [1, 1]},
								"east": {"uv": [23, 1048], "uv_size": [1, 1]},
								"south": {"uv": [9, 1049], "uv_size": [1, 1]},
								"west": {"uv": [10, 1049], "uv_size": [1, 1]},
								"up": {"uv": [11, 1049], "uv_size": [1, 1]},
								"down": {"uv": [24, 1037], "uv_size": [1, -1]}
							}
						},
						{
							"origin": [0.64443, 0.58255, 6.5711],
							"size": [0.258, 0.77048, 0.84583],
							"pivot": [0.77343, 0.81385, 6.9581],
							"rotation": [-67.5, 0, 0],
							"uv": {
								"north": {"uv": [12, 1049], "uv_size": [1, 1]},
								"east": {"uv": [24, 1037], "uv_size": [1, 1]},
								"south": {"uv": [13, 1049], "uv_size": [1, 1]},
								"west": {"uv": [24, 1038], "uv_size": [1, 1]},
								"up": {"uv": [14, 1049], "uv_size": [1, 1]},
								"down": {"uv": [24, 1040], "uv_size": [1, -1]}
							}
						},
						{
							"origin": [0.64443, 0.4032, -0.26235],
							"size": [0.258, 0.97298, 0.774],
							"pivot": [0.77343, 0.81385, 0.12465],
							"rotation": [45, 0, 0],
							"uv": {
								"north": {"uv": [24, 1040], "uv_size": [1, 1]},
								"east": {"uv": [16, 1049], "uv_size": [1, 1]},
								"south": {"uv": [24, 1041], "uv_size": [1, 1]},
								"west": {"uv": [17, 1049], "uv_size": [1, 1]},
								"up": {"uv": [24, 1042], "uv_size": [1, 1]},
								"down": {"uv": [18, 1050], "uv_size": [1, -1]}
							}
						},
						{
							"origin": [0.64443, 0.93782, -0.54662],
							"size": [0.258, 0.7353, 0.688],
							"uv": {
								"north": {"uv": [24, 1043], "uv_size": [1, 1]},
								"east": {"uv": [19, 1049], "uv_size": [1, 1]},
								"south": {"uv": [24, 1044], "uv_size": [1, 1]},
								"west": {"uv": [20, 1049], "uv_size": [1, 1]},
								"up": {"uv": [24, 1045], "uv_size": [1, 1]},
								"down": {"uv": [21, 1050], "uv_size": [1, -1]}
							}
						},
						{
							"origin": [0.64443, 1.27109, -1.04662],
							"size": [0.21231, 0.40204, 0.513],
							"uv": {
								"north": {"uv": [25, 1045], "uv_size": [1, 1]},
								"east": {"uv": [21, 1050], "uv_size": [1, 1]},
								"south": {"uv": [25, 1046], "uv_size": [1, 1]},
								"west": {"uv": [22, 1050], "uv_size": [1, 1]},
								"up": {"uv": [25, 1047], "uv_size": [1, 1]},
								"down": {"uv": [23, 1051], "uv_size": [1, -1]}
							}
						},
						{
							"origin": [0.60004, 1.27109, -0.72448],
							"size": [0.21231, 0.40204, 0.238],
							"pivot": [0.7062, 1.4721, -0.74298],
							"rotation": [0, 22.5, 0],
							"uv": {
								"north": {"uv": [25, 1048], "uv_size": [1, 1]},
								"east": {"uv": [24, 1050], "uv_size": [1, 1]},
								"south": {"uv": [25, 1049], "uv_size": [1, 1]},
								"west": {"uv": [25, 1050], "uv_size": [1, 1]},
								"up": {"uv": [26, 1026], "uv_size": [1, 1]},
								"down": {"uv": [26, 1028], "uv_size": [1, -1]}
							}
						},
						{
							"origin": [-1.61235, 1.27109, -0.72448],
							"size": [0.21231, 0.40204, 0.238],
							"pivot": [-1.5062, 1.4721, -0.74298],
							"rotation": [0, -22.5, 0],
							"uv": {
								"north": {"uv": [26, 1034], "uv_size": [1, 1]},
								"east": {"uv": [10, 1051], "uv_size": [1, 1]},
								"south": {"uv": [26, 1035], "uv_size": [1, 1]},
								"west": {"uv": [11, 1051], "uv_size": [1, 1]},
								"up": {"uv": [26, 1036], "uv_size": [1, 1]},
								"down": {"uv": [12, 1052], "uv_size": [1, -1]}
							}
						},
						{
							"origin": [-1.65674, 1.27109, -1.04662],
							"size": [0.21231, 0.40204, 0.513],
							"uv": {
								"north": {"uv": [6, 1051], "uv_size": [1, 1]},
								"east": {"uv": [7, 1051], "uv_size": [1, 1]},
								"south": {"uv": [26, 1032], "uv_size": [1, 1]},
								"west": {"uv": [8, 1051], "uv_size": [1, 1]},
								"up": {"uv": [26, 1033], "uv_size": [1, 1]},
								"down": {"uv": [9, 1052], "uv_size": [1, -1]}
							}
						},
						{
							"origin": [0.64443, 0.24982, 0.14138],
							"size": [0.258, 1.4233, 6.8],
							"uv": {
								"north": {"uv": [24, 1046], "uv_size": [1, 1]},
								"east": {"uv": [19, 1034], "uv_size": [7, 1]},
								"south": {"uv": [22, 1049], "uv_size": [1, 1]},
								"west": {"uv": [19, 1035], "uv_size": [7, 1]},
								"up": {"uv": [8, 1044], "uv_size": [1, 7]},
								"down": {"uv": [15, 1051], "uv_size": [1, -7]}
							}
						},
						{
							"origin": [-1.39194, 1.6309, -1.04662],
							"size": [0.63587, 0.22247, 9.02],
							"pivot": [-1.109, 1.6732, 4.96338],
							"rotation": [0, 0, -32.5],
							"uv": {
								"north": {"uv": [24, 1048], "uv_size": [1, 1]},
								"east": {"uv": [10, 1034], "uv_size": [9, 1]},
								"south": {"uv": [24, 1049], "uv_size": [1, 1]},
								"west": {"uv": [10, 1035], "uv_size": [9, 1]},
								"up": {"uv": [8, 1035], "uv_size": [1, 9]},
								"down": {"uv": [10, 1045], "uv_size": [1, -9]}
							}
						},
						{
							"origin": [-0.04393, 1.6309, -1.04662],
							"size": [0.63587, 0.22247, 9.02],
							"pivot": [0.309, 1.6732, 4.96338],
							"rotation": [0, 0, 32.5],
							"uv": {
								"north": {"uv": [9, 1050], "uv_size": [1, 1]},
								"east": {"uv": [11, 1036], "uv_size": [9, 1]},
								"south": {"uv": [10, 1050], "uv_size": [1, 1]},
								"west": {"uv": [11, 1037], "uv_size": [9, 1]},
								"up": {"uv": [11, 1038], "uv_size": [1, 9]},
								"down": {"uv": [12, 1047], "uv_size": [1, -9]}
							}
						},
						{
							"origin": [-1.85473, 2.83487, 8.34017],
							"size": [1.13587, 0.22247, 0.77],
							"pivot": [-1.5368, 2.9461, 6.10017],
							"rotation": [0, 45, 32.5],
							"uv": {
								"north": {"uv": [14, 1050], "uv_size": [1, 1]},
								"east": {"uv": [25, 1039], "uv_size": [1, 1]},
								"south": {"uv": [25, 1040], "uv_size": [1, 1]},
								"west": {"uv": [16, 1050], "uv_size": [1, 1]},
								"up": {"uv": [25, 1041], "uv_size": [1, 1]},
								"down": {"uv": [17, 1051], "uv_size": [1, -1]}
							}
						},
						{
							"origin": [-0.07778, 2.83487, 8.34017],
							"size": [1.13587, 0.22247, 0.77],
							"pivot": [0.74016, 2.9461, 6.10017],
							"rotation": [0, -45, -32.5],
							"uv": {
								"north": {"uv": [25, 1042], "uv_size": [1, 1]},
								"east": {"uv": [18, 1050], "uv_size": [1, 1]},
								"south": {"uv": [25, 1043], "uv_size": [1, 1]},
								"west": {"uv": [19, 1050], "uv_size": [1, 1]},
								"up": {"uv": [25, 1044], "uv_size": [1, 1]},
								"down": {"uv": [20, 1051], "uv_size": [1, -1]}
							}
						},
						{
							"origin": [-0.54393, 1.23322, -1.04662],
							"size": [1.53094, 0.39515, 9.02],
							"pivot": [0.309, 1.6732, 4.96338],
							"rotation": [0, 0, 32.5],
							"uv": {
								"north": {"uv": [16, 1044], "uv_size": [2, 1]},
								"east": {"uv": [15, 1040], "uv_size": [9, 1]},
								"south": {"uv": [18, 1044], "uv_size": [2, 1]},
								"west": {"uv": [15, 1041], "uv_size": [9, 1]},
								"up": {"uv": [1, 1026], "uv_size": [2, 9]},
								"down": {"uv": [3, 1035], "uv_size": [2, -9]}
							}
						},
						{
							"origin": [-1.78701, 1.23322, -1.04662],
							"size": [1.53094, 0.39515, 9.02],
							"pivot": [-1.109, 1.6732, 4.96338],
							"rotation": [0, 0, -32.5],
							"uv": {
								"north": {"uv": [9, 1045], "uv_size": [2, 1]},
								"east": {"uv": [19, 1030], "uv_size": [9, 1]},
								"south": {"uv": [20, 1036], "uv_size": [2, 1]},
								"west": {"uv": [19, 1031], "uv_size": [9, 1]},
								"up": {"uv": [5, 1026], "uv_size": [2, 9]},
								"down": {"uv": [7, 1035], "uv_size": [2, -9]}
							}
						},
						{
							"origin": [-1.44443, 1.30382, -1.04662],
							"size": [0.538, 0.3693, 9.02],
							"uv": {
								"north": {"uv": [13, 1050], "uv_size": [1, 1]},
								"east": {"uv": [15, 1042], "uv_size": [9, 1]},
								"south": {"uv": [25, 1038], "uv_size": [1, 1]},
								"west": {"uv": [15, 1043], "uv_size": [9, 1]},
								"up": {"uv": [4, 1044], "uv_size": [1, 9]},
								"down": {"uv": [5, 1053], "uv_size": [1, -9]}
							}
						},
						{
							"origin": [-1.05707, 2.01282, -8.89462],
							"size": [1.3175, 0.3483, 17.348],
							"uv": {
								"north": {"uv": [12, 1050], "uv_size": [1, 1]},
								"east": {"uv": [10, 1028], "uv_size": [17, 1]},
								"south": {"uv": [25, 1037], "uv_size": [1, 1]},
								"west": {"uv": [10, 1029], "uv_size": [17, 1]},
								"up": {"uv": [2, 1035], "uv_size": [1, 17]},
								"down": {"uv": [3, 1052], "uv_size": [1, -17]}
							}
						},
						{
							"origin": [-1.64357, 0.55244, 4.36912],
							"size": [0.56499, 0.565, 0.275],
							"pivot": [-1.48607, 0.70994, 4.36912],
							"rotation": [90, -67.5, -90],
							"uv": {
								"north": {"uv": [501, 289], "uv_size": [3, 1]},
								"east": {"uv": [509, 61], "uv_size": [2, 1]},
								"south": {"uv": [293, 501], "uv_size": [3, 1]},
								"west": {"uv": [65, 509], "uv_size": [2, 1]},
								"up": {"uv": [481, 305], "uv_size": [3, 2]},
								"down": {"uv": [481, 311], "uv_size": [3, -2]}
							}
						},
						{
							"origin": [-1.89357, 0.59076, 2.31177],
							"size": [0.56499, 0.565, 0.275],
							"pivot": [-1.61107, 0.87326, 2.43677],
							"rotation": [90, 67.5, -90],
							"uv": {
								"north": {"uv": [501, 289], "uv_size": [3, 1]},
								"east": {"uv": [509, 61], "uv_size": [2, 1]},
								"south": {"uv": [293, 501], "uv_size": [3, 1]},
								"west": {"uv": [65, 509], "uv_size": [2, 1]},
								"up": {"uv": [481, 305], "uv_size": [3, 2]},
								"down": {"uv": [481, 311], "uv_size": [3, -2]}
							}
						},
						{
							"origin": [0.78143, 0.55244, 4.34412],
							"size": [0.56499, 0.565, 0.275],
							"pivot": [0.93893, 0.70994, 4.36912],
							"rotation": [90, -67.5, -90],
							"uv": {
								"north": {"uv": [501, 289], "uv_size": [3, 1]},
								"east": {"uv": [509, 61], "uv_size": [2, 1]},
								"south": {"uv": [293, 501], "uv_size": [3, 1]},
								"west": {"uv": [65, 509], "uv_size": [2, 1]},
								"up": {"uv": [481, 305], "uv_size": [3, 2]},
								"down": {"uv": [481, 311], "uv_size": [3, -2]}
							}
						},
						{
							"origin": [0.53143, 0.59076, 2.28677],
							"size": [0.56499, 0.565, 0.275],
							"pivot": [0.81393, 0.87326, 2.43677],
							"rotation": [90, 67.5, -90],
							"uv": {
								"north": {"uv": [501, 289], "uv_size": [3, 1]},
								"east": {"uv": [509, 61], "uv_size": [2, 1]},
								"south": {"uv": [293, 501], "uv_size": [3, 1]},
								"west": {"uv": [65, 509], "uv_size": [2, 1]},
								"up": {"uv": [481, 305], "uv_size": [3, 2]},
								"down": {"uv": [481, 311], "uv_size": [3, -2]}
							}
						},
						{
							"origin": [0.26893, 1.49076, 6.79927],
							"size": [0.46499, 0.465, 0.275],
							"pivot": [0.50143, 1.72326, 6.93677],
							"rotation": [90, 45, -135],
							"uv": {
								"north": {"uv": [501, 289], "uv_size": [3, 1]},
								"east": {"uv": [509, 61], "uv_size": [2, 1]},
								"south": {"uv": [293, 501], "uv_size": [3, 1]},
								"west": {"uv": [65, 509], "uv_size": [2, 1]},
								"up": {"uv": [481, 305], "uv_size": [3, 2]},
								"down": {"uv": [481, 311], "uv_size": [3, -2]}
							}
						},
						{
							"origin": [0.26893, 1.49076, 3.54927],
							"size": [0.46499, 0.465, 0.275],
							"pivot": [0.50143, 1.72326, 3.68677],
							"rotation": [90, 45, -135],
							"uv": {
								"north": {"uv": [501, 289], "uv_size": [3, 1]},
								"east": {"uv": [509, 61], "uv_size": [2, 1]},
								"south": {"uv": [293, 501], "uv_size": [3, 1]},
								"west": {"uv": [65, 509], "uv_size": [2, 1]},
								"up": {"uv": [481, 305], "uv_size": [3, 2]},
								"down": {"uv": [481, 311], "uv_size": [3, -2]}
							}
						},
						{
							"origin": [0.26893, 1.49076, 0.54927],
							"size": [0.46499, 0.465, 0.275],
							"pivot": [0.50143, 1.72326, 0.68677],
							"rotation": [90, 45, -135],
							"uv": {
								"north": {"uv": [501, 289], "uv_size": [3, 1]},
								"east": {"uv": [509, 61], "uv_size": [2, 1]},
								"south": {"uv": [293, 501], "uv_size": [3, 1]},
								"west": {"uv": [65, 509], "uv_size": [2, 1]},
								"up": {"uv": [481, 305], "uv_size": [3, 2]},
								"down": {"uv": [481, 311], "uv_size": [3, -2]}
							}
						},
						{
							"origin": [-1.48392, 1.49076, 6.79927],
							"size": [0.46499, 0.465, 0.275],
							"pivot": [-1.25143, 1.72326, 6.93677],
							"rotation": [90, -45, 135],
							"uv": {
								"north": {"uv": [504, 289], "uv_size": [-3, 1]},
								"east": {"uv": [67, 509], "uv_size": [-2, 1]},
								"south": {"uv": [296, 501], "uv_size": [-3, 1]},
								"west": {"uv": [511, 61], "uv_size": [-2, 1]},
								"up": {"uv": [484, 305], "uv_size": [-3, 2]},
								"down": {"uv": [484, 311], "uv_size": [-3, -2]}
							}
						},
						{
							"origin": [-1.48392, 1.49076, 3.54927],
							"size": [0.46499, 0.465, 0.275],
							"pivot": [-1.25143, 1.72326, 3.68677],
							"rotation": [90, -45, 135],
							"uv": {
								"north": {"uv": [504, 289], "uv_size": [-3, 1]},
								"east": {"uv": [67, 509], "uv_size": [-2, 1]},
								"south": {"uv": [296, 501], "uv_size": [-3, 1]},
								"west": {"uv": [511, 61], "uv_size": [-2, 1]},
								"up": {"uv": [484, 305], "uv_size": [-3, 2]},
								"down": {"uv": [484, 311], "uv_size": [-3, -2]}
							}
						},
						{
							"origin": [-1.48392, 1.49076, 0.54927],
							"size": [0.46499, 0.465, 0.275],
							"pivot": [-1.25143, 1.72326, 0.68677],
							"rotation": [90, -45, 135],
							"uv": {
								"north": {"uv": [504, 289], "uv_size": [-3, 1]},
								"east": {"uv": [67, 509], "uv_size": [-2, 1]},
								"south": {"uv": [296, 501], "uv_size": [-3, 1]},
								"west": {"uv": [511, 61], "uv_size": [-2, 1]},
								"up": {"uv": [484, 305], "uv_size": [-3, 2]},
								"down": {"uv": [484, 311], "uv_size": [-3, -2]}
							}
						}
					]
				},
				{
					"name": "_cb_canted",
					"parent": "bone",
					"pivot": [-0.40302, 2.30776, -3.88029],
					"cubes": [
						{
							"origin": [-0.90302, 1.80776, -4.38029],
							"size": [1, 1, 1],
							"uv": {
								"north": {"uv": [1, 0], "uv_size": [1, 1]},
								"east": {"uv": [1, 0], "uv_size": [1, 1]},
								"south": {"uv": [1, 0], "uv_size": [1, 1]},
								"west": {"uv": [1, 0], "uv_size": [1, 1]},
								"up": {"uv": [1, 2], "uv_size": [-1, -1]},
								"down": {"uv": [1, 2], "uv_size": [-1, -1]}
							}
						}
					]
				},
				{
					"name": "_cb_scope",
					"parent": "bone",
					"pivot": [-0.40302, 2.30776, 2.36971],
					"cubes": [
						{
							"origin": [-0.90302, 1.80776, 1.86971],
							"size": [1, 1, 1],
							"uv": {
								"north": {"uv": [1, 0], "uv_size": [1, 1]},
								"east": {"uv": [1, 0], "uv_size": [1, 1]},
								"south": {"uv": [1, 0], "uv_size": [1, 1]},
								"west": {"uv": [1, 0], "uv_size": [1, 1]},
								"up": {"uv": [1, 2], "uv_size": [-1, -1]},
								"down": {"uv": [1, 2], "uv_size": [-1, -1]}
							}
						}
					]
				}
			]
		}
	]
}