{
	"format_version": "1.12.0",
	"minecraft:geometry": [
		{
			"description": {
				"identifier": "geometry.unknown",
				"texture_width": 16,
				"texture_height": 16,
				"visible_bounds_width": 4,
				"visible_bounds_height": 2.5,
				"visible_bounds_offset": [0, 0.75, 0]
			},
			"bones": [
				{
					"name": "main2",
					"pivot": [-1.22518, 8.32984, -28.1662],
					"cubes": [
						{
							"origin": [-2.3894, 7.13191, -32.47216],
							"size": [2.32925, 2.32925, 12.6027],
							"pivot": [-1.22626, 8.29802, -28.58139],
							"rotation": [-180, 0, 45],
							"uv": {
								"north": {"uv": [4, 4], "uv_size": [2, 2]},
								"east": {"uv": [0, 0], "uv_size": [11.5, 2]},
								"south": {"uv": [4, 6], "uv_size": [2, 2]},
								"west": {"uv": [0, 2], "uv_size": [11.5, 2]},
								"up": {"uv": [0, 4], "uv_size": [2, 11.5]},
								"down": {"uv": [2, 15.5], "uv_size": [2, -11.5]}
							}
						},
						{
							"origin": [-1.8394, 7.68191, -33.02216],
							"size": [1.22925, 1.22925, 0.5577],
							"pivot": [-1.22626, 8.29802, -28.58139],
							"rotation": [-180, 0, 45],
							"uv": {
								"north": {"uv": [4.5, 4.5], "uv_size": [1.0175, 1.0175]},
								"east": {"uv": [0, 0], "uv_size": [0.507, 1.1175]},
								"south": {"uv": [4, 6], "uv_size": [1.1175, 1.1175]},
								"west": {"uv": [0, 2], "uv_size": [0.507, 1.1175]},
								"up": {"uv": [0, 4], "uv_size": [1.1175, 0.507]},
								"down": {"uv": [2, 4.507], "uv_size": [1.1175, -0.507]}
							}
						},
						{
							"origin": [-2.3894, 7.40691, 102.99501],
							"size": [0.45925, 0.45925, 0.165],
							"pivot": [-3.15126, 8.29802, 32.88424],
							"rotation": [180, 0, 45],
							"uv": {
								"north": {"uv": [9, 4], "uv_size": [0.5, 0.5]},
								"east": {"uv": [5, 9], "uv_size": [0.5, 0.5]},
								"south": {"uv": [9, 5], "uv_size": [0.5, 0.5]},
								"west": {"uv": [6, 9], "uv_size": [0.5, 0.5]},
								"up": {"uv": [9, 6], "uv_size": [0.5, 0.5]},
								"down": {"uv": [7, 9.5], "uv_size": [0.5, -0.5]}
							}
						},
						{
							"origin": [-0.7394, 7.68191, 102.99501],
							"size": [0.45925, 0.45925, 0.165],
							"pivot": [-1.22626, 8.29802, 32.88424],
							"rotation": [180, 0, 45],
							"uv": {
								"north": {"uv": [9, 7], "uv_size": [0.5, 0.5]},
								"east": {"uv": [8, 9], "uv_size": [0.5, 0.5]},
								"south": {"uv": [9, 8], "uv_size": [0.5, 0.5]},
								"west": {"uv": [9, 9], "uv_size": [0.5, 0.5]},
								"up": {"uv": [4, 10], "uv_size": [0.5, 0.5]},
								"down": {"uv": [10, 4.5], "uv_size": [0.5, -0.5]}
							}
						},
						{
							"origin": [-2.1144, 7.40691, 102.99501],
							"size": [0.45925, 0.45925, 0.165],
							"pivot": [-1.22626, 8.29802, 32.88424],
							"rotation": [180, 0, 45],
							"uv": {
								"north": {"uv": [5, 10], "uv_size": [0.5, 0.5]},
								"east": {"uv": [10, 5], "uv_size": [0.5, 0.5]},
								"south": {"uv": [6, 10], "uv_size": [0.5, 0.5]},
								"west": {"uv": [10, 6], "uv_size": [0.5, 0.5]},
								"up": {"uv": [7, 10], "uv_size": [0.5, 0.5]},
								"down": {"uv": [10, 7.5], "uv_size": [0.5, -0.5]}
							}
						}
					]
				},
				{
					"name": "_ca_suppressor",
					"parent": "main2",
					"pivot": [-1.22327, 8.32984, -24.79964],
					"cubes": [
						{
							"origin": [-1.71452, 7.83859, -25.13814],
							"size": [1, 1, 1],
							"pivot": [-1.21452, 8.33859, -24.63814],
							"rotation": [0, 0, 0],
							"uv": {
								"north": {"uv": [51, 113], "uv_size": [1, 2]},
								"east": {"uv": [113, 51], "uv_size": [1, 2]},
								"south": {"uv": [53, 113], "uv_size": [1, 2]},
								"west": {"uv": [113, 53], "uv_size": [1, 2]},
								"up": {"uv": [53, 145], "uv_size": [1, 1]},
								"down": {"uv": [145, 54], "uv_size": [1, -1]}
							}
						}
					]
				}
			]
		}
	]
}