{
	"format_version": "1.12.0",
	"minecraft:geometry": [
		{
			"description": {
				"identifier": "geometry.unknown",
				"texture_width": 1026,
				"texture_height": 1059,
				"visible_bounds_width": 9,
				"visible_bounds_height": 2.5,
				"visible_bounds_offset": [0, 0.75, 0]
			},
			"bones": [
				{
					"name": "bone",
					"pivot": [0, 0, 0]
				},
				{
					"name": "_ca_ergonomickit",
					"parent": "bone",
					"pivot": [-0.39978, 4.85884, 40.00574],
					"cubes": [
						{
							"origin": [-0.89978, 4.35884, 39.50574],
							"size": [1, 1, 1],
							"uv": {
								"north": {"uv": [0, 0], "uv_size": [1, 1]},
								"east": {"uv": [0, 0], "uv_size": [1, 1]},
								"south": {"uv": [0, 0], "uv_size": [1, 1]},
								"west": {"uv": [0, 0], "uv_size": [1, 1]},
								"up": {"uv": [1, 1], "uv_size": [-1, -1]},
								"down": {"uv": [1, 1], "uv_size": [-1, -1]}
							}
						}
					]
				},
				{
					"name": "ergonomic_kit",
					"parent": "bone",
					"pivot": [-0.4, 6.88697, 42.63167],
					"cubes": [
						{
							"origin": [-1.58573, 4.5122, 38.32674],
							"size": [0.2, 1.09471, 8.69781],
							"uv": {
								"north": {"uv": [53, 1051], "uv_size": [1, 1]},
								"east": {"uv": [48, 1026], "uv_size": [9, 1]},
								"south": {"uv": [55, 1051], "uv_size": [1, 1]},
								"west": {"uv": [48, 1027], "uv_size": [9, 1]},
								"up": {"uv": [48, 1028], "uv_size": [1, 9]},
								"down": {"uv": [48, 1046], "uv_size": [1, -9]}
							}
						},
						{
							"origin": [-0.81923, 4.21901, 30.71108],
							"size": [0.867, 0.5583, 5.71088],
							"pivot": [-0.38573, 2.72603, 33.14952],
							"rotation": [-24.25, 0, 0],
							"uv": {
								"north": {"uv": [53, 1051], "uv_size": [1, 1]},
								"east": {"uv": [48, 1026], "uv_size": [9, 1]},
								"south": {"uv": [55, 1051], "uv_size": [1, 1]},
								"west": {"uv": [48, 1027], "uv_size": [9, 1]},
								"up": {"uv": [48, 1028], "uv_size": [1, 9]},
								"down": {"uv": [48, 1046], "uv_size": [1, -9]}
							}
						},
						{
							"origin": [-0.81923, 4.53713, 31.58786],
							"size": [0.867, 0.3033, 4.65263],
							"pivot": [-0.38573, 2.72603, 33.14952],
							"rotation": [-21.5, 0, 0],
							"uv": {
								"north": {"uv": [53, 1051], "uv_size": [1, 1]},
								"east": {"uv": [48, 1026], "uv_size": [9, 1]},
								"south": {"uv": [55, 1051], "uv_size": [1, 1]},
								"west": {"uv": [48, 1027], "uv_size": [9, 1]},
								"up": {"uv": [48, 1028], "uv_size": [1, 9]},
								"down": {"uv": [48, 1046], "uv_size": [1, -9]}
							}
						},
						{
							"origin": [-0.81923, 4.49951, 29.98433],
							"size": [0.867, 0.2778, 0.75113],
							"pivot": [-0.38573, 2.72603, 33.14952],
							"rotation": [-24.25, 0, 0],
							"uv": {
								"north": {"uv": [53, 1051], "uv_size": [1, 1]},
								"east": {"uv": [48, 1026], "uv_size": [9, 1]},
								"south": {"uv": [55, 1051], "uv_size": [1, 1]},
								"west": {"uv": [48, 1027], "uv_size": [9, 1]},
								"up": {"uv": [48, 1028], "uv_size": [1, 9]},
								"down": {"uv": [48, 1046], "uv_size": [1, -9]}
							}
						},
						{
							"origin": [-0.81923, 1.04455, 30.3664],
							"size": [0.867, 0.2778, 0.91688],
							"pivot": [-0.38573, 2.72603, 33.14952],
							"rotation": [-91.75, 0, 0],
							"uv": {
								"north": {"uv": [53, 1051], "uv_size": [1, 1]},
								"east": {"uv": [48, 1026], "uv_size": [9, 1]},
								"south": {"uv": [55, 1051], "uv_size": [1, 1]},
								"west": {"uv": [48, 1027], "uv_size": [9, 1]},
								"up": {"uv": [48, 1028], "uv_size": [1, 9]},
								"down": {"uv": [48, 1046], "uv_size": [1, -9]}
							}
						},
						{
							"origin": [-0.81923, 0.94255, 30.3664],
							"size": [0.867, 0.2778, 0.34313],
							"pivot": [-0.38573, 2.72603, 33.14952],
							"rotation": [-91.75, 0, 0],
							"uv": {
								"north": {"uv": [53, 1051], "uv_size": [1, 1]},
								"east": {"uv": [48, 1026], "uv_size": [9, 1]},
								"south": {"uv": [55, 1051], "uv_size": [1, 1]},
								"west": {"uv": [48, 1027], "uv_size": [9, 1]},
								"up": {"uv": [48, 1028], "uv_size": [1, 9]},
								"down": {"uv": [48, 1046], "uv_size": [1, -9]}
							}
						},
						{
							"origin": [-0.81923, 2.09635, 29.5794],
							"size": [0.867, 0.3288, 0.98063],
							"pivot": [-0.38573, 2.72603, 33.14952],
							"rotation": [-63.5, 0, 0],
							"uv": {
								"north": {"uv": [53, 1051], "uv_size": [1, 1]},
								"east": {"uv": [48, 1026], "uv_size": [9, 1]},
								"south": {"uv": [55, 1051], "uv_size": [1, 1]},
								"west": {"uv": [48, 1027], "uv_size": [9, 1]},
								"up": {"uv": [48, 1028], "uv_size": [1, 9]},
								"down": {"uv": [48, 1046], "uv_size": [1, -9]}
							}
						},
						{
							"origin": [-0.81923, 0.27402, 31.67678],
							"size": [0.867, 0.5583, 4.70363],
							"pivot": [-0.38573, 2.72603, 33.14952],
							"rotation": [43.25, 0, 0],
							"uv": {
								"north": {"uv": [53, 1051], "uv_size": [1, 1]},
								"east": {"uv": [48, 1026], "uv_size": [9, 1]},
								"south": {"uv": [55, 1051], "uv_size": [1, 1]},
								"west": {"uv": [48, 1027], "uv_size": [9, 1]},
								"up": {"uv": [48, 1028], "uv_size": [1, 9]},
								"down": {"uv": [48, 1046], "uv_size": [1, -9]}
							}
						},
						{
							"origin": [-0.81923, -0.10292, 32.3076],
							"size": [0.867, 0.5583, 0.41963],
							"pivot": [-0.38573, 2.72603, 33.14952],
							"rotation": [20.75, 0, 0],
							"uv": {
								"north": {"uv": [53, 1051], "uv_size": [1, 1]},
								"east": {"uv": [48, 1026], "uv_size": [9, 1]},
								"south": {"uv": [55, 1051], "uv_size": [1, 1]},
								"west": {"uv": [48, 1027], "uv_size": [9, 1]},
								"up": {"uv": [48, 1028], "uv_size": [1, 9]},
								"down": {"uv": [48, 1046], "uv_size": [1, -9]}
							}
						},
						{
							"origin": [-0.81923, 0.13033, 33.57393],
							"size": [0.867, 0.5583, 0.98063],
							"pivot": [-0.38573, 2.72603, 33.14952],
							"rotation": [-24.25, 0, 0],
							"uv": {
								"north": {"uv": [53, 1051], "uv_size": [1, 1]},
								"east": {"uv": [48, 1026], "uv_size": [9, 1]},
								"south": {"uv": [55, 1051], "uv_size": [1, 1]},
								"west": {"uv": [48, 1027], "uv_size": [9, 1]},
								"up": {"uv": [48, 1028], "uv_size": [1, 9]},
								"down": {"uv": [48, 1046], "uv_size": [1, -9]}
							}
						},
						{
							"origin": [-0.81923, 0.49033, 34.26832],
							"size": [0.867, 0.7623, 0.26663],
							"pivot": [-0.38573, 2.72603, 33.14952],
							"rotation": [-46.75, 0, 0],
							"uv": {
								"north": {"uv": [53, 1051], "uv_size": [1, 1]},
								"east": {"uv": [48, 1026], "uv_size": [9, 1]},
								"south": {"uv": [55, 1051], "uv_size": [1, 1]},
								"west": {"uv": [48, 1027], "uv_size": [9, 1]},
								"up": {"uv": [48, 1028], "uv_size": [1, 9]},
								"down": {"uv": [48, 1046], "uv_size": [1, -9]}
							}
						},
						{
							"origin": [-0.81923, 0.94011, 33.83199],
							"size": [0.867, 0.7623, 0.26663],
							"pivot": [-0.38573, 2.72603, 33.14952],
							"rotation": [-31.5, 0, 0],
							"uv": {
								"north": {"uv": [53, 1051], "uv_size": [1, 1]},
								"east": {"uv": [48, 1026], "uv_size": [9, 1]},
								"south": {"uv": [55, 1051], "uv_size": [1, 1]},
								"west": {"uv": [48, 1027], "uv_size": [9, 1]},
								"up": {"uv": [48, 1028], "uv_size": [1, 9]},
								"down": {"uv": [48, 1046], "uv_size": [1, -9]}
							}
						},
						{
							"origin": [-0.81923, 0.97955, 32.80066],
							"size": [0.867, 1.4763, 0.39413],
							"pivot": [-0.38573, 2.72603, 33.14952],
							"rotation": [6.75, 0, 0],
							"uv": {
								"north": {"uv": [53, 1051], "uv_size": [1, 1]},
								"east": {"uv": [48, 1026], "uv_size": [9, 1]},
								"south": {"uv": [55, 1051], "uv_size": [1, 1]},
								"west": {"uv": [48, 1027], "uv_size": [9, 1]},
								"up": {"uv": [48, 1028], "uv_size": [1, 9]},
								"down": {"uv": [48, 1046], "uv_size": [1, -9]}
							}
						},
						{
							"origin": [-0.81923, 2.46716, 32.46885],
							"size": [0.867, 0.87705, 0.39413],
							"pivot": [-0.38573, 2.72603, 33.14952],
							"rotation": [26.5, 0, 0],
							"uv": {
								"north": {"uv": [53, 1051], "uv_size": [1, 1]},
								"east": {"uv": [48, 1026], "uv_size": [9, 1]},
								"south": {"uv": [55, 1051], "uv_size": [1, 1]},
								"west": {"uv": [48, 1027], "uv_size": [9, 1]},
								"up": {"uv": [48, 1028], "uv_size": [1, 9]},
								"down": {"uv": [48, 1046], "uv_size": [1, -9]}
							}
						},
						{
							"origin": [-0.81923, 2.50423, 32.48516],
							"size": [0.867, 0.52005, 0.39413],
							"pivot": [-0.38573, 2.72603, 33.14952],
							"rotation": [71.5, 0, 0],
							"uv": {
								"north": {"uv": [53, 1051], "uv_size": [1, 1]},
								"east": {"uv": [48, 1026], "uv_size": [9, 1]},
								"south": {"uv": [55, 1051], "uv_size": [1, 1]},
								"west": {"uv": [48, 1027], "uv_size": [9, 1]},
								"up": {"uv": [48, 1028], "uv_size": [1, 9]},
								"down": {"uv": [48, 1046], "uv_size": [1, -9]}
							}
						},
						{
							"origin": [-0.81923, 4.04816, 32.46885],
							"size": [0.867, 0.39255, 0.39413],
							"pivot": [-0.38573, 2.72603, 33.14952],
							"rotation": [26.5, 0, 0],
							"uv": {
								"north": {"uv": [53, 1051], "uv_size": [1, 1]},
								"east": {"uv": [48, 1026], "uv_size": [9, 1]},
								"south": {"uv": [55, 1051], "uv_size": [1, 1]},
								"west": {"uv": [48, 1027], "uv_size": [9, 1]},
								"up": {"uv": [48, 1028], "uv_size": [1, 9]},
								"down": {"uv": [48, 1046], "uv_size": [1, -9]}
							}
						},
						{
							"origin": [-0.81923, 3.57356, 31.51088],
							"size": [0.867, 0.39255, 0.39413],
							"pivot": [-0.38573, 2.72603, 33.14952],
							"rotation": [-14.5, 0, 0],
							"uv": {
								"north": {"uv": [53, 1051], "uv_size": [1, 1]},
								"east": {"uv": [48, 1026], "uv_size": [9, 1]},
								"south": {"uv": [55, 1051], "uv_size": [1, 1]},
								"west": {"uv": [48, 1027], "uv_size": [9, 1]},
								"up": {"uv": [48, 1028], "uv_size": [1, 9]},
								"down": {"uv": [48, 1046], "uv_size": [1, -9]}
							}
						},
						{
							"origin": [-0.81923, 4.48073, 32.66797],
							"size": [0.867, 0.69855, 0.39413],
							"pivot": [-0.38573, 2.72603, 33.14952],
							"rotation": [27.75, 0, 0],
							"uv": {
								"north": {"uv": [53, 1051], "uv_size": [1, 1]},
								"east": {"uv": [48, 1026], "uv_size": [9, 1]},
								"south": {"uv": [55, 1051], "uv_size": [1, 1]},
								"west": {"uv": [48, 1027], "uv_size": [9, 1]},
								"up": {"uv": [48, 1028], "uv_size": [1, 9]},
								"down": {"uv": [48, 1046], "uv_size": [1, -9]}
							}
						},
						{
							"origin": [-0.81923, 4.15579, 33.07197],
							"size": [0.867, 1.23405, 0.95513],
							"pivot": [-0.38573, 2.72603, 33.14952],
							"rotation": [38.5, 0, 0],
							"uv": {
								"north": {"uv": [53, 1051], "uv_size": [1, 1]},
								"east": {"uv": [48, 1026], "uv_size": [9, 1]},
								"south": {"uv": [55, 1051], "uv_size": [1, 1]},
								"west": {"uv": [48, 1027], "uv_size": [9, 1]},
								"up": {"uv": [48, 1028], "uv_size": [1, 9]},
								"down": {"uv": [48, 1046], "uv_size": [1, -9]}
							}
						},
						{
							"origin": [-0.81923, 3.57117, 33.6031],
							"size": [0.867, 0.57105, 0.39413],
							"pivot": [-0.38573, 2.72603, 33.14952],
							"rotation": [71.5, 0, 0],
							"uv": {
								"north": {"uv": [53, 1051], "uv_size": [1, 1]},
								"east": {"uv": [48, 1026], "uv_size": [9, 1]},
								"south": {"uv": [55, 1051], "uv_size": [1, 1]},
								"west": {"uv": [48, 1027], "uv_size": [9, 1]},
								"up": {"uv": [48, 1028], "uv_size": [1, 9]},
								"down": {"uv": [48, 1046], "uv_size": [1, -9]}
							}
						},
						{
							"origin": [-0.81923, 2.68185, 32.2311],
							"size": [0.867, 0.57105, 0.39413],
							"pivot": [-0.38573, 2.72603, 33.14952],
							"rotation": [-18.5, 0, 0],
							"uv": {
								"north": {"uv": [53, 1051], "uv_size": [1, 1]},
								"east": {"uv": [48, 1026], "uv_size": [9, 1]},
								"south": {"uv": [55, 1051], "uv_size": [1, 1]},
								"west": {"uv": [48, 1027], "uv_size": [9, 1]},
								"up": {"uv": [48, 1028], "uv_size": [1, 9]},
								"down": {"uv": [48, 1046], "uv_size": [1, -9]}
							}
						},
						{
							"origin": [-0.81923, 3.30974, 32.48994],
							"size": [0.867, 0.57105, 0.39413],
							"pivot": [-0.38573, 2.72603, 33.14952],
							"rotation": [20.25, 0, 0],
							"uv": {
								"north": {"uv": [53, 1051], "uv_size": [1, 1]},
								"east": {"uv": [48, 1026], "uv_size": [9, 1]},
								"south": {"uv": [55, 1051], "uv_size": [1, 1]},
								"west": {"uv": [48, 1027], "uv_size": [9, 1]},
								"up": {"uv": [48, 1028], "uv_size": [1, 9]},
								"down": {"uv": [48, 1046], "uv_size": [1, -9]}
							}
						},
						{
							"origin": [-0.81923, 2.54459, 31.65921],
							"size": [0.867, 0.5583, 3.02063],
							"pivot": [-0.38573, 2.72603, 33.14952],
							"rotation": [113, 0, 0],
							"uv": {
								"north": {"uv": [53, 1051], "uv_size": [1, 1]},
								"east": {"uv": [48, 1026], "uv_size": [9, 1]},
								"south": {"uv": [55, 1051], "uv_size": [1, 1]},
								"west": {"uv": [48, 1027], "uv_size": [9, 1]},
								"up": {"uv": [48, 1028], "uv_size": [1, 9]},
								"down": {"uv": [48, 1046], "uv_size": [1, -9]}
							}
						},
						{
							"origin": [-0.81923, 3.24856, 31.18262],
							"size": [0.867, 1.41255, 1.08263],
							"pivot": [-0.38573, 2.72603, 33.14952],
							"rotation": [142.75, 0, 0],
							"uv": {
								"north": {"uv": [53, 1051], "uv_size": [1, 1]},
								"east": {"uv": [48, 1026], "uv_size": [9, 1]},
								"south": {"uv": [55, 1051], "uv_size": [1, 1]},
								"west": {"uv": [48, 1027], "uv_size": [9, 1]},
								"up": {"uv": [48, 1028], "uv_size": [1, 9]},
								"down": {"uv": [48, 1046], "uv_size": [1, -9]}
							}
						},
						{
							"origin": [-0.81923, 3.72578, 33.38697],
							"size": [0.867, 0.5583, 1.12088],
							"pivot": [-0.38573, 2.72603, 33.14952],
							"rotation": [45.5, 0, 0],
							"uv": {
								"north": {"uv": [53, 1051], "uv_size": [1, 1]},
								"east": {"uv": [48, 1026], "uv_size": [9, 1]},
								"south": {"uv": [55, 1051], "uv_size": [1, 1]},
								"west": {"uv": [48, 1027], "uv_size": [9, 1]},
								"up": {"uv": [48, 1028], "uv_size": [1, 9]},
								"down": {"uv": [48, 1046], "uv_size": [1, -9]}
							}
						},
						{
							"origin": [-1.58573, 5.7122, 41.25174],
							"size": [0.2, 2.56971, 4.12281],
							"pivot": [-1.48573, 5.05956, 42.67565],
							"rotation": [32.5, 0, 0],
							"uv": {
								"north": {"uv": [42, 1048], "uv_size": [1, 3]},
								"east": {"uv": [34, 1026], "uv_size": [4, 3]},
								"south": {"uv": [43, 1048], "uv_size": [1, 3]},
								"west": {"uv": [34, 1029], "uv_size": [4, 3]},
								"up": {"uv": [34, 1043], "uv_size": [1, 4]},
								"down": {"uv": [35, 1047], "uv_size": [1, -4]}
							}
						},
						{
							"origin": [-1.58573, 7.7122, 41.25174],
							"size": [0.2, 1.26971, 2.62281],
							"pivot": [-1.48573, 5.05956, 42.67565],
							"rotation": [32.5, 0, 0],
							"uv": {
								"north": {"uv": [59, 1048], "uv_size": [1, 1]},
								"east": {"uv": [44, 1048], "uv_size": [3, 1]},
								"south": {"uv": [59, 1049], "uv_size": [1, 1]},
								"west": {"uv": [56, 1036], "uv_size": [3, 1]},
								"up": {"uv": [47, 1048], "uv_size": [1, 3]},
								"down": {"uv": [49, 1051], "uv_size": [1, -3]}
							}
						},
						{
							"origin": [-1.58573, 8.8122, 41.25174],
							"size": [0.2, 1.26971, 1.62281],
							"pivot": [-1.48573, 5.05956, 42.67565],
							"rotation": [32.5, 0, 0],
							"uv": {
								"north": {"uv": [58, 1051], "uv_size": [1, 1]},
								"east": {"uv": [56, 1047], "uv_size": [2, 1]},
								"south": {"uv": [59, 1050], "uv_size": [1, 1]},
								"west": {"uv": [57, 1026], "uv_size": [2, 1]},
								"up": {"uv": [57, 1030], "uv_size": [1, 2]},
								"down": {"uv": [39, 1051], "uv_size": [1, -2]}
							}
						},
						{
							"origin": [-1.58573, 6.9872, 38.75174],
							"size": [0.2, 4.39471, 1.87281],
							"pivot": [-1.48573, 5.05956, 42.67565],
							"rotation": [32.5, 0, 0],
							"uv": {
								"north": {"uv": [36, 1043], "uv_size": [1, 4]},
								"east": {"uv": [50, 1030], "uv_size": [2, 4]},
								"south": {"uv": [37, 1043], "uv_size": [1, 4]},
								"west": {"uv": [50, 1034], "uv_size": [2, 4]},
								"up": {"uv": [40, 1049], "uv_size": [1, 2]},
								"down": {"uv": [57, 1034], "uv_size": [1, -2]}
							}
						},
						{
							"origin": [-1.58573, 3.8122, 43.67674],
							"size": [0.2, 1.91971, 1.69781],
							"pivot": [-1.48573, 5.05956, 42.67565],
							"rotation": [32.5, 0, 0],
							"uv": {
								"north": {"uv": [41, 1049], "uv_size": [1, 2]},
								"east": {"uv": [38, 1043], "uv_size": [2, 2]},
								"south": {"uv": [44, 1049], "uv_size": [1, 2]},
								"west": {"uv": [40, 1043], "uv_size": [2, 2]},
								"up": {"uv": [45, 1049], "uv_size": [1, 2]},
								"down": {"uv": [46, 1051], "uv_size": [1, -2]}
							}
						},
						{
							"origin": [-1.93573, 5.46965, 44.87782],
							"size": [0.35, 1.5978, 1.59781],
							"pivot": [-1.48573, 6.30451, 45.67673],
							"rotation": [-12.5, 0, 0],
							"uv": {
								"north": {"uv": [57, 1038], "uv_size": [1, 2]},
								"east": {"uv": [52, 1030], "uv_size": [2, 2]},
								"south": {"uv": [57, 1040], "uv_size": [1, 2]},
								"west": {"uv": [52, 1032], "uv_size": [2, 2]},
								"up": {"uv": [57, 1044], "uv_size": [1, 2]},
								"down": {"uv": [55, 1051], "uv_size": [1, -2]}
							}
						},
						{
							"origin": [0.78573, 5.71965, 45.02782],
							"size": [0.35, 1.0978, 1.09781],
							"pivot": [1.48573, 6.30451, 45.57673],
							"rotation": [-12.5, 0, 0],
							"uv": {
								"north": {"uv": [59, 1051], "uv_size": [1, 1]},
								"east": {"uv": [34, 1052], "uv_size": [1, 1]},
								"south": {"uv": [35, 1052], "uv_size": [1, 1]},
								"west": {"uv": [60, 1028], "uv_size": [1, 1]},
								"up": {"uv": [60, 1029], "uv_size": [1, 1]},
								"down": {"uv": [38, 1053], "uv_size": [1, -1]}
							}
						},
						{
							"origin": [-1.58573, 5.96965, 45.37782],
							"size": [2.4, 0.5978, 0.59781],
							"pivot": [-1.48573, 6.30451, 45.67673],
							"rotation": [-12.5, 0, 0],
							"uv": {
								"north": {"uv": [57, 1027], "uv_size": [2, 1]},
								"east": {"uv": [60, 1030], "uv_size": [1, 1]},
								"south": {"uv": [57, 1046], "uv_size": [2, 1]},
								"west": {"uv": [60, 1031], "uv_size": [1, 1]},
								"up": {"uv": [56, 1049], "uv_size": [2, 1]},
								"down": {"uv": [58, 1029], "uv_size": [2, -1]}
							}
						},
						{
							"origin": [-1.58573, 5.9705, 39.87004],
							"size": [2.4, 0.5978, 0.59781],
							"pivot": [-0.4, 6.2694, 40.16895],
							"rotation": [77.5, 0, 0],
							"uv": {
								"north": {"uv": [58, 1029], "uv_size": [2, 1]},
								"east": {"uv": [60, 1032], "uv_size": [1, 1]},
								"south": {"uv": [58, 1030], "uv_size": [2, 1]},
								"west": {"uv": [41, 1052], "uv_size": [1, 1]},
								"up": {"uv": [58, 1031], "uv_size": [2, 1]},
								"down": {"uv": [58, 1033], "uv_size": [2, -1]}
							}
						},
						{
							"origin": [0.78573, 5.7205, 39.52004],
							"size": [0.35, 1.0978, 1.09781],
							"pivot": [-0.4, 6.2694, 40.06895],
							"rotation": [77.5, 0, 0],
							"uv": {
								"north": {"uv": [60, 1033], "uv_size": [1, 1]},
								"east": {"uv": [42, 1052], "uv_size": [1, 1]},
								"south": {"uv": [60, 1034], "uv_size": [1, 1]},
								"west": {"uv": [60, 1035], "uv_size": [1, 1]},
								"up": {"uv": [44, 1052], "uv_size": [1, 1]},
								"down": {"uv": [45, 1053], "uv_size": [1, -1]}
							}
						},
						{
							"origin": [-1.93573, 5.4705, 39.37004],
							"size": [0.35, 1.5978, 1.59781],
							"pivot": [-0.4, 6.2694, 40.16895],
							"rotation": [77.5, 0, 0],
							"uv": {
								"north": {"uv": [58, 1033], "uv_size": [1, 2]},
								"east": {"uv": [52, 1034], "uv_size": [2, 2]},
								"south": {"uv": [58, 1038], "uv_size": [1, 2]},
								"west": {"uv": [52, 1036], "uv_size": [2, 2]},
								"up": {"uv": [48, 1050], "uv_size": [1, 2]},
								"down": {"uv": [58, 1042], "uv_size": [1, -2]}
							}
						},
						{
							"origin": [-1.58573, 3.0622, 45.92674],
							"size": [0.2, 4.21971, 1.44781],
							"pivot": [-1.48573, 5.05956, 42.67565],
							"rotation": [32.5, 0, 0],
							"uv": {
								"north": {"uv": [52, 1038], "uv_size": [1, 4]},
								"east": {"uv": [52, 1042], "uv_size": [1, 4]},
								"south": {"uv": [38, 1045], "uv_size": [1, 4]},
								"west": {"uv": [39, 1045], "uv_size": [1, 4]},
								"up": {"uv": [46, 1052], "uv_size": [1, 1]},
								"down": {"uv": [47, 1053], "uv_size": [1, -1]}
							}
						},
						{
							"origin": [-1.58573, 5.0622, 42.17674],
							"size": [0.2, 0.66971, 1.69781],
							"pivot": [-1.48573, 5.05956, 42.67565],
							"rotation": [32.5, 0, 0],
							"uv": {
								"north": {"uv": [48, 1052], "uv_size": [1, 1]},
								"east": {"uv": [58, 1035], "uv_size": [2, 1]},
								"south": {"uv": [49, 1052], "uv_size": [1, 1]},
								"west": {"uv": [50, 1050], "uv_size": [2, 1]},
								"up": {"uv": [58, 1044], "uv_size": [1, 2]},
								"down": {"uv": [54, 1052], "uv_size": [1, -2]}
							}
						},
						{
							"origin": [-1.58573, 6.13479, 37.91944],
							"size": [0.2, 1.09471, 0.94781],
							"pivot": [-1.48573, 6.68215, 34.51834],
							"rotation": [-22.5, 0, 0],
							"uv": {
								"north": {"uv": [50, 1052], "uv_size": [1, 1]},
								"east": {"uv": [51, 1052], "uv_size": [1, 1]},
								"south": {"uv": [52, 1052], "uv_size": [1, 1]},
								"west": {"uv": [53, 1052], "uv_size": [1, 1]},
								"up": {"uv": [54, 1052], "uv_size": [1, 1]},
								"down": {"uv": [55, 1053], "uv_size": [1, -1]}
							}
						},
						{
							"origin": [-1.58573, 6.13479, 46.48405],
							"size": [0.2, 1.09471, 0.94781],
							"pivot": [-1.48573, 6.68215, 50.83295],
							"rotation": [22.5, 0, 0],
							"uv": {
								"north": {"uv": [56, 1052], "uv_size": [1, 1]},
								"east": {"uv": [60, 1048], "uv_size": [1, 1]},
								"south": {"uv": [57, 1052], "uv_size": [1, 1]},
								"west": {"uv": [60, 1049], "uv_size": [1, 1]},
								"up": {"uv": [58, 1052], "uv_size": [1, 1]},
								"down": {"uv": [60, 1051], "uv_size": [1, -1]}
							}
						},
						{
							"origin": [-1.58573, 5.0497, 47.37437],
							"size": [0.2, 1.09471, 0.94781],
							"pivot": [-1.48573, 5.59705, 47.84827],
							"rotation": [45, 0, 0],
							"uv": {
								"north": {"uv": [59, 1052], "uv_size": [1, 1]},
								"east": {"uv": [60, 1051], "uv_size": [1, 1]},
								"south": {"uv": [60, 1052], "uv_size": [1, 1]},
								"west": {"uv": [34, 1053], "uv_size": [1, 1]},
								"up": {"uv": [61, 1026], "uv_size": [1, 1]},
								"down": {"uv": [35, 1054], "uv_size": [1, -1]}
							}
						},
						{
							"origin": [-1.58573, 5.47166, 47.54915],
							"size": [0.2, 1.09471, 0.64781],
							"pivot": [-1.48573, 6.01902, 48.02306],
							"rotation": [90, 0, 0],
							"uv": {
								"north": {"uv": [61, 1027], "uv_size": [1, 1]},
								"east": {"uv": [36, 1053], "uv_size": [1, 1]},
								"south": {"uv": [61, 1028], "uv_size": [1, 1]},
								"west": {"uv": [37, 1053], "uv_size": [1, 1]},
								"up": {"uv": [61, 1029], "uv_size": [1, 1]},
								"down": {"uv": [38, 1054], "uv_size": [1, -1]}
							}
						},
						{
							"origin": [-1.58573, 5.71982, 47.37632],
							"size": [0.2, 1.09471, 3.99781],
							"pivot": [-1.48573, 6.26717, 47.85023],
							"rotation": [125, 0, 0],
							"uv": {
								"north": {"uv": [61, 1030], "uv_size": [1, 1]},
								"east": {"uv": [53, 1038], "uv_size": [4, 1]},
								"south": {"uv": [39, 1053], "uv_size": [1, 1]},
								"west": {"uv": [53, 1039], "uv_size": [4, 1]},
								"up": {"uv": [40, 1045], "uv_size": [1, 4]},
								"down": {"uv": [41, 1049], "uv_size": [1, -4]}
							}
						},
						{
							"origin": [-1.58573, 6.37076, 34.7245],
							"size": [0.2, 1.09471, 4.14781],
							"pivot": [-1.48573, 6.91812, 36.79841],
							"rotation": [-57.5, 0, 0],
							"uv": {
								"north": {"uv": [61, 1031], "uv_size": [1, 1]},
								"east": {"uv": [53, 1040], "uv_size": [4, 1]},
								"south": {"uv": [40, 1053], "uv_size": [1, 1]},
								"west": {"uv": [53, 1041], "uv_size": [4, 1]},
								"up": {"uv": [53, 1042], "uv_size": [1, 4]},
								"down": {"uv": [54, 1034], "uv_size": [1, -4]}
							}
						},
						{
							"origin": [-1.58573, 5.34218, 34.24879],
							"size": [0.2, 11.0549, 1.0946],
							"pivot": [-1.48573, 6.91812, 36.79841],
							"rotation": [-90, 0, 0],
							"uv": {
								"north": {"uv": [34, 1032], "uv_size": [1, 11]},
								"east": {"uv": [35, 1032], "uv_size": [1, 11]},
								"south": {"uv": [36, 1032], "uv_size": [1, 11]},
								"west": {"uv": [37, 1032], "uv_size": [1, 11]},
								"up": {"uv": [61, 1032], "uv_size": [1, 1]},
								"down": {"uv": [41, 1054], "uv_size": [1, -1]}
							}
						},
						{
							"origin": [0.58573, 4.5122, 38.32674],
							"size": [0.2, 1.09471, 8.69781],
							"uv": {
								"north": {"uv": [61, 1033], "uv_size": [1, 1]},
								"east": {"uv": [49, 1028], "uv_size": [9, 1]},
								"south": {"uv": [42, 1053], "uv_size": [1, 1]},
								"west": {"uv": [49, 1029], "uv_size": [9, 1]},
								"up": {"uv": [49, 1030], "uv_size": [1, 9]},
								"down": {"uv": [49, 1048], "uv_size": [1, -9]}
							}
						},
						{
							"origin": [0.58573, 6.13479, 37.91944],
							"size": [0.2, 1.09471, 0.94781],
							"pivot": [0.68573, 6.68215, 34.51834],
							"rotation": [-22.5, 0, 0],
							"uv": {
								"north": {"uv": [61, 1034], "uv_size": [1, 1]},
								"east": {"uv": [43, 1053], "uv_size": [1, 1]},
								"south": {"uv": [61, 1035], "uv_size": [1, 1]},
								"west": {"uv": [44, 1053], "uv_size": [1, 1]},
								"up": {"uv": [61, 1036], "uv_size": [1, 1]},
								"down": {"uv": [45, 1054], "uv_size": [1, -1]}
							}
						},
						{
							"origin": [0.58573, 6.13479, 46.48405],
							"size": [0.2, 1.09471, 0.94781],
							"pivot": [0.68573, 6.68215, 50.83295],
							"rotation": [22.5, 0, 0],
							"uv": {
								"north": {"uv": [61, 1037], "uv_size": [1, 1]},
								"east": {"uv": [46, 1053], "uv_size": [1, 1]},
								"south": {"uv": [61, 1038], "uv_size": [1, 1]},
								"west": {"uv": [47, 1053], "uv_size": [1, 1]},
								"up": {"uv": [61, 1039], "uv_size": [1, 1]},
								"down": {"uv": [48, 1054], "uv_size": [1, -1]}
							}
						},
						{
							"origin": [0.58573, 5.0497, 47.37437],
							"size": [0.2, 1.09471, 0.94781],
							"pivot": [0.68573, 5.59705, 47.84827],
							"rotation": [45, 0, 0],
							"uv": {
								"north": {"uv": [61, 1040], "uv_size": [1, 1]},
								"east": {"uv": [49, 1053], "uv_size": [1, 1]},
								"south": {"uv": [61, 1041], "uv_size": [1, 1]},
								"west": {"uv": [50, 1053], "uv_size": [1, 1]},
								"up": {"uv": [61, 1042], "uv_size": [1, 1]},
								"down": {"uv": [51, 1054], "uv_size": [1, -1]}
							}
						},
						{
							"origin": [0.58573, 5.47166, 47.54915],
							"size": [0.2, 1.09471, 0.64781],
							"pivot": [0.68573, 6.01902, 48.02306],
							"rotation": [90, 0, 0],
							"uv": {
								"north": {"uv": [61, 1043], "uv_size": [1, 1]},
								"east": {"uv": [52, 1053], "uv_size": [1, 1]},
								"south": {"uv": [61, 1044], "uv_size": [1, 1]},
								"west": {"uv": [53, 1053], "uv_size": [1, 1]},
								"up": {"uv": [61, 1045], "uv_size": [1, 1]},
								"down": {"uv": [54, 1054], "uv_size": [1, -1]}
							}
						},
						{
							"origin": [0.58573, 5.71982, 47.37632],
							"size": [0.2, 1.09471, 3.99781],
							"pivot": [0.68573, 6.26717, 47.85023],
							"rotation": [125, 0, 0],
							"uv": {
								"north": {"uv": [61, 1046], "uv_size": [1, 1]},
								"east": {"uv": [54, 1034], "uv_size": [4, 1]},
								"south": {"uv": [55, 1053], "uv_size": [1, 1]},
								"west": {"uv": [54, 1035], "uv_size": [4, 1]},
								"up": {"uv": [48, 1046], "uv_size": [1, 4]},
								"down": {"uv": [50, 1050], "uv_size": [1, -4]}
							}
						},
						{
							"origin": [0.58573, 5.7122, 41.25174],
							"size": [0.2, 2.56971, 4.12281],
							"pivot": [0.68573, 5.05956, 42.67565],
							"rotation": [32.5, 0, 0],
							"uv": {
								"north": {"uv": [52, 1048], "uv_size": [1, 3]},
								"east": {"uv": [38, 1026], "uv_size": [4, 3]},
								"south": {"uv": [56, 1044], "uv_size": [1, 3]},
								"west": {"uv": [38, 1029], "uv_size": [4, 3]},
								"up": {"uv": [54, 1042], "uv_size": [1, 4]},
								"down": {"uv": [51, 1050], "uv_size": [1, -4]}
							}
						},
						{
							"origin": [0.58573, 3.8122, 43.67674],
							"size": [0.2, 1.91971, 1.69781],
							"pivot": [0.68573, 5.05956, 42.67565],
							"rotation": [32.5, 0, 0],
							"uv": {
								"north": {"uv": [58, 1047], "uv_size": [1, 2]},
								"east": {"uv": [54, 1036], "uv_size": [2, 2]},
								"south": {"uv": [56, 1050], "uv_size": [1, 2]},
								"west": {"uv": [52, 1046], "uv_size": [2, 2]},
								"up": {"uv": [57, 1050], "uv_size": [1, 2]},
								"down": {"uv": [58, 1051], "uv_size": [1, -2]}
							}
						},
						{
							"origin": [0.58573, 5.0622, 42.17674],
							"size": [0.2, 0.66971, 1.69781],
							"pivot": [0.68573, 5.05956, 42.67565],
							"rotation": [32.5, 0, 0],
							"uv": {
								"north": {"uv": [61, 1047], "uv_size": [1, 1]},
								"east": {"uv": [34, 1051], "uv_size": [2, 1]},
								"south": {"uv": [56, 1053], "uv_size": [1, 1]},
								"west": {"uv": [59, 1026], "uv_size": [2, 1]},
								"up": {"uv": [36, 1051], "uv_size": [1, 2]},
								"down": {"uv": [37, 1053], "uv_size": [1, -2]}
							}
						},
						{
							"origin": [0.58573, 3.0622, 45.92674],
							"size": [0.2, 4.21971, 1.44781],
							"pivot": [0.68573, 5.05956, 42.67565],
							"rotation": [32.5, 0, 0],
							"uv": {
								"north": {"uv": [54, 1046], "uv_size": [1, 4]},
								"east": {"uv": [34, 1047], "uv_size": [1, 4]},
								"south": {"uv": [35, 1047], "uv_size": [1, 4]},
								"west": {"uv": [36, 1047], "uv_size": [1, 4]},
								"up": {"uv": [61, 1048], "uv_size": [1, 1]},
								"down": {"uv": [57, 1054], "uv_size": [1, -1]}
							}
						},
						{
							"origin": [0.58573, 6.9872, 38.75174],
							"size": [0.2, 4.39471, 1.87281],
							"pivot": [0.68573, 5.05956, 42.67565],
							"rotation": [32.5, 0, 0],
							"uv": {
								"north": {"uv": [37, 1047], "uv_size": [1, 4]},
								"east": {"uv": [50, 1038], "uv_size": [2, 4]},
								"south": {"uv": [55, 1030], "uv_size": [1, 4]},
								"west": {"uv": [50, 1042], "uv_size": [2, 4]},
								"up": {"uv": [39, 1051], "uv_size": [1, 2]},
								"down": {"uv": [40, 1053], "uv_size": [1, -2]}
							}
						},
						{
							"origin": [0.58573, 6.37076, 34.7245],
							"size": [0.2, 1.09471, 4.14781],
							"pivot": [0.68573, 6.91812, 36.79841],
							"rotation": [-57.5, 0, 0],
							"uv": {
								"north": {"uv": [61, 1049], "uv_size": [1, 1]},
								"east": {"uv": [55, 1042], "uv_size": [4, 1]},
								"south": {"uv": [58, 1053], "uv_size": [1, 1]},
								"west": {"uv": [55, 1043], "uv_size": [4, 1]},
								"up": {"uv": [55, 1044], "uv_size": [1, 4]},
								"down": {"uv": [56, 1034], "uv_size": [1, -4]}
							}
						},
						{
							"origin": [0.58573, 5.34218, 34.24879],
							"size": [0.2, 11.0549, 1.0946],
							"pivot": [0.68573, 6.91812, 36.79841],
							"rotation": [-90, 0, 0],
							"uv": {
								"north": {"uv": [38, 1032], "uv_size": [1, 11]},
								"east": {"uv": [39, 1032], "uv_size": [1, 11]},
								"south": {"uv": [40, 1032], "uv_size": [1, 11]},
								"west": {"uv": [41, 1032], "uv_size": [1, 11]},
								"up": {"uv": [61, 1050], "uv_size": [1, 1]},
								"down": {"uv": [59, 1054], "uv_size": [1, -1]}
							}
						},
						{
							"origin": [-1.11073, 5.34218, 33.77379],
							"size": [1.42147, 11.0549, 0.225],
							"pivot": [0.68573, 6.91812, 36.79841],
							"rotation": [-90, 0, 0],
							"uv": {
								"north": {"uv": [42, 1026], "uv_size": [1, 11]},
								"east": {"uv": [43, 1026], "uv_size": [1, 11]},
								"south": {"uv": [44, 1026], "uv_size": [1, 11]},
								"west": {"uv": [45, 1026], "uv_size": [1, 11]},
								"up": {"uv": [61, 1051], "uv_size": [1, 1]},
								"down": {"uv": [60, 1054], "uv_size": [1, -1]}
							}
						},
						{
							"origin": [-1.50361, 4.31529, 40.17664],
							"size": [0.67175, 11.0549, 0.19828],
							"pivot": [-0.4, 9.84274, 40.74991],
							"rotation": [-90, 0, -45],
							"uv": {
								"north": {"uv": [42, 1037], "uv_size": [1, 11]},
								"east": {"uv": [43, 1037], "uv_size": [1, 11]},
								"south": {"uv": [44, 1037], "uv_size": [1, 11]},
								"west": {"uv": [45, 1037], "uv_size": [1, 11]},
								"up": {"uv": [61, 1052], "uv_size": [1, 1]},
								"down": {"uv": [61, 1054], "uv_size": [1, -1]}
							}
						},
						{
							"origin": [0.03185, 4.31529, 40.17664],
							"size": [0.67175, 11.0549, 0.19828],
							"pivot": [-0.4, 9.84274, 40.74991],
							"rotation": [-90, 0, 45],
							"uv": {
								"north": {"uv": [46, 1026], "uv_size": [1, 11]},
								"east": {"uv": [46, 1037], "uv_size": [1, 11]},
								"south": {"uv": [47, 1026], "uv_size": [1, 11]},
								"west": {"uv": [47, 1037], "uv_size": [1, 11]},
								"up": {"uv": [34, 1054], "uv_size": [1, 1]},
								"down": {"uv": [62, 1027], "uv_size": [1, -1]}
							}
						},
						{
							"origin": [0.58573, 7.7122, 41.25174],
							"size": [0.2, 1.26971, 2.62281],
							"pivot": [0.68573, 5.05956, 42.67565],
							"rotation": [32.5, 0, 0],
							"uv": {
								"north": {"uv": [35, 1054], "uv_size": [1, 1]},
								"east": {"uv": [56, 1037], "uv_size": [3, 1]},
								"south": {"uv": [62, 1027], "uv_size": [1, 1]},
								"west": {"uv": [55, 1048], "uv_size": [3, 1]},
								"up": {"uv": [53, 1048], "uv_size": [1, 3]},
								"down": {"uv": [38, 1052], "uv_size": [1, -3]}
							}
						},
						{
							"origin": [0.58573, 8.8122, 41.25174],
							"size": [0.2, 1.26971, 1.62281],
							"pivot": [0.68573, 5.05956, 42.67565],
							"rotation": [32.5, 0, 0],
							"uv": {
								"north": {"uv": [36, 1054], "uv_size": [1, 1]},
								"east": {"uv": [59, 1027], "uv_size": [2, 1]},
								"south": {"uv": [62, 1028], "uv_size": [1, 1]},
								"west": {"uv": [41, 1051], "uv_size": [2, 1]},
								"up": {"uv": [59, 1033], "uv_size": [1, 2]},
								"down": {"uv": [43, 1053], "uv_size": [1, -2]}
							}
						}
					]
				}
			]
		}
	]
}