{
	"format_version": "1.12.0",
	"minecraft:geometry": [
		{
			"description": {
				"identifier": "geometry.unknown",
				"texture_width": 128,
				"texture_height": 128,
				"visible_bounds_width": 4,
				"visible_bounds_height": 2.5,
				"visible_bounds_offset": [0, 0.75, 0]
			},
			"bones": [
				{
					"name": "bone",
					"pivot": [-1.61073, 11.22847, -6.43088]
				},
				{
					"name": "camoflauge",
					"parent": "bone",
					"pivot": [-1.61073, 11.22847, -6.43088],
					"cubes": [
						{
							"origin": [-1.83112, 9.49255, -7.05588],
							"size": [0.1, 2.675, 1.25],
							"pivot": [-1.68112, 11.23005, -6.43088],
							"rotation": [0, 0, 12.5],
							"uv": {
								"north": {"uv": [37, 42], "uv_size": [1, 3]},
								"east": {"uv": [42, 37], "uv_size": [1, 3]},
								"south": {"uv": [38, 42], "uv_size": [1, 3]},
								"west": {"uv": [39, 42], "uv_size": [1, 3]},
								"up": {"uv": [40, 15], "uv_size": [1, 1]},
								"down": {"uv": [41, 16], "uv_size": [1, -1]}
							}
						},
						{
							"origin": [-0.52155, 11.65319, -7.05588],
							"size": [0.1, 1, 1.25],
							"pivot": [-0.37155, 13.39069, -6.43088],
							"rotation": [0, 0, 41],
							"uv": {
								"north": {"uv": [45, 11], "uv_size": [1, 1]},
								"east": {"uv": [45, 25], "uv_size": [1, 1]},
								"south": {"uv": [6, 59], "uv_size": [1, 1]},
								"west": {"uv": [59, 6], "uv_size": [1, 1]},
								"up": {"uv": [7, 59], "uv_size": [1, 1]},
								"down": {"uv": [59, 8], "uv_size": [1, -1]}
							}
						},
						{
							"origin": [-0.32845, 11.65319, -7.05588],
							"size": [0.1, 1.125, 1.25],
							"pivot": [-0.37845, 13.39069, -6.43088],
							"rotation": [0, 0, -41],
							"uv": {
								"north": {"uv": [8, 59], "uv_size": [1, 1]},
								"east": {"uv": [59, 8], "uv_size": [1, 1]},
								"south": {"uv": [9, 59], "uv_size": [1, 1]},
								"west": {"uv": [59, 9], "uv_size": [1, 1]},
								"up": {"uv": [10, 59], "uv_size": [1, 1]},
								"down": {"uv": [59, 11], "uv_size": [1, -1]}
							}
						},
						{
							"origin": [1.24699, 9.51511, -7.05588],
							"size": [0.1, 2.675, 1.25],
							"pivot": [1.17788, 9.61376, -6.43088],
							"rotation": [0, 0, -10.5],
							"uv": {
								"north": {"uv": [43, 5], "uv_size": [1, 3]},
								"east": {"uv": [8, 43], "uv_size": [1, 3]},
								"south": {"uv": [43, 8], "uv_size": [1, 3]},
								"west": {"uv": [9, 43], "uv_size": [1, 3]},
								"up": {"uv": [11, 59], "uv_size": [1, 1]},
								"down": {"uv": [59, 12], "uv_size": [1, -1]}
							}
						},
						{
							"origin": [-0.46311, 12.37524, -7.05588],
							"size": [0.1025, 1.10921, 1.25],
							"pivot": [-0.41186, 12.92984, -6.43088],
							"rotation": [4.5, 1.25, 85.25],
							"uv": {
								"north": {"uv": [12, 59], "uv_size": [1, 1]},
								"east": {"uv": [59, 12], "uv_size": [1, 1]},
								"south": {"uv": [13, 59], "uv_size": [1, 1]},
								"west": {"uv": [59, 13], "uv_size": [1, 1]},
								"up": {"uv": [14, 59], "uv_size": [1, 1]},
								"down": {"uv": [59, 15], "uv_size": [1, -1]}
							}
						},
						{
							"origin": [-2.40423, 9.55212, -8.352],
							"size": [0.1, 2.675, 1.25],
							"pivot": [-2.17636, 9.59316, -7.70734],
							"rotation": [0, -1, 16.75],
							"uv": {
								"north": {"uv": [10, 43], "uv_size": [1, 3]},
								"east": {"uv": [11, 43], "uv_size": [1, 3]},
								"south": {"uv": [12, 43], "uv_size": [1, 3]},
								"west": {"uv": [13, 43], "uv_size": [1, 3]},
								"up": {"uv": [15, 59], "uv_size": [1, 1]},
								"down": {"uv": [59, 16], "uv_size": [1, -1]}
							}
						},
						{
							"origin": [-0.52155, 11.65319, -8.35588],
							"size": [0.1, 1, 1.25],
							"pivot": [-0.37155, 13.39069, -7.73088],
							"rotation": [0, 0, 41],
							"uv": {
								"north": {"uv": [18, 59], "uv_size": [1, 1]},
								"east": {"uv": [59, 18], "uv_size": [1, 1]},
								"south": {"uv": [19, 59], "uv_size": [1, 1]},
								"west": {"uv": [59, 19], "uv_size": [1, 1]},
								"up": {"uv": [20, 59], "uv_size": [1, 1]},
								"down": {"uv": [59, 21], "uv_size": [1, -1]}
							}
						},
						{
							"origin": [-0.32845, 11.65319, -8.35588],
							"size": [0.1, 1.125, 1.25],
							"pivot": [-0.37845, 13.39069, -7.73088],
							"rotation": [0, 0, -41],
							"uv": {
								"north": {"uv": [59, 21], "uv_size": [1, 1]},
								"east": {"uv": [22, 59], "uv_size": [1, 1]},
								"south": {"uv": [59, 22], "uv_size": [1, 1]},
								"west": {"uv": [23, 59], "uv_size": [1, 1]},
								"up": {"uv": [59, 23], "uv_size": [1, 1]},
								"down": {"uv": [24, 60], "uv_size": [1, -1]}
							}
						},
						{
							"origin": [1.35854, 9.53078, -8.35588],
							"size": [0.1, 2.675, 1.25],
							"pivot": [1.28943, 9.62943, -7.73088],
							"rotation": [0, 0, -13],
							"uv": {
								"north": {"uv": [43, 16], "uv_size": [1, 3]},
								"east": {"uv": [17, 43], "uv_size": [1, 3]},
								"south": {"uv": [18, 43], "uv_size": [1, 3]},
								"west": {"uv": [19, 43], "uv_size": [1, 3]},
								"up": {"uv": [59, 24], "uv_size": [1, 1]},
								"down": {"uv": [25, 60], "uv_size": [1, -1]}
							}
						},
						{
							"origin": [-0.46311, 12.37524, -8.35588],
							"size": [0.1025, 1.10921, 1.25],
							"pivot": [-0.41186, 12.92984, -7.73088],
							"rotation": [5.25, 0, 85.25],
							"uv": {
								"north": {"uv": [59, 25], "uv_size": [1, 1]},
								"east": {"uv": [26, 59], "uv_size": [1, 1]},
								"south": {"uv": [59, 26], "uv_size": [1, 1]},
								"west": {"uv": [27, 59], "uv_size": [1, 1]},
								"up": {"uv": [59, 27], "uv_size": [1, 1]},
								"down": {"uv": [28, 60], "uv_size": [1, -1]}
							}
						},
						{
							"origin": [-2.11176, 9.51343, -11.00588],
							"size": [0.1, 2.675, 1.25],
							"pivot": [-1.9261, 9.53253, -10.38088],
							"rotation": [0, 0, 10.5],
							"uv": {
								"north": {"uv": [43, 19], "uv_size": [1, 3]},
								"east": {"uv": [20, 43], "uv_size": [1, 3]},
								"south": {"uv": [43, 22], "uv_size": [1, 3]},
								"west": {"uv": [30, 43], "uv_size": [1, 3]},
								"up": {"uv": [59, 28], "uv_size": [1, 1]},
								"down": {"uv": [29, 60], "uv_size": [1, -1]}
							}
						},
						{
							"origin": [-0.52155, 11.65319, -11.00588],
							"size": [0.1, 1, 1.25],
							"pivot": [-0.37155, 13.39069, -10.38088],
							"rotation": [0, 0, 41],
							"uv": {
								"north": {"uv": [59, 31], "uv_size": [1, 1]},
								"east": {"uv": [32, 59], "uv_size": [1, 1]},
								"south": {"uv": [59, 32], "uv_size": [1, 1]},
								"west": {"uv": [33, 59], "uv_size": [1, 1]},
								"up": {"uv": [59, 33], "uv_size": [1, 1]},
								"down": {"uv": [34, 60], "uv_size": [1, -1]}
							}
						},
						{
							"origin": [-0.32845, 11.65319, -11.00588],
							"size": [0.1, 1.125, 1.25],
							"pivot": [-0.37845, 13.39069, -10.38088],
							"rotation": [0, 0, -41],
							"uv": {
								"north": {"uv": [59, 34], "uv_size": [1, 1]},
								"east": {"uv": [35, 59], "uv_size": [1, 1]},
								"south": {"uv": [59, 35], "uv_size": [1, 1]},
								"west": {"uv": [59, 36], "uv_size": [1, 1]},
								"up": {"uv": [59, 37], "uv_size": [1, 1]},
								"down": {"uv": [59, 39], "uv_size": [1, -1]}
							}
						},
						{
							"origin": [0.91073, 9.49097, -11.00588],
							"size": [0.1, 2.675, 1.25],
							"pivot": [0.86073, 11.22847, -10.38088],
							"rotation": [0, 0, -8.25],
							"uv": {
								"north": {"uv": [43, 33], "uv_size": [1, 3]},
								"east": {"uv": [34, 43], "uv_size": [1, 3]},
								"south": {"uv": [35, 43], "uv_size": [1, 3]},
								"west": {"uv": [43, 36], "uv_size": [1, 3]},
								"up": {"uv": [59, 39], "uv_size": [1, 1]},
								"down": {"uv": [59, 41], "uv_size": [1, -1]}
							}
						},
						{
							"origin": [-0.46311, 12.37524, -11.00588],
							"size": [0.1025, 1.10921, 1.25],
							"pivot": [-0.41186, 12.92984, -10.38088],
							"rotation": [-6.25, 0, 85.25],
							"uv": {
								"north": {"uv": [59, 41], "uv_size": [1, 1]},
								"east": {"uv": [42, 59], "uv_size": [1, 1]},
								"south": {"uv": [59, 42], "uv_size": [1, 1]},
								"west": {"uv": [59, 43], "uv_size": [1, 1]},
								"up": {"uv": [59, 44], "uv_size": [1, 1]},
								"down": {"uv": [59, 46], "uv_size": [1, -1]}
							}
						},
						{
							"origin": [-1.98828, 9.50723, -9.70588],
							"size": [0.1, 2.675, 1.25],
							"pivot": [-1.6589, 10.41282, -9.05486],
							"rotation": [0, 0, 10.5],
							"uv": {
								"north": {"uv": [43, 39], "uv_size": [1, 3]},
								"east": {"uv": [42, 43], "uv_size": [1, 3]},
								"south": {"uv": [43, 42], "uv_size": [1, 3]},
								"west": {"uv": [44, 2], "uv_size": [1, 3]},
								"up": {"uv": [59, 46], "uv_size": [1, 1]},
								"down": {"uv": [59, 48], "uv_size": [1, -1]}
							}
						},
						{
							"origin": [-2.91922, 11.75018, -9.70588],
							"size": [0.1, 1, 1.25],
							"pivot": [-1.71386, 10.41361, -9.05486],
							"rotation": [0, 0, 43.75],
							"uv": {
								"north": {"uv": [59, 52], "uv_size": [1, 1]},
								"east": {"uv": [59, 53], "uv_size": [1, 1]},
								"south": {"uv": [59, 54], "uv_size": [1, 1]},
								"west": {"uv": [59, 55], "uv_size": [1, 1]},
								"up": {"uv": [59, 56], "uv_size": [1, 1]},
								"down": {"uv": [59, 58], "uv_size": [1, -1]}
							}
						},
						{
							"origin": [2.18419, 11.67856, -9.78427],
							"size": [0.1, 1.125, 1.25],
							"pivot": [0.96987, 10.45386, -9.32396],
							"rotation": [-1.1881, -1.28497, -47.23668],
							"uv": {
								"north": {"uv": [59, 58], "uv_size": [1, 1]},
								"east": {"uv": [59, 59], "uv_size": [1, 1]},
								"south": {"uv": [60, 0], "uv_size": [1, 1]},
								"west": {"uv": [60, 1], "uv_size": [1, 1]},
								"up": {"uv": [60, 2], "uv_size": [1, 1]},
								"down": {"uv": [60, 4], "uv_size": [1, -1]}
							}
						},
						{
							"origin": [1.34324, 9.57317, -9.93575],
							"size": [0.1, 2.675, 1.25],
							"pivot": [0.96987, 10.45386, -9.32396],
							"rotation": [-6.28032, -1.67896, -14.90788],
							"uv": {
								"north": {"uv": [36, 44], "uv_size": [1, 3]},
								"east": {"uv": [44, 36], "uv_size": [1, 3]},
								"south": {"uv": [44, 39], "uv_size": [1, 3]},
								"west": {"uv": [44, 42], "uv_size": [1, 3]},
								"up": {"uv": [60, 4], "uv_size": [1, 1]},
								"down": {"uv": [60, 6], "uv_size": [1, -1]}
							}
						},
						{
							"origin": [0.62286, 11.18939, -9.70588],
							"size": [0.1025, 1.10921, 1.25],
							"pivot": [0.77536, 12.92689, -9.08088],
							"rotation": [0, 0, 85.25],
							"uv": {
								"north": {"uv": [6, 60], "uv_size": [1, 1]},
								"east": {"uv": [60, 6], "uv_size": [1, 1]},
								"south": {"uv": [7, 60], "uv_size": [1, 1]},
								"west": {"uv": [60, 7], "uv_size": [1, 1]},
								"up": {"uv": [8, 60], "uv_size": [1, 1]},
								"down": {"uv": [60, 9], "uv_size": [1, -1]}
							}
						},
						{
							"origin": [-1.76073, 9.49097, -13.70588],
							"size": [0.1, 2.675, 1.25],
							"pivot": [-1.61073, 11.22847, -13.08088],
							"rotation": [0, 0, 8.25],
							"uv": {
								"north": {"uv": [45, 2], "uv_size": [1, 3]},
								"east": {"uv": [4, 45], "uv_size": [1, 3]},
								"south": {"uv": [5, 45], "uv_size": [1, 3]},
								"west": {"uv": [45, 5], "uv_size": [1, 3]},
								"up": {"uv": [9, 60], "uv_size": [1, 1]},
								"down": {"uv": [60, 10], "uv_size": [1, -1]}
							}
						},
						{
							"origin": [-1.30889, 12.02234, -13.70588],
							"size": [0.1, 1, 1.25],
							"pivot": [-1.25889, 12.52234, -13.08088],
							"rotation": [0, 0, 41],
							"uv": {
								"north": {"uv": [13, 60], "uv_size": [1, 1]},
								"east": {"uv": [60, 13], "uv_size": [1, 1]},
								"south": {"uv": [14, 60], "uv_size": [1, 1]},
								"west": {"uv": [60, 14], "uv_size": [1, 1]},
								"up": {"uv": [15, 60], "uv_size": [1, 1]},
								"down": {"uv": [60, 16], "uv_size": [1, -1]}
							}
						},
						{
							"origin": [0.4836, 12.06273, -13.70588],
							"size": [0.1, 1.125, 1.25],
							"pivot": [0.5336, 12.62523, -13.08088],
							"rotation": [0, 0, -49.75],
							"uv": {
								"north": {"uv": [16, 60], "uv_size": [1, 1]},
								"east": {"uv": [60, 16], "uv_size": [1, 1]},
								"south": {"uv": [17, 60], "uv_size": [1, 1]},
								"west": {"uv": [60, 17], "uv_size": [1, 1]},
								"up": {"uv": [18, 60], "uv_size": [1, 1]},
								"down": {"uv": [60, 19], "uv_size": [1, -1]}
							}
						},
						{
							"origin": [1.04696, 9.62789, -13.70588],
							"size": [0.1, 2.675, 1.25],
							"pivot": [1.09696, 10.96539, -13.08088],
							"rotation": [0, 0, -6.5],
							"uv": {
								"north": {"uv": [6, 45], "uv_size": [1, 3]},
								"east": {"uv": [7, 45], "uv_size": [1, 3]},
								"south": {"uv": [45, 8], "uv_size": [1, 3]},
								"west": {"uv": [45, 13], "uv_size": [1, 3]},
								"up": {"uv": [19, 60], "uv_size": [1, 1]},
								"down": {"uv": [60, 20], "uv_size": [1, -1]}
							}
						},
						{
							"origin": [0.62286, 11.18939, -13.70588],
							"size": [0.1025, 1.10921, 1.25],
							"pivot": [0.77536, 12.92689, -13.08088],
							"rotation": [0, 0, 85.25],
							"uv": {
								"north": {"uv": [20, 60], "uv_size": [1, 1]},
								"east": {"uv": [60, 20], "uv_size": [1, 1]},
								"south": {"uv": [21, 60], "uv_size": [1, 1]},
								"west": {"uv": [60, 21], "uv_size": [1, 1]},
								"up": {"uv": [22, 60], "uv_size": [1, 1]},
								"down": {"uv": [60, 23], "uv_size": [1, -1]}
							}
						},
						{
							"origin": [-2.00768, 9.50363, -12.40588],
							"size": [0.1, 2.675, 1.25],
							"pivot": [-1.82202, 9.52274, -11.78088],
							"rotation": [0, 0, 8.25],
							"uv": {
								"north": {"uv": [45, 16], "uv_size": [1, 3]},
								"east": {"uv": [45, 19], "uv_size": [1, 3]},
								"south": {"uv": [21, 45], "uv_size": [1, 3]},
								"west": {"uv": [45, 22], "uv_size": [1, 3]},
								"up": {"uv": [23, 60], "uv_size": [1, 1]},
								"down": {"uv": [60, 24], "uv_size": [1, -1]}
							}
						},
						{
							"origin": [-1.30889, 12.02234, -12.40588],
							"size": [0.1, 1, 1.25],
							"pivot": [-1.25889, 12.52234, -11.78088],
							"rotation": [0, 0, 41],
							"uv": {
								"north": {"uv": [26, 60], "uv_size": [1, 1]},
								"east": {"uv": [60, 26], "uv_size": [1, 1]},
								"south": {"uv": [27, 60], "uv_size": [1, 1]},
								"west": {"uv": [60, 27], "uv_size": [1, 1]},
								"up": {"uv": [28, 60], "uv_size": [1, 1]},
								"down": {"uv": [60, 29], "uv_size": [1, -1]}
							}
						},
						{
							"origin": [-0.32845, 11.65319, -12.40588],
							"size": [0.1, 1.125, 1.25],
							"pivot": [-0.37845, 13.39069, -11.78088],
							"rotation": [0, 0, -41],
							"uv": {
								"north": {"uv": [29, 60], "uv_size": [1, 1]},
								"east": {"uv": [60, 29], "uv_size": [1, 1]},
								"south": {"uv": [30, 60], "uv_size": [1, 1]},
								"west": {"uv": [60, 30], "uv_size": [1, 1]},
								"up": {"uv": [31, 60], "uv_size": [1, 1]},
								"down": {"uv": [60, 32], "uv_size": [1, -1]}
							}
						},
						{
							"origin": [1.25818, 9.51646, -12.40588],
							"size": [0.1, 2.675, 1.25],
							"pivot": [1.18906, 9.61511, -11.78088],
							"rotation": [0, 0, -10.75],
							"uv": {
								"north": {"uv": [38, 45], "uv_size": [1, 3]},
								"east": {"uv": [39, 45], "uv_size": [1, 3]},
								"south": {"uv": [45, 39], "uv_size": [1, 3]},
								"west": {"uv": [40, 45], "uv_size": [1, 3]},
								"up": {"uv": [32, 60], "uv_size": [1, 1]},
								"down": {"uv": [60, 33], "uv_size": [1, -1]}
							}
						},
						{
							"origin": [-0.46311, 12.37524, -12.40588],
							"size": [0.1025, 1.10921, 1.25],
							"pivot": [-0.41186, 12.92984, -11.78088],
							"rotation": [2.74906, -0.07196, 86.74827],
							"uv": {
								"north": {"uv": [33, 60], "uv_size": [1, 1]},
								"east": {"uv": [60, 33], "uv_size": [1, 1]},
								"south": {"uv": [34, 60], "uv_size": [1, 1]},
								"west": {"uv": [60, 34], "uv_size": [1, 1]},
								"up": {"uv": [35, 60], "uv_size": [1, 1]},
								"down": {"uv": [60, 36], "uv_size": [1, -1]}
							}
						},
						{
							"origin": [-2.06999, 9.50548, -16.35588],
							"size": [0.1, 2.675, 1.25],
							"pivot": [-1.86396, 9.42668, -15.73088],
							"rotation": [0, 0, 9.25],
							"uv": {
								"north": {"uv": [41, 45], "uv_size": [1, 3]},
								"east": {"uv": [45, 42], "uv_size": [1, 3]},
								"south": {"uv": [43, 45], "uv_size": [1, 3]},
								"west": {"uv": [44, 45], "uv_size": [1, 3]},
								"up": {"uv": [36, 60], "uv_size": [1, 1]},
								"down": {"uv": [60, 37], "uv_size": [1, -1]}
							}
						},
						{
							"origin": [-0.52155, 11.65319, -16.35588],
							"size": [0.1, 1, 1.25],
							"pivot": [-0.37155, 13.39069, -15.73088],
							"rotation": [0, 0, 41],
							"uv": {
								"north": {"uv": [39, 60], "uv_size": [1, 1]},
								"east": {"uv": [60, 39], "uv_size": [1, 1]},
								"south": {"uv": [40, 60], "uv_size": [1, 1]},
								"west": {"uv": [60, 40], "uv_size": [1, 1]},
								"up": {"uv": [41, 60], "uv_size": [1, 1]},
								"down": {"uv": [60, 42], "uv_size": [1, -1]}
							}
						},
						{
							"origin": [-0.32845, 11.65319, -16.35588],
							"size": [0.1, 1.125, 1.25],
							"pivot": [-0.37845, 13.39069, -15.73088],
							"rotation": [0, 0, -41],
							"uv": {
								"north": {"uv": [42, 60], "uv_size": [1, 1]},
								"east": {"uv": [60, 42], "uv_size": [1, 1]},
								"south": {"uv": [43, 60], "uv_size": [1, 1]},
								"west": {"uv": [60, 43], "uv_size": [1, 1]},
								"up": {"uv": [44, 60], "uv_size": [1, 1]},
								"down": {"uv": [60, 45], "uv_size": [1, -1]}
							}
						},
						{
							"origin": [0.91073, 9.49097, -16.35588],
							"size": [0.1, 2.675, 1.25],
							"pivot": [0.86073, 11.22847, -15.73088],
							"rotation": [0, 0, -8.25],
							"uv": {
								"north": {"uv": [45, 45], "uv_size": [1, 3]},
								"east": {"uv": [0, 46], "uv_size": [1, 3]},
								"south": {"uv": [1, 46], "uv_size": [1, 3]},
								"west": {"uv": [2, 46], "uv_size": [1, 3]},
								"up": {"uv": [45, 60], "uv_size": [1, 1]},
								"down": {"uv": [60, 46], "uv_size": [1, -1]}
							}
						},
						{
							"origin": [0.62286, 11.18939, -16.35588],
							"size": [0.1025, 1.10921, 1.25],
							"pivot": [0.77536, 12.92689, -15.73088],
							"rotation": [0, 0, 85.25],
							"uv": {
								"north": {"uv": [46, 60], "uv_size": [1, 1]},
								"east": {"uv": [60, 46], "uv_size": [1, 1]},
								"south": {"uv": [47, 60], "uv_size": [1, 1]},
								"west": {"uv": [60, 47], "uv_size": [1, 1]},
								"up": {"uv": [48, 60], "uv_size": [1, 1]},
								"down": {"uv": [60, 49], "uv_size": [1, -1]}
							}
						},
						{
							"origin": [-2.11176, 9.51343, -15.05588],
							"size": [0.1, 2.675, 1.25],
							"pivot": [-1.9261, 9.53253, -14.43088],
							"rotation": [0, 0, 10.5],
							"uv": {
								"north": {"uv": [46, 2], "uv_size": [1, 3]},
								"east": {"uv": [3, 46], "uv_size": [1, 3]},
								"south": {"uv": [46, 5], "uv_size": [1, 3]},
								"west": {"uv": [8, 46], "uv_size": [1, 3]},
								"up": {"uv": [49, 60], "uv_size": [1, 1]},
								"down": {"uv": [60, 50], "uv_size": [1, -1]}
							}
						},
						{
							"origin": [-0.52155, 11.65319, -15.05588],
							"size": [0.1, 1, 1.25],
							"pivot": [-0.37155, 13.39069, -14.43088],
							"rotation": [0, 0, 41],
							"uv": {
								"north": {"uv": [52, 60], "uv_size": [1, 1]},
								"east": {"uv": [60, 52], "uv_size": [1, 1]},
								"south": {"uv": [53, 60], "uv_size": [1, 1]},
								"west": {"uv": [60, 53], "uv_size": [1, 1]},
								"up": {"uv": [54, 60], "uv_size": [1, 1]},
								"down": {"uv": [60, 55], "uv_size": [1, -1]}
							}
						},
						{
							"origin": [-0.32845, 11.65319, -15.05588],
							"size": [0.1, 1.125, 1.25],
							"pivot": [-0.37845, 13.39069, -14.43088],
							"rotation": [0, 0, -41],
							"uv": {
								"north": {"uv": [55, 60], "uv_size": [1, 1]},
								"east": {"uv": [60, 55], "uv_size": [1, 1]},
								"south": {"uv": [56, 60], "uv_size": [1, 1]},
								"west": {"uv": [60, 56], "uv_size": [1, 1]},
								"up": {"uv": [57, 60], "uv_size": [1, 1]},
								"down": {"uv": [60, 58], "uv_size": [1, -1]}
							}
						},
						{
							"origin": [1.24699, 9.54163, -14.95569],
							"size": [0.1, 2.675, 1.25],
							"pivot": [1.17788, 9.64028, -14.33069],
							"rotation": [2.21236, 0.40993, -10.49208],
							"uv": {
								"north": {"uv": [46, 11], "uv_size": [1, 3]},
								"east": {"uv": [12, 46], "uv_size": [1, 3]},
								"south": {"uv": [13, 46], "uv_size": [1, 3]},
								"west": {"uv": [14, 46], "uv_size": [1, 3]},
								"up": {"uv": [58, 60], "uv_size": [1, 1]},
								"down": {"uv": [60, 59], "uv_size": [1, -1]}
							}
						},
						{
							"origin": [-0.46311, 12.37524, -15.05588],
							"size": [0.1025, 1.10921, 1.25],
							"pivot": [-0.41186, 12.92984, -14.43088],
							"rotation": [-2.0019, 2.49848, 85.1627],
							"uv": {
								"north": {"uv": [59, 60], "uv_size": [1, 1]},
								"east": {"uv": [60, 59], "uv_size": [1, 1]},
								"south": {"uv": [60, 60], "uv_size": [1, 1]},
								"west": {"uv": [0, 61], "uv_size": [1, 1]},
								"up": {"uv": [61, 0], "uv_size": [1, 1]},
								"down": {"uv": [1, 62], "uv_size": [1, -1]}
							}
						},
						{
							"origin": [-2.0705, 9.53624, -18.72773],
							"size": [0.1, 2.675, 1.25],
							"pivot": [-1.6658, 9.13332, -18.03768],
							"rotation": [4.20618, -0.6093, 8.22763],
							"uv": {
								"north": {"uv": [46, 14], "uv_size": [1, 3]},
								"east": {"uv": [15, 46], "uv_size": [1, 3]},
								"south": {"uv": [16, 46], "uv_size": [1, 3]},
								"west": {"uv": [17, 46], "uv_size": [1, 3]},
								"up": {"uv": [61, 1], "uv_size": [1, 1]},
								"down": {"uv": [2, 62], "uv_size": [1, -1]}
							}
						},
						{
							"origin": [-0.52155, 11.65319, -18.95588],
							"size": [0.1, 1, 1.25],
							"pivot": [-0.37155, 13.39069, -18.33088],
							"rotation": [0, 0, 41],
							"uv": {
								"north": {"uv": [61, 4], "uv_size": [1, 1]},
								"east": {"uv": [5, 61], "uv_size": [1, 1]},
								"south": {"uv": [61, 5], "uv_size": [1, 1]},
								"west": {"uv": [6, 61], "uv_size": [1, 1]},
								"up": {"uv": [61, 6], "uv_size": [1, 1]},
								"down": {"uv": [7, 62], "uv_size": [1, -1]}
							}
						},
						{
							"origin": [-0.32845, 11.65319, -18.95588],
							"size": [0.1, 1.125, 1.25],
							"pivot": [-0.37845, 13.39069, -18.33088],
							"rotation": [0, 0, -41],
							"uv": {
								"north": {"uv": [61, 7], "uv_size": [1, 1]},
								"east": {"uv": [8, 61], "uv_size": [1, 1]},
								"south": {"uv": [61, 8], "uv_size": [1, 1]},
								"west": {"uv": [9, 61], "uv_size": [1, 1]},
								"up": {"uv": [61, 9], "uv_size": [1, 1]},
								"down": {"uv": [10, 62], "uv_size": [1, -1]}
							}
						},
						{
							"origin": [0.91073, 9.49097, -18.95588],
							"size": [0.1, 2.675, 1.25],
							"pivot": [0.86073, 11.22847, -18.33088],
							"rotation": [0, 0, -8.25],
							"uv": {
								"north": {"uv": [46, 20], "uv_size": [1, 3]},
								"east": {"uv": [22, 46], "uv_size": [1, 3]},
								"south": {"uv": [23, 46], "uv_size": [1, 3]},
								"west": {"uv": [46, 23], "uv_size": [1, 3]},
								"up": {"uv": [61, 10], "uv_size": [1, 1]},
								"down": {"uv": [11, 62], "uv_size": [1, -1]}
							}
						},
						{
							"origin": [0.62286, 11.18939, -18.95588],
							"size": [0.1025, 1.10921, 1.25],
							"pivot": [0.77536, 12.92689, -18.33088],
							"rotation": [0, 0, 85.25],
							"uv": {
								"north": {"uv": [61, 11], "uv_size": [1, 1]},
								"east": {"uv": [12, 61], "uv_size": [1, 1]},
								"south": {"uv": [61, 12], "uv_size": [1, 1]},
								"west": {"uv": [13, 61], "uv_size": [1, 1]},
								"up": {"uv": [61, 13], "uv_size": [1, 1]},
								"down": {"uv": [14, 62], "uv_size": [1, -1]}
							}
						},
						{
							"origin": [1.32397, 9.6072, -20.56243],
							"size": [0.098, 2.6215, 1.225],
							"pivot": [1.25624, 9.70388, -19.94993],
							"rotation": [-4.38512, -1.01129, -12.96128],
							"uv": {
								"north": {"uv": [24, 46], "uv_size": [1, 3]},
								"east": {"uv": [25, 46], "uv_size": [1, 3]},
								"south": {"uv": [26, 46], "uv_size": [1, 3]},
								"west": {"uv": [46, 26], "uv_size": [1, 3]},
								"up": {"uv": [61, 14], "uv_size": [1, 1]},
								"down": {"uv": [15, 62], "uv_size": [1, -1]}
							}
						},
						{
							"origin": [-0.32928, 11.63141, -20.36838],
							"size": [0.098, 1.1025, 1.225],
							"pivot": [-0.37828, 13.33416, -19.75588],
							"rotation": [0, 0, -41],
							"uv": {
								"north": {"uv": [61, 15], "uv_size": [1, 1]},
								"east": {"uv": [16, 61], "uv_size": [1, 1]},
								"south": {"uv": [61, 16], "uv_size": [1, 1]},
								"west": {"uv": [17, 61], "uv_size": [1, 1]},
								"up": {"uv": [61, 17], "uv_size": [1, 1]},
								"down": {"uv": [18, 62], "uv_size": [1, -1]}
							}
						},
						{
							"origin": [-0.51852, 11.63141, -20.36838],
							"size": [0.098, 0.98, 1.225],
							"pivot": [-0.37152, 13.33416, -19.75588],
							"rotation": [0, 0, 41],
							"uv": {
								"north": {"uv": [61, 18], "uv_size": [1, 1]},
								"east": {"uv": [19, 61], "uv_size": [1, 1]},
								"south": {"uv": [61, 19], "uv_size": [1, 1]},
								"west": {"uv": [20, 61], "uv_size": [1, 1]},
								"up": {"uv": [61, 20], "uv_size": [1, 1]},
								"down": {"uv": [21, 62], "uv_size": [1, -1]}
							}
						},
						{
							"origin": [-1.73292, 9.51243, -20.36838],
							"size": [0.098, 2.6215, 1.225],
							"pivot": [-1.58592, 11.21518, -19.75588],
							"rotation": [0, 0, 8.25],
							"uv": {
								"north": {"uv": [33, 46], "uv_size": [1, 3]},
								"east": {"uv": [34, 46], "uv_size": [1, 3]},
								"south": {"uv": [35, 46], "uv_size": [1, 3]},
								"west": {"uv": [46, 35], "uv_size": [1, 3]},
								"up": {"uv": [61, 23], "uv_size": [1, 1]},
								"down": {"uv": [24, 62], "uv_size": [1, -1]}
							}
						},
						{
							"origin": [0.603, 11.17689, -20.36838],
							"size": [0.10045, 1.08702, 1.225],
							"pivot": [0.75245, 12.87964, -19.75588],
							"rotation": [0, 0, 85.25],
							"uv": {
								"north": {"uv": [61, 24], "uv_size": [1, 1]},
								"east": {"uv": [25, 61], "uv_size": [1, 1]},
								"south": {"uv": [61, 25], "uv_size": [1, 1]},
								"west": {"uv": [26, 61], "uv_size": [1, 1]},
								"up": {"uv": [61, 26], "uv_size": [1, 1]},
								"down": {"uv": [27, 62], "uv_size": [1, -1]}
							}
						},
						{
							"origin": [0.52516, 11.12787, -21.56938],
							"size": [0.09241, 1.00006, 1.127],
							"pivot": [0.66265, 12.6944, -21.00588],
							"rotation": [0, 0, 85.25],
							"uv": {
								"north": {"uv": [61, 27], "uv_size": [1, 1]},
								"east": {"uv": [28, 61], "uv_size": [1, 1]},
								"south": {"uv": [61, 28], "uv_size": [1, 1]},
								"west": {"uv": [29, 61], "uv_size": [1, 1]},
								"up": {"uv": [61, 29], "uv_size": [1, 1]},
								"down": {"uv": [30, 62], "uv_size": [1, -1]}
							}
						},
						{
							"origin": [-1.97607, 9.63459, -21.56938],
							"size": [0.09016, 2.41178, 1.127],
							"pivot": [-1.80868, 9.65182, -21.00588],
							"rotation": [0, 0, 11],
							"uv": {
								"north": {"uv": [50, 54], "uv_size": [1, 2]},
								"east": {"uv": [54, 50], "uv_size": [1, 2]},
								"south": {"uv": [51, 54], "uv_size": [1, 2]},
								"west": {"uv": [52, 54], "uv_size": [1, 2]},
								"up": {"uv": [61, 30], "uv_size": [1, 1]},
								"down": {"uv": [31, 62], "uv_size": [1, -1]}
							}
						},
						{
							"origin": [-2.61427, 11.59811, -21.56938],
							"size": [0.09016, 0.9016, 1.127],
							"pivot": [-1.50069, 10.39506, -21.00588],
							"rotation": [0, 0, 42.25],
							"uv": {
								"north": {"uv": [61, 33], "uv_size": [1, 1]},
								"east": {"uv": [34, 61], "uv_size": [1, 1]},
								"south": {"uv": [61, 34], "uv_size": [1, 1]},
								"west": {"uv": [35, 61], "uv_size": [1, 1]},
								"up": {"uv": [61, 35], "uv_size": [1, 1]},
								"down": {"uv": [36, 62], "uv_size": [1, -1]}
							}
						},
						{
							"origin": [1.76921, 11.62895, -21.56938],
							"size": [0.09016, 1.0143, 1.127],
							"pivot": [0.79713, 10.50632, -21.00588],
							"rotation": [0, 0, -43.75],
							"uv": {
								"north": {"uv": [61, 36], "uv_size": [1, 1]},
								"east": {"uv": [37, 61], "uv_size": [1, 1]},
								"south": {"uv": [61, 37], "uv_size": [1, 1]},
								"west": {"uv": [38, 61], "uv_size": [1, 1]},
								"up": {"uv": [61, 38], "uv_size": [1, 1]},
								"down": {"uv": [39, 62], "uv_size": [1, -1]}
							}
						},
						{
							"origin": [1.144, 9.62353, -21.7114],
							"size": [0.09016, 2.41178, 1.127],
							"pivot": [1.08168, 9.71247, -21.1479],
							"rotation": [-3.43585, -0.66743, -10.97998],
							"uv": {
								"north": {"uv": [54, 52], "uv_size": [1, 2]},
								"east": {"uv": [53, 54], "uv_size": [1, 2]},
								"south": {"uv": [54, 54], "uv_size": [1, 2]},
								"west": {"uv": [0, 55], "uv_size": [1, 2]},
								"up": {"uv": [61, 39], "uv_size": [1, 1]},
								"down": {"uv": [40, 62], "uv_size": [1, -1]}
							}
						},
						{
							"origin": [0.52516, 11.12787, -22.89438],
							"size": [0.09241, 1.00006, 1.127],
							"pivot": [0.66265, 12.6944, -22.33088],
							"rotation": [0, 0, 85.25],
							"uv": {
								"north": {"uv": [61, 40], "uv_size": [1, 1]},
								"east": {"uv": [41, 61], "uv_size": [1, 1]},
								"south": {"uv": [61, 41], "uv_size": [1, 1]},
								"west": {"uv": [42, 61], "uv_size": [1, 1]},
								"up": {"uv": [61, 42], "uv_size": [1, 1]},
								"down": {"uv": [43, 62], "uv_size": [1, -1]}
							}
						},
						{
							"origin": [-1.98196, 9.62193, -22.89438],
							"size": [0.09016, 2.41178, 1.127],
							"pivot": [-1.81457, 9.63915, -22.33088],
							"rotation": [0, 0, 11.5],
							"uv": {
								"north": {"uv": [55, 0], "uv_size": [1, 2]},
								"east": {"uv": [1, 55], "uv_size": [1, 2]},
								"south": {"uv": [2, 55], "uv_size": [1, 2]},
								"west": {"uv": [55, 2], "uv_size": [1, 2]},
								"up": {"uv": [61, 43], "uv_size": [1, 1]},
								"down": {"uv": [44, 62], "uv_size": [1, -1]}
							}
						},
						{
							"origin": [-0.50664, 11.54603, -22.89438],
							"size": [0.09016, 0.9016, 1.127],
							"pivot": [-0.3714, 13.11256, -22.33088],
							"rotation": [0, 0, 41],
							"uv": {
								"north": {"uv": [61, 46], "uv_size": [1, 1]},
								"east": {"uv": [47, 61], "uv_size": [1, 1]},
								"south": {"uv": [61, 47], "uv_size": [1, 1]},
								"west": {"uv": [48, 61], "uv_size": [1, 1]},
								"up": {"uv": [61, 48], "uv_size": [1, 1]},
								"down": {"uv": [49, 62], "uv_size": [1, -1]}
							}
						},
						{
							"origin": [1.78771, 11.6591, -22.80413],
							"size": [0.09016, 1.0143, 1.127],
							"pivot": [0.81563, 10.53647, -22.24063],
							"rotation": [1.69847, 1.47592, -44.22812],
							"uv": {
								"north": {"uv": [61, 49], "uv_size": [1, 1]},
								"east": {"uv": [50, 61], "uv_size": [1, 1]},
								"south": {"uv": [61, 50], "uv_size": [1, 1]},
								"west": {"uv": [51, 61], "uv_size": [1, 1]},
								"up": {"uv": [61, 51], "uv_size": [1, 1]},
								"down": {"uv": [52, 62], "uv_size": [1, -1]}
							}
						},
						{
							"origin": [1.1394, 9.6782, -22.74108],
							"size": [0.09016, 2.41178, 1.127],
							"pivot": [0.94349, 10.57116, -22.17758],
							"rotation": [4.81652, -0.45471, -16.96725],
							"uv": {
								"north": {"uv": [3, 55], "uv_size": [1, 2]},
								"east": {"uv": [55, 4], "uv_size": [1, 2]},
								"south": {"uv": [55, 6], "uv_size": [1, 2]},
								"west": {"uv": [8, 55], "uv_size": [1, 2]},
								"up": {"uv": [61, 52], "uv_size": [1, 1]},
								"down": {"uv": [53, 62], "uv_size": [1, -1]}
							}
						},
						{
							"origin": [0.52516, 11.12787, -24.34438],
							"size": [0.09241, 1.00006, 1.127],
							"pivot": [0.66265, 12.6944, -23.78088],
							"rotation": [0, 0, 85.25],
							"uv": {
								"north": {"uv": [61, 53], "uv_size": [1, 1]},
								"east": {"uv": [54, 61], "uv_size": [1, 1]},
								"south": {"uv": [61, 54], "uv_size": [1, 1]},
								"west": {"uv": [55, 61], "uv_size": [1, 1]},
								"up": {"uv": [61, 55], "uv_size": [1, 1]},
								"down": {"uv": [56, 62], "uv_size": [1, -1]}
							}
						},
						{
							"origin": [-1.84581, 9.64313, -24.48927],
							"size": [0.09016, 2.41178, 1.127],
							"pivot": [-1.65301, 9.66723, -23.92577],
							"rotation": [-3.46387, 0.50192, 8.23482],
							"uv": {
								"north": {"uv": [55, 8], "uv_size": [1, 2]},
								"east": {"uv": [9, 55], "uv_size": [1, 2]},
								"south": {"uv": [10, 55], "uv_size": [1, 2]},
								"west": {"uv": [55, 10], "uv_size": [1, 2]},
								"up": {"uv": [61, 56], "uv_size": [1, 1]},
								"down": {"uv": [57, 62], "uv_size": [1, -1]}
							}
						},
						{
							"origin": [-0.50664, 11.54603, -24.34438],
							"size": [0.09016, 0.9016, 1.127],
							"pivot": [-0.3714, 13.11256, -23.78088],
							"rotation": [0, 0, 41],
							"uv": {
								"north": {"uv": [61, 59], "uv_size": [1, 1]},
								"east": {"uv": [60, 61], "uv_size": [1, 1]},
								"south": {"uv": [61, 60], "uv_size": [1, 1]},
								"west": {"uv": [61, 61], "uv_size": [1, 1]},
								"up": {"uv": [0, 62], "uv_size": [1, 1]},
								"down": {"uv": [62, 1], "uv_size": [1, -1]}
							}
						},
						{
							"origin": [-0.33254, 11.54603, -24.34438],
							"size": [0.09016, 1.0143, 1.127],
							"pivot": [-0.37762, 13.11256, -23.78088],
							"rotation": [0, 0, -41],
							"uv": {
								"north": {"uv": [1, 62], "uv_size": [1, 1]},
								"east": {"uv": [62, 1], "uv_size": [1, 1]},
								"south": {"uv": [2, 62], "uv_size": [1, 1]},
								"west": {"uv": [62, 2], "uv_size": [1, 1]},
								"up": {"uv": [3, 62], "uv_size": [1, 1]},
								"down": {"uv": [62, 4], "uv_size": [1, -1]}
							}
						},
						{
							"origin": [1.07779, 9.61965, -24.33429],
							"size": [0.09016, 2.41178, 1.127],
							"pivot": [1.01547, 9.70859, -23.77079],
							"rotation": [0.24601, 0.04449, -10.2499],
							"uv": {
								"north": {"uv": [14, 55], "uv_size": [1, 2]},
								"east": {"uv": [55, 14], "uv_size": [1, 2]},
								"south": {"uv": [15, 55], "uv_size": [1, 2]},
								"west": {"uv": [16, 55], "uv_size": [1, 2]},
								"up": {"uv": [4, 62], "uv_size": [1, 1]},
								"down": {"uv": [62, 5], "uv_size": [1, -1]}
							}
						},
						{
							"origin": [0.52516, 11.12787, -25.59438],
							"size": [0.09241, 1.00006, 1.127],
							"pivot": [0.66265, 12.6944, -25.03088],
							"rotation": [0, 0, 85.25],
							"uv": {
								"north": {"uv": [5, 62], "uv_size": [1, 1]},
								"east": {"uv": [62, 5], "uv_size": [1, 1]},
								"south": {"uv": [6, 62], "uv_size": [1, 1]},
								"west": {"uv": [62, 6], "uv_size": [1, 1]},
								"up": {"uv": [7, 62], "uv_size": [1, 1]},
								"down": {"uv": [62, 8], "uv_size": [1, -1]}
							}
						},
						{
							"origin": [-1.91956, 9.63011, -25.53208],
							"size": [0.09016, 2.41178, 1.127],
							"pivot": [-1.75216, 9.64733, -24.96858],
							"rotation": [1.47722, -0.26044, 9.99664],
							"uv": {
								"north": {"uv": [55, 16], "uv_size": [1, 2]},
								"east": {"uv": [17, 55], "uv_size": [1, 2]},
								"south": {"uv": [18, 55], "uv_size": [1, 2]},
								"west": {"uv": [55, 18], "uv_size": [1, 2]},
								"up": {"uv": [8, 62], "uv_size": [1, 1]},
								"down": {"uv": [62, 9], "uv_size": [1, -1]}
							}
						},
						{
							"origin": [-0.50664, 11.54603, -25.59438],
							"size": [0.09016, 0.9016, 1.127],
							"pivot": [-0.3714, 13.11256, -25.03088],
							"rotation": [0, 0, 41],
							"uv": {
								"north": {"uv": [12, 62], "uv_size": [1, 1]},
								"east": {"uv": [62, 12], "uv_size": [1, 1]},
								"south": {"uv": [13, 62], "uv_size": [1, 1]},
								"west": {"uv": [62, 13], "uv_size": [1, 1]},
								"up": {"uv": [14, 62], "uv_size": [1, 1]},
								"down": {"uv": [62, 15], "uv_size": [1, -1]}
							}
						},
						{
							"origin": [1.70933, 11.62397, -25.54442],
							"size": [0.09016, 1.0143, 1.127],
							"pivot": [0.73725, 10.50134, -24.98092],
							"rotation": [0.92534, 0.84042, -42.24321],
							"uv": {
								"north": {"uv": [15, 62], "uv_size": [1, 1]},
								"east": {"uv": [62, 15], "uv_size": [1, 1]},
								"south": {"uv": [16, 62], "uv_size": [1, 1]},
								"west": {"uv": [62, 16], "uv_size": [1, 1]},
								"up": {"uv": [17, 62], "uv_size": [1, 1]},
								"down": {"uv": [62, 18], "uv_size": [1, -1]}
							}
						},
						{
							"origin": [1.04864, 9.61033, -25.54442],
							"size": [0.09016, 2.41178, 1.127],
							"pivot": [0.85273, 10.50329, -24.98092],
							"rotation": [1.23286, 0.20629, -13.74778],
							"uv": {
								"north": {"uv": [25, 55], "uv_size": [1, 2]},
								"east": {"uv": [26, 55], "uv_size": [1, 2]},
								"south": {"uv": [55, 26], "uv_size": [1, 2]},
								"west": {"uv": [27, 55], "uv_size": [1, 2]},
								"up": {"uv": [18, 62], "uv_size": [1, 1]},
								"down": {"uv": [62, 19], "uv_size": [1, -1]}
							}
						},
						{
							"origin": [0.52516, 11.12787, -26.81938],
							"size": [0.09241, 1.00006, 1.127],
							"pivot": [0.66265, 12.6944, -26.25588],
							"rotation": [0, 0, 85.25],
							"uv": {
								"north": {"uv": [19, 62], "uv_size": [1, 1]},
								"east": {"uv": [62, 19], "uv_size": [1, 1]},
								"south": {"uv": [20, 62], "uv_size": [1, 1]},
								"west": {"uv": [62, 20], "uv_size": [1, 1]},
								"up": {"uv": [21, 62], "uv_size": [1, 1]},
								"down": {"uv": [62, 22], "uv_size": [1, -1]}
							}
						},
						{
							"origin": [-1.84654, 9.60799, -26.81938],
							"size": [0.09016, 2.41178, 1.127],
							"pivot": [-1.67914, 9.62522, -26.25588],
							"rotation": [0, 0, 7.75],
							"uv": {
								"north": {"uv": [28, 55], "uv_size": [1, 2]},
								"east": {"uv": [55, 28], "uv_size": [1, 2]},
								"south": {"uv": [29, 55], "uv_size": [1, 2]},
								"west": {"uv": [30, 55], "uv_size": [1, 2]},
								"up": {"uv": [22, 62], "uv_size": [1, 1]},
								"down": {"uv": [62, 23], "uv_size": [1, -1]}
							}
						},
						{
							"origin": [-0.50664, 11.54603, -26.81938],
							"size": [0.09016, 0.9016, 1.127],
							"pivot": [-0.3714, 13.11256, -26.25588],
							"rotation": [0, 0, 41],
							"uv": {
								"north": {"uv": [25, 62], "uv_size": [1, 1]},
								"east": {"uv": [62, 25], "uv_size": [1, 1]},
								"south": {"uv": [26, 62], "uv_size": [1, 1]},
								"west": {"uv": [62, 26], "uv_size": [1, 1]},
								"up": {"uv": [27, 62], "uv_size": [1, 1]},
								"down": {"uv": [62, 28], "uv_size": [1, -1]}
							}
						},
						{
							"origin": [-0.33254, 11.54603, -26.81938],
							"size": [0.09016, 1.0143, 1.127],
							"pivot": [-0.37762, 13.11256, -26.25588],
							"rotation": [0, 0, -41],
							"uv": {
								"north": {"uv": [28, 62], "uv_size": [1, 1]},
								"east": {"uv": [62, 28], "uv_size": [1, 1]},
								"south": {"uv": [29, 62], "uv_size": [1, 1]},
								"west": {"uv": [62, 29], "uv_size": [1, 1]},
								"up": {"uv": [30, 62], "uv_size": [1, 1]},
								"down": {"uv": [62, 31], "uv_size": [1, -1]}
							}
						},
						{
							"origin": [1.08788, 9.67294, -26.62988],
							"size": [0.09016, 2.41178, 1.127],
							"pivot": [1.02556, 9.76189, -26.06638],
							"rotation": [4.67082, 0.86466, -10.46474],
							"uv": {
								"north": {"uv": [55, 30], "uv_size": [1, 2]},
								"east": {"uv": [31, 55], "uv_size": [1, 2]},
								"south": {"uv": [32, 55], "uv_size": [1, 2]},
								"west": {"uv": [55, 32], "uv_size": [1, 2]},
								"up": {"uv": [31, 62], "uv_size": [1, 1]},
								"down": {"uv": [62, 32], "uv_size": [1, -1]}
							}
						},
						{
							"origin": [0.52516, 11.12787, -28.11938],
							"size": [0.09241, 1.00006, 1.127],
							"pivot": [0.66265, 12.6944, -27.55588],
							"rotation": [0, 0, 85.25],
							"uv": {
								"north": {"uv": [32, 62], "uv_size": [1, 1]},
								"east": {"uv": [62, 32], "uv_size": [1, 1]},
								"south": {"uv": [33, 62], "uv_size": [1, 1]},
								"west": {"uv": [62, 33], "uv_size": [1, 1]},
								"up": {"uv": [34, 62], "uv_size": [1, 1]},
								"down": {"uv": [62, 35], "uv_size": [1, -1]}
							}
						},
						{
							"origin": [-1.94025, 9.67095, -27.98494],
							"size": [0.09016, 2.41178, 1.127],
							"pivot": [-1.77285, 9.68818, -27.42144],
							"rotation": [3.20073, -0.56406, 9.98424],
							"uv": {
								"north": {"uv": [33, 55], "uv_size": [1, 2]},
								"east": {"uv": [34, 55], "uv_size": [1, 2]},
								"south": {"uv": [55, 34], "uv_size": [1, 2]},
								"west": {"uv": [35, 55], "uv_size": [1, 2]},
								"up": {"uv": [35, 62], "uv_size": [1, 1]},
								"down": {"uv": [62, 36], "uv_size": [1, -1]}
							}
						},
						{
							"origin": [-1.22787, 11.88927, -28.11938],
							"size": [0.09016, 0.9016, 1.127],
							"pivot": [-1.18279, 12.34007, -27.55588],
							"rotation": [-6, 0, 42.75],
							"uv": {
								"north": {"uv": [38, 62], "uv_size": [1, 1]},
								"east": {"uv": [62, 38], "uv_size": [1, 1]},
								"south": {"uv": [39, 62], "uv_size": [1, 1]},
								"west": {"uv": [62, 39], "uv_size": [1, 1]},
								"up": {"uv": [40, 62], "uv_size": [1, 1]},
								"down": {"uv": [62, 41], "uv_size": [1, -1]}
							}
						},
						{
							"origin": [-0.33254, 11.54603, -28.11938],
							"size": [0.09016, 1.0143, 1.127],
							"pivot": [-0.37762, 13.11256, -27.55588],
							"rotation": [0, 0, -41],
							"uv": {
								"north": {"uv": [41, 62], "uv_size": [1, 1]},
								"east": {"uv": [62, 41], "uv_size": [1, 1]},
								"south": {"uv": [42, 62], "uv_size": [1, 1]},
								"west": {"uv": [62, 42], "uv_size": [1, 1]},
								"up": {"uv": [43, 62], "uv_size": [1, 1]},
								"down": {"uv": [62, 44], "uv_size": [1, -1]}
							}
						},
						{
							"origin": [1.10804, 9.62081, -28.11938],
							"size": [0.09016, 2.41178, 1.127],
							"pivot": [1.04572, 9.70976, -27.55588],
							"rotation": [0, 0, -11],
							"uv": {
								"north": {"uv": [55, 42], "uv_size": [1, 2]},
								"east": {"uv": [55, 44], "uv_size": [1, 2]},
								"south": {"uv": [55, 46], "uv_size": [1, 2]},
								"west": {"uv": [55, 48], "uv_size": [1, 2]},
								"up": {"uv": [44, 62], "uv_size": [1, 1]},
								"down": {"uv": [62, 45], "uv_size": [1, -1]}
							}
						},
						{
							"origin": [0.52516, 11.12787, -29.31938],
							"size": [0.09241, 1.00006, 1.127],
							"pivot": [0.66265, 12.6944, -28.75588],
							"rotation": [0, 0, 85.25],
							"uv": {
								"north": {"uv": [45, 62], "uv_size": [1, 1]},
								"east": {"uv": [62, 45], "uv_size": [1, 1]},
								"south": {"uv": [46, 62], "uv_size": [1, 1]},
								"west": {"uv": [62, 46], "uv_size": [1, 1]},
								"up": {"uv": [47, 62], "uv_size": [1, 1]},
								"down": {"uv": [62, 48], "uv_size": [1, -1]}
							}
						},
						{
							"origin": [-1.82935, 9.59767, -29.31938],
							"size": [0.09016, 2.41178, 1.127],
							"pivot": [-1.54361, 10.39522, -28.75588],
							"rotation": [0, 0, 11],
							"uv": {
								"north": {"uv": [55, 50], "uv_size": [1, 2]},
								"east": {"uv": [55, 52], "uv_size": [1, 2]},
								"south": {"uv": [55, 54], "uv_size": [1, 2]},
								"west": {"uv": [56, 0], "uv_size": [1, 2]},
								"up": {"uv": [48, 62], "uv_size": [1, 1]},
								"down": {"uv": [62, 49], "uv_size": [1, -1]}
							}
						},
						{
							"origin": [-2.61427, 11.59811, -29.31938],
							"size": [0.09016, 0.9016, 1.127],
							"pivot": [-1.50069, 10.39506, -28.75588],
							"rotation": [0, 0, 42.25],
							"uv": {
								"north": {"uv": [51, 62], "uv_size": [1, 1]},
								"east": {"uv": [62, 51], "uv_size": [1, 1]},
								"south": {"uv": [52, 62], "uv_size": [1, 1]},
								"west": {"uv": [62, 52], "uv_size": [1, 1]},
								"up": {"uv": [53, 62], "uv_size": [1, 1]},
								"down": {"uv": [62, 54], "uv_size": [1, -1]}
							}
						},
						{
							"origin": [1.73933, 11.61985, -29.31938],
							"size": [0.09016, 1.0143, 1.127],
							"pivot": [0.76725, 10.49722, -28.75588],
							"rotation": [0, 0, -43],
							"uv": {
								"north": {"uv": [54, 62], "uv_size": [1, 1]},
								"east": {"uv": [62, 54], "uv_size": [1, 1]},
								"south": {"uv": [55, 62], "uv_size": [1, 1]},
								"west": {"uv": [62, 55], "uv_size": [1, 1]},
								"up": {"uv": [56, 62], "uv_size": [1, 1]},
								"down": {"uv": [62, 57], "uv_size": [1, -1]}
							}
						},
						{
							"origin": [1.09118, 9.60863, -29.31938],
							"size": [0.09016, 2.41178, 1.127],
							"pivot": [0.89527, 10.50159, -28.75588],
							"rotation": [0, 0, -15],
							"uv": {
								"north": {"uv": [56, 2], "uv_size": [1, 2]},
								"east": {"uv": [56, 4], "uv_size": [1, 2]},
								"south": {"uv": [56, 6], "uv_size": [1, 2]},
								"west": {"uv": [56, 8], "uv_size": [1, 2]},
								"up": {"uv": [57, 62], "uv_size": [1, 1]},
								"down": {"uv": [62, 58], "uv_size": [1, -1]}
							}
						},
						{
							"origin": [0.52516, 11.12787, -30.54438],
							"size": [0.09241, 1.00006, 1.127],
							"pivot": [0.66265, 12.6944, -29.98088],
							"rotation": [0, 0, 85.25],
							"uv": {
								"north": {"uv": [58, 62], "uv_size": [1, 1]},
								"east": {"uv": [62, 58], "uv_size": [1, 1]},
								"south": {"uv": [59, 62], "uv_size": [1, 1]},
								"west": {"uv": [62, 59], "uv_size": [1, 1]},
								"up": {"uv": [60, 62], "uv_size": [1, 1]},
								"down": {"uv": [62, 61], "uv_size": [1, -1]}
							}
						},
						{
							"origin": [-1.8361, 9.58511, -30.54438],
							"size": [0.09016, 2.41178, 1.127],
							"pivot": [-1.55036, 10.38265, -29.98088],
							"rotation": [0, 0, 11.75],
							"uv": {
								"north": {"uv": [56, 10], "uv_size": [1, 2]},
								"east": {"uv": [56, 12], "uv_size": [1, 2]},
								"south": {"uv": [56, 14], "uv_size": [1, 2]},
								"west": {"uv": [56, 16], "uv_size": [1, 2]},
								"up": {"uv": [61, 62], "uv_size": [1, 1]},
								"down": {"uv": [62, 62], "uv_size": [1, -1]}
							}
						},
						{
							"origin": [-2.56381, 11.58577, -30.54438],
							"size": [0.09016, 0.9016, 1.127],
							"pivot": [-1.45023, 10.38272, -29.98088],
							"rotation": [0, 0, 41],
							"uv": {
								"north": {"uv": [63, 1], "uv_size": [1, 1]},
								"east": {"uv": [2, 63], "uv_size": [1, 1]},
								"south": {"uv": [63, 2], "uv_size": [1, 1]},
								"west": {"uv": [3, 63], "uv_size": [1, 1]},
								"up": {"uv": [63, 3], "uv_size": [1, 1]},
								"down": {"uv": [4, 64], "uv_size": [1, -1]}
							}
						},
						{
							"origin": [-0.33254, 11.54603, -30.54438],
							"size": [0.09016, 1.0143, 1.127],
							"pivot": [-0.37762, 13.11256, -29.98088],
							"rotation": [0, 0, -41],
							"uv": {
								"north": {"uv": [63, 4], "uv_size": [1, 1]},
								"east": {"uv": [5, 63], "uv_size": [1, 1]},
								"south": {"uv": [63, 5], "uv_size": [1, 1]},
								"west": {"uv": [6, 63], "uv_size": [1, 1]},
								"up": {"uv": [63, 6], "uv_size": [1, 1]},
								"down": {"uv": [7, 64], "uv_size": [1, -1]}
							}
						},
						{
							"origin": [1.08788, 8.86834, -30.54438],
							"size": [0.09016, 3.16178, 1.127],
							"pivot": [1.02556, 9.70728, -29.98088],
							"rotation": [0, 0, -10.5],
							"uv": {
								"north": {"uv": [48, 27], "uv_size": [1, 3]},
								"east": {"uv": [48, 30], "uv_size": [1, 3]},
								"south": {"uv": [48, 33], "uv_size": [1, 3]},
								"west": {"uv": [48, 36], "uv_size": [1, 3]},
								"up": {"uv": [63, 7], "uv_size": [1, 1]},
								"down": {"uv": [8, 64], "uv_size": [1, -1]}
							}
						},
						{
							"origin": [0.52516, 11.12787, -31.89438],
							"size": [0.09241, 1.00006, 1.127],
							"pivot": [0.66265, 12.6944, -31.33088],
							"rotation": [0, 0, 85.25],
							"uv": {
								"north": {"uv": [63, 8], "uv_size": [1, 1]},
								"east": {"uv": [9, 63], "uv_size": [1, 1]},
								"south": {"uv": [63, 9], "uv_size": [1, 1]},
								"west": {"uv": [10, 63], "uv_size": [1, 1]},
								"up": {"uv": [63, 10], "uv_size": [1, 1]},
								"down": {"uv": [11, 64], "uv_size": [1, -1]}
							}
						},
						{
							"origin": [-1.82935, 9.59767, -31.89438],
							"size": [0.09016, 2.41178, 1.127],
							"pivot": [-1.54361, 10.39522, -31.33088],
							"rotation": [0, 0, 11],
							"uv": {
								"north": {"uv": [56, 32], "uv_size": [1, 2]},
								"east": {"uv": [56, 34], "uv_size": [1, 2]},
								"south": {"uv": [36, 56], "uv_size": [1, 2]},
								"west": {"uv": [56, 36], "uv_size": [1, 2]},
								"up": {"uv": [63, 11], "uv_size": [1, 1]},
								"down": {"uv": [12, 64], "uv_size": [1, -1]}
							}
						},
						{
							"origin": [-2.61427, 11.59811, -31.89438],
							"size": [0.09016, 0.9016, 1.127],
							"pivot": [-1.50069, 10.39506, -31.33088],
							"rotation": [0, 0, 42.25],
							"uv": {
								"north": {"uv": [63, 14], "uv_size": [1, 1]},
								"east": {"uv": [15, 63], "uv_size": [1, 1]},
								"south": {"uv": [63, 15], "uv_size": [1, 1]},
								"west": {"uv": [16, 63], "uv_size": [1, 1]},
								"up": {"uv": [63, 16], "uv_size": [1, 1]},
								"down": {"uv": [17, 64], "uv_size": [1, -1]}
							}
						},
						{
							"origin": [-0.33254, 11.54603, -31.89438],
							"size": [0.09016, 1.0143, 1.127],
							"pivot": [-0.37762, 13.11256, -31.33088],
							"rotation": [0, 0, -41],
							"uv": {
								"north": {"uv": [63, 17], "uv_size": [1, 1]},
								"east": {"uv": [18, 63], "uv_size": [1, 1]},
								"south": {"uv": [63, 18], "uv_size": [1, 1]},
								"west": {"uv": [19, 63], "uv_size": [1, 1]},
								"up": {"uv": [63, 19], "uv_size": [1, 1]},
								"down": {"uv": [20, 64], "uv_size": [1, -1]}
							}
						},
						{
							"origin": [1.08788, 9.61834, -31.89438],
							"size": [0.09016, 2.41178, 1.127],
							"pivot": [1.02556, 9.70728, -31.33088],
							"rotation": [0, 0, -10.5],
							"uv": {
								"north": {"uv": [40, 56], "uv_size": [1, 2]},
								"east": {"uv": [56, 40], "uv_size": [1, 2]},
								"south": {"uv": [41, 56], "uv_size": [1, 2]},
								"west": {"uv": [56, 42], "uv_size": [1, 2]},
								"up": {"uv": [63, 20], "uv_size": [1, 1]},
								"down": {"uv": [21, 64], "uv_size": [1, -1]}
							}
						},
						{
							"origin": [-0.45395, 12.19703, -33.14438],
							"size": [0.09241, 1.00006, 1.127],
							"pivot": [-0.40775, 12.69706, -32.58088],
							"rotation": [0, -2.75, 85.25],
							"uv": {
								"north": {"uv": [63, 21], "uv_size": [1, 1]},
								"east": {"uv": [22, 63], "uv_size": [1, 1]},
								"south": {"uv": [63, 22], "uv_size": [1, 1]},
								"west": {"uv": [23, 63], "uv_size": [1, 1]},
								"up": {"uv": [63, 23], "uv_size": [1, 1]},
								"down": {"uv": [24, 64], "uv_size": [1, -1]}
							}
						},
						{
							"origin": [-1.77659, 9.67339, -33.39793],
							"size": [0.09016, 2.41178, 1.127],
							"pivot": [-1.49085, 10.47094, -32.83443],
							"rotation": [-7.42326, 1.07319, 9.68038],
							"uv": {
								"north": {"uv": [43, 56], "uv_size": [1, 2]},
								"east": {"uv": [44, 56], "uv_size": [1, 2]},
								"south": {"uv": [56, 44], "uv_size": [1, 2]},
								"west": {"uv": [45, 56], "uv_size": [1, 2]},
								"up": {"uv": [63, 24], "uv_size": [1, 1]},
								"down": {"uv": [25, 64], "uv_size": [1, -1]}
							}
						},
						{
							"origin": [-1.03344, 7.9238, -30.50661],
							"size": [0.09016, 1.78678, 1.127],
							"pivot": [-0.59127, 10.43322, -29.94311],
							"rotation": [-2.99818, 0.10465, -3.00274],
							"uv": {
								"north": {"uv": [54, 56], "uv_size": [1, 2]},
								"east": {"uv": [56, 54], "uv_size": [1, 2]},
								"south": {"uv": [55, 56], "uv_size": [1, 2]},
								"west": {"uv": [56, 56], "uv_size": [1, 2]},
								"up": {"uv": [63, 34], "uv_size": [1, 1]},
								"down": {"uv": [35, 64], "uv_size": [1, -1]}
							}
						},
						{
							"origin": [0.10279, 8.08249, -31.89438],
							"size": [0.09016, 1.56876, 1.127],
							"pivot": [0.02556, 9.70728, -31.33088],
							"rotation": [0, 0, 1.25],
							"uv": {
								"north": {"uv": [57, 2], "uv_size": [1, 2]},
								"east": {"uv": [3, 57], "uv_size": [1, 2]},
								"south": {"uv": [4, 57], "uv_size": [1, 2]},
								"west": {"uv": [57, 4], "uv_size": [1, 2]},
								"up": {"uv": [63, 38], "uv_size": [1, 1]},
								"down": {"uv": [39, 64], "uv_size": [1, -1]}
							}
						},
						{
							"origin": [0.2926, 7.38641, -25.5381],
							"size": [0.09016, 2.34376, 1.127],
							"pivot": [-0.07916, 10.54616, -24.9746],
							"rotation": [0.74069, -0.15232, 2.74835],
							"uv": {
								"north": {"uv": [57, 10], "uv_size": [1, 2]},
								"east": {"uv": [11, 57], "uv_size": [1, 2]},
								"south": {"uv": [12, 57], "uv_size": [1, 2]},
								"west": {"uv": [57, 12], "uv_size": [1, 2]},
								"up": {"uv": [63, 45], "uv_size": [1, 1]},
								"down": {"uv": [46, 64], "uv_size": [1, -1]}
							}
						},
						{
							"origin": [-2.56381, 11.62759, -33.29484],
							"size": [0.09016, 0.9016, 1.127],
							"pivot": [-1.45023, 10.42454, -32.73134],
							"rotation": [-2.8319, 2.45922, 40.9392],
							"uv": {
								"north": {"uv": [63, 51], "uv_size": [1, 1]},
								"east": {"uv": [52, 63], "uv_size": [1, 1]},
								"south": {"uv": [63, 52], "uv_size": [1, 1]},
								"west": {"uv": [53, 63], "uv_size": [1, 1]},
								"up": {"uv": [63, 53], "uv_size": [1, 1]},
								"down": {"uv": [54, 64], "uv_size": [1, -1]}
							}
						},
						{
							"origin": [1.63523, 11.57094, -33.23642],
							"size": [0.09016, 1.0143, 1.127],
							"pivot": [0.66315, 10.44831, -32.67292],
							"rotation": [-2.63256, 0.36189, -39.97777],
							"uv": {
								"north": {"uv": [63, 54], "uv_size": [1, 1]},
								"east": {"uv": [55, 63], "uv_size": [1, 1]},
								"south": {"uv": [63, 55], "uv_size": [1, 1]},
								"west": {"uv": [56, 63], "uv_size": [1, 1]},
								"up": {"uv": [63, 56], "uv_size": [1, 1]},
								"down": {"uv": [57, 64], "uv_size": [1, -1]}
							}
						},
						{
							"origin": [0.97485, 9.55413, -33.23642],
							"size": [0.09016, 2.41178, 1.127],
							"pivot": [0.77894, 10.44709, -32.67292],
							"rotation": [-2.01883, 1.72824, -11.4999],
							"uv": {
								"north": {"uv": [13, 57], "uv_size": [1, 2]},
								"east": {"uv": [14, 57], "uv_size": [1, 2]},
								"south": {"uv": [57, 14], "uv_size": [1, 2]},
								"west": {"uv": [15, 57], "uv_size": [1, 2]},
								"up": {"uv": [63, 57], "uv_size": [1, 1]},
								"down": {"uv": [58, 64], "uv_size": [1, -1]}
							}
						},
						{
							"origin": [-2.11176, 9.51343, -17.65588],
							"size": [0.1, 2.675, 1.25],
							"pivot": [-1.9261, 9.53253, -17.03088],
							"rotation": [0, 0, 10.5],
							"uv": {
								"north": {"uv": [50, 6], "uv_size": [1, 3]},
								"east": {"uv": [50, 9], "uv_size": [1, 3]},
								"south": {"uv": [50, 12], "uv_size": [1, 3]},
								"west": {"uv": [50, 15], "uv_size": [1, 3]},
								"up": {"uv": [63, 58], "uv_size": [1, 1]},
								"down": {"uv": [59, 64], "uv_size": [1, -1]}
							}
						},
						{
							"origin": [-0.52155, 11.65319, -17.65588],
							"size": [0.1, 1, 1.25],
							"pivot": [-0.37155, 13.39069, -17.03088],
							"rotation": [0, 0, 41],
							"uv": {
								"north": {"uv": [63, 61], "uv_size": [1, 1]},
								"east": {"uv": [62, 63], "uv_size": [1, 1]},
								"south": {"uv": [63, 62], "uv_size": [1, 1]},
								"west": {"uv": [63, 63], "uv_size": [1, 1]},
								"up": {"uv": [0, 64], "uv_size": [1, 1]},
								"down": {"uv": [64, 1], "uv_size": [1, -1]}
							}
						},
						{
							"origin": [-0.32845, 11.65319, -17.65588],
							"size": [0.1, 1.125, 1.25],
							"pivot": [-0.37845, 13.39069, -17.03088],
							"rotation": [0, 0, -41],
							"uv": {
								"north": {"uv": [1, 64], "uv_size": [1, 1]},
								"east": {"uv": [64, 1], "uv_size": [1, 1]},
								"south": {"uv": [2, 64], "uv_size": [1, 1]},
								"west": {"uv": [64, 2], "uv_size": [1, 1]},
								"up": {"uv": [3, 64], "uv_size": [1, 1]},
								"down": {"uv": [64, 4], "uv_size": [1, -1]}
							}
						},
						{
							"origin": [1.19737, 9.5758, -17.90859],
							"size": [0.1, 2.675, 1.25],
							"pivot": [1.13735, 9.31649, -17.28359],
							"rotation": [-4.94852, -0.71657, -8.21904],
							"uv": {
								"north": {"uv": [50, 18], "uv_size": [1, 3]},
								"east": {"uv": [50, 21], "uv_size": [1, 3]},
								"south": {"uv": [50, 24], "uv_size": [1, 3]},
								"west": {"uv": [50, 27], "uv_size": [1, 3]},
								"up": {"uv": [4, 64], "uv_size": [1, 1]},
								"down": {"uv": [64, 5], "uv_size": [1, -1]}
							}
						},
						{
							"origin": [0.62286, 11.18939, -17.65588],
							"size": [0.1025, 1.10921, 1.25],
							"pivot": [0.77536, 12.92689, -17.03088],
							"rotation": [0, 0, 85.25],
							"uv": {
								"north": {"uv": [5, 64], "uv_size": [1, 1]},
								"east": {"uv": [64, 5], "uv_size": [1, 1]},
								"south": {"uv": [6, 64], "uv_size": [1, 1]},
								"west": {"uv": [64, 6], "uv_size": [1, 1]},
								"up": {"uv": [7, 64], "uv_size": [1, 1]},
								"down": {"uv": [64, 8], "uv_size": [1, -1]}
							}
						},
						{
							"origin": [-1.9821, 9.50904, -5.65588],
							"size": [0.1, 2.675, 1.25],
							"pivot": [-1.84671, 9.70282, -5.03008],
							"rotation": [0, 0, 8.25],
							"uv": {
								"north": {"uv": [50, 30], "uv_size": [1, 3]},
								"east": {"uv": [50, 33], "uv_size": [1, 3]},
								"south": {"uv": [36, 50], "uv_size": [1, 3]},
								"west": {"uv": [50, 36], "uv_size": [1, 3]},
								"up": {"uv": [8, 64], "uv_size": [1, 1]},
								"down": {"uv": [64, 9], "uv_size": [1, -1]}
							}
						},
						{
							"origin": [-0.52155, 11.65319, -5.65588],
							"size": [0.1, 1, 1.25],
							"pivot": [-0.37155, 13.39069, -5.03088],
							"rotation": [0, 0, 41],
							"uv": {
								"north": {"uv": [12, 64], "uv_size": [1, 1]},
								"east": {"uv": [64, 12], "uv_size": [1, 1]},
								"south": {"uv": [13, 64], "uv_size": [1, 1]},
								"west": {"uv": [64, 13], "uv_size": [1, 1]},
								"up": {"uv": [14, 64], "uv_size": [1, 1]},
								"down": {"uv": [64, 15], "uv_size": [1, -1]}
							}
						},
						{
							"origin": [-1.29002, 12.00594, -18.88088],
							"size": [1.1, 1, 20.625],
							"pivot": [-1.24002, 12.50594, -5.73088],
							"rotation": [0, 0, 38.25],
							"uv": {
								"north": {"uv": [15, 64], "uv_size": [1, 1]},
								"east": {"uv": [21, 8], "uv_size": [21, 1]},
								"south": {"uv": [64, 15], "uv_size": [1, 1]},
								"west": {"uv": [21, 9], "uv_size": [21, 1]},
								"up": {"uv": [9, 22], "uv_size": [1, 21]},
								"down": {"uv": [10, 43], "uv_size": [1, -21]}
							}
						},
						{
							"origin": [2.03569, 11.75569, -5.65588],
							"size": [0.1, 1.125, 1.25],
							"pivot": [0.95752, 10.51054, -5.03088],
							"rotation": [0, 0, -44.5],
							"uv": {
								"north": {"uv": [16, 64], "uv_size": [1, 1]},
								"east": {"uv": [64, 16], "uv_size": [1, 1]},
								"south": {"uv": [17, 64], "uv_size": [1, 1]},
								"west": {"uv": [64, 17], "uv_size": [1, 1]},
								"up": {"uv": [18, 64], "uv_size": [1, 1]},
								"down": {"uv": [64, 19], "uv_size": [1, -1]}
							}
						},
						{
							"origin": [1.08001, 9.52538, -5.66789],
							"size": [0.1, 2.675, 1.25],
							"pivot": [0.86272, 10.5158, -5.04289],
							"rotation": [-0.75035, 1.74985, -9.27291],
							"uv": {
								"north": {"uv": [50, 39], "uv_size": [1, 3]},
								"east": {"uv": [50, 42], "uv_size": [1, 3]},
								"south": {"uv": [50, 45], "uv_size": [1, 3]},
								"west": {"uv": [46, 50], "uv_size": [1, 3]},
								"up": {"uv": [19, 64], "uv_size": [1, 1]},
								"down": {"uv": [64, 20], "uv_size": [1, -1]}
							}
						},
						{
							"origin": [0.62286, 11.18939, -5.65588],
							"size": [0.1025, 1.10921, 1.25],
							"pivot": [0.77536, 12.92689, -5.03088],
							"rotation": [0, 0, 85.25],
							"uv": {
								"north": {"uv": [20, 64], "uv_size": [1, 1]},
								"east": {"uv": [64, 20], "uv_size": [1, 1]},
								"south": {"uv": [21, 64], "uv_size": [1, 1]},
								"west": {"uv": [64, 21], "uv_size": [1, 1]},
								"up": {"uv": [22, 64], "uv_size": [1, 1]},
								"down": {"uv": [64, 23], "uv_size": [1, -1]}
							}
						},
						{
							"origin": [-2.1233, 9.51477, -4.35588],
							"size": [0.1, 2.675, 1.25],
							"pivot": [-1.93764, 9.53387, -3.73088],
							"rotation": [0, 0, 10.75],
							"uv": {
								"north": {"uv": [50, 48], "uv_size": [1, 3]},
								"east": {"uv": [51, 0], "uv_size": [1, 3]},
								"south": {"uv": [51, 3], "uv_size": [1, 3]},
								"west": {"uv": [4, 51], "uv_size": [1, 3]},
								"up": {"uv": [23, 64], "uv_size": [1, 1]},
								"down": {"uv": [64, 24], "uv_size": [1, -1]}
							}
						},
						{
							"origin": [-0.52155, 11.65319, -4.35588],
							"size": [0.1, 1, 1.25],
							"pivot": [-0.37155, 13.39069, -3.73088],
							"rotation": [0, 0, 41],
							"uv": {
								"north": {"uv": [26, 64], "uv_size": [1, 1]},
								"east": {"uv": [64, 26], "uv_size": [1, 1]},
								"south": {"uv": [27, 64], "uv_size": [1, 1]},
								"west": {"uv": [64, 27], "uv_size": [1, 1]},
								"up": {"uv": [28, 64], "uv_size": [1, 1]},
								"down": {"uv": [64, 29], "uv_size": [1, -1]}
							}
						},
						{
							"origin": [0.41789, 12.00701, -4.35588],
							"size": [0.1, 1.125, 1.25],
							"pivot": [0.46789, 12.56951, -3.73088],
							"rotation": [0, 0, -39],
							"uv": {
								"north": {"uv": [29, 64], "uv_size": [1, 1]},
								"east": {"uv": [64, 29], "uv_size": [1, 1]},
								"south": {"uv": [30, 64], "uv_size": [1, 1]},
								"west": {"uv": [64, 30], "uv_size": [1, 1]},
								"up": {"uv": [31, 64], "uv_size": [1, 1]},
								"down": {"uv": [64, 32], "uv_size": [1, -1]}
							}
						},
						{
							"origin": [1.2022, 9.78521, -4.35588],
							"size": [0.1, 2.4, 1.25],
							"pivot": [1.13308, 9.60886, -3.73088],
							"rotation": [0, 0, -9.5],
							"uv": {
								"north": {"uv": [30, 57], "uv_size": [1, 2]},
								"east": {"uv": [57, 30], "uv_size": [1, 2]},
								"south": {"uv": [31, 57], "uv_size": [1, 2]},
								"west": {"uv": [32, 57], "uv_size": [1, 2]},
								"up": {"uv": [32, 64], "uv_size": [1, 1]},
								"down": {"uv": [64, 33], "uv_size": [1, -1]}
							}
						},
						{
							"origin": [0.62286, 11.18939, -4.35588],
							"size": [0.1025, 1.10921, 1.25],
							"pivot": [0.77536, 12.92689, -3.73088],
							"rotation": [0, 0, 85.25],
							"uv": {
								"north": {"uv": [33, 64], "uv_size": [1, 1]},
								"east": {"uv": [64, 33], "uv_size": [1, 1]},
								"south": {"uv": [34, 64], "uv_size": [1, 1]},
								"west": {"uv": [64, 34], "uv_size": [1, 1]},
								"up": {"uv": [35, 64], "uv_size": [1, 1]},
								"down": {"uv": [64, 36], "uv_size": [1, -1]}
							}
						},
						{
							"origin": [0.64786, 11.18939, -18.83088],
							"size": [1.1025, 1.10921, 20.575],
							"pivot": [0.77536, 12.92689, -3.73088],
							"rotation": [0, 0, 85.25],
							"uv": {
								"north": {"uv": [36, 64], "uv_size": [1, 1]},
								"east": {"uv": [21, 10], "uv_size": [21, 1]},
								"south": {"uv": [64, 36], "uv_size": [1, 1]},
								"west": {"uv": [21, 11], "uv_size": [21, 1]},
								"up": {"uv": [11, 22], "uv_size": [1, 21]},
								"down": {"uv": [12, 43], "uv_size": [1, -21]}
							}
						},
						{
							"origin": [-1.76073, 9.49097, -2.73088],
							"size": [0.1, 2.675, 1.25],
							"pivot": [-1.61073, 11.22847, -2.10588],
							"rotation": [0, 0, 8.25],
							"uv": {
								"north": {"uv": [51, 9], "uv_size": [1, 3]},
								"east": {"uv": [51, 12], "uv_size": [1, 3]},
								"south": {"uv": [51, 15], "uv_size": [1, 3]},
								"west": {"uv": [51, 18], "uv_size": [1, 3]},
								"up": {"uv": [37, 64], "uv_size": [1, 1]},
								"down": {"uv": [64, 38], "uv_size": [1, -1]}
							}
						},
						{
							"origin": [-1.73573, 9.49097, -18.88088],
							"size": [1.45, 2.675, 20.675],
							"pivot": [-1.58573, 11.22847, -2.83088],
							"rotation": [0, 0, 8.25],
							"uv": {
								"north": {"uv": [42, 13], "uv_size": [1, 3]},
								"east": {"uv": [0, 0], "uv_size": [21, 3]},
								"south": {"uv": [42, 34], "uv_size": [1, 3]},
								"west": {"uv": [0, 3], "uv_size": [21, 3]},
								"up": {"uv": [21, 16], "uv_size": [1, 21]},
								"down": {"uv": [8, 43], "uv_size": [1, -21]}
							}
						},
						{
							"origin": [-0.58498, 12.00594, -18.88088],
							"size": [1.1, 1, 20.625],
							"pivot": [0.46502, 12.50594, -5.73088],
							"rotation": [0, 0, -38.25],
							"uv": {
								"north": {"uv": [38, 64], "uv_size": [1, 1]},
								"east": {"uv": [22, 16], "uv_size": [21, 1]},
								"south": {"uv": [64, 38], "uv_size": [1, 1]},
								"west": {"uv": [22, 17], "uv_size": [21, 1]},
								"up": {"uv": [13, 22], "uv_size": [1, 21]},
								"down": {"uv": [14, 43], "uv_size": [1, -21]}
							}
						},
						{
							"origin": [-0.78927, 9.49097, -18.88088],
							"size": [1.75, 2.675, 20.675],
							"pivot": [0.81073, 11.22847, -2.83088],
							"rotation": [0, 0, -8.25],
							"uv": {
								"north": {"uv": [34, 2], "uv_size": [2, 3]},
								"east": {"uv": [0, 6], "uv_size": [21, 3]},
								"south": {"uv": [34, 5], "uv_size": [2, 3]},
								"west": {"uv": [0, 9], "uv_size": [21, 3]},
								"up": {"uv": [0, 12], "uv_size": [2, 21]},
								"down": {"uv": [2, 33], "uv_size": [2, -21]}
							}
						},
						{
							"origin": [-1.65377, 8.84497, -18.88088],
							"size": [0.7, 0.75, 20.675],
							"pivot": [-1.60377, 8.20747, -8.04338],
							"rotation": [0, 0, -14.25],
							"uv": {
								"north": {"uv": [39, 64], "uv_size": [1, 1]},
								"east": {"uv": [22, 18], "uv_size": [21, 1]},
								"south": {"uv": [64, 39], "uv_size": [1, 1]},
								"west": {"uv": [22, 19], "uv_size": [21, 1]},
								"up": {"uv": [15, 22], "uv_size": [1, 21]},
								"down": {"uv": [16, 43], "uv_size": [1, -21]}
							}
						},
						{
							"origin": [-1.71602, 7.38976, -18.88088],
							"size": [0.8, 1.45, 20.675],
							"pivot": [-1.66602, 8.48976, -8.04338],
							"rotation": [0, 0, -15.75],
							"uv": {
								"north": {"uv": [40, 64], "uv_size": [1, 1]},
								"east": {"uv": [22, 20], "uv_size": [21, 1]},
								"south": {"uv": [64, 40], "uv_size": [1, 1]},
								"west": {"uv": [22, 21], "uv_size": [21, 1]},
								"up": {"uv": [17, 22], "uv_size": [1, 21]},
								"down": {"uv": [18, 43], "uv_size": [1, -21]}
							}
						},
						{
							"origin": [-0.64411, 6.40285, -18.88088],
							"size": [2.5, 1.81362, 20.675],
							"pivot": [-0.59411, 7.49147, -8.04338],
							"rotation": [0, 0, -89.75],
							"uv": {
								"north": {"uv": [38, 6], "uv_size": [2, 2]},
								"east": {"uv": [4, 12], "uv_size": [21, 2]},
								"south": {"uv": [38, 13], "uv_size": [2, 2]},
								"west": {"uv": [4, 14], "uv_size": [21, 2]},
								"up": {"uv": [4, 16], "uv_size": [2, 21]},
								"down": {"uv": [6, 37], "uv_size": [2, -21]}
							}
						},
						{
							"origin": [0.12877, 8.84497, -18.88088],
							"size": [0.7, 0.75, 20.675],
							"pivot": [0.77877, 8.20747, -8.04338],
							"rotation": [0, 0, 14.25],
							"uv": {
								"north": {"uv": [41, 64], "uv_size": [1, 1]},
								"east": {"uv": [22, 22], "uv_size": [21, 1]},
								"south": {"uv": [64, 41], "uv_size": [1, 1]},
								"west": {"uv": [22, 23], "uv_size": [21, 1]},
								"up": {"uv": [19, 22], "uv_size": [1, 21]},
								"down": {"uv": [20, 43], "uv_size": [1, -21]}
							}
						},
						{
							"origin": [-0.05898, 7.38976, -18.88088],
							"size": [0.95, 1.45, 20.675],
							"pivot": [0.84102, 8.48976, -8.04338],
							"rotation": [0, 0, 15.75],
							"uv": {
								"north": {"uv": [42, 64], "uv_size": [1, 1]},
								"east": {"uv": [22, 24], "uv_size": [21, 1]},
								"south": {"uv": [64, 42], "uv_size": [1, 1]},
								"west": {"uv": [25, 12], "uv_size": [21, 1]},
								"up": {"uv": [22, 25], "uv_size": [1, 21]},
								"down": {"uv": [23, 46], "uv_size": [1, -21]}
							}
						},
						{
							"origin": [-1.70902, 9.51244, -20.34138],
							"size": [1.441, 2.6215, 1.446],
							"pivot": [-1.56202, 11.21519, -4.58738],
							"rotation": [0, 0, 8.25],
							"uv": {
								"north": {"uv": [21, 51], "uv_size": [1, 3]},
								"east": {"uv": [51, 21], "uv_size": [1, 3]},
								"south": {"uv": [51, 24], "uv_size": [1, 3]},
								"west": {"uv": [51, 27], "uv_size": [1, 3]},
								"up": {"uv": [43, 64], "uv_size": [1, 1]},
								"down": {"uv": [64, 44], "uv_size": [1, -1]}
							}
						},
						{
							"origin": [-1.6897, 7.45325, -20.34138],
							"size": [0.784, 1.421, 1.446],
							"pivot": [-1.6407, 8.53125, -9.69563],
							"rotation": [0, 0, -15.75],
							"uv": {
								"north": {"uv": [44, 64], "uv_size": [1, 1]},
								"east": {"uv": [64, 44], "uv_size": [1, 1]},
								"south": {"uv": [45, 64], "uv_size": [1, 1]},
								"west": {"uv": [64, 45], "uv_size": [1, 1]},
								"up": {"uv": [46, 64], "uv_size": [1, 1]},
								"down": {"uv": [64, 47], "uv_size": [1, -1]}
							}
						},
						{
							"origin": [-0.63922, 6.48608, -20.34138],
							"size": [2.45, 1.77734, 1.446],
							"pivot": [-0.59022, 7.55292, -9.69563],
							"rotation": [0, 0, -89.75],
							"uv": {
								"north": {"uv": [40, 6], "uv_size": [2, 2]},
								"east": {"uv": [57, 32], "uv_size": [1, 2]},
								"south": {"uv": [40, 13], "uv_size": [2, 2]},
								"west": {"uv": [33, 57], "uv_size": [1, 2]},
								"up": {"uv": [36, 7], "uv_size": [2, 1]},
								"down": {"uv": [38, 16], "uv_size": [2, -1]}
							}
						},
						{
							"origin": [-0.06579, 7.45325, -20.34138],
							"size": [0.931, 1.421, 1.446],
							"pivot": [0.81621, 8.53125, -9.69563],
							"rotation": [0, 0, 15.75],
							"uv": {
								"north": {"uv": [47, 64], "uv_size": [1, 1]},
								"east": {"uv": [64, 47], "uv_size": [1, 1]},
								"south": {"uv": [48, 64], "uv_size": [1, 1]},
								"west": {"uv": [64, 48], "uv_size": [1, 1]},
								"up": {"uv": [49, 64], "uv_size": [1, 1]},
								"down": {"uv": [64, 50], "uv_size": [1, -1]}
							}
						},
						{
							"origin": [-0.55648, 9.51244, -20.34138],
							"size": [1.49, 2.6215, 1.446],
							"pivot": [0.78652, 11.21519, -4.58738],
							"rotation": [0, 0, -8.25],
							"uv": {
								"north": {"uv": [51, 30], "uv_size": [1, 3]},
								"east": {"uv": [51, 33], "uv_size": [1, 3]},
								"south": {"uv": [51, 36], "uv_size": [1, 3]},
								"west": {"uv": [37, 51], "uv_size": [1, 3]},
								"up": {"uv": [50, 64], "uv_size": [1, 1]},
								"down": {"uv": [64, 51], "uv_size": [1, -1]}
							}
						},
						{
							"origin": [0.11819, 8.87936, -20.34138],
							"size": [0.686, 0.735, 1.446],
							"pivot": [0.75519, 8.25461, -9.69563],
							"rotation": [0, 0, 14.25],
							"uv": {
								"north": {"uv": [51, 64], "uv_size": [1, 1]},
								"east": {"uv": [64, 51], "uv_size": [1, 1]},
								"south": {"uv": [52, 64], "uv_size": [1, 1]},
								"west": {"uv": [64, 52], "uv_size": [1, 1]},
								"up": {"uv": [53, 64], "uv_size": [1, 1]},
								"down": {"uv": [64, 54], "uv_size": [1, -1]}
							}
						},
						{
							"origin": [-1.62869, 8.87936, -20.34138],
							"size": [0.686, 0.735, 1.446],
							"pivot": [-1.57969, 8.25461, -9.69563],
							"rotation": [0, 0, -14.25],
							"uv": {
								"north": {"uv": [54, 64], "uv_size": [1, 1]},
								"east": {"uv": [64, 54], "uv_size": [1, 1]},
								"south": {"uv": [55, 64], "uv_size": [1, 1]},
								"west": {"uv": [64, 55], "uv_size": [1, 1]},
								"up": {"uv": [56, 64], "uv_size": [1, 1]},
								"down": {"uv": [64, 57], "uv_size": [1, -1]}
							}
						},
						{
							"origin": [-1.27222, 11.97711, -20.34138],
							"size": [1.098, 0.98, 1.495],
							"pivot": [-1.22322, 12.46711, -7.42938],
							"rotation": [0, 0, 38.25],
							"uv": {
								"north": {"uv": [57, 64], "uv_size": [1, 1]},
								"east": {"uv": [64, 57], "uv_size": [1, 1]},
								"south": {"uv": [58, 64], "uv_size": [1, 1]},
								"west": {"uv": [64, 58], "uv_size": [1, 1]},
								"up": {"uv": [59, 64], "uv_size": [1, 1]},
								"down": {"uv": [64, 60], "uv_size": [1, -1]}
							}
						},
						{
							"origin": [0.6269, 11.17689, -20.34138],
							"size": [1.10045, 1.08702, 1.397],
							"pivot": [0.75185, 12.87964, -5.46938],
							"rotation": [0, 0, 85.25],
							"uv": {
								"north": {"uv": [60, 64], "uv_size": [1, 1]},
								"east": {"uv": [64, 60], "uv_size": [1, 1]},
								"south": {"uv": [61, 64], "uv_size": [1, 1]},
								"west": {"uv": [64, 61], "uv_size": [1, 1]},
								"up": {"uv": [62, 64], "uv_size": [1, 1]},
								"down": {"uv": [64, 63], "uv_size": [1, -1]}
							}
						},
						{
							"origin": [-0.60127, 11.97711, -20.34138],
							"size": [1.098, 0.98, 1.495],
							"pivot": [0.44773, 12.46711, -7.42938],
							"rotation": [0, 0, -38.25],
							"uv": {
								"north": {"uv": [63, 64], "uv_size": [1, 1]},
								"east": {"uv": [64, 63], "uv_size": [1, 1]},
								"south": {"uv": [64, 64], "uv_size": [1, 1]},
								"west": {"uv": [0, 65], "uv_size": [1, 1]},
								"up": {"uv": [65, 0], "uv_size": [1, 1]},
								"down": {"uv": [1, 66], "uv_size": [1, -1]}
							}
						},
						{
							"origin": [0.50439, 6.35007, -33.03209],
							"size": [1.1241, 2.5316, 12.67743],
							"pivot": [-0.57563, 7.77943, -11.90929],
							"rotation": [0, 0, -89.75],
							"uv": {
								"north": {"uv": [38, 51], "uv_size": [1, 3]},
								"east": {"uv": [8, 16], "uv_size": [13, 3]},
								"south": {"uv": [39, 51], "uv_size": [1, 3]},
								"west": {"uv": [8, 19], "uv_size": [13, 3]},
								"up": {"uv": [24, 25], "uv_size": [1, 13]},
								"down": {"uv": [25, 38], "uv_size": [1, -13]}
							}
						},
						{
							"origin": [-1.60268, 9.57827, -33.03209],
							"size": [1.32284, 2.40654, 12.67743],
							"pivot": [-1.46774, 11.14139, -7.21992],
							"rotation": [0, 0, 8.25],
							"uv": {
								"north": {"uv": [34, 57], "uv_size": [1, 2]},
								"east": {"uv": [21, 0], "uv_size": [13, 2]},
								"south": {"uv": [57, 34], "uv_size": [1, 2]},
								"west": {"uv": [21, 2], "uv_size": [13, 2]},
								"up": {"uv": [26, 25], "uv_size": [1, 13]},
								"down": {"uv": [27, 38], "uv_size": [1, -13]}
							}
						},
						{
							"origin": [-1.52894, 8.9971, -33.03209],
							"size": [0.62975, 0.67473, 12.67743],
							"pivot": [-1.48396, 8.42358, -11.90929],
							"rotation": [0, 0, -14.25],
							"uv": {
								"north": {"uv": [65, 1], "uv_size": [1, 1]},
								"east": {"uv": [25, 13], "uv_size": [13, 1]},
								"south": {"uv": [2, 65], "uv_size": [1, 1]},
								"west": {"uv": [25, 14], "uv_size": [13, 1]},
								"up": {"uv": [28, 25], "uv_size": [1, 13]},
								"down": {"uv": [29, 38], "uv_size": [1, -13]}
							}
						},
						{
							"origin": [0.0747, 8.9971, -33.03209],
							"size": [0.62975, 0.67473, 12.67743],
							"pivot": [0.65946, 8.42358, -11.90929],
							"rotation": [0, 0, 14.25],
							"uv": {
								"north": {"uv": [65, 2], "uv_size": [1, 1]},
								"east": {"uv": [25, 15], "uv_size": [13, 1]},
								"south": {"uv": [3, 65], "uv_size": [1, 1]},
								"west": {"uv": [30, 25], "uv_size": [13, 1]},
								"up": {"uv": [30, 26], "uv_size": [1, 13]},
								"down": {"uv": [31, 39], "uv_size": [1, -13]}
							}
						},
						{
							"origin": [-0.54465, 9.57827, -33.03209],
							"size": [1.36782, 2.40654, 12.67743],
							"pivot": [0.68822, 11.14139, -7.21992],
							"rotation": [0, 0, -8.25],
							"uv": {
								"north": {"uv": [35, 57], "uv_size": [1, 2]},
								"east": {"uv": [21, 4], "uv_size": [13, 2]},
								"south": {"uv": [57, 36], "uv_size": [1, 2]},
								"west": {"uv": [21, 6], "uv_size": [13, 2]},
								"up": {"uv": [32, 26], "uv_size": [1, 13]},
								"down": {"uv": [0, 46], "uv_size": [1, -13]}
							}
						},
						{
							"origin": [-1.2017, 11.84084, -33.03209],
							"size": [1.00796, 0.89964, 12.72241],
							"pivot": [-1.15672, 12.29066, -9.82887],
							"rotation": [0, 0, 38.25],
							"uv": {
								"north": {"uv": [65, 3], "uv_size": [1, 1]},
								"east": {"uv": [33, 26], "uv_size": [13, 1]},
								"south": {"uv": [4, 65], "uv_size": [1, 1]},
								"west": {"uv": [33, 27], "uv_size": [13, 1]},
								"up": {"uv": [1, 33], "uv_size": [1, 13]},
								"down": {"uv": [2, 46], "uv_size": [1, -13]}
							}
						},
						{
							"origin": [0.54169, 11.10624, -33.03209],
							"size": [1.01021, 0.99789, 12.63245],
							"pivot": [0.65639, 12.66936, -8.02959],
							"rotation": [0, 0, 85.25],
							"uv": {
								"north": {"uv": [65, 4], "uv_size": [1, 1]},
								"east": {"uv": [33, 28], "uv_size": [13, 1]},
								"south": {"uv": [5, 65], "uv_size": [1, 1]},
								"west": {"uv": [33, 29], "uv_size": [13, 1]},
								"up": {"uv": [3, 33], "uv_size": [1, 13]},
								"down": {"uv": [33, 43], "uv_size": [1, -13]}
							}
						},
						{
							"origin": [-0.58577, 11.84084, -33.03209],
							"size": [1.00796, 0.89964, 12.72241],
							"pivot": [0.37721, 12.29066, -9.82887],
							"rotation": [0, 0, -38.25],
							"uv": {
								"north": {"uv": [65, 5], "uv_size": [1, 1]},
								"east": {"uv": [34, 0], "uv_size": [13, 1]},
								"south": {"uv": [6, 65], "uv_size": [1, 1]},
								"west": {"uv": [34, 1], "uv_size": [13, 1]},
								"up": {"uv": [34, 30], "uv_size": [1, 13]},
								"down": {"uv": [35, 43], "uv_size": [1, -13]}
							}
						},
						{
							"origin": [-1.30889, 12.02234, -2.73088],
							"size": [0.1, 1, 1.25],
							"pivot": [-1.25889, 12.52234, -2.10588],
							"rotation": [0, 0, 39.75],
							"uv": {
								"north": {"uv": [65, 8], "uv_size": [1, 1]},
								"east": {"uv": [9, 65], "uv_size": [1, 1]},
								"south": {"uv": [65, 9], "uv_size": [1, 1]},
								"west": {"uv": [10, 65], "uv_size": [1, 1]},
								"up": {"uv": [65, 10], "uv_size": [1, 1]},
								"down": {"uv": [11, 66], "uv_size": [1, -1]}
							}
						},
						{
							"origin": [-0.32845, 11.65319, -2.73088],
							"size": [0.1, 1.125, 1.25],
							"pivot": [-0.37845, 13.39069, -2.10588],
							"rotation": [0, 0, -41],
							"uv": {
								"north": {"uv": [65, 11], "uv_size": [1, 1]},
								"east": {"uv": [12, 65], "uv_size": [1, 1]},
								"south": {"uv": [65, 12], "uv_size": [1, 1]},
								"west": {"uv": [13, 65], "uv_size": [1, 1]},
								"up": {"uv": [65, 13], "uv_size": [1, 1]},
								"down": {"uv": [14, 66], "uv_size": [1, -1]}
							}
						},
						{
							"origin": [1.2134, 9.51136, -2.73088],
							"size": [0.1, 2.675, 1.25],
							"pivot": [1.14429, 9.61001, -2.10588],
							"rotation": [0, 0, -9.75],
							"uv": {
								"north": {"uv": [43, 51], "uv_size": [1, 3]},
								"east": {"uv": [44, 51], "uv_size": [1, 3]},
								"south": {"uv": [45, 51], "uv_size": [1, 3]},
								"west": {"uv": [51, 45], "uv_size": [1, 3]},
								"up": {"uv": [65, 14], "uv_size": [1, 1]},
								"down": {"uv": [15, 66], "uv_size": [1, -1]}
							}
						},
						{
							"origin": [-0.46311, 12.37524, -2.73088],
							"size": [0.1025, 1.10921, 1.25],
							"pivot": [-0.41186, 12.92984, -2.10588],
							"rotation": [-1.5, 1, 85.5],
							"uv": {
								"north": {"uv": [65, 15], "uv_size": [1, 1]},
								"east": {"uv": [16, 65], "uv_size": [1, 1]},
								"south": {"uv": [65, 16], "uv_size": [1, 1]},
								"west": {"uv": [17, 65], "uv_size": [1, 1]},
								"up": {"uv": [65, 17], "uv_size": [1, 1]},
								"down": {"uv": [18, 66], "uv_size": [1, -1]}
							}
						},
						{
							"origin": [-2.06537, 9.52932, -1.43088],
							"size": [0.1, 2.675, 1.25],
							"pivot": [-1.8797, 9.54842, -0.80588],
							"rotation": [0, 0, 9],
							"uv": {
								"north": {"uv": [47, 51], "uv_size": [1, 3]},
								"east": {"uv": [48, 51], "uv_size": [1, 3]},
								"south": {"uv": [51, 48], "uv_size": [1, 3]},
								"west": {"uv": [49, 51], "uv_size": [1, 3]},
								"up": {"uv": [65, 18], "uv_size": [1, 1]},
								"down": {"uv": [19, 66], "uv_size": [1, -1]}
							}
						},
						{
							"origin": [-1.32149, 12.03388, -1.43088],
							"size": [0.1, 1, 1.25],
							"pivot": [-1.27149, 12.53388, -0.80588],
							"rotation": [-2.25, 0, 42.75],
							"uv": {
								"north": {"uv": [65, 21], "uv_size": [1, 1]},
								"east": {"uv": [22, 65], "uv_size": [1, 1]},
								"south": {"uv": [65, 22], "uv_size": [1, 1]},
								"west": {"uv": [23, 65], "uv_size": [1, 1]},
								"up": {"uv": [65, 23], "uv_size": [1, 1]},
								"down": {"uv": [24, 66], "uv_size": [1, -1]}
							}
						},
						{
							"origin": [-0.32845, 11.65319, -1.43088],
							"size": [0.1, 1.125, 1.25],
							"pivot": [-0.37845, 13.39069, -0.80588],
							"rotation": [0, 0, -41],
							"uv": {
								"north": {"uv": [65, 24], "uv_size": [1, 1]},
								"east": {"uv": [25, 65], "uv_size": [1, 1]},
								"south": {"uv": [65, 25], "uv_size": [1, 1]},
								"west": {"uv": [26, 65], "uv_size": [1, 1]},
								"up": {"uv": [65, 26], "uv_size": [1, 1]},
								"down": {"uv": [27, 66], "uv_size": [1, -1]}
							}
						},
						{
							"origin": [1.20495, 9.51234, -1.39665],
							"size": [0.1, 2.675, 1.25],
							"pivot": [1.09315, 9.63848, -0.74632],
							"rotation": [0.87147, -1.16857, -10.00071],
							"uv": {
								"north": {"uv": [1, 52], "uv_size": [1, 3]},
								"east": {"uv": [2, 52], "uv_size": [1, 3]},
								"south": {"uv": [3, 52], "uv_size": [1, 3]},
								"west": {"uv": [52, 3], "uv_size": [1, 3]},
								"up": {"uv": [65, 27], "uv_size": [1, 1]},
								"down": {"uv": [28, 66], "uv_size": [1, -1]}
							}
						},
						{
							"origin": [0.62286, 11.18939, -1.43088],
							"size": [0.1025, 1.10921, 1.25],
							"pivot": [0.77536, 12.92689, -0.80588],
							"rotation": [0, 0, 85.25],
							"uv": {
								"north": {"uv": [65, 28], "uv_size": [1, 1]},
								"east": {"uv": [29, 65], "uv_size": [1, 1]},
								"south": {"uv": [65, 29], "uv_size": [1, 1]},
								"west": {"uv": [30, 65], "uv_size": [1, 1]},
								"up": {"uv": [65, 30], "uv_size": [1, 1]},
								"down": {"uv": [31, 66], "uv_size": [1, -1]}
							}
						},
						{
							"origin": [-2.17962, 9.49609, 0.00406],
							"size": [0.1, 2.675, 1.25],
							"pivot": [-1.93837, 9.5271, 0.61992],
							"rotation": [0, -2.5, 12],
							"uv": {
								"north": {"uv": [52, 6], "uv_size": [1, 3]},
								"east": {"uv": [8, 52], "uv_size": [1, 3]},
								"south": {"uv": [9, 52], "uv_size": [1, 3]},
								"west": {"uv": [52, 9], "uv_size": [1, 3]},
								"up": {"uv": [65, 31], "uv_size": [1, 1]},
								"down": {"uv": [32, 66], "uv_size": [1, -1]}
							}
						},
						{
							"origin": [-1.29461, 12.01495, -0.00588],
							"size": [0.1, 1, 1.25],
							"pivot": [-1.24461, 12.51495, 0.61912],
							"rotation": [0.0458, -0.2493, 37.2504],
							"uv": {
								"north": {"uv": [65, 34], "uv_size": [1, 1]},
								"east": {"uv": [35, 65], "uv_size": [1, 1]},
								"south": {"uv": [65, 35], "uv_size": [1, 1]},
								"west": {"uv": [36, 65], "uv_size": [1, 1]},
								"up": {"uv": [65, 36], "uv_size": [1, 1]},
								"down": {"uv": [37, 66], "uv_size": [1, -1]}
							}
						},
						{
							"origin": [1.894, 11.73476, 0.09539],
							"size": [0.1, 1.125, 1.25],
							"pivot": [0.81583, 10.4896, 0.72039],
							"rotation": [1.50968, 1.31197, -40.98271],
							"uv": {
								"north": {"uv": [65, 37], "uv_size": [1, 1]},
								"east": {"uv": [38, 65], "uv_size": [1, 1]},
								"south": {"uv": [65, 38], "uv_size": [1, 1]},
								"west": {"uv": [39, 65], "uv_size": [1, 1]},
								"up": {"uv": [65, 39], "uv_size": [1, 1]},
								"down": {"uv": [40, 66], "uv_size": [1, -1]}
							}
						},
						{
							"origin": [1.12744, 9.52593, 0.16121],
							"size": [0.1, 2.675, 1.25],
							"pivot": [0.91015, 10.51635, 0.78621],
							"rotation": [4.20618, 0.6093, -11.47763],
							"uv": {
								"north": {"uv": [13, 52], "uv_size": [1, 3]},
								"east": {"uv": [14, 52], "uv_size": [1, 3]},
								"south": {"uv": [15, 52], "uv_size": [1, 3]},
								"west": {"uv": [52, 15], "uv_size": [1, 3]},
								"up": {"uv": [65, 40], "uv_size": [1, 1]},
								"down": {"uv": [41, 66], "uv_size": [1, -1]}
							}
						},
						{
							"origin": [-0.46311, 12.37524, -0.00588],
							"size": [0.1025, 1.10921, 1.25],
							"pivot": [-0.41186, 12.92984, 0.61912],
							"rotation": [-3.5, 0, 85.25],
							"uv": {
								"north": {"uv": [65, 41], "uv_size": [1, 1]},
								"east": {"uv": [42, 65], "uv_size": [1, 1]},
								"south": {"uv": [65, 42], "uv_size": [1, 1]},
								"west": {"uv": [43, 65], "uv_size": [1, 1]},
								"up": {"uv": [65, 43], "uv_size": [1, 1]},
								"down": {"uv": [44, 66], "uv_size": [1, -1]}
							}
						},
						{
							"origin": [-2.08138, 9.52045, 1.19954],
							"size": [0.1, 2.675, 1.25],
							"pivot": [-1.78486, 10.54001, 1.82454],
							"rotation": [-2.16292, 0.62004, 15.9883],
							"uv": {
								"north": {"uv": [16, 52], "uv_size": [1, 3]},
								"east": {"uv": [17, 52], "uv_size": [1, 3]},
								"south": {"uv": [18, 52], "uv_size": [1, 3]},
								"west": {"uv": [52, 18], "uv_size": [1, 3]},
								"up": {"uv": [65, 44], "uv_size": [1, 1]},
								"down": {"uv": [45, 66], "uv_size": [1, -1]}
							}
						},
						{
							"origin": [0.19725, 7.76471, -13.70588],
							"size": [0.1, 1.875, 1.25],
							"pivot": [0.11159, 9.70185, -13.08088],
							"rotation": [0, 0, -0.75],
							"uv": {
								"north": {"uv": [58, 48], "uv_size": [1, 2]},
								"east": {"uv": [49, 58], "uv_size": [1, 2]},
								"south": {"uv": [50, 58], "uv_size": [1, 2]},
								"west": {"uv": [58, 50], "uv_size": [1, 2]},
								"up": {"uv": [2, 66], "uv_size": [1, 1]},
								"down": {"uv": [66, 3], "uv_size": [1, -1]}
							}
						},
						{
							"origin": [0.07694, 7.18602, -11.00588],
							"size": [0.1, 2.35, 1.25],
							"pivot": [0.12694, 8.19852, -10.38088],
							"rotation": [0, 0, 3.5],
							"uv": {
								"north": {"uv": [51, 58], "uv_size": [1, 2]},
								"east": {"uv": [52, 58], "uv_size": [1, 2]},
								"south": {"uv": [58, 52], "uv_size": [1, 2]},
								"west": {"uv": [53, 58], "uv_size": [1, 2]},
								"up": {"uv": [4, 66], "uv_size": [1, 1]},
								"down": {"uv": [66, 5], "uv_size": [1, -1]}
							}
						},
						{
							"origin": [0.12015, 7.66427, -5.73345],
							"size": [0.1, 1.9, 1.25],
							"pivot": [-0.29218, 10.46933, -5.10845],
							"rotation": [3.5012, 1.4972, -6.90841],
							"uv": {
								"north": {"uv": [54, 58], "uv_size": [1, 2]},
								"east": {"uv": [58, 54], "uv_size": [1, 2]},
								"south": {"uv": [55, 58], "uv_size": [1, 2]},
								"west": {"uv": [56, 58], "uv_size": [1, 2]},
								"up": {"uv": [8, 66], "uv_size": [1, 1]},
								"down": {"uv": [66, 9], "uv_size": [1, -1]}
							}
						},
						{
							"origin": [0.16124, 8.07204, -4.3635],
							"size": [0.1, 1.775, 1.25],
							"pivot": [0.07557, 9.90918, -3.7385],
							"rotation": [2.00069, -1.49909, 4.19764],
							"uv": {
								"north": {"uv": [59, 0], "uv_size": [1, 2]},
								"east": {"uv": [1, 59], "uv_size": [1, 2]},
								"south": {"uv": [2, 59], "uv_size": [1, 2]},
								"west": {"uv": [59, 2], "uv_size": [1, 2]},
								"up": {"uv": [10, 66], "uv_size": [1, 1]},
								"down": {"uv": [66, 11], "uv_size": [1, -1]}
							}
						},
						{
							"origin": [0.24027, 7.24328, -2.72717],
							"size": [0.1, 2.35, 1.25],
							"pivot": [0.15461, 9.65543, -2.10217],
							"rotation": [-2.75, 0, 7],
							"uv": {
								"north": {"uv": [3, 59], "uv_size": [1, 2]},
								"east": {"uv": [4, 59], "uv_size": [1, 2]},
								"south": {"uv": [59, 4], "uv_size": [1, 2]},
								"west": {"uv": [5, 59], "uv_size": [1, 2]},
								"up": {"uv": [11, 66], "uv_size": [1, 1]},
								"down": {"uv": [66, 12], "uv_size": [1, -1]}
							}
						},
						{
							"origin": [-1.3091, 12.04968, 1.2785],
							"size": [0.1, 1, 1.25],
							"pivot": [-1.2591, 12.54968, 1.9035],
							"rotation": [2.30153, 1.47592, 40.97812],
							"uv": {
								"north": {"uv": [13, 66], "uv_size": [1, 1]},
								"east": {"uv": [66, 13], "uv_size": [1, 1]},
								"south": {"uv": [14, 66], "uv_size": [1, 1]},
								"west": {"uv": [66, 14], "uv_size": [1, 1]},
								"up": {"uv": [15, 66], "uv_size": [1, 1]},
								"down": {"uv": [66, 16], "uv_size": [1, -1]}
							}
						},
						{
							"origin": [0.07694, 7.18602, -16.35588],
							"size": [0.1, 2.35, 1.25],
							"pivot": [0.12694, 8.19852, -15.73088],
							"rotation": [0, 0, 3.5],
							"uv": {
								"north": {"uv": [46, 58], "uv_size": [1, 2]},
								"east": {"uv": [58, 46], "uv_size": [1, 2]},
								"south": {"uv": [47, 58], "uv_size": [1, 2]},
								"west": {"uv": [48, 58], "uv_size": [1, 2]},
								"up": {"uv": [1, 66], "uv_size": [1, 1]},
								"down": {"uv": [66, 2], "uv_size": [1, -1]}
							}
						},
						{
							"origin": [1.93627, 11.7254, 1.29412],
							"size": [0.1, 1.125, 1.25],
							"pivot": [0.8581, 10.48025, 1.91912],
							"rotation": [0, 0, -42.25],
							"uv": {
								"north": {"uv": [16, 66], "uv_size": [1, 1]},
								"east": {"uv": [66, 16], "uv_size": [1, 1]},
								"south": {"uv": [17, 66], "uv_size": [1, 1]},
								"west": {"uv": [66, 17], "uv_size": [1, 1]},
								"up": {"uv": [18, 66], "uv_size": [1, 1]},
								"down": {"uv": [66, 19], "uv_size": [1, -1]}
							}
						},
						{
							"origin": [1.0156, 9.51197, 1.3461],
							"size": [0.1, 2.675, 1.25],
							"pivot": [0.79831, 10.50239, 1.9711],
							"rotation": [1.73504, 0.22839, -7.49654],
							"uv": {
								"north": {"uv": [6, 54], "uv_size": [1, 3]},
								"east": {"uv": [54, 6], "uv_size": [1, 3]},
								"south": {"uv": [7, 54], "uv_size": [1, 3]},
								"west": {"uv": [54, 9], "uv_size": [1, 3]},
								"up": {"uv": [19, 66], "uv_size": [1, 1]},
								"down": {"uv": [66, 20], "uv_size": [1, -1]}
							}
						},
						{
							"origin": [-0.46311, 12.37524, 1.29412],
							"size": [0.1025, 1.10921, 1.25],
							"pivot": [-0.41186, 12.92984, 1.91912],
							"rotation": [0, -1.25, 85.25],
							"uv": {
								"north": {"uv": [20, 66], "uv_size": [1, 1]},
								"east": {"uv": [66, 20], "uv_size": [1, 1]},
								"south": {"uv": [21, 66], "uv_size": [1, 1]},
								"west": {"uv": [66, 21], "uv_size": [1, 1]},
								"up": {"uv": [22, 66], "uv_size": [1, 1]},
								"down": {"uv": [66, 23], "uv_size": [1, -1]}
							}
						}
					]
				},
				{
					"name": "_ca_camoflauge",
					"parent": "bone",
					"pivot": [-0.3942, 11.28785, -14.77364],
					"cubes": [
						{
							"origin": [-0.8942, 10.78785, -15.27364],
							"size": [1, 1, 1],
							"uv": {
								"north": {"uv": [0, 0], "uv_size": [1, 1]},
								"east": {"uv": [0, 0], "uv_size": [1, 1]},
								"south": {"uv": [0, 0], "uv_size": [1, 1]},
								"west": {"uv": [0, 0], "uv_size": [1, 1]},
								"up": {"uv": [1, 1], "uv_size": [-1, -1]},
								"down": {"uv": [1, 1], "uv_size": [-1, -1]}
							}
						}
					]
				}
			]
		}
	]
}