{
	"format_version": "1.12.0",
	"minecraft:geometry": [
		{
			"description": {
				"identifier": "geometry.unknown",
				"texture_width": 16,
				"texture_height": 16,
				"visible_bounds_width": 4,
				"visible_bounds_height": 1.5,
				"visible_bounds_offset": [0, 0.25, 0]
			},
			"bones": [
				{
					"name": "bone",
					"pivot": [-1.1789, 11.32546, -24.27003],
					"cubes": [
						{
							"origin": [-2.06577, 7.43859, -31.52778],
							"size": [1.8, 1.8, 6.75],
							"pivot": [-1.16577, 8.33859, -28.15278],
							"rotation": [180, 0, 45],
							"uv": {
								"north": {"uv": [4, 4], "uv_size": [1, 1]},
								"east": {"uv": [0, 0], "uv_size": [4.5, 1]},
								"south": {"uv": [5, 0], "uv_size": [1, 1]},
								"west": {"uv": [0, 1], "uv_size": [4.5, 1]},
								"up": {"uv": [0, 2], "uv_size": [1, 4.5]},
								"down": {"uv": [1, 6.5], "uv_size": [1, -4.5]}
							}
						},
						{
							"origin": [-1.76255, 8.55927, -36.29483],
							"size": [0.6, 0.15, 0.375],
							"pivot": [-1.46255, 8.78427, -36.10733],
							"rotation": [180, 45, 135],
							"uv": {
								"north": {"uv": [9, 1], "uv_size": [0.5, 0.5]},
								"east": {"uv": [2, 9], "uv_size": [0.5, 0.5]},
								"south": {"uv": [9, 2], "uv_size": [0.5, 0.5]},
								"west": {"uv": [3, 9], "uv_size": [0.5, 0.5]},
								"up": {"uv": [9, 3], "uv_size": [0.5, 0.5]},
								"down": {"uv": [4, 9.5], "uv_size": [0.5, -0.5]}
							}
						},
						{
							"origin": [-1.69077, 8.43178, -36.55278],
							"size": [0.47574, 0.15, 0.42426],
							"pivot": [-1.59003, 8.65678, -36.29028],
							"rotation": [180, 0, 135],
							"uv": {
								"north": {"uv": [7, 8], "uv_size": [0.5, 0.5]},
								"east": {"uv": [8, 7], "uv_size": [0.5, 0.5]},
								"south": {"uv": [8, 8], "uv_size": [0.5, 0.5]},
								"west": {"uv": [0, 9], "uv_size": [0.5, 0.5]},
								"up": {"uv": [9, 0], "uv_size": [0.5, 0.5]},
								"down": {"uv": [1, 9.5], "uv_size": [0.5, -0.5]}
							}
						},
						{
							"origin": [-1.80005, 7.63041, -36.2418],
							"size": [0.6, 0.15, 0.375],
							"pivot": [-1.42505, 7.85541, -36.0543],
							"rotation": [180, -45, 45],
							"uv": {
								"north": {"uv": [4, 8], "uv_size": [0.5, 0.5]},
								"east": {"uv": [8, 4], "uv_size": [0.5, 0.5]},
								"south": {"uv": [5, 8], "uv_size": [0.5, 0.5]},
								"west": {"uv": [8, 5], "uv_size": [0.5, 0.5]},
								"up": {"uv": [6, 8], "uv_size": [0.5, 0.5]},
								"down": {"uv": [8, 6.5], "uv_size": [0.5, -0.5]}
							}
						},
						{
							"origin": [-1.46577, 8.63859, -33.77778],
							"size": [0.32574, 0.15, 0.42426],
							"pivot": [-1.16577, 8.33859, -34.90278],
							"rotation": [180, 0, 45],
							"uv": {
								"north": {"uv": [1, 8], "uv_size": [0.5, 0.5]},
								"east": {"uv": [8, 1], "uv_size": [0.5, 0.5]},
								"south": {"uv": [2, 8], "uv_size": [0.5, 0.5]},
								"west": {"uv": [8, 2], "uv_size": [0.5, 0.5]},
								"up": {"uv": [3, 8], "uv_size": [0.5, 0.5]},
								"down": {"uv": [8, 3.5], "uv_size": [0.5, -0.5]}
							}
						},
						{
							"origin": [-1.76577, 7.57833, -32.2303],
							"size": [1.2, 1.2, 0.9],
							"pivot": [-1.16577, 8.33859, -31.71392],
							"rotation": [-157.5, 0, 135],
							"uv": {
								"north": {"uv": [6, 2], "uv_size": [1, 1]},
								"east": {"uv": [7, 3], "uv_size": [0.5, 1]},
								"south": {"uv": [6, 3], "uv_size": [1, 1]},
								"west": {"uv": [4, 7], "uv_size": [0.5, 1]},
								"up": {"uv": [7, 4], "uv_size": [1, 0.5]},
								"down": {"uv": [5, 7.5], "uv_size": [1, -0.5]}
							}
						},
						{
							"origin": [-1.76577, 7.89885, -32.2303],
							"size": [1.2, 1.2, 0.9],
							"pivot": [-1.16577, 8.33859, -31.71392],
							"rotation": [157.5, 0, 135],
							"uv": {
								"north": {"uv": [6, 0], "uv_size": [1, 1]},
								"east": {"uv": [7, 1], "uv_size": [0.5, 1]},
								"south": {"uv": [6, 1], "uv_size": [1, 1]},
								"west": {"uv": [2, 7], "uv_size": [0.5, 1]},
								"up": {"uv": [7, 2], "uv_size": [1, 0.5]},
								"down": {"uv": [3, 7.5], "uv_size": [1, -0.5]}
							}
						},
						{
							"origin": [-2.21806, 7.16204, -35.6269],
							"size": [1.2, 1.2, 0.9],
							"pivot": [-1.31806, 7.76204, -33.3769],
							"rotation": [-157.5, 0, 45],
							"uv": {
								"north": {"uv": [5, 3], "uv_size": [1, 1]},
								"east": {"uv": [4, 6], "uv_size": [0.5, 1]},
								"south": {"uv": [4, 5], "uv_size": [1, 1]},
								"west": {"uv": [6, 4], "uv_size": [0.5, 1]},
								"up": {"uv": [5, 6], "uv_size": [1, 0.5]},
								"down": {"uv": [6, 5.5], "uv_size": [1, -0.5]}
							}
						},
						{
							"origin": [-1.46577, 8.03859, -34.34028],
							"size": [0.6, 0.6, 0.6],
							"pivot": [-1.16577, 8.33859, -34.90278],
							"rotation": [180, 0, 45],
							"uv": {
								"north": {"uv": [7, 5], "uv_size": [0.5, 0.5]},
								"east": {"uv": [6, 7], "uv_size": [0.5, 0.5]},
								"south": {"uv": [7, 6], "uv_size": [0.5, 0.5]},
								"west": {"uv": [7, 7], "uv_size": [0.5, 0.5]},
								"up": {"uv": [0, 8], "uv_size": [0.5, 0.5]},
								"down": {"uv": [8, 0.5], "uv_size": [0.5, -0.5]}
							}
						},
						{
							"origin": [-1.61577, 7.88859, -45.62778],
							"size": [0.9, 0.9, 0.6],
							"pivot": [-1.16577, 8.33859, -34.90278],
							"rotation": [180, 0, 45],
							"uv": {
								"north": {"uv": [7, 5], "uv_size": [0.5, 0.5]},
								"east": {"uv": [6, 7], "uv_size": [0.5, 0.5]},
								"south": {"uv": [7, 6], "uv_size": [0.5, 0.5]},
								"west": {"uv": [7, 7], "uv_size": [0.5, 0.5]},
								"up": {"uv": [0, 8], "uv_size": [0.5, 0.5]},
								"down": {"uv": [8, 0.5], "uv_size": [0.5, -0.5]}
							}
						},
						{
							"origin": [-1.76577, 7.73859, -38.27778],
							"size": [1.2, 1.2, 4.5],
							"pivot": [-1.16577, 8.33859, -34.90278],
							"rotation": [180, 0, 45],
							"uv": {
								"north": {"uv": [5, 1], "uv_size": [1, 1]},
								"east": {"uv": [2, 2], "uv_size": [3, 1]},
								"south": {"uv": [5, 2], "uv_size": [1, 1]},
								"west": {"uv": [2, 3], "uv_size": [3, 1]},
								"up": {"uv": [2, 4], "uv_size": [1, 3]},
								"down": {"uv": [3, 7], "uv_size": [1, -3]}
							}
						},
						{
							"origin": [-1.80056, 7.82806, -32.16392],
							"size": [1.2, 1.2, 0.9],
							"pivot": [-1.50056, 8.42806, -31.71392],
							"rotation": [157.5, 0, 45],
							"uv": {
								"north": {"uv": [5, 4], "uv_size": [1, 1]},
								"east": {"uv": [6, 6], "uv_size": [0.5, 1]},
								"south": {"uv": [5, 5], "uv_size": [1, 1]},
								"west": {"uv": [0, 7], "uv_size": [0.5, 1]},
								"up": {"uv": [7, 0], "uv_size": [1, 0.5]},
								"down": {"uv": [1, 7.5], "uv_size": [1, -0.5]}
							}
						}
					]
				},
				{
					"name": "_ca_suppressor",
					"parent": "bone",
					"pivot": [-1.21452, 8.33859, -24.63814],
					"cubes": [
						{
							"origin": [-1.71452, 7.83859, -25.13814],
							"size": [1, 1, 1],
							"pivot": [-1.21452, 8.33859, -24.63814],
							"rotation": [0, 0, 0],
							"uv": {
								"north": {"uv": [51, 113], "uv_size": [1, 2]},
								"east": {"uv": [113, 51], "uv_size": [1, 2]},
								"south": {"uv": [53, 113], "uv_size": [1, 2]},
								"west": {"uv": [113, 53], "uv_size": [1, 2]},
								"up": {"uv": [53, 145], "uv_size": [1, 1]},
								"down": {"uv": [145, 54], "uv_size": [1, -1]}
							}
						}
					]
				}
			]
		}
	]
}