{
	"format_version": "1.21.20",
	"minecraft:geometry": [
		{
			"description": {
				"identifier": "geometry.unknown",
				"texture_width": 32,
				"texture_height": 32,
				"visible_bounds_width": 16,
				"visible_bounds_height": 3.5,
				"visible_bounds_offset": [0, 1.25, 0]
			},
			"bones": [
				{
					"name": "laserattachment",
					"pivot": [-3.36955, 12.96812, 9.85061]
				},
				{
					"name": "_ca_raillaser",
					"parent": "laserattachment",
					"pivot": [-3.37882, 10.59973, 15.97305],
					"cubes": [
						{
							"origin": [-3.87882, 11.09973, 15.47305],
							"size": [1, 1, 1],
							"uv": {
								"north": {"uv": [31, 117], "uv_size": [1, 1]},
								"east": {"uv": [102, 46], "uv_size": [1, 1]},
								"south": {"uv": [32, 117], "uv_size": [1, 1]},
								"west": {"uv": [102, 47], "uv_size": [1, 1]},
								"up": {"uv": [33, 117], "uv_size": [1, 1]},
								"down": {"uv": [102, 49], "uv_size": [1, -1]}
							}
						}
					]
				},
				{
					"name": "base2",
					"parent": "laserattachment",
					"pivot": [-2.19026, 0.53128, 10.20427],
					"cubes": [
						{
							"origin": [-4.94539, 11.70096, 0.60588],
							"size": [0.35218, 2.1131, 8.20082],
							"pivot": [-2.19026, 0.53128, 10.20427],
							"rotation": [-180, 0, 169.25],
							"uv": {
								"north": {"uv": [12, 20], "uv_size": [1, 2]},
								"east": {"uv": [0, 0], "uv_size": [6, 2]},
								"south": {"uv": [13, 20], "uv_size": [1, 2]},
								"west": {"uv": [0, 2], "uv_size": [6, 2]},
								"up": {"uv": [2, 10], "uv_size": [1, 6]},
								"down": {"uv": [3, 16], "uv_size": [1, -6]}
							}
						},
						{
							"origin": [-2.44496, 11.9013, 0.60588],
							"size": [2.91808, 0.80499, 8.20082],
							"pivot": [-2.19026, 0.53128, 10.20427],
							"rotation": [-180, 0, 180],
							"uv": {
								"north": {"uv": [14, 20], "uv_size": [2, 1]},
								"east": {"uv": [10, 4], "uv_size": [6, 1]},
								"south": {"uv": [20, 16], "uv_size": [2, 1]},
								"west": {"uv": [10, 5], "uv_size": [6, 1]},
								"up": {"uv": [0, 4], "uv_size": [2, 6]},
								"down": {"uv": [2, 10], "uv_size": [2, -6]}
							}
						},
						{
							"origin": [-11.54062, 9.56195, 0.60588],
							"size": [1.66029, 0.40249, 8.20082],
							"pivot": [-2.19026, 0.53128, 10.20427],
							"rotation": [180, 0, 135],
							"uv": {
								"north": {"uv": [1, 22], "uv_size": [1, 1]},
								"east": {"uv": [12, 12], "uv_size": [6, 1]},
								"south": {"uv": [2, 22], "uv_size": [1, 1]},
								"west": {"uv": [12, 13], "uv_size": [6, 1]},
								"up": {"uv": [12, 14], "uv_size": [1, 6]},
								"down": {"uv": [13, 20], "uv_size": [1, -6]}
							}
						},
						{
							"origin": [-11.28906, 9.05883, 0.60588],
							"size": [0.90561, 0.50312, 8.20082],
							"pivot": [-2.19026, 0.53128, 10.20427],
							"rotation": [180, 0, 135],
							"uv": {
								"north": {"uv": [3, 22], "uv_size": [1, 1]},
								"east": {"uv": [14, 8], "uv_size": [6, 1]},
								"south": {"uv": [22, 4], "uv_size": [1, 1]},
								"west": {"uv": [14, 9], "uv_size": [6, 1]},
								"up": {"uv": [14, 14], "uv_size": [1, 6]},
								"down": {"uv": [15, 20], "uv_size": [1, -6]}
							}
						},
						{
							"origin": [7.62018, 7.3158, 0.60588],
							"size": [0.95592, 0.55343, 8.20082],
							"pivot": [-2.19026, 0.53128, 10.20427],
							"rotation": [-180, 0, -135],
							"uv": {
								"north": {"uv": [22, 5], "uv_size": [1, 1]},
								"east": {"uv": [14, 10], "uv_size": [6, 1]},
								"south": {"uv": [22, 6], "uv_size": [1, 1]},
								"west": {"uv": [14, 11], "uv_size": [6, 1]},
								"up": {"uv": [0, 16], "uv_size": [1, 6]},
								"down": {"uv": [1, 22], "uv_size": [1, -6]}
							}
						},
						{
							"origin": [7.268, 7.86923, 0.60588],
							"size": [1.66029, 0.40249, 8.20082],
							"pivot": [-2.19026, 0.53128, 10.20427],
							"rotation": [-180, 0, -135],
							"uv": {
								"north": {"uv": [22, 7], "uv_size": [1, 1]},
								"east": {"uv": [15, 6], "uv_size": [6, 1]},
								"south": {"uv": [22, 8], "uv_size": [1, 1]},
								"west": {"uv": [15, 7], "uv_size": [6, 1]},
								"up": {"uv": [2, 16], "uv_size": [1, 6]},
								"down": {"uv": [3, 22], "uv_size": [1, -6]}
							}
						},
						{
							"origin": [-11.94323, 9.96008, 0.60588],
							"size": [0.20125, 2.01247, 0.25156],
							"pivot": [-2.19026, 0.53128, 10.20427],
							"rotation": [180, 0, 135],
							"uv": {
								"north": {"uv": [22, 9], "uv_size": [1, 1]},
								"east": {"uv": [22, 10], "uv_size": [1, 1]},
								"south": {"uv": [22, 11], "uv_size": [1, 1]},
								"west": {"uv": [12, 22], "uv_size": [1, 1]},
								"up": {"uv": [13, 22], "uv_size": [1, 1]},
								"down": {"uv": [15, 23], "uv_size": [1, -1]}
							}
						},
						{
							"origin": [-10.13201, 9.96008, 0.60588],
							"size": [0.20125, 2.01247, 0.25156],
							"pivot": [-2.19026, 0.53128, 10.20427],
							"rotation": [180, 0, 135],
							"uv": {
								"north": {"uv": [16, 22], "uv_size": [1, 1]},
								"east": {"uv": [22, 16], "uv_size": [1, 1]},
								"south": {"uv": [17, 22], "uv_size": [1, 1]},
								"west": {"uv": [22, 17], "uv_size": [1, 1]},
								"up": {"uv": [18, 22], "uv_size": [1, 1]},
								"down": {"uv": [22, 19], "uv_size": [1, -1]}
							}
						},
						{
							"origin": [9.04977, 8.47303, 0.60588],
							"size": [0.20125, 1.60998, 0.25156],
							"pivot": [-2.19026, 0.53128, 10.20427],
							"rotation": [-180, 0, -135],
							"uv": {
								"north": {"uv": [19, 22], "uv_size": [1, 1]},
								"east": {"uv": [22, 19], "uv_size": [1, 1]},
								"south": {"uv": [20, 22], "uv_size": [1, 1]},
								"west": {"uv": [22, 20], "uv_size": [1, 1]},
								"up": {"uv": [21, 22], "uv_size": [1, 1]},
								"down": {"uv": [22, 22], "uv_size": [1, -1]}
							}
						},
						{
							"origin": [7.23855, 8.47303, 0.60588],
							"size": [0.20125, 1.60998, 0.25156],
							"pivot": [-2.19026, 0.53128, 10.20427],
							"rotation": [-180, 0, -135],
							"uv": {
								"north": {"uv": [22, 22], "uv_size": [1, 1]},
								"east": {"uv": [0, 23], "uv_size": [1, 1]},
								"south": {"uv": [1, 23], "uv_size": [1, 1]},
								"west": {"uv": [2, 23], "uv_size": [1, 1]},
								"up": {"uv": [23, 2], "uv_size": [1, 1]},
								"down": {"uv": [3, 24], "uv_size": [1, -1]}
							}
						},
						{
							"origin": [-11.94323, 9.96008, 0.80713],
							"size": [2.01247, 2.01247, 12.67857],
							"pivot": [-2.19026, 0.53128, 10.20427],
							"rotation": [180, 0, 135],
							"uv": {
								"north": {"uv": [23, 3], "uv_size": [1, 1]},
								"east": {"uv": [6, 6], "uv_size": [9, 1]},
								"south": {"uv": [4, 23], "uv_size": [1, 1]},
								"west": {"uv": [6, 7], "uv_size": [9, 1]},
								"up": {"uv": [6, 8], "uv_size": [1, 9]},
								"down": {"uv": [7, 17], "uv_size": [1, -9]}
							}
						},
						{
							"origin": [-11.54074, 10.36258, 0.65619],
							"size": [1.20748, 1.20748, 0.15094],
							"pivot": [-2.19026, 0.53128, 10.20427],
							"rotation": [180, 0, 135],
							"uv": {
								"north": {"uv": [23, 4], "uv_size": [1, 1]},
								"east": {"uv": [5, 23], "uv_size": [1, 1]},
								"south": {"uv": [23, 5], "uv_size": [1, 1]},
								"west": {"uv": [6, 23], "uv_size": [1, 1]},
								"up": {"uv": [23, 6], "uv_size": [1, 1]},
								"down": {"uv": [7, 24], "uv_size": [1, -1]}
							}
						},
						{
							"origin": [-11.84261, 9.96008, 14.24038],
							"size": [1.81122, 1.81122, 15.69728],
							"pivot": [-2.19026, 0.53128, 10.20427],
							"rotation": [180, 0, 135],
							"uv": {
								"north": {"uv": [23, 7], "uv_size": [1, 1]},
								"east": {"uv": [6, 2], "uv_size": [11, 1]},
								"south": {"uv": [23, 8], "uv_size": [1, 1]},
								"west": {"uv": [6, 3], "uv_size": [11, 1]},
								"up": {"uv": [4, 6], "uv_size": [1, 11]},
								"down": {"uv": [5, 17], "uv_size": [1, -11]}
							}
						},
						{
							"origin": [-11.99354, 9.80915, 29.93766],
							"size": [2.1131, 2.1131, 0.80499],
							"pivot": [-2.19026, 0.53128, 10.20427],
							"rotation": [180, 0, 135],
							"uv": {
								"north": {"uv": [20, 8], "uv_size": [2, 2]},
								"east": {"uv": [16, 20], "uv_size": [1, 2]},
								"south": {"uv": [20, 10], "uv_size": [2, 2]},
								"west": {"uv": [20, 17], "uv_size": [1, 2]},
								"up": {"uv": [20, 19], "uv_size": [2, 1]},
								"down": {"uv": [20, 21], "uv_size": [2, -1]}
							}
						},
						{
							"origin": [-11.7923, 11.16757, 30.74265],
							"size": [1.7106, 0.55343, 0.55343],
							"pivot": [-2.19026, 0.53128, 10.20427],
							"rotation": [180, 0, 135],
							"uv": {
								"north": {"uv": [23, 9], "uv_size": [1, 1]},
								"east": {"uv": [23, 10], "uv_size": [1, 1]},
								"south": {"uv": [23, 11], "uv_size": [1, 1]},
								"west": {"uv": [12, 23], "uv_size": [1, 1]},
								"up": {"uv": [13, 23], "uv_size": [1, 1]},
								"down": {"uv": [14, 24], "uv_size": [1, -1]}
							}
						},
						{
							"origin": [-11.7923, 10.0104, 30.74265],
							"size": [1.7106, 0.55343, 0.55343],
							"pivot": [-2.19026, 0.53128, 10.20427],
							"rotation": [180, 0, 135],
							"uv": {
								"north": {"uv": [23, 14], "uv_size": [1, 1]},
								"east": {"uv": [15, 23], "uv_size": [1, 1]},
								"south": {"uv": [23, 15], "uv_size": [1, 1]},
								"west": {"uv": [16, 23], "uv_size": [1, 1]},
								"up": {"uv": [23, 16], "uv_size": [1, 1]},
								"down": {"uv": [17, 24], "uv_size": [1, -1]}
							}
						},
						{
							"origin": [-12.82655, -7.91359, 30.74265],
							"size": [0.60374, 0.55343, 0.55343],
							"pivot": [-2.19026, 0.53128, 10.20427],
							"rotation": [-180, 0, 45],
							"uv": {
								"north": {"uv": [23, 17], "uv_size": [1, 1]},
								"east": {"uv": [18, 23], "uv_size": [1, 1]},
								"south": {"uv": [23, 18], "uv_size": [1, 1]},
								"west": {"uv": [19, 23], "uv_size": [1, 1]},
								"up": {"uv": [23, 19], "uv_size": [1, 1]},
								"down": {"uv": [20, 24], "uv_size": [1, -1]}
							}
						},
						{
							"origin": [-12.82655, -9.07076, 30.74265],
							"size": [0.60374, 0.55343, 0.55343],
							"pivot": [-2.19026, 0.53128, 10.20427],
							"rotation": [-180, 0, 45],
							"uv": {
								"north": {"uv": [23, 20], "uv_size": [1, 1]},
								"east": {"uv": [21, 23], "uv_size": [1, 1]},
								"south": {"uv": [23, 21], "uv_size": [1, 1]},
								"west": {"uv": [22, 23], "uv_size": [1, 1]},
								"up": {"uv": [23, 22], "uv_size": [1, 1]},
								"down": {"uv": [23, 24], "uv_size": [1, -1]}
							}
						},
						{
							"origin": [-12.6946, -8.38538, 30.74265],
							"size": [0.33985, 0.33985, 0.21358],
							"pivot": [-2.19026, 0.53128, 10.20427],
							"rotation": [-180, 0, 45],
							"uv": {
								"north": {"uv": [0, 24], "uv_size": [1, 1]},
								"east": {"uv": [24, 0], "uv_size": [1, 1]},
								"south": {"uv": [1, 24], "uv_size": [1, 1]},
								"west": {"uv": [24, 1], "uv_size": [1, 1]},
								"up": {"uv": [2, 24], "uv_size": [1, 1]},
								"down": {"uv": [24, 3], "uv_size": [1, -1]}
							}
						},
						{
							"origin": [-11.94323, 9.96008, 13.63664],
							"size": [2.01247, 2.01247, 0.60374],
							"pivot": [-2.19026, 0.53128, 10.20427],
							"rotation": [180, 0, 135],
							"uv": {
								"north": {"uv": [3, 24], "uv_size": [1, 1]},
								"east": {"uv": [24, 3], "uv_size": [1, 1]},
								"south": {"uv": [4, 24], "uv_size": [1, 1]},
								"west": {"uv": [24, 4], "uv_size": [1, 1]},
								"up": {"uv": [5, 24], "uv_size": [1, 1]},
								"down": {"uv": [24, 6], "uv_size": [1, -1]}
							}
						},
						{
							"origin": [-11.84261, 10.06071, 13.4857],
							"size": [1.81122, 1.81122, 0.15094],
							"pivot": [-2.19026, 0.53128, 10.20427],
							"rotation": [180, 0, 135],
							"uv": {
								"north": {"uv": [6, 24], "uv_size": [1, 1]},
								"east": {"uv": [24, 6], "uv_size": [1, 1]},
								"south": {"uv": [7, 24], "uv_size": [1, 1]},
								"west": {"uv": [24, 7], "uv_size": [1, 1]},
								"up": {"uv": [8, 24], "uv_size": [1, 1]},
								"down": {"uv": [24, 9], "uv_size": [1, -1]}
							}
						},
						{
							"origin": [2.55841, 11.25561, 0.60588],
							"size": [0.35218, 2.1131, 8.20082],
							"pivot": [-2.19026, 0.53128, 10.20427],
							"rotation": [180, 0, -169.25],
							"uv": {
								"north": {"uv": [21, 6], "uv_size": [1, 2]},
								"east": {"uv": [4, 4], "uv_size": [6, 2]},
								"south": {"uv": [14, 21], "uv_size": [1, 2]},
								"west": {"uv": [6, 0], "uv_size": [6, 2]},
								"up": {"uv": [18, 16], "uv_size": [1, 6]},
								"down": {"uv": [19, 22], "uv_size": [1, -6]}
							}
						}
					]
				},
				{
					"name": "mount",
					"parent": "laserattachment",
					"pivot": [-3.38454, 10.98674, 15.6419],
					"cubes": [
						{
							"origin": [-2.81362, 10.50948, 0.60588],
							"size": [0.40249, 1.50935, 8.20082],
							"pivot": [-2.19026, 0.53128, 10.20427],
							"rotation": [-180, 0, 180],
							"uv": {
								"north": {"uv": [9.59751, 20], "uv_size": [0.40249, 1.50935]},
								"east": {"uv": [14.79918, 0], "uv_size": [8.20082, 1.50935]},
								"south": {"uv": [9.59751, 12], "uv_size": [0.40249, 1.50935]},
								"west": {"uv": [14.79918, 0], "uv_size": [8.20082, 1.50935]},
								"up": {"uv": [9.59751, 10], "uv_size": [0.40249, 8.20082]},
								"down": {"uv": [9.59751, 18.20082], "uv_size": [0.40249, -8.20082]}
							}
						},
						{
							"origin": [-2.44496, 11.39818, 0.60588],
							"size": [1.10353, 0.50312, 8.20082],
							"pivot": [-2.19026, 0.53128, 10.20427],
							"rotation": [-180, 0, 180],
							"uv": {
								"north": {"uv": [8.89647, 16], "uv_size": [1.10353, 0.50312]},
								"east": {"uv": [13.79918, 0], "uv_size": [8.20082, 0.50312]},
								"south": {"uv": [8.89647, 12], "uv_size": [1.10353, 0.50312]},
								"west": {"uv": [13.79918, 1], "uv_size": [8.20082, 0.50312]},
								"up": {"uv": [8.89647, 10], "uv_size": [1.10353, 8.20082]},
								"down": {"uv": [8.89647, 18.20082], "uv_size": [1.10353, -8.20082]}
							}
						},
						{
							"origin": [-0.66506, 11.39818, 0.60588],
							"size": [1.13818, 0.50312, 8.20082],
							"pivot": [-2.19026, 0.53128, 10.20427],
							"rotation": [-180, 0, 180],
							"uv": {
								"north": {"uv": [9.86182, 13], "uv_size": [1.13818, 0.50312]},
								"east": {"uv": [15.79918, 0], "uv_size": [8.20082, 0.50312]},
								"south": {"uv": [9.86182, 17], "uv_size": [1.13818, 0.50312]},
								"west": {"uv": [15.79918, 1], "uv_size": [8.20082, 0.50312]},
								"up": {"uv": [9.86182, 9], "uv_size": [1.13818, 8.20082]},
								"down": {"uv": [9.86182, 17.20082], "uv_size": [1.13818, -8.20082]}
							}
						},
						{
							"origin": [-2.81362, 10.02017, 0.5887],
							"size": [0.40249, 0.40249, 7.69771],
							"pivot": [-2.19026, 0.53128, 10.20427],
							"rotation": [177, 0, -180],
							"uv": {
								"north": {"uv": [23.59751, 24], "uv_size": [0.40249, 0.40249]},
								"east": {"uv": [16.30229, 4], "uv_size": [5.69771, 0.40249]},
								"south": {"uv": [23.59751, 9], "uv_size": [0.40249, 0.40249]},
								"west": {"uv": [16.30229, 5], "uv_size": [7.69771, 0.40249]},
								"up": {"uv": [23.59751, 14], "uv_size": [0.40249, 7.69771]},
								"down": {"uv": [23.59751, 24.69771], "uv_size": [0.40249, -7.69771]}
							}
						},
						{
							"origin": [-2.41113, 10.02017, 0.08558],
							"size": [0.37055, 0.40249, 8.20082],
							"pivot": [-2.19026, 0.53128, 10.20427],
							"rotation": [177, 0, -180],
							"uv": {
								"north": {"uv": [9.62945, 17], "uv_size": [0.37055, 0.40249]},
								"east": {"uv": [15.79918, 0], "uv_size": [8.20082, 0.40249]},
								"south": {"uv": [23.62945, 10], "uv_size": [0.37055, 0.40249]},
								"west": {"uv": [15.79918, 1], "uv_size": [8.20082, 0.40249]},
								"up": {"uv": [9.62945, 11], "uv_size": [0.37055, 8.20082]},
								"down": {"uv": [9.62945, 19.20082], "uv_size": [0.37055, -8.20082]}
							}
						},
						{
							"origin": [0.41823, 10.02017, 0.5887],
							"size": [0.40249, 0.40249, 7.69771],
							"pivot": [-2.19026, 0.53128, 10.20427],
							"rotation": [177, 0, -180],
							"uv": {
								"north": {"uv": [23.59751, 24], "uv_size": [0.40249, 0.40249]},
								"east": {"uv": [13.30229, 0], "uv_size": [7.69771, 0.40249]},
								"south": {"uv": [23.59751, 11], "uv_size": [0.40249, 0.40249]},
								"west": {"uv": [13.30229, 1], "uv_size": [7.69771, 0.40249]},
								"up": {"uv": [10.59751, 12], "uv_size": [0.40249, 7.69771]},
								"down": {"uv": [10.59751, 18.69771], "uv_size": [0.40249, -7.69771]}
							}
						},
						{
							"origin": [0.04769, 10.02017, 0.08558],
							"size": [0.37055, 0.40249, 8.20082],
							"pivot": [-2.19026, 0.53128, 10.20427],
							"rotation": [177, 0, -180],
							"uv": {
								"north": {"uv": [10.62945, 21], "uv_size": [0.37055, 0.40249]},
								"east": {"uv": [15.79918, 0], "uv_size": [8.20082, 0.40249]},
								"south": {"uv": [10.62945, 9], "uv_size": [0.37055, 0.40249]},
								"west": {"uv": [15.79918, 1], "uv_size": [8.20082, 0.40249]},
								"up": {"uv": [10.62945, 15], "uv_size": [0.37055, 8.20082]},
								"down": {"uv": [10.62945, 23.20082], "uv_size": [0.37055, -8.20082]}
							}
						},
						{
							"origin": [0.41823, 10.50948, 0.60588],
							"size": [0.40249, 1.50935, 8.20082],
							"pivot": [-2.19026, 0.53128, 10.20427],
							"rotation": [-180, 0, 180],
							"uv": {
								"north": {"uv": [16.59751, 14], "uv_size": [0.40249, 1.50935]},
								"east": {"uv": [15.79918, 0], "uv_size": [8.20082, 1.50935]},
								"south": {"uv": [21.59751, 1], "uv_size": [0.40249, 1.50935]},
								"west": {"uv": [14.79918, 0], "uv_size": [8.20082, 1.50935]},
								"up": {"uv": [10.59751, 12], "uv_size": [0.40249, 8.20082]},
								"down": {"uv": [10.59751, 20.20082], "uv_size": [0.40249, -8.20082]}
							}
						}
					]
				}
			]
		}
	]
}