{
	"format_version": "1.12.0",
	"minecraft:geometry": [
		{
			"description": {
				"identifier": "geometry.unknown",
				"texture_width": 64,
				"texture_height": 64,
				"visible_bounds_width": 6,
				"visible_bounds_height": 2.5,
				"visible_bounds_offset": [0, 0.75, 0]
			},
			"bones": [
				{
					"name": "bone",
					"pivot": [0, 0, 0]
				},
				{
					"name": "scopepip",
					"parent": "bone",
					"pivot": [-0.38489, 14.37697, 31.12075],
					"cubes": [
						{
							"origin": [-1.04363, 13.71659, 30.45397],
							"size": [1.3335, 1.3335, 0.4995],
							"pivot": [0.04011, 14.38334, 31.12075],
							"rotation": [0, 0, 0],
							"uv": {
								"north": {"uv": [32, 5], "uv_size": [1, 1]},
								"east": {"uv": [6, 32], "uv_size": [1, 1]},
								"south": {"uv": [32, 6], "uv_size": [1, 1]},
								"west": {"uv": [7, 32], "uv_size": [1, 1]},
								"up": {"uv": [32, 7], "uv_size": [1, 1]},
								"down": {"uv": [8, 33], "uv_size": [1, -1]}
							}
						}
					]
				},
				{
					"name": "_ca_py",
					"parent": "bone",
					"pivot": [-0.41065, 10.81167, 23.43394],
					"cubes": [
						{
							"origin": [-0.91065, 10.31167, 22.93394],
							"size": [1, 1, 1],
							"uv": {
								"north": {"uv": [0, 0], "uv_size": [1, 1]},
								"east": {"uv": [0, 0], "uv_size": [1, 1]},
								"south": {"uv": [0, 0], "uv_size": [1, 1]},
								"west": {"uv": [0, 0], "uv_size": [1, 1]},
								"up": {"uv": [1, 1], "uv_size": [-1, -1]},
								"down": {"uv": [1, 1], "uv_size": [-1, -1]}
							}
						}
					]
				},
				{
					"name": "scopepe",
					"parent": "bone",
					"pivot": [-0.28513, 13.36529, 25.74536],
					"cubes": [
						{
							"origin": [-1.55099, 10.23105, 19.75415],
							"size": [0.27247, 0.77387, 8.69129],
							"uv": {
								"north": {"uv": [21, 10], "uv_size": [1, 1]},
								"east": {"uv": [0, 4], "uv_size": [9, 1]},
								"south": {"uv": [25, 12], "uv_size": [1, 1]},
								"west": {"uv": [0, 5], "uv_size": [9, 1]},
								"up": {"uv": [0, 6], "uv_size": [1, 9]},
								"down": {"uv": [1, 15], "uv_size": [1, -9]}
							}
						},
						{
							"origin": [-1.55099, 10.79286, 19.57033],
							"size": [0.27247, 0.76324, 3.63952],
							"pivot": [-0.45748, 13.19397, 25.39967],
							"rotation": [5.5, 0, 0],
							"uv": {
								"north": {"uv": [13, 25], "uv_size": [1, 1]},
								"east": {"uv": [12, 8], "uv_size": [4, 1]},
								"south": {"uv": [25, 13], "uv_size": [1, 1]},
								"west": {"uv": [12, 9], "uv_size": [4, 1]},
								"up": {"uv": [6, 12], "uv_size": [1, 4]},
								"down": {"uv": [7, 16], "uv_size": [1, -4]}
							}
						},
						{
							"origin": [-1.55099, 11.00389, 23.37692],
							"size": [0.27247, 0.34986, 5.06852],
							"uv": {
								"north": {"uv": [14, 25], "uv_size": [1, 1]},
								"east": {"uv": [8, 10], "uv_size": [5, 1]},
								"south": {"uv": [25, 14], "uv_size": [1, 1]},
								"west": {"uv": [11, 6], "uv_size": [5, 1]},
								"up": {"uv": [8, 11], "uv_size": [1, 5]},
								"down": {"uv": [9, 16], "uv_size": [1, -5]}
							}
						},
						{
							"origin": [-2.7881, 10.23105, 27.60757],
							"size": [0.27247, 1.12434, 0.6123],
							"pivot": [-0.45748, 13.19397, 25.49867],
							"rotation": [0, 27.5, 0],
							"uv": {
								"north": {"uv": [15, 25], "uv_size": [1, 1]},
								"east": {"uv": [25, 15], "uv_size": [1, 1]},
								"south": {"uv": [16, 25], "uv_size": [1, 1]},
								"west": {"uv": [25, 16], "uv_size": [1, 1]},
								"up": {"uv": [17, 25], "uv_size": [1, 1]},
								"down": {"uv": [25, 18], "uv_size": [1, -1]}
							}
						},
						{
							"origin": [0.01153, 10.23105, 27.46455],
							"size": [0.47017, 2.05893, 1.88838],
							"uv": {
								"north": {"uv": [1, 15], "uv_size": [1, 2]},
								"east": {"uv": [10, 12], "uv_size": [2, 2]},
								"south": {"uv": [11, 18], "uv_size": [1, 2]},
								"west": {"uv": [12, 12], "uv_size": [2, 2]},
								"up": {"uv": [12, 18], "uv_size": [1, 2]},
								"down": {"uv": [13, 20], "uv_size": [1, -2]}
							}
						},
						{
							"origin": [-1.28252, 10.84595, 28.50715],
							"size": [1.76423, 0.33353, 0.19892],
							"pivot": [-0.45748, 13.19397, 25.39967],
							"rotation": [22.5, 0, 0],
							"uv": {
								"north": {"uv": [14, 19], "uv_size": [2, 1]},
								"east": {"uv": [18, 25], "uv_size": [1, 1]},
								"south": {"uv": [16, 19], "uv_size": [2, 1]},
								"west": {"uv": [25, 18], "uv_size": [1, 1]},
								"up": {"uv": [18, 19], "uv_size": [2, 1]},
								"down": {"uv": [0, 21], "uv_size": [2, -1]}
							}
						},
						{
							"origin": [-1.28252, 12.28896, 27.46455],
							"size": [1.76423, 0.38745, 1.6727],
							"uv": {
								"north": {"uv": [20, 0], "uv_size": [2, 1]},
								"east": {"uv": [20, 1], "uv_size": [2, 1]},
								"south": {"uv": [2, 20], "uv_size": [2, 1]},
								"west": {"uv": [20, 2], "uv_size": [2, 1]},
								"up": {"uv": [13, 4], "uv_size": [2, 2]},
								"down": {"uv": [10, 16], "uv_size": [2, -2]}
							}
						},
						{
							"origin": [-1.28252, 13.35298, 27.78516],
							"size": [0.47017, 0.43238, 0.46851],
							"pivot": [-0.45748, 13.19397, 25.39967],
							"rotation": [-45, 0, 0],
							"uv": {
								"north": {"uv": [19, 25], "uv_size": [1, 1]},
								"east": {"uv": [25, 19], "uv_size": [1, 1]},
								"south": {"uv": [20, 25], "uv_size": [1, 1]},
								"west": {"uv": [25, 20], "uv_size": [1, 1]},
								"up": {"uv": [21, 25], "uv_size": [1, 1]},
								"down": {"uv": [25, 22], "uv_size": [1, -1]}
							}
						},
						{
							"origin": [-1.28252, 13.37052, 27.518],
							"size": [0.47017, 1.04346, 0.43257],
							"pivot": [-0.45748, 13.19397, 25.39967],
							"rotation": [-67.5, 0, 0],
							"uv": {
								"north": {"uv": [22, 25], "uv_size": [1, 1]},
								"east": {"uv": [23, 25], "uv_size": [1, 1]},
								"south": {"uv": [24, 25], "uv_size": [1, 1]},
								"west": {"uv": [25, 25], "uv_size": [1, 1]},
								"up": {"uv": [0, 26], "uv_size": [1, 1]},
								"down": {"uv": [26, 1], "uv_size": [1, -1]}
							}
						},
						{
							"origin": [0.01153, 13.37052, 27.518],
							"size": [0.47017, 1.04346, 0.43257],
							"pivot": [-0.45748, 13.19397, 25.39967],
							"rotation": [-67.5, 0, 0],
							"uv": {
								"north": {"uv": [1, 26], "uv_size": [1, 1]},
								"east": {"uv": [26, 1], "uv_size": [1, 1]},
								"south": {"uv": [2, 26], "uv_size": [1, 1]},
								"west": {"uv": [26, 2], "uv_size": [1, 1]},
								"up": {"uv": [3, 26], "uv_size": [1, 1]},
								"down": {"uv": [26, 4], "uv_size": [1, -1]}
							}
						},
						{
							"origin": [0.01153, 13.35298, 27.78516],
							"size": [0.47017, 0.43238, 0.46851],
							"pivot": [-0.45748, 13.19397, 25.39967],
							"rotation": [-45, 0, 0],
							"uv": {
								"north": {"uv": [4, 26], "uv_size": [1, 1]},
								"east": {"uv": [26, 4], "uv_size": [1, 1]},
								"south": {"uv": [5, 26], "uv_size": [1, 1]},
								"west": {"uv": [26, 5], "uv_size": [1, 1]},
								"up": {"uv": [26, 6], "uv_size": [1, 1]},
								"down": {"uv": [26, 8], "uv_size": [1, -1]}
							}
						},
						{
							"origin": [-0.57772, 11.05675, 27.47476],
							"size": [0.23652, 0.71831, 0.97069],
							"pivot": [-0.45748, 13.19397, 25.39967],
							"rotation": [0, 0, 27.5],
							"uv": {
								"north": {"uv": [26, 8], "uv_size": [1, 1]},
								"east": {"uv": [9, 26], "uv_size": [1, 1]},
								"south": {"uv": [26, 9], "uv_size": [1, 1]},
								"west": {"uv": [26, 10], "uv_size": [1, 1]},
								"up": {"uv": [26, 11], "uv_size": [1, 1]},
								"down": {"uv": [26, 13], "uv_size": [1, -1]}
							}
						},
						{
							"origin": [-1.81762, 9.77067, 26.51367],
							"size": [0.27247, 0.71096, 0.6123],
							"pivot": [-0.45748, 13.19397, 25.49867],
							"rotation": [32.60137, 24.49223, 26.51311],
							"uv": {
								"north": {"uv": [13, 26], "uv_size": [1, 1]},
								"east": {"uv": [26, 13], "uv_size": [1, 1]},
								"south": {"uv": [14, 26], "uv_size": [1, 1]},
								"west": {"uv": [26, 14], "uv_size": [1, 1]},
								"up": {"uv": [15, 26], "uv_size": [1, 1]},
								"down": {"uv": [26, 16], "uv_size": [1, -1]}
							}
						},
						{
							"origin": [-1.28252, 10.23105, 27.46455],
							"size": [0.47017, 2.05893, 1.88838],
							"uv": {
								"north": {"uv": [4, 19], "uv_size": [1, 2]},
								"east": {"uv": [12, 14], "uv_size": [2, 2]},
								"south": {"uv": [5, 20], "uv_size": [1, 2]},
								"west": {"uv": [14, 12], "uv_size": [2, 2]},
								"up": {"uv": [6, 20], "uv_size": [1, 2]},
								"down": {"uv": [20, 8], "uv_size": [1, -2]}
							}
						},
						{
							"origin": [-0.71623, 10.9983, 29.04855],
							"size": [0.63163, 0.63405, 0.67563],
							"pivot": [-0.40041, 11.31533, 28.90374],
							"rotation": [0, 0, 22.5],
							"uv": {
								"north": {"uv": [16, 26], "uv_size": [1, 1]},
								"east": {"uv": [26, 16], "uv_size": [1, 1]},
								"south": {"uv": [17, 26], "uv_size": [1, 1]},
								"west": {"uv": [26, 17], "uv_size": [1, 1]},
								"up": {"uv": [18, 26], "uv_size": [1, 1]},
								"down": {"uv": [26, 19], "uv_size": [1, -1]}
							}
						},
						{
							"origin": [-0.81523, 10.23105, 28.94955],
							"size": [0.82963, 1.82205, 0.40338],
							"uv": {
								"north": {"uv": [7, 20], "uv_size": [1, 2]},
								"east": {"uv": [8, 20], "uv_size": [1, 2]},
								"south": {"uv": [20, 8], "uv_size": [1, 2]},
								"west": {"uv": [9, 20], "uv_size": [1, 2]},
								"up": {"uv": [19, 26], "uv_size": [1, 1]},
								"down": {"uv": [26, 20], "uv_size": [1, -1]}
							}
						},
						{
							"origin": [-0.81523, 12.02835, 27.46455],
							"size": [0.82963, 0.26164, 1.88838],
							"uv": {
								"north": {"uv": [20, 26], "uv_size": [1, 1]},
								"east": {"uv": [20, 3], "uv_size": [2, 1]},
								"south": {"uv": [26, 20], "uv_size": [1, 1]},
								"west": {"uv": [10, 20], "uv_size": [2, 1]},
								"up": {"uv": [12, 20], "uv_size": [1, 2]},
								"down": {"uv": [13, 22], "uv_size": [1, -2]}
							}
						},
						{
							"origin": [0.47883, 11.00389, 23.37692],
							"size": [0.27247, 0.34986, 5.06852],
							"uv": {
								"north": {"uv": [21, 26], "uv_size": [1, 1]},
								"east": {"uv": [11, 7], "uv_size": [5, 1]},
								"south": {"uv": [26, 21], "uv_size": [1, 1]},
								"west": {"uv": [10, 11], "uv_size": [5, 1]},
								"up": {"uv": [4, 12], "uv_size": [1, 5]},
								"down": {"uv": [5, 17], "uv_size": [1, -5]}
							}
						},
						{
							"origin": [0.47883, 10.79286, 19.57033],
							"size": [0.27247, 0.76324, 3.63952],
							"pivot": [-0.45748, 13.19397, 25.39967],
							"rotation": [5.5, 0, 0],
							"uv": {
								"north": {"uv": [22, 26], "uv_size": [1, 1]},
								"east": {"uv": [13, 10], "uv_size": [4, 1]},
								"south": {"uv": [26, 22], "uv_size": [1, 1]},
								"west": {"uv": [14, 14], "uv_size": [4, 1]},
								"up": {"uv": [0, 15], "uv_size": [1, 4]},
								"down": {"uv": [15, 4], "uv_size": [1, -4]}
							}
						},
						{
							"origin": [0.47883, 10.23105, 19.75415],
							"size": [0.27247, 0.77387, 8.69129],
							"uv": {
								"north": {"uv": [23, 26], "uv_size": [1, 1]},
								"east": {"uv": [2, 6], "uv_size": [9, 1]},
								"south": {"uv": [26, 23], "uv_size": [1, 1]},
								"west": {"uv": [2, 7], "uv_size": [9, 1]},
								"up": {"uv": [2, 8], "uv_size": [1, 9]},
								"down": {"uv": [3, 17], "uv_size": [1, -9]}
							}
						},
						{
							"origin": [1.70292, 10.23105, 27.55434],
							"size": [0.27247, 1.12434, 0.6123],
							"pivot": [-0.45748, 13.19397, 25.49867],
							"rotation": [0, -27.5, 0],
							"uv": {
								"north": {"uv": [24, 26], "uv_size": [1, 1]},
								"east": {"uv": [26, 24], "uv_size": [1, 1]},
								"south": {"uv": [25, 26], "uv_size": [1, 1]},
								"west": {"uv": [26, 25], "uv_size": [1, 1]},
								"up": {"uv": [26, 26], "uv_size": [1, 1]},
								"down": {"uv": [0, 28], "uv_size": [1, -1]}
							}
						},
						{
							"origin": [0.72405, 9.75036, 26.44992],
							"size": [0.27247, 0.71096, 0.6123],
							"pivot": [-0.45748, 13.19397, 25.49867],
							"rotation": [32.60137, -24.49223, -26.51311],
							"uv": {
								"north": {"uv": [27, 0], "uv_size": [1, 1]},
								"east": {"uv": [1, 27], "uv_size": [1, 1]},
								"south": {"uv": [27, 1], "uv_size": [1, 1]},
								"west": {"uv": [2, 27], "uv_size": [1, 1]},
								"up": {"uv": [27, 2], "uv_size": [1, 1]},
								"down": {"uv": [3, 28], "uv_size": [1, -1]}
							}
						},
						{
							"origin": [-0.47153, 11.00353, 27.47476],
							"size": [0.23652, 0.71831, 0.97069],
							"pivot": [-0.45748, 13.19397, 25.39967],
							"rotation": [0, 0, -27.5],
							"uv": {
								"north": {"uv": [27, 3], "uv_size": [1, 1]},
								"east": {"uv": [4, 27], "uv_size": [1, 1]},
								"south": {"uv": [27, 4], "uv_size": [1, 1]},
								"west": {"uv": [5, 27], "uv_size": [1, 1]},
								"up": {"uv": [27, 5], "uv_size": [1, 1]},
								"down": {"uv": [6, 28], "uv_size": [1, -1]}
							}
						},
						{
							"origin": [-1.3005, 10.23105, 26.35922],
							"size": [1.80017, 1.07042, 1.10655],
							"uv": {
								"north": {"uv": [20, 13], "uv_size": [2, 1]},
								"east": {"uv": [27, 6], "uv_size": [1, 1]},
								"south": {"uv": [14, 20], "uv_size": [2, 1]},
								"west": {"uv": [7, 27], "uv_size": [1, 1]},
								"up": {"uv": [16, 20], "uv_size": [2, 1]},
								"down": {"uv": [18, 21], "uv_size": [2, -1]}
							}
						},
						{
							"origin": [-1.28252, 10.06752, 27.16104],
							"size": [1.76423, 0.60312, 0.52243],
							"pivot": [-0.45748, 13.19397, 25.39967],
							"rotation": [45, 0, 0],
							"uv": {
								"north": {"uv": [20, 19], "uv_size": [2, 1]},
								"east": {"uv": [27, 7], "uv_size": [1, 1]},
								"south": {"uv": [20, 20], "uv_size": [2, 1]},
								"west": {"uv": [8, 27], "uv_size": [1, 1]},
								"up": {"uv": [0, 21], "uv_size": [2, 1]},
								"down": {"uv": [2, 22], "uv_size": [2, -1]}
							}
						},
						{
							"origin": [-1.28252, 10.32084, 26.48263],
							"size": [0.4522, 0.26164, 0.19892],
							"pivot": [-0.45748, 13.19397, 25.39967],
							"rotation": [67.5, 0, 0],
							"uv": {
								"north": {"uv": [27, 8], "uv_size": [1, 1]},
								"east": {"uv": [9, 27], "uv_size": [1, 1]},
								"south": {"uv": [27, 9], "uv_size": [1, 1]},
								"west": {"uv": [10, 27], "uv_size": [1, 1]},
								"up": {"uv": [27, 10], "uv_size": [1, 1]},
								"down": {"uv": [11, 28], "uv_size": [1, -1]}
							}
						},
						{
							"origin": [-1.28252, 10.67064, 27.19698],
							"size": [0.4522, 0.35946, 0.48649],
							"pivot": [-0.45748, 13.19397, 25.39967],
							"rotation": [45, 0, 0],
							"uv": {
								"north": {"uv": [27, 11], "uv_size": [1, 1]},
								"east": {"uv": [12, 27], "uv_size": [1, 1]},
								"south": {"uv": [27, 12], "uv_size": [1, 1]},
								"west": {"uv": [13, 27], "uv_size": [1, 1]},
								"up": {"uv": [27, 13], "uv_size": [1, 1]},
								"down": {"uv": [14, 28], "uv_size": [1, -1]}
							}
						},
						{
							"origin": [0.0295, 10.32084, 26.48263],
							"size": [0.4522, 0.26164, 0.19892],
							"pivot": [-0.45748, 13.19397, 25.39967],
							"rotation": [67.5, 0, 0],
							"uv": {
								"north": {"uv": [27, 14], "uv_size": [1, 1]},
								"east": {"uv": [15, 27], "uv_size": [1, 1]},
								"south": {"uv": [27, 15], "uv_size": [1, 1]},
								"west": {"uv": [16, 27], "uv_size": [1, 1]},
								"up": {"uv": [27, 16], "uv_size": [1, 1]},
								"down": {"uv": [17, 28], "uv_size": [1, -1]}
							}
						},
						{
							"origin": [0.0295, 10.67064, 27.30482],
							"size": [0.4522, 0.35946, 0.37865],
							"pivot": [-0.45748, 13.19397, 25.39967],
							"rotation": [45, 0, 0],
							"uv": {
								"north": {"uv": [27, 17], "uv_size": [1, 1]},
								"east": {"uv": [18, 27], "uv_size": [1, 1]},
								"south": {"uv": [27, 18], "uv_size": [1, 1]},
								"west": {"uv": [19, 27], "uv_size": [1, 1]},
								"up": {"uv": [27, 19], "uv_size": [1, 1]},
								"down": {"uv": [20, 28], "uv_size": [1, -1]}
							}
						},
						{
							"origin": [-1.28252, 10.29072, 25.38568],
							"size": [0.4522, 0.64872, 0.19892],
							"pivot": [-0.45748, 13.19397, 25.39967],
							"rotation": [90, 0, 0],
							"uv": {
								"north": {"uv": [27, 20], "uv_size": [1, 1]},
								"east": {"uv": [21, 27], "uv_size": [1, 1]},
								"south": {"uv": [27, 21], "uv_size": [1, 1]},
								"west": {"uv": [22, 27], "uv_size": [1, 1]},
								"up": {"uv": [27, 22], "uv_size": [1, 1]},
								"down": {"uv": [23, 28], "uv_size": [1, -1]}
							}
						},
						{
							"origin": [0.0295, 10.29072, 25.38568],
							"size": [0.4522, 0.64872, 0.19892],
							"pivot": [-0.45748, 13.19397, 25.39967],
							"rotation": [90, 0, 0],
							"uv": {
								"north": {"uv": [27, 23], "uv_size": [1, 1]},
								"east": {"uv": [24, 27], "uv_size": [1, 1]},
								"south": {"uv": [27, 24], "uv_size": [1, 1]},
								"west": {"uv": [25, 27], "uv_size": [1, 1]},
								"up": {"uv": [27, 25], "uv_size": [1, 1]},
								"down": {"uv": [26, 28], "uv_size": [1, -1]}
							}
						},
						{
							"origin": [-1.28252, 11.4673, 27.10931],
							"size": [0.4522, 0.69299, 0.60331],
							"pivot": [-0.45748, 13.19397, 25.39967],
							"rotation": [22.5, 0, 0],
							"uv": {
								"north": {"uv": [27, 26], "uv_size": [1, 1]},
								"east": {"uv": [27, 27], "uv_size": [1, 1]},
								"south": {"uv": [0, 28], "uv_size": [1, 1]},
								"west": {"uv": [28, 0], "uv_size": [1, 1]},
								"up": {"uv": [1, 28], "uv_size": [1, 1]},
								"down": {"uv": [28, 2], "uv_size": [1, -1]}
							}
						},
						{
							"origin": [-1.28252, 11.4587, 26.69734],
							"size": [0.4522, 0.46833, 0.57635],
							"pivot": [-0.45748, 13.19397, 25.39967],
							"rotation": [38.75, 0, 0],
							"uv": {
								"north": {"uv": [2, 28], "uv_size": [1, 1]},
								"east": {"uv": [28, 2], "uv_size": [1, 1]},
								"south": {"uv": [3, 28], "uv_size": [1, 1]},
								"west": {"uv": [28, 3], "uv_size": [1, 1]},
								"up": {"uv": [4, 28], "uv_size": [1, 1]},
								"down": {"uv": [28, 5], "uv_size": [1, -1]}
							}
						},
						{
							"origin": [-1.28252, 11.32187, 26.09822],
							"size": [0.4522, 0.67501, 0.18095],
							"pivot": [-0.45748, 13.19397, 25.39967],
							"rotation": [61.25, 0, 0],
							"uv": {
								"north": {"uv": [5, 28], "uv_size": [1, 1]},
								"east": {"uv": [28, 5], "uv_size": [1, 1]},
								"south": {"uv": [6, 28], "uv_size": [1, 1]},
								"west": {"uv": [28, 6], "uv_size": [1, 1]},
								"up": {"uv": [7, 28], "uv_size": [1, 1]},
								"down": {"uv": [28, 8], "uv_size": [1, -1]}
							}
						},
						{
							"origin": [-1.28252, 11.82465, 25.79447],
							"size": [0.4522, 1.27711, 0.18095],
							"pivot": [-0.45748, 13.19397, 25.39967],
							"rotation": [74.75, 0, 0],
							"uv": {
								"north": {"uv": [8, 28], "uv_size": [1, 1]},
								"east": {"uv": [28, 8], "uv_size": [1, 1]},
								"south": {"uv": [9, 28], "uv_size": [1, 1]},
								"west": {"uv": [28, 9], "uv_size": [1, 1]},
								"up": {"uv": [10, 28], "uv_size": [1, 1]},
								"down": {"uv": [28, 11], "uv_size": [1, -1]}
							}
						},
						{
							"origin": [-1.28252, 12.48666, 27.46455],
							"size": [0.4522, 0.74691, 1.07959],
							"uv": {
								"north": {"uv": [11, 28], "uv_size": [1, 1]},
								"east": {"uv": [28, 11], "uv_size": [1, 1]},
								"south": {"uv": [12, 28], "uv_size": [1, 1]},
								"west": {"uv": [28, 12], "uv_size": [1, 1]},
								"up": {"uv": [13, 28], "uv_size": [1, 1]},
								"down": {"uv": [28, 14], "uv_size": [1, -1]}
							}
						},
						{
							"origin": [0.0295, 12.48666, 27.46455],
							"size": [0.4522, 0.74691, 1.07959],
							"uv": {
								"north": {"uv": [14, 28], "uv_size": [1, 1]},
								"east": {"uv": [28, 14], "uv_size": [1, 1]},
								"south": {"uv": [15, 28], "uv_size": [1, 1]},
								"west": {"uv": [28, 15], "uv_size": [1, 1]},
								"up": {"uv": [16, 28], "uv_size": [1, 1]},
								"down": {"uv": [28, 17], "uv_size": [1, -1]}
							}
						},
						{
							"origin": [0.0295, 11.32187, 26.09822],
							"size": [0.4522, 0.67501, 0.18095],
							"pivot": [-0.45748, 13.19397, 25.39967],
							"rotation": [61.25, 0, 0],
							"uv": {
								"north": {"uv": [17, 28], "uv_size": [1, 1]},
								"east": {"uv": [28, 17], "uv_size": [1, 1]},
								"south": {"uv": [18, 28], "uv_size": [1, 1]},
								"west": {"uv": [28, 18], "uv_size": [1, 1]},
								"up": {"uv": [19, 28], "uv_size": [1, 1]},
								"down": {"uv": [28, 20], "uv_size": [1, -1]}
							}
						},
						{
							"origin": [0.0295, 11.4587, 26.69734],
							"size": [0.4522, 0.46833, 0.57635],
							"pivot": [-0.45748, 13.19397, 25.39967],
							"rotation": [38.75, 0, 0],
							"uv": {
								"north": {"uv": [20, 28], "uv_size": [1, 1]},
								"east": {"uv": [28, 20], "uv_size": [1, 1]},
								"south": {"uv": [21, 28], "uv_size": [1, 1]},
								"west": {"uv": [28, 21], "uv_size": [1, 1]},
								"up": {"uv": [22, 28], "uv_size": [1, 1]},
								"down": {"uv": [28, 23], "uv_size": [1, -1]}
							}
						},
						{
							"origin": [0.0295, 11.4673, 27.10931],
							"size": [0.4522, 0.69299, 0.60331],
							"pivot": [-0.45748, 13.19397, 25.39967],
							"rotation": [22.5, 0, 0],
							"uv": {
								"north": {"uv": [23, 28], "uv_size": [1, 1]},
								"east": {"uv": [28, 23], "uv_size": [1, 1]},
								"south": {"uv": [24, 28], "uv_size": [1, 1]},
								"west": {"uv": [28, 24], "uv_size": [1, 1]},
								"up": {"uv": [25, 28], "uv_size": [1, 1]},
								"down": {"uv": [28, 26], "uv_size": [1, -1]}
							}
						},
						{
							"origin": [-1.28252, 10.75786, 25.75377],
							"size": [0.4522, 2.46332, 0.18095],
							"pivot": [-0.45748, 13.19397, 25.39967],
							"rotation": [90, 0, 0],
							"uv": {
								"north": {"uv": [4, 21], "uv_size": [1, 2]},
								"east": {"uv": [21, 6], "uv_size": [1, 2]},
								"south": {"uv": [21, 8], "uv_size": [1, 2]},
								"west": {"uv": [10, 21], "uv_size": [1, 2]},
								"up": {"uv": [26, 28], "uv_size": [1, 1]},
								"down": {"uv": [28, 27], "uv_size": [1, -1]}
							}
						},
						{
							"origin": [-1.28477, 12.40145, 26.51364],
							"size": [0.2542, 2.46332, 0.18095],
							"pivot": [-1.05867, 13.63312, 26.60412],
							"rotation": [90, 0, 45],
							"uv": {
								"north": {"uv": [11, 21], "uv_size": [1, 2]},
								"east": {"uv": [14, 21], "uv_size": [1, 2]},
								"south": {"uv": [15, 21], "uv_size": [1, 2]},
								"west": {"uv": [16, 21], "uv_size": [1, 2]},
								"up": {"uv": [27, 28], "uv_size": [1, 1]},
								"down": {"uv": [28, 28], "uv_size": [1, -1]}
							}
						},
						{
							"origin": [0.23088, 12.40145, 26.51364],
							"size": [0.2542, 2.46332, 0.18095],
							"pivot": [0.25898, 13.63312, 26.60412],
							"rotation": [90, 0, -45],
							"uv": {
								"north": {"uv": [17, 21], "uv_size": [1, 2]},
								"east": {"uv": [18, 21], "uv_size": [1, 2]},
								"south": {"uv": [19, 21], "uv_size": [1, 2]},
								"west": {"uv": [20, 21], "uv_size": [1, 2]},
								"up": {"uv": [28, 28], "uv_size": [1, 1]},
								"down": {"uv": [0, 30], "uv_size": [1, -1]}
							}
						},
						{
							"origin": [-1.28252, 10.75786, 25.32242],
							"size": [0.4522, 0.71995, 0.43257],
							"pivot": [-0.45748, 13.19397, 25.39967],
							"rotation": [90, 0, 0],
							"uv": {
								"north": {"uv": [29, 0], "uv_size": [1, 1]},
								"east": {"uv": [1, 29], "uv_size": [1, 1]},
								"south": {"uv": [29, 1], "uv_size": [1, 1]},
								"west": {"uv": [2, 29], "uv_size": [1, 1]},
								"up": {"uv": [29, 2], "uv_size": [1, 1]},
								"down": {"uv": [3, 30], "uv_size": [1, -1]}
							}
						},
						{
							"origin": [-1.28252, 11.52523, 26.05597],
							"size": [0.4522, 0.97157, 0.16297],
							"pivot": [-0.45748, 13.19397, 25.39967],
							"rotation": [67.5, 0, 0],
							"uv": {
								"north": {"uv": [29, 3], "uv_size": [1, 1]},
								"east": {"uv": [4, 29], "uv_size": [1, 1]},
								"south": {"uv": [29, 4], "uv_size": [1, 1]},
								"west": {"uv": [5, 29], "uv_size": [1, 1]},
								"up": {"uv": [29, 5], "uv_size": [1, 1]},
								"down": {"uv": [6, 30], "uv_size": [1, -1]}
							}
						},
						{
							"origin": [-1.28252, 11.61826, 26.19889],
							"size": [0.4522, 0.53123, 0.19892],
							"pivot": [-0.45748, 13.19397, 25.39967],
							"rotation": [67.5, 0, 0],
							"uv": {
								"north": {"uv": [29, 6], "uv_size": [1, 1]},
								"east": {"uv": [7, 29], "uv_size": [1, 1]},
								"south": {"uv": [29, 7], "uv_size": [1, 1]},
								"west": {"uv": [8, 29], "uv_size": [1, 1]},
								"up": {"uv": [29, 8], "uv_size": [1, 1]},
								"down": {"uv": [9, 30], "uv_size": [1, -1]}
							}
						},
						{
							"origin": [0.58539, 13.22016, 26.47688],
							"size": [0.30842, 0.45035, 0.31574],
							"pivot": [-0.2885, 13.19397, 25.39967],
							"rotation": [90, 0, 0],
							"uv": {
								"north": {"uv": [29, 9], "uv_size": [1, 1]},
								"east": {"uv": [10, 29], "uv_size": [1, 1]},
								"south": {"uv": [29, 10], "uv_size": [1, 1]},
								"west": {"uv": [11, 29], "uv_size": [1, 1]},
								"up": {"uv": [29, 11], "uv_size": [1, 1]},
								"down": {"uv": [12, 30], "uv_size": [1, -1]}
							}
						},
						{
							"origin": [-0.33965, 13.22016, 26.10518],
							"size": [0.30315, 2.39143, 0.46325],
							"pivot": [-0.2885, 13.19397, 25.39967],
							"rotation": [90, 0, 45],
							"uv": {
								"north": {"uv": [21, 21], "uv_size": [1, 2]},
								"east": {"uv": [0, 22], "uv_size": [1, 2]},
								"south": {"uv": [22, 0], "uv_size": [1, 2]},
								"west": {"uv": [1, 22], "uv_size": [1, 2]},
								"up": {"uv": [29, 12], "uv_size": [1, 1]},
								"down": {"uv": [13, 30], "uv_size": [1, -1]}
							}
						},
						{
							"origin": [0.0859, 13.22016, 26.38303],
							"size": [0.30568, 0.45035, 0.4643],
							"pivot": [-0.2885, 13.19397, 25.39967],
							"rotation": [90, 0, 22.5],
							"uv": {
								"north": {"uv": [29, 13], "uv_size": [1, 1]},
								"east": {"uv": [14, 29], "uv_size": [1, 1]},
								"south": {"uv": [29, 14], "uv_size": [1, 1]},
								"west": {"uv": [15, 29], "uv_size": [1, 1]},
								"up": {"uv": [29, 15], "uv_size": [1, 1]},
								"down": {"uv": [16, 30], "uv_size": [1, -1]}
							}
						},
						{
							"origin": [0.06115, 15.16124, 26.38303],
							"size": [0.30568, 0.45035, 0.4643],
							"pivot": [-0.31325, 13.19397, 25.39967],
							"rotation": [90, 0, 22.5],
							"uv": {
								"north": {"uv": [29, 16], "uv_size": [1, 1]},
								"east": {"uv": [17, 29], "uv_size": [1, 1]},
								"south": {"uv": [29, 17], "uv_size": [1, 1]},
								"west": {"uv": [18, 29], "uv_size": [1, 1]},
								"up": {"uv": [29, 18], "uv_size": [1, 1]},
								"down": {"uv": [19, 30], "uv_size": [1, -1]}
							}
						},
						{
							"origin": [0.56064, 15.16124, 26.47688],
							"size": [0.30842, 0.45035, 0.31574],
							"pivot": [-0.31325, 13.19397, 25.39967],
							"rotation": [90, 0, 0],
							"uv": {
								"north": {"uv": [29, 19], "uv_size": [1, 1]},
								"east": {"uv": [20, 29], "uv_size": [1, 1]},
								"south": {"uv": [29, 20], "uv_size": [1, 1]},
								"west": {"uv": [21, 29], "uv_size": [1, 1]},
								"up": {"uv": [29, 21], "uv_size": [1, 1]},
								"down": {"uv": [22, 30], "uv_size": [1, -1]}
							}
						},
						{
							"origin": [0.06115, 13.56139, 27.13441],
							"size": [0.30568, 0.45035, 0.67997],
							"pivot": [-0.31325, 13.19397, 25.39967],
							"rotation": [135, 0, 22.5],
							"uv": {
								"north": {"uv": [29, 22], "uv_size": [1, 1]},
								"east": {"uv": [23, 29], "uv_size": [1, 1]},
								"south": {"uv": [29, 23], "uv_size": [1, 1]},
								"west": {"uv": [24, 29], "uv_size": [1, 1]},
								"up": {"uv": [29, 24], "uv_size": [1, 1]},
								"down": {"uv": [25, 30], "uv_size": [1, -1]}
							}
						},
						{
							"origin": [0.06115, 11.83384, 24.71249],
							"size": [0.30568, 0.45035, 0.67997],
							"pivot": [-0.31325, 13.19397, 25.39967],
							"rotation": [-135, 0, 22.5],
							"uv": {
								"north": {"uv": [29, 25], "uv_size": [1, 1]},
								"east": {"uv": [26, 29], "uv_size": [1, 1]},
								"south": {"uv": [29, 26], "uv_size": [1, 1]},
								"west": {"uv": [27, 29], "uv_size": [1, 1]},
								"up": {"uv": [29, 27], "uv_size": [1, 1]},
								"down": {"uv": [28, 30], "uv_size": [1, -1]}
							}
						},
						{
							"origin": [0.56064, 14.47843, 26.85409],
							"size": [0.30842, 0.18076, 0.58534],
							"pivot": [-0.31325, 13.19397, 25.39967],
							"rotation": [112.5, 0, 0],
							"uv": {
								"north": {"uv": [29, 28], "uv_size": [1, 1]},
								"east": {"uv": [29, 29], "uv_size": [1, 1]},
								"south": {"uv": [0, 30], "uv_size": [1, 1]},
								"west": {"uv": [30, 0], "uv_size": [1, 1]},
								"up": {"uv": [1, 30], "uv_size": [1, 1]},
								"down": {"uv": [30, 2], "uv_size": [1, -1]}
							}
						},
						{
							"origin": [0.58539, 12.22065, 24.29511],
							"size": [0.30842, 0.18076, 0.58534],
							"pivot": [-0.2885, 13.19397, 25.39967],
							"rotation": [-112.5, 0, 0],
							"uv": {
								"north": {"uv": [2, 30], "uv_size": [1, 1]},
								"east": {"uv": [30, 2], "uv_size": [1, 1]},
								"south": {"uv": [3, 30], "uv_size": [1, 1]},
								"west": {"uv": [30, 3], "uv_size": [1, 1]},
								"up": {"uv": [4, 30], "uv_size": [1, 1]},
								"down": {"uv": [30, 5], "uv_size": [1, -1]}
							}
						},
						{
							"origin": [0.03063, 10.75786, 25.32242],
							"size": [0.4522, 0.71995, 0.43257],
							"pivot": [-0.45748, 13.19397, 25.39967],
							"rotation": [90, 0, 0],
							"uv": {
								"north": {"uv": [5, 30], "uv_size": [1, 1]},
								"east": {"uv": [30, 5], "uv_size": [1, 1]},
								"south": {"uv": [6, 30], "uv_size": [1, 1]},
								"west": {"uv": [30, 6], "uv_size": [1, 1]},
								"up": {"uv": [7, 30], "uv_size": [1, 1]},
								"down": {"uv": [30, 8], "uv_size": [1, -1]}
							}
						},
						{
							"origin": [0.03063, 11.61826, 26.19889],
							"size": [0.4522, 0.53123, 0.19892],
							"pivot": [-0.45748, 13.19397, 25.39967],
							"rotation": [67.5, 0, 0],
							"uv": {
								"north": {"uv": [8, 30], "uv_size": [1, 1]},
								"east": {"uv": [30, 8], "uv_size": [1, 1]},
								"south": {"uv": [9, 30], "uv_size": [1, 1]},
								"west": {"uv": [30, 9], "uv_size": [1, 1]},
								"up": {"uv": [10, 30], "uv_size": [1, 1]},
								"down": {"uv": [30, 11], "uv_size": [1, -1]}
							}
						},
						{
							"origin": [0.03063, 11.52523, 26.05597],
							"size": [0.4522, 0.97157, 0.16297],
							"pivot": [-0.45748, 13.19397, 25.39967],
							"rotation": [67.5, 0, 0],
							"uv": {
								"north": {"uv": [11, 30], "uv_size": [1, 1]},
								"east": {"uv": [30, 11], "uv_size": [1, 1]},
								"south": {"uv": [12, 30], "uv_size": [1, 1]},
								"west": {"uv": [30, 12], "uv_size": [1, 1]},
								"up": {"uv": [13, 30], "uv_size": [1, 1]},
								"down": {"uv": [30, 14], "uv_size": [1, -1]}
							}
						},
						{
							"origin": [0.03063, 11.82465, 25.79447],
							"size": [0.4522, 1.27711, 0.18095],
							"pivot": [-0.45748, 13.19397, 25.39967],
							"rotation": [74.75, 0, 0],
							"uv": {
								"north": {"uv": [14, 30], "uv_size": [1, 1]},
								"east": {"uv": [30, 14], "uv_size": [1, 1]},
								"south": {"uv": [15, 30], "uv_size": [1, 1]},
								"west": {"uv": [30, 15], "uv_size": [1, 1]},
								"up": {"uv": [16, 30], "uv_size": [1, 1]},
								"down": {"uv": [30, 17], "uv_size": [1, -1]}
							}
						},
						{
							"origin": [0.03063, 10.75786, 25.75377],
							"size": [0.4522, 2.46332, 0.18095],
							"pivot": [-0.45748, 13.19397, 25.39967],
							"rotation": [90, 0, 0],
							"uv": {
								"north": {"uv": [2, 22], "uv_size": [1, 2]},
								"east": {"uv": [22, 2], "uv_size": [1, 2]},
								"south": {"uv": [3, 22], "uv_size": [1, 2]},
								"west": {"uv": [5, 22], "uv_size": [1, 2]},
								"up": {"uv": [17, 30], "uv_size": [1, 1]},
								"down": {"uv": [30, 18], "uv_size": [1, -1]}
							}
						},
						{
							"origin": [-1.14933, 13.22016, 26.42715],
							"size": [0.30568, 2.39143, 0.4643],
							"pivot": [-0.36275, 13.19397, 25.39967],
							"rotation": [90, 0, -22.5],
							"uv": {
								"north": {"uv": [6, 22], "uv_size": [1, 2]},
								"east": {"uv": [22, 6], "uv_size": [1, 2]},
								"south": {"uv": [7, 22], "uv_size": [1, 2]},
								"west": {"uv": [8, 22], "uv_size": [1, 2]},
								"up": {"uv": [18, 30], "uv_size": [1, 1]},
								"down": {"uv": [30, 19], "uv_size": [1, -1]}
							}
						},
						{
							"origin": [-0.69626, 13.22016, 26.1867],
							"size": [0.30315, 2.39143, 0.46325],
							"pivot": [-0.36275, 13.19397, 25.39967],
							"rotation": [90, 0, -45],
							"uv": {
								"north": {"uv": [22, 8], "uv_size": [1, 2]},
								"east": {"uv": [9, 22], "uv_size": [1, 2]},
								"south": {"uv": [22, 10], "uv_size": [1, 2]},
								"west": {"uv": [12, 22], "uv_size": [1, 2]},
								"up": {"uv": [19, 30], "uv_size": [1, 1]},
								"down": {"uv": [30, 20], "uv_size": [1, -1]}
							}
						},
						{
							"origin": [-1.03467, 12.37034, 23.94614],
							"size": [0.30315, 2.39143, 0.46325],
							"pivot": [-0.88309, 13.56606, 24.17777],
							"rotation": [90, 0, -67.5],
							"uv": {
								"north": {"uv": [22, 12], "uv_size": [1, 2]},
								"east": {"uv": [13, 22], "uv_size": [1, 2]},
								"south": {"uv": [22, 14], "uv_size": [1, 2]},
								"west": {"uv": [22, 16], "uv_size": [1, 2]},
								"up": {"uv": [20, 30], "uv_size": [1, 1]},
								"down": {"uv": [30, 21], "uv_size": [1, -1]}
							}
						},
						{
							"origin": [-0.03501, 12.37034, 23.94614],
							"size": [0.30315, 2.39143, 0.46325],
							"pivot": [0.11657, 13.56606, 24.17777],
							"rotation": [90, 0, 67.5],
							"uv": {
								"north": {"uv": [22, 18], "uv_size": [1, 2]},
								"east": {"uv": [22, 20], "uv_size": [1, 2]},
								"south": {"uv": [22, 22], "uv_size": [1, 2]},
								"west": {"uv": [23, 0], "uv_size": [1, 2]},
								"up": {"uv": [21, 30], "uv_size": [1, 1]},
								"down": {"uv": [30, 22], "uv_size": [1, -1]}
							}
						},
						{
							"origin": [-0.44737, 12.29324, 23.74646],
							"size": [0.30315, 2.39143, 0.68768],
							"pivot": [-0.2958, 13.48895, 24.17777],
							"rotation": [90, 0, 90],
							"uv": {
								"north": {"uv": [23, 2], "uv_size": [1, 2]},
								"east": {"uv": [4, 23], "uv_size": [1, 2]},
								"south": {"uv": [23, 4], "uv_size": [1, 2]},
								"west": {"uv": [23, 6], "uv_size": [1, 2]},
								"up": {"uv": [22, 30], "uv_size": [1, 1]},
								"down": {"uv": [30, 23], "uv_size": [1, -1]}
							}
						},
						{
							"origin": [-1.66034, 13.22016, 26.47688],
							"size": [0.30842, 2.39143, 0.31574],
							"pivot": [-0.36275, 13.19397, 25.39967],
							"rotation": [90, 0, 0],
							"uv": {
								"north": {"uv": [23, 8], "uv_size": [1, 2]},
								"east": {"uv": [10, 23], "uv_size": [1, 2]},
								"south": {"uv": [23, 10], "uv_size": [1, 2]},
								"west": {"uv": [11, 23], "uv_size": [1, 2]},
								"up": {"uv": [23, 30], "uv_size": [1, 1]},
								"down": {"uv": [30, 24], "uv_size": [1, -1]}
							}
						},
						{
							"origin": [0.67968, 15.39871, 26.61344],
							"size": [0.27247, 0.56718, 0.21689],
							"pivot": [-0.338, 12.74847, 25.07792],
							"rotation": [90, 0, 0],
							"uv": {
								"north": {"uv": [24, 30], "uv_size": [1, 1]},
								"east": {"uv": [30, 24], "uv_size": [1, 1]},
								"south": {"uv": [25, 30], "uv_size": [1, 1]},
								"west": {"uv": [30, 25], "uv_size": [1, 1]},
								"up": {"uv": [26, 30], "uv_size": [1, 1]},
								"down": {"uv": [30, 27], "uv_size": [1, -1]}
							}
						},
						{
							"origin": [2.5179, 13.76558, 26.5056],
							"size": [0.27247, 0.27247, 0.43257],
							"pivot": [-0.338, 12.74847, 25.07792],
							"rotation": [90, 45, 0],
							"uv": {
								"north": {"uv": [27, 30], "uv_size": [1, 1]},
								"east": {"uv": [30, 27], "uv_size": [1, 1]},
								"south": {"uv": [28, 30], "uv_size": [1, 1]},
								"west": {"uv": [30, 28], "uv_size": [1, 1]},
								"up": {"uv": [29, 30], "uv_size": [1, 1]},
								"down": {"uv": [30, 30], "uv_size": [1, -1]}
							}
						},
						{
							"origin": [-0.17379, 15.49771, 27.08092],
							"size": [0.14501, 0.56718, 0.145],
							"pivot": [-0.338, 12.84747, 25.07792],
							"rotation": [90, 0, -45],
							"uv": {
								"north": {"uv": [30, 30], "uv_size": [1, 1]},
								"east": {"uv": [0, 31], "uv_size": [1, 1]},
								"south": {"uv": [31, 0], "uv_size": [1, 1]},
								"west": {"uv": [1, 31], "uv_size": [1, 1]},
								"up": {"uv": [31, 1], "uv_size": [1, 1]},
								"down": {"uv": [2, 32], "uv_size": [1, -1]}
							}
						},
						{
							"origin": [-0.17379, 15.49771, 32.03092],
							"size": [0.14501, 0.56718, 0.145],
							"pivot": [-0.338, 12.84747, 30.02792],
							"rotation": [90, 0, -45],
							"uv": {
								"north": {"uv": [31, 2], "uv_size": [1, 1]},
								"east": {"uv": [3, 31], "uv_size": [1, 1]},
								"south": {"uv": [31, 3], "uv_size": [1, 1]},
								"west": {"uv": [4, 31], "uv_size": [1, 1]},
								"up": {"uv": [31, 4], "uv_size": [1, 1]},
								"down": {"uv": [5, 32], "uv_size": [1, -1]}
							}
						},
						{
							"origin": [2.5179, 13.76558, 31.43085],
							"size": [0.27247, 0.27247, 0.43257],
							"pivot": [-0.338, 12.74847, 30.00317],
							"rotation": [90, 45, 0],
							"uv": {
								"north": {"uv": [31, 5], "uv_size": [1, 1]},
								"east": {"uv": [6, 31], "uv_size": [1, 1]},
								"south": {"uv": [31, 6], "uv_size": [1, 1]},
								"west": {"uv": [7, 31], "uv_size": [1, 1]},
								"up": {"uv": [31, 7], "uv_size": [1, 1]},
								"down": {"uv": [8, 32], "uv_size": [1, -1]}
							}
						},
						{
							"origin": [0.67968, 15.39871, 31.53869],
							"size": [0.27247, 0.56718, 0.21689],
							"pivot": [-0.338, 12.74847, 30.00317],
							"rotation": [90, 0, 0],
							"uv": {
								"north": {"uv": [31, 8], "uv_size": [1, 1]},
								"east": {"uv": [9, 31], "uv_size": [1, 1]},
								"south": {"uv": [31, 9], "uv_size": [1, 1]},
								"west": {"uv": [10, 31], "uv_size": [1, 1]},
								"up": {"uv": [31, 10], "uv_size": [1, 1]},
								"down": {"uv": [11, 32], "uv_size": [1, -1]}
							}
						},
						{
							"origin": [-1.27462, 13.52672, 21.44179],
							"size": [1.683, 0.18592, 1.40905],
							"pivot": [-0.43312, 14.48593, 22.14631],
							"rotation": [0, -90, -45],
							"uv": {
								"north": {"uv": [23, 12], "uv_size": [2, 1]},
								"east": {"uv": [31, 11], "uv_size": [1, 1]},
								"south": {"uv": [23, 13], "uv_size": [2, 1]},
								"west": {"uv": [12, 31], "uv_size": [1, 1]},
								"up": {"uv": [14, 23], "uv_size": [2, 1]},
								"down": {"uv": [23, 15], "uv_size": [2, -1]}
							}
						},
						{
							"origin": [-1.27462, 15.16198, 21.25586],
							"size": [1.683, 0.18592, 1.7809],
							"pivot": [-0.43312, 14.38869, 22.14631],
							"rotation": [0, -90, 45],
							"uv": {
								"north": {"uv": [23, 15], "uv_size": [2, 1]},
								"east": {"uv": [16, 23], "uv_size": [2, 1]},
								"south": {"uv": [23, 16], "uv_size": [2, 1]},
								"west": {"uv": [23, 17], "uv_size": [2, 1]},
								"up": {"uv": [15, 4], "uv_size": [2, 2]},
								"down": {"uv": [14, 17], "uv_size": [2, -2]}
							}
						},
						{
							"origin": [-1.37362, 15.16198, 26.30486],
							"size": [1.584, 0.18592, 1.7809],
							"pivot": [-0.43312, 14.38869, 27.19531],
							"rotation": [0, -90, 45],
							"uv": {
								"north": {"uv": [18, 23], "uv_size": [2, 1]},
								"east": {"uv": [23, 18], "uv_size": [2, 1]},
								"south": {"uv": [23, 19], "uv_size": [2, 1]},
								"west": {"uv": [20, 23], "uv_size": [2, 1]},
								"up": {"uv": [16, 0], "uv_size": [2, 2]},
								"down": {"uv": [16, 4], "uv_size": [2, -2]}
							}
						},
						{
							"origin": [-1.27637, 15.16198, 25.99379],
							"size": [0.459, 0.18592, 1.60905],
							"pivot": [-0.33587, 14.38869, 26.89831],
							"rotation": [0, 90, -45],
							"uv": {
								"north": {"uv": [31, 12], "uv_size": [1, 1]},
								"east": {"uv": [23, 20], "uv_size": [2, 1]},
								"south": {"uv": [13, 31], "uv_size": [1, 1]},
								"west": {"uv": [23, 21], "uv_size": [2, 1]},
								"up": {"uv": [23, 22], "uv_size": [1, 2]},
								"down": {"uv": [0, 26], "uv_size": [1, -2]}
							}
						},
						{
							"origin": [-0.25137, 15.16198, 25.99379],
							"size": [0.559, 0.18592, 1.60905],
							"pivot": [-0.33587, 14.38869, 26.89831],
							"rotation": [0, 90, -45],
							"uv": {
								"north": {"uv": [31, 12], "uv_size": [1, 1]},
								"east": {"uv": [23, 20], "uv_size": [2, 1]},
								"south": {"uv": [13, 31], "uv_size": [1, 1]},
								"west": {"uv": [23, 21], "uv_size": [2, 1]},
								"up": {"uv": [24, 0], "uv_size": [1, 2]},
								"down": {"uv": [0, 26], "uv_size": [1, -2]}
							}
						},
						{
							"origin": [-0.82637, 15.16198, 26.59379],
							"size": [0.584, 0.18592, 1.00905],
							"pivot": [-0.33587, 14.38869, 26.89831],
							"rotation": [0, 90, -45],
							"uv": {
								"north": {"uv": [31, 12], "uv_size": [1, 1]},
								"east": {"uv": [23, 20], "uv_size": [2, 1]},
								"south": {"uv": [13, 31], "uv_size": [1, 1]},
								"west": {"uv": [23, 21], "uv_size": [2, 1]},
								"up": {"uv": [31, 13], "uv_size": [1, 1]},
								"down": {"uv": [0, 26], "uv_size": [1, -2]}
							}
						},
						{
							"origin": [-1.27637, 13.52672, 26.18286],
							"size": [1.584, 0.18592, 1.6059],
							"pivot": [-0.33587, 14.48593, 26.89831],
							"rotation": [0, 90, 45],
							"uv": {
								"north": {"uv": [1, 24], "uv_size": [2, 1]},
								"east": {"uv": [24, 2], "uv_size": [2, 1]},
								"south": {"uv": [24, 3], "uv_size": [2, 1]},
								"west": {"uv": [24, 4], "uv_size": [2, 1]},
								"up": {"uv": [6, 16], "uv_size": [2, 2]},
								"down": {"uv": [16, 8], "uv_size": [2, -2]}
							}
						},
						{
							"origin": [-0.82637, 15.16198, 21.54716],
							"size": [0.67662, 0.18592, 1.00905],
							"pivot": [-0.33587, 14.38869, 22.25169],
							"rotation": [0, -90, -45],
							"uv": {
								"north": {"uv": [14, 31], "uv_size": [1, 1]},
								"east": {"uv": [31, 14], "uv_size": [1, 1]},
								"south": {"uv": [15, 31], "uv_size": [1, 1]},
								"west": {"uv": [31, 15], "uv_size": [1, 1]},
								"up": {"uv": [16, 31], "uv_size": [1, 1]},
								"down": {"uv": [31, 17], "uv_size": [1, -1]}
							}
						},
						{
							"origin": [-0.15137, 15.16198, 21.54716],
							"size": [0.55162, 0.18592, 1.60905],
							"pivot": [-0.33587, 14.38869, 22.25169],
							"rotation": [0, -90, -45],
							"uv": {
								"north": {"uv": [14, 31], "uv_size": [1, 1]},
								"east": {"uv": [31, 14], "uv_size": [1, 1]},
								"south": {"uv": [15, 31], "uv_size": [1, 1]},
								"west": {"uv": [31, 15], "uv_size": [1, 1]},
								"up": {"uv": [3, 24], "uv_size": [1, 2]},
								"down": {"uv": [31, 17], "uv_size": [1, -1]}
							}
						},
						{
							"origin": [-1.27637, 15.16198, 21.54716],
							"size": [0.55162, 0.18592, 1.60905],
							"pivot": [-0.33587, 14.38869, 22.25169],
							"rotation": [0, -90, -45],
							"uv": {
								"north": {"uv": [14, 31], "uv_size": [1, 1]},
								"east": {"uv": [31, 14], "uv_size": [1, 1]},
								"south": {"uv": [15, 31], "uv_size": [1, 1]},
								"west": {"uv": [31, 15], "uv_size": [1, 1]},
								"up": {"uv": [3, 24], "uv_size": [1, 2]},
								"down": {"uv": [31, 17], "uv_size": [1, -1]}
							}
						},
						{
							"origin": [-1.27637, 13.52672, 21.36124],
							"size": [1.67662, 0.18592, 1.6059],
							"pivot": [-0.33587, 14.48593, 22.25169],
							"rotation": [0, -90, 45],
							"uv": {
								"north": {"uv": [5, 24], "uv_size": [2, 1]},
								"east": {"uv": [24, 5], "uv_size": [2, 1]},
								"south": {"uv": [24, 6], "uv_size": [2, 1]},
								"west": {"uv": [7, 24], "uv_size": [2, 1]},
								"up": {"uv": [8, 16], "uv_size": [2, 2]},
								"down": {"uv": [16, 10], "uv_size": [2, -2]}
							}
						},
						{
							"origin": [-1.27637, 13.52672, 24.42386],
							"size": [1.584, 0.18592, 1.5309],
							"pivot": [-0.33587, 14.48593, 25.31431],
							"rotation": [0, 90, 45],
							"uv": {
								"north": {"uv": [24, 7], "uv_size": [2, 1]},
								"east": {"uv": [24, 8], "uv_size": [2, 1]},
								"south": {"uv": [24, 9], "uv_size": [2, 1]},
								"west": {"uv": [24, 10], "uv_size": [2, 1]},
								"up": {"uv": [10, 16], "uv_size": [2, 2]},
								"down": {"uv": [16, 13], "uv_size": [2, -2]}
							}
						},
						{
							"origin": [-1.07662, 13.52672, 24.42386],
							"size": [1.584, 0.18592, 1.5309],
							"pivot": [-0.43312, 14.48593, 25.31431],
							"rotation": [0, -90, -45],
							"uv": {
								"north": {"uv": [24, 11], "uv_size": [2, 1]},
								"east": {"uv": [12, 24], "uv_size": [2, 1]},
								"south": {"uv": [14, 24], "uv_size": [2, 1]},
								"west": {"uv": [16, 24], "uv_size": [2, 1]},
								"up": {"uv": [12, 16], "uv_size": [2, 2]},
								"down": {"uv": [16, 17], "uv_size": [2, -2]}
							}
						},
						{
							"origin": [-1.37362, 13.52672, 26.49079],
							"size": [1.584, 0.18592, 1.40905],
							"pivot": [-0.43312, 14.48593, 27.19531],
							"rotation": [0, -90, -45],
							"uv": {
								"north": {"uv": [18, 24], "uv_size": [2, 1]},
								"east": {"uv": [17, 31], "uv_size": [1, 1]},
								"south": {"uv": [20, 24], "uv_size": [2, 1]},
								"west": {"uv": [31, 17], "uv_size": [1, 1]},
								"up": {"uv": [22, 24], "uv_size": [2, 1]},
								"down": {"uv": [24, 23], "uv_size": [2, -1]}
							}
						},
						{
							"origin": [1.59019, 13.54715, 25.68433],
							"size": [1.80216, 1.52767, 1.54046],
							"pivot": [0.07582, 14.84093, 26.70265],
							"rotation": [0, 90, 22.5],
							"uv": {
								"north": {"uv": [1, 17], "uv_size": [2, 2]},
								"east": {"uv": [3, 17], "uv_size": [2, 2]},
								"south": {"uv": [17, 4], "uv_size": [2, 2]},
								"west": {"uv": [14, 17], "uv_size": [2, 2]},
								"up": {"uv": [16, 17], "uv_size": [2, 2]},
								"down": {"uv": [18, 2], "uv_size": [2, -2]}
							}
						},
						{
							"origin": [1.98608, 12.98834, 26.16132],
							"size": [0.9392, 0.93924, 0.66767],
							"pivot": [0.07582, 14.84093, 26.95265],
							"rotation": [-89.99999, 67.5, 0.00001],
							"uv": {
								"north": {"uv": [18, 31], "uv_size": [1, 1]},
								"east": {"uv": [31, 18], "uv_size": [1, 1]},
								"south": {"uv": [19, 31], "uv_size": [1, 1]},
								"west": {"uv": [31, 19], "uv_size": [1, 1]},
								"up": {"uv": [20, 31], "uv_size": [1, 1]},
								"down": {"uv": [31, 21], "uv_size": [1, -1]}
							}
						},
						{
							"origin": [2.25658, 13.92675, 25.83156],
							"size": [1.09439, 1.09442, 0.35731],
							"pivot": [0.07582, 14.84093, 26.95265],
							"rotation": [0, 90, 90],
							"uv": {
								"north": {"uv": [21, 31], "uv_size": [1, 1]},
								"east": {"uv": [31, 21], "uv_size": [1, 1]},
								"south": {"uv": [22, 31], "uv_size": [1, 1]},
								"west": {"uv": [31, 22], "uv_size": [1, 1]},
								"up": {"uv": [23, 31], "uv_size": [1, 1]},
								"down": {"uv": [31, 24], "uv_size": [1, -1]}
							}
						},
						{
							"origin": [2.17898, 13.84916, 25.53758],
							"size": [1.24957, 1.24961, 0.30213],
							"pivot": [0.07582, 14.84093, 26.95265],
							"rotation": [0, 90, 90],
							"uv": {
								"north": {"uv": [24, 31], "uv_size": [1, 1]},
								"east": {"uv": [31, 24], "uv_size": [1, 1]},
								"south": {"uv": [25, 31], "uv_size": [1, 1]},
								"west": {"uv": [31, 25], "uv_size": [1, 1]},
								"up": {"uv": [26, 31], "uv_size": [1, 1]},
								"down": {"uv": [31, 27], "uv_size": [1, -1]}
							}
						},
						{
							"origin": [2.38856, 13.96001, 26.16137],
							"size": [0.9392, 0.93924, 0.66767],
							"pivot": [0.07582, 14.84093, 26.95265],
							"rotation": [-89.99999, 67.5, 90.00001],
							"uv": {
								"north": {"uv": [27, 31], "uv_size": [1, 1]},
								"east": {"uv": [31, 27], "uv_size": [1, 1]},
								"south": {"uv": [28, 31], "uv_size": [1, 1]},
								"west": {"uv": [31, 28], "uv_size": [1, 1]},
								"up": {"uv": [29, 31], "uv_size": [1, 1]},
								"down": {"uv": [31, 30], "uv_size": [1, -1]}
							}
						},
						{
							"origin": [2.25658, 14.97848, 25.83161],
							"size": [1.09439, 1.09442, 0.35731],
							"pivot": [0.07582, 14.84093, 26.95265],
							"rotation": [0, 90, 180],
							"uv": {
								"north": {"uv": [30, 31], "uv_size": [1, 1]},
								"east": {"uv": [31, 30], "uv_size": [1, 1]},
								"south": {"uv": [31, 31], "uv_size": [1, 1]},
								"west": {"uv": [0, 32], "uv_size": [1, 1]},
								"up": {"uv": [32, 0], "uv_size": [1, 1]},
								"down": {"uv": [1, 33], "uv_size": [1, -1]}
							}
						},
						{
							"origin": [1.70928, 15.8927, 25.53763],
							"size": [1.24957, 1.24961, 0.30213],
							"pivot": [0.07582, 14.84093, 26.95265],
							"rotation": [90.00001, 67.5, -89.99999],
							"uv": {
								"north": {"uv": [32, 1], "uv_size": [1, 1]},
								"east": {"uv": [2, 32], "uv_size": [1, 1]},
								"south": {"uv": [32, 2], "uv_size": [1, 1]},
								"west": {"uv": [3, 32], "uv_size": [1, 1]},
								"up": {"uv": [32, 3], "uv_size": [1, 1]},
								"down": {"uv": [4, 33], "uv_size": [1, -1]}
							}
						},
						{
							"origin": [-3.84199, 13.74717, 25.25164],
							"size": [2.37889, 1.68285, 1.69564],
							"pivot": [0.07582, 14.84093, 26.70265],
							"rotation": [0, 90, -22.5],
							"uv": {
								"north": {"uv": [18, 2], "uv_size": [2, 2]},
								"east": {"uv": [5, 18], "uv_size": [2, 2]},
								"south": {"uv": [18, 6], "uv_size": [2, 2]},
								"west": {"uv": [7, 18], "uv_size": [2, 2]},
								"up": {"uv": [18, 8], "uv_size": [2, 2]},
								"down": {"uv": [9, 20], "uv_size": [2, -2]}
							}
						},
						{
							"origin": [-3.72135, 15.03564, 26.39412],
							"size": [0.88748, 0.18275, 1.69564],
							"pivot": [0.07582, 14.84093, 27.70265],
							"rotation": [0, 90, 0],
							"uv": {
								"north": {"uv": [32, 4], "uv_size": [1, 1]},
								"east": {"uv": [24, 23], "uv_size": [2, 1]},
								"south": {"uv": [5, 32], "uv_size": [1, 1]},
								"west": {"uv": [24, 24], "uv_size": [2, 1]},
								"up": {"uv": [9, 24], "uv_size": [1, 2]},
								"down": {"uv": [25, 2], "uv_size": [1, -2]}
							}
						},
						{
							"origin": [-3.72946, 13.53554, 26.39412],
							"size": [0.88748, 0.18275, 1.69564],
							"pivot": [0.07582, 14.84093, 27.70265],
							"rotation": [0, 90, 0],
							"uv": {
								"north": {"uv": [32, 8], "uv_size": [1, 1]},
								"east": {"uv": [1, 25], "uv_size": [2, 1]},
								"south": {"uv": [9, 32], "uv_size": [1, 1]},
								"west": {"uv": [4, 25], "uv_size": [2, 1]},
								"up": {"uv": [6, 25], "uv_size": [1, 2]},
								"down": {"uv": [7, 27], "uv_size": [1, -2]}
							}
						},
						{
							"origin": [-3.72135, 14.45382, 26.58002],
							"size": [0.87937, 0.18915, 1.31735],
							"pivot": [0.07582, 14.84093, 27.70265],
							"rotation": [0, 90, -90],
							"uv": {
								"north": {"uv": [32, 9], "uv_size": [1, 1]},
								"east": {"uv": [10, 32], "uv_size": [1, 1]},
								"south": {"uv": [32, 10], "uv_size": [1, 1]},
								"west": {"uv": [11, 32], "uv_size": [1, 1]},
								"up": {"uv": [32, 11], "uv_size": [1, 1]},
								"down": {"uv": [12, 33], "uv_size": [1, -1]}
							}
						},
						{
							"origin": [-3.72946, 15.96031, 26.58002],
							"size": [0.89558, 0.18915, 1.31735],
							"pivot": [0.07582, 14.84093, 27.70265],
							"rotation": [0, 90, -90],
							"uv": {
								"north": {"uv": [32, 12], "uv_size": [1, 1]},
								"east": {"uv": [13, 32], "uv_size": [1, 1]},
								"south": {"uv": [32, 13], "uv_size": [1, 1]},
								"west": {"uv": [14, 32], "uv_size": [1, 1]},
								"up": {"uv": [32, 14], "uv_size": [1, 1]},
								"down": {"uv": [15, 33], "uv_size": [1, -1]}
							}
						},
						{
							"origin": [-1.47121, 13.79974, 25.76192],
							"size": [15.00776, 1.12248, 1.38527],
							"pivot": [0.07582, 14.84093, 26.70265],
							"rotation": [0, 90, 22.5],
							"uv": {
								"north": {"uv": [0, 0], "uv_size": [15, 1]},
								"east": {"uv": [15, 11], "uv_size": [1, 1]},
								"south": {"uv": [0, 1], "uv_size": [15, 1]},
								"west": {"uv": [5, 17], "uv_size": [1, 1]},
								"up": {"uv": [0, 2], "uv_size": [15, 1]},
								"down": {"uv": [0, 4], "uv_size": [15, -1]}
							}
						},
						{
							"origin": [5.45379, 13.54974, 25.76192],
							"size": [8.08276, 0.24748, 1.38527],
							"pivot": [0.07582, 14.84093, 26.70265],
							"rotation": [0, 90, 22.5],
							"uv": {
								"north": {"uv": [0, 0], "uv_size": [8.08276, 0.24748]},
								"east": {"uv": [15, 11], "uv_size": [1.38527, 0.24748]},
								"south": {"uv": [0, 1], "uv_size": [8.08276, 0.24748]},
								"west": {"uv": [5, 17], "uv_size": [1.38527, 0.24748]},
								"up": {"uv": [0, 2], "uv_size": [8.08276, 1.38527]},
								"down": {"uv": [0, 4.38527], "uv_size": [8.08276, -1.38527]}
							}
						},
						{
							"origin": [9.95654, 13.44974, 25.66192],
							"size": [3.75251, 1.57248, 0.14777],
							"pivot": [0.07582, 14.84093, 26.70265],
							"rotation": [0, 90, 22.5],
							"uv": {
								"north": {"uv": [4, 8], "uv_size": [4, 2]},
								"east": {"uv": [8, 25], "uv_size": [1, 2]},
								"south": {"uv": [8, 8], "uv_size": [4, 2]},
								"west": {"uv": [10, 25], "uv_size": [1, 2]},
								"up": {"uv": [16, 13], "uv_size": [4, 1]},
								"down": {"uv": [17, 11], "uv_size": [4, -1]}
							}
						},
						{
							"origin": [9.95654, 13.44974, 27.09942],
							"size": [3.75251, 1.57248, 0.14777],
							"pivot": [0.07582, 14.84093, 26.70265],
							"rotation": [0, 90, 22.5],
							"uv": {
								"north": {"uv": [9, 4], "uv_size": [4, 2]},
								"east": {"uv": [11, 25], "uv_size": [1, 2]},
								"south": {"uv": [4, 10], "uv_size": [4, 2]},
								"west": {"uv": [12, 25], "uv_size": [1, 2]},
								"up": {"uv": [18, 11], "uv_size": [4, 1]},
								"down": {"uv": [18, 13], "uv_size": [4, -1]}
							}
						},
						{
							"origin": [1.26386, 13.71573, 19.11554],
							"size": [3.75251, 1.32248, 0.14777],
							"pivot": [-0.38489, 14.37697, 18.47068],
							"rotation": [0, 90, -67.5],
							"uv": {
								"north": {"uv": [18, 14], "uv_size": [4, 1]},
								"east": {"uv": [32, 15], "uv_size": [1, 1]},
								"south": {"uv": [18, 15], "uv_size": [4, 1]},
								"west": {"uv": [16, 32], "uv_size": [1, 1]},
								"up": {"uv": [18, 16], "uv_size": [4, 1]},
								"down": {"uv": [18, 18], "uv_size": [4, -1]}
							}
						},
						{
							"origin": [1.26386, 13.71573, 17.67804],
							"size": [3.75251, 1.32248, 0.14777],
							"pivot": [-0.38489, 14.37697, 18.47068],
							"rotation": [0, 90, -67.5],
							"uv": {
								"north": {"uv": [18, 18], "uv_size": [4, 1]},
								"east": {"uv": [32, 16], "uv_size": [1, 1]},
								"south": {"uv": [0, 19], "uv_size": [4, 1]},
								"west": {"uv": [17, 32], "uv_size": [1, 1]},
								"up": {"uv": [19, 4], "uv_size": [4, 1]},
								"down": {"uv": [19, 6], "uv_size": [4, -1]}
							}
						}
					]
				},
				{
					"name": "scope",
					"parent": "bone",
					"pivot": [-0.375, 14.425, 34.55],
					"cubes": [
						{
							"origin": [-0.875, 13.925, 34.05],
							"size": [1, 1, 1],
							"inflate": -0.4,
							"uv": {
								"north": {"uv": [0, 0], "uv_size": [1, 1]},
								"east": {"uv": [0, 0], "uv_size": [1, 1]},
								"south": {"uv": [0, 0], "uv_size": [1, 1]},
								"west": {"uv": [0, 0], "uv_size": [1, 1]},
								"up": {"uv": [1, 1], "uv_size": [-1, -1]},
								"down": {"uv": [1, 1], "uv_size": [-1, -1]}
							}
						}
					]
				}
			]
		}
	]
}