{
	"format_version": "1.12.0",
	"minecraft:geometry": [
		{
			"description": {
				"identifier": "geometry.unknown",
				"texture_width": 16,
				"texture_height": 16,
				"visible_bounds_width": 5,
				"visible_bounds_height": 2.5,
				"visible_bounds_offset": [0, 0.75, 0]
			},
			"bones": [
				{
					"name": "bone",
					"pivot": [-1.28409, 8.50038, -28.38328],
					"cubes": [
						{
							"origin": [-1.85614, 7.67974, -26.73751],
							"size": [1.32, 1.32, 1.815],
							"pivot": [-1.19614, 8.33974, -25.83001],
							"rotation": [0, 0, -45],
							"uv": {
								"north": {"uv": [0, 0], "uv_size": [1, 1]},
								"east": {"uv": [0, 1], "uv_size": [1, 1]},
								"south": {"uv": [1, 0], "uv_size": [1, 1]},
								"west": {"uv": [1, 1], "uv_size": [1, 1]},
								"up": {"uv": [0, 2], "uv_size": [1, 1]},
								"down": {"uv": [2, 1], "uv_size": [1, -1]}
							}
						},
						{
							"origin": [-0.65455, 8.27082, -29.55076],
							"size": [0.1815, 0.4455, 2.6565],
							"pivot": [-1.19905, 8.33682, -25.73101],
							"rotation": [0, 0, -45],
							"uv": {
								"north": {"uv": [3, 2], "uv_size": [0.5, 0.5]},
								"east": {"uv": [3, 4], "uv_size": [1.5, 0.5]},
								"south": {"uv": [6, 0], "uv_size": [0.5, 0.5]},
								"west": {"uv": [4, 3], "uv_size": [1.5, 0.5]},
								"up": {"uv": [0, 5], "uv_size": [0.5, 1.5]},
								"down": {"uv": [5, 1.5], "uv_size": [0.5, -1.5]}
							}
						},
						{
							"origin": [-1.51148, 8.62577, -29.88076],
							"size": [0.1815, 0.4455, 3.3165],
							"pivot": [-1.42073, 9.01352, -28.20601],
							"rotation": [0, 0, 45],
							"uv": {
								"north": {"uv": [11, 1], "uv_size": [0.5, 0.5]},
								"east": {"uv": [1, 2], "uv_size": [2, 0.5]},
								"south": {"uv": [2, 11], "uv_size": [0.5, 0.5]},
								"west": {"uv": [2, 1], "uv_size": [2, 0.5]},
								"up": {"uv": [0, 3], "uv_size": [0.5, 2]},
								"down": {"uv": [1, 5], "uv_size": [0.5, -2]}
							}
						},
						{
							"origin": [-1.19647, 8.94079, -26.91076],
							"size": [0.1815, 0.3465, 0.3465],
							"pivot": [-1.10572, 9.32854, -28.22251],
							"rotation": [0, 0, 45],
							"uv": {
								"north": {"uv": [11, 12], "uv_size": [0.5, 0.5]},
								"east": {"uv": [12, 11], "uv_size": [0.5, 0.5]},
								"south": {"uv": [12, 12], "uv_size": [0.5, 0.5]},
								"west": {"uv": [0, 13], "uv_size": [0.5, 0.5]},
								"up": {"uv": [13, 0], "uv_size": [0.5, 0.5]},
								"down": {"uv": [1, 13.5], "uv_size": [0.5, -0.5]}
							}
						},
						{
							"origin": [-1.19647, 8.94079, -27.73576],
							"size": [0.1815, 0.3465, 0.3465],
							"pivot": [-1.10572, 9.32854, -28.22251],
							"rotation": [0, 0, 45],
							"uv": {
								"north": {"uv": [13, 1], "uv_size": [0.5, 0.5]},
								"east": {"uv": [2, 13], "uv_size": [0.5, 0.5]},
								"south": {"uv": [13, 2], "uv_size": [0.5, 0.5]},
								"west": {"uv": [3, 13], "uv_size": [0.5, 0.5]},
								"up": {"uv": [13, 3], "uv_size": [0.5, 0.5]},
								"down": {"uv": [4, 13.5], "uv_size": [0.5, -0.5]}
							}
						},
						{
							"origin": [-1.19647, 8.94079, -29.88076],
							"size": [0.1815, 0.3465, 0.3465],
							"pivot": [-1.10572, 9.32854, -28.22251],
							"rotation": [0, 0, 45],
							"uv": {
								"north": {"uv": [13, 7], "uv_size": [0.5, 0.5]},
								"east": {"uv": [8, 13], "uv_size": [0.5, 0.5]},
								"south": {"uv": [13, 8], "uv_size": [0.5, 0.5]},
								"west": {"uv": [9, 13], "uv_size": [0.5, 0.5]},
								"up": {"uv": [13, 9], "uv_size": [0.5, 0.5]},
								"down": {"uv": [10, 13.5], "uv_size": [0.5, -0.5]}
							}
						},
						{
							"origin": [-1.03147, 9.17413, -30.22726],
							"size": [0.1815, 0.1815, 0.3465],
							"pivot": [-1.10572, 9.56188, -28.19776],
							"rotation": [0, 0, 45],
							"uv": {
								"north": {"uv": [9, 14], "uv_size": [0.5, 0.5]},
								"east": {"uv": [14, 9], "uv_size": [0.5, 0.5]},
								"south": {"uv": [10, 14], "uv_size": [0.5, 0.5]},
								"west": {"uv": [14, 10], "uv_size": [0.5, 0.5]},
								"up": {"uv": [11, 14], "uv_size": [0.5, 0.5]},
								"down": {"uv": [14, 11.5], "uv_size": [0.5, -0.5]}
							}
						},
						{
							"origin": [-0.20647, 9.17413, -30.22726],
							"size": [0.1815, 0.1815, 0.3465],
							"pivot": [-1.10572, 9.56188, -28.19776],
							"rotation": [0, 0, 45],
							"uv": {
								"north": {"uv": [15, 6], "uv_size": [0.5, 0.5]},
								"east": {"uv": [7, 15], "uv_size": [0.5, 0.5]},
								"south": {"uv": [15, 7], "uv_size": [0.5, 0.5]},
								"west": {"uv": [8, 15], "uv_size": [0.5, 0.5]},
								"up": {"uv": [15, 8], "uv_size": [0.5, 0.5]},
								"down": {"uv": [9, 15.5], "uv_size": [0.5, -0.5]}
							}
						},
						{
							"origin": [-1.03147, 8.34913, -30.22726],
							"size": [0.1815, 0.1815, 0.3465],
							"pivot": [-1.10572, 9.56188, -28.19776],
							"rotation": [0, 0, 45],
							"uv": {
								"north": {"uv": [15, 3], "uv_size": [0.5, 0.5]},
								"east": {"uv": [4, 15], "uv_size": [0.5, 0.5]},
								"south": {"uv": [15, 4], "uv_size": [0.5, 0.5]},
								"west": {"uv": [5, 15], "uv_size": [0.5, 0.5]},
								"up": {"uv": [15, 5], "uv_size": [0.5, 0.5]},
								"down": {"uv": [6, 15.5], "uv_size": [0.5, -0.5]}
							}
						},
						{
							"origin": [-0.98314, 7.20133, -30.22726],
							"size": [0.1815, 0.1815, 0.3465],
							"pivot": [-1.22239, 6.99508, -28.19776],
							"rotation": [0, 0, -45],
							"uv": {
								"north": {"uv": [12, 14], "uv_size": [0.5, 0.5]},
								"east": {"uv": [14, 12], "uv_size": [0.5, 0.5]},
								"south": {"uv": [13, 14], "uv_size": [0.5, 0.5]},
								"west": {"uv": [14, 13], "uv_size": [0.5, 0.5]},
								"up": {"uv": [14, 14], "uv_size": [0.5, 0.5]},
								"down": {"uv": [0, 15.5], "uv_size": [0.5, -0.5]}
							}
						},
						{
							"origin": [-0.15814, 7.20133, -30.22726],
							"size": [0.1815, 0.1815, 0.3465],
							"pivot": [-1.22239, 6.99508, -28.19776],
							"rotation": [0, 0, -45],
							"uv": {
								"north": {"uv": [15, 9], "uv_size": [0.5, 0.5]},
								"east": {"uv": [10, 15], "uv_size": [0.5, 0.5]},
								"south": {"uv": [15, 10], "uv_size": [0.5, 0.5]},
								"west": {"uv": [11, 15], "uv_size": [0.5, 0.5]},
								"up": {"uv": [15, 11], "uv_size": [0.5, 0.5]},
								"down": {"uv": [12, 15.5], "uv_size": [0.5, -0.5]}
							}
						},
						{
							"origin": [-0.98314, 8.02633, -30.22726],
							"size": [0.1815, 0.1815, 0.3465],
							"pivot": [-1.22239, 6.99508, -28.19776],
							"rotation": [0, 0, -45],
							"uv": {
								"north": {"uv": [15, 0], "uv_size": [0.5, 0.5]},
								"east": {"uv": [1, 15], "uv_size": [0.5, 0.5]},
								"south": {"uv": [15, 1], "uv_size": [0.5, 0.5]},
								"west": {"uv": [2, 15], "uv_size": [0.5, 0.5]},
								"up": {"uv": [15, 2], "uv_size": [0.5, 0.5]},
								"down": {"uv": [3, 15.5], "uv_size": [0.5, -0.5]}
							}
						},
						{
							"origin": [-1.19647, 8.94079, -28.72576],
							"size": [0.1815, 0.3465, 0.3465],
							"pivot": [-1.10572, 9.32854, -28.22251],
							"rotation": [0, 0, 45],
							"uv": {
								"north": {"uv": [13, 4], "uv_size": [0.5, 0.5]},
								"east": {"uv": [5, 13], "uv_size": [0.5, 0.5]},
								"south": {"uv": [13, 5], "uv_size": [0.5, 0.5]},
								"west": {"uv": [6, 13], "uv_size": [0.5, 0.5]},
								"up": {"uv": [13, 6], "uv_size": [0.5, 0.5]},
								"down": {"uv": [7, 13.5], "uv_size": [0.5, -0.5]}
							}
						},
						{
							"origin": [-1.10313, 9.04027, -26.91076],
							"size": [0.1815, 0.1815, 0.3465],
							"pivot": [-1.01238, 9.04852, -28.22251],
							"rotation": [0, 0, -45],
							"uv": {
								"north": {"uv": [6, 14], "uv_size": [0.5, 0.5]},
								"east": {"uv": [14, 6], "uv_size": [0.5, 0.5]},
								"south": {"uv": [7, 14], "uv_size": [0.5, 0.5]},
								"west": {"uv": [14, 7], "uv_size": [0.5, 0.5]},
								"up": {"uv": [8, 14], "uv_size": [0.5, 0.5]},
								"down": {"uv": [14, 8.5], "uv_size": [0.5, -0.5]}
							}
						},
						{
							"origin": [-1.10313, 9.04027, -27.73576],
							"size": [0.1815, 0.1815, 0.3465],
							"pivot": [-1.01238, 9.04852, -28.22251],
							"rotation": [0, 0, -45],
							"uv": {
								"north": {"uv": [3, 14], "uv_size": [0.5, 0.5]},
								"east": {"uv": [14, 3], "uv_size": [0.5, 0.5]},
								"south": {"uv": [4, 14], "uv_size": [0.5, 0.5]},
								"west": {"uv": [14, 4], "uv_size": [0.5, 0.5]},
								"up": {"uv": [5, 14], "uv_size": [0.5, 0.5]},
								"down": {"uv": [14, 5.5], "uv_size": [0.5, -0.5]}
							}
						},
						{
							"origin": [-1.10313, 9.04027, -28.72576],
							"size": [0.1815, 0.1815, 0.3465],
							"pivot": [-1.01238, 9.04852, -28.22251],
							"rotation": [0, 0, -45],
							"uv": {
								"north": {"uv": [0, 14], "uv_size": [0.5, 0.5]},
								"east": {"uv": [14, 0], "uv_size": [0.5, 0.5]},
								"south": {"uv": [1, 14], "uv_size": [0.5, 0.5]},
								"west": {"uv": [14, 1], "uv_size": [0.5, 0.5]},
								"up": {"uv": [2, 14], "uv_size": [0.5, 0.5]},
								"down": {"uv": [14, 2.5], "uv_size": [0.5, -0.5]}
							}
						},
						{
							"origin": [-1.10313, 9.04027, -29.88076],
							"size": [0.1815, 0.1815, 0.3465],
							"pivot": [-1.01238, 9.04852, -28.22251],
							"rotation": [0, 0, -45],
							"uv": {
								"north": {"uv": [13, 10], "uv_size": [0.5, 0.5]},
								"east": {"uv": [11, 13], "uv_size": [0.5, 0.5]},
								"south": {"uv": [13, 11], "uv_size": [0.5, 0.5]},
								"west": {"uv": [12, 13], "uv_size": [0.5, 0.5]},
								"up": {"uv": [13, 12], "uv_size": [0.5, 0.5]},
								"down": {"uv": [13, 13.5], "uv_size": [0.5, -0.5]}
							}
						},
						{
							"origin": [-1.44731, 7.28245, -29.88076],
							"size": [0.1815, 0.792, 3.3165],
							"pivot": [-1.35656, 7.59595, -28.22251],
							"rotation": [0, 0, -45],
							"uv": {
								"north": {"uv": [9, 12], "uv_size": [0.5, 0.5]},
								"east": {"uv": [3, 0], "uv_size": [2, 0.5]},
								"south": {"uv": [12, 9], "uv_size": [0.5, 0.5]},
								"west": {"uv": [2, 3], "uv_size": [2, 0.5]},
								"up": {"uv": [4, 1], "uv_size": [0.5, 2]},
								"down": {"uv": [2, 6], "uv_size": [0.5, -2]}
							}
						},
						{
							"origin": [-0.65455, 7.61082, -29.88076],
							"size": [0.1815, 1.1055, 0.3465],
							"pivot": [-1.19905, 8.33682, -25.73101],
							"rotation": [0, 0, -45],
							"uv": {
								"north": {"uv": [9, 10], "uv_size": [0.5, 0.5]},
								"east": {"uv": [10, 9], "uv_size": [0.5, 0.5]},
								"south": {"uv": [10, 10], "uv_size": [0.5, 0.5]},
								"west": {"uv": [0, 11], "uv_size": [0.5, 0.5]},
								"up": {"uv": [11, 0], "uv_size": [0.5, 0.5]},
								"down": {"uv": [1, 11.5], "uv_size": [0.5, -0.5]}
							}
						},
						{
							"origin": [-0.80853, 7.32984, -29.88076],
							"size": [0.1815, 1.089, 0.3465],
							"pivot": [-0.71778, 7.91971, -27.72751],
							"rotation": [0, 0, 45],
							"uv": {
								"north": {"uv": [6, 1], "uv_size": [0.5, 0.5]},
								"east": {"uv": [2, 6], "uv_size": [0.5, 0.5]},
								"south": {"uv": [3, 6], "uv_size": [0.5, 0.5]},
								"west": {"uv": [6, 3], "uv_size": [0.5, 0.5]},
								"up": {"uv": [4, 6], "uv_size": [0.5, 0.5]},
								"down": {"uv": [6, 4.5], "uv_size": [0.5, -0.5]}
							}
						},
						{
							"origin": [-0.65455, 7.61082, -28.72576],
							"size": [0.1815, 1.1055, 0.3465],
							"pivot": [-1.19905, 8.33682, -24.57601],
							"rotation": [0, 0, -45],
							"uv": {
								"north": {"uv": [7, 1], "uv_size": [0.5, 0.5]},
								"east": {"uv": [2, 7], "uv_size": [0.5, 0.5]},
								"south": {"uv": [7, 2], "uv_size": [0.5, 0.5]},
								"west": {"uv": [3, 7], "uv_size": [0.5, 0.5]},
								"up": {"uv": [7, 3], "uv_size": [0.5, 0.5]},
								"down": {"uv": [4, 7.5], "uv_size": [0.5, -0.5]}
							}
						},
						{
							"origin": [-0.80853, 7.32984, -28.72576],
							"size": [0.1815, 1.089, 0.3465],
							"pivot": [-0.71778, 7.91971, -26.57251],
							"rotation": [0, 0, 45],
							"uv": {
								"north": {"uv": [5, 6], "uv_size": [0.5, 0.5]},
								"east": {"uv": [6, 5], "uv_size": [0.5, 0.5]},
								"south": {"uv": [6, 6], "uv_size": [0.5, 0.5]},
								"west": {"uv": [0, 7], "uv_size": [0.5, 0.5]},
								"up": {"uv": [7, 0], "uv_size": [0.5, 0.5]},
								"down": {"uv": [1, 7.5], "uv_size": [0.5, -0.5]}
							}
						},
						{
							"origin": [-0.65455, 7.61082, -27.73576],
							"size": [0.1815, 1.1055, 0.3465],
							"pivot": [-1.19905, 8.33682, -23.58601],
							"rotation": [0, 0, -45],
							"uv": {
								"north": {"uv": [0, 8], "uv_size": [0.5, 0.5]},
								"east": {"uv": [8, 0], "uv_size": [0.5, 0.5]},
								"south": {"uv": [1, 8], "uv_size": [0.5, 0.5]},
								"west": {"uv": [8, 1], "uv_size": [0.5, 0.5]},
								"up": {"uv": [2, 8], "uv_size": [0.5, 0.5]},
								"down": {"uv": [8, 2.5], "uv_size": [0.5, -0.5]}
							}
						},
						{
							"origin": [-0.80853, 7.32984, -27.73576],
							"size": [0.1815, 1.089, 0.3465],
							"pivot": [-0.71778, 7.91971, -25.58251],
							"rotation": [0, 0, 45],
							"uv": {
								"north": {"uv": [7, 4], "uv_size": [0.5, 0.5]},
								"east": {"uv": [5, 7], "uv_size": [0.5, 0.5]},
								"south": {"uv": [7, 5], "uv_size": [0.5, 0.5]},
								"west": {"uv": [6, 7], "uv_size": [0.5, 0.5]},
								"up": {"uv": [7, 6], "uv_size": [0.5, 0.5]},
								"down": {"uv": [7, 7.5], "uv_size": [0.5, -0.5]}
							}
						},
						{
							"origin": [-0.65455, 7.61082, -26.91076],
							"size": [0.1815, 1.1055, 0.3465],
							"pivot": [-1.19905, 8.33682, -22.76101],
							"rotation": [0, 0, -45],
							"uv": {
								"north": {"uv": [6, 8], "uv_size": [0.5, 0.5]},
								"east": {"uv": [8, 6], "uv_size": [0.5, 0.5]},
								"south": {"uv": [7, 8], "uv_size": [0.5, 0.5]},
								"west": {"uv": [8, 7], "uv_size": [0.5, 0.5]},
								"up": {"uv": [8, 8], "uv_size": [0.5, 0.5]},
								"down": {"uv": [0, 9.5], "uv_size": [0.5, -0.5]}
							}
						},
						{
							"origin": [-0.80853, 7.32984, -26.91076],
							"size": [0.1815, 1.089, 0.3465],
							"pivot": [-0.71778, 7.91971, -24.75751],
							"rotation": [0, 0, 45],
							"uv": {
								"north": {"uv": [3, 8], "uv_size": [0.5, 0.5]},
								"east": {"uv": [8, 3], "uv_size": [0.5, 0.5]},
								"south": {"uv": [4, 8], "uv_size": [0.5, 0.5]},
								"west": {"uv": [8, 4], "uv_size": [0.5, 0.5]},
								"up": {"uv": [5, 8], "uv_size": [0.5, 0.5]},
								"down": {"uv": [8, 5.5], "uv_size": [0.5, -0.5]}
							}
						},
						{
							"origin": [-1.92505, 7.61082, -26.91076],
							"size": [0.1815, 0.825, 0.3465],
							"pivot": [-1.19905, 8.33682, -22.76101],
							"rotation": [0, 0, 45],
							"uv": {
								"north": {"uv": [6, 10], "uv_size": [0.5, 0.5]},
								"east": {"uv": [10, 6], "uv_size": [0.5, 0.5]},
								"south": {"uv": [7, 10], "uv_size": [0.5, 0.5]},
								"west": {"uv": [10, 7], "uv_size": [0.5, 0.5]},
								"up": {"uv": [8, 10], "uv_size": [0.5, 0.5]},
								"down": {"uv": [10, 8.5], "uv_size": [0.5, -0.5]}
							}
						},
						{
							"origin": [-1.77108, 7.74234, -26.91076],
							"size": [0.1815, 0.6765, 0.3465],
							"pivot": [-1.68033, 7.91971, -24.75751],
							"rotation": [0, 0, -45],
							"uv": {
								"north": {"uv": [3, 10], "uv_size": [0.5, 0.5]},
								"east": {"uv": [10, 3], "uv_size": [0.5, 0.5]},
								"south": {"uv": [4, 10], "uv_size": [0.5, 0.5]},
								"west": {"uv": [10, 4], "uv_size": [0.5, 0.5]},
								"up": {"uv": [5, 10], "uv_size": [0.5, 0.5]},
								"down": {"uv": [10, 5.5], "uv_size": [0.5, -0.5]}
							}
						},
						{
							"origin": [-1.77108, 7.74234, -29.88076],
							"size": [0.1815, 0.6765, 0.3465],
							"pivot": [-1.68033, 7.91971, -27.72751],
							"rotation": [0, 0, -45],
							"uv": {
								"north": {"uv": [6, 12], "uv_size": [0.5, 0.5]},
								"east": {"uv": [12, 6], "uv_size": [0.5, 0.5]},
								"south": {"uv": [7, 12], "uv_size": [0.5, 0.5]},
								"west": {"uv": [12, 7], "uv_size": [0.5, 0.5]},
								"up": {"uv": [8, 12], "uv_size": [0.5, 0.5]},
								"down": {"uv": [12, 8.5], "uv_size": [0.5, -0.5]}
							}
						},
						{
							"origin": [-1.92505, 7.61082, -28.72576],
							"size": [0.1815, 0.825, 0.3465],
							"pivot": [-1.19905, 8.33682, -24.57601],
							"rotation": [0, 0, 45],
							"uv": {
								"north": {"uv": [0, 10], "uv_size": [0.5, 0.5]},
								"east": {"uv": [10, 0], "uv_size": [0.5, 0.5]},
								"south": {"uv": [1, 10], "uv_size": [0.5, 0.5]},
								"west": {"uv": [10, 1], "uv_size": [0.5, 0.5]},
								"up": {"uv": [2, 10], "uv_size": [0.5, 0.5]},
								"down": {"uv": [10, 2.5], "uv_size": [0.5, -0.5]}
							}
						},
						{
							"origin": [-1.77108, 7.74234, -28.72576],
							"size": [0.1815, 0.6765, 0.3465],
							"pivot": [-1.68033, 7.91971, -26.57251],
							"rotation": [0, 0, -45],
							"uv": {
								"north": {"uv": [3, 12], "uv_size": [0.5, 0.5]},
								"east": {"uv": [12, 3], "uv_size": [0.5, 0.5]},
								"south": {"uv": [4, 12], "uv_size": [0.5, 0.5]},
								"west": {"uv": [12, 4], "uv_size": [0.5, 0.5]},
								"up": {"uv": [5, 12], "uv_size": [0.5, 0.5]},
								"down": {"uv": [12, 5.5], "uv_size": [0.5, -0.5]}
							}
						},
						{
							"origin": [-1.92505, 7.61082, -29.88076],
							"size": [0.1815, 0.825, 0.3465],
							"pivot": [-1.19905, 8.33682, -25.73101],
							"rotation": [0, 0, 45],
							"uv": {
								"north": {"uv": [9, 6], "uv_size": [0.5, 0.5]},
								"east": {"uv": [7, 9], "uv_size": [0.5, 0.5]},
								"south": {"uv": [9, 7], "uv_size": [0.5, 0.5]},
								"west": {"uv": [8, 9], "uv_size": [0.5, 0.5]},
								"up": {"uv": [9, 8], "uv_size": [0.5, 0.5]},
								"down": {"uv": [9, 9.5], "uv_size": [0.5, -0.5]}
							}
						},
						{
							"origin": [-1.92505, 7.61082, -27.73576],
							"size": [0.1815, 0.825, 0.3465],
							"pivot": [-1.19905, 8.33682, -23.58601],
							"rotation": [0, 0, 45],
							"uv": {
								"north": {"uv": [9, 3], "uv_size": [0.5, 0.5]},
								"east": {"uv": [4, 9], "uv_size": [0.5, 0.5]},
								"south": {"uv": [9, 4], "uv_size": [0.5, 0.5]},
								"west": {"uv": [5, 9], "uv_size": [0.5, 0.5]},
								"up": {"uv": [9, 5], "uv_size": [0.5, 0.5]},
								"down": {"uv": [6, 9.5], "uv_size": [0.5, -0.5]}
							}
						},
						{
							"origin": [-1.92505, 7.61082, -29.88076],
							"size": [0.1815, 0.825, 0.3465],
							"pivot": [-1.19905, 8.33682, -25.73101],
							"rotation": [0, 0, 45],
							"uv": {
								"north": {"uv": [0, 12], "uv_size": [0.5, 0.5]},
								"east": {"uv": [12, 0], "uv_size": [0.5, 0.5]},
								"south": {"uv": [1, 12], "uv_size": [0.5, 0.5]},
								"west": {"uv": [12, 1], "uv_size": [0.5, 0.5]},
								"up": {"uv": [2, 12], "uv_size": [0.5, 0.5]},
								"down": {"uv": [12, 2.5], "uv_size": [0.5, -0.5]}
							}
						},
						{
							"origin": [-1.92505, 7.61082, -28.72576],
							"size": [0.1815, 0.825, 0.3465],
							"pivot": [-1.19905, 8.33682, -24.57601],
							"rotation": [0, 0, 45],
							"uv": {
								"north": {"uv": [11, 8], "uv_size": [0.5, 0.5]},
								"east": {"uv": [9, 11], "uv_size": [0.5, 0.5]},
								"south": {"uv": [11, 9], "uv_size": [0.5, 0.5]},
								"west": {"uv": [10, 11], "uv_size": [0.5, 0.5]},
								"up": {"uv": [11, 10], "uv_size": [0.5, 0.5]},
								"down": {"uv": [11, 11.5], "uv_size": [0.5, -0.5]}
							}
						},
						{
							"origin": [-1.92505, 7.61082, -27.73576],
							"size": [0.1815, 0.825, 0.3465],
							"pivot": [-1.19905, 8.33682, -23.58601],
							"rotation": [0, 0, 45],
							"uv": {
								"north": {"uv": [11, 5], "uv_size": [0.5, 0.5]},
								"east": {"uv": [6, 11], "uv_size": [0.5, 0.5]},
								"south": {"uv": [11, 6], "uv_size": [0.5, 0.5]},
								"west": {"uv": [7, 11], "uv_size": [0.5, 0.5]},
								"up": {"uv": [11, 7], "uv_size": [0.5, 0.5]},
								"down": {"uv": [8, 11.5], "uv_size": [0.5, -0.5]}
							}
						},
						{
							"origin": [-1.92505, 7.61082, -26.91076],
							"size": [0.1815, 0.825, 0.3465],
							"pivot": [-1.19905, 8.33682, -22.76101],
							"rotation": [0, 0, 45],
							"uv": {
								"north": {"uv": [11, 2], "uv_size": [0.5, 0.5]},
								"east": {"uv": [3, 11], "uv_size": [0.5, 0.5]},
								"south": {"uv": [11, 3], "uv_size": [0.5, 0.5]},
								"west": {"uv": [4, 11], "uv_size": [0.5, 0.5]},
								"up": {"uv": [11, 4], "uv_size": [0.5, 0.5]},
								"down": {"uv": [5, 11.5], "uv_size": [0.5, -0.5]}
							}
						},
						{
							"origin": [-1.77108, 7.74234, -27.73576],
							"size": [0.1815, 0.6765, 0.3465],
							"pivot": [-1.68033, 7.91971, -25.58251],
							"rotation": [0, 0, -45],
							"uv": {
								"north": {"uv": [9, 0], "uv_size": [0.5, 0.5]},
								"east": {"uv": [1, 9], "uv_size": [0.5, 0.5]},
								"south": {"uv": [9, 1], "uv_size": [0.5, 0.5]},
								"west": {"uv": [2, 9], "uv_size": [0.5, 0.5]},
								"up": {"uv": [9, 2], "uv_size": [0.5, 0.5]},
								"down": {"uv": [3, 9.5], "uv_size": [0.5, -0.5]}
							}
						},
						{
							"origin": [-1.06813, 7.43737, -29.53426],
							"size": [0.1815, 0.6105, 2.6565],
							"pivot": [-0.97738, 7.66012, -28.20601],
							"rotation": [0, 0, 45],
							"uv": {
								"north": {"uv": [10, 12], "uv_size": [0.5, 0.5]},
								"east": {"uv": [5, 2], "uv_size": [1.5, 0.5]},
								"south": {"uv": [12, 10], "uv_size": [0.5, 0.5]},
								"west": {"uv": [3, 5], "uv_size": [1.5, 0.5]},
								"up": {"uv": [1, 5], "uv_size": [0.5, 1.5]},
								"down": {"uv": [5, 5.5], "uv_size": [0.5, -1.5]}
							}
						}
					]
				},
				{
					"name": "muzzleflash2",
					"parent": "bone",
					"pivot": [-1.19614, 8.33974, -30.07876],
					"cubes": [
						{
							"origin": [-1.68114, 7.87474, -30.64376],
							"size": [1, 1, 1],
							"inflate": -0.4,
							"pivot": [-1.24614, 8.43974, -30.07876],
							"rotation": [0, 0, 0],
							"uv": {
								"north": {"uv": [25, 56], "uv_size": [0.5, 1]},
								"east": {"uv": [56, 25], "uv_size": [0.5, 1]},
								"south": {"uv": [26, 56], "uv_size": [0.5, 1]},
								"west": {"uv": [56, 26], "uv_size": [0.5, 1]},
								"up": {"uv": [26, 72], "uv_size": [0.5, 0.5]},
								"down": {"uv": [72, 26.5], "uv_size": [0.5, -0.5]}
							}
						}
					]
				},
				{
					"name": "_ca_suppressor",
					"parent": "bone",
					"pivot": [-1.22327, 8.32984, -24.79964],
					"cubes": [
						{
							"origin": [-1.71452, 7.83859, -25.13814],
							"size": [1, 1, 1],
							"pivot": [-1.21452, 8.33859, -24.63814],
							"rotation": [0, 0, 0],
							"uv": {
								"north": {"uv": [51, 113], "uv_size": [1, 2]},
								"east": {"uv": [113, 51], "uv_size": [1, 2]},
								"south": {"uv": [53, 113], "uv_size": [1, 2]},
								"west": {"uv": [113, 53], "uv_size": [1, 2]},
								"up": {"uv": [53, 145], "uv_size": [1, 1]},
								"down": {"uv": [145, 54], "uv_size": [1, -1]}
							}
						}
					]
				}
			]
		}
	]
}