{
	"format_version": "1.12.0",
	"minecraft:geometry": [
		{
			"description": {
				"identifier": "geometry.unknown",
				"texture_width": 128,
				"texture_height": 128,
				"visible_bounds_width": 5,
				"visible_bounds_height": 2.5,
				"visible_bounds_offset": [0, 0.75, 0]
			},
			"bones": [
				{
					"name": "upper2",
					"pivot": [-1.45302, 12.58706, 8.33342],
					"cubes": [
						{
							"origin": [-2.14957, 9.36889, 17.69879],
							"size": [1.39711, 3.70013, 1.93244],
							"pivot": [-1.45101, 11.42685, 4.86565],
							"rotation": [0, 0, 0],
							"uv": {
								"north": {"uv": [29.375, 70], "uv_size": [-1.375, 3.75]},
								"east": {"uv": [13.875, 57], "uv_size": [-1.875, 3.75]},
								"south": {"uv": [55.375, 69], "uv_size": [-1.375, 3.75]},
								"west": {"uv": [15.875, 57], "uv_size": [-1.875, 3.75]},
								"up": {"uv": [80, 45.875], "uv_size": [1.375, -1.875]},
								"down": {"uv": [80, 47], "uv_size": [1.375, 1.875]}
							}
						},
						{
							"origin": [-1.05809, 12.95516, 16.13954],
							"size": [0.30564, 0.37373, 3.49169],
							"pivot": [-1.45101, 11.9466, 4.86565],
							"rotation": [0, 0, 0],
							"uv": {
								"north": {"uv": [112.25, 66], "uv_size": [-0.25, 0.375]},
								"east": {"uv": [95.5, 7], "uv_size": [-3.5, 0.375]},
								"south": {"uv": [66.25, 112], "uv_size": [-0.25, 0.375]},
								"west": {"uv": [95.5, 9], "uv_size": [-3.5, 0.375]},
								"up": {"uv": [97, 38.5], "uv_size": [0.25, -3.5]},
								"down": {"uv": [37, 97], "uv_size": [0.25, 3.5]}
							}
						},
						{
							"origin": [-2.14957, 12.95516, 16.13954],
							"size": [0.30564, 0.37373, 3.49169],
							"pivot": [-2.54249, 11.9466, 4.86565],
							"rotation": [0, 0, 0],
							"uv": {
								"north": {"uv": [112.25, 67], "uv_size": [-0.25, 0.375]},
								"east": {"uv": [95.5, 10], "uv_size": [-3.5, 0.375]},
								"south": {"uv": [67.25, 112], "uv_size": [-0.25, 0.375]},
								"west": {"uv": [95.5, 14], "uv_size": [-3.5, 0.375]},
								"up": {"uv": [38, 100.5], "uv_size": [0.25, -3.5]},
								"down": {"uv": [39, 97], "uv_size": [0.25, 3.5]}
							}
						},
						{
							"origin": [-1.05809, 13.31899, 16.34744],
							"size": [0.30564, 1.04941, 2.24429],
							"pivot": [-1.45101, 12.46635, 4.86565],
							"rotation": [0, 0, 0],
							"uv": {
								"north": {"uv": [56.25, 107], "uv_size": [-0.25, 1]},
								"east": {"uv": [84.25, 50], "uv_size": [-2.25, 1]},
								"south": {"uv": [54.25, 107], "uv_size": [-0.25, 1]},
								"west": {"uv": [84.25, 69], "uv_size": [-2.25, 1]},
								"up": {"uv": [101, 25.25], "uv_size": [0.25, -2.25]},
								"down": {"uv": [25, 101], "uv_size": [0.25, 2.25]}
							}
						},
						{
							"origin": [-1.05809, 12.88972, 18.29761],
							"size": [0.30564, 1.04941, 0.58109],
							"pivot": [-0.90527, 13.41442, 19.52371],
							"rotation": [-22.5, 0, 0],
							"uv": {
								"north": {"uv": [107.25, 63], "uv_size": [-0.25, 1]},
								"east": {"uv": [100.625, 11], "uv_size": [-0.625, 1]},
								"south": {"uv": [107.25, 62], "uv_size": [-0.25, 1]},
								"west": {"uv": [12.625, 100], "uv_size": [-0.625, 1]},
								"up": {"uv": [82, 110.625], "uv_size": [0.25, -0.625]},
								"down": {"uv": [110, 82], "uv_size": [0.25, 0.625]}
							}
						},
						{
							"origin": [-1.05809, 12.87183, 18.74474],
							"size": [0.30564, 1.04941, 0.58109],
							"pivot": [-0.90527, 13.39653, 19.03529],
							"rotation": [-67.5, 0, 0],
							"uv": {
								"north": {"uv": [107.25, 64], "uv_size": [-0.25, 1]},
								"east": {"uv": [100.625, 12], "uv_size": [-0.625, 1]},
								"south": {"uv": [64.25, 107], "uv_size": [-0.25, 1]},
								"west": {"uv": [100.625, 13], "uv_size": [-0.625, 1]},
								"up": {"uv": [83, 110.625], "uv_size": [0.25, -0.625]},
								"down": {"uv": [110, 83], "uv_size": [0.25, 0.625]}
							}
						},
						{
							"origin": [-1.05809, 13.17548, 18.72659],
							"size": [0.30564, 1.04941, 0.39635],
							"pivot": [-0.90527, 13.70018, 18.83239],
							"rotation": [-45, 0, 0],
							"uv": {
								"north": {"uv": [107.25, 65], "uv_size": [-0.25, 1]},
								"east": {"uv": [104.375, 10], "uv_size": [-0.375, 1]},
								"south": {"uv": [65.25, 107], "uv_size": [-0.25, 1]},
								"west": {"uv": [11.375, 104], "uv_size": [-0.375, 1]},
								"up": {"uv": [68, 112.375], "uv_size": [0.25, -0.375]},
								"down": {"uv": [112, 68], "uv_size": [0.25, 0.375]}
							}
						},
						{
							"origin": [-2.14957, 13.17548, 18.72659],
							"size": [0.30564, 1.04941, 0.39635],
							"pivot": [-1.99675, 13.70018, 18.83239],
							"rotation": [-45, 0, 0],
							"uv": {
								"north": {"uv": [107.25, 66], "uv_size": [-0.25, 1]},
								"east": {"uv": [104.375, 11], "uv_size": [-0.375, 1]},
								"south": {"uv": [66.25, 107], "uv_size": [-0.25, 1]},
								"west": {"uv": [104.375, 12], "uv_size": [-0.375, 1]},
								"up": {"uv": [69, 112.375], "uv_size": [0.25, -0.375]},
								"down": {"uv": [112, 69], "uv_size": [0.25, 0.375]}
							}
						},
						{
							"origin": [-2.14957, 12.87183, 18.74474],
							"size": [0.30564, 1.04941, 0.58109],
							"pivot": [-1.99675, 13.39653, 19.03529],
							"rotation": [-67.5, 0, 0],
							"uv": {
								"north": {"uv": [107.25, 67], "uv_size": [-0.25, 1]},
								"east": {"uv": [100.625, 14], "uv_size": [-0.625, 1]},
								"south": {"uv": [67.25, 107], "uv_size": [-0.25, 1]},
								"west": {"uv": [17.625, 100], "uv_size": [-0.625, 1]},
								"up": {"uv": [84, 110.625], "uv_size": [0.25, -0.625]},
								"down": {"uv": [110, 84], "uv_size": [0.25, 0.625]}
							}
						},
						{
							"origin": [-2.14957, 12.88972, 18.29761],
							"size": [0.30564, 1.04941, 0.58109],
							"pivot": [-1.99675, 13.41442, 19.52371],
							"rotation": [-22.5, 0, 0],
							"uv": {
								"north": {"uv": [107.25, 68], "uv_size": [-0.25, 1]},
								"east": {"uv": [100.625, 17], "uv_size": [-0.625, 1]},
								"south": {"uv": [68.25, 107], "uv_size": [-0.25, 1]},
								"west": {"uv": [18.625, 100], "uv_size": [-0.625, 1]},
								"up": {"uv": [85, 110.625], "uv_size": [0.25, -0.625]},
								"down": {"uv": [110, 85], "uv_size": [0.25, 0.625]}
							}
						},
						{
							"origin": [-2.14957, 13.31899, 16.34744],
							"size": [0.30564, 1.04941, 2.24429],
							"pivot": [-2.54249, 12.46635, 4.86565],
							"rotation": [0, 0, 0],
							"uv": {
								"north": {"uv": [70.25, 107], "uv_size": [-0.25, 1]},
								"east": {"uv": [85.25, 3], "uv_size": [-2.25, 1]},
								"south": {"uv": [69.25, 107], "uv_size": [-0.25, 1]},
								"west": {"uv": [85.25, 4], "uv_size": [-2.25, 1]},
								"up": {"uv": [26, 103.25], "uv_size": [0.25, -2.25]},
								"down": {"uv": [101, 26], "uv_size": [0.25, 2.25]}
							}
						},
						{
							"origin": [-1.05809, 13.31899, 16.13954],
							"size": [0.30564, 0.84151, 0.21727],
							"pivot": [-1.45101, 12.46635, 4.65775],
							"rotation": [0, 0, 0],
							"uv": {
								"north": {"uv": [109.25, 4], "uv_size": [-0.25, 0.875]},
								"east": {"uv": [4.25, 109], "uv_size": [-0.25, 0.875]},
								"south": {"uv": [109.25, 3], "uv_size": [-0.25, 0.875]},
								"west": {"uv": [5.25, 109], "uv_size": [-0.25, 0.875]},
								"up": {"uv": [113, 37.25], "uv_size": [0.25, -0.25]},
								"down": {"uv": [38, 113], "uv_size": [0.25, 0.25]}
							}
						},
						{
							"origin": [-2.14957, 13.31899, 16.13954],
							"size": [0.30564, 0.84151, 0.21727],
							"pivot": [-2.54249, 12.46635, 4.65775],
							"rotation": [0, 0, 0],
							"uv": {
								"north": {"uv": [109.25, 6], "uv_size": [-0.25, 0.875]},
								"east": {"uv": [6.25, 109], "uv_size": [-0.25, 0.875]},
								"south": {"uv": [109.25, 5], "uv_size": [-0.25, 0.875]},
								"west": {"uv": [7.25, 109], "uv_size": [-0.25, 0.875]},
								"up": {"uv": [113, 38.25], "uv_size": [0.25, -0.25]},
								"down": {"uv": [39, 113], "uv_size": [0.25, 0.25]}
							}
						},
						{
							"origin": [-1.05809, 14.02946, 16.23862],
							"size": [0.30564, 0.29402, 0.21727],
							"pivot": [-1.45101, 14.21457, 16.34725],
							"rotation": [-45, 0, 0],
							"uv": {
								"north": {"uv": [113.25, 40], "uv_size": [-0.25, 0.25]},
								"east": {"uv": [40.25, 113], "uv_size": [-0.25, 0.25]},
								"south": {"uv": [113.25, 39], "uv_size": [-0.25, 0.25]},
								"west": {"uv": [41.25, 113], "uv_size": [-0.25, 0.25]},
								"up": {"uv": [113, 41.25], "uv_size": [0.25, -0.25]},
								"down": {"uv": [42, 113], "uv_size": [0.25, 0.25]}
							}
						},
						{
							"origin": [-2.14957, 14.02946, 16.23862],
							"size": [0.30564, 0.29402, 0.21727],
							"pivot": [-1.45101, 14.21457, 16.34725],
							"rotation": [-45, 0, 0],
							"uv": {
								"north": {"uv": [113.25, 43], "uv_size": [-0.25, 0.25]},
								"east": {"uv": [43.25, 113], "uv_size": [-0.25, 0.25]},
								"south": {"uv": [113.25, 42], "uv_size": [-0.25, 0.25]},
								"west": {"uv": [44.25, 113], "uv_size": [-0.25, 0.25]},
								"up": {"uv": [113, 44.25], "uv_size": [0.25, -0.25]},
								"down": {"uv": [45, 113], "uv_size": [0.25, 0.25]}
							}
						},
						{
							"origin": [-1.91334, 13.06748, 18.64952],
							"size": [0.94678, 0.18586, 0.18593],
							"pivot": [-1.45722, 13.07304, 18.74248],
							"rotation": [45, 0, 0],
							"uv": {
								"north": {"uv": [84, 111], "uv_size": [-1, 0.125]},
								"east": {"uv": [115.125, 86], "uv_size": [-0.125, 0.125]},
								"south": {"uv": [112, 82], "uv_size": [-1, 0.125]},
								"west": {"uv": [87.125, 115], "uv_size": [-0.125, 0.125]},
								"up": {"uv": [111, 83.125], "uv_size": [1, -0.125]},
								"down": {"uv": [84, 111], "uv_size": [1, 0.125]}
							}
						},
						{
							"origin": [-1.67029, 13.17852, 19.06481],
							"size": [0.42049, 0.16728, 0.12056],
							"pivot": [-1.44196, 13.26216, 18.68071],
							"rotation": [90, 0, 0],
							"uv": {
								"north": {"uv": [114.375, 26], "uv_size": [-0.375, 0.125]},
								"east": {"uv": [115.125, 87], "uv_size": [-0.125, 0.125]},
								"south": {"uv": [26.375, 114], "uv_size": [-0.375, 0.125]},
								"west": {"uv": [88.125, 115], "uv_size": [-0.125, 0.125]},
								"up": {"uv": [27, 114.125], "uv_size": [0.375, -0.125]},
								"down": {"uv": [114, 27], "uv_size": [0.375, 0.125]}
							}
						},
						{
							"origin": [-1.67029, 12.71074, 19.06481],
							"size": [0.42049, 0.16728, 0.12056],
							"pivot": [-1.44196, 12.79438, 18.68071],
							"rotation": [90, 0, 0],
							"uv": {
								"north": {"uv": [114.375, 28], "uv_size": [-0.375, 0.125]},
								"east": {"uv": [115.125, 88], "uv_size": [-0.125, 0.125]},
								"south": {"uv": [28.375, 114], "uv_size": [-0.375, 0.125]},
								"west": {"uv": [89.125, 115], "uv_size": [-0.125, 0.125]},
								"up": {"uv": [29, 114.125], "uv_size": [0.375, -0.125]},
								"down": {"uv": [114, 29], "uv_size": [0.375, 0.125]}
							}
						},
						{
							"origin": [-1.27, 13.69087, 18.62042],
							"size": [0.15084, 0.16728, 0.11673],
							"pivot": [-1.33732, 13.7745, 18.68071],
							"rotation": [90, 0, 45],
							"uv": {
								"north": {"uv": [115.125, 90], "uv_size": [-0.125, 0.125]},
								"east": {"uv": [90.125, 115], "uv_size": [-0.125, 0.125]},
								"south": {"uv": [115.125, 89], "uv_size": [-0.125, 0.125]},
								"west": {"uv": [91.125, 115], "uv_size": [-0.125, 0.125]},
								"up": {"uv": [115, 91.125], "uv_size": [0.125, -0.125]},
								"down": {"uv": [92, 115], "uv_size": [0.125, 0.125]}
							}
						},
						{
							"origin": [-1.80092, 13.69087, 18.62042],
							"size": [0.15084, 0.16728, 0.11673],
							"pivot": [-1.58277, 13.7745, 18.68071],
							"rotation": [90, 0, -45],
							"uv": {
								"north": {"uv": [115.125, 93], "uv_size": [-0.125, 0.125]},
								"east": {"uv": [93.125, 115], "uv_size": [-0.125, 0.125]},
								"south": {"uv": [115.125, 92], "uv_size": [-0.125, 0.125]},
								"west": {"uv": [94.125, 115], "uv_size": [-0.125, 0.125]},
								"up": {"uv": [115, 94.125], "uv_size": [0.125, -0.125]},
								"down": {"uv": [95, 115], "uv_size": [0.125, 0.125]}
							}
						},
						{
							"origin": [-1.69536, 13.18674, 18.77953],
							"size": [0.15084, 0.16728, 0.11673],
							"pivot": [-1.46275, 13.27038, 18.68071],
							"rotation": [90, 0, 135],
							"uv": {
								"north": {"uv": [115.125, 96], "uv_size": [-0.125, 0.125]},
								"east": {"uv": [96.125, 115], "uv_size": [-0.125, 0.125]},
								"south": {"uv": [115.125, 95], "uv_size": [-0.125, 0.125]},
								"west": {"uv": [97.125, 115], "uv_size": [-0.125, 0.125]},
								"up": {"uv": [115, 97.125], "uv_size": [0.125, -0.125]},
								"down": {"uv": [98, 115], "uv_size": [0.125, 0.125]}
							}
						},
						{
							"origin": [-1.38098, 13.18674, 18.77953],
							"size": [0.15084, 0.16728, 0.11673],
							"pivot": [-1.46275, 13.27038, 18.68071],
							"rotation": [90, 0, -135],
							"uv": {
								"north": {"uv": [115.125, 99], "uv_size": [-0.125, 0.125]},
								"east": {"uv": [99.125, 115], "uv_size": [-0.125, 0.125]},
								"south": {"uv": [115.125, 98], "uv_size": [-0.125, 0.125]},
								"west": {"uv": [100.125, 115], "uv_size": [-0.125, 0.125]},
								"up": {"uv": [115, 100.125], "uv_size": [0.125, -0.125]},
								"down": {"uv": [101, 115], "uv_size": [0.125, 0.125]}
							}
						},
						{
							"origin": [-1.77965, 13.17852, 18.70099],
							"size": [0.15563, 0.16728, 0.38044],
							"pivot": [-1.49394, 13.26216, 18.68071],
							"rotation": [90, 0, 0],
							"uv": {
								"north": {"uv": [102.125, 115], "uv_size": [-0.125, 0.125]},
								"east": {"uv": [30.375, 114], "uv_size": [-0.375, 0.125]},
								"south": {"uv": [115.125, 101], "uv_size": [-0.125, 0.125]},
								"west": {"uv": [114.375, 30], "uv_size": [-0.375, 0.125]},
								"up": {"uv": [31, 114.375], "uv_size": [0.125, -0.375]},
								"down": {"uv": [114, 31], "uv_size": [0.125, 0.375]}
							}
						},
						{
							"origin": [-1.29607, 13.17852, 18.70099],
							"size": [0.15563, 0.16728, 0.38044],
							"pivot": [-1.42615, 13.26216, 18.68071],
							"rotation": [90, 0, 0],
							"uv": {
								"north": {"uv": [103.125, 115], "uv_size": [-0.125, 0.125]},
								"east": {"uv": [32.375, 114], "uv_size": [-0.375, 0.125]},
								"south": {"uv": [115.125, 102], "uv_size": [-0.125, 0.125]},
								"west": {"uv": [114.375, 32], "uv_size": [-0.375, 0.125]},
								"up": {"uv": [33, 114.375], "uv_size": [0.125, -0.375]},
								"down": {"uv": [114, 33], "uv_size": [0.125, 0.375]}
							}
						},
						{
							"origin": [-1.77446, 13.38902, 18.71398],
							"size": [0.09846, 0.16728, 0.2609],
							"pivot": [-1.67585, 13.47266, 18.68071],
							"rotation": [90, 0, 45],
							"uv": {
								"north": {"uv": [104.125, 115], "uv_size": [-0.125, 0.125]},
								"east": {"uv": [113.25, 114], "uv_size": [-0.25, 0.125]},
								"south": {"uv": [115.125, 103], "uv_size": [-0.125, 0.125]},
								"west": {"uv": [114.25, 113], "uv_size": [-0.25, 0.125]},
								"up": {"uv": [114, 114.25], "uv_size": [0.125, -0.25]},
								"down": {"uv": [0, 115], "uv_size": [0.125, 0.25]}
							}
						},
						{
							"origin": [-1.77446, 13.37967, 18.71398],
							"size": [0.09846, 0.16728, 0.2609],
							"pivot": [-1.67585, 13.46331, 18.68071],
							"rotation": [-90, 0, -45],
							"uv": {
								"north": {"uv": [105.125, 115], "uv_size": [-0.125, 0.125]},
								"east": {"uv": [115.25, 0], "uv_size": [-0.25, 0.125]},
								"south": {"uv": [115.125, 104], "uv_size": [-0.125, 0.125]},
								"west": {"uv": [1.25, 115], "uv_size": [-0.25, 0.125]},
								"up": {"uv": [115, 1.25], "uv_size": [0.125, -0.25]},
								"down": {"uv": [2, 115], "uv_size": [0.125, 0.25]}
							}
						},
						{
							"origin": [-1.24409, 13.38902, 18.71398],
							"size": [0.09846, 0.16728, 0.2609],
							"pivot": [-1.24424, 13.47266, 18.68071],
							"rotation": [90, 0, -45],
							"uv": {
								"north": {"uv": [106.125, 115], "uv_size": [-0.125, 0.125]},
								"east": {"uv": [115.25, 2], "uv_size": [-0.25, 0.125]},
								"south": {"uv": [115.125, 105], "uv_size": [-0.125, 0.125]},
								"west": {"uv": [3.25, 115], "uv_size": [-0.25, 0.125]},
								"up": {"uv": [115, 3.25], "uv_size": [0.125, -0.25]},
								"down": {"uv": [4, 115], "uv_size": [0.125, 0.25]}
							}
						},
						{
							"origin": [-1.24409, 13.37967, 18.71398],
							"size": [0.09846, 0.16728, 0.2609],
							"pivot": [-1.24424, 13.46331, 18.68071],
							"rotation": [-90, 0, 45],
							"uv": {
								"north": {"uv": [107.125, 115], "uv_size": [-0.125, 0.125]},
								"east": {"uv": [115.25, 4], "uv_size": [-0.25, 0.125]},
								"south": {"uv": [115.125, 106], "uv_size": [-0.125, 0.125]},
								"west": {"uv": [5.25, 115], "uv_size": [-0.25, 0.125]},
								"up": {"uv": [115, 5.25], "uv_size": [0.125, -0.25]},
								"down": {"uv": [6, 115], "uv_size": [0.125, 0.25]}
							}
						},
						{
							"origin": [-1.05809, 9.76308, -5.4703],
							"size": [0.30564, 0.94546, 25.21724],
							"pivot": [-0.87935, 9.35719, 6.93063],
							"rotation": [-0.25001, 0, 0],
							"uv": {
								"north": {"uv": [71.25, 107], "uv_size": [-0.25, 1]},
								"east": {"uv": [65.25, 27], "uv_size": [-25.25, 1]},
								"south": {"uv": [107.25, 70], "uv_size": [-0.25, 1]},
								"west": {"uv": [65.25, 28], "uv_size": [-25.25, 1]},
								"up": {"uv": [62, 90.25], "uv_size": [0.25, -25.25]},
								"down": {"uv": [63, 65], "uv_size": [0.25, 25.25]}
							}
						},
						{
							"origin": [-1.05809, 10.36443, -5.4703],
							"size": [0.30564, 1.48756, 2.19232],
							"pivot": [-0.87935, 10.08484, 7.45038],
							"rotation": [-0.25001, 0, 0],
							"uv": {
								"north": {"uv": [57.25, 109], "uv_size": [-0.25, 0.75]},
								"east": {"uv": [90.25, 8], "uv_size": [-2.25, 0.75]},
								"south": {"uv": [109.25, 56], "uv_size": [-0.25, 0.75]},
								"west": {"uv": [90.25, 29], "uv_size": [-2.25, 0.75]},
								"up": {"uv": [27, 103.25], "uv_size": [0.25, -2.25]},
								"down": {"uv": [28, 101], "uv_size": [0.25, 2.25]}
							}
						},
						{
							"origin": [-1.05809, 8.86664, -2.80348],
							"size": [0.30564, 1.73756, 0.62319],
							"pivot": [-0.90527, 10.23542, -3.27645],
							"rotation": [67.24999, 0, 0],
							"uv": {
								"north": {"uv": [58.25, 109], "uv_size": [-0.25, 0.75]},
								"east": {"uv": [50.375, 106], "uv_size": [-0.375, 0.75]},
								"south": {"uv": [109.25, 57], "uv_size": [-0.25, 0.75]},
								"west": {"uv": [106.375, 52], "uv_size": [-0.375, 0.75]},
								"up": {"uv": [70, 112.375], "uv_size": [0.25, -0.375]},
								"down": {"uv": [112, 70], "uv_size": [0.25, 0.375]}
							}
						},
						{
							"origin": [-1.05809, 10.33442, -3.17718],
							"size": [0.30564, 0.73756, 0.42517],
							"pivot": [-0.90527, 10.7032, -3.84817],
							"rotation": [44.74999, 0, 0],
							"uv": {
								"north": {"uv": [59.25, 109], "uv_size": [-0.25, 0.75]},
								"east": {"uv": [106.375, 53], "uv_size": [-0.375, 0.75]},
								"south": {"uv": [109.25, 58], "uv_size": [-0.25, 0.75]},
								"west": {"uv": [54.375, 106], "uv_size": [-0.375, 0.75]},
								"up": {"uv": [71, 112.375], "uv_size": [0.25, -0.375]},
								"down": {"uv": [112, 71], "uv_size": [0.25, 0.375]}
							}
						},
						{
							"origin": [-1.05809, 11.11239, -3.48523],
							"size": [0.30564, 0.78953, 0.42517],
							"pivot": [-0.90527, 11.48117, -3.27265],
							"rotation": [22.24999, 0, 0],
							"uv": {
								"north": {"uv": [60.25, 109], "uv_size": [-0.25, 0.75]},
								"east": {"uv": [106.375, 54], "uv_size": [-0.375, 0.75]},
								"south": {"uv": [109.25, 59], "uv_size": [-0.25, 0.75]},
								"west": {"uv": [56.375, 106], "uv_size": [-0.375, 0.75]},
								"up": {"uv": [72, 112.375], "uv_size": [0.25, -0.375]},
								"down": {"uv": [112, 72], "uv_size": [0.25, 0.375]}
							}
						},
						{
							"origin": [-1.05809, 12.36183, -4.44595],
							"size": [0.30564, 0.73531, 24.03697],
							"pivot": [-0.87935, 11.22829, 7.97013],
							"rotation": [-0.25001, 0, 0],
							"uv": {
								"north": {"uv": [61.25, 109], "uv_size": [-0.25, 0.75]},
								"east": {"uv": [72, 42], "uv_size": [-24, 0.75]},
								"south": {"uv": [109.25, 60], "uv_size": [-0.25, 0.75]},
								"west": {"uv": [72, 43], "uv_size": [-24, 0.75]},
								"up": {"uv": [46, 90], "uv_size": [0.25, -24]},
								"down": {"uv": [47, 66], "uv_size": [0.25, 24]}
							}
						},
						{
							"origin": [-0.79822, 12.25788, 1.37525],
							"size": [0.25366, 0.94321, 5.32597],
							"pivot": [-0.61947, 11.43619, 7.97013],
							"rotation": [-0.25001, 0, 0],
							"uv": {
								"north": {"uv": [72.25, 107], "uv_size": [-0.25, 1]},
								"east": {"uv": [73.375, 6], "uv_size": [-5.375, 1]},
								"south": {"uv": [107.25, 71], "uv_size": [-0.25, 1]},
								"west": {"uv": [73.375, 8], "uv_size": [-5.375, 1]},
								"up": {"uv": [5, 97.375], "uv_size": [0.25, -5.375]},
								"down": {"uv": [6, 92], "uv_size": [0.25, 5.375]}
							}
						},
						{
							"origin": [-2.35747, 12.25788, 1.37525],
							"size": [0.25366, 0.94321, 5.32597],
							"pivot": [-2.28267, 11.43619, 7.97013],
							"rotation": [-0.25001, 0, 0],
							"uv": {
								"north": {"uv": [73.25, 107], "uv_size": [-0.25, 1]},
								"east": {"uv": [73.375, 9], "uv_size": [-5.375, 1]},
								"south": {"uv": [107.25, 72], "uv_size": [-0.25, 1]},
								"west": {"uv": [73.375, 22], "uv_size": [-5.375, 1]},
								"up": {"uv": [92, 27.375], "uv_size": [0.25, -5.375]},
								"down": {"uv": [25, 92], "uv_size": [0.25, 5.375]}
							}
						},
						{
							"origin": [-2.40944, 9.60716, -3.3025],
							"size": [0.30564, 1.25506, 5.32597],
							"pivot": [-2.28267, 8.94139, 3.29238],
							"rotation": [-0.25001, 0, 0],
							"uv": {
								"north": {"uv": [105.25, 67], "uv_size": [-0.25, 1.25]},
								"east": {"uv": [61.375, 63], "uv_size": [-5.375, 1.25]},
								"south": {"uv": [67.25, 105], "uv_size": [-0.25, 1.25]},
								"west": {"uv": [67.375, 63], "uv_size": [-5.375, 1.25]},
								"up": {"uv": [26, 97.375], "uv_size": [0.25, -5.375]},
								"down": {"uv": [27, 92], "uv_size": [0.25, 5.375]}
							}
						},
						{
							"origin": [-0.79822, 9.60716, -3.3025],
							"size": [0.30564, 1.25506, 5.32597],
							"pivot": [-0.61947, 8.94139, 3.29238],
							"rotation": [-0.25001, 0, 0],
							"uv": {
								"north": {"uv": [69.25, 105], "uv_size": [-0.25, 1.25]},
								"east": {"uv": [6.375, 64], "uv_size": [-5.375, 1.25]},
								"south": {"uv": [68.25, 105], "uv_size": [-0.25, 1.25]},
								"west": {"uv": [12.375, 64], "uv_size": [-5.375, 1.25]},
								"up": {"uv": [30, 97.375], "uv_size": [0.25, -5.375]},
								"down": {"uv": [92, 30], "uv_size": [0.25, 5.375]}
							}
						},
						{
							"origin": [-1.88969, 12.82961, -4.44595],
							"size": [0.87736, 0.21556, 24.03697],
							"pivot": [-1.13922, 11.17632, 7.97013],
							"rotation": [-0.25001, 0, 0],
							"uv": {
								"north": {"uv": [8.875, 109], "uv_size": [-0.875, 0.25]},
								"east": {"uv": [90, 23], "uv_size": [-24, 0.25]},
								"south": {"uv": [109.875, 7], "uv_size": [-0.875, 0.25]},
								"west": {"uv": [90, 24], "uv_size": [-24, 0.25]},
								"up": {"uv": [47, 66], "uv_size": [0.875, -24]},
								"down": {"uv": [0, 48], "uv_size": [0.875, 24]}
							}
						},
						{
							"origin": [-1.88969, 12.82961, -4.44595],
							"size": [0.87736, 0.42346, 15.51307],
							"pivot": [-1.13922, 11.38422, 7.97013],
							"rotation": [-0.25001, 0, 0],
							"uv": {
								"north": {"uv": [105.875, 5], "uv_size": [-0.875, 0.375]},
								"east": {"uv": [81.5, 25], "uv_size": [-15.5, 0.375]},
								"south": {"uv": [3.875, 105], "uv_size": [-0.875, 0.375]},
								"west": {"uv": [81.5, 26], "uv_size": [-15.5, 0.375]},
								"up": {"uv": [31, 63.5], "uv_size": [0.875, -15.5]},
								"down": {"uv": [50, 46], "uv_size": [0.875, 15.5]}
							}
						},
						{
							"origin": [-1.05809, 11.80522, -4.59769],
							"size": [0.30564, 1.15336, 0.42517],
							"pivot": [-0.90527, 12.38189, -4.8009],
							"rotation": [22.24999, 0, 0],
							"uv": {
								"north": {"uv": [57.25, 106], "uv_size": [-0.25, 1.125]},
								"east": {"uv": [38.375, 103], "uv_size": [-0.375, 1.125]},
								"south": {"uv": [106.25, 56], "uv_size": [-0.25, 1.125]},
								"west": {"uv": [103.375, 38], "uv_size": [-0.375, 1.125]},
								"up": {"uv": [73, 112.375], "uv_size": [0.25, -0.375]},
								"down": {"uv": [112, 73], "uv_size": [0.25, 0.375]}
							}
						},
						{
							"origin": [-1.05809, 11.56396, -4.66824],
							"size": [0.30564, 1.15336, 0.42517],
							"pivot": [-0.90527, 12.14064, -4.87146],
							"rotation": [44.74999, 0, 0],
							"uv": {
								"north": {"uv": [60.25, 106], "uv_size": [-0.25, 1.125]},
								"east": {"uv": [39.375, 103], "uv_size": [-0.375, 1.125]},
								"south": {"uv": [58.25, 106], "uv_size": [-0.25, 1.125]},
								"west": {"uv": [40.375, 103], "uv_size": [-0.375, 1.125]},
								"up": {"uv": [74, 112.375], "uv_size": [0.25, -0.375]},
								"down": {"uv": [112, 74], "uv_size": [0.25, 0.375]}
							}
						},
						{
							"origin": [-1.05809, 10.48247, -5.0569],
							"size": [0.30564, 1.98496, 0.84097],
							"pivot": [-0.90527, 11.89075, -4.84432],
							"rotation": [67.24999, 0, 0],
							"uv": {
								"north": {"uv": [84.25, 101], "uv_size": [-0.25, 2]},
								"east": {"uv": [87.875, 47], "uv_size": [-0.875, 2]},
								"south": {"uv": [83.25, 101], "uv_size": [-0.25, 2]},
								"west": {"uv": [50.875, 87], "uv_size": [-0.875, 2]},
								"up": {"uv": [109, 8.875], "uv_size": [0.25, -0.875]},
								"down": {"uv": [9, 109], "uv_size": [0.25, 0.875]}
							}
						},
						{
							"origin": [-1.05809, 11.70743, -3.39968],
							"size": [0.30564, 0.63361, 0.84097],
							"pivot": [-0.90527, 12.02423, -3.16111],
							"rotation": [44.74999, 0, 0],
							"uv": {
								"north": {"uv": [110.25, 86], "uv_size": [-0.25, 0.625]},
								"east": {"uv": [101.875, 60], "uv_size": [-0.875, 0.625]},
								"south": {"uv": [86.25, 110], "uv_size": [-0.25, 0.625]},
								"west": {"uv": [61.875, 101], "uv_size": [-0.875, 0.625]},
								"up": {"uv": [109, 9.875], "uv_size": [0.25, -0.875]},
								"down": {"uv": [10, 109], "uv_size": [0.25, 0.875]}
							}
						},
						{
							"origin": [-1.05809, 11.99142, -3.08858],
							"size": [0.30564, 0.63361, 1.51664],
							"pivot": [-0.90527, 12.30823, -2.6681],
							"rotation": [22.24999, 0, 0],
							"uv": {
								"north": {"uv": [110.25, 87], "uv_size": [-0.25, 0.625]},
								"east": {"uv": [74.5, 96], "uv_size": [-1.5, 0.625]},
								"south": {"uv": [87.25, 110], "uv_size": [-0.25, 0.625]},
								"west": {"uv": [97.5, 75], "uv_size": [-1.5, 0.625]},
								"up": {"uv": [104, 14.5], "uv_size": [0.25, -1.5]},
								"down": {"uv": [104, 15], "uv_size": [0.25, 1.5]}
							}
						},
						{
							"origin": [-2.14957, 9.76308, -5.4703],
							"size": [0.30564, 0.94546, 25.21724],
							"pivot": [-1.97082, 9.35719, 6.93063],
							"rotation": [-0.25001, 0, 0],
							"uv": {
								"north": {"uv": [74.25, 107], "uv_size": [-0.25, 1]},
								"east": {"uv": [65.25, 29], "uv_size": [-25.25, 1]},
								"south": {"uv": [107.25, 73], "uv_size": [-0.25, 1]},
								"west": {"uv": [65.25, 30], "uv_size": [-25.25, 1]},
								"up": {"uv": [64, 90.25], "uv_size": [0.25, -25.25]},
								"down": {"uv": [65, 65], "uv_size": [0.25, 25.25]}
							}
						},
						{
							"origin": [-2.14957, 10.61443, -5.4703],
							"size": [0.30564, 1.23756, 2.19232],
							"pivot": [-1.97082, 10.08484, 7.45038],
							"rotation": [-0.25001, 0, 0],
							"uv": {
								"north": {"uv": [62.25, 109], "uv_size": [-0.25, 0.75]},
								"east": {"uv": [90.25, 41], "uv_size": [-2.25, 0.75]},
								"south": {"uv": [109.25, 61], "uv_size": [-0.25, 0.75]},
								"west": {"uv": [90.25, 48], "uv_size": [-2.25, 0.75]},
								"up": {"uv": [101, 31.25], "uv_size": [0.25, -2.25]},
								"down": {"uv": [101, 32], "uv_size": [0.25, 2.25]}
							}
						},
						{
							"origin": [-2.14957, 12.36183, -4.44595],
							"size": [0.30564, 0.73531, 24.03697],
							"pivot": [-1.97082, 11.22829, 7.97013],
							"rotation": [-0.25001, 0, 0],
							"uv": {
								"north": {"uv": [63.25, 109], "uv_size": [-0.25, 0.75]},
								"east": {"uv": [72, 44], "uv_size": [-24, 0.75]},
								"south": {"uv": [109.25, 62], "uv_size": [-0.25, 0.75]},
								"west": {"uv": [72, 45], "uv_size": [-24, 0.75]},
								"up": {"uv": [66, 89], "uv_size": [0.25, -24]},
								"down": {"uv": [67, 65], "uv_size": [0.25, 24]}
							}
						},
						{
							"origin": [-2.14957, 11.80522, -4.59769],
							"size": [0.30564, 1.15336, 0.42517],
							"pivot": [-1.99675, 12.38189, -4.8009],
							"rotation": [22.24999, 0, 0],
							"uv": {
								"north": {"uv": [61.25, 106], "uv_size": [-0.25, 1.125]},
								"east": {"uv": [103.375, 40], "uv_size": [-0.375, 1.125]},
								"south": {"uv": [106.25, 60], "uv_size": [-0.25, 1.125]},
								"west": {"uv": [41.375, 103], "uv_size": [-0.375, 1.125]},
								"up": {"uv": [75, 112.375], "uv_size": [0.25, -0.375]},
								"down": {"uv": [112, 75], "uv_size": [0.25, 0.375]}
							}
						},
						{
							"origin": [-2.14957, 11.56396, -4.66824],
							"size": [0.30564, 1.15336, 0.42517],
							"pivot": [-1.99675, 12.14064, -4.87146],
							"rotation": [44.74999, 0, 0],
							"uv": {
								"north": {"uv": [106.25, 62], "uv_size": [-0.25, 1.125]},
								"east": {"uv": [42.375, 103], "uv_size": [-0.375, 1.125]},
								"south": {"uv": [62.25, 106], "uv_size": [-0.25, 1.125]},
								"west": {"uv": [103.375, 42], "uv_size": [-0.375, 1.125]},
								"up": {"uv": [76, 112.375], "uv_size": [0.25, -0.375]},
								"down": {"uv": [112, 76], "uv_size": [0.25, 0.375]}
							}
						},
						{
							"origin": [-2.14957, 10.48247, -5.0569],
							"size": [0.30564, 1.98496, 0.84097],
							"pivot": [-1.99675, 11.89075, -4.84432],
							"rotation": [67.24999, 0, 0],
							"uv": {
								"north": {"uv": [86.25, 101], "uv_size": [-0.25, 2]},
								"east": {"uv": [87.875, 51], "uv_size": [-0.875, 2]},
								"south": {"uv": [85.25, 101], "uv_size": [-0.25, 2]},
								"west": {"uv": [59.875, 87], "uv_size": [-0.875, 2]},
								"up": {"uv": [109, 10.875], "uv_size": [0.25, -0.875]},
								"down": {"uv": [11, 109], "uv_size": [0.25, 0.875]}
							}
						},
						{
							"origin": [-2.14957, 8.86664, -2.80348],
							"size": [0.30564, 1.73756, 0.62319],
							"pivot": [-1.99675, 10.23542, -3.27645],
							"rotation": [67.24999, 0, 0],
							"uv": {
								"north": {"uv": [64.25, 109], "uv_size": [-0.25, 0.75]},
								"east": {"uv": [106.375, 58], "uv_size": [-0.375, 0.75]},
								"south": {"uv": [109.25, 63], "uv_size": [-0.25, 0.75]},
								"west": {"uv": [106.375, 64], "uv_size": [-0.375, 0.75]},
								"up": {"uv": [77, 112.375], "uv_size": [0.25, -0.375]},
								"down": {"uv": [112, 77], "uv_size": [0.25, 0.375]}
							}
						},
						{
							"origin": [-2.14957, 10.33442, -3.17718],
							"size": [0.30564, 0.73756, 0.42517],
							"pivot": [-1.99675, 10.7032, -3.84817],
							"rotation": [44.74999, 0, 0],
							"uv": {
								"north": {"uv": [65.25, 109], "uv_size": [-0.25, 0.75]},
								"east": {"uv": [106.375, 65], "uv_size": [-0.375, 0.75]},
								"south": {"uv": [109.25, 64], "uv_size": [-0.25, 0.75]},
								"west": {"uv": [106.375, 66], "uv_size": [-0.375, 0.75]},
								"up": {"uv": [78, 112.375], "uv_size": [0.25, -0.375]},
								"down": {"uv": [112, 78], "uv_size": [0.25, 0.375]}
							}
						},
						{
							"origin": [-2.14957, 11.11239, -3.48523],
							"size": [0.30564, 0.78953, 0.42517],
							"pivot": [-1.99675, 11.48117, -3.27265],
							"rotation": [22.24999, 0, 0],
							"uv": {
								"north": {"uv": [66.25, 109], "uv_size": [-0.25, 0.75]},
								"east": {"uv": [106.375, 67], "uv_size": [-0.375, 0.75]},
								"south": {"uv": [109.25, 65], "uv_size": [-0.25, 0.75]},
								"west": {"uv": [106.375, 68], "uv_size": [-0.375, 0.75]},
								"up": {"uv": [79, 112.375], "uv_size": [0.25, -0.375]},
								"down": {"uv": [112, 79], "uv_size": [0.25, 0.375]}
							}
						},
						{
							"origin": [-2.14957, 11.70743, -3.39968],
							"size": [0.30564, 0.63361, 0.84097],
							"pivot": [-1.99675, 12.02423, -3.16111],
							"rotation": [44.74999, 0, 0],
							"uv": {
								"north": {"uv": [110.25, 88], "uv_size": [-0.25, 0.625]},
								"east": {"uv": [101.875, 61], "uv_size": [-0.875, 0.625]},
								"south": {"uv": [88.25, 110], "uv_size": [-0.25, 0.625]},
								"west": {"uv": [62.875, 101], "uv_size": [-0.875, 0.625]},
								"up": {"uv": [109, 11.875], "uv_size": [0.25, -0.875]},
								"down": {"uv": [12, 109], "uv_size": [0.25, 0.875]}
							}
						},
						{
							"origin": [-2.14957, 11.8355, -4.18005],
							"size": [0.30564, 0.63361, 0.99689],
							"pivot": [-1.99675, 12.1523, -3.60365],
							"rotation": [0, 0, 0],
							"uv": {
								"north": {"uv": [110.25, 89], "uv_size": [-0.25, 0.625]},
								"east": {"uv": [22, 100], "uv_size": [-1, 0.625]},
								"south": {"uv": [89.25, 110], "uv_size": [-0.25, 0.625]},
								"west": {"uv": [23, 100], "uv_size": [-1, 0.625]},
								"up": {"uv": [75, 108], "uv_size": [0.25, -1]},
								"down": {"uv": [76, 107], "uv_size": [0.25, 1]}
							}
						},
						{
							"origin": [-1.05809, 11.8355, -4.18005],
							"size": [0.30564, 0.63361, 0.99689],
							"pivot": [-0.90527, 12.1523, -3.60365],
							"rotation": [0, 0, 0],
							"uv": {
								"north": {"uv": [110.25, 90], "uv_size": [-0.25, 0.625]},
								"east": {"uv": [24, 100], "uv_size": [-1, 0.625]},
								"south": {"uv": [90.25, 110], "uv_size": [-0.25, 0.625]},
								"west": {"uv": [101, 23], "uv_size": [-1, 0.625]},
								"up": {"uv": [77, 108], "uv_size": [0.25, -1]},
								"down": {"uv": [78, 107], "uv_size": [0.25, 1]}
							}
						},
						{
							"origin": [-2.14957, 11.99142, -3.08858],
							"size": [0.30564, 0.63361, 1.51664],
							"pivot": [-1.99675, 12.30823, -2.6681],
							"rotation": [22.24999, 0, 0],
							"uv": {
								"north": {"uv": [110.25, 91], "uv_size": [-0.25, 0.625]},
								"east": {"uv": [97.5, 76], "uv_size": [-1.5, 0.625]},
								"south": {"uv": [91.25, 110], "uv_size": [-0.25, 0.625]},
								"west": {"uv": [97.5, 77], "uv_size": [-1.5, 0.625]},
								"up": {"uv": [104, 18.5], "uv_size": [0.25, -1.5]},
								"down": {"uv": [104, 19], "uv_size": [0.25, 1.5]}
							}
						},
						{
							"origin": [-1.88969, 12.58257, -4.59769],
							"size": [0.87736, 0.32176, 0.42517],
							"pivot": [-1.73687, 12.32765, -4.80091],
							"rotation": [22.24999, 0, 0],
							"uv": {
								"north": {"uv": [7.875, 105], "uv_size": [-0.875, 0.375]},
								"east": {"uv": [15.375, 111], "uv_size": [-0.375, 0.375]},
								"south": {"uv": [105.875, 6], "uv_size": [-0.875, 0.375]},
								"west": {"uv": [16.375, 111], "uv_size": [-0.375, 0.375]},
								"up": {"uv": [105, 7.375], "uv_size": [0.875, -0.375]},
								"down": {"uv": [8, 105], "uv_size": [0.875, 0.375]}
							}
						},
						{
							"origin": [-1.90776, 9.76308, 17.29475],
							"size": [0.87736, 0.73756, 2.45219],
							"pivot": [-2.04074, 9.35719, 6.93063],
							"rotation": [-0.25001, 0, 0],
							"uv": {
								"north": {"uv": [99.875, 69], "uv_size": [-0.875, 0.75]},
								"east": {"uv": [87.5, 81], "uv_size": [-2.5, 0.75]},
								"south": {"uv": [69.875, 99], "uv_size": [-0.875, 0.75]},
								"west": {"uv": [87.5, 82], "uv_size": [-2.5, 0.75]},
								"up": {"uv": [39, 86.5], "uv_size": [0.875, -2.5]},
								"down": {"uv": [84, 44], "uv_size": [0.875, 2.5]}
							}
						}
					]
				},
				{
					"name": "scope",
					"parent": "upper2",
					"pivot": [-1.45, 13.475, 20.8],
					"cubes": [
						{
							"origin": [-1.96, 12.975, 20.3],
							"size": [1, 1, 1],
							"inflate": -0.4,
							"uv": {
								"north": {"uv": [2, 1], "uv_size": [-1, 1]},
								"east": {"uv": [2, 1], "uv_size": [-1, 1]},
								"south": {"uv": [2, 1], "uv_size": [-1, 1]},
								"west": {"uv": [2, 1], "uv_size": [-1, 1]},
								"up": {"uv": [2, 1], "uv_size": [-1, 1]},
								"down": {"uv": [2, 1], "uv_size": [-1, 1]}
							}
						}
					]
				},
				{
					"name": "_cb_scope",
					"parent": "upper2",
					"pivot": [-1.45302, 13.05776, 7.61971],
					"cubes": [
						{
							"origin": [-1.95302, 12.55776, 7.11971],
							"size": [1, 1, 1],
							"uv": {
								"north": {"uv": [1, 0], "uv_size": [1, 1]},
								"east": {"uv": [1, 0], "uv_size": [1, 1]},
								"south": {"uv": [1, 0], "uv_size": [1, 1]},
								"west": {"uv": [1, 0], "uv_size": [1, 1]},
								"up": {"uv": [1, 2], "uv_size": [-1, -1]},
								"down": {"uv": [1, 2], "uv_size": [-1, -1]}
							}
						}
					]
				},
				{
					"name": "_cb_canted",
					"parent": "upper2",
					"pivot": [-1.45302, 12.85776, -0.38029],
					"cubes": [
						{
							"origin": [-1.95302, 12.55776, -0.88029],
							"size": [1, 1, 1],
							"uv": {
								"north": {"uv": [1, 0], "uv_size": [1, 1]},
								"east": {"uv": [1, 0], "uv_size": [1, 1]},
								"south": {"uv": [1, 0], "uv_size": [1, 1]},
								"west": {"uv": [1, 0], "uv_size": [1, 1]},
								"up": {"uv": [1, 2], "uv_size": [-1, -1]},
								"down": {"uv": [1, 2], "uv_size": [-1, -1]}
							}
						}
					]
				},
				{
					"name": "_ca_upper",
					"parent": "upper2",
					"pivot": [-1.45302, 9.85776, 19.11971],
					"cubes": [
						{
							"origin": [-1.95302, 9.35776, 18.61971],
							"size": [1, 1, 1],
							"uv": {
								"north": {"uv": [1, 0], "uv_size": [1, 1]},
								"east": {"uv": [1, 0], "uv_size": [1, 1]},
								"south": {"uv": [1, 0], "uv_size": [1, 1]},
								"west": {"uv": [1, 0], "uv_size": [1, 1]},
								"up": {"uv": [1, 2], "uv_size": [-1, -1]},
								"down": {"uv": [1, 2], "uv_size": [-1, -1]}
							}
						}
					]
				}
			]
		}
	]
}