{
	"format_version": "1.12.0",
	"minecraft:geometry": [
		{
			"description": {
				"identifier": "geometry.unknown",
				"texture_width": 32,
				"texture_height": 32,
				"visible_bounds_width": 5,
				"visible_bounds_height": 2.5,
				"visible_bounds_offset": [0, 0.75, 0]
			},
			"bones": [
				{
					"name": "6x5",
					"pivot": [-1.23579, 5.90104, -31.52692],
					"cubes": [
						{
							"origin": [-1.9577, 6.49913, 5.14224],
							"size": [1.44382, 1.04782, 6.00468],
							"pivot": [-0.90579, 6.36304, -6.57342],
							"rotation": [-180, 0, 0],
							"uv": {
								"north": {"uv": [13, 15], "uv_size": [1.5, 1]},
								"east": {"uv": [6, 4], "uv_size": [6, 1]},
								"south": {"uv": [15, 13], "uv_size": [1.5, 1]},
								"west": {"uv": [6, 5], "uv_size": [6, 1]},
								"up": {"uv": [0, 4], "uv_size": [1.5, 6]},
								"down": {"uv": [2, 10], "uv_size": [1.5, -6]}
							}
						},
						{
							"origin": [-1.70128, 7.20009, 5.37324],
							"size": [0.93098, 0.61904, 6.43368],
							"pivot": [-0.90579, 7.02304, -6.57342],
							"rotation": [-180, 0, 0],
							"uv": {
								"north": {"uv": [20, 9], "uv_size": [1, 0.5]},
								"east": {"uv": [10, 2], "uv_size": [6.5, 0.5]},
								"south": {"uv": [10, 20], "uv_size": [1, 0.5]},
								"west": {"uv": [10, 3], "uv_size": [6.5, 0.5]},
								"up": {"uv": [4, 4], "uv_size": [1, 6.5]},
								"down": {"uv": [5, 10.5], "uv_size": [1, -6.5]}
							}
						},
						{
							"origin": [-1.57937, 6.48806, -24.29376],
							"size": [0.88027, 0.67005, 6.00468],
							"pivot": [-1.18746, 6.57696, -21.62142],
							"rotation": [-180, 0, -22.5],
							"uv": {
								"north": {"uv": [20, 10], "uv_size": [1, 0.5]},
								"east": {"uv": [10, 6], "uv_size": [6, 0.5]},
								"south": {"uv": [11, 20], "uv_size": [1, 0.5]},
								"west": {"uv": [10, 7], "uv_size": [6, 0.5]},
								"up": {"uv": [6, 6], "uv_size": [1, 6]},
								"down": {"uv": [7, 12], "uv_size": [1, -6]}
							}
						},
						{
							"origin": [-1.77248, 6.48806, -24.29376],
							"size": [0.88027, 0.67005, 6.00468],
							"pivot": [-1.28412, 6.57696, -21.62142],
							"rotation": [-180, 0, 22.5],
							"uv": {
								"north": {"uv": [12, 20], "uv_size": [1, 0.5]},
								"east": {"uv": [10, 8], "uv_size": [6, 0.5]},
								"south": {"uv": [13, 20], "uv_size": [1, 0.5]},
								"west": {"uv": [10, 9], "uv_size": [6, 0.5]},
								"up": {"uv": [8, 6], "uv_size": [1, 6]},
								"down": {"uv": [9, 12], "uv_size": [1, -6]}
							}
						},
						{
							"origin": [-1.70128, 5.18033, -18.59945],
							"size": [0.93099, 1.67482, 1.65],
							"uv": {
								"north": {"uv": [10, 15], "uv_size": [1, 1.5]},
								"east": {"uv": [5, 13], "uv_size": [1.5, 1.5]},
								"south": {"uv": [16, 6], "uv_size": [1, 1.5]},
								"west": {"uv": [7, 13], "uv_size": [1.5, 1.5]},
								"up": {"uv": [16, 8], "uv_size": [1, 1.5]},
								"down": {"uv": [12, 17.5], "uv_size": [1, -1.5]}
							}
						},
						{
							"origin": [-1.9577, 6.49913, 8.60724],
							"size": [1.44382, 1.04782, 1.28568],
							"pivot": [-0.90579, 6.36304, -7.82742],
							"rotation": [-180, 0, 0],
							"uv": {
								"north": {"uv": [13, 16], "uv_size": [1.5, 1]},
								"east": {"uv": [15, 16], "uv_size": [1.5, 1]},
								"south": {"uv": [17, 0], "uv_size": [1.5, 1]},
								"west": {"uv": [17, 1], "uv_size": [1.5, 1]},
								"up": {"uv": [9, 13], "uv_size": [1.5, 1.5]},
								"down": {"uv": [13, 12.5], "uv_size": [1.5, -1.5]}
							}
						},
						{
							"origin": [-1.70128, 6.16987, -24.80995],
							"size": [0.93098, 0.42104, 0.49368],
							"pivot": [-1.23579, 6.56189, -24.62911],
							"rotation": [-112.5, 0, 0],
							"uv": {
								"north": {"uv": [20, 13], "uv_size": [1, 0.5]},
								"east": {"uv": [23, 2], "uv_size": [0.5, 0.5]},
								"south": {"uv": [14, 20], "uv_size": [1, 0.5]},
								"west": {"uv": [3, 23], "uv_size": [0.5, 0.5]},
								"up": {"uv": [20, 16], "uv_size": [1, 0.5]},
								"down": {"uv": [20, 17.5], "uv_size": [1, -0.5]}
							}
						},
						{
							"origin": [-1.70128, 6.35894, -25.54776],
							"size": [0.93098, 0.65204, 0.49368],
							"pivot": [-1.23579, 6.61896, -25.23492],
							"rotation": [-180, 0, 0],
							"uv": {
								"north": {"uv": [20, 18], "uv_size": [1, 0.5]},
								"east": {"uv": [23, 3], "uv_size": [0.5, 0.5]},
								"south": {"uv": [20, 19], "uv_size": [1, 0.5]},
								"west": {"uv": [4, 23], "uv_size": [0.5, 0.5]},
								"up": {"uv": [20, 20], "uv_size": [1, 0.5]},
								"down": {"uv": [0, 21.5], "uv_size": [1, -0.5]}
							}
						},
						{
							"origin": [-1.70128, 6.2306, -24.69294],
							"size": [0.93098, 0.75104, 0.62568],
							"pivot": [-1.23579, 6.44113, -24.5121],
							"rotation": [-135, 0, 0],
							"uv": {
								"north": {"uv": [11, 17], "uv_size": [1, 1]},
								"east": {"uv": [21, 0], "uv_size": [0.5, 1]},
								"south": {"uv": [17, 13], "uv_size": [1, 1]},
								"west": {"uv": [1, 21], "uv_size": [0.5, 1]},
								"up": {"uv": [21, 1], "uv_size": [1, 0.5]},
								"down": {"uv": [21, 2.5], "uv_size": [1, -0.5]}
							}
						},
						{
							"origin": [-0.78487, 6.22694, -25.54776],
							"size": [0.27098, 0.78404, 0.62568],
							"pivot": [-0.97937, 6.61896, -25.23492],
							"rotation": [-180, 0, 0],
							"uv": {
								"north": {"uv": [3, 21], "uv_size": [0.5, 1]},
								"east": {"uv": [21, 3], "uv_size": [0.5, 1]},
								"south": {"uv": [4, 21], "uv_size": [0.5, 1]},
								"west": {"uv": [21, 4], "uv_size": [0.5, 1]},
								"up": {"uv": [23, 4], "uv_size": [0.5, 0.5]},
								"down": {"uv": [5, 23.5], "uv_size": [0.5, -0.5]}
							}
						},
						{
							"origin": [-0.78487, 6.17992, -24.99246],
							"size": [0.27098, 0.42104, 0.62568],
							"pivot": [-0.97937, 6.57194, -24.67962],
							"rotation": [-112.5, 0, 0],
							"uv": {
								"north": {"uv": [23, 5], "uv_size": [0.5, 0.5]},
								"east": {"uv": [6, 23], "uv_size": [0.5, 0.5]},
								"south": {"uv": [23, 6], "uv_size": [0.5, 0.5]},
								"west": {"uv": [7, 23], "uv_size": [0.5, 0.5]},
								"up": {"uv": [23, 7], "uv_size": [0.5, 0.5]},
								"down": {"uv": [8, 23.5], "uv_size": [0.5, -0.5]}
							}
						},
						{
							"origin": [-0.78487, 6.26927, -24.91828],
							"size": [0.27098, 1.08104, 0.75768],
							"pivot": [-0.97937, 6.47979, -24.60544],
							"rotation": [-135, 0, 0],
							"uv": {
								"north": {"uv": [5, 21], "uv_size": [0.5, 1]},
								"east": {"uv": [17, 14], "uv_size": [1, 1]},
								"south": {"uv": [21, 6], "uv_size": [0.5, 1]},
								"west": {"uv": [17, 15], "uv_size": [1, 1]},
								"up": {"uv": [7, 21], "uv_size": [0.5, 1]},
								"down": {"uv": [8, 22], "uv_size": [0.5, -1]}
							}
						},
						{
							"origin": [-1.9577, 6.17992, -24.99246],
							"size": [0.27098, 0.42104, 0.62568],
							"pivot": [-1.49221, 6.57194, -24.67962],
							"rotation": [-112.5, 0, 0],
							"uv": {
								"north": {"uv": [23, 8], "uv_size": [0.5, 0.5]},
								"east": {"uv": [9, 23], "uv_size": [0.5, 0.5]},
								"south": {"uv": [23, 9], "uv_size": [0.5, 0.5]},
								"west": {"uv": [10, 23], "uv_size": [0.5, 0.5]},
								"up": {"uv": [23, 10], "uv_size": [0.5, 0.5]},
								"down": {"uv": [11, 23.5], "uv_size": [0.5, -0.5]}
							}
						},
						{
							"origin": [-1.9577, 6.26927, -24.91828],
							"size": [0.27098, 1.08104, 0.75768],
							"pivot": [-1.49221, 6.47979, -24.60544],
							"rotation": [-135, 0, 0],
							"uv": {
								"north": {"uv": [21, 8], "uv_size": [0.5, 1]},
								"east": {"uv": [16, 17], "uv_size": [1, 1]},
								"south": {"uv": [9, 21], "uv_size": [0.5, 1]},
								"west": {"uv": [17, 16], "uv_size": [1, 1]},
								"up": {"uv": [21, 9], "uv_size": [0.5, 1]},
								"down": {"uv": [10, 22], "uv_size": [0.5, -1]}
							}
						},
						{
							"origin": [-1.9577, 6.22694, -25.54776],
							"size": [0.27098, 0.78404, 0.62568],
							"pivot": [-1.49221, 6.61896, -25.23492],
							"rotation": [-180, 0, 0],
							"uv": {
								"north": {"uv": [21, 10], "uv_size": [0.5, 1]},
								"east": {"uv": [11, 21], "uv_size": [0.5, 1]},
								"south": {"uv": [21, 11], "uv_size": [0.5, 1]},
								"west": {"uv": [12, 21], "uv_size": [0.5, 1]},
								"up": {"uv": [23, 11], "uv_size": [0.5, 0.5]},
								"down": {"uv": [12, 23.5], "uv_size": [0.5, -0.5]}
							}
						},
						{
							"origin": [-0.7703, 6.50541, -19.25134],
							"size": [0.27099, 0.65182, 0.99],
							"pivot": [-1.22122, 6.63331, -18.59134],
							"rotation": [112.5, 0, 0],
							"uv": {
								"north": {"uv": [23, 12], "uv_size": [0.5, 0.5]},
								"east": {"uv": [21, 12], "uv_size": [1, 0.5]},
								"south": {"uv": [13, 23], "uv_size": [0.5, 0.5]},
								"west": {"uv": [13, 21], "uv_size": [1, 0.5]},
								"up": {"uv": [21, 13], "uv_size": [0.5, 1]},
								"down": {"uv": [14, 22], "uv_size": [0.5, -1]}
							}
						},
						{
							"origin": [-1.97227, 5.93497, -16.94945],
							"size": [1.47296, 1.05218, 0.31258],
							"uv": {
								"north": {"uv": [17, 2], "uv_size": [1.5, 1]},
								"east": {"uv": [21, 14], "uv_size": [0.5, 1]},
								"south": {"uv": [17, 3], "uv_size": [1.5, 1]},
								"west": {"uv": [15, 21], "uv_size": [0.5, 1]},
								"up": {"uv": [15, 18], "uv_size": [1.5, 0.5]},
								"down": {"uv": [18, 16.5], "uv_size": [1.5, -0.5]}
							}
						},
						{
							"origin": [-1.97227, 5.12377, -17.65515],
							"size": [1.47296, 0.81682, 0.66],
							"pivot": [-0.96481, 5.03718, -16.83015],
							"rotation": [-22.5, 0, 0],
							"uv": {
								"north": {"uv": [5, 17], "uv_size": [1.5, 1]},
								"east": {"uv": [21, 15], "uv_size": [0.5, 1]},
								"south": {"uv": [17, 6], "uv_size": [1.5, 1]},
								"west": {"uv": [16, 21], "uv_size": [0.5, 1]},
								"up": {"uv": [18, 17], "uv_size": [1.5, 0.5]},
								"down": {"uv": [18, 18.5], "uv_size": [1.5, -0.5]}
							}
						},
						{
							"origin": [-0.7703, 5.18033, -18.59945],
							"size": [0.27099, 1.80682, 1.65],
							"uv": {
								"north": {"uv": [17, 17], "uv_size": [0.5, 2]},
								"east": {"uv": [0, 10], "uv_size": [1.5, 2]},
								"south": {"uv": [0, 18], "uv_size": [0.5, 2]},
								"west": {"uv": [2, 10], "uv_size": [1.5, 2]},
								"up": {"uv": [19, 0], "uv_size": [0.5, 1.5]},
								"down": {"uv": [19, 3.5], "uv_size": [0.5, -1.5]}
							}
						},
						{
							"origin": [-1.97227, 6.50541, -19.25134],
							"size": [0.27099, 0.65182, 0.99],
							"pivot": [-1.25036, 6.63331, -18.59134],
							"rotation": [112.5, 0, 0],
							"uv": {
								"north": {"uv": [23, 13], "uv_size": [0.5, 0.5]},
								"east": {"uv": [21, 16], "uv_size": [1, 0.5]},
								"south": {"uv": [14, 23], "uv_size": [0.5, 0.5]},
								"west": {"uv": [17, 21], "uv_size": [1, 0.5]},
								"up": {"uv": [21, 17], "uv_size": [0.5, 1]},
								"down": {"uv": [18, 22], "uv_size": [0.5, -1]}
							}
						},
						{
							"origin": [-1.97227, 5.18033, -18.59945],
							"size": [0.27099, 1.80682, 1.65],
							"uv": {
								"north": {"uv": [1, 18], "uv_size": [0.5, 2]},
								"east": {"uv": [10, 10], "uv_size": [1.5, 2]},
								"south": {"uv": [2, 18], "uv_size": [0.5, 2]},
								"west": {"uv": [4, 11], "uv_size": [1.5, 2]},
								"up": {"uv": [3, 19], "uv_size": [0.5, 1.5]},
								"down": {"uv": [4, 20.5], "uv_size": [0.5, -1.5]}
							}
						},
						{
							"origin": [-1.6277, 6.82913, 8.60724],
							"size": [0.78382, 0.38782, 1.28568],
							"pivot": [-0.90579, 6.03304, -7.82742],
							"rotation": [-180, 0, 0],
							"uv": {
								"north": {"uv": [21, 18], "uv_size": [1, 0.5]},
								"east": {"uv": [19, 4], "uv_size": [1.5, 0.5]},
								"south": {"uv": [19, 21], "uv_size": [1, 0.5]},
								"west": {"uv": [19, 6], "uv_size": [1.5, 0.5]},
								"up": {"uv": [7, 17], "uv_size": [1, 1.5]},
								"down": {"uv": [17, 8.5], "uv_size": [1, -1.5]}
							}
						},
						{
							"origin": [-1.0029, 4.84521, -25.54776],
							"size": [0.46669, 0.38782, 1.28568],
							"pivot": [-0.92812, 5.03912, -24.90492],
							"rotation": [-180, 0, -45],
							"uv": {
								"north": {"uv": [23, 14], "uv_size": [0.5, 0.5]},
								"east": {"uv": [19, 11], "uv_size": [1.5, 0.5]},
								"south": {"uv": [15, 23], "uv_size": [0.5, 0.5]},
								"west": {"uv": [12, 19], "uv_size": [1.5, 0.5]},
								"up": {"uv": [5, 19], "uv_size": [0.5, 1.5]},
								"down": {"uv": [7, 20.5], "uv_size": [0.5, -1.5]}
							}
						},
						{
							"origin": [-1.84249, 5.06945, -25.54776],
							"size": [0.46669, 0.38782, 1.28568],
							"pivot": [-1.76771, 5.26336, -24.90492],
							"rotation": [-180, 0, 45],
							"uv": {
								"north": {"uv": [23, 15], "uv_size": [0.5, 0.5]},
								"east": {"uv": [19, 12], "uv_size": [1.5, 0.5]},
								"south": {"uv": [16, 23], "uv_size": [0.5, 0.5]},
								"west": {"uv": [19, 14], "uv_size": [1.5, 0.5]},
								"up": {"uv": [9, 19], "uv_size": [0.5, 1.5]},
								"down": {"uv": [15, 20.5], "uv_size": [0.5, -1.5]}
							}
						},
						{
							"origin": [-1.3967, 6.10313, 6.99024],
							"size": [0.32182, 1.44382, 1.61568],
							"pivot": [-0.90579, 6.36304, -9.11442],
							"rotation": [-180, 0, 0],
							"uv": {
								"north": {"uv": [16, 19], "uv_size": [0.5, 1.5]},
								"east": {"uv": [13, 13], "uv_size": [1.5, 1.5]},
								"south": {"uv": [17, 19], "uv_size": [0.5, 1.5]},
								"west": {"uv": [15, 0], "uv_size": [1.5, 1.5]},
								"up": {"uv": [18, 19], "uv_size": [0.5, 1.5]},
								"down": {"uv": [19, 20.5], "uv_size": [0.5, -1.5]}
							}
						},
						{
							"origin": [-1.3967, 6.33413, 5.30724],
							"size": [0.32182, 1.08082, 5.17968],
							"pivot": [-0.90579, 6.36304, -10.73142],
							"rotation": [-180, 0, 0],
							"uv": {
								"north": {"uv": [21, 19], "uv_size": [0.5, 1]},
								"east": {"uv": [10, 0], "uv_size": [5, 1]},
								"south": {"uv": [20, 21], "uv_size": [0.5, 1]},
								"west": {"uv": [10, 1], "uv_size": [5, 1]},
								"up": {"uv": [12, 11], "uv_size": [0.5, 5]},
								"down": {"uv": [4, 18], "uv_size": [0.5, -5]}
							}
						},
						{
							"origin": [-1.3967, 5.56398, -32.01213],
							"size": [0.32182, 0.25582, 6.10368],
							"pivot": [-1.23579, 6.08788, -29.38929],
							"rotation": [-179.75, 0, 0],
							"uv": {
								"north": {"uv": [23, 16], "uv_size": [0.5, 0.5]},
								"east": {"uv": [12, 4], "uv_size": [6, 0.5]},
								"south": {"uv": [17, 23], "uv_size": [0.5, 0.5]},
								"west": {"uv": [12, 5], "uv_size": [6, 0.5]},
								"up": {"uv": [0, 12], "uv_size": [0.5, 6]},
								"down": {"uv": [1, 18], "uv_size": [0.5, -6]}
							}
						},
						{
							"origin": [-1.3967, 6.18124, -38.96519],
							"size": [0.32182, 0.25582, 0.92268],
							"pivot": [-1.23579, 6.30915, -35.91335],
							"rotation": [-177, 0, 0],
							"uv": {
								"north": {"uv": [23, 17], "uv_size": [0.5, 0.5]},
								"east": {"uv": [21, 20], "uv_size": [1, 0.5]},
								"south": {"uv": [18, 23], "uv_size": [0.5, 0.5]},
								"west": {"uv": [21, 21], "uv_size": [1, 0.5]},
								"up": {"uv": [0, 22], "uv_size": [0.5, 1]},
								"down": {"uv": [22, 1], "uv_size": [0.5, -1]}
							}
						},
						{
							"origin": [-1.3967, 6.24692, -34.72207],
							"size": [0.32182, 0.25552, 1.30397],
							"pivot": [-1.23579, 6.37482, -34.24001],
							"rotation": [-174.25, 0, 0],
							"uv": {
								"north": {"uv": [23, 18], "uv_size": [0.5, 0.5]},
								"east": {"uv": [19, 15], "uv_size": [1.5, 0.5]},
								"south": {"uv": [19, 23], "uv_size": [0.5, 0.5]},
								"west": {"uv": [0, 20], "uv_size": [1.5, 0.5]},
								"up": {"uv": [20, 0], "uv_size": [0.5, 1.5]},
								"down": {"uv": [2, 21.5], "uv_size": [0.5, -1.5]}
							}
						},
						{
							"origin": [-1.3967, 5.4574, -38.04379],
							"size": [0.32182, 0.25582, 0.82368],
							"pivot": [-1.23579, 5.58531, -34.99195],
							"rotation": [177.25, 0, 0],
							"uv": {
								"north": {"uv": [23, 19], "uv_size": [0.5, 0.5]},
								"east": {"uv": [1, 22], "uv_size": [1, 0.5]},
								"south": {"uv": [20, 23], "uv_size": [0.5, 0.5]},
								"west": {"uv": [22, 1], "uv_size": [1, 0.5]},
								"up": {"uv": [2, 22], "uv_size": [0.5, 1]},
								"down": {"uv": [22, 3], "uv_size": [0.5, -1]}
							}
						},
						{
							"origin": [-1.3967, 5.39817, -33.57828],
							"size": [0.32182, 0.25582, 0.82368],
							"pivot": [-1.23579, 5.52607, -33.16644],
							"rotation": [173.25, 0, 0],
							"uv": {
								"north": {"uv": [23, 20], "uv_size": [0.5, 0.5]},
								"east": {"uv": [3, 22], "uv_size": [1, 0.5]},
								"south": {"uv": [21, 23], "uv_size": [0.5, 0.5]},
								"west": {"uv": [22, 3], "uv_size": [1, 0.5]},
								"up": {"uv": [4, 22], "uv_size": [0.5, 1]},
								"down": {"uv": [22, 5], "uv_size": [0.5, -1]}
							}
						},
						{
							"origin": [-1.3967, 5.87568, -35.1002],
							"size": [0.32182, 0.25582, 1.09668],
							"pivot": [-1.23579, 6.00359, -34.68836],
							"rotation": [154.75, 0, 0],
							"uv": {
								"north": {"uv": [23, 21], "uv_size": [0.5, 0.5]},
								"east": {"uv": [5, 22], "uv_size": [1, 0.5]},
								"south": {"uv": [22, 23], "uv_size": [0.5, 0.5]},
								"west": {"uv": [22, 5], "uv_size": [1, 0.5]},
								"up": {"uv": [6, 22], "uv_size": [0.5, 1]},
								"down": {"uv": [22, 7], "uv_size": [0.5, -1]}
							}
						},
						{
							"origin": [-1.3967, 5.04505, -34.35117],
							"size": [0.32182, 0.78382, 0.82368],
							"pivot": [-1.23579, 5.70096, -33.93933],
							"rotation": [161.25, 0, 0],
							"uv": {
								"north": {"uv": [7, 22], "uv_size": [0.5, 1]},
								"east": {"uv": [3, 18], "uv_size": [1, 1]},
								"south": {"uv": [22, 7], "uv_size": [0.5, 1]},
								"west": {"uv": [4, 18], "uv_size": [1, 1]},
								"up": {"uv": [8, 22], "uv_size": [0.5, 1]},
								"down": {"uv": [22, 9], "uv_size": [0.5, -1]}
							}
						},
						{
							"origin": [-1.3967, 5.62774, -32.76683],
							"size": [0.32182, 0.35482, 0.95568],
							"pivot": [-1.23579, 5.75565, -32.35499],
							"rotation": [180, 0, 0],
							"uv": {
								"north": {"uv": [23, 22], "uv_size": [0.5, 0.5]},
								"east": {"uv": [9, 22], "uv_size": [1, 0.5]},
								"south": {"uv": [23, 23], "uv_size": [0.5, 0.5]},
								"west": {"uv": [22, 9], "uv_size": [1, 0.5]},
								"up": {"uv": [10, 22], "uv_size": [0.5, 1]},
								"down": {"uv": [22, 11], "uv_size": [0.5, -1]}
							}
						},
						{
							"origin": [-1.3967, 6.08974, -33.65783],
							"size": [0.32182, 0.75082, 1.05468],
							"pivot": [-1.23579, 6.21765, -33.24599],
							"rotation": [180, 0, 0],
							"uv": {
								"north": {"uv": [11, 22], "uv_size": [0.5, 1]},
								"east": {"uv": [18, 4], "uv_size": [1, 1]},
								"south": {"uv": [22, 11], "uv_size": [0.5, 1]},
								"west": {"uv": [5, 18], "uv_size": [1, 1]},
								"up": {"uv": [12, 22], "uv_size": [0.5, 1]},
								"down": {"uv": [22, 13], "uv_size": [0.5, -1]}
							}
						},
						{
							"origin": [-1.3967, 5.94276, -34.79504],
							"size": [0.32182, 0.35482, 0.62568],
							"uv": {
								"north": {"uv": [0, 24], "uv_size": [0.5, 0.5]},
								"east": {"uv": [24, 0], "uv_size": [0.5, 0.5]},
								"south": {"uv": [1, 24], "uv_size": [0.5, 0.5]},
								"west": {"uv": [24, 1], "uv_size": [0.5, 0.5]},
								"up": {"uv": [2, 24], "uv_size": [0.5, 0.5]},
								"down": {"uv": [24, 2.5], "uv_size": [0.5, -0.5]}
							}
						},
						{
							"origin": [-1.3967, 6.75818, -26.21463],
							"size": [0.32182, 0.55282, 1.02168],
							"pivot": [-1.23579, 6.83659, -25.95129],
							"rotation": [-155, 0, 0],
							"uv": {
								"north": {"uv": [3, 24], "uv_size": [0.5, 0.5]},
								"east": {"uv": [13, 22], "uv_size": [1, 0.5]},
								"south": {"uv": [24, 3], "uv_size": [0.5, 0.5]},
								"west": {"uv": [22, 13], "uv_size": [1, 0.5]},
								"up": {"uv": [14, 22], "uv_size": [0.5, 1]},
								"down": {"uv": [22, 15], "uv_size": [0.5, -1]}
							}
						},
						{
							"origin": [-1.3967, 6.52032, -26.76937],
							"size": [0.32182, 0.35482, 0.36168],
							"pivot": [-1.23579, 6.78023, -26.58853],
							"rotation": [16.25, 0, 0],
							"uv": {
								"north": {"uv": [4, 24], "uv_size": [0.5, 0.5]},
								"east": {"uv": [24, 4], "uv_size": [0.5, 0.5]},
								"south": {"uv": [5, 24], "uv_size": [0.5, 0.5]},
								"west": {"uv": [24, 5], "uv_size": [0.5, 0.5]},
								"up": {"uv": [6, 24], "uv_size": [0.5, 0.5]},
								"down": {"uv": [24, 6.5], "uv_size": [0.5, -0.5]}
							}
						},
						{
							"origin": [-1.3967, 6.4516, -27.10717],
							"size": [0.32182, 0.35482, 0.39468],
							"pivot": [-1.23579, 6.7115, -26.92633],
							"rotation": [6.75, 0, 0],
							"uv": {
								"north": {"uv": [7, 24], "uv_size": [0.5, 0.5]},
								"east": {"uv": [24, 7], "uv_size": [0.5, 0.5]},
								"south": {"uv": [8, 24], "uv_size": [0.5, 0.5]},
								"west": {"uv": [24, 8], "uv_size": [0.5, 0.5]},
								"up": {"uv": [9, 24], "uv_size": [0.5, 0.5]},
								"down": {"uv": [24, 9.5], "uv_size": [0.5, -0.5]}
							}
						},
						{
							"origin": [-1.3967, 6.59442, -33.19926],
							"size": [0.32182, 0.18982, 6.10368],
							"pivot": [-1.23579, 6.68933, -27.27642],
							"rotation": [0.5, 0, 0],
							"uv": {
								"north": {"uv": [10, 24], "uv_size": [0.5, 0.5]},
								"east": {"uv": [6, 12], "uv_size": [6, 0.5]},
								"south": {"uv": [24, 10], "uv_size": [0.5, 0.5]},
								"west": {"uv": [12, 10], "uv_size": [6, 0.5]},
								"up": {"uv": [2, 12], "uv_size": [0.5, 6]},
								"down": {"uv": [3, 18], "uv_size": [0.5, -6]}
							}
						},
						{
							"origin": [-1.3967, 6.53169, -33.99603],
							"size": [0.32182, 0.20471, 0.65678],
							"pivot": [-1.23579, 6.6596, -33.58609],
							"rotation": [4, 0, 0],
							"uv": {
								"north": {"uv": [11, 24], "uv_size": [0.5, 0.5]},
								"east": {"uv": [24, 11], "uv_size": [0.5, 0.5]},
								"south": {"uv": [12, 24], "uv_size": [0.5, 0.5]},
								"west": {"uv": [24, 12], "uv_size": [0.5, 0.5]},
								"up": {"uv": [13, 24], "uv_size": [0.5, 0.5]},
								"down": {"uv": [24, 13.5], "uv_size": [0.5, -0.5]}
							}
						},
						{
							"origin": [-1.3967, 6.53065, -33.35159],
							"size": [0.32182, 0.2049, 0.49108],
							"pivot": [-1.23579, 6.65855, -33.10735],
							"rotation": [-4.25, 0, 0],
							"uv": {
								"north": {"uv": [14, 24], "uv_size": [0.5, 0.5]},
								"east": {"uv": [24, 14], "uv_size": [0.5, 0.5]},
								"south": {"uv": [15, 24], "uv_size": [0.5, 0.5]},
								"west": {"uv": [24, 15], "uv_size": [0.5, 0.5]},
								"up": {"uv": [16, 24], "uv_size": [0.5, 0.5]},
								"down": {"uv": [24, 16.5], "uv_size": [0.5, -0.5]}
							}
						},
						{
							"origin": [-1.3967, 6.46131, -34.47533],
							"size": [0.32182, 0.20461, 0.49201],
							"pivot": [-1.23579, 6.58922, -34.23016],
							"rotation": [10, 0, 0],
							"uv": {
								"north": {"uv": [17, 24], "uv_size": [0.5, 0.5]},
								"east": {"uv": [24, 17], "uv_size": [0.5, 0.5]},
								"south": {"uv": [18, 24], "uv_size": [0.5, 0.5]},
								"west": {"uv": [24, 18], "uv_size": [0.5, 0.5]},
								"up": {"uv": [19, 24], "uv_size": [0.5, 0.5]},
								"down": {"uv": [24, 19.5], "uv_size": [0.5, -0.5]}
							}
						},
						{
							"origin": [-1.3967, 6.38842, -35.42094],
							"size": [0.32182, 0.07153, 0.96486],
							"pivot": [-1.23579, 6.48333, -34.70292],
							"rotation": [15.25, 0, 0],
							"uv": {
								"north": {"uv": [20, 24], "uv_size": [0.5, 0.5]},
								"east": {"uv": [15, 22], "uv_size": [1, 0.5]},
								"south": {"uv": [24, 20], "uv_size": [0.5, 0.5]},
								"west": {"uv": [22, 15], "uv_size": [1, 0.5]},
								"up": {"uv": [16, 22], "uv_size": [0.5, 1]},
								"down": {"uv": [22, 17], "uv_size": [0.5, -1]}
							}
						},
						{
							"origin": [-1.3967, 6.43842, -35.32094],
							"size": [0.32182, 0.12153, 0.86486],
							"pivot": [-1.23579, 6.48333, -34.70292],
							"rotation": [15.25, 0, 0],
							"uv": {
								"north": {"uv": [21, 24], "uv_size": [0.5, 0.5]},
								"east": {"uv": [17, 22], "uv_size": [1, 0.5]},
								"south": {"uv": [24, 21], "uv_size": [0.5, 0.5]},
								"west": {"uv": [22, 17], "uv_size": [1, 0.5]},
								"up": {"uv": [18, 22], "uv_size": [0.5, 1]},
								"down": {"uv": [22, 19], "uv_size": [0.5, -1]}
							}
						},
						{
							"origin": [-1.3967, 6.25391, -35.37906],
							"size": [0.32182, 0.12153, 0.14142],
							"pivot": [-1.23579, 6.31468, -35.29507],
							"rotation": [60.25, 0, 0],
							"uv": {
								"north": {"uv": [22, 24], "uv_size": [0.5, 0.5]},
								"east": {"uv": [24, 22], "uv_size": [0.5, 0.5]},
								"south": {"uv": [23, 24], "uv_size": [0.5, 0.5]},
								"west": {"uv": [24, 23], "uv_size": [0.5, 0.5]},
								"up": {"uv": [24, 24], "uv_size": [0.5, 0.5]},
								"down": {"uv": [0, 25.5], "uv_size": [0.5, -0.5]}
							}
						},
						{
							"origin": [-1.3967, 6.3702, -35.37377],
							"size": [0.32182, 0.02426, 0.21281],
							"pivot": [-1.23579, 6.31783, -34.6578],
							"rotation": [15.25, 0, 0],
							"uv": {
								"north": {"uv": [25, 0], "uv_size": [0.5, 0.5]},
								"east": {"uv": [1, 25], "uv_size": [0.5, 0.5]},
								"south": {"uv": [25, 1], "uv_size": [0.5, 0.5]},
								"west": {"uv": [2, 25], "uv_size": [0.5, 0.5]},
								"up": {"uv": [25, 2], "uv_size": [0.5, 0.5]},
								"down": {"uv": [3, 25.5], "uv_size": [0.5, -0.5]}
							}
						},
						{
							"origin": [-1.3307, 6.41324, -33.49286],
							"size": [0.18982, 0.42082, 1.05468],
							"pivot": [-1.23579, 6.62365, -33.69152],
							"rotation": [8.25, 0, 0],
							"uv": {
								"north": {"uv": [25, 3], "uv_size": [0.5, 0.5]},
								"east": {"uv": [19, 22], "uv_size": [1, 0.5]},
								"south": {"uv": [4, 25], "uv_size": [0.5, 0.5]},
								"west": {"uv": [22, 19], "uv_size": [1, 0.5]},
								"up": {"uv": [20, 22], "uv_size": [0.5, 1]},
								"down": {"uv": [22, 21], "uv_size": [0.5, -1]}
							}
						},
						{
							"origin": [-1.3307, 6.29266, -33.96567],
							"size": [0.18982, 0.42082, 0.52668],
							"pivot": [-1.23579, 6.50306, -33.96633],
							"rotation": [17.25, 0, 0],
							"uv": {
								"north": {"uv": [25, 4], "uv_size": [0.5, 0.5]},
								"east": {"uv": [5, 25], "uv_size": [0.5, 0.5]},
								"south": {"uv": [25, 5], "uv_size": [0.5, 0.5]},
								"west": {"uv": [6, 25], "uv_size": [0.5, 0.5]},
								"up": {"uv": [25, 6], "uv_size": [0.5, 0.5]},
								"down": {"uv": [7, 25.5], "uv_size": [0.5, -0.5]}
							}
						},
						{
							"origin": [-1.3967, 6.45274, -32.40383],
							"size": [0.32182, 0.35482, 0.22968],
							"pivot": [-1.23579, 6.10215, -32.42099],
							"rotation": [135, 0, 0],
							"uv": {
								"north": {"uv": [25, 7], "uv_size": [0.5, 0.5]},
								"east": {"uv": [8, 25], "uv_size": [0.5, 0.5]},
								"south": {"uv": [25, 8], "uv_size": [0.5, 0.5]},
								"west": {"uv": [9, 25], "uv_size": [0.5, 0.5]},
								"up": {"uv": [25, 9], "uv_size": [0.5, 0.5]},
								"down": {"uv": [10, 25.5], "uv_size": [0.5, -0.5]}
							}
						},
						{
							"origin": [-1.3967, 6.23873, -33.00252],
							"size": [0.32182, 0.35482, 0.22968],
							"pivot": [-1.23579, 6.41613, -32.88768],
							"rotation": [-135, 0, 0],
							"uv": {
								"north": {"uv": [25, 10], "uv_size": [0.5, 0.5]},
								"east": {"uv": [11, 25], "uv_size": [0.5, 0.5]},
								"south": {"uv": [25, 11], "uv_size": [0.5, 0.5]},
								"west": {"uv": [12, 25], "uv_size": [0.5, 0.5]},
								"up": {"uv": [25, 12], "uv_size": [0.5, 0.5]},
								"down": {"uv": [13, 25.5], "uv_size": [0.5, -0.5]}
							}
						},
						{
							"origin": [-1.3967, 6.23873, -31.99358],
							"size": [0.32182, 0.35482, 0.22968],
							"pivot": [-1.23579, 6.41613, -31.87874],
							"rotation": [135, 0, 0],
							"uv": {
								"north": {"uv": [25, 13], "uv_size": [0.5, 0.5]},
								"east": {"uv": [14, 25], "uv_size": [0.5, 0.5]},
								"south": {"uv": [25, 14], "uv_size": [0.5, 0.5]},
								"west": {"uv": [15, 25], "uv_size": [0.5, 0.5]},
								"up": {"uv": [25, 15], "uv_size": [0.5, 0.5]},
								"down": {"uv": [16, 25.5], "uv_size": [0.5, -0.5]}
							}
						},
						{
							"origin": [-1.3967, 6.45274, -32.59227],
							"size": [0.32182, 0.35482, 0.22968],
							"pivot": [-1.23579, 6.10215, -32.34543],
							"rotation": [-135, 0, 0],
							"uv": {
								"north": {"uv": [25, 16], "uv_size": [0.5, 0.5]},
								"east": {"uv": [17, 25], "uv_size": [0.5, 0.5]},
								"south": {"uv": [25, 17], "uv_size": [0.5, 0.5]},
								"west": {"uv": [18, 25], "uv_size": [0.5, 0.5]},
								"up": {"uv": [25, 18], "uv_size": [0.5, 0.5]},
								"down": {"uv": [19, 25.5], "uv_size": [0.5, -0.5]}
							}
						},
						{
							"origin": [-1.56928, 6.81594, -25.48176],
							"size": [0.66698, 0.82204, 0.46068],
							"pivot": [-1.23579, 7.24596, -25.23492],
							"rotation": [-180, 0, 0],
							"uv": {
								"north": {"uv": [21, 22], "uv_size": [0.5, 1]},
								"east": {"uv": [22, 21], "uv_size": [0.5, 1]},
								"south": {"uv": [22, 22], "uv_size": [0.5, 1]},
								"west": {"uv": [0, 23], "uv_size": [0.5, 1]},
								"up": {"uv": [25, 19], "uv_size": [0.5, 0.5]},
								"down": {"uv": [20, 25.5], "uv_size": [0.5, -0.5]}
							}
						},
						{
							"origin": [-2.01638, 7.55094, -25.44876],
							"size": [1.60908, 1.60904, 0.46068],
							"pivot": [-1.21184, 8.35546, -25.21842],
							"rotation": [-180, 0, -45],
							"uv": {
								"north": {"uv": [5, 15], "uv_size": [1.5, 1.5]},
								"east": {"uv": [20, 2], "uv_size": [0.5, 1.5]},
								"south": {"uv": [7, 15], "uv_size": [1.5, 1.5]},
								"west": {"uv": [6, 20], "uv_size": [0.5, 1.5]},
								"up": {"uv": [20, 5], "uv_size": [1.5, 0.5]},
								"down": {"uv": [20, 7.5], "uv_size": [1.5, -0.5]}
							}
						},
						{
							"origin": [-1.3307, 6.67106, -32.47539],
							"size": [0.18982, 0.42082, 2.50668],
							"pivot": [-1.23579, 6.88146, -30.18255],
							"rotation": [2, 0, 0],
							"uv": {
								"north": {"uv": [25, 20], "uv_size": [0.5, 0.5]},
								"east": {"uv": [17, 9], "uv_size": [2.5, 0.5]},
								"south": {"uv": [21, 25], "uv_size": [0.5, 0.5]},
								"west": {"uv": [13, 17], "uv_size": [2.5, 0.5]},
								"up": {"uv": [8, 17], "uv_size": [0.5, 2.5]},
								"down": {"uv": [10, 19.5], "uv_size": [0.5, -2.5]}
							}
						},
						{
							"origin": [-1.3307, 6.67839, -29.97619],
							"size": [0.18982, 0.42082, 3.72768],
							"uv": {
								"north": {"uv": [25, 21], "uv_size": [0.5, 0.5]},
								"east": {"uv": [15, 11], "uv_size": [3.5, 0.5]},
								"south": {"uv": [22, 25], "uv_size": [0.5, 0.5]},
								"west": {"uv": [15, 12], "uv_size": [3.5, 0.5]},
								"up": {"uv": [11, 13], "uv_size": [0.5, 3.5]},
								"down": {"uv": [9, 18.5], "uv_size": [0.5, -3.5]}
							}
						},
						{
							"origin": [-1.3967, 6.60504, -26.56348],
							"size": [0.32182, 0.42082, 0.42768],
							"pivot": [-1.23579, 6.93094, -26.31664],
							"rotation": [41.75, 0, 0],
							"uv": {
								"north": {"uv": [25, 22], "uv_size": [0.5, 0.5]},
								"east": {"uv": [23, 25], "uv_size": [0.5, 0.5]},
								"south": {"uv": [25, 23], "uv_size": [0.5, 0.5]},
								"west": {"uv": [24, 25], "uv_size": [0.5, 0.5]},
								"up": {"uv": [25, 24], "uv_size": [0.5, 0.5]},
								"down": {"uv": [25, 25.5], "uv_size": [0.5, -0.5]}
							}
						},
						{
							"origin": [-1.3967, 6.73435, -26.24492],
							"size": [0.32182, 0.38782, 0.36168],
							"uv": {
								"north": {"uv": [0, 26], "uv_size": [0.5, 0.5]},
								"east": {"uv": [26, 0], "uv_size": [0.5, 0.5]},
								"south": {"uv": [1, 26], "uv_size": [0.5, 0.5]},
								"west": {"uv": [26, 1], "uv_size": [0.5, 0.5]},
								"up": {"uv": [2, 26], "uv_size": [0.5, 0.5]},
								"down": {"uv": [26, 2.5], "uv_size": [0.5, -0.5]}
							}
						},
						{
							"origin": [-1.3967, 5.94613, -26.47077],
							"size": [0.32182, 0.18982, 0.36168],
							"pivot": [-1.23579, 6.55254, -26.09193],
							"rotation": [161.5, 0, 0],
							"uv": {
								"north": {"uv": [3, 26], "uv_size": [0.5, 0.5]},
								"east": {"uv": [26, 3], "uv_size": [0.5, 0.5]},
								"south": {"uv": [4, 26], "uv_size": [0.5, 0.5]},
								"west": {"uv": [26, 4], "uv_size": [0.5, 0.5]},
								"up": {"uv": [5, 26], "uv_size": [0.5, 0.5]},
								"down": {"uv": [26, 5.5], "uv_size": [0.5, -0.5]}
							}
						},
						{
							"origin": [-1.3967, 4.78313, -26.83476],
							"size": [0.32182, 0.42082, 0.52668],
							"pivot": [-1.23579, 5.90104, -26.02692],
							"rotation": [-180, 0, 0],
							"uv": {
								"north": {"uv": [6, 26], "uv_size": [0.5, 0.5]},
								"east": {"uv": [26, 6], "uv_size": [0.5, 0.5]},
								"south": {"uv": [7, 26], "uv_size": [0.5, 0.5]},
								"west": {"uv": [26, 7], "uv_size": [0.5, 0.5]},
								"up": {"uv": [8, 26], "uv_size": [0.5, 0.5]},
								"down": {"uv": [26, 8.5], "uv_size": [0.5, -0.5]}
							}
						}
					]
				},
				{
					"name": "_ca_bayonet",
					"parent": "6x5",
					"pivot": [-1.21079, 8.35104, -30.45192],
					"cubes": [
						{
							"origin": [-1.71079, 7.85104, -25.45192],
							"size": [1, 1, 1],
							"uv": {
								"north": {"uv": [0, 0], "uv_size": [1, 1]},
								"east": {"uv": [0, 0], "uv_size": [1, 1]},
								"south": {"uv": [0, 0], "uv_size": [1, 1]},
								"west": {"uv": [0, 0], "uv_size": [1, 1]},
								"up": {"uv": [1, 1], "uv_size": [-1, -1]},
								"down": {"uv": [1, 1], "uv_size": [-1, -1]}
							}
						}
					]
				}
			]
		}
	]
}