{
	"format_version": "1.12.0",
	"minecraft:geometry": [
		{
			"description": {
				"identifier": "geometry.unknown",
				"texture_width": 128,
				"texture_height": 128,
				"visible_bounds_width": 8,
				"visible_bounds_height": 2.5,
				"visible_bounds_offset": [0, 0.75, 0]
			},
			"bones": [
				{
					"name": "suppressor",
					"pivot": [-1.50418, 8.05683, -20.66106],
					"cubes": [
						{
							"origin": [-2.42336, 7.15045, -31.80047],
							"size": [1.82557, 1.82551, 15.15254],
							"pivot": [-1.51057, 8.06321, -24.2242],
							"rotation": [0, 0, -22.5],
							"uv": {
								"north": {"uv": [76.875, 47], "uv_size": [-1.875, 1.875]},
								"east": {"uv": [55.125, 3], "uv_size": [-15.125, 1.875]},
								"south": {"uv": [76.875, 41], "uv_size": [-1.875, 1.875]},
								"west": {"uv": [55.125, 5], "uv_size": [-15.125, 1.875]},
								"up": {"uv": [40, 22.125], "uv_size": [1.875, -15.125]},
								"down": {"uv": [32, 41], "uv_size": [1.875, 15.125]}
							}
						}
					]
				},
				{
					"name": "_ca_suppressor",
					"parent": "suppressor",
					"pivot": [-1.49779, 8.05045, -17.09793],
					"cubes": [
						{
							"origin": [-1.99779, 7.55045, -17.59793],
							"size": [1, 1, 1],
							"uv": {
								"north": {"uv": [76.875, 47], "uv_size": [-1.875, 1.875]},
								"east": {"uv": [55.125, 3], "uv_size": [-15.125, 1.875]},
								"south": {"uv": [76.875, 41], "uv_size": [-1.875, 1.875]},
								"west": {"uv": [55.125, 5], "uv_size": [-15.125, 1.875]},
								"up": {"uv": [40, 22.125], "uv_size": [1.875, -15.125]},
								"down": {"uv": [32, 41], "uv_size": [1.875, 15.125]}
							}
						}
					]
				}
			]
		}
	]
}