{
	"format_version": "1.12.0",
	"minecraft:geometry": [
		{
			"description": {
				"identifier": "geometry.unknown",
				"texture_width": 128,
				"texture_height": 128,
				"visible_bounds_width": 4,
				"visible_bounds_height": 3.5,
				"visible_bounds_offset": [0, 1.25, 0]
			},
			"bones": [
				{
					"name": "optic",
					"pivot": [0, -0.05, 22.25]
				},
				{
					"name": "scopepip",
					"parent": "optic",
					"pivot": [-1.44268, 16.7479, 19.75339],
					"cubes": [
						{
							"origin": [-2.08969, 16.1009, 19.52839],
							"size": [1.29402, 1.294, 0.45],
							"uv": {
								"north": {"uv": [86.5, 55.5], "uv_size": [-0.5, -0.5]},
								"east": {"uv": [86.5, 55.5], "uv_size": [-0.5, -0.5]},
								"south": {"uv": [86.5, 55.5], "uv_size": [-0.5, -0.5]},
								"west": {"uv": [86.5, 55.5], "uv_size": [-0.5, -0.5]},
								"up": {"uv": [86, 55], "uv_size": [0.5, 0.5]},
								"down": {"uv": [86, 55], "uv_size": [0.5, 0.5]}
							}
						}
					]
				},
				{
					"name": "scope",
					"parent": "optic",
					"pivot": [-1.45, 16.8, 22.7],
					"cubes": [
						{
							"origin": [-1.95, 16.3, 22.2],
							"size": [1, 1, 1],
							"inflate": -0.4,
							"uv": {
								"north": {"uv": [2, 1], "uv_size": [-1, 1]},
								"east": {"uv": [2, 1], "uv_size": [-1, 1]},
								"south": {"uv": [2, 1], "uv_size": [-1, 1]},
								"west": {"uv": [2, 1], "uv_size": [-1, 1]},
								"up": {"uv": [2, 1], "uv_size": [-1, 1]},
								"down": {"uv": [2, 1], "uv_size": [-1, 1]}
							}
						}
					]
				},
				{
					"name": "_ca_optic",
					"parent": "optic",
					"pivot": [-1.43561, 13.78807, 14.18611],
					"cubes": [
						{
							"origin": [-1.93561, 13.28807, 13.68611],
							"size": [1, 1, 1],
							"uv": {
								"north": {"uv": [1, 0], "uv_size": [-1, 1]},
								"east": {"uv": [1, 0], "uv_size": [-1, 1]},
								"south": {"uv": [1, 0], "uv_size": [-1, 1]},
								"west": {"uv": [1, 0], "uv_size": [-1, 1]},
								"up": {"uv": [1, 0], "uv_size": [-1, 1]},
								"down": {"uv": [1, 0], "uv_size": [-1, 1]}
							}
						}
					]
				},
				{
					"name": "bone2",
					"parent": "optic",
					"pivot": [-1.08186, 15.4953, 13.54137],
					"cubes": [
						{
							"origin": [-1.98262, 15.78567, 14.27846],
							"size": [1.07945, 3.56214, 2.31991],
							"pivot": [-1.4429, 15.53971, 15.78145],
							"rotation": [90, 0, 0],
							"uv": {
								"north": {"uv": [56.5, 38], "uv_size": [-0.5, 1.5]},
								"east": {"uv": [27, 45], "uv_size": [-1, 1.5]},
								"south": {"uv": [38.5, 56], "uv_size": [-0.5, 1.5]},
								"west": {"uv": [46, 29], "uv_size": [-1, 1.5]},
								"up": {"uv": [61, 24], "uv_size": [0.5, -1]},
								"down": {"uv": [24, 61], "uv_size": [0.5, 1]}
							}
						},
						{
							"origin": [-2.15414, 14.95152, 13.26759],
							"size": [0.22186, 0.49031, 0.49039],
							"pivot": [-2.18614, 15.19668, 13.51279],
							"rotation": [135, 0, 0],
							"uv": {
								"north": {"uv": [57.5, 86], "uv_size": [-0.5, 0.5]},
								"east": {"uv": [86.5, 56], "uv_size": [-0.5, 0.5]},
								"south": {"uv": [56.5, 86], "uv_size": [-0.5, 0.5]},
								"west": {"uv": [86.5, 57], "uv_size": [-0.5, 0.5]},
								"up": {"uv": [58, 86.5], "uv_size": [0.5, -0.5]},
								"down": {"uv": [86, 58], "uv_size": [0.5, 0.5]}
							}
						},
						{
							"origin": [-2.61152, 14.89435, 13.21042],
							"size": [0.50772, 0.60466, 0.60473],
							"pivot": [-2.41483, 15.19668, 13.51279],
							"rotation": [135, 0, 0],
							"uv": {
								"north": {"uv": [60.5, 86], "uv_size": [-0.5, 0.5]},
								"east": {"uv": [86.5, 59], "uv_size": [-0.5, 0.5]},
								"south": {"uv": [59.5, 86], "uv_size": [-0.5, 0.5]},
								"west": {"uv": [86.5, 60], "uv_size": [-0.5, 0.5]},
								"up": {"uv": [61, 86.5], "uv_size": [0.5, -0.5]},
								"down": {"uv": [86, 61], "uv_size": [0.5, 0.5]}
							}
						},
						{
							"origin": [-2.61152, 14.66566, 14.2967],
							"size": [0.67924, 0.14728, 0.14735],
							"pivot": [-2.24331, 14.7393, 14.37038],
							"rotation": [135, 0, 0],
							"uv": {
								"north": {"uv": [72.5, 86], "uv_size": [-0.5, 0.5]},
								"east": {"uv": [86.5, 71], "uv_size": [-0.5, 0.5]},
								"south": {"uv": [71.5, 86], "uv_size": [-0.5, 0.5]},
								"west": {"uv": [86.5, 72], "uv_size": [-0.5, 0.5]},
								"up": {"uv": [73, 86.5], "uv_size": [0.5, -0.5]},
								"down": {"uv": [86, 73], "uv_size": [0.5, 0.5]}
							}
						},
						{
							"origin": [-2.55434, 15.0087, 11.95263],
							"size": [0.16469, 0.37597, 1.2908],
							"pivot": [-2.41483, 15.19668, 13.51279],
							"rotation": [135, 0, 0],
							"uv": {
								"north": {"uv": [63.5, 86], "uv_size": [-0.5, 0.5]},
								"east": {"uv": [86.5, 62], "uv_size": [-0.5, 0.5]},
								"south": {"uv": [62.5, 86], "uv_size": [-0.5, 0.5]},
								"west": {"uv": [86.5, 63], "uv_size": [-0.5, 0.5]},
								"up": {"uv": [64, 86.5], "uv_size": [0.5, -0.5]},
								"down": {"uv": [86, 64], "uv_size": [0.5, 0.5]}
							}
						},
						{
							"origin": [-2.66869, 15.0087, 11.95263],
							"size": [0.16469, 0.0901, 0.54756],
							"pivot": [-2.41483, 15.19668, 13.51279],
							"rotation": [135, 0, 0],
							"uv": {
								"north": {"uv": [66.5, 86], "uv_size": [-0.5, 0.5]},
								"east": {"uv": [86.5, 65], "uv_size": [-0.5, 0.5]},
								"south": {"uv": [65.5, 86], "uv_size": [-0.5, 0.5]},
								"west": {"uv": [86.5, 66], "uv_size": [-0.5, 0.5]},
								"up": {"uv": [67, 86.5], "uv_size": [0.5, -0.5]},
								"down": {"uv": [86, 67], "uv_size": [0.5, 0.5]}
							}
						},
						{
							"origin": [-2.66869, 15.29456, 11.95263],
							"size": [0.16469, 0.0901, 0.54756],
							"pivot": [-2.41483, 15.19668, 13.51279],
							"rotation": [135, 0, 0],
							"uv": {
								"north": {"uv": [69.5, 86], "uv_size": [-0.5, 0.5]},
								"east": {"uv": [86.5, 68], "uv_size": [-0.5, 0.5]},
								"south": {"uv": [68.5, 86], "uv_size": [-0.5, 0.5]},
								"west": {"uv": [86.5, 69], "uv_size": [-0.5, 0.5]},
								"up": {"uv": [70, 86.5], "uv_size": [0.5, -0.5]},
								"down": {"uv": [86, 70], "uv_size": [0.5, 0.5]}
							}
						},
						{
							"origin": [-1.1822, 17.10584, 14.62149],
							"size": [0.3362, 1.38438, 1.34798],
							"pivot": [-1.4429, 15.53971, 15.78145],
							"rotation": [90, 0, 0],
							"uv": {
								"north": {"uv": [16.5, 86], "uv_size": [-0.5, 0.5]},
								"east": {"uv": [86.5, 15], "uv_size": [-0.5, 0.5]},
								"south": {"uv": [15.5, 86], "uv_size": [-0.5, 0.5]},
								"west": {"uv": [86.5, 16], "uv_size": [-0.5, 0.5]},
								"up": {"uv": [17, 86.5], "uv_size": [0.5, -0.5]},
								"down": {"uv": [86, 17], "uv_size": [0.5, 0.5]}
							}
						},
						{
							"origin": [-1.1822, 17.56322, 15.70777],
							"size": [0.3362, 0.927, 0.2617],
							"pivot": [-1.4429, 15.7684, 15.78145],
							"rotation": [90, 0, 0],
							"uv": {
								"north": {"uv": [19.5, 86], "uv_size": [-0.5, 0.5]},
								"east": {"uv": [86.5, 18], "uv_size": [-0.5, 0.5]},
								"south": {"uv": [18.5, 86], "uv_size": [-0.5, 0.5]},
								"west": {"uv": [86.5, 19], "uv_size": [-0.5, 0.5]},
								"up": {"uv": [20, 86.5], "uv_size": [0.5, -0.5]},
								"down": {"uv": [86, 20], "uv_size": [0.5, 0.5]}
							}
						},
						{
							"origin": [-1.1822, 15.59993, 13.90677],
							"size": [0.3362, 0.32342, 0.2617],
							"pivot": [-1.0141, 15.7204, 14.03762],
							"rotation": [45, 0, 0],
							"uv": {
								"north": {"uv": [22.5, 86], "uv_size": [-0.5, 0.5]},
								"east": {"uv": [86.5, 21], "uv_size": [-0.5, 0.5]},
								"south": {"uv": [21.5, 86], "uv_size": [-0.5, 0.5]},
								"west": {"uv": [86.5, 22], "uv_size": [-0.5, 0.5]},
								"up": {"uv": [23, 86.5], "uv_size": [0.5, -0.5]},
								"down": {"uv": [86, 23], "uv_size": [0.5, 0.5]}
							}
						},
						{
							"origin": [-1.1822, 15.58785, 12.90696],
							"size": [0.3362, 0.32342, 0.2617],
							"pivot": [-1.0141, 15.74956, 13.03781],
							"rotation": [-45, 0, 0],
							"uv": {
								"north": {"uv": [25.5, 86], "uv_size": [-0.5, 0.5]},
								"east": {"uv": [86.5, 24], "uv_size": [-0.5, 0.5]},
								"south": {"uv": [24.5, 86], "uv_size": [-0.5, 0.5]},
								"west": {"uv": [86.5, 25], "uv_size": [-0.5, 0.5]},
								"up": {"uv": [26, 86.5], "uv_size": [0.5, -0.5]},
								"down": {"uv": [86, 26], "uv_size": [0.5, 0.5]}
							}
						},
						{
							"origin": [-1.1822, 13.85643, 13.43029],
							"size": [0.3362, 0.927, 0.2617],
							"pivot": [-1.0141, 14.31993, 13.52313],
							"rotation": [-90, 0, 0],
							"uv": {
								"north": {"uv": [34.5, 86], "uv_size": [-0.5, 0.5]},
								"east": {"uv": [86.5, 33], "uv_size": [-0.5, 0.5]},
								"south": {"uv": [33.5, 86], "uv_size": [-0.5, 0.5]},
								"west": {"uv": [86.5, 34], "uv_size": [-0.5, 0.5]},
								"up": {"uv": [35, 86.5], "uv_size": [0.5, -0.5]},
								"down": {"uv": [86, 35], "uv_size": [0.5, 0.5]}
							}
						},
						{
							"origin": [-1.1822, 13.78817, 13.70858],
							"size": [0.3362, 0.32342, 0.2617],
							"pivot": [-1.0141, 14.31993, 13.52313],
							"rotation": [-135, 0, 0],
							"uv": {
								"north": {"uv": [31.5, 86], "uv_size": [-0.5, 0.5]},
								"east": {"uv": [86.5, 30], "uv_size": [-0.5, 0.5]},
								"south": {"uv": [30.5, 86], "uv_size": [-0.5, 0.5]},
								"west": {"uv": [86.5, 31], "uv_size": [-0.5, 0.5]},
								"up": {"uv": [32, 86.5], "uv_size": [0.5, -0.5]},
								"down": {"uv": [86, 32], "uv_size": [0.5, 0.5]}
							}
						},
						{
							"origin": [-1.1822, 13.78817, 13.07599],
							"size": [0.3362, 0.32342, 0.2617],
							"pivot": [-1.0141, 14.31993, 13.52313],
							"rotation": [135, 0, 0],
							"uv": {
								"north": {"uv": [28.5, 86], "uv_size": [-0.5, 0.5]},
								"east": {"uv": [86.5, 27], "uv_size": [-0.5, 0.5]},
								"south": {"uv": [27.5, 86], "uv_size": [-0.5, 0.5]},
								"west": {"uv": [86.5, 28], "uv_size": [-0.5, 0.5]},
								"up": {"uv": [29, 86.5], "uv_size": [0.5, -0.5]},
								"down": {"uv": [86, 29], "uv_size": [0.5, 0.5]}
							}
						},
						{
							"origin": [-1.67935, 14.89435, 11.49525],
							"size": [0.49031, 0.49031, 0.49039],
							"pivot": [-1.43419, 15.13951, 11.74044],
							"rotation": [90, 0, 45],
							"uv": {
								"north": {"uv": [4.5, 86], "uv_size": [-0.5, 0.5]},
								"east": {"uv": [86.5, 3], "uv_size": [-0.5, 0.5]},
								"south": {"uv": [3.5, 86], "uv_size": [-0.5, 0.5]},
								"west": {"uv": [86.5, 4], "uv_size": [-0.5, 0.5]},
								"up": {"uv": [5, 86.5], "uv_size": [0.5, -0.5]},
								"down": {"uv": [86, 5], "uv_size": [0.5, 0.5]}
							}
						},
						{
							"origin": [-1.565, 14.89435, 11.15221],
							"size": [0.26162, 0.66183, 0.2617],
							"pivot": [-1.43419, 15.13951, 11.28306],
							"rotation": [90, 0, 45],
							"uv": {
								"north": {"uv": [7.5, 86], "uv_size": [-0.5, 0.5]},
								"east": {"uv": [86.5, 6], "uv_size": [-0.5, 0.5]},
								"south": {"uv": [6.5, 86], "uv_size": [-0.5, 0.5]},
								"west": {"uv": [86.5, 7], "uv_size": [-0.5, 0.5]},
								"up": {"uv": [8, 86.5], "uv_size": [0.5, -0.5]},
								"down": {"uv": [86, 8], "uv_size": [0.5, 0.5]}
							}
						},
						{
							"origin": [-1.98262, 16.30542, 15.82731],
							"size": [1.07945, 1.27004, 0.8906],
							"pivot": [-1.4429, 15.53971, 17.3303],
							"rotation": [90, 0, 0],
							"uv": {
								"north": {"uv": [85.5, 68], "uv_size": [-0.5, 0.5]},
								"east": {"uv": [68.5, 85], "uv_size": [-0.5, 0.5]},
								"south": {"uv": [85.5, 67], "uv_size": [-0.5, 0.5]},
								"west": {"uv": [69.5, 85], "uv_size": [-0.5, 0.5]},
								"up": {"uv": [85, 69.5], "uv_size": [0.5, -0.5]},
								"down": {"uv": [70, 85], "uv_size": [0.5, 0.5]}
							}
						},
						{
							"origin": [-1.89001, 14.57815, 15.50421],
							"size": [0.76328, 1.09852, 0.76328],
							"pivot": [-1.66645, 15.156, 16.04392],
							"rotation": [90, 0, -45],
							"uv": {
								"north": {"uv": [10.5, 86], "uv_size": [-0.5, 0.5]},
								"east": {"uv": [86.5, 9], "uv_size": [-0.5, 0.5]},
								"south": {"uv": [9.5, 86], "uv_size": [-0.5, 0.5]},
								"west": {"uv": [86.5, 10], "uv_size": [-0.5, 0.5]},
								"up": {"uv": [11, 86.5], "uv_size": [0.5, -0.5]},
								"down": {"uv": [86, 11], "uv_size": [0.5, 0.5]}
							}
						},
						{
							"origin": [-1.29655, 15.50501, 15.76494],
							"size": [0.50772, 4.07149, 0.43322],
							"pivot": [-1.21421, 14.7393, 16.81055],
							"rotation": [90, 0, 0],
							"uv": {
								"north": {"uv": [9.5, 51], "uv_size": [-0.5, 2]},
								"east": {"uv": [41.5, 50], "uv_size": [-0.5, 2]},
								"south": {"uv": [38.5, 50], "uv_size": [-0.5, 2]},
								"west": {"uv": [16.5, 51], "uv_size": [-0.5, 2]},
								"up": {"uv": [1, 86.5], "uv_size": [0.5, -0.5]},
								"down": {"uv": [86, 1], "uv_size": [0.5, 0.5]}
							}
						},
						{
							"origin": [-2.09696, 15.50501, 15.76494],
							"size": [0.50772, 4.07149, 0.43322],
							"pivot": [-2.01462, 14.7393, 16.81055],
							"rotation": [90, 0, 0],
							"uv": {
								"north": {"uv": [21.5, 51], "uv_size": [-0.5, 2]},
								"east": {"uv": [20.5, 51], "uv_size": [-0.5, 2]},
								"south": {"uv": [51.5, 19], "uv_size": [-0.5, 2]},
								"west": {"uv": [22.5, 51], "uv_size": [-0.5, 2]},
								"up": {"uv": [2, 86.5], "uv_size": [0.5, -0.5]},
								"down": {"uv": [86, 2], "uv_size": [0.5, 0.5]}
							}
						},
						{
							"origin": [-2.21547, 15.67504, 20.58618],
							"size": [1.54558, 2.15172, 0.0992],
							"pivot": [-1.44268, 16.7509, 19.91255],
							"rotation": [90, 0, 90],
							"uv": {
								"north": {"uv": [61.5, 25], "uv_size": [-0.5, 1]},
								"east": {"uv": [25.5, 61], "uv_size": [-0.5, 1]},
								"south": {"uv": [61.5, 24], "uv_size": [-0.5, 1]},
								"west": {"uv": [26.5, 61], "uv_size": [-0.5, 1]},
								"up": {"uv": [37, 86.5], "uv_size": [0.5, -0.5]},
								"down": {"uv": [86, 37], "uv_size": [0.5, 0.5]}
							}
						},
						{
							"origin": [-2.21547, 15.67504, 19.13972],
							"size": [1.54558, 2.15172, 0.0992],
							"pivot": [-1.44268, 16.7509, 19.91255],
							"rotation": [90, 0, 90],
							"uv": {
								"north": {"uv": [61.5, 27], "uv_size": [-0.5, 1]},
								"east": {"uv": [27.5, 61], "uv_size": [-0.5, 1]},
								"south": {"uv": [61.5, 26], "uv_size": [-0.5, 1]},
								"west": {"uv": [28.5, 61], "uv_size": [-0.5, 1]},
								"up": {"uv": [38, 86.5], "uv_size": [0.5, -0.5]},
								"down": {"uv": [86, 38], "uv_size": [0.5, 0.5]}
							}
						},
						{
							"origin": [-2.15258, 15.67504, 20.58618],
							"size": [1.4198, 2.15172, 0.0992],
							"pivot": [-1.44268, 16.7509, 19.91255],
							"rotation": [90, 0, 180],
							"uv": {
								"north": {"uv": [61.5, 31], "uv_size": [-0.5, 1]},
								"east": {"uv": [31.5, 61], "uv_size": [-0.5, 1]},
								"south": {"uv": [61.5, 30], "uv_size": [-0.5, 1]},
								"west": {"uv": [32.5, 61], "uv_size": [-0.5, 1]},
								"up": {"uv": [40, 86.5], "uv_size": [0.5, -0.5]},
								"down": {"uv": [86, 40], "uv_size": [0.5, 0.5]}
							}
						},
						{
							"origin": [-2.15258, 15.67504, 19.13972],
							"size": [1.4198, 2.15172, 0.0992],
							"pivot": [-1.44268, 16.7509, 19.91255],
							"rotation": [90, 0, 180],
							"uv": {
								"north": {"uv": [61.5, 29], "uv_size": [-0.5, 1]},
								"east": {"uv": [29.5, 61], "uv_size": [-0.5, 1]},
								"south": {"uv": [61.5, 28], "uv_size": [-0.5, 1]},
								"west": {"uv": [30.5, 61], "uv_size": [-0.5, 1]},
								"up": {"uv": [39, 86.5], "uv_size": [0.5, -0.5]},
								"down": {"uv": [86, 39], "uv_size": [0.5, 0.5]}
							}
						},
						{
							"origin": [-2.21547, 15.95805, 22.0012],
							"size": [1.54558, 1.58571, 0.16209],
							"pivot": [-1.44268, 16.7509, 21.26468],
							"rotation": [90, 0, -90],
							"uv": {
								"north": {"uv": [61.5, 33], "uv_size": [-0.5, 1]},
								"east": {"uv": [33.5, 61], "uv_size": [-0.5, 1]},
								"south": {"uv": [61.5, 32], "uv_size": [-0.5, 1]},
								"west": {"uv": [34.5, 61], "uv_size": [-0.5, 1]},
								"up": {"uv": [41, 86.5], "uv_size": [0.5, -0.5]},
								"down": {"uv": [86, 41], "uv_size": [0.5, 0.5]}
							}
						},
						{
							"origin": [-2.21547, 15.95805, 20.36607],
							"size": [1.54558, 1.58571, 0.16209],
							"pivot": [-1.44268, 16.7509, 21.26468],
							"rotation": [90, 0, -90],
							"uv": {
								"north": {"uv": [61.5, 35], "uv_size": [-0.5, 1]},
								"east": {"uv": [35.5, 61], "uv_size": [-0.5, 1]},
								"south": {"uv": [61.5, 34], "uv_size": [-0.5, 1]},
								"west": {"uv": [36.5, 61], "uv_size": [-0.5, 1]},
								"up": {"uv": [42, 86.5], "uv_size": [0.5, -0.5]},
								"down": {"uv": [86, 42], "uv_size": [0.5, 0.5]}
							}
						},
						{
							"origin": [-2.34125, 15.95805, 22.0012],
							"size": [1.79714, 1.58571, 0.16209],
							"pivot": [-1.44268, 16.7509, 21.26468],
							"rotation": [90, 0, 0],
							"uv": {
								"north": {"uv": [26, 51], "uv_size": [-1, 1]},
								"east": {"uv": [61.5, 38], "uv_size": [-0.5, 1]},
								"south": {"uv": [25, 51], "uv_size": [-1, 1]},
								"west": {"uv": [39.5, 61], "uv_size": [-0.5, 1]},
								"up": {"uv": [61, 39.5], "uv_size": [1, -0.5]},
								"down": {"uv": [40, 61], "uv_size": [1, 0.5]}
							}
						},
						{
							"origin": [-2.34125, 15.95805, 20.36607],
							"size": [1.79714, 1.58571, 0.16209],
							"pivot": [-1.44268, 16.7509, 21.26468],
							"rotation": [90, 0, 0],
							"uv": {
								"north": {"uv": [24, 51], "uv_size": [-1, 1]},
								"east": {"uv": [61.5, 36], "uv_size": [-0.5, 1]},
								"south": {"uv": [52, 21], "uv_size": [-1, 1]},
								"west": {"uv": [37.5, 61], "uv_size": [-0.5, 1]},
								"up": {"uv": [61, 37.5], "uv_size": [1, -0.5]},
								"down": {"uv": [38, 61], "uv_size": [1, 0.5]}
							}
						},
						{
							"origin": [-2.15258, 16.3606, 16.56747],
							"size": [1.4198, 0.78062, 1.41988],
							"pivot": [-1.44268, 16.7509, 17.27742],
							"rotation": [90, 0, 67.5],
							"uv": {
								"north": {"uv": [43.5, 56], "uv_size": [-0.5, 1.5]},
								"east": {"uv": [56.5, 42], "uv_size": [-0.5, 1.5]},
								"south": {"uv": [41.5, 56], "uv_size": [-0.5, 1.5]},
								"west": {"uv": [44.5, 56], "uv_size": [-0.5, 1.5]},
								"up": {"uv": [36, 86.5], "uv_size": [0.5, -0.5]},
								"down": {"uv": [86, 36], "uv_size": [0.5, 0.5]}
							}
						},
						{
							"origin": [-2.15258, 16.1606, 17.54247],
							"size": [1.4198, 1.18062, 1.41988],
							"pivot": [-1.44268, 16.7509, 18.25242],
							"rotation": [90, 0, 90],
							"uv": {
								"north": {"uv": [43.5, 56], "uv_size": [-0.5, 1.5]},
								"east": {"uv": [56.5, 42], "uv_size": [-0.5, 1.5]},
								"south": {"uv": [41.5, 56], "uv_size": [-0.5, 1.5]},
								"west": {"uv": [44.5, 56], "uv_size": [-0.5, 1.5]},
								"up": {"uv": [36, 86.5], "uv_size": [0.5, -0.5]},
								"down": {"uv": [86, 36], "uv_size": [0.5, 0.5]}
							}
						},
						{
							"origin": [-2.15258, 16.5555, 20.4604],
							"size": [1.4198, 0.39081, 0.0992],
							"pivot": [-1.44268, 16.7509, 19.84966],
							"rotation": [90, 0, 0],
							"uv": {
								"north": {"uv": [44.5, 86], "uv_size": [-0.5, 0.5]},
								"east": {"uv": [86.5, 43], "uv_size": [-0.5, 0.5]},
								"south": {"uv": [43.5, 86], "uv_size": [-0.5, 0.5]},
								"west": {"uv": [86.5, 44], "uv_size": [-0.5, 0.5]},
								"up": {"uv": [45, 86.5], "uv_size": [0.5, -0.5]},
								"down": {"uv": [86, 45], "uv_size": [0.5, 0.5]}
							}
						},
						{
							"origin": [-2.15258, 16.5555, 19.13972],
							"size": [1.4198, 0.39081, 0.0992],
							"pivot": [-1.44268, 16.7509, 19.84966],
							"rotation": [90, 0, 0],
							"uv": {
								"north": {"uv": [47.5, 86], "uv_size": [-0.5, 0.5]},
								"east": {"uv": [86.5, 46], "uv_size": [-0.5, 0.5]},
								"south": {"uv": [46.5, 86], "uv_size": [-0.5, 0.5]},
								"west": {"uv": [86.5, 47], "uv_size": [-0.5, 0.5]},
								"up": {"uv": [48, 86.5], "uv_size": [0.5, -0.5]},
								"down": {"uv": [86, 48], "uv_size": [0.5, 0.5]}
							}
						},
						{
							"origin": [-2.08969, 16.5555, 19.13972],
							"size": [1.29402, 0.39081, 0.0992],
							"pivot": [-1.44268, 16.7509, 19.84966],
							"rotation": [90, 0, -90],
							"uv": {
								"north": {"uv": [53.5, 86], "uv_size": [-0.5, 0.5]},
								"east": {"uv": [86.5, 52], "uv_size": [-0.5, 0.5]},
								"south": {"uv": [52.5, 86], "uv_size": [-0.5, 0.5]},
								"west": {"uv": [86.5, 53], "uv_size": [-0.5, 0.5]},
								"up": {"uv": [54, 86.5], "uv_size": [0.5, -0.5]},
								"down": {"uv": [86, 54], "uv_size": [0.5, 0.5]}
							}
						},
						{
							"origin": [-2.08969, 16.5555, 20.4604],
							"size": [1.29402, 0.39081, 0.0992],
							"pivot": [-1.44268, 16.7509, 19.84966],
							"rotation": [90, 0, -90],
							"uv": {
								"north": {"uv": [50.5, 86], "uv_size": [-0.5, 0.5]},
								"east": {"uv": [86.5, 49], "uv_size": [-0.5, 0.5]},
								"south": {"uv": [49.5, 86], "uv_size": [-0.5, 0.5]},
								"west": {"uv": [86.5, 50], "uv_size": [-0.5, 0.5]},
								"up": {"uv": [51, 86.5], "uv_size": [0.5, -0.5]},
								"down": {"uv": [86, 51], "uv_size": [0.5, 0.5]}
							}
						},
						{
							"origin": [-2.0268, 14.16387, 13.72938],
							"size": [1.16824, 6.10078, 1.16833],
							"pivot": [-1.44268, 16.7509, 14.31354],
							"rotation": [90, 0, 45],
							"uv": {
								"north": {"uv": [34.5, 45], "uv_size": [-0.5, 3]},
								"east": {"uv": [33.5, 45], "uv_size": [-0.5, 3]},
								"south": {"uv": [32.5, 45], "uv_size": [-0.5, 3]},
								"west": {"uv": [35.5, 45], "uv_size": [-0.5, 3]},
								"up": {"uv": [85, 70.5], "uv_size": [0.5, -0.5]},
								"down": {"uv": [71, 85], "uv_size": [0.5, 0.5]}
							}
						},
						{
							"origin": [-2.15258, 15.98949, 9.34191],
							"size": [1.4198, 1.52282, 1.41988],
							"pivot": [-1.44268, 16.7509, 10.05185],
							"rotation": [90, 0, 67.5],
							"uv": {
								"north": {"uv": [85.5, 72], "uv_size": [-0.5, 0.5]},
								"east": {"uv": [72.5, 85], "uv_size": [-0.5, 0.5]},
								"south": {"uv": [85.5, 71], "uv_size": [-0.5, 0.5]},
								"west": {"uv": [73.5, 85], "uv_size": [-0.5, 0.5]},
								"up": {"uv": [85, 73.5], "uv_size": [0.5, -0.5]},
								"down": {"uv": [74, 85], "uv_size": [0.5, 0.5]}
							}
						},
						{
							"origin": [-2.21474, 15.84004, 7.61844],
							"size": [1.54558, 1.14548, 1.54566],
							"pivot": [-1.44195, 16.75164, 8.39231],
							"rotation": [90, 0, 90],
							"uv": {
								"north": {"uv": [85.5, 75], "uv_size": [-0.5, 0.5]},
								"east": {"uv": [75.5, 85], "uv_size": [-0.5, 0.5]},
								"south": {"uv": [85.5, 74], "uv_size": [-0.5, 0.5]},
								"west": {"uv": [76.5, 85], "uv_size": [-0.5, 0.5]},
								"up": {"uv": [85, 76.5], "uv_size": [0.5, -0.5]},
								"down": {"uv": [77, 85], "uv_size": [0.5, 0.5]}
							}
						},
						{
							"origin": [-2.21474, 16.98349, 9.16411],
							"size": [1.54558, 0.20993, 0],
							"pivot": [-1.44195, 16.75164, 8.39231],
							"rotation": [90, 0, 90],
							"uv": {
								"north": {"uv": [85.5, 75], "uv_size": [-0.5, 0.5]},
								"east": {"uv": [75.5, 85], "uv_size": [-0.5, 0.5]},
								"south": {"uv": [85.5, 74], "uv_size": [-0.5, 0.5]},
								"west": {"uv": [76.5, 85], "uv_size": [-0.5, 0.5]},
								"up": {"uv": [85, 76.5], "uv_size": [0.5, -0.5]},
								"down": {"uv": [77, 85], "uv_size": [0.5, 0.5]}
							}
						},
						{
							"origin": [-2.98653, 16.64668, 8.05346],
							"size": [1.54558, 0.20993, 0],
							"pivot": [-2.21374, 16.75164, 8.05346],
							"rotation": [90, 0, 90],
							"uv": {
								"north": {"uv": [85.5, 75], "uv_size": [-0.5, 0.5]},
								"east": {"uv": [75.5, 85], "uv_size": [-0.5, 0.5]},
								"south": {"uv": [85.5, 74], "uv_size": [-0.5, 0.5]},
								"west": {"uv": [76.5, 85], "uv_size": [-0.5, 0.5]},
								"up": {"uv": [85, 76.5], "uv_size": [0.5, -0.5]},
								"down": {"uv": [77, 85], "uv_size": [0.5, 0.5]}
							}
						},
						{
							"origin": [-2.21474, 16.98553, 7.62052],
							"size": [1.54558, 0.20993, 0],
							"pivot": [-1.44195, 16.75164, 8.39231],
							"rotation": [90, 0, 180],
							"uv": {
								"north": {"uv": [85.5, 75], "uv_size": [-0.5, 0.5]},
								"east": {"uv": [75.5, 85], "uv_size": [-0.5, 0.5]},
								"south": {"uv": [85.5, 74], "uv_size": [-0.5, 0.5]},
								"west": {"uv": [76.5, 85], "uv_size": [-0.5, 0.5]},
								"up": {"uv": [85, 76.5], "uv_size": [0.5, -0.5]},
								"down": {"uv": [77, 85], "uv_size": [0.5, 0.5]}
							}
						},
						{
							"origin": [-2.21474, 16.98349, 9.16411],
							"size": [1.54558, 0.20993, 0],
							"pivot": [-1.44195, 16.75164, 8.39231],
							"rotation": [90, 0, 180],
							"uv": {
								"north": {"uv": [85.5, 75], "uv_size": [-0.5, 0.5]},
								"east": {"uv": [75.5, 85], "uv_size": [-0.5, 0.5]},
								"south": {"uv": [85.5, 74], "uv_size": [-0.5, 0.5]},
								"west": {"uv": [76.5, 85], "uv_size": [-0.5, 0.5]},
								"up": {"uv": [85, 76.5], "uv_size": [0.5, -0.5]},
								"down": {"uv": [77, 85], "uv_size": [0.5, 0.5]}
							}
						},
						{
							"origin": [-3.4744, 16.56703, 8.86643],
							"size": [1.64953, 0.52178, 1.64961],
							"pivot": [-1.44268, 15.84134, 8.48429],
							"rotation": [-166.68545, -44.21951, -9.37204],
							"uv": {
								"north": {"uv": [62, 41], "uv_size": [-1, 0.5]},
								"east": {"uv": [42, 61], "uv_size": [-1, 0.5]},
								"south": {"uv": [62, 40], "uv_size": [-1, 0.5]},
								"west": {"uv": [43, 61], "uv_size": [-1, 0.5]},
								"up": {"uv": [51, 26], "uv_size": [1, -1]},
								"down": {"uv": [51, 26], "uv_size": [1, 1]}
							}
						},
						{
							"origin": [-1.66973, 15.80134, 8.28318],
							"size": [0.50608, 0.15796, 0.40221],
							"pivot": [-1.44268, 15.84134, 8.48429],
							"rotation": [90, -5, 90],
							"uv": {
								"north": {"uv": [75.5, 86], "uv_size": [-0.5, 0.5]},
								"east": {"uv": [86.5, 74], "uv_size": [-0.5, 0.5]},
								"south": {"uv": [74.5, 86], "uv_size": [-0.5, 0.5]},
								"west": {"uv": [86.5, 75], "uv_size": [-0.5, 0.5]},
								"up": {"uv": [76, 86.5], "uv_size": [0.5, -0.5]},
								"down": {"uv": [86, 76], "uv_size": [0.5, 0.5]}
							}
						},
						{
							"origin": [-1.2002, 15.69761, 8.28318],
							"size": [0.29818, 0.15796, 0.40221],
							"pivot": [-1.44268, 15.84134, 8.48429],
							"rotation": [90, 17.5, 90],
							"uv": {
								"north": {"uv": [78.5, 86], "uv_size": [-0.5, 0.5]},
								"east": {"uv": [86.5, 77], "uv_size": [-0.5, 0.5]},
								"south": {"uv": [77.5, 86], "uv_size": [-0.5, 0.5]},
								"west": {"uv": [86.5, 78], "uv_size": [-0.5, 0.5]},
								"up": {"uv": [79, 86.5], "uv_size": [0.5, -0.5]},
								"down": {"uv": [86, 79], "uv_size": [0.5, 0.5]}
							}
						},
						{
							"origin": [-0.99818, 15.50165, 8.28318],
							"size": [0.29818, 0.15796, 0.40221],
							"pivot": [-1.44268, 15.84134, 8.48429],
							"rotation": [90, 40, 90],
							"uv": {
								"north": {"uv": [81.5, 86], "uv_size": [-0.5, 0.5]},
								"east": {"uv": [86.5, 80], "uv_size": [-0.5, 0.5]},
								"south": {"uv": [80.5, 86], "uv_size": [-0.5, 0.5]},
								"west": {"uv": [86.5, 81], "uv_size": [-0.5, 0.5]},
								"up": {"uv": [82, 86.5], "uv_size": [0.5, -0.5]},
								"down": {"uv": [86, 82], "uv_size": [0.5, 0.5]}
							}
						},
						{
							"origin": [-0.88653, 15.2433, 8.28318],
							"size": [0.29818, 0.15796, 0.40221],
							"pivot": [-1.44268, 15.84134, 8.48429],
							"rotation": [90, 62.5, 90],
							"uv": {
								"north": {"uv": [84.5, 86], "uv_size": [-0.5, 0.5]},
								"east": {"uv": [86.5, 83], "uv_size": [-0.5, 0.5]},
								"south": {"uv": [83.5, 86], "uv_size": [-0.5, 0.5]},
								"west": {"uv": [86.5, 84], "uv_size": [-0.5, 0.5]},
								"up": {"uv": [85, 86.5], "uv_size": [0.5, -0.5]},
								"down": {"uv": [86, 85], "uv_size": [0.5, 0.5]}
							}
						},
						{
							"origin": [-0.88225, 14.96188, 8.28318],
							"size": [0.40213, 0.15796, 0.40221],
							"pivot": [-1.44268, 15.84134, 8.48429],
							"rotation": [89.99999, 85, 89.99999],
							"uv": {
								"north": {"uv": [87.5, 0], "uv_size": [-0.5, 0.5]},
								"east": {"uv": [0.5, 87], "uv_size": [-0.5, 0.5]},
								"south": {"uv": [86.5, 86], "uv_size": [-0.5, 0.5]},
								"west": {"uv": [1.5, 87], "uv_size": [-0.5, 0.5]},
								"up": {"uv": [87, 1.5], "uv_size": [0.5, -0.5]},
								"down": {"uv": [2, 87], "uv_size": [0.5, 0.5]}
							}
						},
						{
							"origin": [-0.38405, 15.11208, 8.28318],
							"size": [0.29818, 0.15796, 0.40221],
							"pivot": [-1.44268, 15.84134, 8.48429],
							"rotation": [90, 76.5, 89.99999],
							"uv": {
								"north": {"uv": [87.5, 3], "uv_size": [-0.5, 0.5]},
								"east": {"uv": [3.5, 87], "uv_size": [-0.5, 0.5]},
								"south": {"uv": [87.5, 2], "uv_size": [-0.5, 0.5]},
								"west": {"uv": [4.5, 87], "uv_size": [-0.5, 0.5]},
								"up": {"uv": [87, 4.5], "uv_size": [0.5, -0.5]},
								"down": {"uv": [5, 87], "uv_size": [0.5, 0.5]}
							}
						},
						{
							"origin": [0.02252, 15.54013, 8.28318],
							"size": [0.19423, 0.15796, 0.40221],
							"pivot": [-1.44268, 15.84134, 8.48429],
							"rotation": [90, 59.25, 90],
							"uv": {
								"north": {"uv": [87.5, 6], "uv_size": [-0.5, 0.5]},
								"east": {"uv": [6.5, 87], "uv_size": [-0.5, 0.5]},
								"south": {"uv": [87.5, 5], "uv_size": [-0.5, 0.5]},
								"west": {"uv": [7.5, 87], "uv_size": [-0.5, 0.5]},
								"up": {"uv": [87, 7.5], "uv_size": [0.5, -0.5]},
								"down": {"uv": [8, 87], "uv_size": [0.5, 0.5]}
							}
						},
						{
							"origin": [-1.64946, 16.17816, 12.62881],
							"size": [1.04246, 1.08259, 1.23122],
							"pivot": [-1.44268, 16.7509, 13.08719],
							"rotation": [90, 0, -22.5],
							"uv": {
								"north": {"uv": [85.5, 78], "uv_size": [-0.5, 0.5]},
								"east": {"uv": [78.5, 85], "uv_size": [-0.5, 0.5]},
								"south": {"uv": [85.5, 77], "uv_size": [-0.5, 0.5]},
								"west": {"uv": [79.5, 85], "uv_size": [-0.5, 0.5]},
								"up": {"uv": [85, 79.5], "uv_size": [0.5, -0.5]},
								"down": {"uv": [80, 85], "uv_size": [0.5, 0.5]}
							}
						},
						{
							"origin": [-1.67068, 17.59584, 12.42876],
							"size": [0.72801, 0.72801, 1.23122],
							"pivot": [-1.30667, 17.95984, 13.10726],
							"rotation": [90, -45, 0],
							"uv": {
								"north": {"uv": [85.5, 81], "uv_size": [-0.5, 0.5]},
								"east": {"uv": [81.5, 85], "uv_size": [-0.5, 0.5]},
								"south": {"uv": [85.5, 80], "uv_size": [-0.5, 0.5]},
								"west": {"uv": [82.5, 85], "uv_size": [-0.5, 0.5]},
								"up": {"uv": [85, 82.5], "uv_size": [0.5, -0.5]},
								"down": {"uv": [83, 85], "uv_size": [0.5, 0.5]}
							}
						},
						{
							"origin": [-0.916, 16.77827, 12.49165],
							"size": [0.72801, 0.72801, 0.97966],
							"pivot": [-0.55199, 17.14227, 13.10726],
							"rotation": [90, -45, 90],
							"uv": {
								"north": {"uv": [85.5, 84], "uv_size": [-0.5, 0.5]},
								"east": {"uv": [84.5, 85], "uv_size": [-0.5, 0.5]},
								"south": {"uv": [85.5, 83], "uv_size": [-0.5, 0.5]},
								"west": {"uv": [85.5, 85], "uv_size": [-0.5, 0.5]},
								"up": {"uv": [0, 86.5], "uv_size": [0.5, -0.5]},
								"down": {"uv": [86, 0], "uv_size": [0.5, 0.5]}
							}
						},
						{
							"origin": [-1.24125, 15.3359, 13.6678],
							"size": [0.31879, 0.31879, 0.14735],
							"pivot": [-1.08186, 15.4953, 13.54137],
							"rotation": [90, -45, 90],
							"uv": {
								"north": {"uv": [13.5, 86], "uv_size": [-0.5, 0.5]},
								"east": {"uv": [86.5, 12], "uv_size": [-0.5, 0.5]},
								"south": {"uv": [12.5, 86], "uv_size": [-0.5, 0.5]},
								"west": {"uv": [86.5, 13], "uv_size": [-0.5, 0.5]},
								"up": {"uv": [14, 86.5], "uv_size": [0.5, -0.5]},
								"down": {"uv": [86, 14], "uv_size": [0.5, 0.5]}
							}
						}
					]
				}
			]
		}
	]
}