{
	"format_version": "1.12.0",
	"minecraft:geometry": [
		{
			"description": {
				"identifier": "geometry.unknown",
				"texture_width": 1026,
				"texture_height": 1059,
				"visible_bounds_width": 6,
				"visible_bounds_height": 2.5,
				"visible_bounds_offset": [0, 0.75, 0]
			},
			"bones": [
				{
					"name": "bone",
					"pivot": [0, 0, 0]
				},
				{
					"name": "_ca_py",
					"parent": "bone",
					"pivot": [-0.41065, 10.81167, 23.43394],
					"cubes": [
						{
							"origin": [-0.91065, 10.31167, 22.93394],
							"size": [1, 1, 1],
							"uv": {
								"north": {"uv": [0, 0], "uv_size": [16.03125, 16.54688]},
								"east": {"uv": [0, 0], "uv_size": [16.03125, 16.54688]},
								"south": {"uv": [0, 0], "uv_size": [16.03125, 16.54688]},
								"west": {"uv": [0, 0], "uv_size": [16.03125, 16.54688]},
								"up": {"uv": [16.03125, 16.54688], "uv_size": [-16.03125, -16.54687]},
								"down": {"uv": [16.03125, 16.54688], "uv_size": [-16.03125, -16.54687]}
							}
						}
					]
				},
				{
					"name": "scope",
					"parent": "bone",
					"pivot": [-0.375, 14.425, 32.8],
					"cubes": [
						{
							"origin": [-0.875, 13.925, 32.3],
							"size": [1, 1, 1],
							"inflate": -0.4,
							"uv": {
								"north": {"uv": [0, 0], "uv_size": [16.03125, 16.54688]},
								"east": {"uv": [0, 0], "uv_size": [16.03125, 16.54688]},
								"south": {"uv": [0, 0], "uv_size": [16.03125, 16.54688]},
								"west": {"uv": [0, 0], "uv_size": [16.03125, 16.54688]},
								"up": {"uv": [16.03125, 16.54688], "uv_size": [-16.03125, -16.54687]},
								"down": {"uv": [16.03125, 16.54688], "uv_size": [-16.03125, -16.54687]}
							}
						}
					]
				},
				{
					"name": "scopepy",
					"parent": "bone",
					"pivot": [-0.28495, 13.36574, 25.84803],
					"cubes": [
						{
							"origin": [-1.55099, 10.23105, 19.75415],
							"size": [0.27247, 0.77387, 8.69129],
							"uv": {
								"north": {"uv": [81, 1031], "uv_size": [1, 1]},
								"east": {"uv": [67, 1030], "uv_size": [9, 1]},
								"south": {"uv": [78, 1046], "uv_size": [1, 1]},
								"west": {"uv": [67, 1031], "uv_size": [9, 1]},
								"up": {"uv": [67, 1032], "uv_size": [1, 9]},
								"down": {"uv": [68, 1041], "uv_size": [1, -9]}
							}
						},
						{
							"origin": [-1.55099, 10.79286, 19.57033],
							"size": [0.27247, 0.76324, 3.63952],
							"pivot": [-0.45748, 13.19397, 25.39967],
							"rotation": [5.5, 0, 0],
							"uv": {
								"north": {"uv": [67, 1049], "uv_size": [1, 1]},
								"east": {"uv": [71, 1037], "uv_size": [4, 1]},
								"south": {"uv": [90, 1026], "uv_size": [1, 1]},
								"west": {"uv": [78, 1032], "uv_size": [4, 1]},
								"up": {"uv": [78, 1033], "uv_size": [1, 4]},
								"down": {"uv": [75, 1041], "uv_size": [1, -4]}
							}
						},
						{
							"origin": [-1.55099, 11.00389, 23.37692],
							"size": [0.27247, 0.34986, 5.06852],
							"uv": {
								"north": {"uv": [68, 1049], "uv_size": [1, 1]},
								"east": {"uv": [71, 1034], "uv_size": [5, 1]},
								"south": {"uv": [90, 1027], "uv_size": [1, 1]},
								"west": {"uv": [71, 1035], "uv_size": [5, 1]},
								"up": {"uv": [76, 1034], "uv_size": [1, 5]},
								"down": {"uv": [77, 1031], "uv_size": [1, -5]}
							}
						},
						{
							"origin": [-2.7881, 10.23105, 27.60757],
							"size": [0.27247, 1.12434, 0.6123],
							"pivot": [-0.45748, 13.19397, 25.49867],
							"rotation": [0, 27.5, 0],
							"uv": {
								"north": {"uv": [69, 1049], "uv_size": [1, 1]},
								"east": {"uv": [90, 1028], "uv_size": [1, 1]},
								"south": {"uv": [70, 1049], "uv_size": [1, 1]},
								"west": {"uv": [90, 1029], "uv_size": [1, 1]},
								"up": {"uv": [71, 1049], "uv_size": [1, 1]},
								"down": {"uv": [90, 1031], "uv_size": [1, -1]}
							}
						},
						{
							"origin": [0.01153, 10.23105, 27.46455],
							"size": [0.47017, 2.05893, 1.88838],
							"uv": {
								"north": {"uv": [75, 1041], "uv_size": [1, 2]},
								"east": {"uv": [78, 1037], "uv_size": [2, 2]},
								"south": {"uv": [83, 1028], "uv_size": [1, 2]},
								"west": {"uv": [79, 1026], "uv_size": [2, 2]},
								"up": {"uv": [71, 1042], "uv_size": [1, 2]},
								"down": {"uv": [72, 1044], "uv_size": [1, -2]}
							}
						},
						{
							"origin": [-1.28252, 10.84595, 28.50715],
							"size": [1.76423, 0.33353, 0.19892],
							"pivot": [-0.45748, 13.19397, 25.39967],
							"rotation": [22.5, 0, 0],
							"uv": {
								"north": {"uv": [83, 1030], "uv_size": [2, 1]},
								"east": {"uv": [72, 1049], "uv_size": [1, 1]},
								"south": {"uv": [73, 1042], "uv_size": [2, 1]},
								"west": {"uv": [90, 1031], "uv_size": [1, 1]},
								"up": {"uv": [83, 1033], "uv_size": [2, 1]},
								"down": {"uv": [83, 1035], "uv_size": [2, -1]}
							}
						},
						{
							"origin": [-1.28252, 12.28896, 27.46455],
							"size": [1.76423, 0.38745, 1.6727],
							"uv": {
								"north": {"uv": [83, 1035], "uv_size": [2, 1]},
								"east": {"uv": [80, 1042], "uv_size": [2, 1]},
								"south": {"uv": [82, 1042], "uv_size": [2, 1]},
								"west": {"uv": [67, 1043], "uv_size": [2, 1]},
								"up": {"uv": [79, 1028], "uv_size": [2, 2]},
								"down": {"uv": [71, 1040], "uv_size": [2, -2]}
							}
						},
						{
							"origin": [-1.28252, 13.35298, 27.78516],
							"size": [0.47017, 0.43238, 0.46851],
							"pivot": [-0.45748, 13.19397, 25.39967],
							"rotation": [-45, 0, 0],
							"uv": {
								"north": {"uv": [73, 1049], "uv_size": [1, 1]},
								"east": {"uv": [90, 1032], "uv_size": [1, 1]},
								"south": {"uv": [74, 1049], "uv_size": [1, 1]},
								"west": {"uv": [90, 1033], "uv_size": [1, 1]},
								"up": {"uv": [75, 1049], "uv_size": [1, 1]},
								"down": {"uv": [90, 1035], "uv_size": [1, -1]}
							}
						},
						{
							"origin": [-1.28252, 13.37052, 27.518],
							"size": [0.47017, 1.04346, 0.43257],
							"pivot": [-0.45748, 13.19397, 25.39967],
							"rotation": [-67.5, 0, 0],
							"uv": {
								"north": {"uv": [76, 1049], "uv_size": [1, 1]},
								"east": {"uv": [90, 1035], "uv_size": [1, 1]},
								"south": {"uv": [90, 1036], "uv_size": [1, 1]},
								"west": {"uv": [90, 1037], "uv_size": [1, 1]},
								"up": {"uv": [90, 1038], "uv_size": [1, 1]},
								"down": {"uv": [90, 1040], "uv_size": [1, -1]}
							}
						},
						{
							"origin": [0.01153, 13.37052, 27.518],
							"size": [0.47017, 1.04346, 0.43257],
							"pivot": [-0.45748, 13.19397, 25.39967],
							"rotation": [-67.5, 0, 0],
							"uv": {
								"north": {"uv": [90, 1040], "uv_size": [1, 1]},
								"east": {"uv": [90, 1041], "uv_size": [1, 1]},
								"south": {"uv": [83, 1049], "uv_size": [1, 1]},
								"west": {"uv": [84, 1049], "uv_size": [1, 1]},
								"up": {"uv": [90, 1043], "uv_size": [1, 1]},
								"down": {"uv": [90, 1045], "uv_size": [1, -1]}
							}
						},
						{
							"origin": [0.01153, 13.35298, 27.78516],
							"size": [0.47017, 0.43238, 0.46851],
							"pivot": [-0.45748, 13.19397, 25.39967],
							"rotation": [-45, 0, 0],
							"uv": {
								"north": {"uv": [86, 1049], "uv_size": [1, 1]},
								"east": {"uv": [87, 1049], "uv_size": [1, 1]},
								"south": {"uv": [90, 1046], "uv_size": [1, 1]},
								"west": {"uv": [90, 1047], "uv_size": [1, 1]},
								"up": {"uv": [90, 1048], "uv_size": [1, 1]},
								"down": {"uv": [90, 1050], "uv_size": [1, -1]}
							}
						},
						{
							"origin": [-0.57772, 11.05675, 27.47476],
							"size": [0.23652, 0.71831, 0.97069],
							"pivot": [-0.45748, 13.19397, 25.39967],
							"rotation": [0, 0, 27.5],
							"uv": {
								"north": {"uv": [67, 1050], "uv_size": [1, 1]},
								"east": {"uv": [91, 1026], "uv_size": [1, 1]},
								"south": {"uv": [68, 1050], "uv_size": [1, 1]},
								"west": {"uv": [91, 1027], "uv_size": [1, 1]},
								"up": {"uv": [69, 1050], "uv_size": [1, 1]},
								"down": {"uv": [91, 1029], "uv_size": [1, -1]}
							}
						},
						{
							"origin": [-1.81762, 9.77067, 26.51367],
							"size": [0.27247, 0.71096, 0.6123],
							"pivot": [-0.45748, 13.19397, 25.49867],
							"rotation": [32.60137, 24.49223, 26.51311],
							"uv": {
								"north": {"uv": [70, 1050], "uv_size": [1, 1]},
								"east": {"uv": [91, 1029], "uv_size": [1, 1]},
								"south": {"uv": [71, 1050], "uv_size": [1, 1]},
								"west": {"uv": [91, 1030], "uv_size": [1, 1]},
								"up": {"uv": [72, 1050], "uv_size": [1, 1]},
								"down": {"uv": [91, 1032], "uv_size": [1, -1]}
							}
						},
						{
							"origin": [-1.28252, 10.23105, 27.46455],
							"size": [0.47017, 2.05893, 1.88838],
							"uv": {
								"north": {"uv": [69, 1043], "uv_size": [1, 2]},
								"east": {"uv": [73, 1038], "uv_size": [2, 2]},
								"south": {"uv": [84, 1028], "uv_size": [1, 2]},
								"west": {"uv": [79, 1033], "uv_size": [2, 2]},
								"up": {"uv": [70, 1043], "uv_size": [1, 2]},
								"down": {"uv": [84, 1033], "uv_size": [1, -2]}
							}
						},
						{
							"origin": [-0.71623, 10.9983, 29.04855],
							"size": [0.63163, 0.63405, 0.67563],
							"pivot": [-0.40041, 11.31533, 28.90374],
							"rotation": [0, 0, 22.5],
							"uv": {
								"north": {"uv": [73, 1050], "uv_size": [1, 1]},
								"east": {"uv": [91, 1032], "uv_size": [1, 1]},
								"south": {"uv": [74, 1050], "uv_size": [1, 1]},
								"west": {"uv": [91, 1033], "uv_size": [1, 1]},
								"up": {"uv": [75, 1050], "uv_size": [1, 1]},
								"down": {"uv": [91, 1035], "uv_size": [1, -1]}
							}
						},
						{
							"origin": [-0.81523, 10.23105, 28.94955],
							"size": [0.82963, 1.82205, 0.40338],
							"uv": {
								"north": {"uv": [73, 1043], "uv_size": [1, 2]},
								"east": {"uv": [74, 1043], "uv_size": [1, 2]},
								"south": {"uv": [75, 1043], "uv_size": [1, 2]},
								"west": {"uv": [76, 1043], "uv_size": [1, 2]},
								"up": {"uv": [76, 1050], "uv_size": [1, 1]},
								"down": {"uv": [91, 1036], "uv_size": [1, -1]}
							}
						},
						{
							"origin": [-0.81523, 12.02835, 27.46455],
							"size": [0.82963, 0.26164, 1.88838],
							"uv": {
								"north": {"uv": [77, 1050], "uv_size": [1, 1]},
								"east": {"uv": [77, 1043], "uv_size": [2, 1]},
								"south": {"uv": [91, 1036], "uv_size": [1, 1]},
								"west": {"uv": [84, 1036], "uv_size": [2, 1]},
								"up": {"uv": [84, 1037], "uv_size": [1, 2]},
								"down": {"uv": [79, 1045], "uv_size": [1, -2]}
							}
						},
						{
							"origin": [0.47883, 11.00389, 23.37692],
							"size": [0.27247, 0.34986, 5.06852],
							"uv": {
								"north": {"uv": [78, 1050], "uv_size": [1, 1]},
								"east": {"uv": [76, 1031], "uv_size": [5, 1]},
								"south": {"uv": [91, 1037], "uv_size": [1, 1]},
								"west": {"uv": [71, 1036], "uv_size": [5, 1]},
								"up": {"uv": [77, 1034], "uv_size": [1, 5]},
								"down": {"uv": [78, 1031], "uv_size": [1, -5]}
							}
						},
						{
							"origin": [0.47883, 10.79286, 19.57033],
							"size": [0.27247, 0.76324, 3.63952],
							"pivot": [-0.45748, 13.19397, 25.39967],
							"rotation": [5.5, 0, 0],
							"uv": {
								"north": {"uv": [79, 1050], "uv_size": [1, 1]},
								"east": {"uv": [79, 1030], "uv_size": [4, 1]},
								"south": {"uv": [91, 1038], "uv_size": [1, 1]},
								"west": {"uv": [79, 1035], "uv_size": [4, 1]},
								"up": {"uv": [76, 1039], "uv_size": [1, 4]},
								"down": {"uv": [77, 1043], "uv_size": [1, -4]}
							}
						},
						{
							"origin": [0.47883, 10.23105, 19.75415],
							"size": [0.27247, 0.77387, 8.69129],
							"uv": {
								"north": {"uv": [80, 1050], "uv_size": [1, 1]},
								"east": {"uv": [69, 1032], "uv_size": [9, 1]},
								"south": {"uv": [91, 1039], "uv_size": [1, 1]},
								"west": {"uv": [69, 1033], "uv_size": [9, 1]},
								"up": {"uv": [69, 1034], "uv_size": [1, 9]},
								"down": {"uv": [70, 1043], "uv_size": [1, -9]}
							}
						},
						{
							"origin": [1.70292, 10.23105, 27.55434],
							"size": [0.27247, 1.12434, 0.6123],
							"pivot": [-0.45748, 13.19397, 25.49867],
							"rotation": [0, -27.5, 0],
							"uv": {
								"north": {"uv": [81, 1050], "uv_size": [1, 1]},
								"east": {"uv": [91, 1040], "uv_size": [1, 1]},
								"south": {"uv": [82, 1050], "uv_size": [1, 1]},
								"west": {"uv": [91, 1041], "uv_size": [1, 1]},
								"up": {"uv": [83, 1050], "uv_size": [1, 1]},
								"down": {"uv": [91, 1043], "uv_size": [1, -1]}
							}
						},
						{
							"origin": [0.72405, 9.75036, 26.44992],
							"size": [0.27247, 0.71096, 0.6123],
							"pivot": [-0.45748, 13.19397, 25.49867],
							"rotation": [32.60137, -24.49223, -26.51311],
							"uv": {
								"north": {"uv": [84, 1050], "uv_size": [1, 1]},
								"east": {"uv": [91, 1043], "uv_size": [1, 1]},
								"south": {"uv": [85, 1050], "uv_size": [1, 1]},
								"west": {"uv": [91, 1044], "uv_size": [1, 1]},
								"up": {"uv": [86, 1050], "uv_size": [1, 1]},
								"down": {"uv": [91, 1046], "uv_size": [1, -1]}
							}
						},
						{
							"origin": [-0.47153, 11.00353, 27.47476],
							"size": [0.23652, 0.71831, 0.97069],
							"pivot": [-0.45748, 13.19397, 25.39967],
							"rotation": [0, 0, -27.5],
							"uv": {
								"north": {"uv": [87, 1050], "uv_size": [1, 1]},
								"east": {"uv": [91, 1046], "uv_size": [1, 1]},
								"south": {"uv": [88, 1050], "uv_size": [1, 1]},
								"west": {"uv": [91, 1047], "uv_size": [1, 1]},
								"up": {"uv": [89, 1050], "uv_size": [1, 1]},
								"down": {"uv": [91, 1049], "uv_size": [1, -1]}
							}
						},
						{
							"origin": [-1.3005, 10.23105, 26.35922],
							"size": [1.80017, 1.07042, 1.10655],
							"uv": {
								"north": {"uv": [80, 1043], "uv_size": [2, 1]},
								"east": {"uv": [90, 1050], "uv_size": [1, 1]},
								"south": {"uv": [84, 1039], "uv_size": [2, 1]},
								"west": {"uv": [91, 1049], "uv_size": [1, 1]},
								"up": {"uv": [84, 1040], "uv_size": [2, 1]},
								"down": {"uv": [82, 1044], "uv_size": [2, -1]}
							}
						},
						{
							"origin": [-1.28252, 10.06752, 27.16104],
							"size": [1.76423, 0.60312, 0.52243],
							"pivot": [-0.45748, 13.19397, 25.39967],
							"rotation": [45, 0, 0],
							"uv": {
								"north": {"uv": [84, 1041], "uv_size": [2, 1]},
								"east": {"uv": [91, 1050], "uv_size": [1, 1]},
								"south": {"uv": [84, 1042], "uv_size": [2, 1]},
								"west": {"uv": [67, 1051], "uv_size": [1, 1]},
								"up": {"uv": [84, 1043], "uv_size": [2, 1]},
								"down": {"uv": [67, 1045], "uv_size": [2, -1]}
							}
						},
						{
							"origin": [-1.28252, 10.32084, 26.48263],
							"size": [0.4522, 0.26164, 0.19892],
							"pivot": [-0.45748, 13.19397, 25.39967],
							"rotation": [67.5, 0, 0],
							"uv": {
								"north": {"uv": [92, 1026], "uv_size": [1, 1]},
								"east": {"uv": [68, 1051], "uv_size": [1, 1]},
								"south": {"uv": [92, 1027], "uv_size": [1, 1]},
								"west": {"uv": [69, 1051], "uv_size": [1, 1]},
								"up": {"uv": [92, 1028], "uv_size": [1, 1]},
								"down": {"uv": [70, 1052], "uv_size": [1, -1]}
							}
						},
						{
							"origin": [-1.28252, 10.67064, 27.19698],
							"size": [0.4522, 0.35946, 0.48649],
							"pivot": [-0.45748, 13.19397, 25.39967],
							"rotation": [45, 0, 0],
							"uv": {
								"north": {"uv": [92, 1029], "uv_size": [1, 1]},
								"east": {"uv": [71, 1051], "uv_size": [1, 1]},
								"south": {"uv": [92, 1030], "uv_size": [1, 1]},
								"west": {"uv": [72, 1051], "uv_size": [1, 1]},
								"up": {"uv": [92, 1031], "uv_size": [1, 1]},
								"down": {"uv": [73, 1052], "uv_size": [1, -1]}
							}
						},
						{
							"origin": [0.0295, 10.32084, 26.48263],
							"size": [0.4522, 0.26164, 0.19892],
							"pivot": [-0.45748, 13.19397, 25.39967],
							"rotation": [67.5, 0, 0],
							"uv": {
								"north": {"uv": [92, 1032], "uv_size": [1, 1]},
								"east": {"uv": [74, 1051], "uv_size": [1, 1]},
								"south": {"uv": [92, 1033], "uv_size": [1, 1]},
								"west": {"uv": [75, 1051], "uv_size": [1, 1]},
								"up": {"uv": [92, 1034], "uv_size": [1, 1]},
								"down": {"uv": [76, 1052], "uv_size": [1, -1]}
							}
						},
						{
							"origin": [0.0295, 10.67064, 27.30482],
							"size": [0.4522, 0.35946, 0.37865],
							"pivot": [-0.45748, 13.19397, 25.39967],
							"rotation": [45, 0, 0],
							"uv": {
								"north": {"uv": [92, 1035], "uv_size": [1, 1]},
								"east": {"uv": [77, 1051], "uv_size": [1, 1]},
								"south": {"uv": [92, 1036], "uv_size": [1, 1]},
								"west": {"uv": [78, 1051], "uv_size": [1, 1]},
								"up": {"uv": [92, 1037], "uv_size": [1, 1]},
								"down": {"uv": [79, 1052], "uv_size": [1, -1]}
							}
						},
						{
							"origin": [-1.28252, 10.29072, 25.38568],
							"size": [0.4522, 0.64872, 0.19892],
							"pivot": [-0.45748, 13.19397, 25.39967],
							"rotation": [90, 0, 0],
							"uv": {
								"north": {"uv": [92, 1038], "uv_size": [1, 1]},
								"east": {"uv": [80, 1051], "uv_size": [1, 1]},
								"south": {"uv": [92, 1039], "uv_size": [1, 1]},
								"west": {"uv": [81, 1051], "uv_size": [1, 1]},
								"up": {"uv": [92, 1040], "uv_size": [1, 1]},
								"down": {"uv": [82, 1052], "uv_size": [1, -1]}
							}
						},
						{
							"origin": [0.0295, 10.29072, 25.38568],
							"size": [0.4522, 0.64872, 0.19892],
							"pivot": [-0.45748, 13.19397, 25.39967],
							"rotation": [90, 0, 0],
							"uv": {
								"north": {"uv": [92, 1041], "uv_size": [1, 1]},
								"east": {"uv": [83, 1051], "uv_size": [1, 1]},
								"south": {"uv": [92, 1042], "uv_size": [1, 1]},
								"west": {"uv": [84, 1051], "uv_size": [1, 1]},
								"up": {"uv": [92, 1043], "uv_size": [1, 1]},
								"down": {"uv": [85, 1052], "uv_size": [1, -1]}
							}
						},
						{
							"origin": [-1.28252, 11.4673, 27.10931],
							"size": [0.4522, 0.69299, 0.60331],
							"pivot": [-0.45748, 13.19397, 25.39967],
							"rotation": [22.5, 0, 0],
							"uv": {
								"north": {"uv": [92, 1044], "uv_size": [1, 1]},
								"east": {"uv": [86, 1051], "uv_size": [1, 1]},
								"south": {"uv": [92, 1045], "uv_size": [1, 1]},
								"west": {"uv": [87, 1051], "uv_size": [1, 1]},
								"up": {"uv": [92, 1046], "uv_size": [1, 1]},
								"down": {"uv": [88, 1052], "uv_size": [1, -1]}
							}
						},
						{
							"origin": [-1.28252, 11.4587, 26.69734],
							"size": [0.4522, 0.46833, 0.57635],
							"pivot": [-0.45748, 13.19397, 25.39967],
							"rotation": [38.75, 0, 0],
							"uv": {
								"north": {"uv": [92, 1047], "uv_size": [1, 1]},
								"east": {"uv": [89, 1051], "uv_size": [1, 1]},
								"south": {"uv": [92, 1048], "uv_size": [1, 1]},
								"west": {"uv": [90, 1051], "uv_size": [1, 1]},
								"up": {"uv": [92, 1049], "uv_size": [1, 1]},
								"down": {"uv": [91, 1052], "uv_size": [1, -1]}
							}
						},
						{
							"origin": [-1.28252, 11.32187, 26.09822],
							"size": [0.4522, 0.67501, 0.18095],
							"pivot": [-0.45748, 13.19397, 25.39967],
							"rotation": [61.25, 0, 0],
							"uv": {
								"north": {"uv": [92, 1050], "uv_size": [1, 1]},
								"east": {"uv": [92, 1051], "uv_size": [1, 1]},
								"south": {"uv": [67, 1052], "uv_size": [1, 1]},
								"west": {"uv": [93, 1026], "uv_size": [1, 1]},
								"up": {"uv": [68, 1052], "uv_size": [1, 1]},
								"down": {"uv": [93, 1028], "uv_size": [1, -1]}
							}
						},
						{
							"origin": [-1.28252, 11.82465, 25.79447],
							"size": [0.4522, 1.27711, 0.18095],
							"pivot": [-0.45748, 13.19397, 25.39967],
							"rotation": [74.75, 0, 0],
							"uv": {
								"north": {"uv": [69, 1052], "uv_size": [1, 1]},
								"east": {"uv": [93, 1028], "uv_size": [1, 1]},
								"south": {"uv": [70, 1052], "uv_size": [1, 1]},
								"west": {"uv": [93, 1029], "uv_size": [1, 1]},
								"up": {"uv": [71, 1052], "uv_size": [1, 1]},
								"down": {"uv": [93, 1031], "uv_size": [1, -1]}
							}
						},
						{
							"origin": [-1.28252, 12.48666, 27.46455],
							"size": [0.4522, 0.74691, 1.07959],
							"uv": {
								"north": {"uv": [72, 1052], "uv_size": [1, 1]},
								"east": {"uv": [93, 1031], "uv_size": [1, 1]},
								"south": {"uv": [73, 1052], "uv_size": [1, 1]},
								"west": {"uv": [93, 1032], "uv_size": [1, 1]},
								"up": {"uv": [74, 1052], "uv_size": [1, 1]},
								"down": {"uv": [93, 1034], "uv_size": [1, -1]}
							}
						},
						{
							"origin": [0.0295, 12.48666, 27.46455],
							"size": [0.4522, 0.74691, 1.07959],
							"uv": {
								"north": {"uv": [75, 1052], "uv_size": [1, 1]},
								"east": {"uv": [93, 1034], "uv_size": [1, 1]},
								"south": {"uv": [76, 1052], "uv_size": [1, 1]},
								"west": {"uv": [93, 1035], "uv_size": [1, 1]},
								"up": {"uv": [77, 1052], "uv_size": [1, 1]},
								"down": {"uv": [93, 1037], "uv_size": [1, -1]}
							}
						},
						{
							"origin": [0.0295, 11.32187, 26.09822],
							"size": [0.4522, 0.67501, 0.18095],
							"pivot": [-0.45748, 13.19397, 25.39967],
							"rotation": [61.25, 0, 0],
							"uv": {
								"north": {"uv": [78, 1052], "uv_size": [1, 1]},
								"east": {"uv": [93, 1037], "uv_size": [1, 1]},
								"south": {"uv": [79, 1052], "uv_size": [1, 1]},
								"west": {"uv": [93, 1038], "uv_size": [1, 1]},
								"up": {"uv": [80, 1052], "uv_size": [1, 1]},
								"down": {"uv": [93, 1040], "uv_size": [1, -1]}
							}
						},
						{
							"origin": [0.0295, 11.4587, 26.69734],
							"size": [0.4522, 0.46833, 0.57635],
							"pivot": [-0.45748, 13.19397, 25.39967],
							"rotation": [38.75, 0, 0],
							"uv": {
								"north": {"uv": [81, 1052], "uv_size": [1, 1]},
								"east": {"uv": [93, 1040], "uv_size": [1, 1]},
								"south": {"uv": [82, 1052], "uv_size": [1, 1]},
								"west": {"uv": [93, 1041], "uv_size": [1, 1]},
								"up": {"uv": [83, 1052], "uv_size": [1, 1]},
								"down": {"uv": [93, 1043], "uv_size": [1, -1]}
							}
						},
						{
							"origin": [0.0295, 11.4673, 27.10931],
							"size": [0.4522, 0.69299, 0.60331],
							"pivot": [-0.45748, 13.19397, 25.39967],
							"rotation": [22.5, 0, 0],
							"uv": {
								"north": {"uv": [84, 1052], "uv_size": [1, 1]},
								"east": {"uv": [93, 1043], "uv_size": [1, 1]},
								"south": {"uv": [85, 1052], "uv_size": [1, 1]},
								"west": {"uv": [93, 1044], "uv_size": [1, 1]},
								"up": {"uv": [86, 1052], "uv_size": [1, 1]},
								"down": {"uv": [93, 1046], "uv_size": [1, -1]}
							}
						},
						{
							"origin": [-1.28252, 10.75786, 25.75377],
							"size": [0.4522, 2.46332, 0.18095],
							"pivot": [-0.45748, 13.19397, 25.39967],
							"rotation": [90, 0, 0],
							"uv": {
								"north": {"uv": [85, 1026], "uv_size": [1, 2]},
								"east": {"uv": [85, 1028], "uv_size": [1, 2]},
								"south": {"uv": [71, 1044], "uv_size": [1, 2]},
								"west": {"uv": [85, 1030], "uv_size": [1, 2]},
								"up": {"uv": [87, 1052], "uv_size": [1, 1]},
								"down": {"uv": [93, 1047], "uv_size": [1, -1]}
							}
						},
						{
							"origin": [-1.28477, 12.40145, 26.51364],
							"size": [0.2542, 2.46332, 0.18095],
							"pivot": [-1.05867, 13.63312, 26.60412],
							"rotation": [90, 0, 45],
							"uv": {
								"north": {"uv": [72, 1044], "uv_size": [1, 2]},
								"east": {"uv": [85, 1032], "uv_size": [1, 2]},
								"south": {"uv": [85, 1034], "uv_size": [1, 2]},
								"west": {"uv": [77, 1044], "uv_size": [1, 2]},
								"up": {"uv": [88, 1052], "uv_size": [1, 1]},
								"down": {"uv": [93, 1048], "uv_size": [1, -1]}
							}
						},
						{
							"origin": [0.23088, 12.40145, 26.51364],
							"size": [0.2542, 2.46332, 0.18095],
							"pivot": [0.25898, 13.63312, 26.60412],
							"rotation": [90, 0, -45],
							"uv": {
								"north": {"uv": [78, 1044], "uv_size": [1, 2]},
								"east": {"uv": [85, 1037], "uv_size": [1, 2]},
								"south": {"uv": [80, 1044], "uv_size": [1, 2]},
								"west": {"uv": [81, 1044], "uv_size": [1, 2]},
								"up": {"uv": [89, 1052], "uv_size": [1, 1]},
								"down": {"uv": [93, 1049], "uv_size": [1, -1]}
							}
						},
						{
							"origin": [-1.28252, 10.75786, 25.32242],
							"size": [0.4522, 0.71995, 0.43257],
							"pivot": [-0.45748, 13.19397, 25.39967],
							"rotation": [90, 0, 0],
							"uv": {
								"north": {"uv": [90, 1052], "uv_size": [1, 1]},
								"east": {"uv": [93, 1049], "uv_size": [1, 1]},
								"south": {"uv": [91, 1052], "uv_size": [1, 1]},
								"west": {"uv": [93, 1050], "uv_size": [1, 1]},
								"up": {"uv": [92, 1052], "uv_size": [1, 1]},
								"down": {"uv": [93, 1052], "uv_size": [1, -1]}
							}
						},
						{
							"origin": [-1.28252, 11.52523, 26.05597],
							"size": [0.4522, 0.97157, 0.16297],
							"pivot": [-0.45748, 13.19397, 25.39967],
							"rotation": [67.5, 0, 0],
							"uv": {
								"north": {"uv": [93, 1052], "uv_size": [1, 1]},
								"east": {"uv": [67, 1053], "uv_size": [1, 1]},
								"south": {"uv": [94, 1026], "uv_size": [1, 1]},
								"west": {"uv": [68, 1053], "uv_size": [1, 1]},
								"up": {"uv": [94, 1027], "uv_size": [1, 1]},
								"down": {"uv": [69, 1054], "uv_size": [1, -1]}
							}
						},
						{
							"origin": [-1.28252, 11.61826, 26.19889],
							"size": [0.4522, 0.53123, 0.19892],
							"pivot": [-0.45748, 13.19397, 25.39967],
							"rotation": [67.5, 0, 0],
							"uv": {
								"north": {"uv": [94, 1028], "uv_size": [1, 1]},
								"east": {"uv": [70, 1053], "uv_size": [1, 1]},
								"south": {"uv": [94, 1029], "uv_size": [1, 1]},
								"west": {"uv": [71, 1053], "uv_size": [1, 1]},
								"up": {"uv": [94, 1030], "uv_size": [1, 1]},
								"down": {"uv": [72, 1054], "uv_size": [1, -1]}
							}
						},
						{
							"origin": [0.58539, 13.22016, 26.47688],
							"size": [0.30842, 0.45035, 0.31574],
							"pivot": [-0.2885, 13.19397, 25.39967],
							"rotation": [90, 0, 0],
							"uv": {
								"north": {"uv": [94, 1031], "uv_size": [1, 1]},
								"east": {"uv": [73, 1053], "uv_size": [1, 1]},
								"south": {"uv": [94, 1032], "uv_size": [1, 1]},
								"west": {"uv": [74, 1053], "uv_size": [1, 1]},
								"up": {"uv": [94, 1033], "uv_size": [1, 1]},
								"down": {"uv": [75, 1054], "uv_size": [1, -1]}
							}
						},
						{
							"origin": [-0.33965, 13.22016, 26.10518],
							"size": [0.30315, 2.39143, 0.46325],
							"pivot": [-0.2885, 13.19397, 25.39967],
							"rotation": [90, 0, 45],
							"uv": {
								"north": {"uv": [82, 1044], "uv_size": [1, 2]},
								"east": {"uv": [83, 1044], "uv_size": [1, 2]},
								"south": {"uv": [84, 1044], "uv_size": [1, 2]},
								"west": {"uv": [85, 1044], "uv_size": [1, 2]},
								"up": {"uv": [94, 1034], "uv_size": [1, 1]},
								"down": {"uv": [76, 1054], "uv_size": [1, -1]}
							}
						},
						{
							"origin": [0.0859, 13.22016, 26.38303],
							"size": [0.30568, 0.45035, 0.4643],
							"pivot": [-0.2885, 13.19397, 25.39967],
							"rotation": [90, 0, 22.5],
							"uv": {
								"north": {"uv": [94, 1035], "uv_size": [1, 1]},
								"east": {"uv": [77, 1053], "uv_size": [1, 1]},
								"south": {"uv": [94, 1036], "uv_size": [1, 1]},
								"west": {"uv": [78, 1053], "uv_size": [1, 1]},
								"up": {"uv": [94, 1037], "uv_size": [1, 1]},
								"down": {"uv": [79, 1054], "uv_size": [1, -1]}
							}
						},
						{
							"origin": [0.06115, 15.16124, 26.38303],
							"size": [0.30568, 0.45035, 0.4643],
							"pivot": [-0.31325, 13.19397, 25.39967],
							"rotation": [90, 0, 22.5],
							"uv": {
								"north": {"uv": [94, 1038], "uv_size": [1, 1]},
								"east": {"uv": [80, 1053], "uv_size": [1, 1]},
								"south": {"uv": [94, 1039], "uv_size": [1, 1]},
								"west": {"uv": [81, 1053], "uv_size": [1, 1]},
								"up": {"uv": [94, 1040], "uv_size": [1, 1]},
								"down": {"uv": [82, 1054], "uv_size": [1, -1]}
							}
						},
						{
							"origin": [0.56064, 15.16124, 26.47688],
							"size": [0.30842, 0.45035, 0.31574],
							"pivot": [-0.31325, 13.19397, 25.39967],
							"rotation": [90, 0, 0],
							"uv": {
								"north": {"uv": [94, 1041], "uv_size": [1, 1]},
								"east": {"uv": [83, 1053], "uv_size": [1, 1]},
								"south": {"uv": [94, 1042], "uv_size": [1, 1]},
								"west": {"uv": [84, 1053], "uv_size": [1, 1]},
								"up": {"uv": [94, 1043], "uv_size": [1, 1]},
								"down": {"uv": [85, 1054], "uv_size": [1, -1]}
							}
						},
						{
							"origin": [0.06115, 13.56139, 27.13441],
							"size": [0.30568, 0.45035, 0.67997],
							"pivot": [-0.31325, 13.19397, 25.39967],
							"rotation": [135, 0, 22.5],
							"uv": {
								"north": {"uv": [94, 1044], "uv_size": [1, 1]},
								"east": {"uv": [86, 1053], "uv_size": [1, 1]},
								"south": {"uv": [94, 1045], "uv_size": [1, 1]},
								"west": {"uv": [87, 1053], "uv_size": [1, 1]},
								"up": {"uv": [94, 1046], "uv_size": [1, 1]},
								"down": {"uv": [88, 1054], "uv_size": [1, -1]}
							}
						},
						{
							"origin": [0.06115, 11.83384, 24.71249],
							"size": [0.30568, 0.45035, 0.67997],
							"pivot": [-0.31325, 13.19397, 25.39967],
							"rotation": [-135, 0, 22.5],
							"uv": {
								"north": {"uv": [94, 1047], "uv_size": [1, 1]},
								"east": {"uv": [89, 1053], "uv_size": [1, 1]},
								"south": {"uv": [94, 1048], "uv_size": [1, 1]},
								"west": {"uv": [90, 1053], "uv_size": [1, 1]},
								"up": {"uv": [94, 1049], "uv_size": [1, 1]},
								"down": {"uv": [91, 1054], "uv_size": [1, -1]}
							}
						},
						{
							"origin": [0.56064, 14.47843, 26.85409],
							"size": [0.30842, 0.18076, 0.58534],
							"pivot": [-0.31325, 13.19397, 25.39967],
							"rotation": [112.5, 0, 0],
							"uv": {
								"north": {"uv": [94, 1050], "uv_size": [1, 1]},
								"east": {"uv": [92, 1053], "uv_size": [1, 1]},
								"south": {"uv": [94, 1051], "uv_size": [1, 1]},
								"west": {"uv": [93, 1053], "uv_size": [1, 1]},
								"up": {"uv": [94, 1052], "uv_size": [1, 1]},
								"down": {"uv": [94, 1054], "uv_size": [1, -1]}
							}
						},
						{
							"origin": [0.58539, 12.22065, 24.29511],
							"size": [0.30842, 0.18076, 0.58534],
							"pivot": [-0.2885, 13.19397, 25.39967],
							"rotation": [-112.5, 0, 0],
							"uv": {
								"north": {"uv": [67, 1054], "uv_size": [1, 1]},
								"east": {"uv": [95, 1026], "uv_size": [1, 1]},
								"south": {"uv": [68, 1054], "uv_size": [1, 1]},
								"west": {"uv": [95, 1027], "uv_size": [1, 1]},
								"up": {"uv": [69, 1054], "uv_size": [1, 1]},
								"down": {"uv": [95, 1029], "uv_size": [1, -1]}
							}
						},
						{
							"origin": [0.03063, 10.75786, 25.32242],
							"size": [0.4522, 0.71995, 0.43257],
							"pivot": [-0.45748, 13.19397, 25.39967],
							"rotation": [90, 0, 0],
							"uv": {
								"north": {"uv": [70, 1054], "uv_size": [1, 1]},
								"east": {"uv": [95, 1029], "uv_size": [1, 1]},
								"south": {"uv": [71, 1054], "uv_size": [1, 1]},
								"west": {"uv": [95, 1030], "uv_size": [1, 1]},
								"up": {"uv": [72, 1054], "uv_size": [1, 1]},
								"down": {"uv": [95, 1032], "uv_size": [1, -1]}
							}
						},
						{
							"origin": [0.03063, 11.61826, 26.19889],
							"size": [0.4522, 0.53123, 0.19892],
							"pivot": [-0.45748, 13.19397, 25.39967],
							"rotation": [67.5, 0, 0],
							"uv": {
								"north": {"uv": [73, 1054], "uv_size": [1, 1]},
								"east": {"uv": [95, 1032], "uv_size": [1, 1]},
								"south": {"uv": [74, 1054], "uv_size": [1, 1]},
								"west": {"uv": [95, 1033], "uv_size": [1, 1]},
								"up": {"uv": [75, 1054], "uv_size": [1, 1]},
								"down": {"uv": [95, 1035], "uv_size": [1, -1]}
							}
						},
						{
							"origin": [0.03063, 11.52523, 26.05597],
							"size": [0.4522, 0.97157, 0.16297],
							"pivot": [-0.45748, 13.19397, 25.39967],
							"rotation": [67.5, 0, 0],
							"uv": {
								"north": {"uv": [76, 1054], "uv_size": [1, 1]},
								"east": {"uv": [95, 1035], "uv_size": [1, 1]},
								"south": {"uv": [77, 1054], "uv_size": [1, 1]},
								"west": {"uv": [95, 1036], "uv_size": [1, 1]},
								"up": {"uv": [78, 1054], "uv_size": [1, 1]},
								"down": {"uv": [95, 1038], "uv_size": [1, -1]}
							}
						},
						{
							"origin": [0.03063, 11.82465, 25.79447],
							"size": [0.4522, 1.27711, 0.18095],
							"pivot": [-0.45748, 13.19397, 25.39967],
							"rotation": [74.75, 0, 0],
							"uv": {
								"north": {"uv": [79, 1054], "uv_size": [1, 1]},
								"east": {"uv": [95, 1038], "uv_size": [1, 1]},
								"south": {"uv": [80, 1054], "uv_size": [1, 1]},
								"west": {"uv": [95, 1039], "uv_size": [1, 1]},
								"up": {"uv": [81, 1054], "uv_size": [1, 1]},
								"down": {"uv": [95, 1041], "uv_size": [1, -1]}
							}
						},
						{
							"origin": [0.03063, 10.75786, 25.75377],
							"size": [0.4522, 2.46332, 0.18095],
							"pivot": [-0.45748, 13.19397, 25.39967],
							"rotation": [90, 0, 0],
							"uv": {
								"north": {"uv": [67, 1045], "uv_size": [1, 2]},
								"east": {"uv": [86, 1026], "uv_size": [1, 2]},
								"south": {"uv": [68, 1045], "uv_size": [1, 2]},
								"west": {"uv": [69, 1045], "uv_size": [1, 2]},
								"up": {"uv": [82, 1054], "uv_size": [1, 1]},
								"down": {"uv": [95, 1042], "uv_size": [1, -1]}
							}
						},
						{
							"origin": [-1.14933, 13.22016, 26.42715],
							"size": [0.30568, 2.39143, 0.4643],
							"pivot": [-0.36275, 13.19397, 25.39967],
							"rotation": [90, 0, -22.5],
							"uv": {
								"north": {"uv": [86, 1028], "uv_size": [1, 2]},
								"east": {"uv": [70, 1045], "uv_size": [1, 2]},
								"south": {"uv": [86, 1030], "uv_size": [1, 2]},
								"west": {"uv": [73, 1045], "uv_size": [1, 2]},
								"up": {"uv": [83, 1054], "uv_size": [1, 1]},
								"down": {"uv": [95, 1043], "uv_size": [1, -1]}
							}
						},
						{
							"origin": [-0.69626, 13.22016, 26.1867],
							"size": [0.30315, 2.39143, 0.46325],
							"pivot": [-0.36275, 13.19397, 25.39967],
							"rotation": [90, 0, -45],
							"uv": {
								"north": {"uv": [86, 1032], "uv_size": [1, 2]},
								"east": {"uv": [74, 1045], "uv_size": [1, 2]},
								"south": {"uv": [75, 1045], "uv_size": [1, 2]},
								"west": {"uv": [86, 1034], "uv_size": [1, 2]},
								"up": {"uv": [84, 1054], "uv_size": [1, 1]},
								"down": {"uv": [95, 1044], "uv_size": [1, -1]}
							}
						},
						{
							"origin": [-1.03467, 12.37034, 23.94614],
							"size": [0.30315, 2.39143, 0.46325],
							"pivot": [-0.88309, 13.56606, 24.17777],
							"rotation": [90, 0, -67.5],
							"uv": {
								"north": {"uv": [76, 1045], "uv_size": [1, 2]},
								"east": {"uv": [86, 1036], "uv_size": [1, 2]},
								"south": {"uv": [79, 1045], "uv_size": [1, 2]},
								"west": {"uv": [86, 1038], "uv_size": [1, 2]},
								"up": {"uv": [85, 1054], "uv_size": [1, 1]},
								"down": {"uv": [95, 1045], "uv_size": [1, -1]}
							}
						},
						{
							"origin": [-0.03501, 12.37034, 23.94614],
							"size": [0.30315, 2.39143, 0.46325],
							"pivot": [0.11657, 13.56606, 24.17777],
							"rotation": [90, 0, 67.5],
							"uv": {
								"north": {"uv": [86, 1040], "uv_size": [1, 2]},
								"east": {"uv": [86, 1042], "uv_size": [1, 2]},
								"south": {"uv": [86, 1044], "uv_size": [1, 2]},
								"west": {"uv": [87, 1026], "uv_size": [1, 2]},
								"up": {"uv": [86, 1054], "uv_size": [1, 1]},
								"down": {"uv": [95, 1046], "uv_size": [1, -1]}
							}
						},
						{
							"origin": [-0.44737, 12.29324, 23.74646],
							"size": [0.30315, 2.39143, 0.68768],
							"pivot": [-0.2958, 13.48895, 24.17777],
							"rotation": [90, 0, 90],
							"uv": {
								"north": {"uv": [87, 1028], "uv_size": [1, 2]},
								"east": {"uv": [71, 1046], "uv_size": [1, 2]},
								"south": {"uv": [87, 1030], "uv_size": [1, 2]},
								"west": {"uv": [72, 1046], "uv_size": [1, 2]},
								"up": {"uv": [87, 1054], "uv_size": [1, 1]},
								"down": {"uv": [95, 1047], "uv_size": [1, -1]}
							}
						},
						{
							"origin": [-1.66034, 13.22016, 26.47688],
							"size": [0.30842, 2.39143, 0.31574],
							"pivot": [-0.36275, 13.19397, 25.39967],
							"rotation": [90, 0, 0],
							"uv": {
								"north": {"uv": [87, 1032], "uv_size": [1, 2]},
								"east": {"uv": [87, 1034], "uv_size": [1, 2]},
								"south": {"uv": [77, 1046], "uv_size": [1, 2]},
								"west": {"uv": [87, 1036], "uv_size": [1, 2]},
								"up": {"uv": [88, 1054], "uv_size": [1, 1]},
								"down": {"uv": [95, 1048], "uv_size": [1, -1]}
							}
						},
						{
							"origin": [0.67968, 15.39871, 26.61344],
							"size": [0.27247, 0.56718, 0.21689],
							"pivot": [-0.338, 12.74847, 25.07792],
							"rotation": [90, 0, 0],
							"uv": {
								"north": {"uv": [89, 1054], "uv_size": [1, 1]},
								"east": {"uv": [95, 1048], "uv_size": [1, 1]},
								"south": {"uv": [90, 1054], "uv_size": [1, 1]},
								"west": {"uv": [95, 1049], "uv_size": [1, 1]},
								"up": {"uv": [91, 1054], "uv_size": [1, 1]},
								"down": {"uv": [95, 1051], "uv_size": [1, -1]}
							}
						},
						{
							"origin": [2.5179, 13.76558, 26.5056],
							"size": [0.27247, 0.27247, 0.43257],
							"pivot": [-0.338, 12.74847, 25.07792],
							"rotation": [90, 45, 0],
							"uv": {
								"north": {"uv": [92, 1054], "uv_size": [1, 1]},
								"east": {"uv": [95, 1051], "uv_size": [1, 1]},
								"south": {"uv": [93, 1054], "uv_size": [1, 1]},
								"west": {"uv": [95, 1052], "uv_size": [1, 1]},
								"up": {"uv": [94, 1054], "uv_size": [1, 1]},
								"down": {"uv": [95, 1054], "uv_size": [1, -1]}
							}
						},
						{
							"origin": [-0.17379, 15.49771, 27.08092],
							"size": [0.14501, 0.56718, 0.145],
							"pivot": [-0.338, 12.84747, 25.07792],
							"rotation": [90, 0, -45],
							"uv": {
								"north": {"uv": [95, 1054], "uv_size": [1, 1]},
								"east": {"uv": [67, 1055], "uv_size": [1, 1]},
								"south": {"uv": [96, 1026], "uv_size": [1, 1]},
								"west": {"uv": [68, 1055], "uv_size": [1, 1]},
								"up": {"uv": [96, 1027], "uv_size": [1, 1]},
								"down": {"uv": [69, 1056], "uv_size": [1, -1]}
							}
						},
						{
							"origin": [-0.17379, 15.49771, 32.03092],
							"size": [0.14501, 0.56718, 0.145],
							"pivot": [-0.338, 12.84747, 30.02792],
							"rotation": [90, 0, -45],
							"uv": {
								"north": {"uv": [96, 1028], "uv_size": [1, 1]},
								"east": {"uv": [70, 1055], "uv_size": [1, 1]},
								"south": {"uv": [96, 1029], "uv_size": [1, 1]},
								"west": {"uv": [71, 1055], "uv_size": [1, 1]},
								"up": {"uv": [96, 1030], "uv_size": [1, 1]},
								"down": {"uv": [72, 1056], "uv_size": [1, -1]}
							}
						},
						{
							"origin": [2.5179, 13.76558, 31.43085],
							"size": [0.27247, 0.27247, 0.43257],
							"pivot": [-0.338, 12.74847, 30.00317],
							"rotation": [90, 45, 0],
							"uv": {
								"north": {"uv": [96, 1031], "uv_size": [1, 1]},
								"east": {"uv": [73, 1055], "uv_size": [1, 1]},
								"south": {"uv": [96, 1032], "uv_size": [1, 1]},
								"west": {"uv": [74, 1055], "uv_size": [1, 1]},
								"up": {"uv": [96, 1033], "uv_size": [1, 1]},
								"down": {"uv": [75, 1056], "uv_size": [1, -1]}
							}
						},
						{
							"origin": [0.67968, 15.39871, 31.53869],
							"size": [0.27247, 0.56718, 0.21689],
							"pivot": [-0.338, 12.74847, 30.00317],
							"rotation": [90, 0, 0],
							"uv": {
								"north": {"uv": [96, 1034], "uv_size": [1, 1]},
								"east": {"uv": [76, 1055], "uv_size": [1, 1]},
								"south": {"uv": [96, 1035], "uv_size": [1, 1]},
								"west": {"uv": [77, 1055], "uv_size": [1, 1]},
								"up": {"uv": [96, 1036], "uv_size": [1, 1]},
								"down": {"uv": [78, 1056], "uv_size": [1, -1]}
							}
						},
						{
							"origin": [-1.27462, 13.52672, 21.44179],
							"size": [1.683, 0.18592, 1.40905],
							"pivot": [-0.43312, 14.48593, 22.14631],
							"rotation": [0, -90, -45],
							"uv": {
								"north": {"uv": [87, 1038], "uv_size": [2, 1]},
								"east": {"uv": [96, 1037], "uv_size": [1, 1]},
								"south": {"uv": [80, 1046], "uv_size": [2, 1]},
								"west": {"uv": [79, 1055], "uv_size": [1, 1]},
								"up": {"uv": [87, 1039], "uv_size": [2, 1]},
								"down": {"uv": [87, 1041], "uv_size": [2, -1]}
							}
						},
						{
							"origin": [-1.27462, 15.16198, 21.25586],
							"size": [1.683, 0.18592, 1.7809],
							"pivot": [-0.43312, 14.38869, 22.14631],
							"rotation": [0, -90, 45],
							"uv": {
								"north": {"uv": [67, 1047], "uv_size": [2, 1]},
								"east": {"uv": [88, 1026], "uv_size": [2, 1]},
								"south": {"uv": [88, 1027], "uv_size": [2, 1]},
								"west": {"uv": [69, 1047], "uv_size": [2, 1]},
								"up": {"uv": [80, 1038], "uv_size": [2, 2]},
								"down": {"uv": [81, 1028], "uv_size": [2, -2]}
							}
						},
						{
							"origin": [-1.37362, 15.16198, 26.30486],
							"size": [1.584, 0.18592, 1.7809],
							"pivot": [-0.43312, 14.38869, 27.19531],
							"rotation": [0, -90, 45],
							"uv": {
								"north": {"uv": [88, 1028], "uv_size": [2, 1]},
								"east": {"uv": [88, 1029], "uv_size": [2, 1]},
								"south": {"uv": [88, 1030], "uv_size": [2, 1]},
								"west": {"uv": [88, 1031], "uv_size": [2, 1]},
								"up": {"uv": [81, 1028], "uv_size": [2, 2]},
								"down": {"uv": [71, 1042], "uv_size": [2, -2]}
							}
						},
						{
							"origin": [-1.27637, 15.16198, 25.99379],
							"size": [0.459, 0.18592, 1.60905],
							"pivot": [-0.33587, 14.38869, 26.89831],
							"rotation": [0, 90, -45],
							"uv": {
								"north": {"uv": [73, 1047], "uv_size": [2, 1]},
								"east": {"uv": [96, 1039], "uv_size": [1, 1]},
								"south": {"uv": [88, 1032], "uv_size": [2, 1]},
								"west": {"uv": [81, 1055], "uv_size": [1, 1]},
								"up": {"uv": [88, 1033], "uv_size": [0.459, 1.60905]},
								"down": {"uv": [75, 1048], "uv_size": [2, -1]}
							}
						},
						{
							"origin": [-0.25137, 15.16198, 25.99379],
							"size": [0.559, 0.18592, 1.60905],
							"pivot": [-0.33587, 14.38869, 26.89831],
							"rotation": [0, 90, -45],
							"uv": {
								"north": {"uv": [73, 1047], "uv_size": [2, 1]},
								"east": {"uv": [96, 1039], "uv_size": [1, 1]},
								"south": {"uv": [88, 1032], "uv_size": [2, 1]},
								"west": {"uv": [81, 1055], "uv_size": [1, 1]},
								"up": {"uv": [88, 1033], "uv_size": [0.559, 1.60905]},
								"down": {"uv": [75, 1048], "uv_size": [2, -1]}
							}
						},
						{
							"origin": [-0.82637, 15.16198, 26.59379],
							"size": [0.584, 0.18592, 1.00905],
							"pivot": [-0.33587, 14.38869, 26.89831],
							"rotation": [0, 90, -45],
							"uv": {
								"north": {"uv": [73, 1047], "uv_size": [2, 1]},
								"east": {"uv": [96, 1039], "uv_size": [1, 1]},
								"south": {"uv": [88, 1032], "uv_size": [2, 1]},
								"west": {"uv": [81, 1055], "uv_size": [1, 1]},
								"up": {"uv": [88, 1033], "uv_size": [0.584, 1.00905]},
								"down": {"uv": [75, 1048], "uv_size": [2, -1]}
							}
						},
						{
							"origin": [-1.27637, 13.52672, 26.18286],
							"size": [1.584, 0.18592, 1.6059],
							"pivot": [-0.33587, 14.48593, 26.89831],
							"rotation": [0, 90, 45],
							"uv": {
								"north": {"uv": [88, 1034], "uv_size": [2, 1]},
								"east": {"uv": [88, 1035], "uv_size": [2, 1]},
								"south": {"uv": [88, 1036], "uv_size": [2, 1]},
								"west": {"uv": [78, 1047], "uv_size": [2, 1]},
								"up": {"uv": [73, 1040], "uv_size": [2, 2]},
								"down": {"uv": [81, 1035], "uv_size": [2, -2]}
							}
						},
						{
							"origin": [-0.82637, 15.16198, 21.54716],
							"size": [0.67662, 0.18592, 1.00905],
							"pivot": [-0.33587, 14.38869, 22.25169],
							"rotation": [0, -90, -45],
							"uv": {
								"north": {"uv": [90, 1032], "uv_size": [-2, 1]},
								"east": {"uv": [97, 1039], "uv_size": [-1, 1]},
								"south": {"uv": [75, 1047], "uv_size": [-2, 1]},
								"west": {"uv": [82, 1055], "uv_size": [-1, 1]},
								"up": {"uv": [88, 1034.00905], "uv_size": [0.67662, -1.00905]},
								"down": {"uv": [75, 1047], "uv_size": [2, 1]}
							}
						},
						{
							"origin": [-0.15137, 15.16198, 21.54716],
							"size": [0.55162, 0.18592, 1.60905],
							"pivot": [-0.33587, 14.38869, 22.25169],
							"rotation": [0, -90, -45],
							"uv": {
								"north": {"uv": [90, 1032], "uv_size": [-2, 1]},
								"east": {"uv": [97, 1039], "uv_size": [-1, 1]},
								"south": {"uv": [75, 1047], "uv_size": [-2, 1]},
								"west": {"uv": [82, 1055], "uv_size": [-1, 1]},
								"up": {"uv": [88, 1034.60905], "uv_size": [0.55162, -1.60905]},
								"down": {"uv": [75, 1047], "uv_size": [2, 1]}
							}
						},
						{
							"origin": [-1.27637, 15.16198, 21.54716],
							"size": [0.55162, 0.18592, 1.60905],
							"pivot": [-0.33587, 14.38869, 22.25169],
							"rotation": [0, -90, -45],
							"uv": {
								"north": {"uv": [90, 1032], "uv_size": [-2, 1]},
								"east": {"uv": [97, 1039], "uv_size": [-1, 1]},
								"south": {"uv": [75, 1047], "uv_size": [-2, 1]},
								"west": {"uv": [82, 1055], "uv_size": [-1, 1]},
								"up": {"uv": [88, 1034.60905], "uv_size": [0.55162, -1.60905]},
								"down": {"uv": [75, 1047], "uv_size": [2, 1]}
							}
						},
						{
							"origin": [-1.27637, 13.52672, 21.36124],
							"size": [1.67662, 0.18592, 1.6059],
							"pivot": [-0.33587, 14.48593, 22.25169],
							"rotation": [0, -90, 45],
							"uv": {
								"north": {"uv": [90, 1036], "uv_size": [-2, 1]},
								"east": {"uv": [90, 1035], "uv_size": [-2, 1]},
								"south": {"uv": [90, 1034], "uv_size": [-2, 1]},
								"west": {"uv": [80, 1047], "uv_size": [-2, 1]},
								"up": {"uv": [73, 1042], "uv_size": [2, -2]},
								"down": {"uv": [81, 1033], "uv_size": [2, 2]}
							}
						},
						{
							"origin": [-1.27637, 13.52672, 24.42386],
							"size": [1.584, 0.18592, 1.7809],
							"pivot": [-0.33587, 14.48593, 25.31431],
							"rotation": [0, 90, 45],
							"uv": {
								"north": {"uv": [88, 1037], "uv_size": [2, 1]},
								"east": {"uv": [80, 1047], "uv_size": [2, 1]},
								"south": {"uv": [82, 1047], "uv_size": [2, 1]},
								"west": {"uv": [84, 1047], "uv_size": [2, 1]},
								"up": {"uv": [80, 1040], "uv_size": [2, 2]},
								"down": {"uv": [67, 1043], "uv_size": [2, -2]}
							}
						},
						{
							"origin": [-1.07662, 13.52672, 24.42386],
							"size": [1.584, 0.18592, 1.7809],
							"pivot": [-0.43312, 14.48593, 25.31431],
							"rotation": [0, -90, -45],
							"uv": {
								"north": {"uv": [86, 1047], "uv_size": [2, 1]},
								"east": {"uv": [88, 1046], "uv_size": [2, 1]},
								"south": {"uv": [88, 1047], "uv_size": [2, 1]},
								"west": {"uv": [67, 1048], "uv_size": [2, 1]},
								"up": {"uv": [82, 1031], "uv_size": [2, 2]},
								"down": {"uv": [82, 1038], "uv_size": [2, -2]}
							}
						},
						{
							"origin": [-1.37362, 13.52672, 26.49079],
							"size": [1.584, 0.18592, 1.40905],
							"pivot": [-0.43312, 14.48593, 27.19531],
							"rotation": [0, -90, -45],
							"uv": {
								"north": {"uv": [69, 1048], "uv_size": [2, 1]},
								"east": {"uv": [96, 1040], "uv_size": [1, 1]},
								"south": {"uv": [71, 1048], "uv_size": [2, 1]},
								"west": {"uv": [82, 1055], "uv_size": [1, 1]},
								"up": {"uv": [73, 1048], "uv_size": [2, 1]},
								"down": {"uv": [75, 1049], "uv_size": [2, -1]}
							}
						},
						{
							"origin": [2.14019, 13.47215, 25.68433],
							"size": [1.32716, 1.52767, 1.54046],
							"pivot": [0.07582, 14.84093, 26.70265],
							"rotation": [0, 90, 22.5],
							"uv": {
								"north": {"uv": [77, 1048], "uv_size": [1, 2]},
								"east": {"uv": [78, 1041], "uv_size": [2, 2]},
								"south": {"uv": [78, 1048], "uv_size": [1, 2]},
								"west": {"uv": [82, 1038], "uv_size": [2, 2]},
								"up": {"uv": [79, 1048], "uv_size": [1, 2]},
								"down": {"uv": [89, 1040], "uv_size": [1, -2]}
							}
						},
						{
							"origin": [1.98608, 12.98834, 25.91132],
							"size": [0.9392, 0.93924, 0.66767],
							"pivot": [0.07582, 14.84093, 26.70265],
							"rotation": [-89.99999, 67.5, 0.00001],
							"uv": {
								"north": {"uv": [96, 1041], "uv_size": [1, 1]},
								"east": {"uv": [83, 1055], "uv_size": [1, 1]},
								"south": {"uv": [96, 1042], "uv_size": [1, 1]},
								"west": {"uv": [84, 1055], "uv_size": [1, 1]},
								"up": {"uv": [96, 1043], "uv_size": [1, 1]},
								"down": {"uv": [85, 1056], "uv_size": [1, -1]}
							}
						},
						{
							"origin": [2.25658, 13.92675, 25.58156],
							"size": [1.09439, 1.09442, 0.35731],
							"pivot": [0.07582, 14.84093, 26.70265],
							"rotation": [0, 90, 90],
							"uv": {
								"north": {"uv": [96, 1044], "uv_size": [1, 1]},
								"east": {"uv": [86, 1055], "uv_size": [1, 1]},
								"south": {"uv": [96, 1045], "uv_size": [1, 1]},
								"west": {"uv": [87, 1055], "uv_size": [1, 1]},
								"up": {"uv": [96, 1046], "uv_size": [1, 1]},
								"down": {"uv": [88, 1056], "uv_size": [1, -1]}
							}
						},
						{
							"origin": [2.17898, 13.84916, 25.28758],
							"size": [1.24957, 1.24961, 0.30213],
							"pivot": [0.07582, 14.84093, 26.70265],
							"rotation": [0, 90, 90],
							"uv": {
								"north": {"uv": [96, 1047], "uv_size": [1, 1]},
								"east": {"uv": [89, 1055], "uv_size": [1, 1]},
								"south": {"uv": [96, 1048], "uv_size": [1, 1]},
								"west": {"uv": [90, 1055], "uv_size": [1, 1]},
								"up": {"uv": [96, 1049], "uv_size": [1, 1]},
								"down": {"uv": [91, 1056], "uv_size": [1, -1]}
							}
						},
						{
							"origin": [2.38856, 13.96001, 25.91137],
							"size": [0.9392, 0.93924, 0.66767],
							"pivot": [0.07582, 14.84093, 26.70265],
							"rotation": [-89.99999, 67.5, 90.00001],
							"uv": {
								"north": {"uv": [96, 1050], "uv_size": [1, 1]},
								"east": {"uv": [92, 1055], "uv_size": [1, 1]},
								"south": {"uv": [96, 1051], "uv_size": [1, 1]},
								"west": {"uv": [93, 1055], "uv_size": [1, 1]},
								"up": {"uv": [96, 1052], "uv_size": [1, 1]},
								"down": {"uv": [94, 1056], "uv_size": [1, -1]}
							}
						},
						{
							"origin": [2.25658, 14.97848, 25.58161],
							"size": [1.09439, 1.09442, 0.35731],
							"pivot": [0.07582, 14.84093, 26.70265],
							"rotation": [0, 90, 180],
							"uv": {
								"north": {"uv": [96, 1053], "uv_size": [1, 1]},
								"east": {"uv": [95, 1055], "uv_size": [1, 1]},
								"south": {"uv": [96, 1054], "uv_size": [1, 1]},
								"west": {"uv": [96, 1055], "uv_size": [1, 1]},
								"up": {"uv": [67, 1056], "uv_size": [1, 1]},
								"down": {"uv": [97, 1027], "uv_size": [1, -1]}
							}
						},
						{
							"origin": [1.70928, 15.8927, 25.28763],
							"size": [1.24957, 1.24961, 0.30213],
							"pivot": [0.07582, 14.84093, 26.70265],
							"rotation": [90.00001, 67.5, -89.99999],
							"uv": {
								"north": {"uv": [68, 1056], "uv_size": [1, 1]},
								"east": {"uv": [97, 1027], "uv_size": [1, 1]},
								"south": {"uv": [69, 1056], "uv_size": [1, 1]},
								"west": {"uv": [97, 1028], "uv_size": [1, 1]},
								"up": {"uv": [70, 1056], "uv_size": [1, 1]},
								"down": {"uv": [97, 1030], "uv_size": [1, -1]}
							}
						},
						{
							"origin": [-3.84199, 13.74717, 25.25164],
							"size": [2.37889, 1.68285, 1.69564],
							"pivot": [0.07582, 14.84093, 26.70265],
							"rotation": [0, 90, -22.5],
							"uv": {
								"north": {"uv": [80, 1048], "uv_size": [1, 2]},
								"east": {"uv": [82, 1040], "uv_size": [2, 2]},
								"south": {"uv": [81, 1048], "uv_size": [1, 2]},
								"west": {"uv": [83, 1026], "uv_size": [2, 2]},
								"up": {"uv": [89, 1040], "uv_size": [1, 2]},
								"down": {"uv": [82, 1050], "uv_size": [1, -2]}
							}
						},
						{
							"origin": [-3.72135, 15.03564, 26.39412],
							"size": [0.88748, 0.18275, 1.69564],
							"pivot": [0.07582, 14.84093, 27.70265],
							"rotation": [0, 90, 0],
							"uv": {
								"north": {"uv": [71, 1056], "uv_size": [1, 1]},
								"east": {"uv": [83, 1048], "uv_size": [2, 1]},
								"south": {"uv": [97, 1030], "uv_size": [1, 1]},
								"west": {"uv": [89, 1042], "uv_size": [2, 1]},
								"up": {"uv": [89, 1043], "uv_size": [1, 2]},
								"down": {"uv": [85, 1050], "uv_size": [1, -2]}
							}
						},
						{
							"origin": [-3.72946, 13.53554, 26.39412],
							"size": [0.88748, 0.18275, 1.69564],
							"pivot": [0.07582, 14.84093, 27.70265],
							"rotation": [0, 90, 0],
							"uv": {
								"north": {"uv": [75, 1056], "uv_size": [1, 1]},
								"east": {"uv": [86, 1048], "uv_size": [2, 1]},
								"south": {"uv": [97, 1034], "uv_size": [1, 1]},
								"west": {"uv": [89, 1045], "uv_size": [2, 1]},
								"up": {"uv": [88, 1048], "uv_size": [1, 2]},
								"down": {"uv": [89, 1050], "uv_size": [1, -2]}
							}
						},
						{
							"origin": [-3.72135, 14.45382, 26.58002],
							"size": [0.87937, 0.18915, 1.31735],
							"pivot": [0.07582, 14.84093, 27.70265],
							"rotation": [0, 90, -90],
							"uv": {
								"north": {"uv": [76, 1056], "uv_size": [1, 1]},
								"east": {"uv": [97, 1035], "uv_size": [1, 1]},
								"south": {"uv": [77, 1056], "uv_size": [1, 1]},
								"west": {"uv": [97, 1036], "uv_size": [1, 1]},
								"up": {"uv": [78, 1056], "uv_size": [1, 1]},
								"down": {"uv": [97, 1038], "uv_size": [1, -1]}
							}
						},
						{
							"origin": [-3.72946, 15.96031, 26.58002],
							"size": [0.89558, 0.18915, 1.31735],
							"pivot": [0.07582, 14.84093, 27.70265],
							"rotation": [0, 90, -90],
							"uv": {
								"north": {"uv": [79, 1056], "uv_size": [1, 1]},
								"east": {"uv": [97, 1038], "uv_size": [1, 1]},
								"south": {"uv": [80, 1056], "uv_size": [1, 1]},
								"west": {"uv": [97, 1039], "uv_size": [1, 1]},
								"up": {"uv": [81, 1056], "uv_size": [1, 1]},
								"down": {"uv": [97, 1041], "uv_size": [1, -1]}
							}
						},
						{
							"origin": [-1.47121, 13.54974, 25.76192],
							"size": [11.43276, 1.37248, 1.38527],
							"pivot": [0.07582, 14.84093, 26.70265],
							"rotation": [0, 90, 22.5],
							"uv": {
								"north": {"uv": [67, 1026], "uv_size": [10, 1]},
								"east": {"uv": [76, 1030], "uv_size": [1, 1]},
								"south": {"uv": [67, 1027], "uv_size": [10, 1]},
								"west": {"uv": [79, 1036], "uv_size": [1, 1]},
								"up": {"uv": [67, 1028], "uv_size": [10, 1]},
								"down": {"uv": [67, 1030], "uv_size": [10, -1]}
							}
						},
						{
							"origin": [8.15654, 13.54974, 25.76192],
							"size": [2.05251, 1.37248, 0.14777],
							"pivot": [0.07582, 14.84093, 26.70265],
							"rotation": [0, 90, 22.5],
							"uv": {
								"north": {"uv": [82, 1056], "uv_size": [1, 1]},
								"east": {"uv": [97, 1041], "uv_size": [1, 1]},
								"south": {"uv": [83, 1056], "uv_size": [1, 1]},
								"west": {"uv": [97, 1042], "uv_size": [1, 1]},
								"up": {"uv": [84, 1056], "uv_size": [1, 1]},
								"down": {"uv": [97, 1044], "uv_size": [1, -1]}
							}
						},
						{
							"origin": [8.15654, 13.54974, 26.99942],
							"size": [2.05251, 1.37248, 0.14777],
							"pivot": [0.07582, 14.84093, 26.70265],
							"rotation": [0, 90, 22.5],
							"uv": {
								"north": {"uv": [85, 1056], "uv_size": [1, 1]},
								"east": {"uv": [97, 1044], "uv_size": [1, 1]},
								"south": {"uv": [86, 1056], "uv_size": [1, 1]},
								"west": {"uv": [97, 1045], "uv_size": [1, 1]},
								"up": {"uv": [87, 1056], "uv_size": [1, 1]},
								"down": {"uv": [97, 1047], "uv_size": [1, -1]}
							}
						},
						{
							"origin": [-0.53614, 13.69073, 19.01554],
							"size": [2.05251, 1.37248, 0.14777],
							"pivot": [-0.38489, 14.37697, 18.47068],
							"rotation": [0, 90, -67.5],
							"uv": {
								"north": {"uv": [88, 1056], "uv_size": [1, 1]},
								"east": {"uv": [97, 1047], "uv_size": [1, 1]},
								"south": {"uv": [89, 1056], "uv_size": [1, 1]},
								"west": {"uv": [97, 1048], "uv_size": [1, 1]},
								"up": {"uv": [90, 1056], "uv_size": [1, 1]},
								"down": {"uv": [97, 1050], "uv_size": [1, -1]}
							}
						},
						{
							"origin": [-0.53614, 13.69073, 17.77804],
							"size": [2.05251, 1.37248, 0.14777],
							"pivot": [-0.38489, 14.37697, 18.47068],
							"rotation": [0, 90, -67.5],
							"uv": {
								"north": {"uv": [91, 1056], "uv_size": [1, 1]},
								"east": {"uv": [97, 1050], "uv_size": [1, 1]},
								"south": {"uv": [92, 1056], "uv_size": [1, 1]},
								"west": {"uv": [97, 1051], "uv_size": [1, 1]},
								"up": {"uv": [93, 1056], "uv_size": [1, 1]},
								"down": {"uv": [97, 1053], "uv_size": [1, -1]}
							}
						}
					]
				},
				{
					"name": "scopepip",
					"parent": "bone",
					"pivot": [-0.37688, 14.38334, 31.07872],
					"cubes": [
						{
							"origin": [-1.04363, 13.71659, 30.82897],
							"size": [1.3335, 1.3335, 0.4995],
							"pivot": [0.04011, 14.37697, 31.49575],
							"rotation": [0, 0, 0],
							"uv": {
								"north": {"uv": [72, 1056], "uv_size": [1, 1]},
								"east": {"uv": [97, 1031], "uv_size": [1, 1]},
								"south": {"uv": [73, 1056], "uv_size": [1, 1]},
								"west": {"uv": [97, 1032], "uv_size": [1, 1]},
								"up": {"uv": [74, 1056], "uv_size": [1, 1]},
								"down": {"uv": [97, 1034], "uv_size": [1, -1]}
							}
						}
					]
				}
			]
		}
	]
}