{
  "name" : "azuris",
  "type": "Gun",
  "maxAmmoCapacity" : 1,
  "compatibleAmmo" : ["azuris_energy_cell"],
  "damage" : 36.0,
  "rpm" : 38,
  "adsSpeed": 500,
  "fireSound" : "soltek_azuris_fire",
  "drawCooldownDuration" : 1250,
  "aimingZoom" : 0.3,
  "gunRecoilInitialAmplitude" : 1.34,
  "viewRecoilAmplitude" : 9.41,
  "inspectCooldownDuration": 3700,
  "muzzleFlashScale" : 1.2,
  "reticleOverlay" : "textures/item/aim_sight-blue.png",
  "compatibleAttachmentGroups": [
    "devastator_skins"
  ],
  "glowingParts": [
    {
      "name": "glow"
    },
    {
      "name": "glow2"
    },
    {
      "name": "glow3"
    },
    {
      "name": "glow4"
    },
    {
      "name": "glow5"
    },
    {
      "name": "glow6"
    },
    {
      "name": "glow7"
    },
    {
      "name": "charge_indicator"
    },
    {
      "name": "trigger"
    },
    {
      "name": "aimglow"
    },
    {
      "name": "aimglow2"
    },
    {
      "name": "magazine2"
    }
  ],
  "features": [
    {
      "type": "FireMode",
      "fireModes": [
        {
          "name": "single",
          "displayName": "Atomic Cannon",
          "type": "SINGLE",
          "rpm": 38,
          "damage": 36,
          "animationName": "animation.model.fire",
          "shakeRecoilAmplitude" : 1.34,
          "shakeRecoilSpeed" : 1.2,
          "shakeRecoilDuration": 1700,
          "prepareFireAnimations": [
            {
              "name": "animation.model.chargefire",
              "duration": 2130
            }
          ]
        }
      ]
    }
  ],
  "phasedReloads": [
    {
      "phase": "RELOADING",
      "duration": 4000,
      "animation": "animation.model.reload",						
      "shakeEffects": [
        {
          "start": 170,
          "duration": 2400,
          "initialAmplitude": 0.21,
          "rateOfAmplitudeDecay": 0.15
        },
        {
          "start": 600,
          "duration": 750,
          "initialAmplitude": 0.21,
          "rateOfAmplitudeDecay": 0.32
        },
        {
          "start": 1230,
          "duration": 500,
          "initialAmplitude": 0.29,
          "rateOfAmplitudeDecay": 0.55
        },
        {
          "start": 2370,
          "duration": 860,
          "initialAmplitude": 0.51,
          "rateOfAmplitudeDecay": 0.51
        },
        {
          "start": 2970,
          "duration": 650,
          "initialAmplitude": 0.31,
          "rateOfAmplitudeDecay": 0.14
        }
      ]
    }
  ],
  "inspectAnimations": [
    {
      "name": "animation.model.inspect",
      "duration": 4270,
      "condition": "ammoCount > 0"
    },
    {
      "name": "animation.model.inspectempty",
      "duration": 4270,
      "condition": "ammoCount == 0"
    }
  ],
  "idleAnimations": [
    {
      "name": "animation.model.idle",
      "duration": 5100,
      "condition": "ammoCount > 0"
    },
    {
      "name": "animation.model.idleempty",
      "duration": 100,
      "condition": "ammoCount == 0"
    }
  ],
  "drawAnimations": [
    {
      "name": "animation.model.draw",
      "duration": 1250,
      "condition": "ammoCount > 0"
    },
    {
      "name": "animation.model.drawempty",
      "duration": 1250,
      "condition": "ammoCount == 0"
    }
  ],
  "effects": [
	{
		"phase": "hit_scan_acquired",
		"name": "soltek_azur"
	},
	{
		"phase": "firing",
		"name": "soltek_blue_flash"
	}]
}