{
  "name" : "retinal",
  "type": "Gun",
  "maxAmmoCapacity" : 240,
  "compatibleAmmo" : ["retinal_energy"],
  "damage" : 1.25,
  "rpm" : 2400,
  "adsSpeed": 400,
  "fireSound" : "soltek_retinal_fire",
  "drawCooldownDuration" : 1200,
  "aimingZoom" : 0.33,
  "gunRecoilInitialAmplitude" : 0.45,
  "shakeRecoilAmplitude" : 6.1,
  "shakeRecoilSpeed" : 2.1,
  "shakeRecoilDuration": 1400,
  "viewRecoilAmplitude" : 0.65,
  "inspectCooldownDuration": 5300,
  "completeFireCooldownDuration": 1200,
  "rotations": [
     {
	"phase": "fire",
	"modelPart": "rotator",
	"rpm": 180,
	"acceleration": 2.5,
	"deceleration": 0.5
     },
     {
	"phase": "fire",
	"modelPart": "ring",
	"rpm": 60,
	"acceleration": 1,
	"deceleration": 0.2
     }
  ],
  "compatibleAttachmentGroups": [
    "retinal_skins"
  ],
  "features": [
    {
      "type": "FireMode",
      "fireModes": [
        {
          "name": "automatic",
          "displayName": "Ion Beam",
          "type": "AUTOMATIC",
          "rpm": 2400,
          "damage": 1.25,
          "animationName": "animation.model.laserfire",
          "shakeRecoilAmplitude": 1.3,
          "shakeRecoilSpeed": 7.1,
          "shakeRecoilDuration": 1400,
          "prepareFireAnimations": [
            {
              "name": "animation.model.charge",
              "duration": 1330
            }
          ]
        }
      ]
    }
  ],
  "glowingParts": [
    {
      "name": "glow"
    },
    {
      "name": "glow2"
    },
    {
      "name": "glow3"
    }
  ],
  "phasedReloads": [
    {
      "phase": "RELOADING",
      "duration": 4570,
      "animation": "animation.model.reload",
      "shakeEffects": [
        {
          "start": 0,
          "duration": 3600,
          "initialAmplitude": 0.13,
          "rateOfAmplitudeDecay": 0.6
        },
        {
          "start": 430,
          "duration": 650,
          "initialAmplitude": 0.2,
          "rateOfAmplitudeDecay": 0.5
        },
        {
          "start": 970,
          "duration": 600,
          "initialAmplitude": 0.16,
          "rateOfAmplitudeDecay": 0.21
        },
        {
          "start": 1570,
          "duration": 600,
          "initialAmplitude": 0.4,
          "rateOfAmplitudeDecay": 0.7
        },
        {
          "start": 2700,
          "duration": 850,
          "initialAmplitude": 0.31,
          "rateOfAmplitudeDecay": 0.6
        },
        {
          "start": 3330,
          "duration": 870,
          "initialAmplitude": 0.16,
          "rateOfAmplitudeDecay": 0.1
        },
        {
          "start": 3970,
          "duration": 1200,
          "initialAmplitude": 0.4,
          "rateOfAmplitudeDecay": 0.75
        }
      ]
    }
   ],
"effects": [
	{
		"phase": "hit_scan_acquired",
		"name": "soltek_azur"
	},
	{
		"phase": "firing",
		"name": "soltek_blue_flash"
	},
        { 
		"phase": "hit_target",
		"name": "soltek_retinal_impact"
  	}
   ]
}