{
	"name": "skin_starlight_operative",
	"type": "Attachment",
	"category": "skin",
	"groups": [
		"ballista_skins",
		"m9_skins",
		"glock17_skins",
		"tmp_skins",
		"mk14ebr_skins"
	],
	"features": [
		{
		    "type":"Skin",
		    "skins": [
		{
			"gunId": "ballista",
			"texture": "textures/item/skin_ballista_starlight_operative.png"
		},
		{
			"gunId": "m9",
			"texture": "textures/item/skin_m9_starlight_operative.png"
		},
		{
			"gunId": "glock18",
			"texture": "textures/item/skin_glock18_starlight_operative.png"
		},
		{
			"gunId": "glock17",
			"texture": "textures/item/skin_glock17_starlight_operative.png"
		},
		{
			"gunId": "tmp",
			"texture": "textures/item/skin_tmp_starlight_operative.png"
		},
		{
			"gunId": "mk14ebr",
			"texture": "textures/item/skin_mk14ebr_starlight_operative.png"
		}
	    ]
	}
    ]
}