{
    "name": "soltact_grenade",
    "type": "Throwable",
    "damage": 28,
    "maxLifetime": 3000,
    "completeThrowCooldownDuration": 300,
    "ricochet": false,
    "glowingParts": 
    [{
      "name": "glowactivator"
    }],
    "projectile": {
        "initialVelocity": 40,
        "gravity": 0.175,
        "topDownAttackEnabled": "false",
        "renderer": {
            "type": "model"
        }
    },
    "explosion": {
        "power": 4,
        "fire": false,
        "sound": "grenade_explode",
        "soundVolume": 40,
        "effects": [
            "explosion",
            "debris"
        ]
    }
}