{
  "name" : "strumvalion",
  "type": "Gun",
  "maxAmmoCapacity" : 120,
  "compatibleAmmo" : ["ammocreative", "ammo545", "ammo556", "ammo68", "ammo762", "ammo762x51"],
  "damage" : 10.5,
  "rpm" : 880,
  "fireSound" : "soltek_strumvalion_fire",
  "drawCooldownDuration" : 1470,
  "aimingZoom" : 0.33,
  "adsSpeed": 500,
  "gunRecoilInitialAmplitude" : 1.34,
  "shakeRecoilAmplitude" : 0.45,
  "shakeRecoilSpeed" : 2,
  "viewRecoilAmplitude" : 2,
  "inspectCooldownDuration": 4270,
  "reticleOverlay" : "textures/item/aimpoint_t1.png",
  "compatibleAttachmentGroups": [
    "strumvalion_skins"
  ],
  "glowingParts":
    [{
      "name": "glow"
    },
    {
      "name": "glow2"
    },
    {
      "name": "glow3"
    }],
  "features": [{
      "type": "FireMode",
      "fireModes":
      [{
          "name": "automatic",
          "displayName": "Suppressive Fire",
          "type": "AUTOMATIC",
          "rpm": 800,
          "damage": 9,
          "animationName": "animation.model.fire",
          "shakeRecoilDuration": 700,
          "prepareFireAnimations":
            [{
              "name": "animation.model.preparefire",
              "duration": 330
            }],
          "enableFireModeAnimations": 
            [{
              "name": "animation.model.switch",
              "duration": 750
            }]
        },
        {
          "name": "single",
          "displayName": "Single-Shot",
          "type": "SINGLE",
          "rpm": 800,
          "damage": 9,
          "animationName": "animation.model.fire",
          "shakeRecoilDuration": 900,
          "prepareFireAnimations": 
            [{
              "name": "animation.model.preparefire",
              "duration": 330
            }],
          "enableFireModeAnimations":
            [{
              "name": "animation.model.switch",
              "duration": 750
            }]
        }
    ]}
  ],
  "phasedReloads": [
    {
      "phase": "RELOADING",
      "condition": "reloadIterationIndex > 0",
      "duration": 2770,
      "animation": "animation.model.reload",
      "shakeEffects": [
        {
          "start": 0,
          "duration": 1500,
          "initialAmplitude": 0.2,
          "rateOfAmplitudeDecay": 0.8
        },
        {
          "start": 270,
          "duration": 1000,
          "initialAmplitude": 0.23,
          "rateOfAmplitudeDecay": 0.5
        },
        {
          "start": 1330,
          "duration": 600,
          "initialAmplitude": 0.3,
          "rateOfAmplitudeDecay": 0.65
        },
        {
          "start": 1600,
          "duration": 800,
          "initialAmplitude": 0.2,
          "rateOfAmplitudeDecay": 0.3
        },
        {
          "start": 1370,
          "duration": 800,
          "initialAmplitude": 0.14,
          "rateOfAmplitudeDecay": 0.5
        }]
    },
    {
      "phase": "RELOADING",
      "condition": "reloadIterationIndex == 0",
      "duration": 3500,
      "animation": "animation.model.reloadempty",						
      "shakeEffects": [
        {
          "start": 0,
          "duration": 1500,
          "initialAmplitude": 0.2,
          "rateOfAmplitudeDecay": 0.8
        },
        {
          "start": 270,
          "duration": 1000,
          "initialAmplitude": 0.23,
          "rateOfAmplitudeDecay": 0.5
        },
        {
          "start": 1330,
          "duration": 600,
          "initialAmplitude": 0.3,
          "rateOfAmplitudeDecay": 0.65
        },
        {
          "start": 1600,
          "duration": 800,
          "initialAmplitude": 0.2,
          "rateOfAmplitudeDecay": 0.3
        },
        {
          "start": 1370,
          "duration": 800,
          "initialAmplitude": 0.14,
          "rateOfAmplitudeDecay": 0.5
        },
        {
          "start": 2500,
          "duration": 600,
          "initialAmplitude": 0.17,
          "rateOfAmplitudeDecay": 0.6
        },
        {
          "start": 2600,
          "duration": 700,
          "initialAmplitude": 0.34,
          "rateOfAmplitudeDecay": 0.7
        }]
    }],
  "fireAnimations": [
    {
      "name": "animation.model.fire",
      "condition": "random"
    },
    {
      "name": "animation.model.fire2",
      "condition": "random"
    },
    {
      "name": "animation.model.fire3",
      "condition": "random"
    },
    {
      "name": "animation.model.fire4",
      "condition": "random"
    },
    {
      "name": "animation.model.fire5",
      "condition": "random"
    },
    {
      "name": "animation.model.fire6",
      "condition": "random"
    }],
"effects": [
	{
		"phase": "hit_scan_acquired",
		"name": "tracer"
	},
	{
		"phase": "firing",
		"name": "soltek_orange_flash"
	}]
}