{
  "name" : "stryker",
  "type": "Gun",
  "maxAmmoCapacity" : 25,
  "compatibleAmmo" : ["angel_shot"],
  "damage" : 19.0,
  "rpm" : 240,
  "adsSpeed": 500,
  "fireModes" : ["SINGLE"],
  "fireSound" : "soltek_stryker_fire",
  "drawCooldownDuration" : 1200,
  "aimingZoom" : 0.60,
  "gunRecoilInitialAmplitude" : 2.3,
  "shakeRecoilAmplitude" : 3.5,
  "shakeRecoilSpeed" : 1.81,
  "shakeRecoilDuration": 1400,
  "viewRecoilAmplitude" : 4,
  "inspectCooldownDuration": 7900,
  "muzzleFlashScale" : 1.2,
  "scopeOverlay" : "textures/gui/stryker_scope.png",
  "compatibleAttachmentGroups": [
    "stryker_skins"
  ],
  "glowingParts": 
    [{
      "name": "glow"
    },
    {
      "name": "glow2"
    },
    {
      "name": "glow3"
    }],
  "phasedReloads": [
    {
      "phase": "RELOADING",
      "condition": "reloadIterationIndex == 0",
      "duration": 3540,
      "animation": "animation.model.reloadempty",
      "shakeEffects":
      [{
          "start": 170,
          "duration": 900,
          "initialAmplitude": 0.19,
          "rateOfAmplitudeDecay": 0.8
        },
        {
          "start": 230,
          "duration": 600,
          "initialAmplitude": 0.31,
          "rateOfAmplitudeDecay": 0.5
        },
        {
          "start": 1200,
          "duration": 700,
          "initialAmplitude": 0.21,
          "rateOfAmplitudeDecay": 0.2
        },
        {
          "start": 1770,
          "duration": 500,
          "initialAmplitude": 0.38,
          "rateOfAmplitudeDecay": 0.5
        },
        {
          "start": 2870,
          "duration": 600,
          "initialAmplitude": 0.12,
          "rateOfAmplitudeDecay": 0.4
        },
        {
          "start": 2970,
          "duration": 500,
          "initialAmplitude": 0.33,
          "rateOfAmplitudeDecay": 0.65
        }]
    },
    {
      "phase": "RELOADING",
      "condition": "reloadIterationIndex > 0",
      "duration": 2500,
      "animation": "animation.model.reload",						
      "shakeEffects":
      [{
          "start": 170,
          "duration": 900,
          "initialAmplitude": 0.19,
          "rateOfAmplitudeDecay": 0.8
        },
        {
          "start": 230,
          "duration": 600,
          "initialAmplitude": 0.31,
          "rateOfAmplitudeDecay": 0.5
        },
        {
          "start": 1200,
          "duration": 700,
          "initialAmplitude": 0.21,
          "rateOfAmplitudeDecay": 0.2
        },
        {
          "start": 1770,
          "duration": 500,
          "initialAmplitude": 0.38,
          "rateOfAmplitudeDecay": 0.5
        }]
      }
    ],
  "fireAnimations": 
    [{
      "name": "animation.model.fire",
      "condition": "random"
    },
    {
      "name": "animation.model.fire2",
      "condition": "random"
    },
    {
      "name": "animation.model.fire3",
      "condition": "random"
    },
    {
      "name": "animation.model.fire4",
      "condition": "random"
    },
    {
      "name": "animation.model.fire5",
      "condition": "random"
    },
    {
      "name": "animation.model.fire6",
      "condition": "random"
    },
    {
      "name": "animation.model.fire7",
      "condition": "random"
    },
    {
      "name": "animation.model.fire8",
      "condition": "random"
    }],
"effects":
  [{
		"phase": "hit_scan_acquired",
		"name": "tracer"
	},
	{
		"phase": "firing",
		"name": "soltek_yellow_flash"
	}]
}