{
	"format_version": "1.12.0",
	"minecraft:geometry": [
		{
			"description": {
				"identifier": "geometry.unknown",
				"texture_width": 64,
				"texture_height": 64,
				"visible_bounds_width": 4,
				"visible_bounds_height": 4.5,
				"visible_bounds_offset": [0, 1.75, 0]
			},
			"bones": [
				{
					"name": "main2",
					"pivot": [0, 19.25, 3]
				},
				{
					"name": "1p29",
					"parent": "main2",
					"pivot": [1.3, 30.6, -8.65],
					"cubes": [
						{"origin": [-0.55, 30.6, -8.65], "size": [2.6, 1.2, 10], "inflate": 0.001, "uv": [0, 0]},
						{"origin": [1.2, 29.975, -1.025], "size": [1.1, 2, 2], "inflate": -0.1, "pivot": [2.3, 29.975, -1.025], "rotation": [27.25, 0, 0], "uv": [14, 0]},
						{"origin": [1.2, 29.975, -7.2], "size": [1.1, 2, 2], "inflate": -0.1, "pivot": [2.3, 29.975, -7.2], "rotation": [27.25, 0, 0], "uv": [0, 11]},
						{"origin": [0.8, 31.35, -7.9], "size": [1, 4, 1], "inflate": 0.25, "pivot": [1.3, 32.85, -7.4], "rotation": [-15, 0, 0], "uv": [32, 20]},
						{"origin": [0.8, 31.35, 0.1], "size": [1, 4, 1], "inflate": 0.25, "pivot": [1.3, 32.85, 0.6], "rotation": [-15, 0, 0], "uv": [20, 32]},
						{"origin": [0.8, 31.35, -7.15], "size": [1, 4, 8], "uv": [14, 12]},
						{"origin": [-1.2, 35.35, -7.15], "size": [3, 1, 6], "uv": [24, 9]},
						{"origin": [-1.2, 35.35, -1.15], "size": [2, 1, 3], "uv": [0, 5]},
						{"origin": [1.05, 34.85, -0.15], "size": [2, 1, 1], "inflate": 0.1, "pivot": [2.05, 35.35, 0.35], "rotation": [20, 0, 0], "uv": [33, 27]},
						{"origin": [-1.2, 36.85, -7.15], "size": [1, 1, 2], "uv": [28, 17]},
						{"origin": [-1.2, 36.1, -6.9], "size": [1, 1, 1], "inflate": -0.001, "uv": [34, 2]},
						{"origin": [-1.2, 36.35, -5.15], "size": [1, 1, 6], "uv": [21, 25]},
						{"origin": [-1.2, 36.37854, -5.10875], "size": [1, 2, 3], "inflate": -0.001, "pivot": [-0.7, 37.87854, -2.10875], "rotation": [10, 0, 0], "uv": [0, 29]},
						{"origin": [-1.95, 36.35, -2.15], "size": [5, 3, 6], "inflate": 0.001, "uv": [0, 11]},
						{"origin": [-1.7, 38.35, 0.85], "size": [2, 3, 2], "uv": [26, 0]},
						{"origin": [-0.58909, 37.48164, -2.15], "size": [3.05, 3, 6], "inflate": -0.001, "pivot": [0.96091, 38.98164, 0.85], "rotation": [0, 0, 35], "uv": [0, 20]},
						{"origin": [-1.36091, 37.48164, -2.15], "size": [3.05, 3, 6], "pivot": [0.13909, 38.98164, 0.85], "rotation": [0, 0, -35], "uv": [14, 0]},
						{"origin": [0.25, 37.25, -5.4], "size": [2, 2, 3], "inflate": 0.25, "pivot": [1.3, 38.35, -3.9], "rotation": [0, 0, -20], "uv": [0, 0]},
						{"origin": [0.25, 37.25, -6.15], "size": [2, 2, 1], "inflate": 0.249, "pivot": [1.3, 38.35, -4.65], "rotation": [0, 0, -20], "uv": [24, 16]},
						{"origin": [-1.25, 37.25, 3.6], "size": [2, 2, 5], "inflate": 0.25, "pivot": [-0.2, 38.35, -3.9], "rotation": [0, 0, -20], "uv": [13, 24]}
					]
				},
				{
					"name": "bone4",
					"parent": "1p29",
					"pivot": [-0.21278, 38.23893, 5.6],
					"cubes": [
						{"origin": [-0.93763, 36.48893, 5.1], "size": [1.4497, 3.5, 1], "inflate": 0.001, "pivot": [-0.21278, 38.23893, 5.6], "rotation": [0, 0, -20], "uv": [0, 34]},
						{"origin": [-0.93763, 36.48893, 5.1], "size": [1.4497, 3.5, 1], "pivot": [-0.21278, 38.23893, 5.6], "rotation": [0, 0, -65], "uv": [28, 32]},
						{"origin": [-0.93763, 36.48893, 5.1], "size": [1.4497, 3.5, 1], "inflate": -0.001, "pivot": [-0.21278, 38.23893, 5.6], "rotation": [0, 0, -110], "uv": [32, 5]},
						{"origin": [-0.93763, 36.48893, 5.1], "size": [1.4497, 3.5, 1], "inflate": -0.002, "pivot": [-0.21278, 38.23893, 5.6], "rotation": [0, 0, -155], "uv": [24, 32]}
					]
				},
				{
					"name": "bone3",
					"parent": "1p29",
					"pivot": [-0.21278, 38.23893, 6.85],
					"cubes": [
						{"origin": [-1.04128, 36.23893, 6.35], "size": [1.657, 4, 1], "inflate": 0.001, "pivot": [-0.21278, 38.23893, 6.85], "rotation": [0, 0, -20], "uv": [16, 31]},
						{"origin": [-1.04128, 36.23893, 6.35], "size": [1.657, 4, 1], "pivot": [-0.21278, 38.23893, 6.85], "rotation": [0, 0, -65], "uv": [24, 9]},
						{"origin": [-1.04128, 36.23893, 6.35], "size": [1.657, 4, 1], "inflate": -0.001, "pivot": [-0.21278, 38.23893, 6.85], "rotation": [0, 0, -110], "uv": [16, 11]},
						{"origin": [-1.04128, 36.23893, 6.35], "size": [1.657, 4, 1], "inflate": -0.002, "pivot": [-0.21278, 38.23893, 6.85], "rotation": [0, 0, -155], "uv": [0, 20]}
					]
				},
				{
					"name": "bone2",
					"parent": "1p29",
					"pivot": [-0.2, 38.35, -7.9],
					"cubes": [
						{"origin": [-1.14478, 35.98893, 7.6], "size": [1.864, 4.5, 1], "inflate": -0.002, "pivot": [-0.21278, 38.23893, 8.1], "rotation": [0, 0, -155], "uv": [22, 24]},
						{"origin": [-1.14478, 35.98893, 7.6], "size": [1.864, 4.5, 1], "inflate": -0.001, "pivot": [-0.21278, 38.23893, 8.1], "rotation": [0, 0, -110], "uv": [8, 29]},
						{"origin": [-1.14478, 35.98893, 7.6], "size": [1.864, 4.5, 1], "inflate": 0.001, "pivot": [-0.21278, 38.23893, 8.1], "rotation": [0, 0, -20], "uv": [12, 31]},
						{"origin": [-1.14478, 35.98893, 7.6], "size": [1.864, 4.5, 1], "pivot": [-0.21278, 38.23893, 8.1], "rotation": [0, 0, -65], "uv": [29, 24]}
					]
				},
				{
					"name": "bone",
					"parent": "1p29",
					"pivot": [-0.21278, 38.23893, 9.35],
					"cubes": [
						{"origin": [-1.24828, 35.73893, 8.85], "size": [2.071, 1, 1], "inflate": -0.001, "pivot": [-0.21278, 38.23893, 9.35], "rotation": [0, 0, -20], "uv": [33, 25]},
						{"origin": [-1.24828, 39.73893, 8.85], "size": [2.071, 1, 1], "pivot": [-0.21278, 38.23893, 9.35], "rotation": [0, 0, 115], "uv": [14, 4]},
						{"origin": [-1.24828, 35.73893, 8.85], "size": [2.071, 1, 1], "pivot": [-0.21278, 38.23893, 9.35], "rotation": [0, 0, 115], "uv": [0, 15]},
						{"origin": [-1.24828, 39.73893, 8.85], "size": [2.071, 1, 1], "inflate": -0.001, "pivot": [-0.21278, 38.23893, 9.35], "rotation": [0, 0, 70], "uv": [12, 24]},
						{"origin": [-1.24828, 35.73893, 8.85], "size": [2.071, 1, 1], "inflate": -0.001, "pivot": [-0.21278, 38.23893, 9.35], "rotation": [0, 0, 70], "uv": [29, 29]},
						{"origin": [-1.24828, 39.73893, 8.85], "size": [2.071, 1, 1], "inflate": -0.001, "pivot": [-0.21278, 38.23893, 9.35], "rotation": [0, 0, -20], "uv": [32, 32]},
						{"origin": [-1.24828, 35.73893, 8.85], "size": [2.071, 1, 1], "pivot": [-0.21278, 38.23893, 9.35], "rotation": [0, 0, 25], "uv": [32, 16]},
						{"origin": [-1.24828, 39.73893, 8.85], "size": [2.071, 1, 1], "pivot": [-0.21278, 38.23893, 9.35], "rotation": [0, 0, 25], "uv": [32, 0]}
					]
				},
				{
					"name": "scope",
					"parent": "main2",
					"pivot": [-0.1, 38.05, 6.5],
					"cubes": [
						{"origin": [-0.6, 37.55, 6.2], "size": [1, 1, 1], "inflate": -0.4, "uv": [107, 17]}
					]
				},
				{
					"name": "scopepip",
					"parent": "main2",
					"pivot": [-0.225, 39.375, 9.8],
					"cubes": [
						{"origin": [-1.7, 36.775, 8.475], "size": [3, 3, 1], "uv": [29, 24]}
					]
				},
				{
					"name": "_ca_scope",
					"parent": "main2",
					"pivot": [0, 31.35, -1.925],
					"cubes": [
						{"origin": [-0.5, 30.85, -2.425], "size": [1, 1, 1], "uv": [140, 32]}
					]
				}
			]
		}
	]
}