{
	"format_version": "1.12.0",
	"minecraft:geometry": [
		{
			"description": {
				"identifier": "geometry.unknown",
				"texture_width": 256,
				"texture_height": 256,
				"visible_bounds_width": 31,
				"visible_bounds_height": 3.5,
				"visible_bounds_offset": [0, 1.25, 0]
			},
			"bones": [
				{
					"name": "main",
					"pivot": [-1.1415, 14.5, 28.60011]
				},
				{
					"name": "gun",
					"parent": "main",
					"pivot": [-1.1415, 14.5, 28.60011]
				},
				{
					"name": "bits",
					"parent": "gun",
					"pivot": [0, 0, 0],
					"cubes": [
						{
							"origin": [2.5, 3, -14],
							"size": [4, 3, 1],
							"pivot": [4.5, 4.5, -13.5],
							"rotation": [0, 0, 12.5],
							"uv": {
								"north": {"uv": [65, 112], "uv_size": [4, 3]},
								"east": {"uv": [120, 31], "uv_size": [1, 3]},
								"south": {"uv": [113, 70], "uv_size": [4, 3]},
								"west": {"uv": [37, 120], "uv_size": [1, 3]},
								"up": {"uv": [117, 94], "uv_size": [4, 1]},
								"down": {"uv": [118, 51], "uv_size": [4, -1]}
							}
						},
						{
							"origin": [2.5, 3, -21],
							"size": [4, 3, 1],
							"pivot": [4.5, 4.5, -13.5],
							"rotation": [0, 0, 12.5],
							"uv": {
								"north": {"uv": [73, 113], "uv_size": [4, 3]},
								"east": {"uv": [38, 120], "uv_size": [1, 3]},
								"south": {"uv": [113, 73], "uv_size": [4, 3]},
								"west": {"uv": [120, 38], "uv_size": [1, 3]},
								"up": {"uv": [118, 69], "uv_size": [4, 1]},
								"down": {"uv": [118, 85], "uv_size": [4, -1]}
							}
						},
						{
							"origin": [-1, 3, -121],
							"size": [2, 2, 2],
							"uv": {
								"north": {"uv": [33, 119], "uv_size": [2, 2]},
								"east": {"uv": [69, 119], "uv_size": [2, 2]},
								"south": {"uv": [80, 119], "uv_size": [2, 2]},
								"west": {"uv": [119, 85], "uv_size": [2, 2]},
								"up": {"uv": [119, 88], "uv_size": [2, 2]},
								"down": {"uv": [119, 92], "uv_size": [2, -2]}
							}
						},
						{
							"origin": [-1, 3, -110],
							"size": [2, 2, 2],
							"uv": {
								"north": {"uv": [119, 92], "uv_size": [2, 2]},
								"east": {"uv": [102, 119], "uv_size": [2, 2]},
								"south": {"uv": [114, 119], "uv_size": [2, 2]},
								"west": {"uv": [119, 115], "uv_size": [2, 2]},
								"up": {"uv": [117, 119], "uv_size": [2, 2]},
								"down": {"uv": [119, 119], "uv_size": [2, -2]}
							}
						}
					]
				},
				{
					"name": "group",
					"parent": "gun",
					"pivot": [0, 0, 0]
				},
				{
					"name": "sights",
					"parent": "group",
					"pivot": [0.5, 10.47083, -125.08215],
					"cubes": [
						{
							"origin": [-0.49284, 7.95395, -123.63215],
							"size": [1, 5, 0.5],
							"inflate": -0.001,
							"pivot": [0.2, 10.47083, -123.38215],
							"rotation": [5, 0, 0],
							"uv": {
								"north": {"uv": [83, 117], "uv_size": [1, 5]},
								"east": {"uv": [111, 117], "uv_size": [1, 5]},
								"south": {"uv": [112, 117], "uv_size": [1, 5]},
								"west": {"uv": [113, 117], "uv_size": [1, 5]},
								"up": {"uv": [121, 102], "uv_size": [1, 1]},
								"down": {"uv": [103, 122], "uv_size": [1, -1]}
							}
						},
						{
							"origin": [-1.5, 11.75, 3],
							"size": [3, 3, 3],
							"inflate": 0.001,
							"uv": {
								"north": {"uv": [113, 111], "uv_size": [3, 3]},
								"east": {"uv": [21, 114], "uv_size": [3, 3]},
								"south": {"uv": [33, 114], "uv_size": [3, 3]},
								"west": {"uv": [114, 76], "uv_size": [3, 3]},
								"up": {"uv": [114, 79], "uv_size": [3, 3]},
								"down": {"uv": [114, 85], "uv_size": [3, -3]}
							}
						},
						{
							"origin": [-1.5, 14.14, 3.75154],
							"size": [3, 3, 1.2],
							"inflate": -0.001,
							"pivot": [0, 16.14, 4.75154],
							"rotation": [-25, 0, 0],
							"uv": {
								"north": {"uv": [114, 85], "uv_size": [3, 3]},
								"east": {"uv": [3, 120], "uv_size": [1, 3]},
								"south": {"uv": [113, 114], "uv_size": [3, 3]},
								"west": {"uv": [120, 3], "uv_size": [1, 3]},
								"up": {"uv": [69, 29], "uv_size": [3, 1]},
								"down": {"uv": [93, 57], "uv_size": [3, -1]}
							}
						},
						{
							"origin": [-1.5, 14.46892, 4.26785],
							"size": [3, 3, 1.25],
							"uv": {
								"north": {"uv": [47, 115], "uv_size": [3, 3]},
								"east": {"uv": [10, 120], "uv_size": [1, 3]},
								"south": {"uv": [61, 115], "uv_size": [3, 3]},
								"west": {"uv": [11, 120], "uv_size": [1, 3]},
								"up": {"uv": [119, 37], "uv_size": [3, 1]},
								"down": {"uv": [120, 7], "uv_size": [3, -1]}
							}
						},
						{
							"origin": [-1.5, 17.96892, 4.26785],
							"size": [3, 1, 1.25],
							"uv": {
								"north": {"uv": [120, 7], "uv_size": [3, 1]},
								"east": {"uv": [70, 121], "uv_size": [1, 1]},
								"south": {"uv": [12, 120], "uv_size": [3, 1]},
								"west": {"uv": [73, 121], "uv_size": [1, 1]},
								"up": {"uv": [120, 12], "uv_size": [3, 1]},
								"down": {"uv": [120, 14], "uv_size": [3, -1]}
							}
						},
						{
							"origin": [-1.5, 32.96892, 4.26785],
							"size": [3, 1, 1.25],
							"uv": {
								"north": {"uv": [120, 14], "uv_size": [3, 1]},
								"east": {"uv": [74, 121], "uv_size": [1, 1]},
								"south": {"uv": [120, 15], "uv_size": [3, 1]},
								"west": {"uv": [75, 121], "uv_size": [1, 1]},
								"up": {"uv": [120, 16], "uv_size": [3, 1]},
								"down": {"uv": [120, 18], "uv_size": [3, -1]}
							}
						},
						{
							"origin": [-1.5, 23.96892, 4.26785],
							"size": [3, 1, 1.25],
							"uv": {
								"north": {"uv": [120, 18], "uv_size": [3, 1]},
								"east": {"uv": [81, 121], "uv_size": [1, 1]},
								"south": {"uv": [120, 19], "uv_size": [3, 1]},
								"west": {"uv": [84, 121], "uv_size": [1, 1]},
								"up": {"uv": [120, 23], "uv_size": [3, 1]},
								"down": {"uv": [120, 25], "uv_size": [3, -1]}
							}
						},
						{
							"origin": [0.65, 16.96892, 4.26785],
							"size": [1, 17, 1.25],
							"inflate": -0.25,
							"uv": {
								"north": {"uv": [5, 109], "uv_size": [1, 17]},
								"east": {"uv": [6, 109], "uv_size": [1, 17]},
								"south": {"uv": [88, 109], "uv_size": [1, 17]},
								"west": {"uv": [16, 110], "uv_size": [1, 17]},
								"up": {"uv": [76, 121], "uv_size": [1, 1]},
								"down": {"uv": [77, 122], "uv_size": [1, -1]}
							}
						},
						{
							"origin": [-1.65, 16.96892, 4.26785],
							"size": [1, 17, 1.25],
							"inflate": -0.25,
							"uv": {
								"north": {"uv": [17, 110], "uv_size": [1, 17]},
								"east": {"uv": [18, 110], "uv_size": [1, 17]},
								"south": {"uv": [19, 110], "uv_size": [1, 17]},
								"west": {"uv": [32, 110], "uv_size": [1, 17]},
								"up": {"uv": [78, 121], "uv_size": [1, 1]},
								"down": {"uv": [80, 122], "uv_size": [1, -1]}
							}
						},
						{
							"origin": [0.19284, 7.95395, -125.33215],
							"size": [1, 9, 0.5],
							"inflate": 0.001,
							"pivot": [0.5, 10.47083, -125.08215],
							"rotation": [-4.98107, -0.43523, -4.98107],
							"uv": {
								"north": {"uv": [52, 112], "uv_size": [1, 9]},
								"east": {"uv": [100, 113], "uv_size": [1, 9]},
								"south": {"uv": [101, 113], "uv_size": [1, 9]},
								"west": {"uv": [110, 113], "uv_size": [1, 9]},
								"up": {"uv": [121, 85], "uv_size": [1, 1]},
								"down": {"uv": [121, 87], "uv_size": [1, -1]}
							}
						},
						{
							"origin": [-1.19284, 7.95395, -125.33215],
							"size": [1, 9, 0.5],
							"pivot": [-0.5, 10.47083, -125.08215],
							"rotation": [-4.98107, 0.43523, 4.98107],
							"uv": {
								"north": {"uv": [66, 115], "uv_size": [1, 9]},
								"east": {"uv": [67, 115], "uv_size": [1, 9]},
								"south": {"uv": [68, 115], "uv_size": [1, 9]},
								"west": {"uv": [85, 115], "uv_size": [1, 9]},
								"up": {"uv": [121, 98], "uv_size": [1, 1]},
								"down": {"uv": [99, 122], "uv_size": [1, -1]}
							}
						},
						{
							"origin": [0.19284, 7.95395, -123.63215],
							"size": [1, 9, 0.5],
							"inflate": 0.001,
							"pivot": [0.5, 10.47083, -123.38215],
							"rotation": [4.98107, 0.43523, -4.98107],
							"uv": {
								"north": {"uv": [86, 115], "uv_size": [1, 9]},
								"east": {"uv": [87, 115], "uv_size": [1, 9]},
								"south": {"uv": [7, 116], "uv_size": [1, 9]},
								"west": {"uv": [8, 116], "uv_size": [1, 9]},
								"up": {"uv": [121, 99], "uv_size": [1, 1]},
								"down": {"uv": [121, 101], "uv_size": [1, -1]}
							}
						},
						{
							"origin": [-1.19284, 7.95395, -123.63215],
							"size": [1, 9, 0.5],
							"pivot": [-0.5, 10.47083, -123.38215],
							"rotation": [4.98107, -0.43523, 4.98107],
							"uv": {
								"north": {"uv": [36, 114], "uv_size": [1, 9]},
								"east": {"uv": [50, 115], "uv_size": [1, 9]},
								"south": {"uv": [64, 115], "uv_size": [1, 9]},
								"west": {"uv": [65, 115], "uv_size": [1, 9]},
								"up": {"uv": [121, 87], "uv_size": [1, 1]},
								"down": {"uv": [121, 89], "uv_size": [1, -1]}
							}
						},
						{
							"origin": [-0.1, 9, -124.85],
							"size": [0.2, 4, 1.4],
							"uv": {
								"north": {"uv": [49, 118], "uv_size": [1, 4]},
								"east": {"uv": [63, 118], "uv_size": [1, 4]},
								"south": {"uv": [97, 118], "uv_size": [1, 4]},
								"west": {"uv": [23, 119], "uv_size": [1, 4]},
								"up": {"uv": [89, 121], "uv_size": [1, 1]},
								"down": {"uv": [121, 90], "uv_size": [1, -1]}
							}
						},
						{
							"origin": [-0.8, 16.975, -125.075],
							"size": [1.6, 1.975, 1.6],
							"inflate": 0.1,
							"uv": {
								"north": {"uv": [118, 80], "uv_size": [2, 2]},
								"east": {"uv": [118, 82], "uv_size": [2, 2]},
								"south": {"uv": [95, 118], "uv_size": [2, 2]},
								"west": {"uv": [119, 8], "uv_size": [2, 2]},
								"up": {"uv": [119, 10], "uv_size": [2, 2]},
								"down": {"uv": [21, 121], "uv_size": [2, -2]}
							}
						},
						{
							"origin": [0.7, 19.15, -125.075],
							"size": [0.1, 0.85, 1.6],
							"inflate": 0.1,
							"uv": {
								"north": {"uv": [90, 121], "uv_size": [1, 1]},
								"east": {"uv": [121, 8], "uv_size": [2, 1]},
								"south": {"uv": [121, 90], "uv_size": [1, 1]},
								"west": {"uv": [121, 9], "uv_size": [2, 1]},
								"up": {"uv": [121, 10], "uv_size": [1, 2]},
								"down": {"uv": [12, 123], "uv_size": [1, -2]}
							}
						},
						{
							"origin": [1.30705, 18.83145, -125.075],
							"size": [0.1, 0.85, 1.6],
							"inflate": 0.098,
							"pivot": [0.60705, 21.08484, -125.37322],
							"rotation": [0, 0, 25],
							"uv": {
								"north": {"uv": [92, 121], "uv_size": [1, 1]},
								"east": {"uv": [121, 29], "uv_size": [2, 1]},
								"south": {"uv": [121, 92], "uv_size": [1, 1]},
								"west": {"uv": [121, 30], "uv_size": [2, 1]},
								"up": {"uv": [121, 31], "uv_size": [1, 2]},
								"down": {"uv": [33, 123], "uv_size": [1, -2]}
							}
						},
						{
							"origin": [2.50376, 18.45273, -125.075],
							"size": [0.1, 0.55, 1.6],
							"inflate": 0.099,
							"pivot": [1.80376, 20.70612, -125.37322],
							"rotation": [0, 0, 60],
							"uv": {
								"north": {"uv": [93, 121], "uv_size": [1, 1]},
								"east": {"uv": [121, 33], "uv_size": [2, 1]},
								"south": {"uv": [121, 93], "uv_size": [1, 1]},
								"west": {"uv": [121, 38], "uv_size": [2, 1]},
								"up": {"uv": [34, 121], "uv_size": [1, 2]},
								"down": {"uv": [39, 123], "uv_size": [1, -2]}
							}
						},
						{
							"origin": [-0.13209, 19.67644, -125.075],
							"size": [0.1, 0.3, 1.6],
							"inflate": 0.099,
							"pivot": [-0.83209, 21.92983, -125.37322],
							"rotation": [0, 0, -22.5],
							"uv": {
								"north": {"uv": [91, 121], "uv_size": [1, 1]},
								"east": {"uv": [13, 121], "uv_size": [2, 1]},
								"south": {"uv": [121, 91], "uv_size": [1, 1]},
								"west": {"uv": [21, 121], "uv_size": [2, 1]},
								"up": {"uv": [121, 25], "uv_size": [1, 2]},
								"down": {"uv": [121, 29], "uv_size": [1, -2]}
							}
						},
						{
							"origin": [0.03209, 19.67644, -125.075],
							"size": [0.1, 0.3, 1.6],
							"inflate": 0.099,
							"pivot": [0.83209, 21.92983, -125.37322],
							"rotation": [0, 0, 22.5],
							"uv": {
								"north": {"uv": [121, 97], "uv_size": [1, 1]},
								"east": {"uv": [57, 121], "uv_size": [2, 1]},
								"south": {"uv": [98, 121], "uv_size": [1, 1]},
								"west": {"uv": [59, 121], "uv_size": [2, 1]},
								"up": {"uv": [61, 121], "uv_size": [1, 2]},
								"down": {"uv": [62, 123], "uv_size": [1, -2]}
							}
						},
						{
							"origin": [-2.60376, 18.45273, -125.075],
							"size": [0.1, 0.55, 1.6],
							"inflate": 0.099,
							"pivot": [-1.80376, 20.70612, -125.37322],
							"rotation": [0, 0, -60],
							"uv": {
								"north": {"uv": [96, 121], "uv_size": [1, 1]},
								"east": {"uv": [52, 121], "uv_size": [2, 1]},
								"south": {"uv": [121, 96], "uv_size": [1, 1]},
								"west": {"uv": [54, 121], "uv_size": [2, 1]},
								"up": {"uv": [48, 121], "uv_size": [1, 2]},
								"down": {"uv": [56, 123], "uv_size": [1, -2]}
							}
						},
						{
							"origin": [-1.40705, 18.83145, -125.075],
							"size": [0.1, 0.85, 1.6],
							"inflate": 0.098,
							"pivot": [-0.60705, 21.08484, -125.37322],
							"rotation": [0, 0, -25],
							"uv": {
								"north": {"uv": [95, 121], "uv_size": [1, 1]},
								"east": {"uv": [121, 40], "uv_size": [2, 1]},
								"south": {"uv": [121, 95], "uv_size": [1, 1]},
								"west": {"uv": [44, 121], "uv_size": [2, 1]},
								"up": {"uv": [46, 121], "uv_size": [1, 2]},
								"down": {"uv": [47, 123], "uv_size": [1, -2]}
							}
						},
						{
							"origin": [-0.8, 19.15, -125.075],
							"size": [0.1, 0.85, 1.6],
							"inflate": 0.1,
							"uv": {
								"north": {"uv": [94, 121], "uv_size": [1, 1]},
								"east": {"uv": [121, 39], "uv_size": [2, 1]},
								"south": {"uv": [121, 94], "uv_size": [1, 1]},
								"west": {"uv": [40, 121], "uv_size": [2, 1]},
								"up": {"uv": [42, 121], "uv_size": [1, 2]},
								"down": {"uv": [43, 123], "uv_size": [1, -2]}
							}
						},
						{
							"origin": [-0.50716, 7.95395, -125.33215],
							"size": [1, 5, 0.5],
							"inflate": -0.001,
							"pivot": [0.5, 10.47083, -125.08215],
							"rotation": [-5, 0, 0],
							"uv": {
								"north": {"uv": [24, 117], "uv_size": [1, 5]},
								"east": {"uv": [25, 117], "uv_size": [1, 5]},
								"south": {"uv": [72, 117], "uv_size": [1, 5]},
								"west": {"uv": [117, 80], "uv_size": [1, 5]},
								"up": {"uv": [121, 101], "uv_size": [1, 1]},
								"down": {"uv": [102, 122], "uv_size": [1, -1]}
							}
						}
					]
				},
				{
					"name": "body",
					"parent": "group",
					"pivot": [-0.5, 8.5, -47.5],
					"cubes": [
						{
							"origin": [-1.5, 11.75, 19.25],
							"size": [3, 2, 3],
							"uv": {
								"north": {"uv": [117, 74], "uv_size": [3, 2]},
								"east": {"uv": [117, 76], "uv_size": [3, 2]},
								"south": {"uv": [117, 78], "uv_size": [3, 2]},
								"west": {"uv": [80, 117], "uv_size": [3, 2]},
								"up": {"uv": [104, 113], "uv_size": [3, 3]},
								"down": {"uv": [107, 116], "uv_size": [3, -3]}
							}
						},
						{
							"origin": [-1.5, 4, 21],
							"size": [3, 3, 9],
							"pivot": [0, 5.5, 27],
							"rotation": [0, 0, 20],
							"uv": {
								"north": {"uv": [69, 26], "uv_size": [3, 3]},
								"east": {"uv": [108, 46], "uv_size": [9, 3]},
								"south": {"uv": [98, 59], "uv_size": [3, 3]},
								"west": {"uv": [108, 59], "uv_size": [9, 3]},
								"up": {"uv": [7, 104], "uv_size": [3, 9]},
								"down": {"uv": [108, 71], "uv_size": [3, -9]}
							}
						},
						{
							"origin": [-2.5, 5, -122],
							"size": [5, 5, 72],
							"pivot": [-0.5, 8, -99.5],
							"rotation": [0, 0, 20],
							"uv": {
								"north": {"uv": [93, 51], "uv_size": [5, 5]},
								"east": {"uv": [0, 0], "uv_size": [72, 5]},
								"south": {"uv": [108, 71], "uv_size": [5, 5]},
								"west": {"uv": [0, 5], "uv_size": [72, 5]},
								"up": {"uv": [0, 10], "uv_size": [5, 72]},
								"down": {"uv": [5, 82], "uv_size": [5, -72]}
							}
						},
						{
							"origin": [-3.5, 1.75, -44.25],
							"size": [7, 10, 16],
							"uv": {
								"north": {"uv": [93, 41], "uv_size": [7, 10]},
								"east": {"uv": [80, 9], "uv_size": [16, 10]},
								"south": {"uv": [32, 94], "uv_size": [7, 10]},
								"west": {"uv": [80, 19], "uv_size": [16, 10]},
								"up": {"uv": [86, 41], "uv_size": [7, 16]},
								"down": {"uv": [46, 104], "uv_size": [7, -16]}
							}
						},
						{
							"origin": [-3.5, 5.75, -50.25],
							"size": [7, 6, 6],
							"uv": {
								"north": {"uv": [102, 32], "uv_size": [7, 6]},
								"east": {"uv": [66, 42], "uv_size": [6, 6]},
								"south": {"uv": [104, 8], "uv_size": [7, 6]},
								"west": {"uv": [80, 41], "uv_size": [6, 6]},
								"up": {"uv": [104, 14], "uv_size": [7, 6]},
								"down": {"uv": [32, 110], "uv_size": [7, -6]}
							}
						},
						{
							"origin": [-1.5, 0.25, -50.25],
							"size": [3, 6, 22],
							"inflate": 0.001,
							"uv": {
								"north": {"uv": [85, 109], "uv_size": [3, 6]},
								"east": {"uv": [80, 29], "uv_size": [22, 6]},
								"south": {"uv": [13, 110], "uv_size": [3, 6]},
								"west": {"uv": [80, 35], "uv_size": [22, 6]},
								"up": {"uv": [7, 82], "uv_size": [3, 22]},
								"down": {"uv": [10, 120], "uv_size": [3, -22]}
							}
						},
						{
							"origin": [-1.66795, 3.3047, -50.25],
							"size": [2, 3.605, 6],
							"inflate": -0.001,
							"pivot": [-0.66795, 3.3047, -49.25],
							"rotation": [0, 0, -33.69],
							"uv": {
								"north": {"uv": [13, 116], "uv_size": [2, 4]},
								"east": {"uv": [96, 25], "uv_size": [6, 4]},
								"south": {"uv": [116, 31], "uv_size": [2, 4]},
								"west": {"uv": [108, 76], "uv_size": [6, 4]},
								"up": {"uv": [80, 111], "uv_size": [2, 6]},
								"down": {"uv": [82, 117], "uv_size": [2, -6]}
							}
						},
						{
							"origin": [-0.33205, 3.3047, -50.25],
							"size": [2, 3.605, 6],
							"inflate": -0.002,
							"pivot": [0.66795, 3.3047, -49.25],
							"rotation": [0, 0, 33.69],
							"uv": {
								"north": {"uv": [73, 116], "uv_size": [2, 4]},
								"east": {"uv": [108, 80], "uv_size": [6, 4]},
								"south": {"uv": [75, 116], "uv_size": [2, 4]},
								"west": {"uv": [108, 84], "uv_size": [6, 4]},
								"up": {"uv": [111, 111], "uv_size": [2, 6]},
								"down": {"uv": [45, 118], "uv_size": [2, -6]}
							}
						},
						{
							"origin": [-3.5, 1.75, -8.25],
							"size": [7, 10, 30],
							"uv": {
								"north": {"uv": [39, 94], "uv_size": [7, 10]},
								"east": {"uv": [32, 10], "uv_size": [30, 10]},
								"south": {"uv": [94, 64], "uv_size": [7, 10]},
								"west": {"uv": [32, 20], "uv_size": [30, 10]},
								"up": {"uv": [32, 64], "uv_size": [7, 30]},
								"down": {"uv": [39, 94], "uv_size": [7, -30]}
							}
						},
						{
							"origin": [-3.5, 1.75, -28.25],
							"size": [7, 9, 20],
							"uv": {
								"north": {"uv": [75, 100], "uv_size": [7, 9]},
								"east": {"uv": [66, 48], "uv_size": [20, 9]},
								"south": {"uv": [82, 100], "uv_size": [7, 9]},
								"west": {"uv": [80, 0], "uv_size": [20, 9]},
								"up": {"uv": [62, 10], "uv_size": [7, 20]},
								"down": {"uv": [0, 102], "uv_size": [7, -20]}
							}
						},
						{
							"origin": [-2, 5.5, -149.75],
							"size": [4, 4, 28],
							"pivot": [0, 7.5, -146.05],
							"rotation": [0, 0, 20],
							"uv": {
								"north": {"uv": [28, 42], "uv_size": [4, 4]},
								"east": {"uv": [53, 88], "uv_size": [28, 4]},
								"south": {"uv": [33, 110], "uv_size": [4, 4]},
								"west": {"uv": [81, 88], "uv_size": [28, 4]},
								"up": {"uv": [53, 92], "uv_size": [4, 28]},
								"down": {"uv": [57, 120], "uv_size": [4, -28]}
							}
						},
						{
							"origin": [-1.5, 1.5, -121.75],
							"size": [3, 3, 72],
							"inflate": -0.25,
							"pivot": [-0.5, 3.5, 20.5],
							"rotation": [0, 0, 20],
							"uv": {
								"north": {"uv": [7, 113], "uv_size": [3, 3]},
								"east": {"uv": [26, 58], "uv_size": [72, 3]},
								"south": {"uv": [77, 113], "uv_size": [3, 3]},
								"west": {"uv": [26, 61], "uv_size": [72, 3]},
								"up": {"uv": [26, 64], "uv_size": [3, 72]},
								"down": {"uv": [29, 136], "uv_size": [3, -72]}
							}
						}
					]
				},
				{
					"name": "gripr",
					"parent": "group",
					"pivot": [-5.00958, -0.2038, 25.70112],
					"cubes": [
						{
							"origin": [-3.52, 10.77, 21.73],
							"size": [2, 1, 1],
							"inflate": -0.02,
							"uv": {
								"north": {"uv": [120, 83], "uv_size": [2, 1]},
								"east": {"uv": [104, 108], "uv_size": [1, 1]},
								"south": {"uv": [89, 120], "uv_size": [2, 1]},
								"west": {"uv": [117, 48], "uv_size": [1, 1]},
								"up": {"uv": [91, 120], "uv_size": [2, 1]},
								"down": {"uv": [93, 121], "uv_size": [2, -1]}
							}
						},
						{
							"origin": [-8.44789, 1.27, 27.11717],
							"size": [2, 8, 2],
							"inflate": 0.5,
							"pivot": [-7.44789, 5.27, 28.11717],
							"rotation": [0, -20, 0],
							"uv": {
								"north": {"uv": [37, 110], "uv_size": [2, 8]},
								"east": {"uv": [39, 110], "uv_size": [2, 8]},
								"south": {"uv": [41, 110], "uv_size": [2, 8]},
								"west": {"uv": [43, 110], "uv_size": [2, 8]},
								"up": {"uv": [96, 56], "uv_size": [2, 2]},
								"down": {"uv": [117, 87], "uv_size": [2, -2]}
							}
						},
						{
							"origin": [-8.44789, -0.23, 27.11717],
							"size": [2, 11, 2],
							"pivot": [-7.44789, 5.27, 28.11717],
							"rotation": [0, -20, 0],
							"uv": {
								"north": {"uv": [100, 102], "uv_size": [2, 11]},
								"east": {"uv": [102, 108], "uv_size": [2, 11]},
								"south": {"uv": [0, 109], "uv_size": [2, 11]},
								"west": {"uv": [2, 109], "uv_size": [2, 11]},
								"up": {"uv": [117, 92], "uv_size": [2, 2]},
								"down": {"uv": [114, 119], "uv_size": [2, -2]}
							}
						},
						{
							"origin": [-7.37112, 10.77, 24.48336],
							"size": [2, 1, 2],
							"inflate": -0.01,
							"pivot": [-6.37112, 11.27, 25.48336],
							"rotation": [0, -55, 0],
							"uv": {
								"north": {"uv": [84, 47], "uv_size": [2, 1]},
								"east": {"uv": [106, 40], "uv_size": [2, 1]},
								"south": {"uv": [73, 110], "uv_size": [2, 1]},
								"west": {"uv": [111, 70], "uv_size": [2, 1]},
								"up": {"uv": [117, 115], "uv_size": [2, 2]},
								"down": {"uv": [117, 119], "uv_size": [2, -2]}
							}
						},
						{
							"origin": [-5.98113, 10.77, 23.90761],
							"size": [2, 1, 2],
							"inflate": -0.001,
							"pivot": [-4.98113, 11.27, 24.90761],
							"rotation": [0, -80, 0],
							"uv": {
								"north": {"uv": [45, 120], "uv_size": [2, 1]},
								"east": {"uv": [120, 45], "uv_size": [2, 1]},
								"south": {"uv": [120, 46], "uv_size": [2, 1]},
								"west": {"uv": [47, 120], "uv_size": [2, 1]},
								"up": {"uv": [118, 14], "uv_size": [2, 2]},
								"down": {"uv": [118, 18], "uv_size": [2, -2]}
							}
						},
						{
							"origin": [-7.82415, 10.77, 25.57981],
							"size": [2, 1, 2],
							"inflate": -0.001,
							"pivot": [-6.82415, 11.27, 25.57981],
							"rotation": [0, -20, 0],
							"uv": {
								"north": {"uv": [120, 34], "uv_size": [2, 1]},
								"east": {"uv": [39, 120], "uv_size": [2, 1]},
								"south": {"uv": [41, 120], "uv_size": [2, 1]},
								"west": {"uv": [120, 41], "uv_size": [2, 1]},
								"up": {"uv": [118, 0], "uv_size": [2, 2]},
								"down": {"uv": [118, 4], "uv_size": [2, -2]}
							}
						},
						{
							"origin": [-8.44789, 10.77, 27.11717],
							"size": [2, 1, 2],
							"uv": {
								"north": {"uv": [120, 42], "uv_size": [2, 1]},
								"east": {"uv": [43, 120], "uv_size": [2, 1]},
								"south": {"uv": [120, 43], "uv_size": [2, 1]},
								"west": {"uv": [120, 44], "uv_size": [2, 1]},
								"up": {"uv": [118, 4], "uv_size": [2, 2]},
								"down": {"uv": [118, 14], "uv_size": [2, -2]}
							}
						},
						{
							"origin": [-4.59113, 10.77, 23.33186],
							"size": [2, 1, 2],
							"inflate": -0.01,
							"pivot": [-3.59113, 11.27, 24.33186],
							"rotation": [0, -55, 0],
							"uv": {
								"north": {"uv": [120, 47], "uv_size": [2, 1]},
								"east": {"uv": [120, 48], "uv_size": [2, 1]},
								"south": {"uv": [120, 49], "uv_size": [2, 1]},
								"west": {"uv": [53, 120], "uv_size": [2, 1]},
								"up": {"uv": [118, 18], "uv_size": [2, 2]},
								"down": {"uv": [118, 33], "uv_size": [2, -2]}
							}
						},
						{
							"origin": [-4.1381, 10.77, 22.23541],
							"size": [2, 1, 2],
							"inflate": -0.001,
							"pivot": [-3.1381, 11.27, 24.23541],
							"rotation": [0, -20, 0],
							"uv": {
								"north": {"uv": [55, 120], "uv_size": [2, 1]},
								"east": {"uv": [57, 120], "uv_size": [2, 1]},
								"south": {"uv": [59, 120], "uv_size": [2, 1]},
								"west": {"uv": [120, 59], "uv_size": [2, 1]},
								"up": {"uv": [118, 33], "uv_size": [2, 2]},
								"down": {"uv": [37, 120], "uv_size": [2, -2]}
							}
						},
						{
							"origin": [-6.75626, -0.7038, 25.87172],
							"size": [2, 1, 2],
							"inflate": -0.01,
							"pivot": [-5.00958, -0.2038, 25.70112],
							"rotation": [-32.39769, -50.33155, 26.03345],
							"uv": {
								"north": {"uv": [120, 60], "uv_size": [2, 1]},
								"east": {"uv": [61, 120], "uv_size": [2, 1]},
								"south": {"uv": [120, 61], "uv_size": [2, 1]},
								"west": {"uv": [120, 62], "uv_size": [2, 1]},
								"up": {"uv": [39, 118], "uv_size": [2, 2]},
								"down": {"uv": [118, 42], "uv_size": [2, -2]}
							}
						},
						{
							"origin": [-6.51723, -0.7038, 24.60875],
							"size": [2, 1, 2],
							"inflate": -0.001,
							"pivot": [-5.00958, -0.2038, 25.70112],
							"rotation": [-64.49445, -67.73126, 62.72683],
							"uv": {
								"north": {"uv": [120, 63], "uv_size": [2, 1]},
								"east": {"uv": [120, 64], "uv_size": [2, 1]},
								"south": {"uv": [120, 65], "uv_size": [2, 1]},
								"west": {"uv": [120, 66], "uv_size": [2, 1]},
								"up": {"uv": [41, 118], "uv_size": [2, 2]},
								"down": {"uv": [118, 44], "uv_size": [2, -2]}
							}
						},
						{
							"origin": [-7.68538, -0.7038, 26.47731],
							"size": [2, 1, 2],
							"inflate": -0.001,
							"pivot": [-5.00958, -0.2038, 25.70112],
							"rotation": [-21.17283, -18.74724, 7.09597],
							"uv": {
								"north": {"uv": [120, 67], "uv_size": [2, 1]},
								"east": {"uv": [120, 68], "uv_size": [2, 1]},
								"south": {"uv": [120, 70], "uv_size": [2, 1]},
								"west": {"uv": [120, 71], "uv_size": [2, 1]},
								"up": {"uv": [43, 118], "uv_size": [2, 2]},
								"down": {"uv": [118, 46], "uv_size": [2, -2]}
							}
						},
						{
							"origin": [-8.44789, -1.23, 27.11717],
							"size": [2, 1, 2],
							"uv": {
								"north": {"uv": [120, 72], "uv_size": [2, 1]},
								"east": {"uv": [73, 120], "uv_size": [2, 1]},
								"south": {"uv": [120, 73], "uv_size": [2, 1]},
								"west": {"uv": [120, 74], "uv_size": [2, 1]},
								"up": {"uv": [45, 118], "uv_size": [2, 2]},
								"down": {"uv": [47, 120], "uv_size": [2, -2]}
							}
						},
						{
							"origin": [-6.10499, -0.7038, 22.93401],
							"size": [2, 1, 2],
							"inflate": -0.01,
							"pivot": [-5.00958, -0.2038, 25.70112],
							"rotation": [-32.39769, -50.33155, 26.03345],
							"uv": {
								"north": {"uv": [75, 120], "uv_size": [2, 1]},
								"east": {"uv": [120, 75], "uv_size": [2, 1]},
								"south": {"uv": [120, 76], "uv_size": [2, 1]},
								"west": {"uv": [77, 120], "uv_size": [2, 1]},
								"up": {"uv": [118, 48], "uv_size": [2, 2]},
								"down": {"uv": [61, 120], "uv_size": [2, -2]}
							}
						},
						{
							"origin": [-4.68143, -0.7038, 21.95329],
							"size": [2, 1, 2],
							"inflate": -0.001,
							"pivot": [-5.00958, -0.2038, 25.70112],
							"rotation": [-21.17283, -18.74724, 7.09597],
							"uv": {
								"north": {"uv": [120, 77], "uv_size": [2, 1]},
								"east": {"uv": [120, 78], "uv_size": [2, 1]},
								"south": {"uv": [120, 79], "uv_size": [2, 1]},
								"west": {"uv": [120, 80], "uv_size": [2, 1]},
								"up": {"uv": [118, 61], "uv_size": [2, 2]},
								"down": {"uv": [118, 65], "uv_size": [2, -2]}
							}
						},
						{
							"origin": [-3.54563, -0.7038, 19.00754],
							"size": [2, 1, 4],
							"inflate": -0.02,
							"pivot": [-5.00958, -0.2038, 25.70112],
							"rotation": [-20, 0, 0],
							"uv": {
								"north": {"uv": [120, 81], "uv_size": [2, 1]},
								"east": {"uv": [80, 47], "uv_size": [4, 1]},
								"south": {"uv": [120, 82], "uv_size": [2, 1]},
								"west": {"uv": [100, 8], "uv_size": [4, 1]},
								"up": {"uv": [77, 116], "uv_size": [2, 4]},
								"down": {"uv": [89, 120], "uv_size": [2, -4]}
							}
						}
					]
				},
				{
					"name": "gripl",
					"parent": "group",
					"pivot": [5.00958, -0.2038, 25.70112],
					"cubes": [
						{
							"origin": [1.52, 10.77, 21.73],
							"size": [2, 1, 1],
							"inflate": -0.02,
							"uv": {
								"north": {"uv": [122, 83], "uv_size": [-2, 1]},
								"east": {"uv": [118, 48], "uv_size": [-1, 1]},
								"south": {"uv": [91, 120], "uv_size": [-2, 1]},
								"west": {"uv": [105, 108], "uv_size": [-1, 1]},
								"up": {"uv": [93, 120], "uv_size": [-2, 1]},
								"down": {"uv": [95, 121], "uv_size": [-2, -1]}
							}
						},
						{
							"origin": [6.44789, 1.27, 27.11717],
							"size": [2, 8, 2],
							"inflate": 0.5,
							"pivot": [7.44789, 5.27, 28.11717],
							"rotation": [0, 20, 0],
							"uv": {
								"north": {"uv": [39, 110], "uv_size": [-2, 8]},
								"east": {"uv": [45, 110], "uv_size": [-2, 8]},
								"south": {"uv": [43, 110], "uv_size": [-2, 8]},
								"west": {"uv": [41, 110], "uv_size": [-2, 8]},
								"up": {"uv": [98, 56], "uv_size": [-2, 2]},
								"down": {"uv": [119, 87], "uv_size": [-2, -2]}
							}
						},
						{
							"origin": [6.44789, -0.23, 27.11717],
							"size": [2, 11, 2],
							"pivot": [7.44789, 5.27, 28.11717],
							"rotation": [0, 20, 0],
							"uv": {
								"north": {"uv": [102, 102], "uv_size": [-2, 11]},
								"east": {"uv": [4, 109], "uv_size": [-2, 11]},
								"south": {"uv": [2, 109], "uv_size": [-2, 11]},
								"west": {"uv": [104, 108], "uv_size": [-2, 11]},
								"up": {"uv": [119, 92], "uv_size": [-2, 2]},
								"down": {"uv": [116, 119], "uv_size": [-2, -2]}
							}
						},
						{
							"origin": [5.37112, 10.77, 24.48336],
							"size": [2, 1, 2],
							"inflate": -0.01,
							"pivot": [6.37112, 11.27, 25.48336],
							"rotation": [0, 55, 0],
							"uv": {
								"north": {"uv": [86, 47], "uv_size": [-2, 1]},
								"east": {"uv": [113, 70], "uv_size": [-2, 1]},
								"south": {"uv": [75, 110], "uv_size": [-2, 1]},
								"west": {"uv": [108, 40], "uv_size": [-2, 1]},
								"up": {"uv": [119, 115], "uv_size": [-2, 2]},
								"down": {"uv": [119, 119], "uv_size": [-2, -2]}
							}
						},
						{
							"origin": [3.98113, 10.77, 23.90761],
							"size": [2, 1, 2],
							"pivot": [4.98113, 11.27, 24.90761],
							"rotation": [0, 80, 0],
							"uv": {
								"north": {"uv": [47, 120], "uv_size": [-2, 1]},
								"east": {"uv": [49, 120], "uv_size": [-2, 1]},
								"south": {"uv": [122, 46], "uv_size": [-2, 1]},
								"west": {"uv": [122, 45], "uv_size": [-2, 1]},
								"up": {"uv": [120, 14], "uv_size": [-2, 2]},
								"down": {"uv": [120, 18], "uv_size": [-2, -2]}
							}
						},
						{
							"origin": [5.82415, 10.77, 25.57981],
							"size": [2, 1, 2],
							"pivot": [6.82415, 11.27, 25.57981],
							"rotation": [0, 20, 0],
							"uv": {
								"north": {"uv": [122, 34], "uv_size": [-2, 1]},
								"east": {"uv": [122, 41], "uv_size": [-2, 1]},
								"south": {"uv": [43, 120], "uv_size": [-2, 1]},
								"west": {"uv": [41, 120], "uv_size": [-2, 1]},
								"up": {"uv": [120, 0], "uv_size": [-2, 2]},
								"down": {"uv": [120, 4], "uv_size": [-2, -2]}
							}
						},
						{
							"origin": [6.44789, 10.77, 27.11717],
							"size": [2, 1, 2],
							"uv": {
								"north": {"uv": [122, 42], "uv_size": [-2, 1]},
								"east": {"uv": [122, 44], "uv_size": [-2, 1]},
								"south": {"uv": [122, 43], "uv_size": [-2, 1]},
								"west": {"uv": [45, 120], "uv_size": [-2, 1]},
								"up": {"uv": [120, 4], "uv_size": [-2, 2]},
								"down": {"uv": [120, 14], "uv_size": [-2, -2]}
							}
						},
						{
							"origin": [2.59113, 10.77, 23.33186],
							"size": [2, 1, 2],
							"inflate": -0.01,
							"pivot": [3.59113, 11.27, 24.33186],
							"rotation": [0, 55, 0],
							"uv": {
								"north": {"uv": [122, 47], "uv_size": [-2, 1]},
								"east": {"uv": [55, 120], "uv_size": [-2, 1]},
								"south": {"uv": [122, 49], "uv_size": [-2, 1]},
								"west": {"uv": [122, 48], "uv_size": [-2, 1]},
								"up": {"uv": [120, 18], "uv_size": [-2, 2]},
								"down": {"uv": [120, 33], "uv_size": [-2, -2]}
							}
						},
						{
							"origin": [2.1381, 10.77, 22.23541],
							"size": [2, 1, 2],
							"pivot": [3.1381, 11.27, 24.23541],
							"rotation": [0, 20, 0],
							"uv": {
								"north": {"uv": [57, 120], "uv_size": [-2, 1]},
								"east": {"uv": [122, 59], "uv_size": [-2, 1]},
								"south": {"uv": [61, 120], "uv_size": [-2, 1]},
								"west": {"uv": [59, 120], "uv_size": [-2, 1]},
								"up": {"uv": [120, 33], "uv_size": [-2, 2]},
								"down": {"uv": [39, 120], "uv_size": [-2, -2]}
							}
						},
						{
							"origin": [4.75626, -0.7038, 25.87172],
							"size": [2, 1, 2],
							"inflate": -0.01,
							"pivot": [5.00958, -0.2038, 25.70112],
							"rotation": [-32.39769, 50.33155, -26.03345],
							"uv": {
								"north": {"uv": [122, 60], "uv_size": [-2, 1]},
								"east": {"uv": [122, 62], "uv_size": [-2, 1]},
								"south": {"uv": [122, 61], "uv_size": [-2, 1]},
								"west": {"uv": [63, 120], "uv_size": [-2, 1]},
								"up": {"uv": [41, 118], "uv_size": [-2, 2]},
								"down": {"uv": [120, 42], "uv_size": [-2, -2]}
							}
						},
						{
							"origin": [4.51723, -0.7038, 24.60875],
							"size": [2, 1, 2],
							"pivot": [5.00958, -0.2038, 25.70112],
							"rotation": [-64.49445, 67.73126, -62.72683],
							"uv": {
								"north": {"uv": [122, 63], "uv_size": [-2, 1]},
								"east": {"uv": [122, 66], "uv_size": [-2, 1]},
								"south": {"uv": [122, 65], "uv_size": [-2, 1]},
								"west": {"uv": [122, 64], "uv_size": [-2, 1]},
								"up": {"uv": [43, 118], "uv_size": [-2, 2]},
								"down": {"uv": [120, 44], "uv_size": [-2, -2]}
							}
						},
						{
							"origin": [5.68538, -0.7038, 26.47731],
							"size": [2, 1, 2],
							"pivot": [5.00958, -0.2038, 25.70112],
							"rotation": [-21.17283, 18.74724, -7.09597],
							"uv": {
								"north": {"uv": [122, 67], "uv_size": [-2, 1]},
								"east": {"uv": [122, 71], "uv_size": [-2, 1]},
								"south": {"uv": [122, 70], "uv_size": [-2, 1]},
								"west": {"uv": [122, 68], "uv_size": [-2, 1]},
								"up": {"uv": [45, 118], "uv_size": [-2, 2]},
								"down": {"uv": [120, 46], "uv_size": [-2, -2]}
							}
						},
						{
							"origin": [6.44789, -1.23, 27.11717],
							"size": [2, 1, 2],
							"uv": {
								"north": {"uv": [122, 72], "uv_size": [-2, 1]},
								"east": {"uv": [122, 74], "uv_size": [-2, 1]},
								"south": {"uv": [122, 73], "uv_size": [-2, 1]},
								"west": {"uv": [75, 120], "uv_size": [-2, 1]},
								"up": {"uv": [47, 118], "uv_size": [-2, 2]},
								"down": {"uv": [49, 120], "uv_size": [-2, -2]}
							}
						},
						{
							"origin": [4.10499, -0.7038, 22.93401],
							"size": [2, 1, 2],
							"inflate": -0.01,
							"pivot": [5.00958, -0.2038, 25.70112],
							"rotation": [-32.39769, 50.33155, -26.03345],
							"uv": {
								"north": {"uv": [77, 120], "uv_size": [-2, 1]},
								"east": {"uv": [79, 120], "uv_size": [-2, 1]},
								"south": {"uv": [122, 76], "uv_size": [-2, 1]},
								"west": {"uv": [122, 75], "uv_size": [-2, 1]},
								"up": {"uv": [120, 48], "uv_size": [-2, 2]},
								"down": {"uv": [63, 120], "uv_size": [-2, -2]}
							}
						},
						{
							"origin": [2.68143, -0.7038, 21.95329],
							"size": [2, 1, 2],
							"pivot": [5.00958, -0.2038, 25.70112],
							"rotation": [-21.17283, 18.74724, -7.09597],
							"uv": {
								"north": {"uv": [122, 77], "uv_size": [-2, 1]},
								"east": {"uv": [122, 80], "uv_size": [-2, 1]},
								"south": {"uv": [122, 79], "uv_size": [-2, 1]},
								"west": {"uv": [122, 78], "uv_size": [-2, 1]},
								"up": {"uv": [120, 61], "uv_size": [-2, 2]},
								"down": {"uv": [120, 65], "uv_size": [-2, -2]}
							}
						},
						{
							"origin": [1.54563, -0.7038, 19.00754],
							"size": [2, 1, 4],
							"inflate": -0.02,
							"pivot": [5.00958, -0.2038, 25.70112],
							"rotation": [-20, 0, 0],
							"uv": {
								"north": {"uv": [122, 81], "uv_size": [-2, 1]},
								"east": {"uv": [104, 8], "uv_size": [-4, 1]},
								"south": {"uv": [122, 82], "uv_size": [-2, 1]},
								"west": {"uv": [84, 47], "uv_size": [-4, 1]},
								"up": {"uv": [79, 116], "uv_size": [-2, 4]},
								"down": {"uv": [91, 120], "uv_size": [-2, -4]}
							}
						}
					]
				},
				{
					"name": "mag",
					"parent": "group",
					"pivot": [4.07393, 4.20653, -17],
					"cubes": [
						{
							"origin": [11, 11, -18.5],
							"size": [12, 2, 3],
							"pivot": [18, 3, -17],
							"rotation": [0, 0, -12.5],
							"uv": {
								"north": {"uv": [108, 6], "uv_size": [12, 2]},
								"east": {"uv": [117, 70], "uv_size": [3, 2]},
								"south": {"uv": [109, 25], "uv_size": [12, 2]},
								"west": {"uv": [117, 72], "uv_size": [3, 2]},
								"up": {"uv": [104, 20], "uv_size": [12, 3]},
								"down": {"uv": [105, 95], "uv_size": [12, -3]}
							}
						},
						{
							"origin": [6, -2, -25],
							"size": [22, 12, 16],
							"pivot": [18, 3, -17],
							"rotation": [0, 0, -12.5],
							"uv": {
								"north": {"uv": [50, 30], "uv_size": [22, 12]},
								"east": {"uv": [78, 76], "uv_size": [16, 12]},
								"south": {"uv": [50, 30], "uv_size": [22, 12]},
								"west": {"uv": [78, 76], "uv_size": [16, 12]},
								"up": {"uv": [10, 10], "uv_size": [22, 16]},
								"down": {"uv": [10, 42], "uv_size": [22, -16]}
							}
						},
						{
							"origin": [10, 10, -25],
							"size": [16, 2, 16],
							"pivot": [18, 3, -17],
							"rotation": [0, 0, -12.5],
							"uv": {
								"north": {"uv": [104, 23], "uv_size": [16, 2]},
								"east": {"uv": [105, 95], "uv_size": [16, 2]},
								"south": {"uv": [105, 97], "uv_size": [16, 2]},
								"west": {"uv": [105, 99], "uv_size": [16, 2]},
								"up": {"uv": [50, 42], "uv_size": [16, 16]},
								"down": {"uv": [10, 74], "uv_size": [16, -16]}
							}
						},
						{
							"origin": [20.14991, 16.78117, -25],
							"size": [2.828, 2, 16],
							"inflate": -0.001,
							"pivot": [12.97791, 9.78117, -17],
							"rotation": [0, 0, 32.5],
							"uv": {
								"north": {"uv": [98, 62], "uv_size": [3, 2]},
								"east": {"uv": [105, 101], "uv_size": [16, 2]},
								"south": {"uv": [21, 117], "uv_size": [3, 2]},
								"west": {"uv": [105, 103], "uv_size": [16, 2]},
								"up": {"uv": [69, 10], "uv_size": [3, 16]},
								"down": {"uv": [21, 114], "uv_size": [3, -16]}
							}
						},
						{
							"origin": [8, -4, -25],
							"size": [18, 2, 16],
							"pivot": [18, 3, -17],
							"rotation": [0, 0, -12.5],
							"uv": {
								"north": {"uv": [102, 38], "uv_size": [18, 2]},
								"east": {"uv": [106, 53], "uv_size": [16, 2]},
								"south": {"uv": [102, 38], "uv_size": [18, 2]},
								"west": {"uv": [106, 55], "uv_size": [16, 2]},
								"up": {"uv": [32, 30], "uv_size": [18, 16]},
								"down": {"uv": [10, 58], "uv_size": [18, -16]}
							}
						},
						{
							"origin": [4.72911, 0.47079, -25],
							"size": [2.828, 2, 16],
							"inflate": -0.001,
							"pivot": [-2.44289, -6.52921, -17],
							"rotation": [0, 0, 32.5],
							"uv": {
								"north": {"uv": [33, 117], "uv_size": [3, 2]},
								"east": {"uv": [105, 105], "uv_size": [16, 2]},
								"south": {"uv": [117, 46], "uv_size": [3, 2]},
								"west": {"uv": [106, 51], "uv_size": [16, 2]},
								"up": {"uv": [89, 100], "uv_size": [3, 16]},
								"down": {"uv": [92, 116], "uv_size": [3, -16]}
							}
						},
						{
							"origin": [11.24593, -18.79347, -25],
							"size": [2.828, 2, 16],
							"inflate": -0.001,
							"pivot": [4.07393, 4.20653, -17],
							"rotation": [0, 0, -57.5],
							"uv": {
								"north": {"uv": [117, 59], "uv_size": [3, 2]},
								"east": {"uv": [106, 57], "uv_size": [16, 2]},
								"south": {"uv": [69, 117], "uv_size": [3, 2]},
								"west": {"uv": [105, 107], "uv_size": [16, 2]},
								"up": {"uv": [102, 92], "uv_size": [3, 16]},
								"down": {"uv": [95, 118], "uv_size": [3, -16]}
							}
						}
					]
				},
				{
					"name": "cover",
					"parent": "group",
					"pivot": [0, -3.03768, -11.07347],
					"cubes": [
						{
							"origin": [-5, 16.25, -19.75],
							"size": [10, 1, 8],
							"uv": {
								"north": {"uv": [86, 57], "uv_size": [10, 1]},
								"east": {"uv": [114, 109], "uv_size": [8, 1]},
								"south": {"uv": [109, 37], "uv_size": [10, 1]},
								"west": {"uv": [114, 110], "uv_size": [8, 1]},
								"up": {"uv": [75, 92], "uv_size": [10, 8]},
								"down": {"uv": [85, 100], "uv_size": [10, -8]}
							}
						},
						{
							"origin": [-3.5, 11.75, -8.25],
							"size": [7, 6, 7],
							"uv": {
								"north": {"uv": [39, 104], "uv_size": [7, 6]},
								"east": {"uv": [46, 104], "uv_size": [7, 6]},
								"south": {"uv": [61, 104], "uv_size": [7, 6]},
								"west": {"uv": [68, 104], "uv_size": [7, 6]},
								"up": {"uv": [101, 59], "uv_size": [7, 7]},
								"down": {"uv": [101, 73], "uv_size": [7, -7]}
							}
						},
						{
							"origin": [-3.5, 15.75, -18.25],
							"size": [7, 2, 10],
							"uv": {
								"north": {"uv": [111, 12], "uv_size": [7, 2]},
								"east": {"uv": [75, 109], "uv_size": [10, 2]},
								"south": {"uv": [111, 14], "uv_size": [7, 2]},
								"west": {"uv": [109, 88], "uv_size": [10, 2]},
								"up": {"uv": [94, 74], "uv_size": [7, 10]},
								"down": {"uv": [95, 102], "uv_size": [7, -10]}
							}
						},
						{
							"origin": [-3.5, 14.36057, -29.80377],
							"size": [7, 2, 12],
							"inflate": 0.001,
							"pivot": [0, 15.36057, -23.30377],
							"rotation": [15, 0, 0],
							"uv": {
								"north": {"uv": [111, 16], "uv_size": [7, 2]},
								"east": {"uv": [109, 27], "uv_size": [12, 2]},
								"south": {"uv": [111, 18], "uv_size": [7, 2]},
								"west": {"uv": [109, 29], "uv_size": [12, 2]},
								"up": {"uv": [61, 92], "uv_size": [7, 12]},
								"down": {"uv": [68, 104], "uv_size": [7, -12]}
							}
						},
						{
							"origin": [-3.5, 12.64417, -22.84111],
							"size": [7, 3, 4],
							"uv": {
								"north": {"uv": [109, 31], "uv_size": [7, 3]},
								"east": {"uv": [47, 112], "uv_size": [4, 3]},
								"south": {"uv": [109, 34], "uv_size": [7, 3]},
								"west": {"uv": [61, 112], "uv_size": [4, 3]},
								"up": {"uv": [94, 84], "uv_size": [7, 4]},
								"down": {"uv": [13, 110], "uv_size": [7, -4]}
							}
						},
						{
							"origin": [-3.5, 12.64417, -29.84111],
							"size": [7, 2, 7],
							"uv": {
								"north": {"uv": [111, 62], "uv_size": [7, 2]},
								"east": {"uv": [111, 64], "uv_size": [7, 2]},
								"south": {"uv": [111, 66], "uv_size": [7, 2]},
								"west": {"uv": [111, 68], "uv_size": [7, 2]},
								"up": {"uv": [101, 73], "uv_size": [7, 7]},
								"down": {"uv": [101, 87], "uv_size": [7, -7]}
							}
						},
						{
							"origin": [-4, 11.71232, -30.32347],
							"size": [8, 1.5, 2],
							"uv": {
								"north": {"uv": [45, 110], "uv_size": [8, 2]},
								"east": {"uv": [118, 65], "uv_size": [2, 2]},
								"south": {"uv": [61, 110], "uv_size": [8, 2]},
								"west": {"uv": [118, 67], "uv_size": [2, 2]},
								"up": {"uv": [111, 8], "uv_size": [8, 2]},
								"down": {"uv": [111, 12], "uv_size": [8, -2]}
							}
						},
						{
							"origin": [-5.5, 10.749, -27.75],
							"size": [2, 0, 19],
							"uv": {
								"north": {"uv": [0, 0], "uv_size": [2, 0]},
								"east": {"uv": [0, 0], "uv_size": [19, 0]},
								"south": {"uv": [0, 0], "uv_size": [2, 0]},
								"west": {"uv": [0, 0], "uv_size": [19, 0]},
								"up": {"uv": [24, 98], "uv_size": [2, 19]},
								"down": {"uv": [98, 121], "uv_size": [2, -19]}
							}
						},
						{
							"origin": [-6.36553, 10.24913, -27.75],
							"size": [1, 0, 19],
							"pivot": [-6.36553, 10.24913, -18.25],
							"rotation": [0, 0, -30],
							"uv": {
								"north": {"uv": [0, 0], "uv_size": [1, 0]},
								"east": {"uv": [0, 0], "uv_size": [19, 0]},
								"south": {"uv": [0, 0], "uv_size": [1, 0]},
								"west": {"uv": [0, 0], "uv_size": [19, 0]},
								"up": {"uv": [20, 106], "uv_size": [1, 19]},
								"down": {"uv": [4, 128], "uv_size": [1, -19]}
							}
						},
						{
							"origin": [-5.5, 10.749, -27.75],
							"size": [10, 2, 0],
							"uv": {
								"north": {"uv": [109, 90], "uv_size": [10, 2]},
								"east": {"uv": [0, 0], "uv_size": [0, 2]},
								"south": {"uv": [104, 109], "uv_size": [10, 2]},
								"west": {"uv": [0, 0], "uv_size": [0, 2]},
								"up": {"uv": [0, 0], "uv_size": [10, 0]},
								"down": {"uv": [0, 0], "uv_size": [10, 0]}
							}
						},
						{
							"origin": [-6.43251, 10.749, -27.99987],
							"size": [1, 2, 0],
							"pivot": [-5.93251, 11.749, -27.99987],
							"rotation": [0, -30, 0],
							"uv": {
								"north": {"uv": [120, 120], "uv_size": [1, 2]},
								"east": {"uv": [0, 0], "uv_size": [0, 2]},
								"south": {"uv": [121, 0], "uv_size": [1, 2]},
								"west": {"uv": [0, 0], "uv_size": [0, 2]},
								"up": {"uv": [0, 0], "uv_size": [1, 0]},
								"down": {"uv": [0, 0], "uv_size": [1, 0]}
							}
						},
						{
							"origin": [-5.5, 10.749, -8.75],
							"size": [10, 3, 0],
							"uv": {
								"north": {"uv": [108, 0], "uv_size": [10, 3]},
								"east": {"uv": [0, 0], "uv_size": [0, 3]},
								"south": {"uv": [108, 3], "uv_size": [10, 3]},
								"west": {"uv": [0, 0], "uv_size": [0, 3]},
								"up": {"uv": [0, 0], "uv_size": [10, 0]},
								"down": {"uv": [0, 0], "uv_size": [10, 0]}
							}
						},
						{
							"origin": [-6.43251, 10.749, -8.50013],
							"size": [1, 3, 0],
							"pivot": [-5.93251, 11.749, -8.50013],
							"rotation": [0, 30, 0],
							"uv": {
								"north": {"uv": [35, 119], "uv_size": [1, 3]},
								"east": {"uv": [0, 0], "uv_size": [0, 3]},
								"south": {"uv": [71, 119], "uv_size": [1, 3]},
								"west": {"uv": [0, 0], "uv_size": [0, 3]},
								"up": {"uv": [0, 0], "uv_size": [1, 0]},
								"down": {"uv": [0, 0], "uv_size": [1, 0]}
							}
						},
						{
							"origin": [-5.5, 13.748, -11.749],
							"size": [10, 0, 3],
							"uv": {
								"north": {"uv": [0, 0], "uv_size": [10, 0]},
								"east": {"uv": [0, 0], "uv_size": [3, 0]},
								"south": {"uv": [0, 0], "uv_size": [10, 0]},
								"west": {"uv": [0, 0], "uv_size": [3, 0]},
								"up": {"uv": [108, 40], "uv_size": [10, 3]},
								"down": {"uv": [108, 46], "uv_size": [10, -3]}
							}
						},
						{
							"origin": [-6.36553, 14.24786, -11.749],
							"size": [1, 0, 3],
							"pivot": [-6.36553, 14.24786, -2.249],
							"rotation": [0, 0, 30],
							"uv": {
								"north": {"uv": [0, 0], "uv_size": [1, 0]},
								"east": {"uv": [0, 0], "uv_size": [3, 0]},
								"south": {"uv": [0, 0], "uv_size": [1, 0]},
								"west": {"uv": [0, 0], "uv_size": [3, 0]},
								"up": {"uv": [82, 119], "uv_size": [1, 3]},
								"down": {"uv": [119, 122], "uv_size": [1, -3]}
							}
						},
						{
							"origin": [4.36553, 14.24786, -11.749],
							"size": [1, 0, 3],
							"pivot": [5.36553, 14.24786, -2.249],
							"rotation": [0, 0, -30],
							"uv": {
								"north": {"uv": [0, 0], "uv_size": [1, 0]},
								"east": {"uv": [0, 0], "uv_size": [3, 0]},
								"south": {"uv": [0, 0], "uv_size": [1, 0]},
								"west": {"uv": [0, 0], "uv_size": [3, 0]},
								"up": {"uv": [1, 120], "uv_size": [1, 3]},
								"down": {"uv": [2, 123], "uv_size": [1, -3]}
							}
						},
						{
							"origin": [4.43251, 10.749, -8.50013],
							"size": [1, 3, 0],
							"pivot": [4.93251, 11.749, -8.50013],
							"rotation": [0, -30, 0],
							"uv": {
								"north": {"uv": [0, 120], "uv_size": [1, 3]},
								"east": {"uv": [0, 0], "uv_size": [0, 3]},
								"south": {"uv": [120, 0], "uv_size": [1, 3]},
								"west": {"uv": [0, 0], "uv_size": [0, 3]},
								"up": {"uv": [0, 0], "uv_size": [1, 0]},
								"down": {"uv": [0, 0], "uv_size": [1, 0]}
							}
						},
						{
							"origin": [4.43251, 10.749, -27.99987],
							"size": [1, 2, 0],
							"pivot": [4.93251, 11.749, -27.99987],
							"rotation": [0, 30, 0],
							"uv": {
								"north": {"uv": [121, 2], "uv_size": [1, 2]},
								"east": {"uv": [0, 0], "uv_size": [0, 2]},
								"south": {"uv": [121, 4], "uv_size": [1, 2]},
								"west": {"uv": [0, 0], "uv_size": [0, 2]},
								"up": {"uv": [0, 0], "uv_size": [1, 0]},
								"down": {"uv": [0, 0], "uv_size": [1, 0]}
							}
						}
					]
				},
				{
					"name": "muz",
					"parent": "group",
					"pivot": [0, 7.5, -146.05],
					"cubes": [
						{
							"origin": [-4, 3.5, -148.75],
							"size": [8, 8, 1],
							"pivot": [-0.5, 8, -47.5],
							"rotation": [0, 0, 20],
							"uv": {
								"north": {"uv": [100, 0], "uv_size": [8, 8]},
								"east": {"uv": [9, 116], "uv_size": [1, 8]},
								"south": {"uv": [100, 41], "uv_size": [8, 8]},
								"west": {"uv": [15, 116], "uv_size": [1, 8]},
								"up": {"uv": [116, 20], "uv_size": [8, 1]},
								"down": {"uv": [116, 22], "uv_size": [8, -1]}
							}
						},
						{
							"origin": [-3.5, 4, -157.35],
							"size": [7, 7, 2],
							"pivot": [0, 7.5, -146.05],
							"rotation": [0, 0, 20],
							"uv": {
								"north": {"uv": [0, 102], "uv_size": [7, 7]},
								"east": {"uv": [69, 110], "uv_size": [2, 7]},
								"south": {"uv": [102, 25], "uv_size": [7, 7]},
								"west": {"uv": [71, 110], "uv_size": [2, 7]},
								"up": {"uv": [73, 111], "uv_size": [7, 2]},
								"down": {"uv": [104, 113], "uv_size": [7, -2]}
							}
						},
						{
							"origin": [-0.04331, 6.69517, -156.50348],
							"size": [1, 1, 7],
							"pivot": [0, 7.5, -146.05],
							"rotation": [15, -15, 20],
							"uv": {
								"north": {"uv": [121, 103], "uv_size": [1, 1]},
								"east": {"uv": [101, 87], "uv_size": [7, 1]},
								"south": {"uv": [121, 104], "uv_size": [1, 1]},
								"west": {"uv": [116, 22], "uv_size": [7, 1]},
								"up": {"uv": [79, 116], "uv_size": [1, 7]},
								"down": {"uv": [104, 123], "uv_size": [1, -7]}
							}
						},
						{
							"origin": [-0.95669, 6.69517, -156.50348],
							"size": [1, 1, 7],
							"pivot": [0, 7.5, -146.05],
							"rotation": [15, 15, 20],
							"uv": {
								"north": {"uv": [121, 105], "uv_size": [1, 1]},
								"east": {"uv": [116, 35], "uv_size": [7, 1]},
								"south": {"uv": [121, 106], "uv_size": [1, 1]},
								"west": {"uv": [116, 36], "uv_size": [7, 1]},
								"up": {"uv": [105, 116], "uv_size": [1, 7]},
								"down": {"uv": [106, 123], "uv_size": [1, -7]}
							}
						},
						{
							"origin": [-0.04331, 7.30483, -156.50348],
							"size": [1, 1, 7],
							"pivot": [0, 7.5, -146.05],
							"rotation": [-15, -15, 20],
							"uv": {
								"north": {"uv": [121, 107], "uv_size": [1, 1]},
								"east": {"uv": [116, 111], "uv_size": [7, 1]},
								"south": {"uv": [121, 108], "uv_size": [1, 1]},
								"west": {"uv": [116, 112], "uv_size": [7, 1]},
								"up": {"uv": [107, 116], "uv_size": [1, 7]},
								"down": {"uv": [108, 123], "uv_size": [1, -7]}
							}
						},
						{
							"origin": [-0.95669, 7.30483, -156.50348],
							"size": [1, 1, 7],
							"pivot": [0, 7.5, -146.05],
							"rotation": [-15, 15, 20],
							"uv": {
								"north": {"uv": [114, 121], "uv_size": [1, 1]},
								"east": {"uv": [116, 113], "uv_size": [7, 1]},
								"south": {"uv": [115, 121], "uv_size": [1, 1]},
								"west": {"uv": [116, 114], "uv_size": [7, 1]},
								"up": {"uv": [109, 116], "uv_size": [1, 7]},
								"down": {"uv": [116, 122], "uv_size": [1, -7]}
							}
						}
					]
				},
				{
					"name": "link1",
					"parent": "gun",
					"pivot": [-2.054, 1.86157, -16.5],
					"rotation": [0, 0, 20],
					"cubes": [
						{
							"origin": [-1.304, 12.36157, -20.5],
							"size": [1, 1, 10],
							"inflate": 0.35,
							"pivot": [-0.804, 12.86157, -15.5],
							"rotation": [0, 0, 20],
							"uv": {
								"north": {"uv": [117, 61], "uv_size": [1, 1]},
								"east": {"uv": [66, 57], "uv_size": [10, 1]},
								"south": {"uv": [69, 121], "uv_size": [1, 1]},
								"west": {"uv": [76, 57], "uv_size": [10, 1]},
								"up": {"uv": [84, 111], "uv_size": [1, 10]},
								"down": {"uv": [51, 122], "uv_size": [1, -10]}
							}
						},
						{
							"origin": [-2.554, 12.36157, -17.5],
							"size": [2, 1, 4],
							"uv": {
								"north": {"uv": [95, 120], "uv_size": [2, 1]},
								"east": {"uv": [102, 40], "uv_size": [4, 1]},
								"south": {"uv": [120, 119], "uv_size": [2, 1]},
								"west": {"uv": [117, 87], "uv_size": [4, 1]},
								"up": {"uv": [91, 116], "uv_size": [2, 4]},
								"down": {"uv": [93, 120], "uv_size": [2, -4]}
							}
						}
					]
				},
				{
					"name": "link2",
					"parent": "link1",
					"pivot": [0.446, 12.86157, -16.5],
					"rotation": [0, 0, 15],
					"cubes": [
						{
							"origin": [1.196, 12.36157, -20.5],
							"size": [1, 1, 10],
							"inflate": 0.35,
							"pivot": [1.696, 12.86157, -15.5],
							"rotation": [0, 0, 20],
							"uv": {
								"north": {"uv": [117, 61], "uv_size": [1, 1]},
								"east": {"uv": [66, 57], "uv_size": [10, 1]},
								"south": {"uv": [69, 121], "uv_size": [1, 1]},
								"west": {"uv": [76, 57], "uv_size": [10, 1]},
								"up": {"uv": [84, 111], "uv_size": [1, 10]},
								"down": {"uv": [51, 122], "uv_size": [1, -10]}
							}
						},
						{
							"origin": [-0.054, 12.36157, -17.5],
							"size": [2, 1, 4],
							"uv": {
								"north": {"uv": [95, 120], "uv_size": [2, 1]},
								"east": {"uv": [102, 40], "uv_size": [4, 1]},
								"south": {"uv": [120, 119], "uv_size": [2, 1]},
								"west": {"uv": [117, 87], "uv_size": [4, 1]},
								"up": {"uv": [91, 116], "uv_size": [2, 4]},
								"down": {"uv": [93, 120], "uv_size": [2, -4]}
							}
						}
					]
				},
				{
					"name": "link3",
					"parent": "link2",
					"pivot": [2.946, 12.86157, -16.5],
					"rotation": [0, 0, 12.5],
					"cubes": [
						{
							"origin": [3.696, 12.36157, -20.5],
							"size": [1, 1, 10],
							"inflate": 0.35,
							"pivot": [4.196, 12.86157, -15.5],
							"rotation": [0, 0, 20],
							"uv": {
								"north": {"uv": [117, 61], "uv_size": [1, 1]},
								"east": {"uv": [66, 57], "uv_size": [10, 1]},
								"south": {"uv": [69, 121], "uv_size": [1, 1]},
								"west": {"uv": [76, 57], "uv_size": [10, 1]},
								"up": {"uv": [84, 111], "uv_size": [1, 10]},
								"down": {"uv": [51, 122], "uv_size": [1, -10]}
							}
						},
						{
							"origin": [2.446, 12.36157, -17.5],
							"size": [2, 1, 4],
							"uv": {
								"north": {"uv": [95, 120], "uv_size": [2, 1]},
								"east": {"uv": [102, 40], "uv_size": [4, 1]},
								"south": {"uv": [120, 119], "uv_size": [2, 1]},
								"west": {"uv": [117, 87], "uv_size": [4, 1]},
								"up": {"uv": [91, 116], "uv_size": [2, 4]},
								"down": {"uv": [93, 120], "uv_size": [2, -4]}
							}
						}
					]
				},
				{
					"name": "link4",
					"parent": "link3",
					"pivot": [5.446, 12.86157, -16.5],
					"rotation": [0, 0, 22.5],
					"cubes": [
						{
							"origin": [6.196, 12.36157, -20.5],
							"size": [1, 1, 10],
							"inflate": 0.35,
							"pivot": [6.696, 12.86157, -15.5],
							"rotation": [0, 0, 20],
							"uv": {
								"north": {"uv": [117, 61], "uv_size": [1, 1]},
								"east": {"uv": [66, 57], "uv_size": [10, 1]},
								"south": {"uv": [69, 121], "uv_size": [1, 1]},
								"west": {"uv": [76, 57], "uv_size": [10, 1]},
								"up": {"uv": [84, 111], "uv_size": [1, 10]},
								"down": {"uv": [51, 122], "uv_size": [1, -10]}
							}
						},
						{
							"origin": [4.946, 12.36157, -17.5],
							"size": [2, 1, 4],
							"uv": {
								"north": {"uv": [95, 120], "uv_size": [2, 1]},
								"east": {"uv": [102, 40], "uv_size": [4, 1]},
								"south": {"uv": [120, 119], "uv_size": [2, 1]},
								"west": {"uv": [117, 87], "uv_size": [4, 1]},
								"up": {"uv": [91, 116], "uv_size": [2, 4]},
								"down": {"uv": [93, 120], "uv_size": [2, -4]}
							}
						}
					]
				},
				{
					"name": "link5",
					"parent": "link4",
					"pivot": [7.946, 12.86157, -16.5],
					"cubes": [
						{
							"origin": [8.696, 12.36157, -20.5],
							"size": [1, 1, 10],
							"inflate": 0.35,
							"pivot": [9.196, 12.86157, -15.5],
							"rotation": [0, 0, 20],
							"uv": {
								"north": {"uv": [117, 61], "uv_size": [1, 1]},
								"east": {"uv": [66, 57], "uv_size": [10, 1]},
								"south": {"uv": [69, 121], "uv_size": [1, 1]},
								"west": {"uv": [76, 57], "uv_size": [10, 1]},
								"up": {"uv": [84, 111], "uv_size": [1, 10]},
								"down": {"uv": [51, 122], "uv_size": [1, -10]}
							}
						},
						{
							"origin": [7.446, 12.36157, -17.5],
							"size": [2, 1, 4],
							"uv": {
								"north": {"uv": [95, 120], "uv_size": [2, 1]},
								"east": {"uv": [102, 40], "uv_size": [4, 1]},
								"south": {"uv": [120, 119], "uv_size": [2, 1]},
								"west": {"uv": [117, 87], "uv_size": [4, 1]},
								"up": {"uv": [91, 116], "uv_size": [2, 4]},
								"down": {"uv": [93, 120], "uv_size": [2, -4]}
							}
						}
					]
				},
				{
					"name": "link6",
					"parent": "link5",
					"pivot": [10.446, 12.86157, -16.5],
					"cubes": [
						{
							"origin": [11.196, 12.36157, -20.5],
							"size": [1, 1, 10],
							"inflate": 0.35,
							"pivot": [11.696, 12.86157, -15.5],
							"rotation": [0, 0, 20],
							"uv": {
								"north": {"uv": [117, 61], "uv_size": [1, 1]},
								"east": {"uv": [66, 57], "uv_size": [10, 1]},
								"south": {"uv": [69, 121], "uv_size": [1, 1]},
								"west": {"uv": [76, 57], "uv_size": [10, 1]},
								"up": {"uv": [84, 111], "uv_size": [1, 10]},
								"down": {"uv": [51, 122], "uv_size": [1, -10]}
							}
						},
						{
							"origin": [9.946, 12.36157, -17.5],
							"size": [2, 1, 4],
							"uv": {
								"north": {"uv": [95, 120], "uv_size": [2, 1]},
								"east": {"uv": [102, 40], "uv_size": [4, 1]},
								"south": {"uv": [120, 119], "uv_size": [2, 1]},
								"west": {"uv": [117, 87], "uv_size": [4, 1]},
								"up": {"uv": [91, 116], "uv_size": [2, 4]},
								"down": {"uv": [93, 120], "uv_size": [2, -4]}
							}
						}
					]
				},
				{
					"name": "rightarm",
					"parent": "main",
					"pivot": [-12.8, -23.2, 4.8],
					"rotation": [-90.42573, -13.91546, 2.4237],
					"cubes": [
						{
							"origin": [-6.91759, -2.47231, -28.25742],
							"size": [8, 24, 8],
							"uv": {
								"north": {"uv": [46, 64], "uv_size": [8, 24]},
								"east": {"uv": [54, 64], "uv_size": [8, 24]},
								"south": {"uv": [62, 64], "uv_size": [8, 24]},
								"west": {"uv": [70, 64], "uv_size": [8, 24]},
								"up": {"uv": [96, 9], "uv_size": [8, 8]},
								"down": {"uv": [96, 25], "uv_size": [8, -8]}
							}
						}
					]
				},
				{
					"name": "leftarm",
					"parent": "main",
					"pivot": [11.8, -23.2, 4.8],
					"rotation": [-90.42573, 13.91546, -2.4237],
					"cubes": [
						{
							"origin": [-2.08241, -2.47231, -28.25742],
							"size": [8, 24, 8],
							"uv": {
								"north": {"uv": [72, 0], "uv_size": [8, 24]},
								"east": {"uv": [72, 24], "uv_size": [8, 24]},
								"south": {"uv": [10, 74], "uv_size": [8, 24]},
								"west": {"uv": [18, 74], "uv_size": [8, 24]},
								"up": {"uv": [13, 98], "uv_size": [8, 8]},
								"down": {"uv": [98, 59], "uv_size": [8, -8]}
							}
						}
					]
				},
				{
					"name": "muzzleflash",
					"parent": "main",
					"pivot": [0, 7.6, -158.5],
					"cubes": [
						{
							"origin": [-0.5, 7.1, -158.8],
							"size": [1, 1, 1],
							"inflate": -0.4,
							"uv": {
								"north": {"uv": [46, 63], "uv_size": [1, 1]},
								"east": {"uv": [45, 63], "uv_size": [1, 1]},
								"south": {"uv": [48, 63], "uv_size": [1, 1]},
								"west": {"uv": [47, 63], "uv_size": [1, 1]},
								"up": {"uv": [46, 62], "uv_size": [1, 1]},
								"down": {"uv": [47, 63], "uv_size": [1, -1]}
							}
						}
					]
				}
			]
		}
	]
}