{
	"format_version": "1.12.0",
	"minecraft:geometry": [
		{
			"description": {
				"identifier": "geometry.unknown",
				"texture_width": 128,
				"texture_height": 128,
				"visible_bounds_width": 9,
				"visible_bounds_height": 5,
				"visible_bounds_offset": [0, 1.5, 0]
			},
			"bones": [
				{
					"name": "bb_main",
					"pivot": [0, 0, 0]
				},
				{
					"name": "main",
					"pivot": [0, 20, 0]
				},
				{
					"name": "gun",
					"parent": "main",
					"pivot": [-3, 0, 0]
				},
				{
					"name": "other",
					"parent": "gun",
					"pivot": [-0.5, 20.2, -79],
					"cubes": [
						{
							"origin": [-1.25, 21.75, -18],
							"size": [4, 4.5, 1],
							"uv": {
								"north": {"uv": [54, 25], "uv_size": [4, 5]},
								"east": {"uv": [7, 74], "uv_size": [1, 5]},
								"south": {"uv": [56, 4], "uv_size": [4, 5]},
								"west": {"uv": [8, 74], "uv_size": [1, 5]},
								"up": {"uv": [74, 40], "uv_size": [4, 1]},
								"down": {"uv": [74, 60], "uv_size": [4, -1]}
							}
						},
						{
							"origin": [1.75, 22.75, -17],
							"size": [4, 3, 1],
							"inflate": -0.2,
							"uv": {
								"north": {"uv": [66, 25], "uv_size": [4, 3]},
								"east": {"uv": [48, 76], "uv_size": [1, 3]},
								"south": {"uv": [31, 66], "uv_size": [4, 3]},
								"west": {"uv": [49, 76], "uv_size": [1, 3]},
								"up": {"uv": [75, 70], "uv_size": [4, 1]},
								"down": {"uv": [75, 72], "uv_size": [4, -1]}
							}
						},
						{
							"origin": [1.75, 22.75, -9.4],
							"size": [4, 3, 1],
							"inflate": -0.2,
							"uv": {
								"north": {"uv": [51, 66], "uv_size": [4, 3]},
								"east": {"uv": [50, 76], "uv_size": [1, 3]},
								"south": {"uv": [55, 66], "uv_size": [4, 3]},
								"west": {"uv": [51, 76], "uv_size": [1, 3]},
								"up": {"uv": [75, 72], "uv_size": [4, 1]},
								"down": {"uv": [75, 74], "uv_size": [4, -1]}
							}
						},
						{
							"origin": [1.25, 22.75, -20],
							"size": [1, 2, 2],
							"uv": {
								"north": {"uv": [77, 27], "uv_size": [1, 2]},
								"east": {"uv": [33, 75], "uv_size": [2, 2]},
								"south": {"uv": [77, 29], "uv_size": [1, 2]},
								"west": {"uv": [35, 75], "uv_size": [2, 2]},
								"up": {"uv": [30, 77], "uv_size": [1, 2]},
								"down": {"uv": [77, 33], "uv_size": [1, -2]}
							}
						},
						{
							"origin": [-1.75, 26.25, -18],
							"size": [4, 2, 1],
							"uv": {
								"north": {"uv": [22, 70], "uv_size": [4, 2]},
								"east": {"uv": [77, 23], "uv_size": [1, 2]},
								"south": {"uv": [70, 23], "uv_size": [4, 2]},
								"west": {"uv": [77, 25], "uv_size": [1, 2]},
								"up": {"uv": [75, 6], "uv_size": [4, 1]},
								"down": {"uv": [75, 8], "uv_size": [4, -1]}
							}
						},
						{
							"origin": [-1, 25.25, -28],
							"size": [2, 2, 6],
							"uv": {
								"north": {"uv": [75, 21], "uv_size": [2, 2]},
								"east": {"uv": [65, 35], "uv_size": [6, 2]},
								"south": {"uv": [75, 23], "uv_size": [2, 2]},
								"west": {"uv": [65, 47], "uv_size": [6, 2]},
								"up": {"uv": [66, 3], "uv_size": [2, 6]},
								"down": {"uv": [18, 72], "uv_size": [2, -6]}
							}
						},
						{
							"origin": [-0.5, 25.2, -56],
							"size": [1, 4, 1],
							"uv": {
								"north": {"uv": [75, 25], "uv_size": [1, 4]},
								"east": {"uv": [75, 29], "uv_size": [1, 4]},
								"south": {"uv": [31, 75], "uv_size": [1, 4]},
								"west": {"uv": [32, 75], "uv_size": [1, 4]},
								"up": {"uv": [78, 20], "uv_size": [1, 1]},
								"down": {"uv": [78, 22], "uv_size": [1, -1]}
							}
						},
						{
							"origin": [-0.5, 28.7, -56],
							"size": [1, 1, 1],
							"inflate": -0.2,
							"pivot": [0, 29.2, -55.5],
							"rotation": [0, 0, 45],
							"uv": {
								"north": {"uv": [78, 22], "uv_size": [1, 1]},
								"east": {"uv": [78, 23], "uv_size": [1, 1]},
								"south": {"uv": [78, 24], "uv_size": [1, 1]},
								"west": {"uv": [25, 78], "uv_size": [1, 1]},
								"up": {"uv": [78, 25], "uv_size": [1, 1]},
								"down": {"uv": [26, 79], "uv_size": [1, -1]}
							}
						},
						{
							"origin": [-0.5, 28.1373, -22.84093],
							"size": [1, 1, 0.75],
							"inflate": 0.0001,
							"uv": {
								"north": {"uv": [78, 0], "uv_size": [1, 1]},
								"east": {"uv": [78, 1], "uv_size": [1, 1]},
								"south": {"uv": [2, 78], "uv_size": [1, 1]},
								"west": {"uv": [3, 78], "uv_size": [1, 1]},
								"up": {"uv": [4, 78], "uv_size": [1, 1]},
								"down": {"uv": [5, 79], "uv_size": [1, -1]}
							}
						},
						{
							"origin": [-0.75, 28.8373, -23.04093],
							"size": [1, 1, 1],
							"inflate": -0.2001,
							"pivot": [-0.25, 29.2373, -22.89093],
							"rotation": [0, 0, -20],
							"uv": {
								"north": {"uv": [78, 8], "uv_size": [1, 1]},
								"east": {"uv": [10, 78], "uv_size": [1, 1]},
								"south": {"uv": [11, 78], "uv_size": [1, 1]},
								"west": {"uv": [12, 78], "uv_size": [1, 1]},
								"up": {"uv": [13, 78], "uv_size": [1, 1]},
								"down": {"uv": [78, 14], "uv_size": [1, -1]}
							}
						},
						{
							"origin": [-0.25, 28.8373, -23.04093],
							"size": [1, 1, 1],
							"inflate": -0.2,
							"pivot": [0.25, 29.2373, -22.89093],
							"rotation": [0, 0, 20],
							"uv": {
								"north": {"uv": [78, 14], "uv_size": [1, 1]},
								"east": {"uv": [78, 15], "uv_size": [1, 1]},
								"south": {"uv": [78, 16], "uv_size": [1, 1]},
								"west": {"uv": [78, 17], "uv_size": [1, 1]},
								"up": {"uv": [18, 78], "uv_size": [1, 1]},
								"down": {"uv": [19, 79], "uv_size": [1, -1]}
							}
						},
						{
							"origin": [-0.0951, 28.91578, -23.04093],
							"size": [1.3, 1, 1],
							"inflate": -0.201,
							"uv": {
								"north": {"uv": [78, 50], "uv_size": [1, 1]},
								"east": {"uv": [78, 51], "uv_size": [1, 1]},
								"south": {"uv": [52, 78], "uv_size": [1, 1]},
								"west": {"uv": [53, 78], "uv_size": [1, 1]},
								"up": {"uv": [78, 53], "uv_size": [1, 1]},
								"down": {"uv": [54, 79], "uv_size": [1, -1]}
							}
						},
						{
							"origin": [-1.2049, 28.91578, -23.04093],
							"size": [1.3, 1, 1],
							"inflate": -0.201,
							"uv": {
								"north": {"uv": [78, 54], "uv_size": [1, 1]},
								"east": {"uv": [55, 78], "uv_size": [1, 1]},
								"south": {"uv": [56, 78], "uv_size": [1, 1]},
								"west": {"uv": [78, 56], "uv_size": [1, 1]},
								"up": {"uv": [57, 78], "uv_size": [1, 1]},
								"down": {"uv": [78, 58], "uv_size": [1, -1]}
							}
						},
						{
							"origin": [-0.5, 27.25, -28],
							"size": [1, 1, 6],
							"pivot": [0, 27.75, -25],
							"rotation": [7.5, 0, 0],
							"uv": {
								"north": {"uv": [77, 76], "uv_size": [1, 1]},
								"east": {"uv": [72, 14], "uv_size": [6, 1]},
								"south": {"uv": [77, 77], "uv_size": [1, 1]},
								"west": {"uv": [72, 15], "uv_size": [6, 1]},
								"up": {"uv": [23, 53], "uv_size": [1, 6]},
								"down": {"uv": [30, 77], "uv_size": [1, -6]}
							}
						},
						{
							"origin": [-2.5, 22, -17],
							"size": [5, 4, 34],
							"uv": {
								"north": {"uv": [52, 33], "uv_size": [5, 4]},
								"east": {"uv": [18, 8], "uv_size": [34, 4]},
								"south": {"uv": [51, 53], "uv_size": [5, 4]},
								"west": {"uv": [18, 12], "uv_size": [34, 4]},
								"up": {"uv": [0, 0], "uv_size": [5, 34]},
								"down": {"uv": [5, 34], "uv_size": [5, -34]}
							}
						},
						{
							"origin": [-0.5, 20.2, -57],
							"size": [1, 2, 1],
							"uv": {
								"north": {"uv": [33, 77], "uv_size": [1, 2]},
								"east": {"uv": [34, 77], "uv_size": [1, 2]},
								"south": {"uv": [35, 77], "uv_size": [1, 2]},
								"west": {"uv": [77, 35], "uv_size": [1, 2]},
								"up": {"uv": [78, 26], "uv_size": [1, 1]},
								"down": {"uv": [27, 79], "uv_size": [1, -1]}
							}
						}
					]
				},
				{
					"name": "barrel",
					"parent": "gun",
					"pivot": [1, 22, -39],
					"cubes": [
						{
							"origin": [1.03294, 22.30654, -69.88392],
							"size": [0, 3, 4],
							"pivot": [-0.46706, 23.80654, -63.38392],
							"rotation": [0, -12.5, -22.5],
							"uv": {
								"north": {"uv": [0, 0], "uv_size": [0, 3]},
								"east": {"uv": [23, 64], "uv_size": [4, 3]},
								"south": {"uv": [0, 0], "uv_size": [0, 3]},
								"west": {"uv": [27, 64], "uv_size": [4, 3]},
								"up": {"uv": [0, 0], "uv_size": [0, 4]},
								"down": {"uv": [0, 4], "uv_size": [0, -4]}
							}
						},
						{
							"origin": [-0.73888, 21.57263, -69.2346],
							"size": [0, 3, 4],
							"pivot": [-2.23888, 23.07263, -62.7346],
							"rotation": [0, 12.5, -22.5],
							"uv": {
								"north": {"uv": [0, 0], "uv_size": [0, 3]},
								"east": {"uv": [64, 53], "uv_size": [4, 3]},
								"south": {"uv": [0, 0], "uv_size": [0, 3]},
								"west": {"uv": [65, 19], "uv_size": [4, 3]},
								"up": {"uv": [0, 0], "uv_size": [0, 4]},
								"down": {"uv": [0, 4], "uv_size": [0, -4]}
							}
						},
						{
							"origin": [-1.88706, 22.5, -69.87094],
							"size": [0, 3, 4],
							"pivot": [0, 24, -67.45259],
							"rotation": [0, 12.5, -112.5],
							"uv": {
								"north": {"uv": [0, 0], "uv_size": [0, 3]},
								"east": {"uv": [65, 41], "uv_size": [4, 3]},
								"south": {"uv": [0, 0], "uv_size": [0, 3]},
								"west": {"uv": [65, 44], "uv_size": [4, 3]},
								"up": {"uv": [0, 0], "uv_size": [0, 4]},
								"down": {"uv": [0, 4], "uv_size": [0, -4]}
							}
						},
						{
							"origin": [-2, 22, -65],
							"size": [4, 4, 4],
							"pivot": [0, 24, -63],
							"rotation": [0, 0, -22.5],
							"uv": {
								"north": {"uv": [27, 60], "uv_size": [4, 4]},
								"east": {"uv": [60, 53], "uv_size": [4, 4]},
								"south": {"uv": [61, 30], "uv_size": [4, 4]},
								"west": {"uv": [61, 41], "uv_size": [4, 4]},
								"up": {"uv": [61, 45], "uv_size": [4, 4]},
								"down": {"uv": [62, 29], "uv_size": [4, -4]}
							}
						},
						{
							"origin": [1.88706, 22.5, -69.87094],
							"size": [0, 3, 4],
							"pivot": [0, 24, -67.45259],
							"rotation": [0, -12.5, -112.5],
							"uv": {
								"north": {"uv": [0, 0], "uv_size": [0, 3]},
								"east": {"uv": [65, 29], "uv_size": [4, 3]},
								"south": {"uv": [0, 0], "uv_size": [0, 3]},
								"west": {"uv": [65, 32], "uv_size": [4, 3]},
								"up": {"uv": [0, 0], "uv_size": [0, 4]},
								"down": {"uv": [0, 4], "uv_size": [0, -4]}
							}
						},
						{
							"origin": [-1.5, 22.5, -65.5],
							"size": [3, 3, 1],
							"pivot": [0, 24, -63],
							"rotation": [0, 0, -22.5],
							"uv": {
								"north": {"uv": [69, 61], "uv_size": [3, 3]},
								"east": {"uv": [31, 60], "uv_size": [1, 3]},
								"south": {"uv": [64, 69], "uv_size": [3, 3]},
								"west": {"uv": [59, 66], "uv_size": [1, 3]},
								"up": {"uv": [66, 28], "uv_size": [3, 1]},
								"down": {"uv": [76, 34], "uv_size": [3, -1]}
							}
						},
						{
							"origin": [-1.5, 22.5, -61],
							"size": [3, 3, 2],
							"pivot": [0, 24, -63],
							"rotation": [0, 0, -22.5],
							"uv": {
								"north": {"uv": [54, 30], "uv_size": [3, 3]},
								"east": {"uv": [16, 71], "uv_size": [2, 3]},
								"south": {"uv": [18, 60], "uv_size": [3, 3]},
								"west": {"uv": [28, 71], "uv_size": [2, 3]},
								"up": {"uv": [56, 14], "uv_size": [3, 2]},
								"down": {"uv": [42, 73], "uv_size": [3, -2]}
							}
						},
						{
							"origin": [-2, 22, -59],
							"size": [4, 4, 42],
							"uv": {
								"north": {"uv": [60, 9], "uv_size": [4, 4]},
								"east": {"uv": [10, 0], "uv_size": [42, 4]},
								"south": {"uv": [23, 60], "uv_size": [4, 4]},
								"west": {"uv": [10, 4], "uv_size": [42, 4]},
								"up": {"uv": [10, 8], "uv_size": [4, 42]},
								"down": {"uv": [14, 50], "uv_size": [4, -42]}
							}
						}
					]
				},
				{
					"name": "bolt",
					"parent": "gun",
					"pivot": [-4.025, 23.25, -8.125],
					"cubes": [
						{
							"origin": [-3.5, 21.25, -5],
							"size": [1, 1.5, 3],
							"uv": {
								"north": {"uv": [1, 77], "uv_size": [1, 2]},
								"east": {"uv": [71, 50], "uv_size": [3, 2]},
								"south": {"uv": [77, 21], "uv_size": [1, 2]},
								"west": {"uv": [72, 6], "uv_size": [3, 2]},
								"up": {"uv": [46, 76], "uv_size": [1, 3]},
								"down": {"uv": [47, 79], "uv_size": [1, -3]}
							}
						},
						{
							"origin": [-3.7, 21.5, -8],
							"size": [1, 1, 4],
							"pivot": [-3.2, 22, -6],
							"rotation": [0, 20, 0],
							"uv": {
								"north": {"uv": [77, 74], "uv_size": [1, 1]},
								"east": {"uv": [74, 60], "uv_size": [4, 1]},
								"south": {"uv": [75, 77], "uv_size": [1, 1]},
								"west": {"uv": [2, 75], "uv_size": [4, 1]},
								"up": {"uv": [6, 75], "uv_size": [1, 4]},
								"down": {"uv": [75, 20], "uv_size": [1, -4]}
							}
						},
						{
							"origin": [-4.65, 20.75, -8.75],
							"size": [1.25, 5, 1.25],
							"pivot": [-4.025, 23.25, -8.125],
							"rotation": [0, -15, 0],
							"uv": {
								"north": {"uv": [17, 74], "uv_size": [1, 5]},
								"east": {"uv": [20, 74], "uv_size": [1, 5]},
								"south": {"uv": [21, 74], "uv_size": [1, 5]},
								"west": {"uv": [22, 74], "uv_size": [1, 5]},
								"up": {"uv": [77, 75], "uv_size": [1, 1]},
								"down": {"uv": [76, 78], "uv_size": [1, -1]}
							}
						}
					]
				},
				{
					"name": "handle",
					"parent": "gun",
					"pivot": [0, 0, 0],
					"cubes": [
						{
							"origin": [-1, 21.43198, -7.85355],
							"size": [2, 1, 2],
							"inflate": 0.001,
							"pivot": [0, 21.93198, -5.85355],
							"rotation": [45, 0, 0],
							"uv": {
								"north": {"uv": [67, 16], "uv_size": [2, 1]},
								"east": {"uv": [69, 21], "uv_size": [2, 1]},
								"south": {"uv": [76, 34], "uv_size": [2, 1]},
								"west": {"uv": [76, 38], "uv_size": [2, 1]},
								"up": {"uv": [74, 38], "uv_size": [2, 2]},
								"down": {"uv": [39, 76], "uv_size": [2, -2]}
							}
						},
						{
							"origin": [-1, 21.16421, -7.91421],
							"size": [2, 1, 5],
							"inflate": -0.001,
							"uv": {
								"north": {"uv": [54, 76], "uv_size": [2, 1]},
								"east": {"uv": [2, 74], "uv_size": [5, 1]},
								"south": {"uv": [76, 54], "uv_size": [2, 1]},
								"west": {"uv": [74, 3], "uv_size": [5, 1]},
								"up": {"uv": [62, 67], "uv_size": [2, 5]},
								"down": {"uv": [35, 73], "uv_size": [2, -5]}
							}
						},
						{
							"origin": [-1, 18.16421, -7.91421],
							"size": [2, 3, 1],
							"uv": {
								"north": {"uv": [72, 0], "uv_size": [2, 3]},
								"east": {"uv": [39, 76], "uv_size": [1, 3]},
								"south": {"uv": [72, 3], "uv_size": [2, 3]},
								"west": {"uv": [40, 76], "uv_size": [1, 3]},
								"up": {"uv": [52, 76], "uv_size": [2, 1]},
								"down": {"uv": [76, 54], "uv_size": [2, -1]}
							}
						},
						{
							"origin": [-1, 18.01777, -7.56066],
							"size": [2, 1, 2],
							"inflate": 0.001,
							"pivot": [0, 18.51777, -7.56066],
							"rotation": [-45, 0, 0],
							"uv": {
								"north": {"uv": [76, 39], "uv_size": [2, 1]},
								"east": {"uv": [76, 46], "uv_size": [2, 1]},
								"south": {"uv": [76, 50], "uv_size": [2, 1]},
								"west": {"uv": [76, 51], "uv_size": [2, 1]},
								"up": {"uv": [45, 74], "uv_size": [2, 2]},
								"down": {"uv": [47, 76], "uv_size": [2, -2]}
							}
						},
						{
							"origin": [-1, 16.75, -6.5],
							"size": [2, 1, 4],
							"uv": {
								"north": {"uv": [58, 3], "uv_size": [2, 1]},
								"east": {"uv": [35, 74], "uv_size": [4, 1]},
								"south": {"uv": [65, 51], "uv_size": [2, 1]},
								"west": {"uv": [74, 37], "uv_size": [4, 1]},
								"up": {"uv": [69, 68], "uv_size": [2, 4]},
								"down": {"uv": [20, 74], "uv_size": [2, -4]}
							}
						},
						{
							"origin": [-0.5, 19, -4.5],
							"size": [1, 3, 1],
							"inflate": -0.2,
							"pivot": [0, 20.5, -4],
							"rotation": [-17.5, 0, 0],
							"uv": {
								"north": {"uv": [41, 76], "uv_size": [1, 3]},
								"east": {"uv": [42, 76], "uv_size": [1, 3]},
								"south": {"uv": [43, 76], "uv_size": [1, 3]},
								"west": {"uv": [45, 76], "uv_size": [1, 3]},
								"up": {"uv": [77, 69], "uv_size": [1, 1]},
								"down": {"uv": [70, 78], "uv_size": [1, -1]}
							}
						},
						{
							"origin": [-1, 18.01777, -3.43934],
							"size": [2, 1, 2],
							"inflate": 0.001,
							"pivot": [0, 18.51777, -1.43934],
							"rotation": [45, 0, 0],
							"uv": {
								"north": {"uv": [56, 76], "uv_size": [2, 1]},
								"east": {"uv": [76, 56], "uv_size": [2, 1]},
								"south": {"uv": [76, 57], "uv_size": [2, 1]},
								"west": {"uv": [76, 58], "uv_size": [2, 1]},
								"up": {"uv": [49, 74], "uv_size": [2, 2]},
								"down": {"uv": [74, 52], "uv_size": [2, -2]}
							}
						},
						{
							"origin": [-1, 14.25, -0.5],
							"size": [2, 7, 3],
							"inflate": -0.001,
							"pivot": [0, 16.75, 1.25],
							"rotation": [30, 0, 0],
							"uv": {
								"north": {"uv": [60, 63], "uv_size": [2, 7]},
								"east": {"uv": [42, 50], "uv_size": [3, 7]},
								"south": {"uv": [63, 60], "uv_size": [2, 7]},
								"west": {"uv": [18, 53], "uv_size": [3, 7]},
								"up": {"uv": [57, 71], "uv_size": [2, 3]},
								"down": {"uv": [71, 67], "uv_size": [2, -3]}
							}
						},
						{
							"origin": [-1, 19.66421, -2.91421],
							"size": [2, 3, 10],
							"uv": {
								"north": {"uv": [71, 47], "uv_size": [2, 3]},
								"east": {"uv": [49, 20], "uv_size": [10, 3]},
								"south": {"uv": [55, 71], "uv_size": [2, 3]},
								"west": {"uv": [32, 50], "uv_size": [10, 3]},
								"up": {"uv": [21, 53], "uv_size": [2, 10]},
								"down": {"uv": [40, 63], "uv_size": [2, -10]}
							}
						},
						{
							"origin": [-1, 20.01777, 0.31066],
							"size": [2, 1, 2],
							"inflate": 0.001,
							"pivot": [0, 20.51777, 2.31066],
							"rotation": [45, 0, 0],
							"uv": {
								"north": {"uv": [66, 76], "uv_size": [2, 1]},
								"east": {"uv": [71, 76], "uv_size": [2, 1]},
								"south": {"uv": [73, 76], "uv_size": [2, 1]},
								"west": {"uv": [75, 76], "uv_size": [2, 1]},
								"up": {"uv": [51, 74], "uv_size": [2, 2]},
								"down": {"uv": [53, 76], "uv_size": [2, -2]}
							}
						},
						{
							"origin": [-1, 12.5, 0],
							"size": [2, 3, 4],
							"uv": {
								"north": {"uv": [71, 67], "uv_size": [2, 3]},
								"east": {"uv": [65, 60], "uv_size": [4, 3]},
								"south": {"uv": [71, 70], "uv_size": [2, 3]},
								"west": {"uv": [65, 63], "uv_size": [4, 3]},
								"up": {"uv": [69, 64], "uv_size": [2, 4]},
								"down": {"uv": [67, 73], "uv_size": [2, -4]}
							}
						}
					]
				},
				{
					"name": "magazine",
					"parent": "gun",
					"pivot": [6.9, 24.1, -11.5],
					"cubes": [
						{
							"origin": [2.15, 17.35, -16.2],
							"size": [12, 9, 7],
							"inflate": -0.001,
							"uv": {
								"north": {"uv": [18, 16], "uv_size": [12, 9]},
								"east": {"uv": [38, 41], "uv_size": [7, 9]},
								"south": {"uv": [18, 25], "uv_size": [12, 9]},
								"west": {"uv": [42, 16], "uv_size": [7, 9]},
								"up": {"uv": [30, 16], "uv_size": [12, 7]},
								"down": {"uv": [30, 30], "uv_size": [12, -7]}
							}
						},
						{
							"origin": [4.4, 26.35, -16.2],
							"size": [12, 1, 7],
							"inflate": -0.002,
							"pivot": [10.4, 26.85, -12.7],
							"rotation": [0, 0, 5],
							"uv": {
								"north": {"uv": [64, 56], "uv_size": [12, 1]},
								"east": {"uv": [71, 42], "uv_size": [7, 1]},
								"south": {"uv": [65, 52], "uv_size": [12, 1]},
								"west": {"uv": [71, 43], "uv_size": [7, 1]},
								"up": {"uv": [30, 30], "uv_size": [12, 7]},
								"down": {"uv": [18, 41], "uv_size": [12, -7]}
							}
						}
					]
				},
				{
					"name": "link1",
					"parent": "magazine",
					"pivot": [4.65, 26.35, -11.5],
					"cubes": [
						{
							"origin": [3.65, 25.85, -15.7],
							"size": [1, 1, 6],
							"pivot": [4.15, 26.35, -12.7],
							"rotation": [0, 0, 45],
							"uv": {
								"north": {"uv": [36, 78], "uv_size": [1, 1]},
								"east": {"uv": [72, 20], "uv_size": [6, 1]},
								"south": {"uv": [78, 36], "uv_size": [1, 1]},
								"west": {"uv": [72, 63], "uv_size": [6, 1]},
								"up": {"uv": [59, 71], "uv_size": [1, 6]},
								"down": {"uv": [18, 78], "uv_size": [1, -6]}
							}
						}
					]
				},
				{
					"name": "link2",
					"parent": "link1",
					"pivot": [5.8, 24.6, -11.5],
					"cubes": [
						{
							"origin": [2.4, 26.35, -15.7],
							"size": [1, 1, 6],
							"pivot": [2.9, 26.85, -12.7],
							"rotation": [0, 0, 45],
							"uv": {
								"north": {"uv": [37, 78], "uv_size": [1, 1]},
								"east": {"uv": [73, 9], "uv_size": [6, 1]},
								"south": {"uv": [78, 37], "uv_size": [1, 1]},
								"west": {"uv": [73, 10], "uv_size": [6, 1]},
								"up": {"uv": [19, 72], "uv_size": [1, 6]},
								"down": {"uv": [25, 78], "uv_size": [1, -6]}
							}
						}
					]
				},
				{
					"name": "link3",
					"parent": "link2",
					"pivot": [4.4, 24.5, -11.5],
					"cubes": [
						{
							"origin": [0.9, 26.25, -15.7],
							"size": [1, 1, 6],
							"pivot": [1.4, 26.75, -12.7],
							"rotation": [0, 0, 45],
							"uv": {
								"north": {"uv": [78, 38], "uv_size": [1, 1]},
								"east": {"uv": [35, 73], "uv_size": [6, 1]},
								"south": {"uv": [78, 39], "uv_size": [1, 1]},
								"west": {"uv": [73, 47], "uv_size": [6, 1]},
								"up": {"uv": [62, 72], "uv_size": [1, 6]},
								"down": {"uv": [63, 78], "uv_size": [1, -6]}
							}
						}
					]
				},
				{
					"name": "link4",
					"parent": "link3",
					"pivot": [3, 24.2, -11.5],
					"cubes": [
						{
							"origin": [-0.5, 25.95, -15.7],
							"size": [1, 1, 6],
							"pivot": [0, 26.45, -12.7],
							"rotation": [0, 0, 45],
							"uv": {
								"north": {"uv": [78, 40], "uv_size": [1, 1]},
								"east": {"uv": [73, 48], "uv_size": [6, 1]},
								"south": {"uv": [78, 41], "uv_size": [1, 1]},
								"west": {"uv": [73, 49], "uv_size": [6, 1]},
								"up": {"uv": [64, 72], "uv_size": [1, 6]},
								"down": {"uv": [65, 78], "uv_size": [1, -6]}
							}
						}
					]
				},
				{
					"name": "bipod",
					"parent": "gun",
					"pivot": [0, 20.25, -56.5],
					"cubes": [
						{
							"origin": [-1.5, 19.2, -57.5],
							"size": [3, 2, 2],
							"inflate": -0.3,
							"uv": {
								"north": {"uv": [72, 16], "uv_size": [3, 2]},
								"east": {"uv": [75, 35], "uv_size": [2, 2]},
								"south": {"uv": [72, 18], "uv_size": [3, 2]},
								"west": {"uv": [37, 75], "uv_size": [2, 2]},
								"up": {"uv": [22, 72], "uv_size": [3, 2]},
								"down": {"uv": [72, 63], "uv_size": [3, -2]}
							}
						}
					]
				},
				{
					"name": "leg",
					"parent": "bipod",
					"pivot": [0.3, 20, -56.5],
					"rotation": [0, 0, -20],
					"cubes": [
						{
							"origin": [0.9, -7.6, -57],
							"size": [2, 0.5, 1],
							"pivot": [1.4, -7.35, -56.5],
							"rotation": [0, 0, 15],
							"uv": {
								"north": {"uv": [77, 11], "uv_size": [2, 1]},
								"east": {"uv": [78, 27], "uv_size": [1, 1]},
								"south": {"uv": [36, 77], "uv_size": [2, 1]},
								"west": {"uv": [78, 28], "uv_size": [1, 1]},
								"up": {"uv": [77, 44], "uv_size": [2, 1]},
								"down": {"uv": [77, 46], "uv_size": [2, -1]}
							}
						},
						{
							"origin": [-0.15, -7.5, -57.5],
							"size": [2, 28, 2],
							"inflate": -0.25,
							"uv": {
								"north": {"uv": [45, 41], "uv_size": [2, 28]},
								"east": {"uv": [4, 46], "uv_size": [2, 28]},
								"south": {"uv": [6, 46], "uv_size": [2, 28]},
								"west": {"uv": [8, 46], "uv_size": [2, 28]},
								"up": {"uv": [75, 61], "uv_size": [2, 2]},
								"down": {"uv": [75, 66], "uv_size": [2, -2]}
							}
						},
						{
							"origin": [1.3, 12, -57],
							"size": [1, 8, 1],
							"uv": {
								"north": {"uv": [41, 68], "uv_size": [1, 8]},
								"east": {"uv": [26, 70], "uv_size": [1, 8]},
								"south": {"uv": [27, 70], "uv_size": [1, 8]},
								"west": {"uv": [60, 70], "uv_size": [1, 8]},
								"up": {"uv": [78, 29], "uv_size": [1, 1]},
								"down": {"uv": [78, 31], "uv_size": [1, -1]}
							}
						}
					]
				},
				{
					"name": "leg2",
					"parent": "bipod",
					"pivot": [-0.3, 20, -56.5],
					"rotation": [0, 0, 20],
					"cubes": [
						{
							"origin": [-2.55, 12, -57],
							"size": [1, 8, 1],
							"uv": {
								"north": {"uv": [61, 70], "uv_size": [1, 8]},
								"east": {"uv": [71, 13], "uv_size": [1, 8]},
								"south": {"uv": [14, 71], "uv_size": [1, 8]},
								"west": {"uv": [15, 71], "uv_size": [1, 8]},
								"up": {"uv": [78, 31], "uv_size": [1, 1]},
								"down": {"uv": [78, 33], "uv_size": [1, -1]}
							}
						},
						{
							"origin": [-1.85, -7.5, -57.5],
							"size": [2, 28, 2],
							"inflate": -0.25,
							"uv": {
								"north": {"uv": [47, 41], "uv_size": [2, 28]},
								"east": {"uv": [49, 41], "uv_size": [2, 28]},
								"south": {"uv": [10, 50], "uv_size": [2, 28]},
								"west": {"uv": [12, 50], "uv_size": [2, 28]},
								"up": {"uv": [75, 66], "uv_size": [2, 2]},
								"down": {"uv": [75, 70], "uv_size": [2, -2]}
							}
						},
						{
							"origin": [-2.9, -7.6, -57],
							"size": [2, 0.5, 1],
							"pivot": [-1.4, -7.35, -56.5],
							"rotation": [0, 0, -15],
							"uv": {
								"north": {"uv": [52, 77], "uv_size": [2, 1]},
								"east": {"uv": [78, 34], "uv_size": [1, 1]},
								"south": {"uv": [77, 52], "uv_size": [2, 1]},
								"west": {"uv": [78, 35], "uv_size": [1, 1]},
								"up": {"uv": [54, 77], "uv_size": [2, 1]},
								"down": {"uv": [77, 56], "uv_size": [2, -1]}
							}
						}
					]
				},
				{
					"name": "latch",
					"parent": "gun",
					"pivot": [24, 27.25, -17.25],
					"cubes": [
						{
							"origin": [-3, 27, -17],
							"size": [7, 1, 9],
							"uv": {
								"north": {"uv": [69, 46], "uv_size": [7, 1]},
								"east": {"uv": [68, 11], "uv_size": [9, 1]},
								"south": {"uv": [71, 41], "uv_size": [7, 1]},
								"west": {"uv": [68, 55], "uv_size": [9, 1]},
								"up": {"uv": [24, 41], "uv_size": [7, 9]},
								"down": {"uv": [31, 50], "uv_size": [7, -9]}
							}
						},
						{
							"origin": [-3, 25, -8],
							"size": [6, 3, 4],
							"uv": {
								"north": {"uv": [58, 0], "uv_size": [6, 3]},
								"east": {"uv": [64, 0], "uv_size": [4, 3]},
								"south": {"uv": [59, 19], "uv_size": [6, 3]},
								"west": {"uv": [64, 9], "uv_size": [4, 3]},
								"up": {"uv": [51, 49], "uv_size": [6, 4]},
								"down": {"uv": [52, 4], "uv_size": [6, -4]}
							}
						},
						{
							"origin": [-3, 26, -4],
							"size": [6, 2, 8],
							"inflate": 0.001,
							"pivot": [24, 29, -4],
							"rotation": [-7.5, 0, 0],
							"uv": {
								"north": {"uv": [61, 49], "uv_size": [6, 2]},
								"east": {"uv": [57, 35], "uv_size": [8, 2]},
								"south": {"uv": [63, 17], "uv_size": [6, 2]},
								"west": {"uv": [57, 51], "uv_size": [8, 2]},
								"up": {"uv": [42, 25], "uv_size": [6, 8]},
								"down": {"uv": [48, 33], "uv_size": [6, -8]}
							}
						},
						{
							"origin": [-3, 27, 4],
							"size": [6, 1, 4],
							"pivot": [24, 29, -4],
							"rotation": [-7.5, 0, 0],
							"uv": {
								"north": {"uv": [71, 44], "uv_size": [6, 1]},
								"east": {"uv": [61, 34], "uv_size": [4, 1]},
								"south": {"uv": [71, 45], "uv_size": [6, 1]},
								"west": {"uv": [31, 74], "uv_size": [4, 1]},
								"up": {"uv": [51, 41], "uv_size": [6, 4]},
								"down": {"uv": [51, 49], "uv_size": [6, -4]}
							}
						},
						{
							"origin": [-1.5, 26.44224, 6.76681],
							"size": [3, 1, 1],
							"uv": {
								"north": {"uv": [60, 13], "uv_size": [3, 1]},
								"east": {"uv": [77, 68], "uv_size": [1, 1]},
								"south": {"uv": [60, 57], "uv_size": [3, 1]},
								"west": {"uv": [69, 77], "uv_size": [1, 1]},
								"up": {"uv": [62, 29], "uv_size": [3, 1]},
								"down": {"uv": [20, 67], "uv_size": [3, -1]}
							}
						},
						{
							"origin": [-3, 25, -4.3],
							"size": [6, 1, 12],
							"inflate": -0.001,
							"uv": {
								"north": {"uv": [72, 8], "uv_size": [6, 1]},
								"east": {"uv": [59, 22], "uv_size": [12, 1]},
								"south": {"uv": [72, 13], "uv_size": [6, 1]},
								"west": {"uv": [64, 12], "uv_size": [12, 1]},
								"up": {"uv": [4, 34], "uv_size": [6, 12]},
								"down": {"uv": [18, 53], "uv_size": [6, -12]}
							}
						}
					]
				},
				{
					"name": "rail",
					"parent": "latch",
					"pivot": [0.5, 9.5, 21],
					"cubes": [
						{
							"origin": [-1, 27.9, -17.5],
							"size": [2, 1, 21],
							"uv": {
								"north": {"uv": [56, 77], "uv_size": [2, 1]},
								"east": {"uv": [49, 23], "uv_size": [21, 1]},
								"south": {"uv": [77, 61], "uv_size": [2, 1]},
								"west": {"uv": [49, 24], "uv_size": [21, 1]},
								"up": {"uv": [14, 50], "uv_size": [2, 21]},
								"down": {"uv": [16, 71], "uv_size": [2, -21]}
							}
						},
						{
							"origin": [-0.5, 26.4, -1],
							"size": [1, 2, 4],
							"uv": {
								"north": {"uv": [38, 77], "uv_size": [1, 2]},
								"east": {"uv": [55, 69], "uv_size": [5, 2]},
								"south": {"uv": [59, 77], "uv_size": [1, 2]},
								"west": {"uv": [69, 59], "uv_size": [5, 2]},
								"up": {"uv": [23, 74], "uv_size": [1, 5]},
								"down": {"uv": [24, 79], "uv_size": [1, -5]}
							}
						}
					]
				},
				{
					"name": "_cb_scope",
					"parent": "latch",
					"pivot": [0, 28.6, -11.65],
					"cubes": [
						{
							"origin": [-0.5, 28.1, -12.15],
							"size": [1, 1, 1],
							"uv": {
								"north": {"uv": [36, 106], "uv_size": [1, 1]},
								"east": {"uv": [35, 106], "uv_size": [1, 1]},
								"south": {"uv": [38, 106], "uv_size": [1, 1]},
								"west": {"uv": [37, 106], "uv_size": [1, 1]},
								"up": {"uv": [36, 105], "uv_size": [1, 1]},
								"down": {"uv": [37, 106], "uv_size": [1, -1]}
							}
						}
					]
				},
				{
					"name": "barrelbit",
					"parent": "gun",
					"pivot": [0.5, 24, -56],
					"cubes": [
						{
							"origin": [-1, 23, -59],
							"size": [2, 2, 40],
							"pivot": [0, 24, -63],
							"rotation": [0, 0, -22.5],
							"uv": {
								"north": {"uv": [28, 74], "uv_size": [2, 2]},
								"east": {"uv": [30, 37], "uv_size": [40, 2]},
								"south": {"uv": [74, 33], "uv_size": [2, 2]},
								"west": {"uv": [30, 39], "uv_size": [40, 2]},
								"up": {"uv": [0, 34], "uv_size": [2, 40]},
								"down": {"uv": [2, 74], "uv_size": [2, -40]}
							}
						},
						{
							"origin": [-1.5, 23, -22],
							"size": [3, 2, 4],
							"uv": {
								"north": {"uv": [73, 53], "uv_size": [3, 2]},
								"east": {"uv": [71, 31], "uv_size": [4, 2]},
								"south": {"uv": [73, 57], "uv_size": [3, 2]},
								"west": {"uv": [71, 35], "uv_size": [4, 2]},
								"up": {"uv": [28, 67], "uv_size": [3, 4]},
								"down": {"uv": [42, 71], "uv_size": [3, -4]}
							}
						}
					]
				},
				{
					"name": "barrelch",
					"parent": "gun",
					"pivot": [-2, 24, -26],
					"cubes": [
						{
							"origin": [-4.5, 23, -17.5],
							"size": [1, 2, 1],
							"pivot": [-4, 24, -17],
							"rotation": [0, 15, 0],
							"uv": {
								"north": {"uv": [35, 66], "uv_size": [1, 2]},
								"east": {"uv": [64, 67], "uv_size": [1, 2]},
								"south": {"uv": [58, 76], "uv_size": [1, 2]},
								"west": {"uv": [0, 77], "uv_size": [1, 2]},
								"up": {"uv": [73, 77], "uv_size": [1, 1]},
								"down": {"uv": [74, 78], "uv_size": [1, -1]}
							}
						},
						{
							"origin": [-2.5, 21.5, -22],
							"size": [1, 5, 4],
							"uv": {
								"north": {"uv": [44, 73], "uv_size": [1, 5]},
								"east": {"uv": [32, 53], "uv_size": [4, 5]},
								"south": {"uv": [68, 73], "uv_size": [1, 5]},
								"west": {"uv": [36, 53], "uv_size": [4, 5]},
								"up": {"uv": [62, 63], "uv_size": [1, 4]},
								"down": {"uv": [74, 27], "uv_size": [1, -4]}
							}
						},
						{
							"origin": [-2.5, 21.5, -26],
							"size": [1, 1, 4],
							"uv": {
								"north": {"uv": [78, 42], "uv_size": [1, 1]},
								"east": {"uv": [76, 2], "uv_size": [4, 1]},
								"south": {"uv": [78, 43], "uv_size": [1, 1]},
								"west": {"uv": [76, 12], "uv_size": [4, 1]},
								"up": {"uv": [76, 25], "uv_size": [1, 4]},
								"down": {"uv": [28, 80], "uv_size": [1, -4]}
							}
						},
						{
							"origin": [-2.5, 25.5, -26],
							"size": [1, 1, 4],
							"uv": {
								"north": {"uv": [44, 78], "uv_size": [1, 1]},
								"east": {"uv": [76, 18], "uv_size": [4, 1]},
								"south": {"uv": [78, 46], "uv_size": [1, 1]},
								"west": {"uv": [76, 19], "uv_size": [4, 1]},
								"up": {"uv": [29, 76], "uv_size": [1, 4]},
								"down": {"uv": [76, 33], "uv_size": [1, -4]}
							}
						},
						{
							"origin": [-3.75, 23.4, -22],
							"size": [0.75, 1.25, 5],
							"pivot": [-3.25, 24.25, -19],
							"rotation": [0, -17.5, 0],
							"uv": {
								"north": {"uv": [71, 77], "uv_size": [1, 1]},
								"east": {"uv": [74, 4], "uv_size": [5, 1]},
								"south": {"uv": [72, 77], "uv_size": [1, 1]},
								"west": {"uv": [74, 5], "uv_size": [5, 1]},
								"up": {"uv": [9, 74], "uv_size": [1, 5]},
								"down": {"uv": [16, 79], "uv_size": [1, -5]}
							}
						},
						{
							"origin": [-3, 21.5, -19],
							"size": [2, 5, 2],
							"inflate": 0.0001,
							"pivot": [-2, 24, -18],
							"rotation": [0, -15, 0],
							"uv": {
								"north": {"uv": [37, 68], "uv_size": [2, 5]},
								"east": {"uv": [39, 68], "uv_size": [2, 5]},
								"south": {"uv": [69, 16], "uv_size": [2, 5]},
								"west": {"uv": [69, 28], "uv_size": [2, 5]},
								"up": {"uv": [55, 74], "uv_size": [2, 2]},
								"down": {"uv": [57, 76], "uv_size": [2, -2]}
							}
						}
					]
				},
				{
					"name": "stock",
					"parent": "gun",
					"pivot": [0, 24.59684, 25.50057],
					"cubes": [
						{
							"origin": [-2, 22, 17],
							"size": [4, 4, 10],
							"inflate": 0.001,
							"uv": {
								"north": {"uv": [51, 62], "uv_size": [4, 4]},
								"east": {"uv": [42, 33], "uv_size": [10, 4]},
								"south": {"uv": [63, 13], "uv_size": [4, 4]},
								"west": {"uv": [49, 16], "uv_size": [10, 4]},
								"up": {"uv": [24, 50], "uv_size": [4, 10]},
								"down": {"uv": [28, 60], "uv_size": [4, -10]}
							}
						},
						{
							"origin": [-2, 24.79805, 20.185],
							"size": [4, 2, 5],
							"inflate": -0.001,
							"pivot": [0, 25.79805, 22.685],
							"rotation": [17.5, 0, 0],
							"uv": {
								"north": {"uv": [70, 25], "uv_size": [4, 2]},
								"east": {"uv": [68, 9], "uv_size": [5, 2]},
								"south": {"uv": [70, 37], "uv_size": [4, 2]},
								"west": {"uv": [68, 53], "uv_size": [5, 2]},
								"up": {"uv": [56, 9], "uv_size": [4, 5]},
								"down": {"uv": [56, 58], "uv_size": [4, -5]}
							}
						},
						{
							"origin": [-2, 24.33487, 18.10914],
							"size": [4, 2, 5],
							"pivot": [0, 25.33487, 20.60914],
							"rotation": [7.5, 0, 0],
							"uv": {
								"north": {"uv": [70, 39], "uv_size": [4, 2]},
								"east": {"uv": [68, 57], "uv_size": [5, 2]},
								"south": {"uv": [71, 21], "uv_size": [4, 2]},
								"west": {"uv": [69, 33], "uv_size": [5, 2]},
								"up": {"uv": [57, 30], "uv_size": [4, 5]},
								"down": {"uv": [57, 46], "uv_size": [4, -5]}
							}
						},
						{
							"origin": [-2, 26.48973, 20.8154],
							"size": [4, 2.6, 5],
							"inflate": -0.002,
							"pivot": [0, 27.98973, 27.12905],
							"rotation": [37.5, 0, 0],
							"uv": {
								"north": {"uv": [65, 66], "uv_size": [4, 3]},
								"east": {"uv": [18, 63], "uv_size": [5, 3]},
								"south": {"uv": [67, 13], "uv_size": [4, 3]},
								"west": {"uv": [31, 63], "uv_size": [5, 3]},
								"up": {"uv": [57, 46], "uv_size": [4, 5]},
								"down": {"uv": [51, 62], "uv_size": [4, -5]}
							}
						},
						{
							"origin": [-2, 18.31815, 15.1158],
							"size": [4, 3, 6],
							"inflate": -0.001,
							"pivot": [0, 20.31815, 22.1158],
							"rotation": [-40, 0, 0],
							"uv": {
								"north": {"uv": [20, 67], "uv_size": [4, 3]},
								"east": {"uv": [60, 3], "uv_size": [6, 3]},
								"south": {"uv": [24, 67], "uv_size": [4, 3]},
								"west": {"uv": [60, 6], "uv_size": [6, 3]},
								"up": {"uv": [52, 4], "uv_size": [4, 6]},
								"down": {"uv": [52, 16], "uv_size": [4, -6]}
							}
						},
						{
							"origin": [-2, 19.6609, 21.19815],
							"size": [4, 5, 3],
							"pivot": [0, 21.6609, 20.19815],
							"rotation": [-30, 0, 0],
							"uv": {
								"north": {"uv": [58, 25], "uv_size": [4, 5]},
								"east": {"uv": [42, 57], "uv_size": [3, 5]},
								"south": {"uv": [32, 58], "uv_size": [4, 5]},
								"west": {"uv": [42, 62], "uv_size": [3, 5]},
								"up": {"uv": [67, 49], "uv_size": [4, 3]},
								"down": {"uv": [68, 3], "uv_size": [4, -3]}
							}
						},
						{
							"origin": [-2, 19.1548, 23.35026],
							"size": [4, 5, 2.4],
							"inflate": -0.001,
							"pivot": [0, 21.1548, 18.35026],
							"rotation": [-15, 0, 0],
							"uv": {
								"north": {"uv": [36, 58], "uv_size": [4, 5]},
								"east": {"uv": [31, 69], "uv_size": [2, 5]},
								"south": {"uv": [55, 58], "uv_size": [4, 5]},
								"west": {"uv": [33, 69], "uv_size": [2, 5]},
								"up": {"uv": [71, 27], "uv_size": [4, 2]},
								"down": {"uv": [71, 31], "uv_size": [4, -2]}
							}
						},
						{
							"origin": [-2, 16.07968, 23.76766],
							"size": [4, 5, 3],
							"inflate": -0.002,
							"pivot": [0, 22.23076, 18.76766],
							"rotation": [12.5, 0, 0],
							"uv": {
								"north": {"uv": [59, 14], "uv_size": [4, 5]},
								"east": {"uv": [36, 63], "uv_size": [3, 5]},
								"south": {"uv": [59, 58], "uv_size": [4, 5]},
								"west": {"uv": [39, 63], "uv_size": [3, 5]},
								"up": {"uv": [68, 3], "uv_size": [4, 3]},
								"down": {"uv": [68, 9], "uv_size": [4, -3]}
							}
						},
						{
							"origin": [-0.61603, 26.21778, 25.34253],
							"size": [2, 2.6, 2],
							"inflate": -0.001,
							"pivot": [0.38397, 27.51778, 26.84253],
							"rotation": [41.542, -23.37058, -19.36497],
							"uv": {
								"north": {"uv": [69, 72], "uv_size": [2, 3]},
								"east": {"uv": [42, 73], "uv_size": [2, 3]},
								"south": {"uv": [73, 64], "uv_size": [2, 3]},
								"west": {"uv": [66, 73], "uv_size": [2, 3]},
								"up": {"uv": [69, 75], "uv_size": [2, 2]},
								"down": {"uv": [75, 76], "uv_size": [2, -2]}
							}
						},
						{
							"origin": [-1.38397, 26.21778, 25.34253],
							"size": [2, 2.6, 2],
							"inflate": -0.003,
							"pivot": [-0.38397, 27.51778, 26.84253],
							"rotation": [41.542, 23.37058, 19.36497],
							"uv": {
								"north": {"uv": [73, 67], "uv_size": [2, 3]},
								"east": {"uv": [73, 70], "uv_size": [2, 3]},
								"south": {"uv": [71, 73], "uv_size": [2, 3]},
								"west": {"uv": [73, 73], "uv_size": [2, 3]},
								"up": {"uv": [76, 0], "uv_size": [2, 2]},
								"down": {"uv": [2, 78], "uv_size": [2, -2]}
							}
						},
						{
							"origin": [-1, 26.48973, 22.54],
							"size": [2, 2.6, 5],
							"pivot": [0, 27.98973, 27.12905],
							"rotation": [37.5, 0, 0],
							"uv": {
								"north": {"uv": [0, 74], "uv_size": [2, 3]},
								"east": {"uv": [55, 63], "uv_size": [5, 3]},
								"south": {"uv": [74, 0], "uv_size": [2, 3]},
								"west": {"uv": [63, 57], "uv_size": [5, 3]},
								"up": {"uv": [69, 41], "uv_size": [2, 5]},
								"down": {"uv": [45, 74], "uv_size": [2, -5]}
							}
						},
						{
							"origin": [-1, 23.09684, 24.91152],
							"size": [2, 5, 2],
							"pivot": [0, 24.59684, 25.50057],
							"rotation": [-27.5, 0, 0],
							"uv": {
								"north": {"uv": [47, 69], "uv_size": [2, 5]},
								"east": {"uv": [49, 69], "uv_size": [2, 5]},
								"south": {"uv": [51, 69], "uv_size": [2, 5]},
								"west": {"uv": [53, 69], "uv_size": [2, 5]},
								"up": {"uv": [4, 76], "uv_size": [2, 2]},
								"down": {"uv": [76, 18], "uv_size": [2, -2]}
							}
						}
					]
				},
				{
					"name": "rightarm",
					"parent": "main",
					"pivot": [4.2, 16.8, 23.7],
					"rotation": [-86.80906, 12.56245, -1.08964],
					"cubes": [
						{"origin": [0.2, -7.2, 19.7], "size": [8, 24, 8], "uv": [0, 96]}
					]
				},
				{
					"name": "leftarm",
					"parent": "main",
					"pivot": [18.2, 11.3, -12.6],
					"rotation": [-124.02545, 31.13404, -20.51492],
					"cubes": [
						{"origin": [14.2, -12.7, -16.6], "size": [8, 24, 8], "uv": [0, 96]}
					]
				},
				{
					"name": "_cb_suppressor",
					"parent": "main",
					"pivot": [0, 23.875, -65.65],
					"cubes": [
						{
							"origin": [-0.5, 23.5, -66.15],
							"size": [1, 1, 1],
							"uv": {
								"north": {"uv": [28, 70], "uv_size": [1, 1]},
								"east": {"uv": [27, 70], "uv_size": [1, 1]},
								"south": {"uv": [30, 70], "uv_size": [1, 1]},
								"west": {"uv": [29, 70], "uv_size": [1, 1]},
								"up": {"uv": [28, 69], "uv_size": [1, 1]},
								"down": {"uv": [29, 70], "uv_size": [1, -1]}
							}
						}
					]
				},
				{
					"name": "muzzleflash",
					"parent": "main",
					"pivot": [0, 24.35, -70.25],
					"cubes": [
						{
							"origin": [-1, 23.85, -70.55],
							"size": [1, 1, 1],
							"inflate": -0.4,
							"uv": {
								"north": {"uv": [55, 57], "uv_size": [1, 1]},
								"east": {"uv": [23, 59], "uv_size": [1, 1]},
								"south": {"uv": [68, 59], "uv_size": [1, 1]},
								"west": {"uv": [70, 27], "uv_size": [1, 1]},
								"up": {"uv": [66, 72], "uv_size": [1, 1]},
								"down": {"uv": [77, 63], "uv_size": [1, -1]}
							}
						}
					]
				},
				{
					"name": "scope",
					"parent": "main",
					"pivot": [0, 29.55, -18.25],
					"cubes": [
						{
							"origin": [-0.5, 29.05, -17.55],
							"size": [1, 1, 1],
							"inflate": -0.4,
							"uv": {
								"north": {"uv": [77, 64], "uv_size": [1, 1]},
								"east": {"uv": [77, 65], "uv_size": [1, 1]},
								"south": {"uv": [66, 77], "uv_size": [1, 1]},
								"west": {"uv": [77, 66], "uv_size": [1, 1]},
								"up": {"uv": [67, 77], "uv_size": [1, 1]},
								"down": {"uv": [77, 68], "uv_size": [1, -1]}
							}
						}
					]
				},
				{
					"name": "_camera_",
					"pivot": [0, 0, 0]
				}
			]
		}
	]
}