{
	"format_version": "1.12.0",
	"minecraft:geometry": [
		{
			"description": {
				"identifier": "geometry.unknown",
				"texture_width": 256,
				"texture_height": 256,
				"visible_bounds_width": 14,
				"visible_bounds_height": 4.5,
				"visible_bounds_offset": [0, 1.75, 0]
			},
			"bones": [
				{
					"name": "bb_main",
					"pivot": [0, 0, 0]
				},
				{
					"name": "main",
					"pivot": [0, 20, 0]
				},
				{
					"name": "gun",
					"parent": "main",
					"pivot": [0, 20, 0]
				},
				{
					"name": "bone",
					"parent": "gun",
					"pivot": [5.95, 29.4, 14.9],
					"cubes": [
						{"origin": [1, 35.075, 12.725], "size": [5.25, 2, 2], "inflate": -0.2, "pivot": [1.25, 36.075, 12.725], "rotation": [-27, 0, 0], "uv": [0, 41]},
						{"origin": [2.25, 36.075, 13.125], "size": [2, 2.25, 2], "inflate": -0.2, "pivot": [2.25, 37.075, 13.125], "rotation": [0, 27, 0], "uv": [63, 39]},
						{"origin": [2.25, 35.375, 4.3], "size": [2, 2, 3.6], "inflate": 0.3, "pivot": [2.25, 35.375, 4.4], "rotation": [0, 0, 32], "uv": [35, 10]},
						{"origin": [2.25, 35.375, 17.25], "size": [2, 2, 7.6], "inflate": 0.2, "pivot": [2.25, 35.375, 17.35], "rotation": [0, 0, 32], "uv": [0, 30]},
						{"origin": [0.575, 34.825, 24.2], "size": [1.25, 3.15, 1.1], "inflate": 0.01, "pivot": [2.25, 35.375, 24.35], "rotation": [0, 30, 32], "uv": [0, 0]},
						{"origin": [2.25, 35.375, 22.25], "size": [2, 2, 2.6], "inflate": 0.6, "pivot": [2.25, 35.375, 22.35], "rotation": [0, 0, 32], "uv": [30, 58]},
						{"origin": [2.25, 35.375, 18.25], "size": [2, 2, 1.6], "inflate": 0.5, "pivot": [2.25, 35.375, 18.35], "rotation": [0, 0, 32], "uv": [32, 69]},
						{"origin": [2.25, 35.375, 12.25], "size": [2, 2, 2.6], "inflate": 0.4, "pivot": [2.25, 35.375, 12.35], "rotation": [0, 0, 32], "uv": [30, 53]},
						{"origin": [2.25, 35.375, 6], "size": [2, 2, 19.1], "pivot": [2.25, 35.375, 6.1], "rotation": [0, 0, 32], "uv": [0, 0]},
						{"origin": [2.9, 29.75, 9.375], "size": [2, 2, 7], "uv": [0, 21]},
						{"origin": [2.9, 33.25, 13.875], "size": [1.5, 1.25, 1], "inflate": -0.001, "uv": [14, 13]},
						{"origin": [2.9, 33.25, 12.125], "size": [1.5, 1.25, 1], "inflate": -0.001, "uv": [14, 11]},
						{"origin": [2.65, 32.25, 9.375], "size": [2, 1.25, 7.5], "inflate": -0.001, "uv": [19, 78]},
						{"origin": [2.9, 31.75, 9.375], "size": [2, 1, 8], "uv": [98, 102]},
						{"origin": [0, 30.1, 11.575], "size": [5, 1.25, 7], "inflate": 0.001, "pivot": [5.95, 29.4, 14.9], "rotation": [25.25021, 0.22611, 0.10664], "uv": [0, 79]},
						{"origin": [3.2, 29.35, 14.65], "size": [3, 2, 3], "pivot": [5.95, 29.4, 14.9], "rotation": [28.63334, -27.10618, -13.96976], "uv": [14, 41]},
						{"origin": [3.45, 27.35, 14.9], "size": [2.5, 4, 2.5], "pivot": [5.95, 29.4, 14.9], "rotation": [28.63334, -27.10618, -13.96976], "uv": [23, 10]}
					]
				},
				{
					"name": "bone2",
					"parent": "gun",
					"pivot": [1.5, 16.4, -8.15],
					"cubes": [
						{"origin": [-1.75, 16, -1], "size": [3.5, 5.5, 5], "uv": [108, 0]},
						{"origin": [-1.75, 16.25, 3.5], "size": [3.5, 1, 2], "inflate": -0.2, "uv": [36, 4]},
						{"origin": [-1.75, 21, 5], "size": [3.5, 1, 2], "inflate": -0.2, "uv": [35, 15]},
						{"origin": [-1, 9, -1], "size": [2, 7.25, 3], "inflate": 0.001, "pivot": [0.8, 16, -0.5], "rotation": [-5, 0, 0], "uv": [42, 49]},
						{"origin": [-1, 8.82569, 0.7684], "size": [2, 7.25, 3], "pivot": [0.8, 15.82569, 1.2684], "rotation": [5, 0, 0], "uv": [0, 49]},
						{"origin": [-1.7, 24.225, 3.8], "size": [3.4, 2.45, 4.2], "inflate": -0.1, "uv": [68, 39]},
						{"origin": [-1.7, 21.4, -8.35], "size": [3.4, 5.275, 12.5], "inflate": -0.099, "uv": [0, 49]},
						{"origin": [-1.5, 15.4, -2.6], "size": [3, 7, 2], "inflate": -0.1, "uv": [52, 0]},
						{"origin": [-1.5, 16.3, -8.25], "size": [3, 6, 1], "inflate": -0.1, "uv": [11, 21]},
						{"origin": [-1.5, 15.4, -7.425], "size": [3, 1, 5.075], "inflate": -0.1, "uv": [52, 39]},
						{"origin": [-1.7, 24.225, 0.8], "size": [3.4, 3.45, 7.2], "inflate": -0.101, "pivot": [1.7, 24.325, 7.9], "rotation": [51.25, 0, 0], "uv": [23, 0]},
						{"origin": [-1, 18.55, -4.05], "size": [2, 4, 1], "inflate": -0.1, "pivot": [1, 18.55, -3.05], "rotation": [-10, 0, 0], "uv": [12, 4]},
						{"origin": [-1.5, 16.3, -8.25], "size": [3, 1, 1.4], "inflate": -0.099, "pivot": [1.5, 16.4, -8.15], "rotation": [-47.5, 0, 0], "uv": [66, 13]}
					]
				},
				{
					"name": "bone3",
					"parent": "gun",
					"pivot": [0, 27.414, 12],
					"cubes": [
						{"origin": [-1, 25, -26], "size": [2, 1, 35], "inflate": 0.01, "uv": [78, 156]},
						{"origin": [-1, 28.828, -26], "size": [2, 1, 35], "inflate": 0.01, "uv": [129, 153]},
						{"origin": [-1, 25, -26], "size": [2, 1, 35], "inflate": 0.01, "pivot": [0, 27.414, 12], "rotation": [0, 0, 90], "uv": [39, 128]},
						{"origin": [-1, 28.828, -26], "size": [2, 1, 35], "inflate": 0.01, "pivot": [0, 27.414, 12], "rotation": [0, 0, 90], "uv": [0, 127]},
						{"origin": [-1, 25, -26], "size": [2, 1, 35], "pivot": [0, 27.414, 12], "rotation": [0, 0, 45], "uv": [126, 117]},
						{"origin": [-1, 28.828, -26], "size": [2, 1, 35], "pivot": [0, 27.414, 12], "rotation": [0, 0, 45], "uv": [126, 78]},
						{"origin": [-1, 25, -26], "size": [2, 1, 35], "pivot": [0, 27.414, 12], "rotation": [0, 0, 135], "uv": [126, 36]},
						{"origin": [-1, 28.828, -26], "size": [2, 1, 35], "pivot": [0, 27.414, 12], "rotation": [0, 0, 135], "uv": [94, 0]}
					]
				},
				{
					"name": "bone4",
					"parent": "gun",
					"pivot": [0, 27.414, 47],
					"cubes": [
						{"origin": [-1, 25, 9], "size": [2, 1, 2], "pivot": [0, 25, 9], "rotation": [-17.5, 0, 0], "uv": [66, 3]},
						{"origin": [-1, 28.828, 9], "size": [2, 1, 2], "pivot": [0, 29.828, 9], "rotation": [17.5, 0, 0], "uv": [66, 0]},
						{"origin": [-3.414, 27.414, 9], "size": [2, 1, 2], "pivot": [-2.414, 27.414, 9], "rotation": [-17.5, 0, 90], "uv": [18, 58]},
						{"origin": [1.414, 26.414, 9], "size": [2, 1, 2], "pivot": [2.414, 27.414, 9], "rotation": [17.5, 0, 90], "uv": [56, 57]},
						{"origin": [-1, 24.77973, 9.777], "size": [2, 1, 2], "pivot": [0, 27.414, 10.10407], "rotation": [-17.5, 0, 45], "uv": [52, 34]},
						{"origin": [-1, 29.04827, 9.777], "size": [2, 1, 2], "pivot": [0, 27.414, 10.10407], "rotation": [17.5, 0, 45], "uv": [52, 9]},
						{"origin": [-1, 24.77973, 9.777], "size": [2, 1, 2], "pivot": [0, 27.414, 10.10407], "rotation": [-17.5, 0, 135], "uv": [11, 34]},
						{"origin": [-1, 29.04827, 9.777], "size": [2, 1, 2], "pivot": [0, 27.414, 10.10407], "rotation": [17.5, 0, 135], "uv": [0, 16]}
					]
				},
				{
					"name": "bone5",
					"parent": "gun",
					"pivot": [0, 28.018, 28.4],
					"cubes": [
						{"origin": [-1.25, 24.396, 10.9], "size": [2.5, 1, 38], "inflate": 0.01, "uv": [84, 117]},
						{"origin": [-1.25, 29.432, 10.9], "size": [2.5, 1, 38], "inflate": 0.01, "uv": [42, 89]},
						{"origin": [-1.25, 24.396, 10.9], "size": [2.5, 1, 38], "inflate": 0.01, "pivot": [0, 27.414, 28.4], "rotation": [0, 0, 90], "uv": [0, 88]},
						{"origin": [-1.25, 29.432, 10.9], "size": [2.5, 1, 38], "inflate": 0.01, "pivot": [0, 27.414, 28.4], "rotation": [0, 0, 90], "uv": [84, 78]},
						{"origin": [-1.25, 24.396, 10.9], "size": [2.5, 1, 38], "pivot": [0, 27.414, 28.4], "rotation": [0, 0, 45], "uv": [84, 39]},
						{"origin": [-1.25, 29.432, 10.9], "size": [2.5, 1, 38], "pivot": [0, 27.414, 28.4], "rotation": [0, 0, 45], "uv": [52, 0]},
						{"origin": [-1.25, 24.396, 10.9], "size": [2.5, 1, 38], "pivot": [0, 27.414, 28.4], "rotation": [0, 0, 135], "uv": [42, 50]},
						{"origin": [-1.25, 29.432, 10.9], "size": [2.5, 1, 38], "pivot": [0, 27.414, 28.4], "rotation": [0, 0, 135], "uv": [0, 49]}
					]
				},
				{
					"name": "bone6",
					"parent": "gun",
					"pivot": [0, 27.4145, 31.4],
					"cubes": [
						{"origin": [-1.5, 23.793, 24.9], "size": [3, 1, 1], "inflate": 0.01, "uv": [66, 8]},
						{"origin": [-1.5, 30.036, 24.9], "size": [3, 1, 1], "inflate": 0.01, "uv": [66, 6]},
						{"origin": [-1.5, 23.793, 24.9], "size": [3, 1, 1], "inflate": 0.01, "pivot": [0, 27.4145, 31.4], "rotation": [0, 0, 90], "uv": [65, 34]},
						{"origin": [-1.5, 30.036, 24.9], "size": [3, 1, 1], "inflate": 0.01, "pivot": [0, 27.4145, 31.4], "rotation": [0, 0, 90], "uv": [42, 59]},
						{"origin": [-1.5, 23.793, 24.9], "size": [3, 1, 1], "pivot": [0, 27.4145, 31.4], "rotation": [0, 0, 45], "uv": [8, 17]},
						{"origin": [-1.5, 30.036, 24.9], "size": [3, 1, 1], "pivot": [0, 27.4145, 31.4], "rotation": [0, 0, -45], "uv": [23, 16]},
						{"origin": [-1.5, 23.793, 24.9], "size": [3, 1, 1], "pivot": [0, 27.4145, 31.4], "rotation": [0, 0, -45], "uv": [24, 58]},
						{"origin": [-1.5, 30.036, 24.9], "size": [3, 1, 1], "pivot": [0, 27.4145, 31.4], "rotation": [0, 0, 45], "uv": [0, 59]}
					]
				},
				{
					"name": "bone7",
					"parent": "gun",
					"pivot": [0, 27.414, 19.1],
					"cubes": [
						{"origin": [-1, 24.68846, 48.68705], "size": [2, 1, 8], "pivot": [0, 27.414, 52.85439], "rotation": [4.3, 0, 0], "uv": [96, 79]},
						{"origin": [-1, 29.13954, 48.68705], "size": [2, 1, 8], "pivot": [0, 27.414, 52.85439], "rotation": [-4.3, 0, 0], "uv": [94, 26]},
						{"origin": [-1, 24.68846, 48.68705], "size": [2, 1, 8], "pivot": [0, 27.414, 52.85439], "rotation": [4.3, 0, 90], "uv": [57, 89]},
						{"origin": [-1, 29.13954, 48.68705], "size": [2, 1, 8], "pivot": [0, 27.414, 52.85439], "rotation": [-4.3, 0, 90], "uv": [84, 78]},
						{"origin": [-1, 24.68846, 48.68705], "size": [2, 1, 8], "pivot": [0, 27.414, 52.85439], "rotation": [4.3, 0, -45], "uv": [18, 49]},
						{"origin": [-1, 29.13954, 48.68705], "size": [2, 1, 8], "pivot": [0, 27.414, 52.85439], "rotation": [-4.3, 0, -45], "uv": [23, 30]},
						{"origin": [-1, 24.68846, 48.68705], "size": [2, 1, 8], "pivot": [0, 27.414, 52.85439], "rotation": [4.3, 0, 45], "uv": [23, 21]},
						{"origin": [-1, 29.13954, 48.68705], "size": [2, 1, 8], "pivot": [0, 27.414, 52.85439], "rotation": [-4.3, 0, 45], "uv": [23, 10]}
					]
				},
				{
					"name": "bone8",
					"parent": "gun",
					"pivot": [0, 27.414, 94.9],
					"cubes": [
						{"origin": [-1, 25, 56.88], "size": [2, 1, 19], "uv": [78, 216]},
						{"origin": [-1, 28.828, 56.88], "size": [2, 1, 19], "uv": [23, 216]},
						{"origin": [-1, 25, 56.88], "size": [2, 1, 19], "pivot": [0, 27.414, 94.9], "rotation": [0, 0, 90], "uv": [55, 215]},
						{"origin": [-1, 28.828, 56.88], "size": [2, 1, 19], "pivot": [0, 27.414, 94.9], "rotation": [0, 0, 90], "uv": [0, 214]},
						{"origin": [-1, 25, 56.88], "size": [2, 1, 19], "pivot": [0, 27.414, 94.9], "rotation": [0, 0, 45], "uv": [182, 204]},
						{"origin": [-1, 28.828, 56.88], "size": [2, 1, 19], "pivot": [0, 27.414, 94.9], "rotation": [0, 0, 45], "uv": [117, 156]},
						{"origin": [-1, 25, 56.88], "size": [2, 1, 19], "pivot": [0, 27.414, 94.9], "rotation": [0, 0, 135], "uv": [78, 128]},
						{"origin": [-1, 28.828, 56.88], "size": [2, 1, 19], "pivot": [0, 27.414, 94.9], "rotation": [0, 0, 135], "uv": [0, 21]}
					]
				},
				{
					"name": "bone9",
					"parent": "gun",
					"pivot": [0, 28.018, 74.4],
					"cubes": [
						{"origin": [-1.25, 24.396, 56.8], "size": [2.5, 1, 1], "inflate": 0.01, "uv": [19, 71]},
						{"origin": [-1.25, 29.432, 56.8], "size": [2.5, 1, 1], "inflate": 0.01, "uv": [71, 17]},
						{"origin": [-1.25, 24.396, 56.8], "size": [2.5, 1, 1], "inflate": 0.01, "pivot": [0, 27.414, 74.4], "rotation": [0, 0, 90], "uv": [56, 70]},
						{"origin": [-1.25, 29.432, 56.8], "size": [2.5, 1, 1], "inflate": 0.01, "pivot": [0, 27.414, 74.4], "rotation": [0, 0, 90], "uv": [14, 70]},
						{"origin": [-1.25, 24.396, 56.8], "size": [2.5, 1, 1], "pivot": [0, 27.414, 74.4], "rotation": [0, 0, 45], "uv": [69, 69]},
						{"origin": [-1.25, 29.432, 56.8], "size": [2.5, 1, 1], "pivot": [0, 27.414, 74.4], "rotation": [0, 0, 45], "uv": [69, 67]},
						{"origin": [-1.25, 24.396, 56.8], "size": [2.5, 1, 1], "pivot": [0, 27.414, 74.4], "rotation": [0, 0, 135], "uv": [69, 65]},
						{"origin": [-1.25, 29.432, 56.8], "size": [2.5, 1, 1], "pivot": [0, 27.414, 74.4], "rotation": [0, 0, 135], "uv": [69, 63]}
					]
				},
				{
					"name": "bone10",
					"parent": "gun",
					"pivot": [0, 28.018, 92.9],
					"cubes": [
						{"origin": [-1.25, 24.396, 75.3], "size": [2.5, 1, 1], "inflate": 0.01, "uv": [69, 61]},
						{"origin": [-1.25, 29.432, 75.3], "size": [2.5, 1, 1], "inflate": 0.01, "uv": [69, 57]},
						{"origin": [-1.25, 24.396, 75.3], "size": [2.5, 1, 1], "inflate": 0.01, "pivot": [0, 27.414, 92.9], "rotation": [0, 0, 90], "uv": [69, 55]},
						{"origin": [-1.25, 29.432, 75.3], "size": [2.5, 1, 1], "inflate": 0.01, "pivot": [0, 27.414, 92.9], "rotation": [0, 0, 90], "uv": [69, 53]},
						{"origin": [-1.25, 24.396, 75.3], "size": [2.5, 1, 1], "pivot": [0, 27.414, 92.9], "rotation": [0, 0, 45], "uv": [69, 51]},
						{"origin": [-1.25, 29.432, 75.3], "size": [2.5, 1, 1], "pivot": [0, 27.414, 92.9], "rotation": [0, 0, 45], "uv": [69, 49]},
						{"origin": [-1.25, 24.396, 75.3], "size": [2.5, 1, 1], "pivot": [0, 27.414, 92.9], "rotation": [0, 0, 135], "uv": [58, 9]},
						{"origin": [-1.25, 29.432, 75.3], "size": [2.5, 1, 1], "pivot": [0, 27.414, 92.9], "rotation": [0, 0, 135], "uv": [12, 9]}
					]
				},
				{
					"name": "bone11",
					"parent": "gun",
					"pivot": [0, 27.414, 80.14561],
					"cubes": [
						{"origin": [-1, 24.68846, 76.31295], "size": [2, 1, 22], "pivot": [0, 27.414, 80.14561], "rotation": [-4.3, 0, 0], "uv": [115, 212]},
						{"origin": [-1, 29.13954, 76.31295], "size": [2, 1, 22], "pivot": [0, 27.414, 80.14561], "rotation": [4.3, 0, 0], "uv": [207, 165]},
						{"origin": [-1, 24.68846, 76.31295], "size": [2, 1, 22], "pivot": [0, 27.414, 80.14561], "rotation": [-4.3, 0, 90], "uv": [204, 204]},
						{"origin": [-1, 29.13954, 76.31295], "size": [2, 1, 22], "pivot": [0, 27.414, 80.14561], "rotation": [4.3, 0, 90], "uv": [156, 204]},
						{"origin": [-1, 24.68846, 76.31295], "size": [2, 1, 22], "pivot": [0, 27.414, 80.14561], "rotation": [-4.3, 0, -45], "uv": [197, 142]},
						{"origin": [-1, 29.13954, 76.31295], "size": [2, 1, 22], "pivot": [0, 27.414, 80.14561], "rotation": [4.3, 0, -45], "uv": [194, 100]},
						{"origin": [-1, 24.68846, 76.31295], "size": [2, 1, 22], "pivot": [0, 27.414, 80.14561], "rotation": [-4.3, 0, 45], "uv": [194, 57]},
						{"origin": [-1, 29.13954, 76.31295], "size": [2, 1, 22], "pivot": [0, 27.414, 80.14561], "rotation": [4.3, 0, 45], "uv": [194, 29]}
					]
				},
				{
					"name": "bone12",
					"parent": "bone11",
					"pivot": [0, 27.414, 80.14561],
					"rotation": [0, 0, -22.5],
					"cubes": [
						{"origin": [-0.5, 24.68846, 86.31295], "size": [1, 1, 12], "pivot": [0, 27.414, 80.14561], "rotation": [-4.3, 0, 0], "uv": [126, 49]},
						{"origin": [-0.5, 29.13954, 86.31295], "size": [1, 1, 12], "pivot": [0, 27.414, 80.14561], "rotation": [4.3, 0, 0], "uv": [126, 36]},
						{"origin": [-0.5, 24.68846, 86.31295], "size": [1, 1, 12], "pivot": [0, 27.414, 80.14561], "rotation": [-4.3, 0, 90], "uv": [84, 102]},
						{"origin": [-0.5, 29.13954, 86.31295], "size": [1, 1, 12], "pivot": [0, 27.414, 80.14561], "rotation": [4.3, 0, 90], "uv": [42, 102]},
						{"origin": [-0.5, 24.68846, 86.31295], "size": [1, 1, 12], "pivot": [0, 27.414, 80.14561], "rotation": [-4.3, 0, -45], "uv": [0, 101]},
						{"origin": [-0.5, 29.13954, 86.31295], "size": [1, 1, 12], "pivot": [0, 27.414, 80.14561], "rotation": [4.3, 0, -45], "uv": [94, 13]},
						{"origin": [-0.5, 24.68846, 86.31295], "size": [1, 1, 12], "pivot": [0, 27.414, 80.14561], "rotation": [-4.3, 0, 45], "uv": [94, 0]},
						{"origin": [-0.5, 29.13954, 86.31295], "size": [1, 1, 12], "pivot": [0, 27.414, 80.14561], "rotation": [4.3, 0, 45], "uv": [84, 89]}
					]
				},
				{
					"name": "bone13",
					"parent": "gun",
					"pivot": [0, 27.414, 92.55],
					"cubes": [
						{"origin": [-1, 22.396, 97.95], "size": [2, 2, 1], "inflate": 0.01, "uv": [61, 68]},
						{"origin": [-1, 30.451, 97.95], "size": [2, 2, 1], "inflate": 0.01, "uv": [19, 68]},
						{"origin": [-1, 22.396, 97.95], "size": [2, 2, 1], "pivot": [0, 27.4235, 98.45], "rotation": [0, 0, 22.5], "uv": [27, 67]},
						{"origin": [-1, 30.451, 97.95], "size": [2, 2, 1], "pivot": [0, 27.4235, 98.45], "rotation": [0, 0, 22.5], "uv": [56, 66]},
						{"origin": [-1, 22.396, 97.95], "size": [2, 2, 1], "inflate": 0.01, "pivot": [0, 27.4235, 98.45], "rotation": [0, 0, 45], "uv": [66, 21]},
						{"origin": [-1, 30.451, 97.95], "size": [2, 2, 1], "inflate": 0.01, "pivot": [0, 27.4235, 98.45], "rotation": [0, 0, 45], "uv": [66, 18]},
						{"origin": [-1, 22.396, 97.95], "size": [2, 2, 1], "pivot": [0, 27.4235, 98.45], "rotation": [0, 0, 67.5], "uv": [66, 15]},
						{"origin": [-1, 30.451, 97.95], "size": [2, 2, 1], "pivot": [0, 27.4235, 98.45], "rotation": [0, 0, 67.5], "uv": [14, 66]},
						{"origin": [-1, 22.396, 97.95], "size": [2, 2, 1], "inflate": 0.01, "pivot": [0, 27.4235, 98.45], "rotation": [0, 0, 90], "uv": [33, 41]},
						{"origin": [-1, 30.451, 97.95], "size": [2, 2, 1], "inflate": 0.01, "pivot": [0, 27.4235, 98.45], "rotation": [0, 0, 90], "uv": [23, 41]},
						{"origin": [-1, 22.396, 97.95], "size": [2, 2, 1], "pivot": [0, 27.4235, 98.45], "rotation": [0, 0, 112.5], "uv": [0, 33]},
						{"origin": [-1, 30.451, 97.95], "size": [2, 2, 1], "pivot": [0, 27.4235, 98.45], "rotation": [0, 0, 112.5], "uv": [0, 30]},
						{"origin": [-1, 22.396, 97.95], "size": [2, 2, 1], "inflate": 0.01, "pivot": [0, 27.4235, 98.45], "rotation": [0, 0, 135], "uv": [0, 24]},
						{"origin": [-1, 30.451, 97.95], "size": [2, 2, 1], "inflate": 0.01, "pivot": [0, 27.4235, 98.45], "rotation": [0, 0, 135], "uv": [23, 3]},
						{"origin": [-1, 22.396, 97.95], "size": [2, 2, 1], "pivot": [0, 27.4235, 98.45], "rotation": [0, 0, 157.5], "uv": [23, 0]},
						{"origin": [-1, 30.451, 97.95], "size": [2, 2, 1], "pivot": [0, 27.4235, 98.45], "rotation": [0, 0, 157.5], "uv": [0, 21]}
					]
				},
				{
					"name": "bone14",
					"parent": "gun",
					"pivot": [0, 0, 0],
					"cubes": [
						{"origin": [2.5, 12.22569, 18], "size": [2, 12, 4], "uv": [0, 0]},
						{"origin": [2, 25, 12.5], "size": [2, 2, 11], "uv": [42, 89]},
						{"origin": [3, 24, 17.5], "size": [1, 1, 5], "uv": [7, 11]}
					]
				},
				{
					"name": "rocket",
					"parent": "main",
					"pivot": [0, 27.5, -83.4],
					"cubes": [
						{"origin": [-1, 22.55655, -53.86244], "size": [2, 1, 3], "uv": [65, 30]},
						{"origin": [-1, 31.27145, -53.86244], "size": [2, 1, 3], "uv": [65, 26]},
						{"origin": [-1, 22.55655, -53.86244], "size": [2, 1, 3], "pivot": [0, 27.414, -51.86244], "rotation": [0, 0, 45], "uv": [27, 63]},
						{"origin": [-1, 31.27145, -53.86244], "size": [2, 1, 3], "pivot": [0, 27.414, -51.86244], "rotation": [0, 0, 45], "uv": [56, 62]},
						{"origin": [-1, 22.55655, -53.86244], "size": [2, 1, 3], "pivot": [0, 27.414, -51.86244], "rotation": [0, 0, 90], "uv": [56, 53]},
						{"origin": [-1, 31.27145, -53.86244], "size": [2, 1, 3], "pivot": [0, 27.414, -51.86244], "rotation": [0, 0, 90], "uv": [56, 49]},
						{"origin": [-1, 22.55655, -53.86244], "size": [2, 1, 3], "pivot": [0, 27.414, -51.86244], "rotation": [0, 0, 135], "uv": [52, 30]},
						{"origin": [-1, 31.27145, -53.86244], "size": [2, 1, 3], "pivot": [0, 27.414, -51.86244], "rotation": [0, 0, 135], "uv": [52, 26]},
						{"origin": [-0.75, 22.55655, -53.86244], "size": [1.5, 1, 3], "uv": [18, 53]},
						{"origin": [-0.75, 31.27145, -53.86244], "size": [1.5, 1, 3], "uv": [30, 49]},
						{"origin": [-0.75, 22.55655, -53.86244], "size": [1.5, 1, 3], "pivot": [0, 27.414, -51.86244], "rotation": [0, 0, 45], "uv": [18, 49]},
						{"origin": [-0.75, 31.27145, -53.86244], "size": [1.5, 1, 3], "pivot": [0, 27.414, -51.86244], "rotation": [0, 0, 45], "uv": [23, 34]},
						{"origin": [-0.75, 22.55655, -53.86244], "size": [1.5, 1, 3], "pivot": [0, 27.414, -51.86244], "rotation": [0, 0, 90], "uv": [23, 30]},
						{"origin": [-0.75, 31.27145, -53.86244], "size": [1.5, 1, 3], "pivot": [0, 27.414, -51.86244], "rotation": [0, 0, 90], "uv": [11, 30]},
						{"origin": [-0.75, 22.55655, -53.86244], "size": [1.5, 1, 3], "pivot": [0, 27.414, -51.86244], "rotation": [0, 0, 135], "uv": [23, 25]},
						{"origin": [-0.75, 31.27145, -53.86244], "size": [1.5, 1, 3], "pivot": [0, 27.414, -51.86244], "rotation": [0, 0, 135], "uv": [23, 21]},
						{"origin": [-1, 26.5, -84.9], "size": [2, 2, 4], "pivot": [0, 27.5, -83.4], "rotation": [0, 0, 20], "uv": [52, 13]},
						{"origin": [-1.5, 26, -27.9], "size": [3, 3, 46], "pivot": [0, 27.5, -26.4], "rotation": [0, 0, 20], "uv": [0, 0]}
					]
				},
				{
					"name": "bone23",
					"parent": "rocket",
					"pivot": [0, 27.414, 9],
					"cubes": [
						{"origin": [-1, 25, -29], "size": [2, 1, 3], "pivot": [0, 25, -29], "rotation": [-17.5, 0, 0], "uv": [36, 41]},
						{"origin": [-1, 28.828, -29], "size": [2, 1, 3], "pivot": [0, 29.828, -29], "rotation": [17.5, 0, 0], "uv": [26, 41]},
						{"origin": [-3.414, 27.414, -29], "size": [2, 1, 3], "pivot": [-2.414, 27.414, -29], "rotation": [-17.5, 0, 90], "uv": [36, 0]},
						{"origin": [1.414, 26.414, -29], "size": [2, 1, 3], "pivot": [2.414, 27.414, -29], "rotation": [17.5, 0, 90], "uv": [35, 34]},
						{"origin": [-1, 24.77973, -28.223], "size": [2, 1, 3], "pivot": [0, 27.414, -27.89593], "rotation": [-17.5, 0, 45], "uv": [35, 30]},
						{"origin": [-1, 29.04827, -28.223], "size": [2, 1, 3], "pivot": [0, 27.414, -27.89593], "rotation": [17.5, 0, 45], "uv": [35, 25]},
						{"origin": [-1, 24.77973, -28.223], "size": [2, 1, 3], "pivot": [0, 27.414, -27.89593], "rotation": [-17.5, 0, 135], "uv": [35, 21]},
						{"origin": [-1, 29.04827, -28.223], "size": [2, 1, 3], "pivot": [0, 27.414, -27.89593], "rotation": [17.5, 0, 135], "uv": [8, 0]}
					]
				},
				{
					"name": "bone22",
					"parent": "rocket",
					"pivot": [0, 27.414, -59.45],
					"cubes": [
						{"origin": [-1, 22.396, -54.05], "size": [2, 2, 4], "inflate": 0.01, "uv": [94, 13]},
						{"origin": [-1, 30.451, -54.05], "size": [2, 2, 4], "inflate": 0.01, "uv": [94, 6]},
						{"origin": [-1, 22.396, -54.05], "size": [2, 2, 4], "pivot": [0, 27.4235, -53.55], "rotation": [0, 0, 22.5], "uv": [94, 0]},
						{"origin": [-1, 30.451, -54.05], "size": [2, 2, 4], "pivot": [0, 27.4235, -53.55], "rotation": [0, 0, 22.5], "uv": [0, 94]},
						{"origin": [-1, 22.396, -54.05], "size": [2, 2, 4], "inflate": 0.01, "pivot": [0, 27.4235, -53.55], "rotation": [0, 0, 45], "uv": [84, 89]},
						{"origin": [-1, 30.451, -54.05], "size": [2, 2, 4], "inflate": 0.01, "pivot": [0, 27.4235, -53.55], "rotation": [0, 0, 45], "uv": [0, 88]},
						{"origin": [-1, 22.396, -54.05], "size": [2, 2, 4], "pivot": [0, 27.4235, -53.55], "rotation": [0, 0, 67.5], "uv": [84, 68]},
						{"origin": [-1, 30.451, -54.05], "size": [2, 2, 4], "pivot": [0, 27.4235, -53.55], "rotation": [0, 0, 67.5], "uv": [84, 62]},
						{"origin": [-1, 22.396, -54.05], "size": [2, 2, 4], "inflate": 0.01, "pivot": [0, 27.4235, -53.55], "rotation": [0, 0, 90], "uv": [84, 55]},
						{"origin": [-1, 30.451, -54.05], "size": [2, 2, 4], "inflate": 0.01, "pivot": [0, 27.4235, -53.55], "rotation": [0, 0, 90], "uv": [84, 49]},
						{"origin": [-1, 22.396, -54.05], "size": [2, 2, 4], "pivot": [0, 27.4235, -53.55], "rotation": [0, 0, 112.5], "uv": [82, 39]},
						{"origin": [-1, 30.451, -54.05], "size": [2, 2, 4], "pivot": [0, 27.4235, -53.55], "rotation": [0, 0, 112.5], "uv": [0, 72]},
						{"origin": [-1, 22.396, -54.05], "size": [2, 2, 4], "inflate": 0.01, "pivot": [0, 27.4235, -53.55], "rotation": [0, 0, 135], "uv": [42, 68]},
						{"origin": [-1, 30.451, -54.05], "size": [2, 2, 4], "inflate": 0.01, "pivot": [0, 27.4235, -53.55], "rotation": [0, 0, 135], "uv": [0, 66]},
						{"origin": [-1, 22.396, -54.05], "size": [2, 2, 4], "pivot": [0, 27.4235, -53.55], "rotation": [0, 0, 157.5], "uv": [42, 62]},
						{"origin": [-1, 30.451, -54.05], "size": [2, 2, 4], "pivot": [0, 27.4235, -53.55], "rotation": [0, 0, 157.5], "uv": [52, 19]}
					]
				},
				{
					"name": "bone20",
					"parent": "rocket",
					"pivot": [0, 27.414, -36.14561]
				},
				{
					"name": "bone21",
					"parent": "bone20",
					"pivot": [0, 27.414, -36.14561],
					"rotation": [0, 0, -22.5]
				},
				{
					"name": "bone17",
					"parent": "rocket",
					"pivot": [0, 27.414, -71.85439],
					"cubes": [
						{"origin": [-0.75, 24.68846, -80.68705], "size": [1.5, 1, 27], "pivot": [0, 27.414, -71.85439], "rotation": [-6.8, 0, 0], "uv": [168, 153]},
						{"origin": [-0.75, 29.13954, -80.68705], "size": [1.5, 1, 27], "pivot": [0, 27.414, -71.85439], "rotation": [6.8, 0, 0], "uv": [165, 114]},
						{"origin": [-0.75, 24.68846, -80.68705], "size": [1.5, 1, 27], "pivot": [0, 27.414, -71.85439], "rotation": [-6.8, 0, 90], "uv": [165, 72]},
						{"origin": [-0.75, 29.13954, -80.68705], "size": [1.5, 1, 27], "pivot": [0, 27.414, -71.85439], "rotation": [6.8, 0, 90], "uv": [165, 29]},
						{"origin": [-0.75, 24.68846, -80.68705], "size": [1.5, 1, 27], "pivot": [0, 27.414, -71.85439], "rotation": [-6.8, 0, -45], "uv": [29, 165]},
						{"origin": [-0.75, 29.13954, -80.68705], "size": [1.5, 1, 27], "pivot": [0, 27.414, -71.85439], "rotation": [6.8, 0, -45], "uv": [0, 163]},
						{"origin": [-0.75, 24.68846, -80.68705], "size": [1.5, 1, 27], "pivot": [0, 27.414, -71.85439], "rotation": [-6.8, 0, 45], "uv": [162, 1]},
						{"origin": [-0.75, 29.13954, -80.68705], "size": [1.5, 1, 27], "pivot": [0, 27.414, -71.85439], "rotation": [6.8, 0, 45], "uv": [133, 0]}
					]
				},
				{
					"name": "bone18",
					"parent": "bone17",
					"pivot": [0, 27.414, -71.85439],
					"rotation": [0, 0, -22.5],
					"cubes": [
						{"origin": [-0.5, 24.68846, -74.68705], "size": [1, 1, 11], "pivot": [0, 27.414, -71.85439], "rotation": [-6.8, 0, 0], "uv": [14, 88]},
						{"origin": [-0.5, 29.13954, -74.68705], "size": [1, 1, 11], "pivot": [0, 27.414, -71.85439], "rotation": [6.8, 0, 0], "uv": [42, 75]},
						{"origin": [-0.5, 24.68846, -74.68705], "size": [1, 1, 11], "pivot": [0, 27.414, -71.85439], "rotation": [-6.8, 0, 90], "uv": [14, 66]},
						{"origin": [-0.5, 29.13954, -74.68705], "size": [1, 1, 11], "pivot": [0, 27.414, -71.85439], "rotation": [6.8, 0, 90], "uv": [66, 13]},
						{"origin": [-0.5, 24.68846, -74.68705], "size": [1, 1, 11], "pivot": [0, 27.414, -71.85439], "rotation": [-6.8, 0, -45], "uv": [66, 0]},
						{"origin": [-0.5, 29.13954, -74.68705], "size": [1, 1, 11], "pivot": [0, 27.414, -71.85439], "rotation": [6.8, 0, -45], "uv": [56, 62]},
						{"origin": [-0.5, 24.68846, -74.68705], "size": [1, 1, 11], "pivot": [0, 27.414, -71.85439], "rotation": [-6.8, 0, 45], "uv": [56, 49]},
						{"origin": [-0.5, 29.13954, -74.68705], "size": [1, 1, 11], "pivot": [0, 27.414, -71.85439], "rotation": [6.8, 0, 45], "uv": [52, 26]}
					]
				},
				{
					"name": "bone19",
					"parent": "bone17",
					"pivot": [0, 27.414, -71.85439],
					"rotation": [0, 0, -22.5],
					"cubes": [
						{"origin": [-1, 24.68846, -63.68705], "size": [2, 1, 10], "pivot": [0, 27.414, -71.85439], "rotation": [-6.8, 0, 0], "uv": [56, 102]},
						{"origin": [-1, 29.13954, -63.68705], "size": [2, 1, 10], "pivot": [0, 27.414, -71.85439], "rotation": [6.8, 0, 0], "uv": [14, 101]},
						{"origin": [-1, 24.68846, -63.68705], "size": [2, 1, 10], "pivot": [0, 27.414, -71.85439], "rotation": [-6.8, 0, 90], "uv": [98, 89]},
						{"origin": [-1, 29.13954, -63.68705], "size": [2, 1, 10], "pivot": [0, 27.414, -71.85439], "rotation": [6.8, 0, 90], "uv": [98, 62]},
						{"origin": [-1, 24.68846, -63.68705], "size": [2, 1, 10], "pivot": [0, 27.414, -71.85439], "rotation": [-6.8, 0, -45], "uv": [98, 50]},
						{"origin": [-1, 29.13954, -63.68705], "size": [2, 1, 10], "pivot": [0, 27.414, -71.85439], "rotation": [6.8, 0, -45], "uv": [98, 39]},
						{"origin": [-1, 24.68846, -63.68705], "size": [2, 1, 10], "pivot": [0, 27.414, -71.85439], "rotation": [-6.8, 0, 45], "uv": [55, 75]},
						{"origin": [-1, 29.13954, -63.68705], "size": [2, 1, 10], "pivot": [0, 27.414, -71.85439], "rotation": [6.8, 0, 45], "uv": [65, 26]}
					]
				},
				{
					"name": "bone15",
					"parent": "rocket",
					"pivot": [0, 27.414, -33.14561],
					"cubes": [
						{"origin": [-1, 24.68846, -51.31295], "size": [2, 1, 22], "pivot": [0, 27.414, -33.14561], "rotation": [6.8, 0, 0], "uv": [89, 193]},
						{"origin": [-1, 29.13954, -51.31295], "size": [2, 1, 22], "pivot": [0, 27.414, -33.14561], "rotation": [-6.8, 0, 0], "uv": [26, 193]},
						{"origin": [-1, 24.68846, -51.31295], "size": [2, 1, 22], "pivot": [0, 27.414, -33.14561], "rotation": [6.8, 0, 90], "uv": [63, 192]},
						{"origin": [-1, 29.13954, -51.31295], "size": [2, 1, 22], "pivot": [0, 27.414, -33.14561], "rotation": [-6.8, 0, 90], "uv": [191, 0]},
						{"origin": [-1, 24.68846, -51.31295], "size": [2, 1, 22], "pivot": [0, 27.414, -33.14561], "rotation": [6.8, 0, -45], "uv": [0, 191]},
						{"origin": [-1, 29.13954, -51.31295], "size": [2, 1, 22], "pivot": [0, 27.414, -33.14561], "rotation": [-6.8, 0, -45], "uv": [130, 189]},
						{"origin": [-1, 24.68846, -51.31295], "size": [2, 1, 22], "pivot": [0, 27.414, -33.14561], "rotation": [6.8, 0, 45], "uv": [181, 181]},
						{"origin": [-1, 29.13954, -51.31295], "size": [2, 1, 22], "pivot": [0, 27.414, -33.14561], "rotation": [-6.8, 0, 45], "uv": [58, 164]}
					]
				},
				{
					"name": "bone16",
					"parent": "bone15",
					"pivot": [0, 27.414, -33.14561],
					"rotation": [0, 0, -22.5],
					"cubes": [
						{"origin": [-0.75, 24.68846, -51.31295], "size": [1.5, 1, 12], "pivot": [0, 27.414, -33.14561], "rotation": [6.8, 0, 0], "uv": [0, 88]},
						{"origin": [-0.75, 29.13954, -51.31295], "size": [1.5, 1, 12], "pivot": [0, 27.414, -33.14561], "rotation": [-6.8, 0, 0], "uv": [84, 62]},
						{"origin": [-0.75, 24.68846, -51.31295], "size": [1.5, 1, 12], "pivot": [0, 27.414, -33.14561], "rotation": [6.8, 0, 90], "uv": [84, 49]},
						{"origin": [-0.75, 29.13954, -51.31295], "size": [1.5, 1, 12], "pivot": [0, 27.414, -33.14561], "rotation": [-6.8, 0, 90], "uv": [0, 66]},
						{"origin": [-0.75, 24.68846, -51.31295], "size": [1.5, 1, 12], "pivot": [0, 27.414, -33.14561], "rotation": [6.8, 0, -45], "uv": [42, 62]},
						{"origin": [-0.75, 29.13954, -51.31295], "size": [1.5, 1, 12], "pivot": [0, 27.414, -33.14561], "rotation": [-6.8, 0, -45], "uv": [52, 13]},
						{"origin": [-0.75, 24.68846, -51.31295], "size": [1.5, 1, 12], "pivot": [0, 27.414, -33.14561], "rotation": [6.8, 0, 45], "uv": [52, 0]},
						{"origin": [-0.75, 29.13954, -51.31295], "size": [1.5, 1, 12], "pivot": [0, 27.414, -33.14561], "rotation": [-6.8, 0, 45], "uv": [42, 49]}
					]
				},
				{
					"name": "rightarm",
					"parent": "main",
					"pivot": [-4.3, 8.8, 21.8],
					"rotation": [-101.81106, -12.40003, -2.46982],
					"cubes": [
						{
							"origin": [-8.3, -15.2, 17.8],
							"size": [8, 24, 8],
							"uv": {
								"north": {"uv": [8, 150], "uv_size": [8, 24]},
								"east": {"uv": [0, 150], "uv_size": [8, 24]},
								"south": {"uv": [24, 150], "uv_size": [8, 24]},
								"west": {"uv": [16, 150], "uv_size": [8, 24]},
								"up": {"uv": [8, 142], "uv_size": [8, 8]},
								"down": {"uv": [16, 150], "uv_size": [8, -8]}
							}
						}
					]
				},
				{
					"name": "leftarm",
					"parent": "main",
					"pivot": [11.7, 11.3, 40.4],
					"rotation": [-119.61483, 1.67666, -38.31282],
					"cubes": [
						{
							"origin": [7.7, -12.7, 36.4],
							"size": [8, 24, 8],
							"uv": {
								"north": {"uv": [149, 72], "uv_size": [8, 24]},
								"east": {"uv": [141, 72], "uv_size": [8, 24]},
								"south": {"uv": [165, 72], "uv_size": [8, 24]},
								"west": {"uv": [157, 72], "uv_size": [8, 24]},
								"up": {"uv": [149, 64], "uv_size": [8, 8]},
								"down": {"uv": [157, 72], "uv_size": [8, -8]}
							}
						}
					]
				},
				{
					"name": "muzzleflash",
					"parent": "main",
					"pivot": [0, 27.1, -26.5],
					"cubes": [
						{
							"origin": [-0.5, 26.6, -26.8],
							"size": [1, 1, 1],
							"inflate": -0.4,
							"uv": {
								"north": {"uv": [46, 63], "uv_size": [1, 1]},
								"east": {"uv": [45, 63], "uv_size": [1, 1]},
								"south": {"uv": [48, 63], "uv_size": [1, 1]},
								"west": {"uv": [47, 63], "uv_size": [1, 1]},
								"up": {"uv": [46, 62], "uv_size": [1, 1]},
								"down": {"uv": [47, 63], "uv_size": [1, -1]}
							}
						}
					]
				},
				{
					"name": "scope",
					"parent": "main",
					"pivot": [3.5, 35.95, 30.25],
					"cubes": [
						{"origin": [3, 35.45, 29.95], "size": [1, 1, 1], "inflate": -0.4, "uv": [27, 69]}
					]
				}
			]
		}
	]
}