{
	"format_version": "1.12.0",
	"minecraft:geometry": [
		{
			"description": {
				"identifier": "geometry.unknown",
				"texture_width": 256,
				"texture_height": 256,
				"visible_bounds_width": 9,
				"visible_bounds_height": 4,
				"visible_bounds_offset": [0, 1, 0]
			},
			"bones": [
				{
					"name": "bb_main",
					"pivot": [0, 0, 0]
				},
				{
					"name": "main",
					"pivot": [0, 20, 0]
				},
				{
					"name": "gun",
					"parent": "main",
					"pivot": [1, 11, -1],
					"cubes": [
						{"origin": [-1.8, 15.425, 3.875], "size": [3.6, 1, 2.5], "inflate": -0.002, "pivot": [-0.8, 15.425, 3.875], "rotation": [40.25, 0, 0], "uv": [66, 40]},
						{"origin": [-2.15, 17.25, -1.75], "size": [4.3, 1, 7.5], "inflate": -0.001, "pivot": [-0.8, 15.25, -1.75], "rotation": [-1.5, 0, 0], "uv": [66, 60]},
						{"origin": [-1.8, 15.25, -1.75], "size": [3.6, 3, 4.5], "inflate": -0.002, "pivot": [0.8, 15.25, -1.75], "rotation": [-38.25, 0, 0], "uv": [85, 11]},
						{"origin": [-1.8, 15.25, -1.75], "size": [3.6, 3, 6.5], "inflate": -0.001, "pivot": [0.8, 15.25, -1.75], "rotation": [-1.5, 0, 0], "uv": [127, 35]},
						{"origin": [-1.8, 4, -0.375], "size": [3.6, 11, 5.225], "inflate": 0.001, "pivot": [0.8, 14, -0.375], "rotation": [16.5, 0, 0], "uv": [30, 101]},
						{"origin": [-1.8, 4.1, 1.525], "size": [3.6, 2, 4.225], "pivot": [0.8, 6.1, 1.525], "rotation": [9.75, 0, 0], "uv": [81, 37]},
						{"origin": [-1.8, 4.85, 6.025], "size": [3.6, 1, 1.775], "inflate": -0.001, "pivot": [0.8, 4.85, 6.025], "rotation": [36, 0, 0], "uv": [48, 61]},
						{"origin": [-1.8, 5.1, 1.525], "size": [3.6, 1, 1.225], "inflate": -0.001, "pivot": [0.8, 6.1, 1.525], "rotation": [55.25, 0, 0], "uv": [0, 63]},
						{"origin": [-1.35, 14.9, -11.35], "size": [3, 4, 2.5], "inflate": -0.15, "uv": [66, 34]},
						{"origin": [-0.975, 13.1, -10.775], "size": [2.25, 2.75, 1], "inflate": -0.2, "pivot": [1.275, 14.85, -11.275], "rotation": [9.5, 0, 0], "uv": [43, 76]},
						{"origin": [-2.25, 19.65, -25.85], "size": [4.5, 1, 33.5], "inflate": 0.001, "pivot": [2.25, 19.65, -25.85], "rotation": [-3.5, 0, 0], "uv": [0, 0]},
						{"origin": [-2.25, 20.15, 1.15], "size": [4.5, 1, 6.5], "inflate": -0.002, "pivot": [2.25, 19.65, -25.85], "rotation": [-3.5, 0, 0], "uv": [30, 119]},
						{"origin": [-2.25, 22.15, -25.85], "size": [4.5, 1, 10.5], "inflate": -0.001, "uv": [105, 163]},
						{"origin": [-2, 19.95, -25.35], "size": [4, 2.3, 9.5], "uv": [72, 0]},
						{"origin": [-2.25, 19.9, -15.85], "size": [4.5, 3.25, 23.5], "uv": [103, 0]},
						{"origin": [-2.25, 19.9, -25.85], "size": [4.5, 3.25, 1], "uv": [66, 44]},
						{"origin": [-2.25, 18.975, -13.85], "size": [4.5, 1.25, 21.5], "inflate": -0.001, "uv": [120, 115]},
						{"origin": [1, 19.15, 7.65], "size": [1, 4.25, 31.5], "inflate": 0.001, "pivot": [2, 23.4, 7.65], "rotation": [-12.25, 0, 0], "uv": [33, 38]},
						{"origin": [-2.175, 21.15, 8.925], "size": [1, 2.25, 1], "inflate": -0.001, "pivot": [2, 23.4, 7.65], "rotation": [-18.94034, 49.17944, -14.55771], "uv": [8, 49]},
						{"origin": [1.175, 21.15, 8.925], "size": [1, 2.25, 1], "inflate": -0.001, "pivot": [-2, 23.4, 7.65], "rotation": [-18.94034, -49.17944, 14.55771], "uv": [0, 49]},
						{"origin": [-1, 22.025, 7.65], "size": [2, 1.25, 4.5], "pivot": [1, 23.275, 7.65], "rotation": [-23.25, 0, 0], "uv": [0, 49]},
						{"origin": [-2, 19.15, 7.65], "size": [1, 4.25, 31.5], "inflate": 0.001, "pivot": [2, 23.4, 7.65], "rotation": [-12.25, 0, 0], "uv": [0, 34]},
						{"origin": [-1, 19.15, 11.65], "size": [2, 4.25, 27.5], "pivot": [2, 23.4, 7.65], "rotation": [-12.25, 0, 0], "uv": [0, 69]},
						{"origin": [-2, -12.75, 6.7], "size": [4, 31.25, 2.25], "pivot": [2, 18.5, 7.45], "rotation": [76.25, 0, 0], "uv": [32, 175]},
						{"origin": [-2, 16.65, 19.15], "size": [4, 6.25, 19.5], "uv": [29, 131]},
						{"origin": [-2, 10.4, 37.15], "size": [4, 6.5, 1.5], "inflate": -0.001, "uv": [33, 50]},
						{"origin": [-2, 19.65, 19.15], "size": [4, 3.25, 2.5], "inflate": -0.001, "pivot": [2, 22.9, 19.15], "rotation": [-62, 0, 0], "uv": [0, 54]},
						{"origin": [1.45, 18.875, -3.375], "size": [1, 1, 1], "inflate": -0.1, "pivot": [1.45, 19.825, -3.375], "rotation": [-13, 0, 0], "uv": [60, 63]},
						{"origin": [0.875, 19.3, -8.75], "size": [2, 2, 2], "inflate": -0.5, "pivot": [1.875, 20.25, -8.75], "rotation": [-13, 0, 0], "uv": [80, 23]},
						{"origin": [0.875, 18.9, -10.45], "size": [2, 2, 2], "inflate": -0.5, "pivot": [1.875, 19.85, -10.45], "rotation": [-13, 0, 0], "uv": [60, 77]},
						{"origin": [1.45, 21.75, 5.75], "size": [1, 1, 1], "inflate": -0.1, "pivot": [1.45, 22.7, 5.75], "rotation": [-13, 0, 0], "uv": [65, 7]},
						{"origin": [-2.45, 21.75, 5.75], "size": [1, 1, 1], "inflate": -0.1, "pivot": [-1.45, 22.7, 5.75], "rotation": [-13, 0, 0], "uv": [64, 4]},
						{"origin": [1.15, 23.15, -25.85], "size": [1, 1.5, 13.5], "uv": [66, 30]},
						{"origin": [-2.15, 23.15, -25.85], "size": [1, 1.5, 2.35], "uv": [66, 79]},
						{"origin": [1.05, 23.9, -25.95], "size": [1, 1.25, 2.25], "pivot": [2.05, 25.15, -25.95], "rotation": [13.25, 0, 0], "uv": [81, 33]},
						{"origin": [-2.05, 23.9, -25.95], "size": [1, 1.25, 2.25], "pivot": [-2.05, 25.15, -25.95], "rotation": [13.25, 0, 0], "uv": [81, 30]},
						{"origin": [-1, 26.15, 5.625], "size": [2, 1, 1.9], "inflate": -0.3, "pivot": [1, 27.15, 5.025], "rotation": [-51, 0, 0], "uv": [56, 4]},
						{"origin": [-1.75, 24.75, -31.1], "size": [3.5, 3.1, 7.5], "uv": [119, 93]},
						{"origin": [-2.25, 24.15, -45.1], "size": [4.5, 2.1, 13.25], "inflate": -0.2, "uv": [84, 163]},
						{"origin": [-1.75, 27.1, -31.1], "size": [3.5, 1.1, 5.5], "inflate": -0.001, "uv": [31, 90]},
						{"origin": [0.5, 28.1, -29.95], "size": [1, 1.1, 3.5], "inflate": -0.001, "pivot": [1.5, 29.2, -29.95], "rotation": [-16.75, 0, 0], "uv": [72, 23]},
						{"origin": [-1.5, 28.1, -29.95], "size": [1, 1.1, 3.5], "inflate": -0.001, "pivot": [-1.5, 29.2, -29.95], "rotation": [-16.75, 0, 0], "uv": [72, 16]},
						{"origin": [0.35, 28.025, -24.925], "size": [1.9, 1, 1], "inflate": -0.001, "pivot": [1.75, 29.125, -24.925], "rotation": [-24.25, 0, 0], "uv": [59, 42]},
						{"origin": [-0.075, 28.15, -30.725], "size": [1.65, 1, 7.6], "inflate": -0.3, "uv": [81, 73]},
						{"origin": [-0.075, 28.15, -23.725], "size": [1.65, 1, 1.3], "inflate": -0.301, "pivot": [1.275, 28.45, -23.425], "rotation": [73.75, 0, 0], "uv": [27, 59]},
						{"origin": [-1.575, 28.15, -23.725], "size": [1.65, 1, 1.3], "inflate": -0.301, "pivot": [-1.275, 28.45, -23.425], "rotation": [73.75, 0, 0], "uv": [41, 58]},
						{"origin": [-0.575, 28.15, -23.725], "size": [1.15, 1, 1], "inflate": -0.302, "pivot": [-0.275, 28.45, -23.425], "rotation": [73.75, 0, 0], "uv": [33, 57]},
						{"origin": [-1.575, 28.15, -30.725], "size": [1.65, 1, 7.6], "inflate": -0.3, "uv": [81, 61]},
						{"origin": [-2.25, 28.025, -24.925], "size": [1.9, 1, 1], "inflate": -0.001, "pivot": [-1.75, 29.125, -24.925], "rotation": [-24.25, 0, 0], "uv": [33, 59]},
						{"origin": [-0.45, 27.85, -24.925], "size": [1, 1, 1], "inflate": -0.002, "pivot": [-1.75, 29.125, -24.925], "rotation": [-24.25, 0, 0], "uv": [42, 56]},
						{"origin": [-1.75, 27.6, -31.1], "size": [3.5, 1.1, 1.5], "inflate": -0.002, "uv": [8, 63]},
						{"origin": [-1.75, 27.1, -25.6], "size": [3.5, 1.1, 1], "inflate": -0.002, "pivot": [1.25, 28.2, -25.6], "rotation": [-25.5, 0, 0], "uv": [16, 63]},
						{"origin": [-0.85, 15.05, -5.55], "size": [2, 4, 1], "inflate": -0.1, "pivot": [1.15, 15.05, -4.55], "rotation": [-21, 0, 0], "uv": [48, 34]},
						{"origin": [-1.35, 14.65, -9.1], "size": [3, 5, 1], "inflate": -0.098, "uv": [72, 0]},
						{"origin": [-1.35, 14.9, -2.1], "size": [3, 4, 1], "inflate": -0.098, "uv": [72, 11]},
						{"origin": [-1.35, 15.15, -8.375], "size": [3, 5.75, 1], "inflate": -0.099, "pivot": [1.65, 15.15, -8.375], "rotation": [-96.75, 0, 0], "uv": [66, 48]},
						{"origin": [-1.35, 15.525, -8.5], "size": [3, 1, 1], "inflate": -0.1, "pivot": [1.65, 15.525, -8.5], "rotation": [-129.5, 0, 0], "uv": [72, 6]},
						{"origin": [-1.35, 15.9, -2], "size": [3, 1, 2.375], "inflate": -0.1, "pivot": [1.65, 15.9, -2], "rotation": [-132, 0, 0], "uv": [66, 54]},
						{"origin": [-1, 22.425, -67.3], "size": [2, 2, 24], "inflate": -0.3, "pivot": [0, 23.425, -67.3], "rotation": [0, 0, -20], "uv": [119, 83]},
						{"origin": [-1, 22.85, -67.725], "size": [2, 1.85, 1.275], "inflate": -0.301, "pivot": [0, 23.425, -67.725], "rotation": [-29, 0, -20], "uv": [48, 39]},
						{"origin": [-1, 22.425, -46.8], "size": [2, 2, 2], "inflate": -0.1, "pivot": [0, 23.425, -46.8], "rotation": [0, 0, -20], "uv": [81, 51]},
						{"origin": [-1, 22.425, -57.3], "size": [2, 2, 4.5], "inflate": -0.15, "pivot": [0, 23.425, -57.3], "rotation": [0, 0, -20], "uv": [41, 16]},
						{"origin": [-0.75, 20.925, -57.3], "size": [1.5, 2, 1.75], "inflate": -0.2, "uv": [41, 16]},
						{"origin": [-0.75, 23.925, -55.65], "size": [1.5, 3, 2.75], "inflate": -0.2, "pivot": [0.25, 24.925, -55.65], "rotation": [-12.75, 0, 0], "uv": [48, 6]},
						{"origin": [-0.75, 20.925, -66.3], "size": [1.5, 2.25, 2.75], "inflate": -0.2, "uv": [12, 69]},
						{"origin": [-0.75, 23.675, -65.05], "size": [1.5, 2, 1.75], "inflate": -0.2, "uv": [41, 6]},
						{"origin": [-1, 20.85, -64.725], "size": [2, 2, 24], "inflate": -0.7, "pivot": [0, 21.85, -64.725], "rotation": [0, 0, -20], "uv": [92, 115]},
						{"origin": [-1, 25.425, -55.05], "size": [2, 2, 24], "pivot": [0, 26.425, -55.05], "rotation": [0, 0, -20], "uv": [59, 117]},
						{"origin": [-0.9, 27.475, -66.4], "size": [1, 1.7, 2], "inflate": -0.301, "pivot": [-0.6, 27.975, -66.1], "rotation": [0, 0, -28], "uv": [43, 73]},
						{"origin": [-1.32, 28.465, -66.4], "size": [1, 1.5, 2], "inflate": -0.302, "pivot": [-1, 28.775, -66.1], "rotation": [0, 0, 15], "uv": [31, 73]},
						{"origin": [-0.1, 27.475, -66.4], "size": [1, 1.7, 2], "inflate": -0.301, "pivot": [0.6, 27.975, -66.1], "rotation": [0, 0, 28], "uv": [65, 73]},
						{"origin": [0.32, 28.465, -66.4], "size": [1, 1.5, 2], "inflate": -0.302, "pivot": [1, 28.775, -66.1], "rotation": [0, 0, -15], "uv": [31, 76]},
						{"origin": [-0.5, 27.575, -66.15], "size": [1, 2, 1.25], "inflate": -0.35, "uv": [41, 0]},
						{"origin": [-0.75, 24.55, -65.525], "size": [1.5, 3.675, 1.75], "inflate": -0.201, "pivot": [0.25, 26.3, -65.525], "rotation": [22.25, 0, 0], "uv": [0, 34]},
						{"origin": [-0.75, 23.675, -66.3], "size": [1.5, 5, 1.75], "inflate": -0.2, "uv": [26, 37]}
					]
				},
				{
					"name": "akmdustcover",
					"parent": "gun",
					"pivot": [0, 27.5, 3.675],
					"cubes": [
						{"origin": [1.2, 26.075, -23.6], "size": [2.25, 1, 27.6], "inflate": 0.001, "pivot": [1.2, 27.075, -23.6], "rotation": [0, 0, 77.75], "uv": [72, 0]},
						{"origin": [1.475, 26.075, 4.175], "size": [1.25, 1, 2], "pivot": [1.2, 27.075, 4.4], "rotation": [0, 44.25, 77.75], "uv": [77, 16]},
						{"origin": [1.275, 24.1, -23.6], "size": [1, 1, 29.05], "pivot": [2.275, 25.1, -23.6], "rotation": [0, 0, 35.75], "uv": [66, 30]},
						{"origin": [1.275, 22.85, -12.85], "size": [1, 2.25, 18.85], "uv": [153, 22]},
						{"origin": [1.575, 23.35, -11.1], "size": [1, 1.25, 16.85], "inflate": -0.2, "uv": [77, 143]},
						{"origin": [-2.275, 22.575, 5.4], "size": [4.55, 1.075, 2.025], "inflate": 0.001, "pivot": [2.275, 23.65, 7.425], "rotation": [-45.5, 0, 0], "uv": [53, 30]},
						{"origin": [2.125, 22.575, 4.6], "size": [1.55, 1.075, 1.275], "inflate": -0.001, "pivot": [2.275, 23.65, 7.425], "rotation": [-54.74377, 29.13654, -34.55821], "uv": [72, 20]},
						{"origin": [0.925, 24.3, 5.075], "size": [1.25, 1, 1.05], "inflate": -0.201, "pivot": [2.275, 25.1, 6], "rotation": [0, -25.75, 35.75], "uv": [0, 73]},
						{"origin": [-1.2, 26.5, 4.25], "size": [2.4, 1, 4.9], "pivot": [1.2, 27.5, 3.65], "rotation": [-45.5, 0, 0], "uv": [33, 57]},
						{"origin": [-3.675, 22.575, 4.6], "size": [1.55, 1.075, 1.275], "inflate": -0.001, "pivot": [-2.275, 23.65, 7.425], "rotation": [-54.74377, -29.13654, 34.55821], "uv": [65, 9]},
						{"origin": [-2.275, 24.1, -10.6], "size": [1, 1, 16.05], "pivot": [-2.275, 25.1, -10.6], "rotation": [0, 0, -35.75], "uv": [120, 159]},
						{"origin": [-2.275, 22.85, -3.85], "size": [1, 2.25, 9.875], "uv": [103, 0]},
						{"origin": [-2.175, 24.3, 5.075], "size": [1.25, 1, 1.05], "inflate": -0.201, "pivot": [-2.275, 25.1, 6], "rotation": [0, 25.75, -35.75], "uv": [16, 69]},
						{"origin": [-2.575, 23.35, -3.1], "size": [1, 1.25, 8.85], "inflate": -0.2, "uv": [127, 26]},
						{"origin": [-2.375, 22.75, 5.05], "size": [4.75, 1, 2.5], "inflate": -0.101, "uv": [48, 58]},
						{"origin": [0.125, 26.5, 4.175], "size": [1.3, 1, 1], "inflate": -0.001, "pivot": [1.2, 27.5, 3.65], "rotation": [-48.3109, -17.23053, 18.39682], "uv": [74, 32]},
						{"origin": [-0.3, 26.8, 3.375], "size": [1, 1, 1.8], "inflate": -0.301, "pivot": [0, 27.5, 3.675], "rotation": [0, 75.75, 18.75], "uv": [69, 73]},
						{"origin": [0, 26.5, -23.6], "size": [1.25, 1, 27.275], "pivot": [0, 27.5, -23.6], "rotation": [0, 0, 18.75], "uv": [31, 73]},
						{"origin": [-1.425, 26.5, 4.175], "size": [1.3, 1, 1], "inflate": -0.002, "pivot": [-1.2, 27.5, 3.65], "rotation": [-48.3109, 17.23053, -18.39682], "uv": [12, 73]},
						{"origin": [-3.45, 26.075, -10.6], "size": [2.25, 1, 14.6], "inflate": 0.001, "pivot": [-1.2, 27.075, -10.6], "rotation": [0, 0, -77.75], "uv": [170, 68]},
						{"origin": [-2.725, 26.075, 4.175], "size": [1.25, 1, 2], "pivot": [-1.2, 27.075, 4.4], "rotation": [0, -44.25, -77.75], "uv": [66, 76]},
						{"origin": [-1.25, 26.5, -23.6], "size": [1.25, 1, 27.275], "pivot": [0, 27.5, -23.6], "rotation": [0, 0, -18.75], "uv": [60, 88]},
						{"origin": [-2.45, 26.075, -23.6], "size": [1.25, 1, 13], "pivot": [-1.2, 27.075, -23.6], "rotation": [0, 0, -77.75], "uv": [33, 50]},
						{"origin": [-2.525, 24.175, -10.625], "size": [1, 1, 6.8], "pivot": [-2.275, 25.1, -10.6], "rotation": [0, 0, -35.75], "uv": [81, 44]},
						{"origin": [-2.525, 22.85, -3.85], "size": [1, 2, 1], "pivot": [-2.525, 22.85, -3.85], "rotation": [23, 0, 0], "uv": [26, 43]},
						{"origin": [1.275, 24.1, -23.6], "size": [1, 1, 10.75], "uv": [97, 39]},
						{"origin": [1.275, 22.85, -12.85], "size": [1, 1.975, 1], "inflate": -0.001, "pivot": [2.275, 22.85, -12.85], "rotation": [36, 0, 0], "uv": [24, 63]},
						{"origin": [-0.7, 26.8, 3.375], "size": [1, 1, 1.8], "inflate": -0.301, "pivot": [0, 27.5, 3.675], "rotation": [0, -75.75, -18.75], "uv": [47, 73]}
					]
				},
				{
					"name": "railedcover",
					"parent": "gun",
					"pivot": [0, 27.5, 3.675],
					"cubes": [
						{"origin": [1.275, 22.85, -14.85], "size": [1, 2.25, 20.85], "uv": [55, 143]},
						{"origin": [-2.275, 22.575, 4.725], "size": [4.55, 1.075, 2.7], "inflate": 0.001, "pivot": [2.275, 23.65, 7.425], "rotation": [-45.5, 0, 0], "uv": [33, 43]},
						{"origin": [-0.9, 26.5, 2.45], "size": [1.8, 1, 6.7], "pivot": [1.2, 27.5, 3.65], "rotation": [-45.5, 0, 0], "uv": [56, 0]},
						{"origin": [-1.075, 26.5, 3.825], "size": [1.8, 1, 2.65], "inflate": -0.001, "pivot": [1.2, 27.5, 3.65], "rotation": [-50.04079, 21.48293, -23.6092], "uv": [48, 54]},
						{"origin": [-0.725, 26.5, 3.825], "size": [1.8, 1, 2.65], "inflate": -0.001, "pivot": [-1.2, 27.5, 3.65], "rotation": [-50.04079, -21.48293, 23.6092], "uv": [40, 34]},
						{"origin": [-2.275, 22.85, -2.3], "size": [1, 2.25, 8.25], "uv": [38, 109]},
						{"origin": [-2.275, 23.85, -3.525], "size": [1, 1.25, 1.25], "uv": [49, 16]},
						{"origin": [-2.275, 24.6, -13.325], "size": [1, 1, 18.8], "inflate": 0.002, "uv": [151, 158]},
						{"origin": [-2.275, 24.6, -13.325], "size": [2.2, 1, 17.2], "pivot": [-2.275, 25.6, -10.3], "rotation": [0, 0, -49.75], "uv": [159, 0]},
						{"origin": [-2.275, 24.6, -13.325], "size": [3.1, 1, 1.2], "inflate": 0.001, "pivot": [-2.275, 25.6, -13.3], "rotation": [0, 65.5, -49.75], "uv": [0, 6]},
						{"origin": [-1.275, 24.6, -23.625], "size": [1.2, 1, 10.3], "pivot": [-2.275, 25.6, -23.6], "rotation": [0, 0, -49.75], "uv": [60, 88]},
						{"origin": [-2.275, 24.6, 3.675], "size": [1, 1, 1], "inflate": -0.002, "pivot": [-2.275, 25.6, -10.3], "rotation": [0, 0, -49.75], "uv": [10, 45]},
						{"origin": [1.275, 24.6, 3.675], "size": [1, 1, 1], "inflate": -0.002, "pivot": [2.275, 25.6, -10.3], "rotation": [0, 0, 49.75], "uv": [41, 9]},
						{"origin": [-2.625, 24.6, 4.125], "size": [1.975, 1, 1], "inflate": -0.001, "pivot": [-2.275, 25.6, 3.7], "rotation": [0, 37, -49.75], "uv": [26, 46]},
						{"origin": [0.65, 24.6, 4.125], "size": [1.975, 1, 1], "inflate": -0.001, "pivot": [2.275, 25.6, 3.7], "rotation": [0, -37, 49.75], "uv": [26, 46], "mirror": true},
						{"origin": [0.075, 24.6, -23.625], "size": [2.2, 1, 27.5], "pivot": [2.275, 25.6, -23.6], "rotation": [0, 0, 49.75], "uv": [70, 60]},
						{"origin": [1.275, 24.6, -23.625], "size": [1, 1, 29.1], "inflate": 0.002, "uv": [41, 0]},
						{"origin": [-2.275, 22.85, -2.3], "size": [1, 2.925, 1.075], "inflate": 0.001, "pivot": [-2.275, 22.85, -2.3], "rotation": [52, 0, 0], "uv": [9, 34]},
						{"origin": [-2.375, 22.75, 5.05], "size": [4.75, 1, 2.5], "inflate": -0.101, "uv": [41, 30]},
						{"origin": [1.275, 24.1, -23.6], "size": [1, 1, 8.75], "uv": [101, 71]},
						{"origin": [1.275, 22.85, -14.85], "size": [1, 1.975, 1], "inflate": -0.001, "pivot": [2.275, 22.85, -14.85], "rotation": [26, 0, 0], "uv": [49, 18]},
						{"origin": [-0.7, 27.575, -23.85], "size": [2, 1, 26.85], "inflate": -0.2, "uv": [0, 100]},
						{"origin": [-1.3, 27.575, -23.85], "size": [2, 1, 26.85], "inflate": -0.201, "uv": [97, 28]},
						{"origin": [-1, 27.075, -23.75], "size": [2, 1, 26.85], "inflate": -0.102, "uv": [89, 88]}
					]
				},
				{
					"name": "action",
					"parent": "gun",
					"pivot": [-2, 24.65, -23.6],
					"cubes": [
						{"origin": [-1.9, 22.95, -23.6], "size": [1, 1.5, 8.5], "uv": [120, 124]},
						{"origin": [-4.475, 23.15, -23.775], "size": [3.5, 1, 1], "pivot": [-4.475, 24.15, -23.775], "rotation": [0, -12.75, 0], "uv": [24, 6]},
						{"origin": [-1.425, 24.45, -23.6], "size": [1, 1.55, 14.5], "pivot": [-1.675, 24.45, -23.6], "rotation": [0, 0, 18], "uv": [0, 34]},
						{"origin": [-1.9, 23.45, -23.6], "size": [1, 1, 8.5], "inflate": -0.001, "pivot": [-1.9, 24.45, -23.6], "rotation": [0, 0, -39], "uv": [120, 115]},
						{"origin": [-1.65, 22.95, -15.1], "size": [1, 1.5, 5.5], "uv": [41, 0]}
					]
				},
				{
					"name": "switch",
					"parent": "gun",
					"pivot": [-2.5, 21.7, -2.9],
					"rotation": [33.25, 0, 0],
					"cubes": [
						{"origin": [-2.375, 21.575, -6.675], "size": [1, 1.25, 5], "inflate": 0.001, "uv": [41, 6]},
						{"origin": [-2.375, 22.825, -12.675], "size": [1, 1.75, 8], "inflate": 0.001, "uv": [0, 127]},
						{"origin": [-2.375, 22.575, -5.675], "size": [1, 2, 1], "inflate": -0.001, "pivot": [-2.375, 24.575, -4.675], "rotation": [22.75, 0, 0], "uv": [41, 22]},
						{"origin": [-2.375, 20.325, -12.675], "size": [1, 1.25, 11], "pivot": [-2.375, 21.575, -1.675], "rotation": [-13, 0, 0], "uv": [72, 11]},
						{"origin": [-2.525, 20.75, -11.875], "size": [1, 1.25, 10], "pivot": [-2.525, 22, -1.875], "rotation": [-11.75, 0, 0], "uv": [97, 28]},
						{"origin": [-3.275, 20.2, -13], "size": [1.5, 1.25, 3], "inflate": -0.4, "pivot": [-2.525, 22, -1.875], "rotation": [-11.75, 0, 0], "uv": [60, 73]}
					]
				},
				{
					"name": "ak_guard",
					"parent": "gun",
					"pivot": [2.4, 25, -33.1],
					"cubes": [
						{"origin": [-2.4, 11.8, -31.1], "size": [4.8, 7.1, 3], "inflate": 0.001, "pivot": [2.4, 18.9, -28.1], "rotation": [-109.5, 0, 0], "uv": [17, 49]},
						{"origin": [-2.4, 21.9, -33.1], "size": [4.8, 3.1, 7.25], "uv": [0, 100]},
						{"origin": [-2.4, 19.625, -26.85], "size": [4.8, 2.375, 1], "inflate": 0.001, "uv": [65, 30]},
						{"origin": [-2.4, 18.9, -28.1], "size": [4.8, 3.1, 2], "uv": [57, 16]},
						{"origin": [-2.4, 22.4, -43.1], "size": [4.8, 2.4, 10], "inflate": 0.002, "uv": [115, 141]},
						{"origin": [-2.4, 23.9, -39.35], "size": [4.8, 1.1, 2.5], "uv": [0, 45]},
						{"origin": [-2.4, 24, -43.1], "size": [4.8, 1, 2], "inflate": -0.001, "pivot": [2.4, 25, -43.1], "rotation": [-37, 0, 0], "uv": [17, 59]},
						{"origin": [-2.4, 21.9, -45.1], "size": [4.8, 3.1, 2], "uv": [57, 21]},
						{"origin": [-2.4, 7.8, -45.1], "size": [4.8, 14.1, 1.25], "inflate": -0.001, "pivot": [2.4, 21.9, -45.1], "rotation": [86.5, 0, 0], "uv": [128, 62]},
						{"origin": [1.4, 7.8, -46.7], "size": [1, 14.075, 1.6], "pivot": [2.4, 21.9, -45.1], "rotation": [87.80761, 2.72893, 51.19777], "uv": [119, 28]},
						{"origin": [-1.15, 4.8, -45.1], "size": [2.3, 16.1, 2.25], "pivot": [1.15, 20.9, -45.1], "rotation": [86.5, 0, 0], "uv": [49, 73]},
						{"origin": [-2.4, 7.8, -46.7], "size": [1, 14.075, 1.6], "pivot": [-2.4, 21.9, -45.1], "rotation": [87.80761, -2.72893, -51.19777], "uv": [111, 88]},
						{"origin": [-2.4, 24, -35.1], "size": [4.8, 1, 2], "inflate": -0.001, "pivot": [2.4, 25, -33.1], "rotation": [37, 0, 0], "uv": [0, 59]},
						{"origin": [-2.25, 25.25, -45.1], "size": [4.5, 1.1, 2], "inflate": -0.001, "uv": [0, 45]},
						{"origin": [-2.25, 25.25, -33.1], "size": [4.5, 1.1, 1.25], "inflate": -0.001, "uv": [57, 26]},
						{"origin": [-2.25, 25.3, -39.35], "size": [4.5, 1.1, 2.5], "inflate": -0.001, "uv": [0, 45]},
						{"origin": [-2.25, 25.45, -45.1], "size": [4.5, 1.8, 13.25], "uv": [169, 130]},
						{"origin": [0.8, 25.65, -45.1], "size": [1.45, 1.6, 13.25], "inflate": -0.001, "pivot": [2.25, 27.25, -45.1], "rotation": [0, 0, 44], "uv": [58, 101]},
						{"origin": [-2.25, 25.65, -45.1], "size": [1.45, 1.6, 13.25], "inflate": -0.001, "pivot": [-2.25, 27.25, -45.1], "rotation": [0, 0, -44], "uv": [66, 44]},
						{"origin": [-1.2, 26.65, -45.1], "size": [2.4, 1.6, 13.25], "uv": [0, 49]},
						{"origin": [-3, 22, -41.1], "size": [6, 2, 9], "uv": [138, 159]},
						{"origin": [2, 23, -41.1], "size": [1, 1, 9], "pivot": [3, 24, -41.1], "rotation": [0, 0, 27], "uv": [119, 83]},
						{"origin": [2, 22, -43.1], "size": [1, 2, 2], "pivot": [3, 24, -41.1], "rotation": [0, 17.5, 0], "uv": [58, 59]},
						{"origin": [-3, 22, -43.1], "size": [1, 2, 2], "pivot": [-3, 24, -41.1], "rotation": [0, -17.5, 0], "uv": [57, 50]},
						{"origin": [-3, 23, -41.1], "size": [1, 1, 9], "pivot": [-3, 24, -41.1], "rotation": [0, 0, -27], "uv": [58, 116]},
						{"origin": [-3, 22, -32.1], "size": [1, 2, 2], "pivot": [-3, 24, -32.1], "rotation": [0, 17.5, 0], "uv": [56, 0]},
						{"origin": [-3, 21, -41.1], "size": [1, 1, 9], "pivot": [-3, 22, -41.1], "rotation": [0, 0, -55], "uv": [0, 110]},
						{"origin": [2, 21, -41.1], "size": [1, 1, 9], "pivot": [3, 22, -41.1], "rotation": [0, 0, 55], "uv": [103, 11]},
						{"origin": [2, 22, -32.1], "size": [1, 2, 2], "pivot": [3, 24, -32.1], "rotation": [0, -17.5, 0], "uv": [48, 50]}
					]
				},
				{
					"name": "railed_guard",
					"parent": "gun",
					"pivot": [2.4, 25, -33.1],
					"cubes": [
						{"origin": [-2.4, 19.625, -28.85], "size": [4.8, 2.375, 3], "inflate": 0.001, "uv": [48, 42]},
						{"origin": [1.4, 21.55, -51.1], "size": [1, 3.5, 25.2], "inflate": 0.002, "uv": [31, 102]},
						{"origin": [-2.4, 21.55, -51.1], "size": [1, 3.5, 25.2], "inflate": 0.002, "uv": [101, 55]},
						{"origin": [1.4, -1.55, -52.7], "size": [1, 23.075, 1.6], "pivot": [2.4, 21.55, -51.1], "rotation": [90, 0, 51.19777], "uv": [22, 100]},
						{"origin": [-2.4, -1.55, -52.7], "size": [1, 23.075, 1.6], "pivot": [-2.4, 21.55, -51.1], "rotation": [90, 0, -51.19777], "uv": [22, 100], "mirror": true},
						{"origin": [-1.15, -4.55, -51.1], "size": [2.3, 25.1, 2.25], "pivot": [1.15, 20.55, -51.1], "rotation": [90, 0, 0], "uv": [18, 69]},
						{"origin": [1.15, 24.95, -51.1], "size": [1, 2.3, 19.95], "uv": [149, 109]},
						{"origin": [-2.15, 24.95, -51.1], "size": [1, 2.3, 19.95], "uv": [148, 137]},
						{"origin": [0.7, 25.65, -50.1], "size": [1.45, 1.6, 18.95], "inflate": -0.001, "pivot": [2.15, 27.25, -53.1], "rotation": [0, 0, 44], "uv": [32, 156]},
						{"origin": [0.4, 25.65, -51.25], "size": [1.45, 1.6, 1.2], "inflate": -0.001, "pivot": [2.15, 27.25, -51.1], "rotation": [0, 30.5, 44], "uv": [41, 3]},
						{"origin": [-1.85, 25.65, -51.25], "size": [1.45, 1.6, 1.2], "inflate": -0.001, "pivot": [-2.15, 27.25, -51.1], "rotation": [0, -30.5, -44], "uv": [9, 37]},
						{"origin": [-2.15, 25.65, -50.1], "size": [1.45, 1.6, 18.95], "inflate": -0.001, "pivot": [-2.15, 27.25, -53.1], "rotation": [0, 0, -44], "uv": [154, 49]},
						{"origin": [-1.2, 26.75, -50.2], "size": [2.4, 1.6, 19.15], "inflate": -0.1, "uv": [147, 78]},
						{"origin": [-0.7, 19.6, -51.25], "size": [2, 1, 22.625], "inflate": -0.2, "uv": [128, 55]},
						{"origin": [-1, 20.2, -51.05], "size": [2, 1.25, 22.225], "uv": [127, 26]},
						{"origin": [-1.3, 19.6, -51.25], "size": [2, 1, 22.625], "inflate": -0.201, "uv": [0, 127]}
					]
				},
				{
					"name": "bone",
					"parent": "railed_guard",
					"pivot": [1.8, 19.2, -62.7],
					"rotation": [0, 0, -90],
					"cubes": [
						{"origin": [5.1, 17.6, -51.25], "size": [2, 1, 21.625], "inflate": -0.2, "uv": [90, 141]},
						{"origin": [4.5, 17.6, -51.25], "size": [2, 1, 21.625], "inflate": -0.201, "uv": [123, 137]},
						{"origin": [4.8, 18.2, -51.05], "size": [2, 1.25, 21.225], "uv": [134, 0]}
					]
				},
				{
					"name": "bone2",
					"parent": "railed_guard",
					"pivot": [-1.8, 19.2, -62.7],
					"rotation": [0, 0, 90],
					"cubes": [
						{"origin": [-7.1, 17.6, -51.25], "size": [2, 1, 21.625], "inflate": -0.2, "uv": [90, 141], "mirror": true},
						{"origin": [-6.5, 17.6, -51.25], "size": [2, 1, 21.625], "inflate": -0.201, "uv": [123, 137], "mirror": true},
						{"origin": [-6.8, 18.2, -51.05], "size": [2, 1.25, 21.225], "uv": [134, 0], "mirror": true}
					]
				},
				{
					"name": "rightarm",
					"parent": "main",
					"pivot": [-4.3, 8.8, 21.8],
					"rotation": [-101.81106, -12.40003, -2.46982],
					"cubes": [
						{"origin": [-8.3, -15.2, 17.8], "size": [8, 24, 8], "uv": [0, 150]}
					]
				},
				{
					"name": "leftarm",
					"parent": "main",
					"pivot": [11.45, 7.3, -15.125],
					"rotation": [-131.1553, -6.981, -41.3346],
					"cubes": [
						{"origin": [7.45, -16.7, -19.125], "size": [8, 24, 8], "uv": [0, 0]}
					]
				},
				{
					"name": "scope",
					"parent": "main",
					"pivot": [0, 29.225, -1.25],
					"cubes": [
						{"origin": [-0.5, 28.725, -1.55], "size": [1, 1, 1], "inflate": -0.4, "uv": [74, 34]}
					]
				},
				{
					"name": "magazine",
					"parent": "main",
					"pivot": [-0.9, 19.5, -20],
					"cubes": [
						{"origin": [-1.9, 8.5, -17.75], "size": [3.8, 11, 6], "pivot": [-0.9, 19.5, -11.75], "rotation": [-12.75, 0, 0], "uv": [31, 73]},
						{"origin": [-1.4, 8.5, -19.75], "size": [2.8, 11, 3], "inflate": -0.001, "pivot": [-0.4, 19.5, -11.75], "rotation": [-12.75, 0, 0], "uv": [16, 34]},
						{"origin": [-1.15, 16.8, -12.675], "size": [2.3, 2.325, 1.25], "pivot": [0.35, 18.8, -11.425], "rotation": [-21, 0, 0], "uv": [66, 64]},
						{"origin": [-1.9, -4.2, -20.2], "size": [3.8, 13, 6], "inflate": 0.001, "pivot": [-0.9, 8.8, -14.2], "rotation": [-39.5, 0, 0], "uv": [0, 69]},
						{"origin": [-1.4, -4.2, -22.2], "size": [2.8, 13, 2], "inflate": 0.001, "pivot": [-0.4, 8.8, -14.2], "rotation": [-39.5, 0, 0], "uv": [48, 101]}
					]
				},
				{
					"name": "bullet",
					"parent": "magazine",
					"pivot": [0.325, -0.175, -17.9],
					"rotation": [-12.5, 0, 0],
					"cubes": [
						{"origin": [-0.675, 19.575, -22.4], "size": [1, 1, 6], "inflate": 0.2, "pivot": [-0.175, 20.075, -22.4], "rotation": [0, 0, 21], "uv": [81, 30]}
					]
				},
				{
					"name": "magazine2",
					"parent": "main",
					"pivot": [-0.9, 19.5, -20],
					"cubes": [
						{"origin": [-1.9, 8.5, -17.75], "size": [3.8, 11, 6], "pivot": [-0.9, 19.5, -11.75], "rotation": [-12.75, 0, 0], "uv": [31, 73]},
						{"origin": [-1.4, 8.5, -19.75], "size": [2.8, 11, 3], "inflate": -0.001, "pivot": [-0.4, 19.5, -11.75], "rotation": [-12.75, 0, 0], "uv": [16, 34]},
						{"origin": [-1.15, 16.8, -12.675], "size": [2.3, 2.325, 1.25], "pivot": [0.35, 18.8, -11.425], "rotation": [-21, 0, 0], "uv": [66, 64]},
						{"origin": [-1.9, -4.2, -20.2], "size": [3.8, 13, 6], "inflate": 0.001, "pivot": [-0.9, 8.8, -14.2], "rotation": [-39.5, 0, 0], "uv": [0, 69]},
						{"origin": [-1.4, -4.2, -22.2], "size": [2.8, 13, 2], "inflate": 0.001, "pivot": [-0.4, 8.8, -14.2], "rotation": [-39.5, 0, 0], "uv": [48, 101]}
					]
				},
				{
					"name": "bullet2",
					"parent": "magazine2",
					"pivot": [0.325, -0.175, -17.9],
					"rotation": [-12.5, 0, 0],
					"cubes": [
						{"origin": [-0.675, 19.575, -22.4], "size": [1, 1, 6], "inflate": 0.2, "pivot": [-0.175, 20.075, -22.4], "rotation": [0, 0, 21], "uv": [81, 30]}
					]
				},
				{
					"name": "muzzleflash",
					"parent": "main",
					"pivot": [0, 23.425, -68],
					"cubes": [
						{"origin": [-0.5, 22.925, -68.3], "size": [1, 1, 1], "inflate": -0.4, "uv": [56, 9]}
					]
				},
				{
					"name": "_cb_scope",
					"parent": "main",
					"pivot": [0, 25.95, -1.65],
					"cubes": [
						{"origin": [-0.5, 27.85, -12.5], "size": [1, 1, 1], "uv": [49, 22]}
					]
				},
				{
					"name": "_cb_canted",
					"parent": "main",
					"pivot": [0, 25.95, 5.1],
					"cubes": [
						{"origin": [-0.5, 27.85, -5.75], "size": [1, 1, 1], "uv": [49, 22]}
					]
				},
				{
					"name": "_cb_suppressor",
					"parent": "main",
					"pivot": [0, 23.375, -71.55],
					"cubes": [
						{"origin": [-0.5, 22.875, -66.55], "size": [1, 1, 1], "uv": [56, 9]}
					]
				},
				{
					"name": "_cb_grip",
					"parent": "main",
					"pivot": [0, 19.9, -32.475],
					"cubes": [
						{"origin": [-0.5, 19.4, -32.975], "size": [1, 1, 1], "uv": [25, 45]}
					]
				},
				{
					"name": "_cb_launcher",
					"parent": "main",
					"pivot": [0, 19.9, -32.475],
					"cubes": [
						{"origin": [-0.5, 19.4, -32.975], "size": [1, 1, 1], "uv": [49, 22]}
					]
				},
				{
					"name": "launcher",
					"parent": "main",
					"pivot": [0, 20, -53],
					"cubes": [
						{"origin": [-1.25, 22, -53.25], "size": [1, 1.25, 1.5], "uv": [56, 7]},
						{"origin": [-1.25, 23.25, -56], "size": [1, 1.25, 7], "uv": [48, 50]},
						{"origin": [0.25, 22, -53.25], "size": [1, 1.25, 1.5], "uv": [51, 30]},
						{"origin": [0.25, 23.25, -56], "size": [1, 1.25, 7], "uv": [48, 34]},
						{"origin": [-1.25, 20.5, -56], "size": [2.5, 1.5, 7], "uv": [0, 88]},
						{"origin": [-1.25, 20.5, -49], "size": [2.5, 4, 2], "uv": [24, 0]},
						{"origin": [-1.375, 14.5, -47], "size": [2.75, 6.3, 3], "uv": [33, 34]},
						{"origin": [-1.25, 19.05, -44], "size": [2.5, 1, 12], "uv": [87, 116]},
						{"origin": [-1.25, 18.05, -36], "size": [2.5, 1, 9], "inflate": -0.001, "uv": [89, 99]},
						{"origin": [-1.75, 17.05, -33.5], "size": [3.5, 1.75, 6.5], "uv": [128, 55]},
						{"origin": [-1.75, 17.05, -35], "size": [1.5, 1.75, 1.5], "pivot": [-1.75, 17.05, -33.5], "rotation": [0, -21, 0], "uv": [49, 24]},
						{"origin": [0.25, 17.05, -35], "size": [1.5, 1.75, 1.5], "pivot": [1.75, 17.05, -33.5], "rotation": [0, 21, 0], "uv": [49, 24], "mirror": true},
						{"origin": [-1.25, 14.55, -44], "size": [2.5, 1.25, 5], "uv": [56, 7]},
						{"origin": [-1, 14.45, -42.075], "size": [2, 3.25, 1], "inflate": -0.2, "pivot": [-1.25, 14.45, -41.075], "rotation": [-21.5, 0, 0], "uv": [66, 60]},
						{"origin": [-1, 17.3, -42.075], "size": [2, 3.25, 1], "inflate": -0.2, "pivot": [-1.25, 20.55, -41.075], "rotation": [21.5, 0, 0], "uv": [64, 0]},
						{"origin": [-1, 13.75, -38.7], "size": [2, 4.25, 1], "inflate": -0.199, "pivot": [-1.25, 17, -37.7], "rotation": [-90, 0, 0], "uv": [48, 0]},
						{"origin": [-1.25, 16.55, -37], "size": [2.5, 2.5, 1], "uv": [57, 54]},
						{"origin": [-1.35, 15.8, -36], "size": [2.7, 3, 8], "inflate": 0.001, "uv": [101, 60]},
						{"origin": [-1.35, 10.8, -32.675], "size": [2.7, 6.5, 5.75], "pivot": [-1.35, 10.8, -26.925], "rotation": [12.25, 0, 0], "uv": [0, 34]},
						{"origin": [-1.35, 16.05, -34.325], "size": [2.7, 2.5, 1.75], "inflate": -0.001, "pivot": [-1.35, 16.05, -32.575], "rotation": [58.25, 0, 0], "uv": [57, 38]},
						{"origin": [-1.25, 14.55, -40], "size": [2.5, 3.5, 1], "inflate": 0.001, "pivot": [-1.25, 14.55, -39], "rotation": [-55, 0, 0], "uv": [0, 69]},
						{"origin": [-1.25, 19.05, -44], "size": [2.5, 1, 12], "inflate": -0.001, "pivot": [-1.25, 20.05, -32], "rotation": [-3.5, 0, 0], "uv": [41, 16]},
						{"origin": [-1.25, 19.05, -32], "size": [2.5, 1, 4], "inflate": -0.002, "pivot": [-1.25, 20.05, -32], "rotation": [-18.25, 0, 0], "uv": [41, 22]},
						{"origin": [-1.25, 20.5, -58], "size": [2.5, 4, 2], "uv": [0, 0]},
						{"origin": [-1.15, 19.75, -58], "size": [2.3, 1, 2], "uv": [23, 34]},
						{"origin": [-1.15, 19.75, -51], "size": [2.3, 1, 2], "uv": [23, 34]},
						{"origin": [1.35, 15.9, -60.2], "size": [1, 3.7, 13.4], "inflate": -0.2, "pivot": [0.15, 17.75, -57], "rotation": [0, 0, -20], "uv": [41, 0]},
						{"origin": [-2.3, 19.2, -60.2], "size": [4.65, 1, 13.4], "inflate": -0.2, "pivot": [0.15, 17.75, -57], "rotation": [0, 0, -20], "uv": [57, 165]},
						{"origin": [-2.3, 15.9, -60.2], "size": [1, 3.7, 13.4], "inflate": -0.2, "pivot": [0.15, 17.75, -57], "rotation": [0, 0, -20], "uv": [33, 34]},
						{"origin": [-1.7, 15.9, -47.8], "size": [3.45, 3.7, 1], "inflate": -0.2, "pivot": [0.15, 17.75, -57], "rotation": [0, 0, -20], "uv": [57, 34]},
						{"origin": [-2.3, 15.3, -60.2], "size": [4.65, 1, 13.4], "inflate": -0.2, "pivot": [0.15, 17.75, -57], "rotation": [0, 0, -20], "uv": [60, 73]}
					]
				},
				{
					"name": "grenade",
					"parent": "launcher",
					"pivot": [0.15, 17.75, -50.25],
					"cubes": [
						{"origin": [-1.6, 16, -55.25], "size": [3.25, 3.5, 8.2], "inflate": -0.1, "pivot": [0.15, 17.75, -76.25], "rotation": [0, 0, -20], "uv": [89, 88]}
					]
				},
				{
					"name": "_camera_",
					"pivot": [6.825, 33.725, 26.45]
				}
			]
		}
	]
}