{
	"format_version": "1.12.0",
	"minecraft:geometry": [
		{
			"description": {
				"identifier": "geometry.unknown",
				"texture_width": 200,
				"texture_height": 200,
				"visible_bounds_width": 9,
				"visible_bounds_height": 4,
				"visible_bounds_offset": [0, 1, 0]
			},
			"bones": [
				{
					"name": "bb_main",
					"pivot": [0, 0, 0]
				},
				{
					"name": "main",
					"pivot": [0, 20, 0]
				},
				{
					"name": "gun",
					"parent": "main",
					"pivot": [1, 11, -1],
					"cubes": [
						{"origin": [-1.8, 15.425, 3.875], "size": [3.6, 1, 2.5], "inflate": -0.002, "pivot": [-0.8, 15.425, 3.875], "rotation": [40.25, 0, 0], "uv": [78, 33]},
						{"origin": [-2.15, 17.25, -1.75], "size": [4.3, 1, 7.5], "inflate": -0.001, "pivot": [-0.8, 15.25, -1.75], "rotation": [-1.5, 0, 0], "uv": [72, 131]},
						{"origin": [-1.8, 15.25, -1.75], "size": [3.6, 3, 4.5], "inflate": -0.002, "pivot": [0.8, 15.25, -1.75], "rotation": [-38.25, 0, 0], "uv": [74, 97]},
						{"origin": [-1.8, 15.25, -1.75], "size": [3.6, 3, 6.5], "inflate": -0.001, "pivot": [0.8, 15.25, -1.75], "rotation": [-1.5, 0, 0], "uv": [138, 94]},
						{"origin": [-1.8, 4, -0.375], "size": [3.6, 11, 5.225], "inflate": 0.001, "pivot": [0.8, 14, -0.375], "rotation": [16.5, 0, 0], "uv": [73, 0]},
						{"origin": [-1.8, 4.1, 1.525], "size": [3.6, 2, 4.225], "pivot": [0.8, 6.1, 1.525], "rotation": [9.75, 0, 0], "uv": [93, 106]},
						{"origin": [-1.8, 4.85, 6.025], "size": [3.6, 1, 1.775], "inflate": -0.001, "pivot": [0.8, 4.85, 6.025], "rotation": [36, 0, 0], "uv": [62, 40]},
						{"origin": [-1.8, 5.1, 1.525], "size": [3.6, 1, 1.225], "inflate": -0.001, "pivot": [0.8, 6.1, 1.525], "rotation": [55.25, 0, 0], "uv": [62, 51]},
						{"origin": [-1.35, 14.9, -11.35], "size": [3, 4, 2.5], "inflate": -0.15, "uv": [28, 70]},
						{"origin": [-0.975, 13.1, -10.775], "size": [2.25, 2.75, 1], "inflate": -0.2, "pivot": [1.275, 14.85, -11.275], "rotation": [9.5, 0, 0], "uv": [84, 0]},
						{"origin": [-2.25, 19.65, -25.85], "size": [4.5, 1, 33.5], "inflate": 0.001, "pivot": [2.25, 19.65, -25.85], "rotation": [-3.5, 0, 0], "uv": [0, 0]},
						{"origin": [-2.25, 20.15, 1.15], "size": [4.5, 1, 6.5], "inflate": -0.002, "pivot": [2.25, 19.65, -25.85], "rotation": [-3.5, 0, 0], "uv": [62, 79]},
						{"origin": [-2.25, 19.9, -25.85], "size": [4.5, 3.25, 8.5], "uv": [62, 45]},
						{"origin": [-2.25, 21.15, -17.35], "size": [4.5, 2, 3.5], "uv": [38, 108]},
						{"origin": [-2, 19.65, -17.35], "size": [4, 2, 3.5], "uv": [24, 108]},
						{"origin": [-2.25, 19.9, -13.85], "size": [4.5, 3.25, 21.5], "uv": [91, 12]},
						{"origin": [-2.05, 21.05, -11.6], "size": [4.5, 1.35, 12.75], "inflate": 0.001, "uv": [120, 14]},
						{"origin": [-1.925, 20.8, -4.6], "size": [4.5, 1.1, 4.5], "uv": [104, 79]},
						{"origin": [-1.925, 20.8, -10.6], "size": [4.5, 1.1, 4.5], "uv": [95, 28]},
						{"origin": [-1.925, 20.05, -4.975], "size": [4.5, 1.85, 1], "inflate": 0.001, "uv": [14, 70]},
						{"origin": [-1.925, 20.05, -6.675], "size": [4.5, 1.85, 1], "inflate": 0.001, "uv": [15, 45]},
						{"origin": [-2.05, 20.3, -3.55], "size": [4.5, 1.1, 4.7], "uv": [56, 105]},
						{"origin": [-2.05, 19.65, -7.05], "size": [4.5, 1.6, 3.5], "uv": [44, 55]},
						{"origin": [-2.05, 20.15, -11.6], "size": [4.5, 2.25, 2.1], "inflate": -0.001, "pivot": [2.45, 22.4, -11.6], "rotation": [-63.25, 0, 0], "uv": [0, 58]},
						{"origin": [-2.05, 22.15, -10.6], "size": [4.5, 1.25, 1.1], "pivot": [2.45, 22.4, -11.6], "rotation": [-63.25, 0, 0], "uv": [31, 43]},
						{"origin": [-2.25, 18.975, -13.85], "size": [4.5, 1.25, 21.5], "inflate": -0.001, "uv": [91, 36]},
						{"origin": [-1.75, 17.75, 7.35], "size": [3.5, 5.65, 3.3], "inflate": 0.001, "uv": [0, 34]},
						{"origin": [0.9, 17.125, 7.6], "size": [2, 6.325, 2.05], "inflate": -0.4, "pivot": [3.15, 22.775, 7.9], "rotation": [0, -18, 0], "uv": [0, 0]},
						{"origin": [-1.75, 14.9, 7.35], "size": [3.5, 2.85, 1.025], "inflate": 0.001, "pivot": [2, 17.75, 7.65], "rotation": [75.75, 0, 0], "uv": [78, 39]},
						{"origin": [-1.6, -12.5, 5.275], "size": [3.2, 27, 2.25], "inflate": -0.2, "pivot": [2, 18.5, 6.125], "rotation": [76.25, 0, 0], "uv": [62, 131]},
						{"origin": [-1.6, 21.3, 10.375], "size": [3.2, 2, 24.9], "inflate": -0.2, "uv": [62, 62]},
						{"origin": [-2, 10.35, 34.65], "size": [4, 6.55, 2.5], "inflate": -0.001, "pivot": [2, 16.9, 34.65], "rotation": [9.5, 0, 0], "uv": [0, 50]},
						{"origin": [-2, 16.9, 34.65], "size": [4, 6.4, 2.5], "inflate": -0.001, "pivot": [2, 16.9, 34.65], "rotation": [-2, 0, 0], "uv": [0, 145]},
						{"origin": [1.45, 21.9, -22.85], "size": [1, 1, 1], "inflate": -0.1, "pivot": [1.45, 22.85, -22.85], "rotation": [-13, 0, 0], "uv": [6, 75]},
						{"origin": [1.45, 18.875, -3.375], "size": [1, 1, 1], "inflate": -0.1, "pivot": [1.45, 19.825, -3.375], "rotation": [-13, 0, 0], "uv": [52, 74]},
						{"origin": [0.875, 19.3, -8.75], "size": [2, 2, 2], "inflate": -0.5, "pivot": [1.875, 20.25, -8.75], "rotation": [-13, 0, 0], "uv": [76, 81]},
						{"origin": [0.875, 18.9, -10.45], "size": [2, 2, 2], "inflate": -0.5, "pivot": [1.875, 19.85, -10.45], "rotation": [-13, 0, 0], "uv": [0, 80]},
						{"origin": [1.45, 21.975, -25.1], "size": [1, 1, 1], "inflate": -0.1, "pivot": [1.45, 22.925, -25.1], "rotation": [-13, 0, 0], "uv": [0, 77]},
						{"origin": [-2.45, 21.975, -25.1], "size": [1, 1, 1], "inflate": -0.1, "pivot": [-1.45, 22.925, -25.1], "rotation": [-13, 0, 0], "uv": [73, 2]},
						{"origin": [-2.45, 21.9, -22.85], "size": [1, 1, 1], "inflate": -0.1, "pivot": [-1.45, 22.85, -22.85], "rotation": [-13, 0, 0], "uv": [73, 20]},
						{"origin": [1.45, 21.75, 5.75], "size": [1, 1, 1], "inflate": -0.1, "pivot": [1.45, 22.7, 5.75], "rotation": [-13, 0, 0], "uv": [0, 75]},
						{"origin": [-2.45, 21.75, 5.75], "size": [1, 1, 1], "inflate": -0.1, "pivot": [-1.45, 22.7, 5.75], "rotation": [-13, 0, 0], "uv": [56, 74]},
						{"origin": [1.15, 23.15, -25.85], "size": [1, 1.5, 13.5], "uv": [19, 130]},
						{"origin": [-2.15, 23.15, -25.85], "size": [1, 1.5, 2.35], "uv": [12, 86]},
						{"origin": [1.05, 23.9, -25.95], "size": [1, 1.25, 2.25], "pivot": [2.05, 25.15, -25.95], "rotation": [13.25, 0, 0], "uv": [63, 90]},
						{"origin": [-2.05, 23.9, -25.95], "size": [1, 1.25, 2.25], "pivot": [-2.05, 25.15, -25.95], "rotation": [13.25, 0, 0], "uv": [18, 86]},
						{"origin": [1.275, 22.85, -12.85], "size": [1, 2.25, 18.85], "uv": [73, 0]},
						{"origin": [1.275, 22.85, -12.85], "size": [1, 1.975, 1], "inflate": -0.001, "pivot": [2.275, 22.85, -12.85], "rotation": [36, 0, 0], "uv": [48, 74]},
						{"origin": [1.575, 23.35, -11.1], "size": [1, 1.25, 16.85], "inflate": -0.2, "uv": [113, 58]},
						{"origin": [-2.575, 23.35, -3.1], "size": [1, 1.25, 8.85], "inflate": -0.2, "uv": [137, 37]},
						{"origin": [-2.275, 22.575, 5.4], "size": [4.55, 1.075, 2.025], "inflate": 0.001, "pivot": [2.275, 23.65, 7.425], "rotation": [-45.5, 0, 0], "uv": [72, 57]},
						{"origin": [2.125, 22.575, 4.6], "size": [1.55, 1.075, 1.275], "inflate": -0.001, "pivot": [2.275, 23.65, 7.425], "rotation": [-54.74377, 29.13654, -34.55821], "uv": [82, 77]},
						{"origin": [-2.375, 22.75, 5.05], "size": [4.75, 1, 2.5], "inflate": -0.101, "uv": [12, 75]},
						{"origin": [1.275, 24.1, -23.6], "size": [1, 1, 10.75], "uv": [93, 0]},
						{"origin": [-2.275, 22.85, -3.85], "size": [1, 2.25, 9.875], "uv": [114, 94]},
						{"origin": [-2.525, 22.85, -3.85], "size": [1, 2, 1], "pivot": [-2.525, 22.85, -3.85], "rotation": [23, 0, 0], "uv": [36, 64]},
						{"origin": [1.275, 24.1, -23.6], "size": [1, 1, 29.05], "pivot": [2.275, 25.1, -23.6], "rotation": [0, 0, 35.75], "uv": [0, 34]},
						{"origin": [0.925, 24.3, 5.075], "size": [1.25, 1, 1.05], "inflate": -0.201, "pivot": [2.275, 25.1, 6], "rotation": [0, -25.75, 35.75], "uv": [82, 81]},
						{"origin": [-3.675, 22.575, 4.6], "size": [1.55, 1.075, 1.275], "inflate": -0.001, "pivot": [-2.275, 23.65, 7.425], "rotation": [-54.74377, -29.13654, 34.55821], "uv": [81, 16]},
						{"origin": [-2.175, 24.3, 5.075], "size": [1.25, 1, 1.05], "inflate": -0.201, "pivot": [-2.275, 25.1, 6], "rotation": [0, 25.75, -35.75], "uv": [81, 20]},
						{"origin": [-2.275, 24.1, -10.6], "size": [1, 1, 16.05], "pivot": [-2.275, 25.1, -10.6], "rotation": [0, 0, -35.75], "uv": [64, 114]},
						{"origin": [-2.525, 24.175, -10.625], "size": [1, 1, 6.8], "pivot": [-2.275, 25.1, -10.6], "rotation": [0, 0, -35.75], "uv": [74, 90]},
						{"origin": [-1.25, 26.5, -23.6], "size": [1.25, 1, 27.275], "pivot": [0, 27.5, -23.6], "rotation": [0, 0, -18.75], "uv": [62, 33]},
						{"origin": [-1.2, 26.5, 4.25], "size": [2.4, 1, 4.9], "pivot": [1.2, 27.5, 3.65], "rotation": [-45.5, 0, 0], "uv": [48, 69]},
						{"origin": [-1, 26.15, 5.625], "size": [2, 1, 1.9], "inflate": -0.3, "pivot": [1, 27.15, 5.025], "rotation": [-51, 0, 0], "uv": [52, 52]},
						{"origin": [0.125, 26.5, 4.175], "size": [1.3, 1, 1], "inflate": -0.001, "pivot": [1.2, 27.5, 3.65], "rotation": [-48.3109, -17.23053, 18.39682], "uv": [85, 16]},
						{"origin": [-1.425, 26.5, 4.175], "size": [1.3, 1, 1], "inflate": -0.002, "pivot": [-1.2, 27.5, 3.65], "rotation": [-48.3109, 17.23053, -18.39682], "uv": [55, 83]},
						{"origin": [-1.75, 24.75, -31.1], "size": [3.5, 3.1, 7.5], "uv": [131, 58]},
						{"origin": [-2.25, 24.15, -45.1], "size": [4.5, 2.1, 13.25], "inflate": -0.2, "uv": [114, 79]},
						{"origin": [-1.75, 27.1, -31.1], "size": [3.5, 1.1, 5.5], "inflate": -0.001, "uv": [93, 96]},
						{"origin": [0.5, 28.1, -29.95], "size": [1, 1.1, 3.5], "inflate": -0.001, "pivot": [1.5, 29.2, -29.95], "rotation": [-16.75, 0, 0], "uv": [41, 79]},
						{"origin": [-1.5, 28.1, -29.95], "size": [1, 1.1, 3.5], "inflate": -0.001, "pivot": [-1.5, 29.2, -29.95], "rotation": [-16.75, 0, 0], "uv": [77, 77]},
						{"origin": [0.35, 28.025, -24.925], "size": [1.9, 1, 1], "inflate": -0.001, "pivot": [1.75, 29.125, -24.925], "rotation": [-24.25, 0, 0], "uv": [73, 0]},
						{"origin": [-0.075, 28.15, -30.725], "size": [1.65, 1, 7.6], "inflate": -0.3, "uv": [95, 20]},
						{"origin": [-0.075, 28.15, -23.725], "size": [1.65, 1, 1.3], "inflate": -0.301, "pivot": [1.275, 28.45, -23.425], "rotation": [73.75, 0, 0], "uv": [48, 71]},
						{"origin": [-1.575, 28.15, -23.725], "size": [1.65, 1, 1.3], "inflate": -0.301, "pivot": [-1.275, 28.45, -23.425], "rotation": [73.75, 0, 0], "uv": [36, 70]},
						{"origin": [-0.575, 28.15, -23.725], "size": [1.15, 1, 1], "inflate": -0.302, "pivot": [-0.275, 28.45, -23.425], "rotation": [73.75, 0, 0], "uv": [56, 69]},
						{"origin": [-1.575, 28.15, -30.725], "size": [1.65, 1, 7.6], "inflate": -0.3, "uv": [93, 88]},
						{"origin": [-2.25, 28.025, -24.925], "size": [1.9, 1, 1], "inflate": -0.001, "pivot": [-1.75, 29.125, -24.925], "rotation": [-24.25, 0, 0], "uv": [56, 71]},
						{"origin": [-0.45, 27.85, -24.925], "size": [1, 1, 1], "inflate": -0.002, "pivot": [-1.75, 29.125, -24.925], "rotation": [-24.25, 0, 0], "uv": [48, 69]},
						{"origin": [-1.75, 27.6, -31.1], "size": [3.5, 1.1, 1.5], "inflate": -0.002, "uv": [24, 64]},
						{"origin": [-1.75, 27.1, -25.6], "size": [3.5, 1.1, 1], "inflate": -0.002, "pivot": [1.25, 28.2, -25.6], "rotation": [-25.5, 0, 0], "uv": [0, 70]},
						{"origin": [0, 26.5, -23.6], "size": [1.25, 1, 27.275], "pivot": [0, 27.5, -23.6], "rotation": [0, 0, 18.75], "uv": [33, 62]},
						{"origin": [-0.3, 26.8, 3.375], "size": [1, 1, 1.8], "inflate": -0.301, "pivot": [0, 27.5, 3.675], "rotation": [0, 75.75, 18.75], "uv": [84, 50]},
						{"origin": [-0.7, 26.8, 3.375], "size": [1, 1, 1.8], "inflate": -0.301, "pivot": [0, 27.5, 3.675], "rotation": [0, -75.75, -18.75], "uv": [84, 3]},
						{"origin": [1.2, 26.075, -23.6], "size": [2.25, 1, 27.6], "inflate": 0.001, "pivot": [1.2, 27.075, -23.6], "rotation": [0, 0, 77.75], "uv": [31, 34]},
						{"origin": [1.475, 26.075, 4.175], "size": [1.25, 1, 2], "pivot": [1.2, 27.075, 4.4], "rotation": [0, 44.25, 77.75], "uv": [6, 86]},
						{"origin": [-2.725, 26.075, 4.175], "size": [1.25, 1, 2], "pivot": [-1.2, 27.075, 4.4], "rotation": [0, -44.25, -77.75], "uv": [0, 86]},
						{"origin": [-3.45, 26.075, -10.6], "size": [2.25, 1, 14.6], "inflate": 0.001, "pivot": [-1.2, 27.075, -10.6], "rotation": [0, 0, -77.75], "uv": [56, 90]},
						{"origin": [-2.45, 26.075, -23.6], "size": [1.25, 1, 13], "pivot": [-1.2, 27.075, -23.6], "rotation": [0, 0, -77.75], "uv": [127, 122]},
						{"origin": [-0.85, 15.05, -5.55], "size": [2, 4, 1], "inflate": -0.1, "pivot": [1.15, 15.05, -4.55], "rotation": [-21, 0, 0], "uv": [23, 50]},
						{"origin": [-1.35, 14.65, -9.1], "size": [3, 5, 1], "inflate": -0.098, "uv": [0, 64]},
						{"origin": [-1.35, 14.9, -2.1], "size": [3, 4, 1], "inflate": -0.098, "uv": [78, 45]},
						{"origin": [-1.35, 15.15, -8.375], "size": [3, 5.75, 1], "inflate": -0.099, "pivot": [1.65, 15.15, -8.375], "rotation": [-96.75, 0, 0], "uv": [62, 45]},
						{"origin": [-1.35, 15.525, -8.5], "size": [3, 1, 1], "inflate": -0.1, "pivot": [1.65, 15.525, -8.5], "rotation": [-129.5, 0, 0], "uv": [73, 16]},
						{"origin": [-1.35, 15.9, -2], "size": [3, 1, 2.375], "inflate": -0.1, "pivot": [1.65, 15.9, -2], "rotation": [-132, 0, 0], "uv": [78, 36]},
						{"origin": [-1, 22.425, -67.3], "size": [2, 2, 24], "inflate": -0.3, "pivot": [0, 23.425, -67.3], "rotation": [0, 0, -20], "uv": [28, 90]},
						{"origin": [-1, 22.425, -46.8], "size": [2, 2, 2], "inflate": -0.1, "pivot": [0, 23.425, -46.8], "rotation": [0, 0, -20], "uv": [28, 83]},
						{"origin": [-1, 22.425, -57.3], "size": [2, 2, 4.5], "inflate": -0.15, "pivot": [0, 23.425, -57.3], "rotation": [0, 0, -20], "uv": [28, 64]},
						{"origin": [-0.75, 20.925, -57.3], "size": [1.5, 2, 1.75], "inflate": -0.2, "uv": [16, 50]},
						{"origin": [-0.75, 23.925, -55.65], "size": [1.5, 3, 2.75], "inflate": -0.2, "pivot": [0.25, 24.925, -55.65], "rotation": [-12.75, 0, 0], "uv": [44, 48]},
						{"origin": [-0.75, 20.925, -65.3], "size": [1.5, 2.25, 1.75], "inflate": -0.2, "uv": [37, 48]},
						{"origin": [-0.75, 23.675, -65.05], "size": [1.5, 2, 1.75], "inflate": -0.2, "uv": [31, 48]},
						{"origin": [-1, 22.425, -74.05], "size": [2, 2, 8], "inflate": -0.1, "pivot": [0, 23.425, -74.05], "rotation": [0, 0, -20], "uv": [91, 47]},
						{"origin": [-1, 20.85, -64.725], "size": [2, 2, 24], "inflate": -0.7, "pivot": [0, 21.85, -64.725], "rotation": [0, 0, -20], "uv": [0, 66]},
						{"origin": [-1, 25.425, -55.05], "size": [2, 2, 24], "pivot": [0, 26.425, -55.05], "rotation": [0, 0, -20], "uv": [65, 88]},
						{"origin": [-2, 21.775, -46.05], "size": [4, 5.55, 1], "inflate": 0.001, "uv": [14, 64]},
						{"origin": [1, 27.325, -46.05], "size": [1, 1.025, 1], "inflate": -0.001, "pivot": [2, 27.325, -46.05], "rotation": [0, 0, -47], "uv": [6, 80]},
						{"origin": [-2, 27.325, -46.05], "size": [1, 1.025, 1], "inflate": -0.001, "pivot": [-2, 27.325, -46.05], "rotation": [0, 0, 47], "uv": [56, 79]},
						{"origin": [-2, 20.75, -46.05], "size": [1, 1.025, 1], "inflate": -0.001, "pivot": [-2, 21.775, -46.05], "rotation": [0, 0, -47], "uv": [77, 20]},
						{"origin": [1, 20.75, -46.05], "size": [1, 1.025, 1], "inflate": -0.001, "pivot": [2, 21.775, -46.05], "rotation": [0, 0, 47], "uv": [6, 77]},
						{"origin": [-1.25, 21.075, -46.05], "size": [2.5, 6.95, 1], "uv": [18, 78]},
						{"origin": [-0.9, 27.475, -66.4], "size": [1, 1.7, 2], "inflate": -0.301, "pivot": [-0.6, 27.975, -66.1], "rotation": [0, 0, -28], "uv": [82, 56]},
						{"origin": [-1.32, 28.465, -66.4], "size": [1, 1.5, 2], "inflate": -0.302, "pivot": [-1, 28.775, -66.1], "rotation": [0, 0, 15], "uv": [62, 79]},
						{"origin": [-0.1, 27.475, -66.4], "size": [1, 1.7, 2], "inflate": -0.301, "pivot": [0.6, 27.975, -66.1], "rotation": [0, 0, 28], "uv": [62, 82]},
						{"origin": [0.32, 28.465, -66.4], "size": [1, 1.5, 2], "inflate": -0.302, "pivot": [1, 28.775, -66.1], "rotation": [0, 0, -15], "uv": [51, 83]},
						{"origin": [-0.5, 27.575, -66.15], "size": [1, 2, 1.25], "inflate": -0.35, "uv": [38, 34]},
						{"origin": [-0.75, 24.55, -65.525], "size": [1.5, 3.675, 1.75], "inflate": -0.201, "pivot": [0.25, 26.3, -65.525], "rotation": [22.25, 0, 0], "uv": [8, 42]},
						{"origin": [-0.75, 23.675, -66.3], "size": [1.5, 5, 1.75], "inflate": -0.2, "uv": [62, 62]}
					]
				},
				{
					"name": "action",
					"parent": "gun",
					"pivot": [-2, 24.65, -23.6],
					"cubes": [
						{"origin": [-1.9, 22.95, -23.6], "size": [1, 1.5, 8.5], "uv": [132, 136]},
						{"origin": [-4.475, 23.15, -23.775], "size": [3.5, 1, 1], "pivot": [-4.475, 24.15, -23.775], "rotation": [0, -12.75, 0], "uv": [24, 6]},
						{"origin": [-1.425, 24.45, -23.6], "size": [1, 1.55, 14.5], "pivot": [-1.675, 24.45, -23.6], "rotation": [0, 0, 18], "uv": [20, 93]},
						{"origin": [-1.9, 23.45, -23.6], "size": [1, 1, 8.5], "inflate": -0.001, "pivot": [-1.9, 24.45, -23.6], "rotation": [0, 0, -39], "uv": [135, 75]},
						{"origin": [-1.65, 22.95, -15.1], "size": [1, 1.5, 5.5], "uv": [16, 50]}
					]
				},
				{
					"name": "switch",
					"parent": "gun",
					"pivot": [-2.5, 21.7, -2.9],
					"rotation": [33.25, 0, 0],
					"cubes": [
						{"origin": [-2.375, 21.575, -6.675], "size": [1, 1.25, 5], "inflate": 0.001, "uv": [16, 56]},
						{"origin": [-2.375, 22.825, -12.675], "size": [1, 1.75, 8], "inflate": 0.001, "uv": [137, 28]},
						{"origin": [-2.375, 22.575, -5.675], "size": [1, 2, 1], "inflate": -0.001, "pivot": [-2.375, 24.575, -4.675], "rotation": [22.75, 0, 0], "uv": [16, 56]},
						{"origin": [-2.375, 20.325, -12.675], "size": [1, 1.25, 11], "pivot": [-2.375, 21.575, -1.675], "rotation": [-13, 0, 0], "uv": [31, 48]},
						{"origin": [-2.525, 20.75, -11.875], "size": [1, 1.25, 10], "pivot": [-2.525, 22, -1.875], "rotation": [-11.75, 0, 0], "uv": [0, 75]},
						{"origin": [-3.275, 20.2, -13], "size": [1.5, 1.25, 3], "inflate": -0.4, "pivot": [-2.525, 22, -1.875], "rotation": [-11.75, 0, 0], "uv": [51, 79]}
					]
				},
				{
					"name": "ak74_railedguard",
					"parent": "gun",
					"pivot": [-2.575, 24.1, -41.1],
					"cubes": [
						{"origin": [-2.4, 21.9, -45.1], "size": [4.8, 3.1, 12], "uv": [28, 64]},
						{"origin": [-3.25, 21.5, -36.15], "size": [6.5, 2, 3], "inflate": -0.3, "uv": [93, 11]},
						{"origin": [-2.85, 22.75, -44.4], "size": [5.7, 2, 1], "inflate": -0.3, "uv": [62, 56]},
						{"origin": [-2.85, 22.75, -43.65], "size": [5.7, 2, 1], "inflate": -0.3, "uv": [62, 56]},
						{"origin": [-2.85, 22.75, -42.9], "size": [5.7, 2, 1], "inflate": -0.3, "uv": [62, 56]},
						{"origin": [-2.85, 22.75, -42.15], "size": [5.7, 2, 1], "inflate": -0.3, "uv": [62, 56]},
						{"origin": [-3.25, 21.5, -36.15], "size": [8.85, 2, 1.25], "inflate": -0.3, "pivot": [-2.95, 21.8, -35.85], "rotation": [0, 87.25, 0], "uv": [41, 19], "mirror": true},
						{"origin": [-5.6, 21.5, -36.15], "size": [8.85, 2, 1.25], "inflate": -0.3, "pivot": [2.95, 21.8, -35.85], "rotation": [0, -87.25, 0], "uv": [41, 19]},
						{"origin": [-0.595, 16.625, -45.55], "size": [5.45, 11.2, 22.75], "inflate": -3, "uv": [41, 0]},
						{"origin": [-4.855, 16.625, -45.55], "size": [5.45, 11.2, 22.75], "inflate": -3, "uv": [41, 0], "mirror": true},
						{"origin": [-2.4, 7.8, -45.1], "size": [4.8, 14.1, 1.25], "inflate": -0.001, "pivot": [2.4, 21.9, -45.1], "rotation": [86.5, 0, 0], "uv": [36, 92]},
						{"origin": [-2.4, 18.9, -28.1], "size": [4.8, 3.1, 2], "uv": [48, 64]},
						{"origin": [-2.4, 11.8, -31.1], "size": [4.8, 7.1, 3], "inflate": 0.001, "pivot": [2.4, 18.9, -28.1], "rotation": [-109.5, 0, 0], "uv": [44, 34]},
						{"origin": [-1.15, 4.8, -45.1], "size": [2.3, 16.1, 2.25], "pivot": [1.15, 20.9, -45.1], "rotation": [86.5, 0, 0], "uv": [104, 138]},
						{"origin": [1.4, 7.8, -46.7], "size": [1, 14.075, 1.6], "pivot": [2.4, 21.9, -45.1], "rotation": [87.80761, 2.72893, 51.19777], "uv": [80, 62]},
						{"origin": [-2.4, 7.8, -46.7], "size": [1, 14.075, 1.6], "pivot": [-2.4, 21.9, -45.1], "rotation": [87.80761, -2.72893, -51.19777], "uv": [59, 0]},
						{"origin": [-2.4, 21.9, -33.1], "size": [4.8, 3.1, 7.25], "uv": [53, 116]},
						{"origin": [-2.1, 21.9, -41.1], "size": [4.2, 3.1, 8], "uv": [62, 34]},
						{"origin": [-2.4, 19.625, -26.85], "size": [4.8, 2.375, 1], "inflate": 0.001, "uv": [31, 55]},
						{"origin": [-2.25, 25.15, -45.1], "size": [4.5, 2.1, 13.25], "uv": [0, 92]},
						{"origin": [0.8, 25.65, -45.1], "size": [1.45, 1.6, 13.25], "inflate": -0.001, "pivot": [2.25, 27.25, -45.1], "rotation": [0, 0, 44], "uv": [112, 125]},
						{"origin": [-2.25, 25.65, -45.1], "size": [1.45, 1.6, 13.25], "inflate": -0.001, "pivot": [-2.25, 27.25, -45.1], "rotation": [0, 0, -44], "uv": [97, 124]},
						{"origin": [-1.2, 26.65, -45.1], "size": [2.4, 1.6, 13.25], "uv": [121, 108]},
						{"origin": [-1, 20.3, -45.05], "size": [2, 1.25, 9.225], "uv": [105, 0]},
						{"origin": [-1.3, 19.7, -45.25], "size": [2, 1, 13.625], "inflate": -0.201, "uv": [121, 94]},
						{"origin": [-0.7, 19.7, -45.25], "size": [2, 1, 13.625], "inflate": -0.2, "uv": [120, 36]}
					]
				},
				{
					"name": "scopemount",
					"parent": "gun",
					"pivot": [0, 29, 8],
					"cubes": [
						{"origin": [-0.7, 28.575, -15.15], "size": [2, 1, 17.4], "inflate": -0.2, "uv": [100, 106]},
						{"origin": [-1.3, 28.575, -15.15], "size": [2, 1, 17.4], "inflate": -0.201, "uv": [93, 88]},
						{"origin": [-1, 28.075, -15.05], "size": [2, 1, 17.2], "inflate": -0.102, "uv": [92, 61]},
						{"origin": [-0.9, 27.625, -9.4], "size": [2.75, 1, 8.2], "inflate": -0.102, "uv": [97, 114]},
						{"origin": [2.35, 19.975, -11.15], "size": [1, 3, 11.7], "inflate": -0.103, "uv": [31, 34]},
						{"origin": [2.7, 19.975, -11.15], "size": [1, 3, 1.7], "inflate": -0.102, "uv": [0, 42]},
						{"origin": [2.5, 21.1, -9.4], "size": [1, 2.25, 1.7], "inflate": -0.102, "pivot": [3.65, 23.25, -9.3], "rotation": [0, 0, -11.5], "uv": [9, 34]},
						{"origin": [2.225, 22.1, -9.4], "size": [1, 1, 4.075], "inflate": -0.102, "pivot": [3.375, 23, -9.3], "rotation": [0, 5, 0], "uv": [0, 75]},
						{"origin": [2.7, 19.975, -1.65], "size": [1, 3, 1.7], "inflate": -0.102, "uv": [24, 34]},
						{"origin": [2.725, 19.975, -7.65], "size": [1.1, 3, 4.7], "inflate": -0.102, "uv": [31, 48]},
						{"origin": [2.425, 22.2, -5.65], "size": [2, 1.6, 2], "inflate": -0.6, "pivot": [4.575, 23.7, -5.55], "rotation": [0, -32.75, 0], "uv": [41, 83]},
						{"origin": [2.25, 23.675, -11.25], "size": [1, 4.15, 1.7], "inflate": -0.201, "pivot": [3.15, 23.875, -11.05], "rotation": [-28, 0, 0], "uv": [15, 34]},
						{"origin": [2.25, 22.45, -11.25], "size": [1, 1.625, 1.7], "inflate": -0.2, "uv": [28, 66]},
						{"origin": [2.25, 22.675, -1.05], "size": [1, 5.05, 1.7], "inflate": -0.201, "pivot": [3.15, 22.875, 0.45], "rotation": [22, 0, 0], "uv": [59, 15]},
						{"origin": [2.25, 26.325, -9.475], "size": [1, 1.075, 8.375], "inflate": -0.2, "uv": [41, 79]},
						{"origin": [0.85, 26.575, -9.4], "size": [1, 2.05, 8.2], "inflate": -0.103, "pivot": [1.75, 28.525, -9.3], "rotation": [0, 0, -45], "uv": [86, 131]}
					]
				},
				{
					"name": "rightarm",
					"parent": "main",
					"pivot": [-4.3, 8.8, 21.8],
					"rotation": [-101.81106, -12.40003, -2.46982],
					"cubes": [
						{"origin": [-8.3, -15.2, 17.8], "size": [8, 24, 8], "uv": [0, 108]}
					]
				},
				{
					"name": "leftarm",
					"parent": "main",
					"pivot": [11.45, 7.3, -15.125],
					"rotation": [-131.15529, -6.98101, -41.3346],
					"cubes": [
						{"origin": [7.45, -16.7, -19.125], "size": [8, 24, 8], "uv": [0, 0]}
					]
				},
				{
					"name": "scope",
					"parent": "main",
					"pivot": [0, 29.225, -1.25],
					"cubes": [
						{"origin": [-0.5, 28.725, -1.55], "size": [1, 1, 1], "inflate": -0.4, "uv": [85, 20]}
					]
				},
				{
					"name": "magazine",
					"parent": "main",
					"pivot": [-0.9, 19.5, -20],
					"cubes": [
						{"origin": [-1.9, 8.5, -17.75], "size": [3.8, 11, 6], "pivot": [-0.9, 19.5, -11.75], "rotation": [-12.75, 0, 0], "uv": [62, 62]},
						{"origin": [-1.4, 8.5, -19.75], "size": [2.8, 11, 3], "inflate": -0.001, "pivot": [-0.4, 19.5, -11.75], "rotation": [-12.75, 0, 0], "uv": [56, 90]},
						{"origin": [-1.15, 12.8, -12.325], "size": [2.3, 6.325, 1.25], "pivot": [0.35, 18.8, -11.075], "rotation": [-21, 0, 0], "uv": [12, 78]},
						{"origin": [-1.9, -4.2, -20.2], "size": [3.8, 13, 6], "inflate": 0.001, "pivot": [-0.9, 8.8, -14.2], "rotation": [-27, 0, 0], "uv": [41, 0]},
						{"origin": [-1.4, -4.2, -22.2], "size": [2.8, 13, 2], "inflate": 0.001, "pivot": [-0.4, 8.8, -14.2], "rotation": [-27, 0, 0], "uv": [116, 59]}
					]
				},
				{
					"name": "bullet",
					"parent": "magazine",
					"pivot": [0.325, -0.175, -17.9],
					"rotation": [-12.5, 0, 0],
					"cubes": [
						{"origin": [-0.675, 19.575, -22.4], "size": [1, 1, 6], "inflate": 0.2, "pivot": [-0.175, 20.075, -22.4], "rotation": [0, 0, 21], "uv": [44, 48]}
					]
				},
				{
					"name": "magazine2",
					"parent": "main",
					"pivot": [-0.9, 19.5, -20],
					"cubes": [
						{"origin": [-1.9, 8.5, -17.75], "size": [3.8, 11, 6], "pivot": [-0.9, 19.5, -11.75], "rotation": [-12.75, 0, 0], "uv": [62, 62]},
						{"origin": [-1.4, 8.5, -19.75], "size": [2.8, 11, 3], "inflate": -0.001, "pivot": [-0.4, 19.5, -11.75], "rotation": [-12.75, 0, 0], "uv": [56, 90]},
						{"origin": [-1.15, 12.8, -12.325], "size": [2.3, 6.325, 1.25], "pivot": [0.35, 18.8, -11.075], "rotation": [-21, 0, 0], "uv": [12, 78]},
						{"origin": [-1.9, -4.2, -20.2], "size": [3.8, 13, 6], "inflate": 0.001, "pivot": [-0.9, 8.8, -14.2], "rotation": [-27, 0, 0], "uv": [41, 0]},
						{"origin": [-1.4, -4.2, -22.2], "size": [2.8, 13, 2], "inflate": 0.001, "pivot": [-0.4, 8.8, -14.2], "rotation": [-27, 0, 0], "uv": [116, 59]}
					]
				},
				{
					"name": "bullet2",
					"parent": "magazine2",
					"pivot": [0.325, -0.175, -17.9],
					"rotation": [-12.5, 0, 0],
					"cubes": [
						{"origin": [-0.675, 19.575, -22.4], "size": [1, 1, 6], "inflate": 0.2, "pivot": [-0.175, 20.075, -22.4], "rotation": [0, 0, 21], "uv": [44, 48]}
					]
				},
				{
					"name": "muzzleflash",
					"parent": "main",
					"pivot": [0, 23.475, -74.55],
					"cubes": [
						{"origin": [-0.5, 22.975, -74.85], "size": [1, 1, 1], "inflate": -0.4, "uv": [54, 59]}
					]
				},
				{
					"name": "_cb_scope",
					"parent": "main",
					"pivot": [0, 27.85, -10.65],
					"cubes": [
						{"origin": [-0.5, 28.875, -9.2], "size": [1, 1, 1], "uv": [25, 45]}
					]
				},
				{
					"name": "_cb_canted",
					"parent": "main",
					"pivot": [0, 27.85, -3.9],
					"cubes": [
						{"origin": [-0.5, 28.875, -2.45], "size": [1, 1, 1], "uv": [25, 45]}
					]
				},
				{
					"name": "_cb_suppressor",
					"parent": "main",
					"pivot": [0, 23.55, -71.525],
					"cubes": [
						{"origin": [-0.5, 23.05, -66.525], "size": [1, 1, 1], "uv": [54, 59]}
					]
				},
				{
					"name": "launcher",
					"parent": "main",
					"pivot": [0, 20, -53],
					"cubes": [
						{"origin": [-1.25, 22, -53.25], "size": [1, 1.25, 1.5], "uv": [16, 59]},
						{"origin": [-1.25, 23.25, -56], "size": [1, 1.25, 7], "uv": [92, 69]},
						{"origin": [0.25, 22, -53.25], "size": [1, 1.25, 1.5], "uv": [16, 53]},
						{"origin": [0.25, 23.25, -56], "size": [1, 1.25, 7], "uv": [92, 61]},
						{"origin": [-1.25, 20.5, -56], "size": [2.5, 1.5, 7], "uv": [135, 84]},
						{"origin": [-1.25, 20.5, -49], "size": [2.5, 4, 2], "uv": [62, 34]},
						{"origin": [-1.375, 14.5, -47], "size": [2.75, 6.3, 3], "uv": [31, 34]},
						{"origin": [-1.25, 19.05, -44], "size": [2.5, 1, 12], "uv": [34, 130]},
						{"origin": [-1.25, 18.05, -36], "size": [2.5, 1, 9], "inflate": -0.001, "uv": [28, 79]},
						{"origin": [-1.75, 17.05, -33.5], "size": [3.5, 1.75, 6.5], "uv": [92, 79]},
						{"origin": [-1.75, 17.05, -35], "size": [1.5, 1.75, 1.5], "pivot": [-1.75, 17.05, -33.5], "rotation": [0, -21, 0], "uv": [53, 4]},
						{"origin": [0.25, 17.05, -35], "size": [1.5, 1.75, 1.5], "pivot": [1.75, 17.05, -33.5], "rotation": [0, 21, 0], "uv": [53, 4], "mirror": true},
						{"origin": [-1.25, 14.55, -44], "size": [2.5, 1.25, 5], "uv": [67, 105]},
						{"origin": [-1, 14.45, -42.075], "size": [2, 3.25, 1], "inflate": -0.2, "pivot": [-1.25, 14.45, -41.075], "rotation": [-21.5, 0, 0], "uv": [23, 56]},
						{"origin": [-1, 17.3, -42.075], "size": [2, 3.25, 1], "inflate": -0.2, "pivot": [-1.25, 20.55, -41.075], "rotation": [21.5, 0, 0], "uv": [53, 0]},
						{"origin": [-1, 13.75, -38.7], "size": [2, 4.25, 1], "inflate": -0.199, "pivot": [-1.25, 17, -37.7], "rotation": [-90, 0, 0], "uv": [41, 0]},
						{"origin": [-1.25, 16.55, -37], "size": [2.5, 2.5, 1], "uv": [74, 65]},
						{"origin": [-1.35, 15.8, -36], "size": [2.7, 3, 8], "inflate": 0.001, "uv": [91, 36]},
						{"origin": [-1.35, 10.8, -32.675], "size": [2.7, 6.5, 5.75], "pivot": [-1.35, 10.8, -26.925], "rotation": [12.25, 0, 0], "uv": [15, 34]},
						{"origin": [-1.35, 16.05, -34.325], "size": [2.7, 2.5, 1.75], "inflate": -0.001, "pivot": [-1.35, 16.05, -32.575], "rotation": [58.25, 0, 0], "uv": [74, 62]},
						{"origin": [-1.25, 14.55, -40], "size": [2.5, 3.5, 1], "inflate": 0.001, "pivot": [-1.25, 14.55, -39], "rotation": [-55, 0, 0], "uv": [52, 48]},
						{"origin": [-1.25, 19.05, -44], "size": [2.5, 1, 12], "inflate": -0.001, "pivot": [-1.25, 20.05, -32], "rotation": [-3.5, 0, 0], "uv": [0, 50]},
						{"origin": [-1.25, 19.05, -32], "size": [2.5, 1, 4], "inflate": -0.002, "pivot": [-1.25, 20.05, -32], "rotation": [-18.25, 0, 0], "uv": [0, 42]},
						{"origin": [-1.25, 20.5, -58], "size": [2.5, 4, 2], "uv": [24, 0]},
						{"origin": [-1.15, 19.75, -58], "size": [2.3, 1, 2], "uv": [78, 50]},
						{"origin": [-1.15, 19.75, -51], "size": [2.3, 1, 2], "uv": [78, 50]},
						{"origin": [1.35, 15.9, -60.2], "size": [1, 3.7, 13.4], "inflate": -0.2, "pivot": [0.15, 17.75, -57], "rotation": [0, 0, -20], "uv": [82, 114]},
						{"origin": [-2.3, 19.2, -60.2], "size": [4.65, 1, 13.4], "inflate": -0.2, "pivot": [0.15, 17.75, -57], "rotation": [0, 0, -20], "uv": [120, 0]},
						{"origin": [-2.3, 15.9, -60.2], "size": [1, 3.7, 13.4], "inflate": -0.2, "pivot": [0.15, 17.75, -57], "rotation": [0, 0, -20], "uv": [0, 34]},
						{"origin": [-1.7, 15.9, -47.8], "size": [3.45, 3.7, 1], "inflate": -0.2, "pivot": [0.15, 17.75, -57], "rotation": [0, 0, -20], "uv": [28, 79]},
						{"origin": [-2.3, 15.3, -60.2], "size": [4.65, 1, 13.4], "inflate": -0.2, "pivot": [0.15, 17.75, -57], "rotation": [0, 0, -20], "uv": [32, 116]}
					]
				},
				{
					"name": "grenade",
					"parent": "launcher",
					"pivot": [0.15, 17.75, -50.25],
					"cubes": [
						{"origin": [-1.6, 16, -55.25], "size": [3.25, 3.5, 8.2], "inflate": -0.1, "pivot": [0.15, 17.75, -76.25], "rotation": [0, 0, -20], "uv": [0, 64]}
					]
				},
				{
					"name": "_cb_grip",
					"parent": "main",
					"pivot": [0, 19.9, -32.475],
					"cubes": [
						{"origin": [-0.5, 19.4, -32.975], "size": [1, 1, 1], "uv": [25, 45]}
					]
				},
				{
					"name": "_cb_launcher",
					"parent": "main",
					"pivot": [0, 19.9, -32.475],
					"cubes": [
						{"origin": [-0.5, 19.4, -32.975], "size": [1, 1, 1], "uv": [25, 45]}
					]
				},
				{
					"name": "_camera_",
					"pivot": [6.825, 33.725, 26.45]
				}
			]
		}
	]
}