{
	"format_version": "1.12.0",
	"minecraft:geometry": [
		{
			"description": {
				"identifier": "geometry.unknown",
				"texture_width": 200,
				"texture_height": 200,
				"visible_bounds_width": 14,
				"visible_bounds_height": 4,
				"visible_bounds_offset": [0, 1, 0]
			},
			"bones": [
				{
					"name": "bb_main",
					"pivot": [0, 0, 0]
				},
				{
					"name": "main",
					"pivot": [0, 20, 0]
				},
				{
					"name": "gun",
					"parent": "main",
					"pivot": [1, 11, -1],
					"cubes": [
						{"origin": [-3.2, 25.15, -32.95], "size": [6.4, 2.7, 2.1], "uv": [98, 11]},
						{"origin": [-1.8, 15.425, 3.875], "size": [3.6, 1, 2.8], "inflate": -0.002, "pivot": [-0.8, 15.425, 3.875], "rotation": [40.25, 0, 0], "uv": [17, 21]},
						{"origin": [-2.15, 17.25, -2.25], "size": [4.3, 1.25, 8.2], "inflate": -0.001, "uv": [44, 148]},
						{"origin": [-1.8, 15.25, -2.25], "size": [3.6, 3, 4.5], "inflate": -0.002, "pivot": [0.8, 15.25, -2.25], "rotation": [-38.25, 0, 0], "uv": [63, 0]},
						{"origin": [-1.8, 15.25, -2.25], "size": [3.6, 3, 6.75], "inflate": -0.001, "uv": [21, 122]},
						{"origin": [-1.8, 4, -0.375], "size": [3.6, 11, 5.225], "inflate": 0.001, "pivot": [0.8, 14, -0.375], "rotation": [16.5, 0, 0], "uv": [31, 95]},
						{"origin": [-1.8, 4.1, 1.525], "size": [3.6, 2, 4.225], "pivot": [0.8, 6.1, 1.525], "rotation": [9.75, 0, 0], "uv": [0, 68]},
						{"origin": [-1.8, 4.85, 6.025], "size": [3.6, 1, 1.775], "inflate": -0.001, "pivot": [0.8, 4.85, 6.025], "rotation": [36, 0, 0], "uv": [48, 26]},
						{"origin": [-1.8, 5.1, 1.525], "size": [3.6, 1, 1.225], "inflate": -0.001, "pivot": [0.8, 6.1, 1.525], "rotation": [55.25, 0, 0], "uv": [12, 52]},
						{"origin": [-1, 14.475, -10.375], "size": [2, 1.75, 1], "inflate": -0.2, "pivot": [0.8, 15.225, -10.875], "rotation": [-85.25, 0, 0], "uv": [44, 57]},
						{"origin": [-2.75, 18.65, -38.35], "size": [5.5, 6.5, 18.3], "uv": [98, 0]},
						{"origin": [-4.725, 24.35, -30.35], "size": [7.45, 1.8, 1], "inflate": 0.001, "uv": [0, 57]},
						{"origin": [-4.725, 24.275, -29.45], "size": [2.45, 1, 9.45], "inflate": -0.1, "uv": [151, 148]},
						{"origin": [1.275, 24.4, -28.85], "size": [1.45, 1.75, 1], "uv": [38, 5]},
						{"origin": [1.275, 24.4, -21.2], "size": [1.45, 1.75, 1], "inflate": 0.001, "uv": [38, 0]},
						{"origin": [1.675, 24.4, -29.55], "size": [1.05, 1.75, 1], "inflate": -0.001, "uv": [38, 2]},
						{"origin": [-4.725, 24.35, -20.1], "size": [2.95, 1.8, 1], "inflate": 0.001, "uv": [53, 13]},
						{"origin": [-2.075, 24.6, -20.3], "size": [1, 1.75, 12], "inflate": -0.2, "uv": [30, 0]},
						{"origin": [-1.275, 24.1, -20.9], "size": [1, 1.75, 9.6], "inflate": -0.2, "pivot": [-0.275, 25.85, -20.3], "rotation": [1.75, 0, 0], "uv": [97, 117]},
						{"origin": [-1.275, 24.375, -11.7], "size": [1, 1.75, 3.8], "inflate": -0.2, "pivot": [-0.275, 26.125, -11.5], "rotation": [-18.25, 0, 0], "uv": [63, 33]},
						{"origin": [0.225, 24.375, -11.7], "size": [1, 1.75, 3.8], "inflate": -0.2, "pivot": [0.275, 26.125, -11.5], "rotation": [-18.25, 0, 0], "uv": [63, 22]},
						{"origin": [-1.775, 24.1, -22.2], "size": [1, 1.75, 2], "inflate": -0.2, "pivot": [-0.275, 25.85, -20.3], "rotation": [1.75, 0, 0], "uv": [22, 14]},
						{"origin": [0.725, 24.1, -22.2], "size": [1, 1.75, 2], "inflate": -0.2, "pivot": [0.275, 25.85, -20.3], "rotation": [1.75, 0, 0], "uv": [5, 14]},
						{"origin": [0.225, 24.1, -20.9], "size": [1, 1.75, 9.6], "inflate": -0.2, "pivot": [0.275, 25.85, -20.3], "rotation": [1.75, 0, 0], "uv": [117, 33]},
						{"origin": [1.075, 24.6, -21.3], "size": [1, 1.75, 13], "inflate": -0.2, "uv": [0, 0]},
						{"origin": [-2.75, 18.65, -22.35], "size": [5.5, 4.5, 30.1], "inflate": 0.001, "uv": [0, 61]},
						{"origin": [1.75, 23.15, -20.25], "size": [1, 2, 28], "uv": [93, 87]},
						{"origin": [-2.75, 23.15, -20.25], "size": [1, 2, 28], "uv": [0, 0]},
						{"origin": [-1.75, 23.15, 6.65], "size": [3.5, 2, 1.1], "uv": [17, 44]},
						{"origin": [-2.25, 16.65, -27.3], "size": [4.5, 3.5, 5.6], "inflate": 0.001, "uv": [117, 45]},
						{"origin": [-2.25, 15.7, -29.6], "size": [4.5, 3.1, 6.1], "pivot": [1.25, 18.8, -29.6], "rotation": [46.75, 0, 0], "uv": [0, 153]},
						{"origin": [-2.25, 15.7, -25.5], "size": [4.5, 3.1, 6.1], "pivot": [1.25, 18.8, -19.4], "rotation": [-46.75, 0, 0], "uv": [97, 127]},
						{"origin": [-2.95, 20.15, -17.35], "size": [1, 3.5, 20.1], "inflate": 0.002, "uv": [31, 95]},
						{"origin": [-3.35, 22.25, -17.65], "size": [1, 1, 19.6], "inflate": -0.2, "uv": [0, 122]},
						{"origin": [-3.35, 20.55, -17.65], "size": [1, 1, 19.6], "inflate": -0.2, "uv": [119, 117]},
						{"origin": [-2.95, 19.65, -17.35], "size": [1, 4.5, 2.1], "uv": [75, 46]},
						{"origin": [-2.95, 19.65, -12.35], "size": [1, 4.5, 2.1], "uv": [75, 37]},
						{"origin": [-2.95, 19.65, 0.65], "size": [1, 4.5, 2.1], "uv": [24, 61]},
						{"origin": [-2.95, 19.65, -4.35], "size": [1, 4.5, 2.1], "uv": [16, 61]},
						{"origin": [-2.25, 18.9, 7.65], "size": [4.5, 5.5, 14.1], "inflate": 0.001, "uv": [83, 138]},
						{"origin": [-2.25, 9.5, 16.65], "size": [4.5, 10.9, 5], "inflate": -0.001, "pivot": [1.25, 20.4, 16.65], "rotation": [32.5, 0, 0], "uv": [89, 33]},
						{"origin": [-2.25, 20.25, 20.075], "size": [4.5, 1.9, 2.9], "inflate": -0.001, "pivot": [1.25, 23.15, 17.275], "rotation": [32.5, 0, 0], "uv": [13, 38]},
						{"origin": [-2.25, 16.8, 36.025], "size": [4.5, 4.4, 1.8], "inflate": -0.001, "pivot": [1.25, 22.2, 33.225], "rotation": [51.75, 0, 0], "uv": [48, 35]},
						{"origin": [-2.25, 13.8, 37.65], "size": [4.5, 1.3, 1.8], "inflate": -0.001, "pivot": [1.25, 16.1, 34.85], "rotation": [51.75, 0, 0], "uv": [30, 10]},
						{"origin": [-2.25, 23.65, 19.15], "size": [4.5, 2.75, 25.1], "uv": [0, 30]},
						{"origin": [-2.25, 17.9, 38.4], "size": [4.5, 5.75, 5.85], "inflate": 0.001, "uv": [119, 117]},
						{"origin": [-2.25, 10.9, 40.4], "size": [4.5, 5.75, 3.85], "uv": [44, 0]},
						{"origin": [-2.25, 11.2, 22.55], "size": [4.5, 2.75, 2.35], "uv": [13, 30]},
						{"origin": [-2.25, 11.2, 24.9], "size": [4.5, 1.45, 4.55], "inflate": -0.001, "pivot": [1.25, 11.25, 24.9], "rotation": [38, 0, 0], "uv": [54, 86]},
						{"origin": [-2.25, 10.9, 40.4], "size": [4.5, 4.05, 2.725], "inflate": -0.001, "pivot": [1.25, 10.9, 40.4], "rotation": [47.5, 0, 0], "uv": [22, 159]},
						{"origin": [-2.25, 21.65, 19.15], "size": [4.5, 4.75, 2.1], "inflate": -0.001, "pivot": [1.25, 26.4, 19.15], "rotation": [-58.25, 0, 0], "uv": [0, 0]},
						{"origin": [-2.25, 13.65, 21.15], "size": [4.5, 4.25, 23.1], "inflate": 0.001, "uv": [0, 95]},
						{"origin": [2.35, 23.675, -21.8], "size": [1, 1, 12.85], "inflate": -0.2, "pivot": [3.15, 23.875, -21.6], "rotation": [0, 0, -22.75], "uv": [16, 142]},
						{"origin": [2, 23.675, 6.35], "size": [1, 1, 1], "inflate": -0.1, "pivot": [2.75, 23.875, 7.5], "rotation": [-20.75, 0, 0], "uv": [63, 2]},
						{"origin": [2, 23.675, 3.65], "size": [1, 1, 1], "inflate": -0.1, "pivot": [2.75, 23.875, 4.8], "rotation": [-20.75, 0, 0], "uv": [63, 0]},
						{"origin": [2, 19.075, 3.65], "size": [1, 1, 1], "inflate": -0.1, "pivot": [2.75, 19.275, 4.8], "rotation": [-20.75, 0, 0], "uv": [0, 63]},
						{"origin": [-3, 23.675, 6.35], "size": [1, 1, 1], "inflate": -0.1, "pivot": [-2.75, 23.875, 7.5], "rotation": [-20.75, 0, 0], "uv": [55, 0]},
						{"origin": [-3, 21.275, 6.05], "size": [1, 1, 1], "inflate": -0.1, "pivot": [-2.75, 21.475, 7.2], "rotation": [-20.75, 0, 0], "uv": [54, 32]},
						{"origin": [-3, 23.175, 3.65], "size": [1, 1, 1], "inflate": -0.1, "pivot": [-2.75, 23.375, 4.8], "rotation": [-20.75, 0, 0], "uv": [55, 43]},
						{"origin": [-3, 19.075, 3.65], "size": [1, 1, 1], "inflate": -0.1, "pivot": [-2.75, 19.275, 4.8], "rotation": [-20.75, 0, 0], "uv": [55, 48]},
						{"origin": [2, 19.075, -26.35], "size": [1, 1, 1], "inflate": -0.1, "pivot": [2.75, 19.275, -25.2], "rotation": [-20.75, 0, 0], "uv": [0, 61]},
						{"origin": [1.9, 21.075, -26.35], "size": [1, 1, 1], "pivot": [2.65, 21.275, -25.2], "rotation": [-20.75, 0, 0], "uv": [50, 57]},
						{"origin": [2, 23.375, -24.6], "size": [1, 1, 1], "inflate": -0.1, "pivot": [2.75, 23.575, -23.45], "rotation": [-20.75, 0, 0], "uv": [9, 61]},
						{"origin": [2, 23.375, -28.35], "size": [1, 1, 1], "inflate": -0.1, "pivot": [2.75, 23.575, -27.2], "rotation": [-20.75, 0, 0], "uv": [54, 57]},
						{"origin": [-3, 19.075, -37.35], "size": [6, 1, 1], "inflate": -0.1, "pivot": [2.75, 19.275, -36.2], "rotation": [-20.75, 0, 0], "uv": [45, 24]},
						{"origin": [-3, 23.375, -37.35], "size": [6, 1, 1], "inflate": -0.1, "pivot": [2.75, 23.575, -36.2], "rotation": [-20.75, 0, 0], "uv": [16, 57]},
						{"origin": [-3.25, 20.25, -45.075], "size": [6.5, 2, 2], "inflate": -0.5, "pivot": [2.75, 20.45, -43.925], "rotation": [-20.75, 0, 0], "uv": [89, 48]},
						{"origin": [-2.25, 18.9, -52.35], "size": [4.5, 3.1, 14.1], "uv": [140, 105]},
						{"origin": [1.6, 20.9, -44.35], "size": [1, 2.6, 14.1], "inflate": 0.001, "uv": [63, 0]},
						{"origin": [1.6, 19.5, -39.375], "size": [1, 2.1, 1.1], "pivot": [2.6, 21.6, -39.375], "rotation": [30.25, 0, 0], "uv": [30, 5]},
						{"origin": [-2.6, 19.5, -39.375], "size": [1, 2.1, 1.1], "pivot": [-2.6, 21.6, -39.375], "rotation": [30.25, 0, 0], "uv": [30, 0]},
						{"origin": [-2.6, 20.9, -44.35], "size": [1, 2.6, 14.1], "inflate": 0.001, "uv": [0, 61]},
						{"origin": [-2, 17.325, -14.85], "size": [4, 1.4, 20.75], "uv": [89, 33]},
						{"origin": [-2, 16.125, -11.05], "size": [4, 1.4, 8.8], "inflate": -0.001, "uv": [123, 105]},
						{"origin": [-0.5, 13.5, -5.65], "size": [2, 4, 1], "inflate": -0.1, "pivot": [1.025, 13.5, -4.65], "rotation": [-10.5, 0, 0], "uv": [15, 80]},
						{"origin": [-1.5, 13.1, -10.45], "size": [3, 5, 1], "inflate": -0.098, "uv": [63, 16]},
						{"origin": [-1.5, 13.7, -3.7], "size": [3, 3.65, 1], "inflate": -0.098, "pivot": [1.525, 13.35, -3.7], "rotation": [-7.5, 0, 0], "uv": [0, 77]},
						{"origin": [-1.5, 13.6, -9.725], "size": [3, 5.75, 1], "inflate": -0.099, "pivot": [1.525, 13.6, -9.725], "rotation": [-96.75, 0, 0], "uv": [40, 61]},
						{"origin": [-1.5, 13.975, -9.85], "size": [3, 1, 1], "inflate": -0.1, "pivot": [1.525, 13.975, -9.85], "rotation": [-129.5, 0, 0], "uv": [30, 57]},
						{"origin": [-1.5, 14.35, -3.35], "size": [3, 1, 2.375], "inflate": -0.1, "pivot": [1.525, 14.35, -3.35], "rotation": [-132, 0, 0], "uv": [30, 20]},
						{"origin": [-1, 23.425, -100.8], "size": [2, 2, 59], "pivot": [0, 24.425, -100.8], "rotation": [0, 0, -20], "uv": [0, 0]},
						{"origin": [-1, 22.5, -24.05], "size": [2, 2, 31], "pivot": [0, 23.5, -24.05], "rotation": [0, 0, -20], "uv": [63, 0]},
						{"origin": [-1, 19.575, -73.8], "size": [2, 2, 22], "inflate": -0.3, "pivot": [0, 20.575, -73.8], "rotation": [0, 0, -20], "uv": [63, 33]},
						{"origin": [-1, 19.575, -77.3], "size": [2, 2, 6.25], "pivot": [0, 20.575, -77.3], "rotation": [0, 0, -20], "uv": [135, 45]},
						{"origin": [-0.5, 22.325, -79.1], "size": [1, 1.5, 3.15], "inflate": 0.001, "uv": [63, 50]},
						{"origin": [-0.5, 19.15, -79.1], "size": [1, 3.175, 2.425], "pivot": [0, 22.325, -79.1], "rotation": [39.25, 0, 0], "uv": [7, 6]},
						{"origin": [-1, 19.575, -70.55], "size": [2, 2, 4.75], "pivot": [0, 20.575, -70.55], "rotation": [0, 0, -20], "uv": [15, 0]},
						{"origin": [-1, 23.425, -78.9], "size": [2, 2, 3], "inflate": 0.3, "pivot": [0, 24.425, -78.9], "rotation": [0, 0, -20], "uv": [48, 48]},
						{"origin": [-1, 23.425, -100.15], "size": [2, 2, 3.5], "inflate": 0.1, "pivot": [0, 24.425, -100.15], "rotation": [0, 0, -20], "uv": [48, 43]},
						{"origin": [-1, 23.425, -112.4], "size": [2, 2, 11.5], "inflate": 0.1, "pivot": [0, 24.425, -112.4], "rotation": [0, 0, -20], "uv": [143, 75]},
						{"origin": [-1, 23.425, -42.475], "size": [2, 2, 11], "inflate": 0.6, "pivot": [0, 24.425, -42.475], "rotation": [0, 0, -20], "uv": [143, 88]},
						{"origin": [-0.75, 25.275, -100.05], "size": [1.5, 6, 1.75], "inflate": -0.2, "uv": [78, 16]},
						{"origin": [-0.75, 25.275, -98.8], "size": [1.5, 3, 1.75], "inflate": -0.2, "uv": [23, 0]},
						{"origin": [-0.75, 27.15, -99.275], "size": [1.5, 3.675, 1.75], "inflate": -0.201, "pivot": [0.25, 28.9, -99.275], "rotation": [22.25, 0, 0], "uv": [15, 0]},
						{"origin": [-0.5, 30.175, -99.9], "size": [1, 2, 1.25], "inflate": -0.35, "uv": [35, 13]},
						{"origin": [0.32, 31.065, -100.15], "size": [1, 1.5, 2], "inflate": -0.302, "pivot": [1, 31.375, -99.85], "rotation": [0, 0, -15], "uv": [38, 50]},
						{"origin": [-0.1, 30.075, -100.15], "size": [1, 1.7, 2], "inflate": -0.301, "pivot": [0.6, 30.575, -99.85], "rotation": [0, 0, 28], "uv": [38, 43]},
						{"origin": [-0.9, 30.075, -100.15], "size": [1, 1.7, 2], "inflate": -0.301, "pivot": [-0.6, 30.575, -99.85], "rotation": [0, 0, -28], "uv": [38, 37]},
						{"origin": [-1.32, 31.065, -100.15], "size": [1, 1.5, 2], "inflate": -0.302, "pivot": [-1, 31.375, -99.85], "rotation": [0, 0, 15], "uv": [38, 30]}
					]
				},
				{
					"name": "cover",
					"parent": "gun",
					"pivot": [1.75, 26.775, -32],
					"cubes": [
						{"origin": [2.4, 25.15, -30.95], "size": [1, 3.7, 2.1], "uv": [79, 6]},
						{"origin": [2.25, 27.85, -30.55], "size": [1.15, 1, 1.7], "pivot": [3.4, 28.85, -30.95], "rotation": [0, 0, 36.75], "uv": [63, 7]},
						{"origin": [-2.9, 25.15, -30.95], "size": [1, 3.7, 2.1], "uv": [23, 77]},
						{"origin": [-1.5, 29.25, -21.85], "size": [3, 1.525, 10.85], "inflate": 0.001, "uv": [143, 137]},
						{"origin": [0.7, 29.45, -29.05], "size": [1, 1.525, 7.4], "inflate": -0.2, "uv": [21, 131]},
						{"origin": [-0.825, 30, -28.025], "size": [2, 1.25, 2], "inflate": -0.5, "pivot": [1.175, 31.775, -27.825], "rotation": [0, -23.75, 0], "uv": [15, 77]},
						{"origin": [-1.7, 29.45, -29.05], "size": [1, 1.525, 7.4], "inflate": -0.2, "uv": [0, 131]},
						{"origin": [-6.4, 29.775, -28.55], "size": [1, 1, 11.4], "inflate": -0.22, "pivot": [-5.4, 30.875, -28.35], "rotation": [0, 0, -21], "uv": [147, 0]},
						{"origin": [2.775, 28.9, -29.05], "size": [1, 1, 10.65], "inflate": -0.22, "pivot": [2.775, 30, -28.85], "rotation": [0, 0, 21], "uv": [0, 106]},
						{"origin": [-6.4, 28.85, -29.05], "size": [1, 2, 2.4], "inflate": -0.2, "pivot": [-5.4, 30.875, -28.85], "rotation": [0, 0, -21], "uv": [0, 81]},
						{"origin": [-6.4, 28.85, -19.8], "size": [1, 2, 2.9], "inflate": -0.2, "pivot": [-5.4, 30.875, -18.6], "rotation": [0, 0, -21], "uv": [79, 50]},
						{"origin": [-1.5, 27.625, -11.6], "size": [3, 1.65, 16.1], "inflate": 0.001, "uv": [138, 45]},
						{"origin": [-1.5, 27.625, 4.5], "size": [3, 1.65, 2.4], "pivot": [1.5, 29.275, 4.5], "rotation": [-42, 0, 0], "uv": [0, 21]},
						{"origin": [-1, 27.7, 6.2], "size": [2, 1, 2], "inflate": -0.2, "pivot": [1, 29.35, 6.2], "rotation": [-46, 0, 0], "uv": [0, 51]},
						{"origin": [-1, 27.7, 6.425], "size": [2, 1.275, 1], "inflate": -0.199, "pivot": [1, 29.35, 6.425], "rotation": [-57.25, 0, 0], "uv": [38, 57]},
						{"origin": [-3, 27.625, 6.875], "size": [6, 1.65, 2.025], "inflate": 0.001, "pivot": [0, 29.275, 4.5], "rotation": [-42, 0, 0], "uv": [98, 15]},
						{"origin": [-3, 25.15, 4.375], "size": [6, 1.175, 3.4], "uv": [30, 24]},
						{"origin": [1.4, 28.175, -28.85], "size": [1.6, 1.05, 16.35], "uv": [103, 141]},
						{"origin": [-3, 29.025, -28.85], "size": [6, 1.55, 11.75], "inflate": 0.001, "uv": [140, 122]},
						{"origin": [-4, 29.425, -24.85], "size": [1, 1.05, 3.75], "uv": [75, 33]},
						{"origin": [-5.25, 29.125, -24.85], "size": [1.25, 1.35, 3.75], "inflate": -0.001, "pivot": [-4, 30.475, -24.85], "rotation": [0, 0, -35.5], "uv": [40, 67]},
						{"origin": [-5, 29.525, -28.85], "size": [2, 1.05, 11.75], "pivot": [-3, 30.575, -28.85], "rotation": [0, 0, -34], "uv": [33, 43]},
						{"origin": [-5.3, 28.55, -28.85], "size": [1.45, 1.05, 11.75], "inflate": -0.001, "pivot": [-3.85, 29.6, -28.85], "rotation": [0, 0, 12.25], "uv": [68, 147]},
						{"origin": [-3, 25.625, -28.85], "size": [6, 4.95, 1.5], "pivot": [3, 30.575, -28.85], "rotation": [-58.5, 0, 0], "uv": [16, 68]},
						{"origin": [-2.75, 24.15, -28.775], "size": [5.5, 1.2, 1.5], "pivot": [3, 29.1, -28.775], "rotation": [-73, 0, 0], "uv": [15, 11]},
						{"origin": [-3, 29.025, -17.1], "size": [6, 1.55, 2.05], "inflate": -0.001, "pivot": [3, 30.575, -17.1], "rotation": [-58.25, 0, 0], "uv": [98, 24]},
						{"origin": [-3, 28.175, -30.65], "size": [1.6, 1.05, 18.15], "inflate": 0.002, "uv": [123, 86]},
						{"origin": [1.9, 25.15, -18.85], "size": [1, 1, 5], "uv": [0, 6]},
						{"origin": [2.4, 25.15, -28.85], "size": [1, 1, 10], "uv": [32, 148]},
						{"origin": [-3, 25.15, -19.85], "size": [1, 3.1, 8.1], "inflate": 0.001, "uv": [98, 0]},
						{"origin": [2, 26.15, -18.85], "size": [1, 2.1, 7.1], "inflate": 0.001, "uv": [78, 16]},
						{"origin": [2, 22.45, -17.85], "size": [1, 3.7, 1.1], "pivot": [3, 26.15, -17.85], "rotation": [74, 0, 0], "uv": [0, 6]},
						{"origin": [2, 25.15, -14.35], "size": [1, 1.6, 20.6], "inflate": 0.003, "uv": [97, 117]},
						{"origin": [-3, 25.15, -14.35], "size": [1, 1.6, 20.6], "inflate": 0.002, "uv": [117, 24]},
						{"origin": [-3, 27.875, -12.525], "size": [6, 1.35, 3.125], "pivot": [3, 29.225, -12.5], "rotation": [-44, 0, 0], "uv": [40, 86]},
						{"origin": [-1.5, 29.175, -11], "size": [3, 1.6, 3.1], "pivot": [1.5, 30.775, -11], "rotation": [-44, 0, 0], "uv": [13, 34]},
						{"origin": [1.5, 26.625, -11.8], "size": [1.5, 1.05, 18.05], "inflate": 0.002, "uv": [41, 129]},
						{"origin": [2.35, 25.675, -13.8], "size": [1, 1, 17.85], "inflate": -0.2, "uv": [139, 18]},
						{"origin": [2.45, 25.15, 4.85], "size": [1, 2, 2], "inflate": -0.2, "pivot": [3.25, 25.35, 5.05], "rotation": [21.5, 0, 0], "uv": [4, 83]},
						{"origin": [-3.45, 25.15, 4.85], "size": [1, 2, 2], "inflate": -0.2, "pivot": [-3.25, 25.35, 5.05], "rotation": [21.5, 0, 0], "uv": [21, 82]},
						{"origin": [-3.35, 25.675, -2.8], "size": [1, 1, 6.85], "inflate": -0.2, "uv": [16, 61]},
						{"origin": [2.35, 25.675, -17.75], "size": [1, 1, 4.35], "inflate": -0.2, "pivot": [3.15, 25.875, -13.6], "rotation": [-20.75, 0, 0], "uv": [48, 30]},
						{"origin": [-3, 26.625, -11.8], "size": [1.5, 1.05, 18.05], "uv": [21, 122]},
						{"origin": [1, 26.325, -11.8], "size": [2, 1.35, 17.25], "pivot": [3, 27.675, -11.6], "rotation": [0, 0, 21.25], "uv": [122, 137]},
						{"origin": [1, 27.875, -17.3], "size": [2, 1.35, 4.8], "pivot": [3, 29.225, -17.1], "rotation": [0, 0, 21.25], "uv": [30, 5]},
						{"origin": [-3, 27.875, -17.3], "size": [2, 1.35, 4.8], "pivot": [-3, 29.225, -17.1], "rotation": [0, 0, -21.25], "uv": [30, 0]},
						{"origin": [1, 27.875, -12.5], "size": [2, 1.35, 2.85], "pivot": [3, 29.225, -12.5], "rotation": [-41.98815, 14.58231, 15.62822], "uv": [79, 3]},
						{"origin": [-3, 27.875, -12.525], "size": [2, 1.35, 2.875], "pivot": [-3, 29.225, -12.5], "rotation": [-41.98815, -14.58231, -15.62822], "uv": [79, 0]},
						{"origin": [-3, 26.325, -11.8], "size": [2, 1.35, 17.25], "pivot": [-3, 27.675, -11.6], "rotation": [0, 0, -21.25], "uv": [126, 0]},
						{"origin": [-2.05, 30.55, -12.625], "size": [1, 1.4, 1.4], "inflate": -0.2, "pivot": [-1.45, 31.85, -11.425], "rotation": [-8, 0, 0], "uv": [54, 30]},
						{"origin": [1.05, 30.55, -12.625], "size": [1, 1.4, 1.4], "inflate": -0.2, "pivot": [1.45, 31.85, -11.425], "rotation": [-8, 0, 0], "uv": [38, 7]},
						{"origin": [-2.25, 30.625, -8.075], "size": [1.9, 1, 1], "inflate": -0.001, "pivot": [-1.75, 31.725, -7.075], "rotation": [24.25, 0, 0], "uv": [5, 44]},
						{"origin": [0.35, 30.625, -8.075], "size": [1.9, 1, 1], "inflate": -0.001, "pivot": [1.75, 31.725, -7.075], "rotation": [24.25, 0, 0], "uv": [48, 30]},
						{"origin": [-0.075, 30.75, -12.625], "size": [1.65, 1, 8.6], "inflate": -0.3, "uv": [0, 122]},
						{"origin": [-1.575, 30.75, -12.625], "size": [1.65, 1, 8.6], "inflate": -0.3, "uv": [46, 118]},
						{"origin": [-1.575, 30.75, -13.325], "size": [1.65, 1, 1.3], "inflate": -0.301, "pivot": [-1.275, 31.05, -12.325], "rotation": [-73.75, 0, 0], "uv": [54, 20]},
						{"origin": [-0.575, 30.75, -13.025], "size": [1.15, 1, 1], "inflate": -0.302, "pivot": [-0.275, 31.05, -12.325], "rotation": [-73.75, 0, 0], "uv": [20, 52]},
						{"origin": [-0.45, 30.1, -11.825], "size": [1, 1.25, 1], "inflate": -0.002, "pivot": [-1.75, 31.625, -10.825], "rotation": [24.25, 0, 0], "uv": [6, 51]},
						{"origin": [-0.075, 30.75, -13.325], "size": [1.65, 1, 1.3], "inflate": -0.301, "pivot": [1.275, 31.05, -12.325], "rotation": [-73.75, 0, 0], "uv": [48, 32]},
						{"origin": [0.55, 29.9, -4.85], "size": [1, 1.1, 3.4], "inflate": -0.2, "pivot": [1.35, 30.8, -1.65], "rotation": [-10.25, 0, 0], "uv": [63, 46]},
						{"origin": [-1.55, 29.9, -4.85], "size": [1, 1.1, 3.4], "inflate": -0.2, "pivot": [-1.35, 30.8, -1.65], "rotation": [-10.25, 0, 0], "uv": [63, 37]},
						{"origin": [-1.35, 28.7, -7.15], "size": [2.7, 2.1, 5.5], "inflate": 0.001, "uv": [0, 61]},
						{"origin": [-1.35, 29.2, -10.9], "size": [2.7, 1.1, 5.5], "inflate": -0.001, "uv": [63, 7]},
						{"origin": [-1.35, 29.7, -9.15], "size": [2.7, 1.1, 2], "inflate": -0.002, "pivot": [1.15, 30.8, -7.15], "rotation": [25.5, 0, 0], "uv": [48, 20]}
					]
				},
				{
					"name": "flap",
					"parent": "cover",
					"pivot": [3.175, 29.5, -28.75],
					"cubes": [
						{"origin": [2.6, 26.55, -28.95], "size": [1, 3.25, 10.45], "inflate": -0.22, "pivot": [3.175, 29.5, -28.75], "rotation": [0, 0, -33.75], "uv": [63, 33]}
					]
				},
				{
					"name": "flap2",
					"parent": "cover",
					"pivot": [-5.8431, 30.3356, -27.75],
					"rotation": [0, 0, -10],
					"cubes": [
						{"origin": [-6.2681, 27.1356, -28.95], "size": [1, 3.5, 11.85], "inflate": -0.23, "pivot": [-5.8431, 30.3356, -27.75], "rotation": [0, 0, 33.75], "uv": [0, 30]},
						{"origin": [-5.1681, 27.4856, -28.95], "size": [1, 1, 11.85], "inflate": -0.22, "pivot": [-5.8431, 30.3356, -27.75], "rotation": [0, 0, 66], "uv": [146, 62]}
					]
				},
				{
					"name": "coverrail",
					"parent": "cover",
					"pivot": [1, 28.325, -16.95],
					"cubes": [
						{"origin": [-0.7, 30.825, -28.9], "size": [2, 1, 16.15], "inflate": -0.2, "uv": [156, 180]},
						{"origin": [-1.3, 30.825, -28.9], "size": [2, 1, 16.15], "inflate": -0.201, "uv": [149, 162]},
						{"origin": [-1, 30.325, -28.8], "size": [2, 1, 15.95], "inflate": -0.102, "uv": [105, 170]}
					]
				},
				{
					"name": "_cb_scope",
					"parent": "cover",
					"pivot": [0, 29.25, -12.65],
					"cubes": [
						{"origin": [-0.5, 31.15, -23.5], "size": [1, 1, 1], "uv": [49, 22]}
					]
				},
				{
					"name": "_cb_canted",
					"parent": "cover",
					"pivot": [0, 29.25, -5.9],
					"cubes": [
						{"origin": [-0.5, 31.15, -16.75], "size": [1, 1, 1], "uv": [49, 22]}
					]
				},
				{
					"name": "lever",
					"parent": "gun",
					"pivot": [-5.85, 22.65, -16.425],
					"cubes": [
						{"origin": [-7.35, 21.15, -16.725], "size": [5, 1.5, 2.1], "inflate": -0.2, "pivot": [-5.85, 22.65, -16.425], "rotation": [0, 8.5, 0], "uv": [44, 8]}
					]
				},
				{
					"name": "underrail",
					"parent": "gun",
					"pivot": [1, 21.375, -40.55],
					"cubes": [
						{"origin": [-0.7, 17.875, -52.5], "size": [2, 1, 16.15], "inflate": -0.2, "uv": [156, 180]},
						{"origin": [-1.3, 17.875, -52.5], "size": [2, 1, 16.15], "inflate": -0.201, "uv": [149, 162]},
						{"origin": [-1, 18.375, -52.4], "size": [2, 1, 15.95], "inflate": -0.102, "uv": [105, 170]}
					]
				},
				{
					"name": "flap3",
					"parent": "gun",
					"pivot": [3.025, 23.875, -20.6],
					"cubes": [
						{"origin": [-0.85, 23.675, -20.8], "size": [4, 1, 10.85], "inflate": -0.2, "pivot": [2.95, 23.875, -20.6], "rotation": [0, 0, -90], "uv": [0, 142]},
						{"origin": [-0.275, 23.675, -19.05], "size": [2.7, 1, 7.35], "inflate": -0.2, "pivot": [3.025, 23.875, -20.6], "rotation": [0, 0, -90], "uv": [123, 86]}
					]
				},
				{
					"name": "magazine",
					"parent": "main",
					"pivot": [-12.25, 0.95, -30.35],
					"cubes": [
						{"origin": [-12.25, 0.9, -30.35], "size": [24.5, 14, 11.35], "uv": [40, 61]},
						{"origin": [-10.25, -1.1, -30.35], "size": [20.5, 18, 11.35], "inflate": 0.002, "uv": [59, 86]},
						{"origin": [-10.675, 16.4, -29.85], "size": [4, 1.5, 10.35], "pivot": [-10.675, 17.9, -29.85], "rotation": [0, 0, -68.5], "uv": [30, 13]},
						{"origin": [-10.675, 16.4, -27.85], "size": [1, 1.5, 2.1], "pivot": [-10.675, 17.9, -27.85], "rotation": [0, 0, -20.25], "uv": [5, 37]},
						{"origin": [-10.675, 16.4, -23.85], "size": [1, 1.5, 2.1], "pivot": [-10.675, 17.9, -23.85], "rotation": [0, 0, -20.25], "uv": [5, 30]},
						{"origin": [-3.425, 16.15, -29.85], "size": [1, 1.5, 10.35], "uv": [0, 95]},
						{"origin": [-4.05, 17, -28.85], "size": [2, 1.5, 8.35], "pivot": [-4.05, 18.5, -28.85], "rotation": [0, 0, 60], "uv": [63, 46]},
						{"origin": [2.425, 16.15, -29.85], "size": [1, 1.5, 10.35], "uv": [0, 44]},
						{"origin": [9.4, 12.9, -30.35], "size": [3.35, 2, 11.35], "inflate": -0.001, "pivot": [12.25, 14.9, -30.35], "rotation": [0, 0, 45.5], "uv": [0, 14]},
						{"origin": [-12.25, 12.9, -30.35], "size": [2.85, 2, 11.35], "inflate": -0.001, "pivot": [-12.25, 14.9, -30.35], "rotation": [0, 0, -45.5], "uv": [0, 77]},
						{"origin": [9.4, 0.95, -30.35], "size": [2.85, 2, 11.35], "inflate": -0.001, "pivot": [12.25, 0.95, -30.35], "rotation": [0, 0, -45.5], "uv": [63, 16]},
						{"origin": [-12.25, 0.95, -30.35], "size": [2.85, 2, 11.35], "inflate": -0.001, "pivot": [-12.25, 0.95, -30.35], "rotation": [0, 0, 45.5], "uv": [33, 30]}
					]
				},
				{
					"name": "bullet",
					"parent": "magazine",
					"pivot": [-6.2, 17.325, -28.125],
					"cubes": [
						{"origin": [-7.2, 17.325, -28.125], "size": [1, 1, 7.25], "inflate": 0.2, "pivot": [-6.7, 17.825, -28.125], "rotation": [0, 0, 21], "uv": [119, 127]},
						{"origin": [-7.2, 15.9, -26.125], "size": [1, 4, 3.25], "pivot": [-6.7, 19.65, -28.125], "rotation": [0, 0, -1.25], "uv": [48, 13]}
					]
				},
				{
					"name": "bullet2",
					"parent": "magazine",
					"pivot": [-6.4, 20.85, -28.125],
					"rotation": [0, 0, -14.25],
					"cubes": [
						{"origin": [-7.4, 20.85, -28.125], "size": [1, 1, 7.25], "inflate": 0.2, "pivot": [-6.9, 21.35, -28.125], "rotation": [0, 0, 21], "uv": [41, 127]},
						{"origin": [-7.4, 19.425, -26.125], "size": [1, 4, 3.25], "inflate": 0.001, "pivot": [-6.9, 23.175, -28.125], "rotation": [0, 0, -1.25], "uv": [12, 44]}
					]
				},
				{
					"name": "bullet3",
					"parent": "magazine",
					"pivot": [-6.225, 23.625, -28.125],
					"rotation": [0, 0, 47.75],
					"cubes": [
						{"origin": [-7.225, 23.625, -28.125], "size": [1, 1, 7.25], "inflate": 0.2, "pivot": [-6.725, 24.125, -28.125], "rotation": [0, 0, 21], "uv": [126, 8]},
						{"origin": [-7.225, 22.2, -26.125], "size": [1, 4, 3.25], "pivot": [-6.725, 25.95, -28.125], "rotation": [0, 0, -1.25], "uv": [0, 44]}
					]
				},
				{
					"name": "bullet4",
					"parent": "magazine",
					"pivot": [-3.875, 25.35, -28.125],
					"rotation": [0, 0, 83],
					"cubes": [
						{"origin": [-4.875, 25.35, -28.125], "size": [1, 1, 7.25], "inflate": 0.2, "pivot": [-4.375, 25.85, -28.125], "rotation": [0, 0, 21], "uv": [123, 94]},
						{"origin": [-4.875, 23.925, -26.125], "size": [1, 4, 3.25], "inflate": 0.001, "pivot": [-4.375, 27.675, -28.125], "rotation": [0, 0, -1.25], "uv": [33, 30]}
					]
				},
				{
					"name": "bullet5",
					"parent": "magazine",
					"pivot": [-0.65, 25.375, -28.125],
					"rotation": [0, 0, 95],
					"cubes": [
						{"origin": [-1.65, 25.375, -28.125], "size": [1, 1, 7.25], "inflate": 0.2, "pivot": [-1.15, 25.875, -28.125], "rotation": [0, 0, 21], "uv": [126, 0]},
						{"origin": [-1.65, 23.95, -26.125], "size": [1, 4, 3.25], "pivot": [-1.15, 27.7, -28.125], "rotation": [0, 0, -1.25], "uv": [33, 43]}
					]
				},
				{
					"name": "belt1",
					"parent": "magazine",
					"pivot": [3.225, 25.625, -24.35],
					"rotation": [8.62398, 3.99975, 109.05171],
					"cubes": [
						{"origin": [2.225, 25.625, -26.35], "size": [1, 1, 3.25], "inflate": 0.2, "pivot": [2.725, 26.125, -28.35], "rotation": [0, 0, 21], "uv": [33, 50]},
						{"origin": [2.225, 24.2, -26.35], "size": [1, 4, 3.25], "inflate": 0.001, "pivot": [2.725, 27.95, -28.35], "rotation": [0, 0, -1.25], "uv": [30, 13]}
					]
				},
				{
					"name": "belt2",
					"parent": "magazine",
					"pivot": [5.625, 23.7, -26.3],
					"rotation": [41.32386, -17.48202, 152.61317],
					"cubes": [
						{"origin": [4.625, 23.7, -28.3], "size": [1, 1, 3.25], "inflate": 0.2, "pivot": [5.125, 24.2, -30.3], "rotation": [0, 0, 21], "uv": [17, 48]},
						{"origin": [4.625, 22.275, -28.3], "size": [1, 4, 3.25], "pivot": [5.125, 26.025, -30.3], "rotation": [0, 0, -1.25], "uv": [0, 30]}
					]
				},
				{
					"name": "belt3",
					"parent": "magazine",
					"pivot": [5.625, 20.625, -28.925],
					"rotation": [50.79062, -43.40675, 148.72103],
					"cubes": [
						{"origin": [4.625, 20.625, -30.925], "size": [1, 1, 3.25], "inflate": 0.2, "pivot": [5.125, 21.125, -32.925], "rotation": [0, 0, 21], "uv": [33, 37]},
						{"origin": [4.625, 19.2, -30.925], "size": [1, 4, 3.25], "pivot": [5.125, 22.95, -32.925], "rotation": [0, 0, -1.25], "uv": [17, 14]}
					]
				},
				{
					"name": "belt4",
					"parent": "magazine",
					"pivot": [5.625, 17.55, -30.825],
					"rotation": [45.86358, -70.78637, 140.51803],
					"cubes": [
						{"origin": [4.625, 17.55, -32.825], "size": [1, 1, 3.25], "inflate": 0.2, "pivot": [5.125, 18.05, -34.825], "rotation": [0, 0, 21], "uv": [0, 37]},
						{"origin": [4.625, 16.125, -32.825], "size": [1, 4, 3.25], "pivot": [5.125, 19.875, -34.825], "rotation": [0, 0, -1.25], "uv": [0, 14]}
					]
				},
				{
					"name": "rightarm",
					"parent": "main",
					"pivot": [-4.3, 8.8, 21.8],
					"rotation": [-101.81106, -12.40003, -2.46982],
					"cubes": [
						{"origin": [-8.3, -15.2, 17.8], "size": [8, 24, 8], "uv": [65, 115]}
					]
				},
				{
					"name": "leftarm",
					"parent": "main",
					"pivot": [18.125, 5.05, -27.875],
					"rotation": [-142.30027, 4.52054, -49.98855],
					"cubes": [
						{"origin": [14.125, -18.95, -31.875], "size": [8, 24, 8], "uv": [114, 54]}
					]
				},
				{
					"name": "scope",
					"parent": "main",
					"pivot": [0, 31.825, -0.075],
					"cubes": [
						{"origin": [-0.5, 31.325, -0.375], "size": [1, 1, 1], "inflate": -0.4, "uv": [74, 34]}
					]
				},
				{
					"name": "muzzleflash",
					"parent": "main",
					"pivot": [0, 24.425, -113.3],
					"cubes": [
						{"origin": [-0.5, 23.925, -113.6], "size": [1, 1, 1], "inflate": -0.4, "uv": [56, 9]}
					]
				},
				{
					"name": "_cb_suppressor",
					"parent": "main",
					"pivot": [0, 24.475, -105.65],
					"cubes": [
						{"origin": [-0.5, 23.975, -100.65], "size": [1, 1, 1], "uv": [56, 9]}
					]
				},
				{
					"name": "_cb_grip",
					"parent": "main",
					"pivot": [0, 18.1, -45.475],
					"cubes": [
						{"origin": [-0.5, 17.6, -45.975], "size": [1, 1, 1], "uv": [25, 45]}
					]
				},
				{
					"name": "_camera_",
					"pivot": [6.825, 33.725, 26.45]
				}
			]
		}
	]
}