{
	"format_version": "1.12.0",
	"minecraft:geometry": [
		{
			"description": {
				"identifier": "geometry.unknown",
				"texture_width": 64,
				"texture_height": 64,
				"visible_bounds_width": 8,
				"visible_bounds_height": 4,
				"visible_bounds_offset": [0, 1, 0]
			},
			"bones": [
				{
					"name": "ammo",
					"pivot": [1, 6.75, -11.5],
					"cubes": [
						{"origin": [-1.3, 0, -4.225], "size": [6, 4, 12], "pivot": [4.7, 3, -8.225], "rotation": [0, -13.5, 0], "uv": [0, 0]},
						{"origin": [-1.05, 0, -7.475], "size": [5.5, 3.25, 5], "inflate": -0.001, "pivot": [4.7, 3, -8.225], "rotation": [0, -13.5, 0], "uv": [0, 16]}
					]
				}
			]
		}
	]
}