{
	"format_version": "1.12.0",
	"minecraft:geometry": [
		{
			"description": {
				"identifier": "geometry.unknown",
				"texture_width": 200,
				"texture_height": 200,
				"visible_bounds_width": 9,
				"visible_bounds_height": 4,
				"visible_bounds_offset": [0, 1, 0]
			},
			"bones": [
				{
					"name": "bb_main",
					"pivot": [0, 0, 0]
				},
				{
					"name": "main",
					"pivot": [0, 20, 0]
				},
				{
					"name": "gun",
					"parent": "main",
					"pivot": [1, 11, -1],
					"cubes": [
						{"origin": [-0.875, 11.7, -8.975], "size": [1.75, 2.75, 1], "inflate": -0.2, "pivot": [0.875, 13.45, -9.475], "rotation": [19.75, 0, 0], "uv": [40, 40]},
						{"origin": [-0.5, 15.275, -5.575], "size": [1, 4, 1], "inflate": -0.1, "pivot": [0.5, 15.05, -4.55], "rotation": [-21, 0, 0], "uv": [34, 27]},
						{"origin": [-1.4, 14.225, -10.35], "size": [2.8, 5.425, 2.25], "inflate": -0.098, "uv": [0, 0]},
						{"origin": [-1.05, 14.7, -3.05], "size": [2, 2.125, 1.55], "inflate": -0.098, "pivot": [0.95, 15.975, -3.05], "rotation": [-6.75, 0, 0], "uv": [32, 54]},
						{"origin": [-1, 17.375, -2.875], "size": [2, 2.125, 1.55], "inflate": -0.098, "pivot": [1, 18.65, -2.875], "rotation": [45.75, 0, 0], "uv": [51, 40]},
						{"origin": [-1.75, 13.625, -2.1], "size": [3.5, 5.375, 3.25], "inflate": -0.098, "uv": [93, 79]},
						{"origin": [-1.75, 17.125, 0.95], "size": [3.5, 1.875, 6.8], "inflate": -0.098, "uv": [112, 89]},
						{"origin": [-2, 18.875, -18.8], "size": [1, 2.375, 26.45], "inflate": 0.002, "uv": [92, 107]},
						{"origin": [1.2, 18.875, -18.8], "size": [1, 2.375, 4.2], "uv": [0, 78]},
						{"origin": [1.1, 18.875, -14.8], "size": [1, 2.375, 4.2], "inflate": -0.001, "uv": [28, 67]},
						{"origin": [-1, 18.875, -10.9], "size": [3.2, 2.375, 18.55], "uv": [120, 39]},
						{"origin": [1.7, 20.275, -6.55], "size": [1, 1, 4], "inflate": -0.199, "uv": [80, 18]},
						{"origin": [1.7, 20.275, -18.55], "size": [1, 1, 4], "inflate": -0.199, "uv": [9, 71]},
						{"origin": [1.7, 18.875, -18.55], "size": [1, 1.8, 1], "inflate": -0.199, "uv": [61, 29]},
						{"origin": [1.675, 18.875, -17.875], "size": [1, 1, 1.4], "inflate": -0.2, "pivot": [2.575, 19.675, -17.675], "rotation": [0, -44.75, 0], "uv": [40, 3]},
						{"origin": [1.7, 20.275, 3.45], "size": [1, 1, 4], "inflate": -0.199, "uv": [80, 13]},
						{"origin": [1.9, 18.725, -1.05], "size": [1, 1, 3.25], "inflate": -0.199, "uv": [70, 30]},
						{"origin": [0.9, 18.725, -1.05], "size": [2, 1, 1], "inflate": -0.2, "pivot": [2.7, 19.525, -0.85], "rotation": [0, 0, 44.75], "uv": [66, 40]},
						{"origin": [0.7, 20.275, -6.55], "size": [2, 1, 1], "inflate": -0.2, "pivot": [2.5, 20.475, -6.35], "rotation": [0, 0, -44.75], "uv": [32, 59]},
						{"origin": [0.7, 20.275, -15.55], "size": [2, 1, 1], "inflate": -0.2, "pivot": [2.5, 20.475, -15.35], "rotation": [0, 0, -44.75], "uv": [24, 4]},
						{"origin": [0.7, 20.275, -3.55], "size": [2, 1, 1], "inflate": -0.2, "pivot": [2.5, 20.475, -3.35], "rotation": [0, 0, -44.75], "uv": [32, 57]},
						{"origin": [0.7, 20.275, 6.45], "size": [2, 1, 1], "inflate": -0.2, "pivot": [2.5, 20.475, 6.65], "rotation": [0, 0, -44.75], "uv": [51, 3]},
						{"origin": [0.7, 20.275, 3.45], "size": [2, 1, 1], "inflate": -0.2, "pivot": [2.5, 20.475, 3.65], "rotation": [0, 0, -44.75], "uv": [51, 43]},
						{"origin": [0.9, 18.725, 1.2], "size": [2, 1, 1], "inflate": -0.2, "pivot": [2.7, 19.525, 1.4], "rotation": [0, 0, 44.75], "uv": [32, 65]},
						{"origin": [0.9, 18.725, -8.8], "size": [2, 1, 1], "inflate": -0.2, "pivot": [2.7, 19.525, -8.6], "rotation": [0, 0, 44.75], "uv": [32, 61]},
						{"origin": [1.9, 18.725, -11.05], "size": [1, 1, 3.25], "inflate": -0.199, "uv": [49, 48]},
						{"origin": [0.9, 18.725, -11.05], "size": [2, 1, 1], "inflate": -0.2, "pivot": [2.7, 19.525, -10.85], "rotation": [0, 0, 44.75], "uv": [32, 63]},
						{"origin": [1.425, 21.325, -18.8], "size": [1, 1.275, 26.25], "pivot": [2.425, 21.3, -11.2], "rotation": [0, 0, -25], "uv": [0, 117]},
						{"origin": [-2.3, 20.85, -3.1], "size": [1, 1.275, 10.55], "pivot": [-2.3, 20.825, -3.2], "rotation": [0, 0, 14.75], "uv": [95, 0]},
						{"origin": [-2.5, 20.95, -5.35], "size": [1, 2.275, 2.2], "inflate": 0.001, "pivot": [-2.5, 20.825, -3.15], "rotation": [-34.09128, 3.51276, 19.92268], "uv": [24, 0]},
						{"origin": [-2.5, 21.625, -8.475], "size": [1, 2.275, 4.425], "pivot": [-2.5, 20.825, -3.15], "rotation": [-13.34128, 3.51276, 19.92268], "uv": [40, 79]},
						{"origin": [-2.5, 17.525, -19.375], "size": [5, 1.325, 10.15], "inflate": -0.3, "pivot": [1.85, 17.85, -18.7], "rotation": [-23.25, 0, 0], "uv": [0, 78]},
						{"origin": [-2, 17.05, -14.975], "size": [4, 2.075, 5.275], "inflate": -0.001, "uv": [0, 108]},
						{"origin": [-2, 18.275, -19.275], "size": [4, 2.075, 8.775], "pivot": [1.6, 17.85, -18.7], "rotation": [-23.25, 0, 0], "uv": [10, 98]},
						{"origin": [-2, 16.925, -10.7], "size": [4, 4.6, 1.025], "inflate": 0.001, "pivot": [1.6, 17.625, -18.7], "rotation": [-16, 0, 0], "uv": [80, 27]},
						{"origin": [-1.4, 14.525, -8.375], "size": [2.8, 7.25, 1], "inflate": -0.099, "pivot": [1.6, 15.15, -8.375], "rotation": [-94.75, 0, 0], "uv": [32, 19]},
						{"origin": [0, 25.7, -18.8], "size": [1.5, 1, 23.975], "pivot": [0, 26.7, -18.8], "rotation": [0, 0, 18.75], "uv": [120, 0]},
						{"origin": [0, 25.7, 5.175], "size": [1.5, 1, 1.075], "pivot": [0, 26.7, 5.175], "rotation": [-45, 0, 18.75], "uv": [34, 67]},
						{"origin": [-1.5, 25.7, 5.175], "size": [1.5, 1, 1.075], "pivot": [0, 26.7, 5.175], "rotation": [-45, 0, -18.75], "uv": [61, 31]},
						{"origin": [1.425, 25.225, -18.8], "size": [4.95, 1, 24.5], "inflate": 0.001, "pivot": [1.425, 26.225, -18.8], "rotation": [0, 0, 82.5], "uv": [112, 78]},
						{"origin": [3.425, 25.225, 5.7], "size": [2.65, 1, 1.75], "inflate": 0.001, "pivot": [1.425, 26.225, 5.7], "rotation": [0, 0, 82.5], "uv": [71, 2]},
						{"origin": [1.425, 25.225, 5.7], "size": [1.4, 1, 2.65], "pivot": [1.425, 26.225, 5.7], "rotation": [0, 48.9, 82.5], "uv": [32, 51]},
						{"origin": [-2.825, 25.225, 5.7], "size": [1.4, 1, 2.65], "pivot": [-1.425, 26.225, 5.7], "rotation": [0, -48.9, -82.5], "uv": [51, 0]},
						{"origin": [-1.425, 25.225, 5.7], "size": [2.85, 1, 2.65], "inflate": 0.001, "pivot": [0.075, 26.225, 5.7], "rotation": [-48.5, 0, 0], "uv": [48, 54]},
						{"origin": [-6.325, 25.225, 5.7], "size": [2.9, 1, 1.75], "inflate": 0.001, "pivot": [-1.425, 26.225, 5.7], "rotation": [0, 0, -82.5], "uv": [69, 0]},
						{"origin": [-1.45, 22.225, 5.7], "size": [2.9, 2, 1.75], "inflate": 0.002, "uv": [32, 45]},
						{"origin": [-2.75, 20.225, -28.8], "size": [5.5, 4, 10], "inflate": 0.002, "uv": [40, 58]},
						{"origin": [-2.75, 20.575, -30.05], "size": [4.5, 3.65, 1.3], "inflate": 0.001, "uv": [80, 44]},
						{"origin": [-1.75, 24.225, -30.05], "size": [3.5, 1.25, 1.3], "inflate": 0.001, "uv": [49, 31]},
						{"origin": [-2.75, 18.225, -19.8], "size": [5.5, 2, 1], "uv": [40, 14]},
						{"origin": [1.75, 23.225, -28.8], "size": [1, 1, 10], "pivot": [2.75, 24.225, -28.8], "rotation": [0, 0, 43.5], "uv": [112, 78]},
						{"origin": [1.4, 22.375, -30.3], "size": [1, 1.2, 2], "inflate": -0.2, "pivot": [2.4, 23.575, -30.3], "rotation": [0, 0, 80.5], "uv": [32, 48]},
						{"origin": [-2.75, 9.975, -28.8], "size": [5.5, 10.25, 1], "inflate": 0.001, "pivot": [2.75, 20.225, -28.8], "rotation": [75, 0, 0], "uv": [61, 18]},
						{"origin": [-2.75, 20.225, -28.8], "size": [4.5, 1.275, 1], "inflate": 0.001, "pivot": [1.75, 20.225, -28.8], "rotation": [75, 0, 0], "uv": [25, 35]},
						{"origin": [-2.75, 11.875, -28.8], "size": [5.5, 5.35, 1.5], "inflate": -0.001, "pivot": [2.75, 21.125, -28.8], "rotation": [75, 0, 0], "uv": [94, 91]},
						{"origin": [-2.475, 25.225, -18.8], "size": [1.05, 1, 24.5], "inflate": 0.001, "pivot": [-1.425, 26.225, -18.8], "rotation": [0, 0, -82.5], "uv": [28, 118]},
						{"origin": [-6.475, 25.225, -3.15], "size": [4.05, 1, 8.85], "inflate": 0.001, "pivot": [-1.425, 26.225, -18.8], "rotation": [0, 0, -82.5], "uv": [80, 107]},
						{"origin": [-4.875, 25.225, -8.15], "size": [2.45, 1, 5], "inflate": 0.001, "pivot": [-1.425, 26.225, -18.8], "rotation": [0, 0, -82.5], "uv": [16, 32]},
						{"origin": [-1.5, 25.7, -18.8], "size": [1.5, 1, 23.975], "pivot": [0, 26.7, -18.8], "rotation": [0, 0, -18.75], "uv": [54, 118]},
						{"origin": [0, 26.05, -30.05], "size": [1.7, 1, 11.275], "pivot": [0, 27.05, -30.05], "rotation": [0, 0, 18.75], "uv": [80, 52]},
						{"origin": [1.625, 25.475, -30.05], "size": [1.2, 1, 11.25], "inflate": 0.001, "pivot": [1.625, 26.475, -30.05], "rotation": [0, 0, 77.75], "uv": [80, 64]},
						{"origin": [2.825, 24.475, -28.8], "size": [1, 2, 10], "inflate": 0.001, "pivot": [1.625, 26.475, -30.05], "rotation": [0, 0, 77.75], "uv": [94, 24]},
						{"origin": [-3.825, 23.725, -30.05], "size": [2.2, 2.75, 11.25], "inflate": 0.001, "pivot": [-1.625, 26.475, -30.05], "rotation": [0, 0, -77.75], "uv": [80, 0]},
						{"origin": [-2.75, 22.975, -30.05], "size": [1.5, 1.25, 11.25], "pivot": [-2.75, 24.225, -30.05], "rotation": [0, 0, -43.5], "uv": [80, 40]},
						{"origin": [-1.7, 26.05, -30.05], "size": [1.7, 1, 11.275], "inflate": 0.001, "pivot": [0, 27.05, -30.05], "rotation": [0, 0, -18.75], "uv": [80, 79]},
						{"origin": [-1, 25.575, 7.2], "size": [2, 1.25, 2], "inflate": -0.3, "pivot": [1, 26.825, 6.6], "rotation": [-67.25, 0, 0], "uv": [40, 54]},
						{"origin": [-0.5, 25.35, 7.625], "size": [1, 1.125, 1], "inflate": -0.1, "pivot": [0.5, 26.725, 7.025], "rotation": [-78.25, 0, 0], "uv": [34, 36]},
						{"origin": [-1.75, 23.75, -38.1], "size": [3.5, 3.1, 7.5], "uv": [58, 79]},
						{"origin": [-1.75, 26.1, -38.1], "size": [3.5, 1.1, 5.5], "inflate": -0.001, "uv": [0, 32]},
						{"origin": [-1.75, 26.1, -32.6], "size": [3.5, 1.1, 1], "inflate": -0.002, "pivot": [1.25, 27.2, -32.6], "rotation": [-25.5, 0, 0], "uv": [24, 45]},
						{"origin": [-1.75, 26.6, -38.1], "size": [3.5, 1.1, 1.5], "inflate": -0.002, "uv": [0, 45]},
						{"origin": [0.35, 27.025, -31.925], "size": [1.9, 1, 1], "inflate": -0.001, "pivot": [1.75, 28.125, -31.925], "rotation": [-24.25, 0, 0], "uv": [46, 54]},
						{"origin": [-2.25, 27.025, -31.925], "size": [1.9, 1, 1], "inflate": -0.001, "pivot": [-1.75, 28.125, -31.925], "rotation": [-24.25, 0, 0], "uv": [52, 14]},
						{"origin": [-0.075, 27.15, -37.725], "size": [1.65, 1, 7.6], "inflate": -0.3, "uv": [40, 26]},
						{"origin": [-1.575, 27.15, -37.725], "size": [1.65, 1, 7.6], "inflate": -0.3, "uv": [40, 18]},
						{"origin": [-0.075, 27.15, -30.725], "size": [1.65, 1, 1.3], "inflate": -0.301, "pivot": [1.275, 27.45, -30.425], "rotation": [73.75, 0, 0], "uv": [40, 50]},
						{"origin": [-1.575, 27.15, -30.725], "size": [1.65, 1, 1.3], "inflate": -0.301, "pivot": [-1.275, 27.45, -30.425], "rotation": [73.75, 0, 0], "uv": [40, 48]},
						{"origin": [-0.575, 27.15, -30.725], "size": [1.15, 1, 1], "inflate": -0.302, "pivot": [-0.275, 27.45, -30.425], "rotation": [73.75, 0, 0], "uv": [40, 43]},
						{"origin": [-0.45, 26.85, -31.925], "size": [1, 1, 1], "inflate": -0.002, "pivot": [-1.75, 28.125, -31.925], "rotation": [-24.25, 0, 0], "uv": [33, 42]},
						{"origin": [0.5, 27.1, -36.95], "size": [1, 1.1, 3.5], "inflate": -0.001, "pivot": [1.5, 28.2, -36.95], "rotation": [-16.75, 0, 0], "uv": [70, 26]},
						{"origin": [-1.5, 27.1, -36.95], "size": [1, 1.1, 3.5], "inflate": -0.001, "pivot": [-1.5, 28.2, -36.95], "rotation": [-16.75, 0, 0], "uv": [60, 62]},
						{"origin": [-0.5, 26.575, -66.8], "size": [1, 2, 1.25], "inflate": -0.35, "uv": [33, 39]},
						{"origin": [-1.25, 24.625, -67.45], "size": [2.5, 3.05, 2.75], "inflate": -0.2, "uv": [49, 18]},
						{"origin": [0.35, 26.95, -67.05], "size": [1, 1.7, 2.45], "inflate": -0.301, "uv": [40, 29]},
						{"origin": [-1.35, 26.95, -67.05], "size": [1, 1.7, 2.45], "inflate": -0.301, "uv": [40, 26]}
					]
				},
				{
					"name": "asvalkit",
					"parent": "gun",
					"pivot": [3.15, 22.775, 7.9],
					"cubes": [
						{"origin": [-1.6, 19.3, 10.375], "size": [3.2, 2, 26.65], "inflate": -0.3, "pivot": [2, 21.1, 15.325], "rotation": [-5.5, 0, 0], "uv": [80, 79]},
						{"origin": [-1.85, 7.875, 35.25], "size": [3.7, 11.6, 2.65], "inflate": -0.3, "pivot": [2.25, 19.275, 35.45], "rotation": [-3.25, 0, 0], "uv": [61, 0]},
						{"origin": [0.75, 11.85, 23.4], "size": [1.1, 9.15, 3.4], "inflate": -0.3, "pivot": [2.25, 20.8, 23.6], "rotation": [-12.5, 0, 0], "uv": [69, 40]},
						{"origin": [-1.85, 11.85, 23.4], "size": [1.1, 9.15, 3.4], "inflate": -0.3, "pivot": [-2.25, 20.8, 23.6], "rotation": [-12.5, 0, 0], "uv": [61, 40]},
						{"origin": [-1.35, 19.55, 23.4], "size": [2.7, 1.45, 3.4], "inflate": -0.3, "pivot": [-1.75, 20.8, 23.6], "rotation": [-12.5, 0, 0], "uv": [80, 40]},
						{"origin": [-1.35, 11.85, 23.4], "size": [2.7, 1.525, 3.4], "inflate": -0.3, "pivot": [-1.75, 20.8, 23.6], "rotation": [-12.5, 0, 0], "uv": [28, 73]},
						{"origin": [-1.6, 16.6, 9.125], "size": [3.2, 2, 6.5], "inflate": -0.3, "pivot": [2, 18.3, 15.325], "rotation": [-5.5, 0, 0], "uv": [96, 107]},
						{"origin": [-1.6, 16.6, 15.025], "size": [3.2, 2, 17.875], "inflate": -0.299, "pivot": [2, 18.3, 15.325], "rotation": [-28, 0, 0], "uv": [120, 107]},
						{"origin": [-1.6, 8.65, 29.725], "size": [3.2, 2, 6.25], "inflate": -0.3, "pivot": [2, 10.35, 30.025], "rotation": [-4.75, 0, 0], "uv": [58, 102]},
						{"origin": [-1.6, 17.3, 7.425], "size": [3.2, 5.4, 1.6], "inflate": 0.001, "pivot": [1.6, 22.7, 7.425], "rotation": [-2.25, 0, 0], "uv": [0, 39]},
						{"origin": [-1.6, 18.25, 8.925], "size": [3.2, 3.475, 5.1], "inflate": 0.001, "pivot": [1.6, 21.725, 8.925], "rotation": [-4, 0, 0], "uv": [40, 40]},
						{"origin": [0.55, 19.15, 10], "size": [1.05, 1.475, 3.1], "inflate": 0.001, "pivot": [1.6, 21.725, 8.925], "rotation": [-4.06789, 10.47413, -0.74071], "uv": [70, 53]},
						{"origin": [-1.6, 17.25, 8.925], "size": [3.2, 1.025, 1.1], "inflate": 0.001, "pivot": [1.6, 21.725, 8.925], "rotation": [-4, 0, 0], "uv": [49, 23]},
						{"origin": [-1.6, 17.25, 12.925], "size": [3.2, 1.025, 1.1], "inflate": 0.001, "pivot": [1.6, 21.725, 8.925], "rotation": [-4, 0, 0], "uv": [48, 36]},
						{"origin": [-1.75, 4.5, -0.525], "size": [3.5, 9.5, 5.225], "inflate": 0.002, "pivot": [0.95, 14, -0.525], "rotation": [12.25, 0, 0], "uv": [40, 0]},
						{"origin": [-1.75, 11.7, -1.05], "size": [3.5, 2.15, 4.125], "pivot": [0.95, 13.85, -1.05], "rotation": [60.6, 0, 0], "uv": [0, 117]},
						{"origin": [-1.75, 12.85, 3.6], "size": [3.5, 1, 3.225], "pivot": [0.95, 13.85, 2.7], "rotation": [60.6, 0, 0], "uv": [52, 72]},
						{"origin": [-1.75, 14.225, 3.9], "size": [3.5, 1.975, 1.125], "inflate": -0.001, "uv": [64, 36]},
						{"origin": [-1.75, 7.175, 5.275], "size": [3.5, 3.425, 1], "pivot": [0.95, 10.6, 6.275], "rotation": [7.75, 0, 0], "uv": [70, 58]},
						{"origin": [-1.75, 5, 5.725], "size": [3.5, 2.2, 1], "inflate": 0.001, "uv": [69, 14]},
						{"origin": [-1.75, 4.825, 0.45], "size": [3.5, 1.225, 3.2], "inflate": 0.001, "pivot": [0.95, 6.05, 0.45], "rotation": [-7.25, 0, 0], "uv": [40, 72]},
						{"origin": [-1.75, 4.4, 3.15], "size": [3.5, 1.225, 3.425], "pivot": [0.95, 5.625, 3.15], "rotation": [9.75, 0, 0], "uv": [61, 52]},
						{"origin": [-1.75, 5.025, 0.45], "size": [3.5, 1.025, 1], "pivot": [0.95, 6.05, 0.45], "rotation": [32, 0, 0], "uv": [56, 36]},
						{"origin": [-1.75, 10.575, 5.275], "size": [3.5, 4.875, 1], "inflate": 0.001, "pivot": [0.95, 10.6, 6.275], "rotation": [15.75, 0, 0], "uv": [49, 26]},
						{"origin": [-1.75, 14.275, 1.5], "size": [3.5, 2.65, 2.95], "inflate": 0.001, "uv": [80, 52]},
						{"origin": [-1.95, 16.65, 0.775], "size": [3.9, 1, 6.375], "inflate": -0.199, "uv": [18, 108]}
					]
				},
				{
					"name": "action",
					"parent": "gun",
					"pivot": [-0.925, 26.225, -18.7],
					"cubes": [
						{"origin": [-4.475, 21.275, -18.6], "size": [3.55, 1.2, 1], "inflate": -0.1, "pivot": [-0.925, 22.475, -18.5], "rotation": [0, 15.25, 0], "uv": [40, 36]},
						{"origin": [-5.975, 25.225, -18.8], "size": [4.05, 1, 10.9], "inflate": 0.001, "pivot": [-0.925, 26.225, -18.7], "rotation": [0, 0, -82.5], "uv": [40, 79]}
					]
				},
				{
					"name": "bone",
					"parent": "gun",
					"pivot": [0, 26.05, -68.05],
					"cubes": [
						{"origin": [-1.95, 25.05, -68.05], "size": [1.95, 1, 38.025], "pivot": [0, 26.05, -68.05], "rotation": [0, 0, -18.75], "uv": [80, 0]},
						{"origin": [0, 25.05, -68.05], "size": [1.95, 1, 38.025], "pivot": [0, 26.05, -68.05], "rotation": [0, 0, 18.75], "uv": [80, 39]}
					]
				},
				{
					"name": "bone7",
					"parent": "gun",
					"pivot": [0, 26.25, -68.15],
					"cubes": [
						{"origin": [-2.125, 24.75, -68.15], "size": [2.125, 1.5, 5.525], "pivot": [0, 26.25, -68.15], "rotation": [0, 0, -18.75], "uv": [0, 71]},
						{"origin": [0, 24.75, -68.15], "size": [2.125, 1.5, 5.525], "inflate": 0.001, "pivot": [0, 26.25, -68.15], "rotation": [0, 0, 18.75], "uv": [61, 29]}
					]
				},
				{
					"name": "bone11",
					"parent": "gun",
					"pivot": [0, 26.25, -40.25],
					"cubes": [
						{"origin": [-2.125, 25.25, -40.25], "size": [2.125, 1, 10.225], "pivot": [0, 26.25, -40.25], "rotation": [0, 0, -18.75], "uv": [80, 91]},
						{"origin": [0, 25.25, -40.25], "size": [2.125, 1, 10.225], "inflate": 0.001, "pivot": [0, 26.25, -40.25], "rotation": [0, 0, 18.75], "uv": [54, 91]}
					]
				},
				{
					"name": "bone4",
					"parent": "gun",
					"pivot": [0, 21.05, -68.05],
					"cubes": [
						{"origin": [-1.95, 21.05, -68.05], "size": [1.95, 1, 38.025], "pivot": [0, 21.05, -68.05], "rotation": [0, 0, 18.75], "uv": [0, 39]},
						{"origin": [0, 21.05, -68.05], "size": [1.95, 1, 38.025], "pivot": [0, 21.05, -68.05], "rotation": [0, 0, -18.75], "uv": [0, 0]}
					]
				},
				{
					"name": "bone8",
					"parent": "gun",
					"pivot": [0, 20.85, -68.15],
					"cubes": [
						{"origin": [-2.125, 20.85, -68.15], "size": [2.125, 1.5, 5.525], "inflate": 0.001, "pivot": [0, 20.85, -68.15], "rotation": [0, 0, 18.75], "uv": [40, 48]},
						{"origin": [0, 20.85, -68.15], "size": [2.125, 1.5, 5.525], "pivot": [0, 20.85, -68.15], "rotation": [0, 0, -18.75], "uv": [24, 39]}
					]
				},
				{
					"name": "bone12",
					"parent": "gun",
					"pivot": [0, 20.85, -40.25],
					"cubes": [
						{"origin": [-2.125, 20.85, -40.25], "size": [2.125, 1, 10.225], "inflate": 0.001, "pivot": [0, 20.85, -40.25], "rotation": [0, 0, 18.75], "uv": [40, 90]},
						{"origin": [0, 20.85, -40.25], "size": [2.125, 1, 10.225], "pivot": [0, 20.85, -40.25], "rotation": [0, 0, -18.75], "uv": [80, 27]}
					]
				},
				{
					"name": "bone2",
					"parent": "gun",
					"pivot": [-2.5, 23.55, -68.05],
					"rotation": [0, 0, -90],
					"cubes": [
						{"origin": [-4.45, 22.55, -68.05], "size": [1.95, 1, 38.025], "pivot": [-2.5, 23.55, -68.05], "rotation": [0, 0, -18.75], "uv": [40, 79]},
						{"origin": [-2.5, 22.55, -68.05], "size": [1.95, 1, 38.025], "pivot": [-2.5, 23.55, -68.05], "rotation": [0, 0, 18.75], "uv": [0, 78]}
					]
				},
				{
					"name": "bone3",
					"parent": "gun",
					"pivot": [2.5, 23.55, -68.05],
					"rotation": [0, 0, 90],
					"cubes": [
						{"origin": [2.5, 22.55, -68.05], "size": [1.95, 1, 38.025], "pivot": [2.5, 23.55, -68.05], "rotation": [0, 0, 18.75], "uv": [40, 40]},
						{"origin": [0.55, 22.55, -68.05], "size": [1.95, 1, 38.025], "pivot": [2.5, 23.55, -68.05], "rotation": [0, 0, -18.75], "uv": [40, 1]}
					]
				},
				{
					"name": "bone5",
					"parent": "gun",
					"pivot": [2.7, 23.55, -68.15],
					"rotation": [0, 0, 90],
					"cubes": [
						{"origin": [2.7, 22.05, -68.15], "size": [2.125, 1.5, 5.525], "inflate": 0.001, "pivot": [2.7, 23.55, -68.15], "rotation": [0, 0, 18.75], "uv": [112, 96]},
						{"origin": [0.575, 22.05, -68.15], "size": [2.125, 1.5, 5.525], "pivot": [2.7, 23.55, -68.15], "rotation": [0, 0, -18.75], "uv": [58, 110]}
					]
				},
				{
					"name": "bone9",
					"parent": "gun",
					"pivot": [2.7, 23.55, -40.25],
					"rotation": [0, 0, 90],
					"cubes": [
						{"origin": [2.7, 22.55, -40.25], "size": [2.125, 1, 10.225], "inflate": 0.001, "pivot": [2.7, 23.55, -40.25], "rotation": [0, 0, 18.75], "uv": [93, 64]},
						{"origin": [0.575, 22.55, -40.25], "size": [2.125, 1, 10.225], "pivot": [2.7, 23.55, -40.25], "rotation": [0, 0, -18.75], "uv": [93, 52]}
					]
				},
				{
					"name": "bone6",
					"parent": "gun",
					"pivot": [-2.7, 23.55, -68.15],
					"rotation": [0, 0, -90],
					"cubes": [
						{"origin": [-4.825, 22.05, -68.15], "size": [2.125, 1.5, 5.525], "pivot": [-2.7, 23.55, -68.15], "rotation": [0, 0, -18.75], "uv": [12, 89]},
						{"origin": [-2.7, 22.05, -68.15], "size": [2.125, 1.5, 5.525], "inflate": 0.001, "pivot": [-2.7, 23.55, -68.15], "rotation": [0, 0, 18.75], "uv": [14, 71]}
					]
				},
				{
					"name": "bone10",
					"parent": "gun",
					"pivot": [-2.7, 23.55, -40.15],
					"rotation": [0, 0, -90],
					"cubes": [
						{"origin": [-4.825, 22.55, -40.25], "size": [2.125, 1, 10.225], "pivot": [-2.7, 23.55, -40.15], "rotation": [0, 0, -18.75], "uv": [93, 40]},
						{"origin": [-2.7, 22.55, -40.25], "size": [2.125, 1, 10.225], "inflate": 0.001, "pivot": [-2.7, 23.55, -40.15], "rotation": [0, 0, 18.75], "uv": [93, 13]}
					]
				},
				{
					"name": "switch",
					"parent": "gun",
					"pivot": [-2.5, 19.45, -1.9],
					"rotation": [12.25, 0, 0],
					"cubes": [
						{"origin": [-2.375, 19.20059, -4.07585], "size": [1, 1.05, 3.75], "inflate": 0.001, "pivot": [-2.375, 20.575, -0.675], "rotation": [-12.75, 0, 0], "uv": [61, 13]},
						{"origin": [-2.375, 20.12941, -8.34396], "size": [1, 1.5, 3.6], "inflate": 0.001, "pivot": [-2.375, 22.325, -3.675], "rotation": [-10.5, 0, 0], "uv": [60, 58]},
						{"origin": [-2.775, 19.93774, -6.44545], "size": [1, 1.225, 4.15], "inflate": -0.2, "pivot": [-2.375, 22.175, -3.725], "rotation": [-14, 0, 0], "uv": [11, 32]},
						{"origin": [-2.775, 20.50892, -2.3297], "size": [1, 1.225, 2.9], "inflate": -0.2, "pivot": [-2.375, 22.175, -3.725], "rotation": [-37, 0, 0], "uv": [40, 18]},
						{"origin": [-2.375, 20.77951, -5.70863], "size": [1, 2.3, 1], "inflate": -0.001, "pivot": [-2.375, 22.325, -3.675], "rotation": [58.5, 0, 0], "uv": [24, 39]},
						{"origin": [-2.375, 18.075, -7.475], "size": [1, 1.25, 6.8], "pivot": [-2.375, 19.325, -0.675], "rotation": [-24.5, 0, 0], "uv": [24, 0]},
						{"origin": [-3.175, 17.76774, -9.00366], "size": [1.5, 1.25, 1.95], "inflate": -0.4, "pivot": [-2.525, 19.75, -0.875], "rotation": [-20.5, 0, 0], "uv": [24, 42]},
						{"origin": [-3.175, 20.24274, -9.15366], "size": [1.5, 1.25, 2.1], "inflate": -0.4, "pivot": [-2.525, 19.75, -0.875], "rotation": [-10.5, 0, 0], "uv": [40, 21]}
					]
				},
				{
					"name": "scopemount",
					"parent": "gun",
					"pivot": [0, 28.1, 8],
					"cubes": [
						{"origin": [-0.7, 27.675, -15.15], "size": [2, 1, 17.4], "inflate": -0.2, "uv": [40, 40]},
						{"origin": [-1.3, 27.675, -15.15], "size": [2, 1, 17.4], "inflate": -0.201, "uv": [40, 18]},
						{"origin": [-1, 27.175, -15.05], "size": [2, 1, 17.2], "inflate": -0.102, "uv": [40, 0]},
						{"origin": [-0.9, 26.725, -9.4], "size": [2.75, 1, 8.2], "inflate": -0.102, "uv": [18, 89]},
						{"origin": [2.35, 19.075, -11.15], "size": [1, 3, 11.7], "inflate": -0.103, "uv": [80, 13]},
						{"origin": [2.7, 19.075, -11.15], "size": [1, 3, 1.7], "inflate": -0.102, "uv": [17, 32]},
						{"origin": [2.5, 20.2, -9.4], "size": [1, 2.25, 1.7], "inflate": -0.102, "pivot": [3.65, 22.35, -9.3], "rotation": [0, 0, -11.5], "uv": [40, 0]},
						{"origin": [2.225, 21.2, -9.4], "size": [1, 1, 4.075], "inflate": -0.102, "pivot": [3.375, 22.1, -9.3], "rotation": [0, 5, 0], "uv": [80, 32]},
						{"origin": [2.7, 19.075, -1.65], "size": [1, 3, 1.7], "inflate": -0.102, "uv": [11, 32]},
						{"origin": [2.725, 19.075, -7.65], "size": [1.1, 3, 4.7], "inflate": -0.102, "uv": [28, 28]},
						{"origin": [2.425, 21.3, -5.65], "size": [2, 1.6, 2], "inflate": -0.6, "pivot": [4.575, 22.8, -5.55], "rotation": [0, -32.75, 0], "uv": [70, 62]},
						{"origin": [2.25, 22.775, -11.25], "size": [1, 4.15, 1.7], "inflate": -0.201, "pivot": [3.15, 22.975, -11.05], "rotation": [-28, 0, 0], "uv": [0, 32]},
						{"origin": [2.25, 21.55, -11.25], "size": [1, 1.625, 1.7], "inflate": -0.2, "uv": [34, 69]},
						{"origin": [2.25, 21.775, -1.05], "size": [1, 5.05, 1.7], "inflate": -0.201, "pivot": [3.15, 21.975, 0.45], "rotation": [22, 0, 0], "uv": [32, 0]},
						{"origin": [2.25, 25.425, -9.475], "size": [1, 1.075, 8.375], "inflate": -0.2, "uv": [20, 78]},
						{"origin": [0.85, 25.675, -9.4], "size": [1, 2.05, 8.2], "inflate": -0.103, "pivot": [1.75, 27.625, -9.3], "rotation": [0, 0, -45], "uv": [60, 58]}
					]
				},
				{
					"name": "underrail",
					"parent": "gun",
					"pivot": [1.1, 19.75, -51.95],
					"cubes": [
						{"origin": [-1, 19.55, -38.05], "size": [2, 2.25, 11.225], "uv": [161, 55]},
						{"origin": [-2.85, 20.8, -37.3], "size": [5.7, 4.5, 2.075], "uv": [181, 49]},
						{"origin": [-2.85, 20.8, -33.3], "size": [5.7, 4.5, 2.075], "uv": [182, 72]},
						{"origin": [-1.3, 18.95, -38.25], "size": [2, 1, 13.625], "inflate": -0.201, "uv": [157, 139]},
						{"origin": [-0.7, 18.95, -38.25], "size": [2, 1, 13.625], "inflate": -0.2, "uv": [156, 81]}
					]
				},
				{
					"name": "magazine",
					"parent": "main",
					"pivot": [-0.9, 19.4, -18.375],
					"rotation": [2, 0, 0],
					"cubes": [
						{"origin": [-1.9, 8.4, -16.125], "size": [3.8, 11, 6], "pivot": [-0.9, 19.4, -10.125], "rotation": [-12.75, 0, 0], "uv": [0, 89]},
						{"origin": [-1.4, 8.4, -17.125], "size": [2.8, 11, 1], "pivot": [-0.9, 19.4, -10.125], "rotation": [-12.75, 0, 0], "uv": [32, 7]},
						{"origin": [-1.4, 8.49501, -18.49375], "size": [2.8, 6, 3], "inflate": -0.001, "pivot": [-0.4, 19.4, -10.125], "rotation": [-10.75, 0, 0], "uv": [40, 58]},
						{"origin": [-1.4, 12.54076, -16.98517], "size": [2.8, 5.3, 3], "inflate": -0.002, "pivot": [-0.4, 19.4, -10.125], "rotation": [-25.5, 0, 0], "uv": [67, 69]},
						{"origin": [-1.9, -0.8, -18.575], "size": [3.8, 9.5, 6], "inflate": 0.001, "pivot": [-0.9, 8.7, -12.575], "rotation": [-16.25, 0, 0], "uv": [40, 101]},
						{"origin": [-1.4, -0.8, -20.575], "size": [2.8, 9.5, 2], "inflate": 0.001, "pivot": [-0.4, 8.7, -12.575], "rotation": [-16.25, 0, 0], "uv": [80, 0]}
					]
				},
				{
					"name": "bullet",
					"parent": "magazine",
					"pivot": [0.325, -0.275, -16.275],
					"rotation": [-12.5, 0, 0],
					"cubes": [
						{"origin": [-0.675, 19.475, -20.775], "size": [1, 1, 5.5], "inflate": 0.2, "pivot": [-0.175, 19.975, -20.775], "rotation": [0, 0, 21], "uv": [66, 8]}
					]
				},
				{
					"name": "magazine2",
					"parent": "main",
					"pivot": [-0.9, 19.4, -18.375],
					"rotation": [2, 0, 0],
					"cubes": [
						{"origin": [-1.9, 8.4, -16.125], "size": [3.8, 11, 6], "pivot": [-0.9, 19.4, -10.125], "rotation": [-12.75, 0, 0], "uv": [0, 89]},
						{"origin": [-1.4, 8.4, -17.125], "size": [2.8, 11, 1], "pivot": [-0.9, 19.4, -10.125], "rotation": [-12.75, 0, 0], "uv": [32, 7]},
						{"origin": [-1.4, 8.49501, -18.49375], "size": [2.8, 6, 3], "inflate": -0.001, "pivot": [-0.4, 19.4, -10.125], "rotation": [-10.75, 0, 0], "uv": [40, 58]},
						{"origin": [-1.4, 12.54076, -16.98517], "size": [2.8, 5.3, 3], "inflate": -0.002, "pivot": [-0.4, 19.4, -10.125], "rotation": [-25.5, 0, 0], "uv": [67, 69]},
						{"origin": [-1.9, -0.8, -18.575], "size": [3.8, 9.5, 6], "inflate": 0.001, "pivot": [-0.9, 8.7, -12.575], "rotation": [-16.25, 0, 0], "uv": [40, 101]},
						{"origin": [-1.4, -0.8, -20.575], "size": [2.8, 9.5, 2], "inflate": 0.001, "pivot": [-0.4, 8.7, -12.575], "rotation": [-16.25, 0, 0], "uv": [80, 0]}
					]
				},
				{
					"name": "bullet2",
					"parent": "magazine2",
					"pivot": [0.325, -0.275, -16.275],
					"rotation": [-12.5, 0, 0],
					"cubes": [
						{"origin": [-0.675, 19.475, -20.775], "size": [1, 1, 5.5], "inflate": 0.2, "pivot": [-0.175, 19.975, -20.775], "rotation": [0, 0, 21], "uv": [66, 8]}
					]
				},
				{
					"name": "rightarm",
					"parent": "main",
					"pivot": [-4.3, 8.8, 21.8],
					"rotation": [-101.81106, -12.40003, -2.46982],
					"cubes": [
						{"origin": [-8.3, -15.2, 17.8], "size": [8, 24, 8], "uv": [0, 39]}
					]
				},
				{
					"name": "leftarm",
					"parent": "main",
					"pivot": [11.45, 7.3, -9.125],
					"rotation": [-131.15529, -6.98101, -41.3346],
					"cubes": [
						{"origin": [7.45, -16.7, -13.125], "size": [8, 24, 8], "uv": [0, 0]}
					]
				},
				{
					"name": "scope",
					"parent": "main",
					"pivot": [0, 28.225, -1.25],
					"cubes": [
						{"origin": [-0.5, 27.725, -1.55], "size": [1, 1, 1], "inflate": -0.4, "uv": [85, 20]}
					]
				},
				{
					"name": "muzzleflash",
					"parent": "main",
					"pivot": [0, 23.475, -68.875],
					"cubes": [
						{"origin": [-0.5, 22.975, -69.175], "size": [1, 1, 1], "inflate": -0.4, "uv": [54, 59]}
					]
				},
				{
					"name": "_cb_scope",
					"parent": "main",
					"pivot": [0, 26.95, -10.65],
					"cubes": [
						{"origin": [-0.5, 27.975, -9.2], "size": [1, 1, 1], "uv": [25, 45]}
					]
				},
				{
					"name": "_cb_canted",
					"parent": "main",
					"pivot": [0, 26.95, -3.9],
					"cubes": [
						{"origin": [-0.5, 27.975, -2.45], "size": [1, 1, 1], "uv": [25, 45]}
					]
				},
				{
					"name": "_cb_stock",
					"parent": "main",
					"pivot": [0, 19.15, 7.525],
					"cubes": [
						{"origin": [-0.5, 18.65, 7.025], "size": [1, 1, 1], "uv": [25, 45]}
					]
				},
				{
					"name": "_cb_grip",
					"parent": "main",
					"pivot": [0, 19.15, -31.475],
					"cubes": [
						{"origin": [-0.5, 18.65, -31.975], "size": [1, 1, 1], "uv": [25, 45]}
					]
				},
				{
					"name": "_camera_",
					"pivot": [6.825, 33.725, 26.45]
				}
			]
		}
	]
}