{
	"format_version": "1.12.0",
	"minecraft:geometry": [
		{
			"description": {
				"identifier": "geometry.unknown",
				"texture_width": 180,
				"texture_height": 180,
				"visible_bounds_width": 9,
				"visible_bounds_height": 4,
				"visible_bounds_offset": [0, 1, 0]
			},
			"bones": [
				{
					"name": "bb_main",
					"pivot": [0, 0, 0]
				},
				{
					"name": "main",
					"pivot": [0, 20, 0]
				},
				{
					"name": "gun",
					"parent": "main",
					"pivot": [1, 11, -1],
					"cubes": [
						{"origin": [-1.8, 15.425, 3.875], "size": [3.6, 1, 2.5], "inflate": -0.002, "pivot": [-0.8, 15.425, 3.875], "rotation": [40.25, 0, 0], "uv": [46, 74]},
						{"origin": [-2.15, 17.25, -1.75], "size": [4.3, 1, 7.5], "inflate": -0.001, "pivot": [-0.8, 15.25, -1.75], "rotation": [-1.5, 0, 0], "uv": [114, 63]},
						{"origin": [-1.8, 15.25, -1.75], "size": [3.6, 3, 4.5], "inflate": -0.002, "pivot": [0.8, 15.25, -1.75], "rotation": [-38.25, 0, 0], "uv": [18, 7]},
						{"origin": [-1.8, 15.25, -1.75], "size": [3.6, 3, 6.5], "inflate": -0.001, "pivot": [0.8, 15.25, -1.75], "rotation": [-1.5, 0, 0], "uv": [127, 12]},
						{"origin": [-1.8, 4, -0.375], "size": [3.6, 11, 5.225], "inflate": 0.001, "pivot": [0.8, 14, -0.375], "rotation": [16.5, 0, 0], "uv": [66, 62]},
						{"origin": [-1.8, 4.1, 1.525], "size": [3.6, 2, 4.225], "pivot": [0.8, 6.1, 1.525], "rotation": [9.75, 0, 0], "uv": [15, 40]},
						{"origin": [-1.8, 4.85, 6.025], "size": [3.6, 1, 1.775], "inflate": -0.001, "pivot": [0.8, 4.85, 6.025], "rotation": [36, 0, 0], "uv": [78, 0]},
						{"origin": [-1.8, 5.1, 1.525], "size": [3.6, 1, 1.225], "inflate": -0.001, "pivot": [0.8, 6.1, 1.525], "rotation": [55.25, 0, 0], "uv": [80, 48]},
						{"origin": [-1.35, 14.9, -11.35], "size": [3, 4, 2.5], "inflate": -0.15, "uv": [46, 68]},
						{"origin": [-0.975, 13.1, -10.775], "size": [2.25, 2.75, 1], "inflate": -0.2, "pivot": [1.275, 14.85, -11.275], "rotation": [9.5, 0, 0], "uv": [26, 86]},
						{"origin": [-2.25, 19.65, -25.85], "size": [4.5, 1, 33.5], "inflate": 0.001, "pivot": [2.25, 19.65, -25.85], "rotation": [-3.5, 0, 0], "uv": [0, 0]},
						{"origin": [-2.25, 20.15, 1.15], "size": [4.5, 1, 6.5], "inflate": -0.002, "pivot": [2.25, 19.65, -25.85], "rotation": [-3.5, 0, 0], "uv": [70, 20]},
						{"origin": [-2.25, 19.9, -25.85], "size": [4.5, 3.25, 8.5], "uv": [118, 103]},
						{"origin": [-2.25, 21.15, -17.35], "size": [4.5, 2, 3.5], "uv": [15, 53]},
						{"origin": [-2, 19.65, -17.35], "size": [4, 2, 3.5], "uv": [15, 48]},
						{"origin": [-2.25, 19.9, -13.85], "size": [4.5, 3.25, 21.5], "uv": [66, 62]},
						{"origin": [-2.05, 21.05, -11.6], "size": [4.5, 1.35, 12.75], "inflate": 0.001, "uv": [20, 88]},
						{"origin": [-1.925, 20.8, -4.6], "size": [4.5, 1.1, 4.5], "uv": [41, 28]},
						{"origin": [-1.925, 20.8, -10.6], "size": [4.5, 1.1, 4.5], "uv": [16, 22]},
						{"origin": [-1.925, 20.05, -4.975], "size": [4.5, 1.85, 1], "inflate": 0.001, "uv": [51, 25]},
						{"origin": [-1.925, 20.05, -6.675], "size": [4.5, 1.85, 1], "inflate": 0.001, "uv": [41, 25]},
						{"origin": [-2.05, 20.3, -3.55], "size": [4.5, 1.1, 4.7], "uv": [57, 28]},
						{"origin": [-2.05, 19.65, -7.05], "size": [4.5, 1.6, 3.5], "uv": [46, 64]},
						{"origin": [-2.05, 20.15, -11.6], "size": [4.5, 2.25, 2.1], "inflate": -0.001, "pivot": [2.45, 22.4, -11.6], "rotation": [-63.25, 0, 0], "uv": [41, 8]},
						{"origin": [-2.05, 22.15, -10.6], "size": [4.5, 1.25, 1.1], "pivot": [2.45, 22.4, -11.6], "rotation": [-63.25, 0, 0], "uv": [16, 27]},
						{"origin": [-2.25, 18.975, -13.85], "size": [4.5, 1.25, 21.5], "inflate": -0.001, "uv": [0, 64]},
						{"origin": [-1.75, 17.75, 7.35], "size": [3.5, 5.65, 3.3], "inflate": 0.001, "uv": [41, 0]},
						{"origin": [0.9, 17.125, 7.6], "size": [2, 6.325, 2.05], "inflate": -0.4, "pivot": [3.15, 22.775, 7.9], "rotation": [0, -18, 0], "uv": [56, 13]},
						{"origin": [-1.75, 14.9, 7.35], "size": [3.5, 2.85, 1.025], "inflate": 0.001, "pivot": [2, 17.75, 7.65], "rotation": [75.75, 0, 0], "uv": [42, 79]},
						{"origin": [-1.6, -12.5, 5.275], "size": [3.2, 27, 2.25], "inflate": -0.2, "pivot": [2, 18.5, 6.125], "rotation": [76.25, 0, 0], "uv": [71, 118]},
						{"origin": [-1.6, 21.3, 10.375], "size": [3.2, 2, 24.9], "inflate": -0.2, "uv": [36, 62]},
						{"origin": [-2, 10.35, 34.65], "size": [4, 6.55, 2.5], "inflate": -0.001, "pivot": [2, 16.9, 34.65], "rotation": [9.5, 0, 0], "uv": [44, 47]},
						{"origin": [-2, 16.9, 34.65], "size": [4, 6.4, 2.5], "inflate": -0.001, "pivot": [2, 16.9, 34.65], "rotation": [-2, 0, 0], "uv": [45, 34]},
						{"origin": [1.45, 21.9, -22.85], "size": [1, 1, 1], "inflate": -0.1, "pivot": [1.45, 22.85, -22.85], "rotation": [-13, 0, 0], "uv": [63, 8]},
						{"origin": [1.45, 18.875, -3.375], "size": [1, 1, 1], "inflate": -0.1, "pivot": [1.45, 19.825, -3.375], "rotation": [-13, 0, 0], "uv": [62, 3]},
						{"origin": [0.875, 19.3, -8.75], "size": [2, 2, 2], "inflate": -0.5, "pivot": [1.875, 20.25, -8.75], "rotation": [-13, 0, 0], "uv": [8, 81]},
						{"origin": [0.875, 18.9, -10.45], "size": [2, 2, 2], "inflate": -0.5, "pivot": [1.875, 19.85, -10.45], "rotation": [-13, 0, 0], "uv": [0, 81]},
						{"origin": [1.45, 21.975, -25.1], "size": [1, 1, 1], "inflate": -0.1, "pivot": [1.45, 22.925, -25.1], "rotation": [-13, 0, 0], "uv": [64, 15]},
						{"origin": [-2.45, 21.975, -25.1], "size": [1, 1, 1], "inflate": -0.1, "pivot": [-1.45, 22.925, -25.1], "rotation": [-13, 0, 0], "uv": [7, 57]},
						{"origin": [-2.45, 21.9, -22.85], "size": [1, 1, 1], "inflate": -0.1, "pivot": [-1.45, 22.85, -22.85], "rotation": [-13, 0, 0], "uv": [25, 58]},
						{"origin": [1.45, 21.75, 5.75], "size": [1, 1, 1], "inflate": -0.1, "pivot": [1.45, 22.7, 5.75], "rotation": [-13, 0, 0], "uv": [63, 6]},
						{"origin": [-2.45, 21.75, 5.75], "size": [1, 1, 1], "inflate": -0.1, "pivot": [-1.45, 22.7, 5.75], "rotation": [-13, 0, 0], "uv": [62, 13]},
						{"origin": [1.15, 23.15, -25.85], "size": [1, 1.5, 13.5], "uv": [45, 106]},
						{"origin": [-2.15, 23.15, -25.85], "size": [1, 1.5, 2.35], "uv": [88, 56]},
						{"origin": [1.05, 23.9, -25.95], "size": [1, 1.25, 2.25], "pivot": [2.05, 25.15, -25.95], "rotation": [13.25, 0, 0], "uv": [67, 88]},
						{"origin": [-2.05, 23.9, -25.95], "size": [1, 1.25, 2.25], "pivot": [-2.05, 25.15, -25.95], "rotation": [13.25, 0, 0], "uv": [61, 88]},
						{"origin": [1.275, 22.85, -12.85], "size": [1, 2.25, 18.85], "uv": [0, 86]},
						{"origin": [1.275, 22.85, -12.85], "size": [1, 1.975, 1], "inflate": -0.001, "pivot": [2.275, 22.85, -12.85], "rotation": [36, 0, 0], "uv": [61, 25]},
						{"origin": [1.575, 23.35, -11.1], "size": [1, 1.25, 16.85], "inflate": -0.2, "uv": [91, 38]},
						{"origin": [-2.575, 23.35, -3.1], "size": [1, 1.25, 8.85], "inflate": -0.2, "uv": [125, 39]},
						{"origin": [-2.275, 22.575, 5.4], "size": [4.55, 1.075, 2.025], "inflate": 0.001, "pivot": [2.275, 23.65, 7.425], "rotation": [-45.5, 0, 0], "uv": [45, 42]},
						{"origin": [2.125, 22.575, 4.6], "size": [1.55, 1.075, 1.275], "inflate": -0.001, "pivot": [2.275, 23.65, 7.425], "rotation": [-54.74377, 29.13654, -34.55821], "uv": [54, 68]},
						{"origin": [-2.375, 22.75, 5.05], "size": [4.75, 1, 2.5], "inflate": -0.101, "uv": [44, 55]},
						{"origin": [1.275, 24.1, -23.6], "size": [1, 1, 10.75], "uv": [0, 119]},
						{"origin": [-2.275, 22.85, -3.85], "size": [1, 2.25, 9.875], "uv": [95, 72]},
						{"origin": [-2.525, 22.85, -3.85], "size": [1, 2, 1], "pivot": [-2.525, 22.85, -3.85], "rotation": [23, 0, 0], "uv": [48, 20]},
						{"origin": [1.275, 24.1, -23.6], "size": [1, 1, 29.05], "pivot": [2.275, 25.1, -23.6], "rotation": [0, 0, 35.75], "uv": [0, 34]},
						{"origin": [0.925, 24.3, 5.075], "size": [1.25, 1, 1.05], "inflate": -0.201, "pivot": [2.275, 25.1, 6], "rotation": [0, -25.75, 35.75], "uv": [56, 70]},
						{"origin": [-3.675, 22.575, 4.6], "size": [1.55, 1.075, 1.275], "inflate": -0.001, "pivot": [-2.275, 23.65, 7.425], "rotation": [-54.74377, -29.13654, 34.55821], "uv": [66, 62]},
						{"origin": [-2.175, 24.3, 5.075], "size": [1.25, 1, 1.05], "inflate": -0.201, "pivot": [-2.275, 25.1, 6], "rotation": [0, 25.75, -35.75], "uv": [66, 64]},
						{"origin": [-2.275, 24.1, -10.6], "size": [1, 1, 16.05], "pivot": [-2.275, 25.1, -10.6], "rotation": [0, 0, -35.75], "uv": [95, 0]},
						{"origin": [-2.525, 24.175, -10.625], "size": [1, 1, 6.8], "pivot": [-2.275, 25.1, -10.6], "rotation": [0, 0, -35.75], "uv": [18, 0]},
						{"origin": [-1.25, 26.5, -23.6], "size": [1.25, 1, 27.275], "pivot": [0, 27.5, -23.6], "rotation": [0, 0, -18.75], "uv": [62, 28]},
						{"origin": [-1.2, 26.5, 4.25], "size": [2.4, 1, 4.9], "pivot": [1.2, 27.5, 3.65], "rotation": [-45.5, 0, 0], "uv": [55, 6]},
						{"origin": [-1, 26.15, 5.625], "size": [2, 1, 1.9], "inflate": -0.3, "pivot": [1, 27.15, 5.025], "rotation": [-51, 0, 0], "uv": [26, 27]},
						{"origin": [0.125, 26.5, 4.175], "size": [1.3, 1, 1], "inflate": -0.001, "pivot": [1.2, 27.5, 3.65], "rotation": [-48.3109, -17.23053, 18.39682], "uv": [80, 11]},
						{"origin": [-1.425, 26.5, 4.175], "size": [1.3, 1, 1], "inflate": -0.002, "pivot": [-1.2, 27.5, 3.65], "rotation": [-48.3109, 17.23053, -18.39682], "uv": [56, 75]},
						{"origin": [-1.75, 23.625, -30.85], "size": [3.5, 3.1, 7.25], "uv": [117, 118]},
						{"origin": [-1.55, 26.6, -26.1], "size": [3.1, 1.85, 1], "inflate": -0.002, "uv": [36, 83]},
						{"origin": [-1.05, 28.025, -24.8], "size": [2.1, 1, 1], "inflate": -0.2, "pivot": [1.25, 28.875, -23.8], "rotation": [-23, 0, 0], "uv": [18, 4]},
						{"origin": [-1.55, 26.5, -25.1], "size": [3.1, 1.05, 1.5], "inflate": -0.002, "uv": [62, 53]},
						{"origin": [-1.55, 26.65, -24.9], "size": [3.1, 1.05, 1.75], "inflate": -0.002, "pivot": [1.25, 28.45, -23.65], "rotation": [-30.5, 0, 0], "uv": [24, 30]},
						{"origin": [-1.25, 27.1, -26.35], "size": [2.5, 1.2, 13.85], "inflate": -0.299, "uv": [80, 102]},
						{"origin": [-0.575, 28.45, -15.875], "size": [1.15, 1, 1.35], "inflate": -0.302, "pivot": [-0.275, 28.75, -15.225], "rotation": [90, 0, 0], "uv": [37, 53]},
						{"origin": [-1.075, 27.95, -15.475], "size": [2.15, 1.75, 1], "inflate": -0.302, "pivot": [-0.275, 28.25, -14.975], "rotation": [90, 0, 0], "uv": [26, 4]},
						{"origin": [-0.925, 27.375, -13.25], "size": [1.85, 3.5, 1], "inflate": -0.302, "pivot": [-0.275, 27.675, -12.95], "rotation": [90, 0, 0], "uv": [18, 7]},
						{"origin": [-0.075, 28.45, -15.875], "size": [1.15, 1, 1.65], "inflate": -0.301, "pivot": [1.275, 28.75, -15.225], "rotation": [90, 0, 0], "uv": [0, 54]},
						{"origin": [-1.075, 28.45, -15.875], "size": [1.15, 1, 1.65], "inflate": -0.301, "pivot": [-1.275, 28.75, -15.225], "rotation": [90, 0, 0], "uv": [54, 47]},
						{"origin": [0.35, 27.6, -26.35], "size": [1, 1.1, 13.95], "inflate": -0.398, "uv": [0, 48]},
						{"origin": [0.35, 28.025, -24.975], "size": [1, 1.45, 3.175], "inflate": -0.4, "pivot": [1.95, 29.2, -23.975], "rotation": [-30.5, 0, 0], "uv": [77, 13]},
						{"origin": [0.35, 27.7, -16.475], "size": [1, 2.25, 2.675], "inflate": -0.399, "uv": [26, 0]},
						{"origin": [0.35, 28.225, -14.625], "size": [1, 1.725, 2.7], "inflate": -0.401, "pivot": [0.95, 29.55, -14.225], "rotation": [-41, 0, 0], "uv": [80, 2]},
						{"origin": [-1.35, 28.225, -14.625], "size": [1, 1.725, 2.7], "inflate": -0.401, "pivot": [-0.95, 29.55, -14.225], "rotation": [-41, 0, 0], "uv": [54, 72]},
						{"origin": [-1.35, 28.225, -18.25], "size": [1, 1.725, 2.575], "inflate": -0.401, "pivot": [-0.95, 29.55, -16.075], "rotation": [44.75, 0, 0], "uv": [70, 20]},
						{"origin": [0.35, 28.225, -18.25], "size": [1, 1.725, 2.575], "inflate": -0.401, "pivot": [0.95, 29.55, -16.075], "rotation": [44.75, 0, 0], "uv": [70, 23]},
						{"origin": [-1.35, 27.7, -16.475], "size": [1, 2.25, 2.675], "inflate": -0.399, "uv": [18, 0]},
						{"origin": [0.35, 27.475, -24.975], "size": [1, 1.35, 1.925], "inflate": -0.4, "pivot": [1.95, 29.2, -23.975], "rotation": [-30.5, 0, 0], "uv": [55, 2]},
						{"origin": [-1.35, 28.025, -24.975], "size": [1, 1.45, 3.175], "inflate": -0.4, "pivot": [-1.95, 29.2, -23.975], "rotation": [-30.5, 0, 0], "uv": [53, 28]},
						{"origin": [-1.35, 27.475, -24.975], "size": [1, 1.35, 1.925], "inflate": -0.4, "pivot": [-1.95, 29.2, -23.975], "rotation": [-30.5, 0, 0], "uv": [55, 0]},
						{"origin": [-1.35, 27.6, -26.35], "size": [1, 1.1, 13.95], "inflate": -0.398, "uv": [0, 34]},
						{"origin": [-0.9, 26.6, -26.35], "size": [1.8, 1, 13.75], "inflate": -0.2, "uv": [103, 73]},
						{"origin": [-1.75, 26.375, -30.85], "size": [3.5, 1.05, 1.5], "inflate": -0.002, "uv": [70, 53]},
						{"origin": [0, 26.5, -23.6], "size": [1.25, 1, 27.275], "pivot": [0, 27.5, -23.6], "rotation": [0, 0, 18.75], "uv": [41, 0]},
						{"origin": [-0.3, 26.8, 3.375], "size": [1, 1, 1.8], "inflate": -0.301, "pivot": [0, 27.5, 3.675], "rotation": [0, 75.75, 18.75], "uv": [56, 79]},
						{"origin": [-0.7, 26.8, 3.375], "size": [1, 1, 1.8], "inflate": -0.301, "pivot": [0, 27.5, 3.675], "rotation": [0, -75.75, -18.75], "uv": [76, 28]},
						{"origin": [1.2, 26.075, -23.6], "size": [2.25, 1, 27.6], "inflate": 0.001, "pivot": [1.2, 27.075, -23.6], "rotation": [0, 0, 77.75], "uv": [31, 34]},
						{"origin": [1.475, 26.075, 4.175], "size": [1.25, 1, 2], "pivot": [1.2, 27.075, 4.4], "rotation": [0, 44.25, 77.75], "uv": [46, 88]},
						{"origin": [-2.725, 26.075, 4.175], "size": [1.25, 1, 2], "pivot": [-1.2, 27.075, 4.4], "rotation": [0, -44.25, -77.75], "uv": [40, 88]},
						{"origin": [-3.45, 26.075, -10.6], "size": [2.25, 1, 14.6], "inflate": 0.001, "pivot": [-1.2, 27.075, -10.6], "rotation": [0, 0, -77.75], "uv": [0, 0]},
						{"origin": [-2.45, 26.075, -23.6], "size": [1.25, 1, 13], "pivot": [-1.2, 27.075, -23.6], "rotation": [0, 0, -77.75], "uv": [17, 106]},
						{"origin": [-1.25, 27.4, -29.575], "size": [1.25, 1, 3.625], "pivot": [0, 28.4, -30.825], "rotation": [0, 0, -18.75], "uv": [37, 79]},
						{"origin": [0, 27.4, -29.575], "size": [1.25, 1, 3.625], "pivot": [0, 28.4, -30.825], "rotation": [0, 0, 18.75], "uv": [79, 75]},
						{"origin": [-0.325, 27.325, -30.8], "size": [1, 1, 3.625], "pivot": [-0.575, 28.325, -32.05], "rotation": [0, 0, 18.75], "uv": [77, 50]},
						{"origin": [-2.45, 27.075, -30.825], "size": [1.25, 1, 0], "pivot": [-1.2, 28.075, -30.825], "rotation": [0, 0, -77.75], "uv": [11, 0]},
						{"origin": [1.2, 26.975, -29.575], "size": [2.25, 1, 3.95], "inflate": 0.001, "pivot": [1.2, 27.975, -30.825], "rotation": [0, 0, 77.75], "uv": [69, 28]},
						{"origin": [-3.45, 26.975, -29.575], "size": [2.25, 1, 3.95], "inflate": 0.001, "pivot": [-1.2, 27.975, -30.825], "rotation": [0, 0, -77.75], "uv": [41, 20]},
						{"origin": [-0.85, 15.05, -5.55], "size": [2, 4, 1], "inflate": -0.1, "pivot": [1.15, 15.05, -4.55], "rotation": [-21, 0, 0], "uv": [16, 15]},
						{"origin": [-1.35, 14.65, -9.1], "size": [3, 5, 1], "inflate": -0.098, "uv": [12, 64]},
						{"origin": [-1.35, 14.9, -2.1], "size": [3, 4, 1], "inflate": -0.098, "uv": [29, 79]},
						{"origin": [-1.35, 15.15, -8.375], "size": [3, 5.75, 1], "inflate": -0.099, "pivot": [1.65, 15.15, -8.375], "rotation": [-96.75, 0, 0], "uv": [24, 15]},
						{"origin": [-1.35, 15.525, -8.5], "size": [3, 1, 1], "inflate": -0.1, "pivot": [1.65, 15.525, -8.5], "rotation": [-129.5, 0, 0], "uv": [84, 24]},
						{"origin": [-1.35, 15.9, -2], "size": [3, 1, 2.375], "inflate": -0.1, "pivot": [1.65, 15.9, -2], "rotation": [-132, 0, 0], "uv": [77, 62]},
						{"origin": [-1, 22.425, -57.05], "size": [2, 2, 13.75], "inflate": -0.3, "pivot": [0, 23.425, -67.3], "rotation": [0, 0, -20], "uv": [29, 64]},
						{"origin": [-1, 22.425, -47.15], "size": [2, 2, 2.35], "inflate": -0.1, "pivot": [0, 23.425, -46.8], "rotation": [0, 0, -20], "uv": [84, 20]},
						{"origin": [-0.75, 23.675, -46.4], "size": [1.5, 2, 1.75], "inflate": -0.2, "uv": [41, 28]},
						{"origin": [-1, 22.425, -55.15], "size": [2, 2, 7.5], "inflate": 0.2, "pivot": [0, 23.425, -55.35], "rotation": [0, 0, -20], "uv": [126, 0]},
						{"origin": [-1, 22.425, -58.1], "size": [2, 2, 2.25], "inflate": -0.1, "pivot": [0, 23.425, -58.1], "rotation": [0, 0, -20], "uv": [80, 44]},
						{"origin": [-1, 25.425, -47.15], "size": [2, 2, 16.1], "pivot": [0, 26.425, -55.05], "rotation": [0, 0, -20], "uv": [91, 20]},
						{"origin": [-2, 21.775, -44.05], "size": [4, 5.55, 1], "inflate": 0.001, "uv": [31, 47]},
						{"origin": [1, 27.325, -44.05], "size": [1, 1.025, 1], "inflate": -0.001, "pivot": [2, 27.325, -44.05], "rotation": [0, 0, -47], "uv": [31, 55]},
						{"origin": [-2, 27.325, -44.05], "size": [1, 1.025, 1], "inflate": -0.001, "pivot": [-2, 27.325, -44.05], "rotation": [0, 0, 47], "uv": [37, 55]},
						{"origin": [-2, 20.75, -44.05], "size": [1, 1.025, 1], "inflate": -0.001, "pivot": [-2, 21.775, -44.05], "rotation": [0, 0, -47], "uv": [64, 19]},
						{"origin": [1, 20.75, -44.05], "size": [1, 1.025, 1], "inflate": -0.001, "pivot": [2, 21.775, -44.05], "rotation": [0, 0, 47], "uv": [64, 17]},
						{"origin": [-1.25, 21.075, -44.05], "size": [2.5, 6.95, 1], "uv": [74, 32]},
						{"origin": [1, 27.325, -31.85], "size": [1, 1.025, 1], "inflate": -0.001, "pivot": [2, 27.325, -31.85], "rotation": [0, 0, -47], "uv": [31, 55]},
						{"origin": [-2, 21.775, -31.85], "size": [4, 5.55, 1], "inflate": 0.001, "uv": [31, 47]},
						{"origin": [-1.25, 21.075, -31.85], "size": [2.5, 6.95, 1], "uv": [74, 32]},
						{"origin": [-2, 27.325, -31.85], "size": [1, 1.025, 1], "inflate": -0.001, "pivot": [-2, 27.325, -31.85], "rotation": [0, 0, 47], "uv": [37, 55]},
						{"origin": [-0.9, 27.675, -47.4], "size": [1, 1.7, 2], "inflate": -0.301, "pivot": [-0.6, 28.175, -47.1], "rotation": [0, 0, -28], "uv": [82, 50]},
						{"origin": [-1.32, 28.665, -47.4], "size": [1, 1.5, 2], "inflate": -0.302, "pivot": [-1, 28.975, -47.1], "rotation": [0, 0, 15], "uv": [44, 82]},
						{"origin": [-0.1, 27.675, -47.4], "size": [1, 1.7, 2], "inflate": -0.301, "pivot": [0.6, 28.175, -47.1], "rotation": [0, 0, 28], "uv": [10, 86]},
						{"origin": [0.32, 28.665, -47.4], "size": [1, 1.5, 2], "inflate": -0.302, "pivot": [1, 28.975, -47.1], "rotation": [0, 0, -15], "uv": [20, 86]},
						{"origin": [-0.5, 27.825, -47.15], "size": [1, 2, 1.25], "inflate": -0.4, "uv": [25, 40]},
						{"origin": [-0.75, 24.55, -46.875], "size": [1.5, 3.025, 1.75], "inflate": -0.201, "pivot": [0.25, 26.3, -46.875], "rotation": [22.25, 0, 0], "uv": [15, 40]},
						{"origin": [-0.75, 23.875, -47.3], "size": [1.5, 5, 1.8], "inflate": -0.199, "uv": [0, 64]},
						{"origin": [-2.25, 25.15, -43.1], "size": [4.5, 2.1, 11.25], "uv": [99, 105]},
						{"origin": [0.8, 25.65, -43.1], "size": [1.45, 1.6, 11.25], "inflate": -0.001, "pivot": [2.25, 27.25, -45.1], "rotation": [0, 0, 44], "uv": [113, 0]},
						{"origin": [-2.25, 25.65, -43.1], "size": [1.45, 1.6, 11.25], "inflate": -0.001, "pivot": [-2.25, 27.25, -45.1], "rotation": [0, 0, -44], "uv": [32, 106]},
						{"origin": [-1.2, 26.65, -43.1], "size": [2.4, 1.6, 11.25], "uv": [41, 13]},
						{"origin": [-2.25, 24.15, -43.35], "size": [4.5, 2.1, 11.7], "inflate": -0.2, "uv": [0, 106]}
					]
				},
				{
					"name": "action",
					"parent": "gun",
					"pivot": [-2, 24.65, -23.6],
					"cubes": [
						{"origin": [-1.9, 22.95, -23.6], "size": [1, 1.5, 8.5], "uv": [48, 120]},
						{"origin": [-4.475, 23.15, -23.775], "size": [3.5, 1, 1], "pivot": [-4.475, 24.15, -23.775], "rotation": [0, -12.75, 0], "uv": [77, 65]},
						{"origin": [-1.425, 24.45, -23.6], "size": [1, 1.55, 14.5], "pivot": [-1.675, 24.45, -23.6], "rotation": [0, 0, 18], "uv": [0, 15]},
						{"origin": [-1.9, 23.45, -23.6], "size": [1, 1, 8.5], "inflate": -0.001, "pivot": [-1.9, 24.45, -23.6], "rotation": [0, 0, -39], "uv": [30, 120]},
						{"origin": [-1.65, 22.95, -15.1], "size": [1, 1.5, 5.5], "uv": [0, 54]}
					]
				},
				{
					"name": "switch",
					"parent": "gun",
					"pivot": [-2.5, 21.7, -2.9],
					"rotation": [33.25, 0, 0],
					"cubes": [
						{"origin": [-2.375, 21.575, -6.675], "size": [1, 1.25, 5], "inflate": 0.001, "uv": [55, 0]},
						{"origin": [-2.375, 22.825, -12.675], "size": [1, 1.75, 8], "inflate": 0.001, "uv": [125, 30]},
						{"origin": [-2.375, 22.575, -5.675], "size": [1, 2, 1], "inflate": -0.001, "pivot": [-2.375, 24.575, -4.675], "rotation": [22.75, 0, 0], "uv": [47, 13]},
						{"origin": [-2.375, 20.325, -12.675], "size": [1, 1.25, 11], "pivot": [-2.375, 21.575, -1.675], "rotation": [-13, 0, 0], "uv": [114, 51]},
						{"origin": [-2.525, 20.75, -11.875], "size": [1, 1.25, 10], "pivot": [-2.525, 22, -1.875], "rotation": [-11.75, 0, 0], "uv": [105, 118]},
						{"origin": [-3.275, 20.2, -13], "size": [1.5, 1.25, 3], "inflate": -0.4, "pivot": [-2.525, 22, -1.875], "rotation": [-11.75, 0, 0], "uv": [79, 79]}
					]
				},
				{
					"name": "scopemount",
					"parent": "gun",
					"pivot": [0, 29, 8],
					"cubes": [
						{"origin": [-0.7, 28.575, -12.95], "size": [2, 1, 15.4], "inflate": -0.2, "uv": [61, 102]},
						{"origin": [-1.3, 28.575, -12.95], "size": [2, 1, 15.4], "inflate": -0.201, "uv": [100, 87]},
						{"origin": [-1, 28.075, -12.85], "size": [2, 1, 15.2], "inflate": -0.102, "uv": [95, 56]},
						{"origin": [-0.9, 27.625, -9.4], "size": [2.75, 1, 8.2], "inflate": -0.102, "uv": [119, 87]},
						{"origin": [2.35, 19.975, -11.15], "size": [1, 3, 11.7], "inflate": -0.103, "uv": [31, 47]},
						{"origin": [2.7, 19.975, -11.15], "size": [1, 3, 1.7], "inflate": -0.102, "uv": [28, 7]},
						{"origin": [2.5, 21.1, -9.4], "size": [1, 2.25, 1.7], "inflate": -0.102, "pivot": [3.65, 23.25, -9.3], "rotation": [0, 0, -11.5], "uv": [41, 13]},
						{"origin": [2.225, 22.1, -9.4], "size": [1, 1, 4.075], "inflate": -0.102, "pivot": [3.375, 23, -9.3], "rotation": [0, 5, 0], "uv": [31, 53]},
						{"origin": [2.7, 19.975, -1.65], "size": [1, 3, 1.7], "inflate": -0.102, "uv": [16, 22]},
						{"origin": [2.725, 19.975, -7.65], "size": [1.1, 3, 4.7], "inflate": -0.102, "uv": [41, 13]},
						{"origin": [2.425, 22.2, -5.65], "size": [2, 1.6, 2], "inflate": -0.6, "pivot": [4.575, 23.7, -5.55], "rotation": [0, -32.75, 0], "uv": [0, 86]},
						{"origin": [2.25, 23.675, -11.25], "size": [1, 4.15, 1.7], "inflate": -0.201, "pivot": [3.15, 23.875, -11.05], "rotation": [-28, 0, 0], "uv": [29, 21]},
						{"origin": [2.25, 22.45, -11.25], "size": [1, 1.625, 1.7], "inflate": -0.2, "uv": [0, 56]},
						{"origin": [2.25, 22.675, -1.05], "size": [1, 5.05, 1.7], "inflate": -0.201, "pivot": [3.15, 22.875, 0.45], "rotation": [22, 0, 0], "uv": [62, 34]},
						{"origin": [2.25, 26.325, -9.475], "size": [1, 1.075, 8.375], "inflate": -0.2, "uv": [12, 120]},
						{"origin": [0.85, 26.575, -9.4], "size": [1, 2.05, 8.2], "inflate": -0.103, "pivot": [1.75, 28.525, -9.3], "rotation": [0, 0, -45], "uv": [0, 86]}
					]
				},
				{
					"name": "aks74u_guard",
					"parent": "gun",
					"pivot": [-2.575, 24.1, -41.1],
					"cubes": [
						{"origin": [-2.4, 21.9, -43.1], "size": [4.8, 3.1, 2], "uv": [0, 42]},
						{"origin": [-2.85, 7.8, -45.1], "size": [5.7, 12.1, 1.9], "inflate": -0.001, "pivot": [2.05, 21.9, -45.1], "rotation": [86.5, 0, 0], "uv": [0, 0]},
						{"origin": [-2.85, 11.5, -29.35], "size": [5.7, 7.4, 1.25], "inflate": 0.001, "pivot": [2.4, 18.9, -28.1], "rotation": [-109.5, 0, 0], "uv": [31, 34]},
						{"origin": [-1.6, 4.8, -45.1], "size": [3.2, 14.15, 2.25], "pivot": [1.15, 20.9, -45.1], "rotation": [86.5, 0, 0], "uv": [70, 0]},
						{"origin": [1.85, 7.8, -46.7], "size": [1, 12.075, 1.6], "pivot": [2.85, 21.9, -45.1], "rotation": [87.80761, 2.72893, 51.19777], "uv": [37, 64]},
						{"origin": [-2.85, 7.8, -46.7], "size": [1, 12.075, 1.6], "pivot": [-2.85, 21.9, -45.1], "rotation": [87.80761, -2.72893, -51.19777], "uv": [33, 64]},
						{"origin": [-2.4, 21.9, -41.1], "size": [4.8, 3.1, 15.25], "uv": [38, 88]},
						{"origin": [1.85, 22, -41.1], "size": [1, 1, 12.75], "pivot": [2.85, 23, -41.1], "rotation": [0, 0, 63], "uv": [41, 0]},
						{"origin": [-2.1, 21.9, -41.1], "size": [4.2, 3.1, 8], "uv": [81, 118]},
						{"origin": [-2.85, 23, -39.6], "size": [5.7, 1, 2], "pivot": [2.85, 24, -39.6], "rotation": [-37, 0, 0], "uv": [0, 30]},
						{"origin": [-2.4, 24, -35.1], "size": [4.8, 1, 2], "pivot": [2.4, 25, -33.1], "rotation": [37, 0, 0], "uv": [31, 42]},
						{"origin": [-2.85, 18.9, -28.1], "size": [5.7, 4.1, 2.25], "inflate": 0.002, "uv": [15, 34]},
						{"origin": [-2.85, 22, -41.1], "size": [1, 1, 12.75], "pivot": [-2.85, 23, -41.1], "rotation": [0, 0, -63], "uv": [31, 34]},
						{"origin": [-2.85, 22, -43.1], "size": [5.7, 1, 15], "inflate": 0.002, "uv": [75, 86]},
						{"origin": [-2.85, 20.15, -31.35], "size": [5.7, 1.85, 3.25], "uv": [66, 78]},
						{"origin": [-2.85, 23, -43.1], "size": [5.7, 1, 3.55], "inflate": 0.001, "uv": [75, 57]},
						{"origin": [1.75, 23, -43.1], "size": [1.1, 1, 2.55], "inflate": 0.001, "pivot": [2.85, 24, -41.1], "rotation": [0, 0, 66.25], "uv": [80, 8]},
						{"origin": [-2.85, 23, -43.1], "size": [1.1, 1, 2.55], "inflate": 0.001, "pivot": [-2.85, 24, -41.1], "rotation": [0, 0, -66.25], "uv": [80, 8], "mirror": true},
						{"origin": [1.75, 23, -28.4], "size": [1.1, 1, 2.55], "inflate": 0.001, "pivot": [2.85, 24, -25.9], "rotation": [0, 0, 66.25], "uv": [80, 5]},
						{"origin": [-2.85, 23, -29.4], "size": [5.7, 1, 3.55], "inflate": 0.001, "uv": [62, 56]},
						{"origin": [-2.85, 23, -28.4], "size": [1.1, 1, 2.55], "inflate": 0.001, "pivot": [-2.85, 24, -25.9], "rotation": [0, 0, -66.25], "uv": [80, 5], "mirror": true},
						{"origin": [1.825, 23.2, -41.5], "size": [1.2, 1, 1.45], "inflate": -0.2, "pivot": [2.85, 24, -40.6], "rotation": [0, 43.25, 66.25], "uv": [55, 8]},
						{"origin": [-3.025, 23.2, -41.5], "size": [1.2, 1, 1.45], "inflate": -0.2, "pivot": [-2.85, 24, -40.6], "rotation": [0, -43.25, -66.25], "uv": [55, 8], "mirror": true},
						{"origin": [1.825, 23.2, -28.9], "size": [1.2, 1, 1.45], "inflate": -0.2, "pivot": [2.85, 24, -28.35], "rotation": [-3.28354, -37.25097, 68.37485], "uv": [55, 8]},
						{"origin": [-2.85, 23, -31.35], "size": [5.7, 1, 2], "pivot": [2.85, 24, -29.35], "rotation": [30.5, 0, 0], "uv": [0, 30]},
						{"origin": [-3.025, 23.2, -28.9], "size": [1.2, 1, 1.45], "inflate": -0.2, "pivot": [-2.85, 24, -28.35], "rotation": [-3.28354, 37.25097, -68.37485], "uv": [55, 6]},
						{"origin": [-2.1, 16.5, -25.85], "size": [4.2, 2.4, 1.25], "inflate": 0.001, "pivot": [2.4, 18.9, -25.85], "rotation": [119.25, 0, 0], "uv": [15, 58]}
					]
				},
				{
					"name": "railedguard",
					"parent": "gun",
					"pivot": [-2.575, 24.1, -41.1],
					"cubes": [
						{"origin": [-2.4, 12.75, -30.25], "size": [4.8, 6.9, 2.15], "inflate": -0.001, "pivot": [2.4, 19.65, -28.1], "rotation": [-109.5, 0, 0], "uv": [0, 34]},
						{"origin": [-1.15, 4.8, -45.1], "size": [2.3, 14.15, 2.25], "pivot": [1.15, 20.9, -45.1], "rotation": [90, 0, 0], "uv": [80, 28]},
						{"origin": [1.4, 7.8, -46.7], "size": [1, 12.075, 1.6], "pivot": [2.4, 21.9, -45.1], "rotation": [90, 0, 51.25], "uv": [29, 64]},
						{"origin": [-2.4, 7.8, -46.7], "size": [1, 12.075, 1.6], "pivot": [-2.4, 21.9, -45.1], "rotation": [90, 0, -51.25], "uv": [10, 15]},
						{"origin": [-2.4, 21.9, -43.1], "size": [4.8, 3.1, 17.25], "inflate": 0.001, "uv": [70, 0]},
						{"origin": [-2.1, 21.9, -41.1], "size": [4.2, 3.1, 8], "uv": [118, 72]},
						{"origin": [-2.4, 24, -35.1], "size": [4.8, 1, 2], "pivot": [2.4, 25, -33.1], "rotation": [37, 0, 0], "uv": [14, 30]},
						{"origin": [-2.4, 19.65, -28.1], "size": [4.8, 4.1, 2.25], "uv": [0, 48]},
						{"origin": [-2.85, 23, -43.1], "size": [1.1, 1, 2.55], "inflate": 0.001, "pivot": [-2.85, 24, -41.1], "rotation": [0, 0, -66.25], "uv": [62, 0]},
						{"origin": [-2.85, 23, -28.4], "size": [1.1, 1, 2.55], "inflate": 0.001, "pivot": [-2.85, 24, -25.9], "rotation": [0, 0, -66.25], "uv": [7, 54]},
						{"origin": [-3.025, 23.2, -41.5], "size": [1.2, 1, 1.45], "inflate": -0.2, "pivot": [-2.85, 24, -40.6], "rotation": [0, -43.25, -66.25], "uv": [31, 53]},
						{"origin": [-3.025, 23.2, -28.9], "size": [1.2, 1, 1.45], "inflate": -0.2, "pivot": [-2.85, 24, -28.35], "rotation": [-3.28354, 37.25097, -68.37485], "uv": [12, 30]},
						{"origin": [-2.1, 16.5, -25.85], "size": [4.2, 2.4, 1.25], "inflate": 0.001, "pivot": [2.4, 18.9, -25.85], "rotation": [119.25, 0, 0], "uv": [56, 21]},
						{"origin": [-0.7, 19.7, -43.425], "size": [2, 1, 12.6], "inflate": -0.2, "uv": [111, 17]},
						{"origin": [-1.3, 19.7, -43.425], "size": [2, 1, 12.6], "inflate": -0.201, "uv": [109, 38]},
						{"origin": [-1, 20.3, -43.225], "size": [2, 1.25, 12.1], "uv": [61, 88]}
					]
				},
				{
					"name": "rightarm",
					"parent": "main",
					"pivot": [-4.3, 8.8, 21.8],
					"rotation": [-101.81106, -12.40003, -2.46982],
					"cubes": [
						{"origin": [-8.3, -15.2, 17.8], "size": [8, 24, 8], "uv": [0, 86]}
					]
				},
				{
					"name": "leftarm",
					"parent": "main",
					"pivot": [11.45, 7.3, -15.125],
					"rotation": [-131.15529, -6.98101, -41.3346],
					"cubes": [
						{"origin": [7.45, -16.7, -19.125], "size": [8, 24, 8], "uv": [0, 0]}
					]
				},
				{
					"name": "scope",
					"parent": "main",
					"pivot": [0, 29.425, -1.25],
					"cubes": [
						{"origin": [-0.5, 28.925, -1.55], "size": [1, 1, 1], "inflate": -0.4, "uv": [43, 82]}
					]
				},
				{
					"name": "magazine",
					"parent": "main",
					"pivot": [-0.9, 19.5, -20],
					"cubes": [
						{"origin": [-1.9, 8.5, -17.75], "size": [3.8, 11, 6], "pivot": [-0.9, 19.5, -11.75], "rotation": [-12.75, 0, 0], "uv": [0, 64]},
						{"origin": [-1.4, 8.5, -19.75], "size": [2.8, 11, 3], "inflate": -0.001, "pivot": [-0.4, 19.5, -11.75], "rotation": [-12.75, 0, 0], "uv": [0, 15]},
						{"origin": [-1.15, 12.8, -12.325], "size": [2.3, 6.325, 1.25], "pivot": [0.35, 18.8, -11.075], "rotation": [-21, 0, 0], "uv": [50, 79]},
						{"origin": [-1.9, -4.2, -20.2], "size": [3.8, 13, 6], "inflate": 0.001, "pivot": [-0.9, 8.8, -14.2], "rotation": [-27, 0, 0], "uv": [62, 34]},
						{"origin": [-1.4, -4.2, -22.2], "size": [2.8, 13, 2], "inflate": 0.001, "pivot": [-0.4, 8.8, -14.2], "rotation": [-27, 0, 0], "uv": [91, 38]}
					]
				},
				{
					"name": "bullet",
					"parent": "magazine",
					"pivot": [0.325, -0.175, -17.9],
					"rotation": [-12.5, 0, 0],
					"cubes": [
						{"origin": [-0.675, 19.575, -22.4], "size": [1, 1, 6], "inflate": 0.2, "pivot": [-0.175, 20.075, -22.4], "rotation": [0, 0, 21], "uv": [16, 15]}
					]
				},
				{
					"name": "magazine2",
					"parent": "main",
					"pivot": [-0.9, 19.5, -20],
					"cubes": [
						{"origin": [-1.9, 8.5, -17.75], "size": [3.8, 11, 6], "pivot": [-0.9, 19.5, -11.75], "rotation": [-12.75, 0, 0], "uv": [0, 64]},
						{"origin": [-1.4, 8.5, -19.75], "size": [2.8, 11, 3], "inflate": -0.001, "pivot": [-0.4, 19.5, -11.75], "rotation": [-12.75, 0, 0], "uv": [0, 15]},
						{"origin": [-1.15, 12.8, -12.325], "size": [2.3, 6.325, 1.25], "pivot": [0.35, 18.8, -11.075], "rotation": [-21, 0, 0], "uv": [50, 79]},
						{"origin": [-1.9, -4.2, -20.2], "size": [3.8, 13, 6], "inflate": 0.001, "pivot": [-0.9, 8.8, -14.2], "rotation": [-27, 0, 0], "uv": [62, 34]},
						{"origin": [-1.4, -4.2, -22.2], "size": [2.8, 13, 2], "inflate": 0.001, "pivot": [-0.4, 8.8, -14.2], "rotation": [-27, 0, 0], "uv": [91, 38]}
					]
				},
				{
					"name": "bullet2",
					"parent": "magazine2",
					"pivot": [0.325, -0.175, -17.9],
					"rotation": [-12.5, 0, 0],
					"cubes": [
						{"origin": [-0.675, 19.575, -22.4], "size": [1, 1, 6], "inflate": 0.2, "pivot": [-0.175, 20.075, -22.4], "rotation": [0, 0, 21], "uv": [16, 15]}
					]
				},
				{
					"name": "muzzleflash",
					"parent": "main",
					"pivot": [0, 23.475, -74.55],
					"cubes": [
						{"origin": [-0.5, 22.975, -74.85], "size": [1, 1, 1], "inflate": -0.4, "uv": [62, 58]}
					]
				},
				{
					"name": "_cb_scope",
					"parent": "main",
					"pivot": [0, 27.85, -10.65],
					"cubes": [
						{"origin": [-0.5, 28.875, -9.2], "size": [1, 1, 1], "uv": [25, 45]}
					]
				},
				{
					"name": "_cb_canted",
					"parent": "main",
					"pivot": [0, 27.85, -3.9],
					"cubes": [
						{"origin": [-0.5, 28.875, -2.45], "size": [1, 1, 1], "uv": [25, 45]}
					]
				},
				{
					"name": "_cb_suppressor",
					"parent": "main",
					"pivot": [0, 23.55, -53.525],
					"cubes": [
						{"origin": [-0.5, 23.05, -48.525], "size": [1, 1, 1], "uv": [54, 55]}
					]
				},
				{
					"name": "_cb_grip",
					"parent": "main",
					"pivot": [0, 19.9, -32.475],
					"cubes": [
						{"origin": [-0.5, 19.4, -32.975], "size": [1, 1, 1], "uv": [25, 45]}
					]
				},
				{
					"name": "_camera_",
					"pivot": [6.825, 33.725, 26.45]
				}
			]
		}
	]
}