{
	"format_version": "1.12.0",
	"minecraft:geometry": [
		{
			"description": {
				"identifier": "geometry.unknown",
				"texture_width": 64,
				"texture_height": 64,
				"visible_bounds_width": 9,
				"visible_bounds_height": 4,
				"visible_bounds_offset": [0, 1, 0]
			},
			"bones": [
				{
					"name": "main",
					"pivot": [0, 20, 0]
				},
				{
					"name": "vssvintorez",
					"parent": "main",
					"pivot": [3.15, 22.775, 7.9],
					"cubes": [
						{"origin": [-1.85, 12.125, 35.25], "size": [3.7, 8.35, 2.65], "inflate": -0.3, "pivot": [2.25, 19.275, 35.45], "rotation": [-3.25, 0, 0], "uv": [10, 38]},
						{"origin": [-1.85, 4.625, 34.95], "size": [3.7, 8.1, 2.65], "inflate": -0.3, "pivot": [2.25, 11.025, 35.15], "rotation": [4, 0, 0], "uv": [0, 38]},
						{"origin": [-2.05, 4.625, 33.1], "size": [4.1, 8.1, 2.65], "inflate": -0.3, "pivot": [2.2, 11.025, 33.3], "rotation": [4, 0, 0], "uv": [35, 0]},
						{"origin": [-2.05, 12.125, 33.4], "size": [4.1, 8.35, 2.65], "inflate": -0.3, "pivot": [2.2, 19.275, 33.6], "rotation": [-3.25, 0, 0], "uv": [35, 10]},
						{"origin": [-1.75, 16.8, 7.425], "size": [3.5, 5.4, 4.6], "inflate": 0.001, "uv": [29, 31]},
						{"origin": [-1.75, 16.8, 12.025], "size": [3.5, 3.4, 23.6], "inflate": 0.001, "uv": [0, 31]},
						{"origin": [-1.75, 20.05, 12.025], "size": [3.5, 2.15, 8.6], "pivot": [1.6, 22.2, 12.025], "rotation": [-14.5, 0, 0], "uv": [0, 0]},
						{"origin": [-1.75, 4.5, -0.525], "size": [3.5, 9.5, 5.225], "inflate": 0.002, "pivot": [0.95, 14, -0.525], "rotation": [12.25, 0, 0], "uv": [0, 10]},
						{"origin": [-0.75, 5.75, 16.225], "size": [1.5, 11.75, 5.225], "inflate": 0.002, "pivot": [0.95, 17.5, 16.225], "rotation": [12.25, 0, 0], "uv": [16, 10]},
						{"origin": [-1.75, 11.7, -1.05], "size": [3.5, 2.15, 4.125], "pivot": [0.95, 13.85, -1.05], "rotation": [60.6, 0, 0], "uv": [14, 0]},
						{"origin": [-1.75, 12.6, 3.6], "size": [3.5, 1, 3.225], "pivot": [0.95, 13.6, 2.7], "rotation": [60.6, 0, 0], "uv": [39, 31]},
						{"origin": [-1.75, 14.225, 3.9], "size": [3.5, 1.975, 1.125], "inflate": -0.001, "uv": [44, 20]},
						{"origin": [-1.75, 6.675, 5.275], "size": [3.5, 3.925, 1], "pivot": [0.95, 10.6, 6.275], "rotation": [7.75, 0, 0], "uv": [37, 40]},
						{"origin": [-1.75, 4.5, 1.725], "size": [3.5, 2.2, 5], "inflate": 0.001, "uv": [0, 31]},
						{"origin": [-1.75, 5, 6.475], "size": [3.5, 2.2, 29.25], "inflate": 0.003, "pivot": [0.95, 7.2, 33.725], "rotation": [-1.25, 0, 0], "uv": [0, 0]},
						{"origin": [-1.75, 4.5, 0.475], "size": [3.5, 1, 1.25], "inflate": 0.001, "uv": [14, 6]},
						{"origin": [-1.75, 4.475, 0.475], "size": [3.5, 1.025, 1.75], "pivot": [0.95, 5.5, 0.475], "rotation": [57.75, 0, 0], "uv": [18, 26]},
						{"origin": [-1.75, 10.575, 5.275], "size": [3.5, 4.875, 1], "inflate": 0.001, "pivot": [0.95, 10.6, 6.275], "rotation": [15.75, 0, 0], "uv": [29, 40]},
						{"origin": [-1.75, 14.275, 1.5], "size": [3.5, 2.15, 2.95], "inflate": 0.001, "uv": [11, 10]},
						{"origin": [-1.95, 16.15, 4.025], "size": [3.9, 1.5, 3.825], "inflate": -0.199, "uv": [35, 24]},
						{"origin": [-1.95, 10.925, 5.125], "size": [3.9, 1.5, 1.8], "inflate": -0.198, "pivot": [1.15, 12.225, 0.05], "rotation": [51.5, 0, 0], "uv": [0, 5]},
						{"origin": [-1.85, 16.15, 1.025], "size": [3.7, 1.5, 3.875], "inflate": -0.199, "uv": [11, 31]},
						{"origin": [-1.95, 16.15, 7.275], "size": [3.9, 1.5, 3.625], "inflate": -0.198, "pivot": [1.15, 17.45, 7.475], "rotation": [9.75, 0, 0], "uv": [35, 20]},
						{"origin": [-0.95, 14.5, 20.475], "size": [1.9, 2, 3.625], "inflate": -0.199, "pivot": [1.15, 15.8, 20.675], "rotation": [47.75, 0, 0], "uv": [0, 0]},
						{"origin": [-0.95, 14.5, 16], "size": [1.9, 3, 2.625], "inflate": -0.199, "pivot": [1.15, 15.8, 16.2], "rotation": [47.75, 0, 0], "uv": [43, 35]},
						{"origin": [-0.95, 5.175, 17.775], "size": [1.9, 3, 2.625], "inflate": -0.199, "pivot": [1.15, 6.475, 17.975], "rotation": [47.75, 0, 0], "uv": [23, 6]},
						{"origin": [-0.95, 4.3, 23.5], "size": [1.9, 3.5, 2.375], "inflate": -0.199, "pivot": [1.15, 5.6, 22.45], "rotation": [47.75, 0, 0], "uv": [12, 24]},
						{"origin": [-1.95, 4.25, 6.15], "size": [3.9, 1.5, 3.625], "inflate": -0.199, "pivot": [1.15, 5.55, 6.35], "rotation": [20.25, 0, 0], "uv": [0, 24]}
					]
				},
				{
					"name": "_ca_stock",
					"parent": "main",
					"pivot": [0, 19.15, 7.525],
					"cubes": [
						{"origin": [-0.5, 18.65, 7.025], "size": [1, 1, 1], "uv": [25, 45]}
					]
				}
			]
		}
	]
}