{
	"format_version": "1.12.0",
	"minecraft:geometry": [
		{
			"description": {
				"identifier": "geometry.unknown",
				"texture_width": 200,
				"texture_height": 200,
				"visible_bounds_width": 9,
				"visible_bounds_height": 4,
				"visible_bounds_offset": [0, 1, 0]
			},
			"bones": [
				{
					"name": "bb_main",
					"pivot": [0, 0, 0]
				},
				{
					"name": "main",
					"pivot": [0, 20, 4]
				},
				{
					"name": "gun",
					"parent": "main",
					"pivot": [1, 11, 35],
					"cubes": [
						{"origin": [-1.8, 16.725, 3.875], "size": [3.6, 1.975, 5.325], "inflate": -0.002, "pivot": [-0.8, 16.725, 3.875], "rotation": [31.25, 0, 0], "uv": [63, 10]},
						{"origin": [-1.8, 16.05, -1.75], "size": [3.6, 3, 4.5], "inflate": -0.002, "pivot": [0.8, 16.05, -1.75], "rotation": [-38.25, 0, 0], "uv": [0, 72]},
						{"origin": [-1.8, 19.625, -2.425], "size": [3.6, 3, 4.5], "inflate": -0.002, "pivot": [0.8, 19.625, -2.425], "rotation": [-50, 0, 0], "uv": [24, 0]},
						{"origin": [-1.8, 16.05, -1.5], "size": [3.6, 3.75, 6.25], "inflate": -0.001, "pivot": [0.8, 16.55, -1.75], "rotation": [-1.5, 0, 0], "uv": [103, 50]},
						{"origin": [-1.8, 6.3, -0.375], "size": [3.6, 10, 5.225], "inflate": 0.001, "pivot": [0.8, 15.3, -0.375], "rotation": [16.5, 0, 0], "uv": [43, 40]},
						{"origin": [-1.8, 2.875, -10.775], "size": [3.6, 14.825, 1.225], "inflate": 0.001, "pivot": [0.8, 17.7, -10.775], "rotation": [39.75, 0, 0], "uv": [51, 60]},
						{"origin": [-1.8, 3.875, -9.7], "size": [3.6, 14.425, 1.45], "pivot": [0.8, 18.3, -9.475], "rotation": [35.25, 0, 0], "uv": [43, 60]},
						{"origin": [-1.8, 6.3, -1.275], "size": [3.6, 1.1, 7.1], "uv": [82, 102]},
						{"origin": [-1.8, 6.7, 5.625], "size": [3.6, 2.25, 2.275], "inflate": -0.001, "pivot": [0.8, 6.7, 6.125], "rotation": [54, 0, 0], "uv": [90, 54]},
						{"origin": [-1.8, 6.4, 1.375], "size": [3.6, 1, 1.225], "inflate": -0.001, "pivot": [0.8, 7.4, 1.375], "rotation": [55.25, 0, 0], "uv": [52, 0]},
						{"origin": [-2.25, 19.65, 9.9], "size": [4.5, 1, 33.25], "inflate": 0.001, "pivot": [2.25, 19.65, 10.15], "rotation": [-3.5, 0, 0], "uv": [86, 0]},
						{"origin": [-2.5, 16.65, 15.9], "size": [5, 3.2, 9.75], "inflate": 0.002, "pivot": [2, 16.65, 15.9], "rotation": [-20.25, 0, 0], "uv": [41, 83]},
						{"origin": [-2.5, 17.075, 18.95], "size": [5, 2.2, 7.25], "inflate": -0.001, "pivot": [2, 14.075, 16.45], "rotation": [-5, 0, 0], "uv": [82, 93]},
						{"origin": [-1.8, 17.2, 14.65], "size": [3.6, 4, 1.75], "inflate": 0.001, "pivot": [1.9, 17.2, 14.65], "rotation": [-20.25, 0, 0], "uv": [73, 45]},
						{"origin": [-1.8, 15.225, 25.6], "size": [3.6, 4.75, 16.75], "inflate": 0.001, "pivot": [1.9, 15.225, 25.6], "rotation": [-7, 0, 0], "uv": [43, 40]},
						{"origin": [-1.8, 10.25, 36], "size": [3.6, 4.75, 6.15], "pivot": [1.9, 10.25, 36], "rotation": [-3, 0, 0], "uv": [63, 0]},
						{"origin": [-1.8, 10.25, 36], "size": [3.6, 8.25, 3.15], "inflate": -0.001, "pivot": [1.9, 10.25, 36], "rotation": [54.25, 0, 0], "uv": [45, 18]},
						{"origin": [-1.8, 17.2, 14.65], "size": [3.6, 4, 1.85], "inflate": 0.002, "pivot": [1.9, 17.2, 14.65], "rotation": [34, 0, 0], "uv": [73, 40]},
						{"origin": [-1.8, 18.225, 14.65], "size": [3.6, 4.925, 1.75], "inflate": 0.001, "pivot": [1.9, 18.225, 14.65], "rotation": [76.25, 0, 0], "uv": [0, 40]},
						{"origin": [-2.5, 13.25, 25.05], "size": [5, 1, 5.4], "pivot": [2, 13.25, 25.05], "rotation": [61.25, 0, 0], "uv": [14, 32]},
						{"origin": [-2.5, 18.35, 16.95], "size": [5, 1, 10.725], "inflate": 0.001, "pivot": [2, 18.35, 21.8], "rotation": [-3.5, 0, 0], "uv": [0, 80]},
						{"origin": [-2.25, 20.15, 37.15], "size": [4.5, 1, 6], "inflate": -0.002, "pivot": [2.25, 19.65, 10.15], "rotation": [-3.5, 0, 0], "uv": [0, 32]},
						{"origin": [-2.25, 19.9, 9.9], "size": [4.5, 3.5, 8.75], "uv": [0, 91]},
						{"origin": [-2.35, 20.9, -27.35], "size": [4.7, 3.25, 37.25], "inflate": 0.001, "uv": [45, 43]},
						{"origin": [-1.35, 20.3, -27.35], "size": [2.7, 1.1, 4.25], "inflate": -0.001, "uv": [100, 62]},
						{"origin": [-2.35, 24.15, -27.35], "size": [4.7, 1.4, 4.5], "uv": [61, 32]},
						{"origin": [-2.85, 24.775, -23.85], "size": [5.7, 2.2, 1.5], "inflate": -0.501, "uv": [14, 76]},
						{"origin": [-2.35, 24.15, -27.35], "size": [4.7, 1.4, 4.1], "inflate": 0.001, "pivot": [2.15, 25.55, -27.35], "rotation": [12.9, 0, 0], "uv": [45, 32]},
						{"origin": [-2.85, 21.9, -24], "size": [5.7, 1, 19.5], "inflate": 0.001, "uv": [60, 121]},
						{"origin": [1.35, 21.9, -24], "size": [1.5, 1, 19.5], "pivot": [2.85, 22.9, -24], "rotation": [0, 0, 31], "uv": [125, 34]},
						{"origin": [-2.85, 21.9, -24], "size": [1.5, 1, 19.5], "pivot": [-2.85, 22.9, -24], "rotation": [0, 0, -31], "uv": [124, 87]},
						{"origin": [0.35, 20.9, -24], "size": [2.5, 2, 1], "pivot": [2.85, 22.9, -24], "rotation": [0, -72.5, 0], "uv": [63, 0]},
						{"origin": [-2.85, 20.9, -24], "size": [2.5, 2, 1], "pivot": [-2.85, 22.9, -24], "rotation": [0, 72.5, 0], "uv": [32, 62]},
						{"origin": [-2.85, 20.9, -24], "size": [5.7, 1, 15.575], "inflate": 0.001, "uv": [66, 141]},
						{"origin": [1.15, 19.85, -24], "size": [1.7, 1.05, 11.575], "pivot": [2.85, 20.9, -24], "rotation": [-2.5736, 3.06315, 49.93118], "uv": [90, 50]},
						{"origin": [-2.85, 19.85, -24], "size": [1.7, 1.05, 11.575], "pivot": [-2.85, 20.9, -24], "rotation": [-2.5736, -3.06315, -49.93118], "uv": [90, 38]},
						{"origin": [-2.85, 20.9, -24], "size": [5.7, 1, 9.325], "inflate": -0.001, "pivot": [2.85, 20.9, -24], "rotation": [-4.0736, 0, 0], "uv": [82, 83]},
						{"origin": [-2.05, 20.225, -24], "size": [4.1, 1, 9.325], "pivot": [2.85, 20.9, -24], "rotation": [-4.0736, 0, 0], "uv": [86, 19]},
						{"origin": [-2.85, 17.65, -11.25], "size": [5.7, 3.25, 2.5], "inflate": 0.001, "uv": [20, 80]},
						{"origin": [-2.85, 19.4, -13.25], "size": [5.7, 1.5, 2.5], "inflate": -0.001, "uv": [86, 34]},
						{"origin": [-2.85, 12.65, -8.75], "size": [5.7, 5, 1.65], "pivot": [2.65, 17.65, -8.75], "rotation": [153, 0, 0], "uv": [98, 0]},
						{"origin": [-2.85, 15.65, -11.25], "size": [5.7, 2, 6.15], "pivot": [2.65, 17.65, -11.25], "rotation": [146.5, 0, 0], "uv": [53, 95]},
						{"origin": [-2.5, 24.15, -3.85], "size": [5, 1, 13.75], "uv": [45, 18]},
						{"origin": [-2.5, 24.15, -22.85], "size": [3.225, 1, 36.35], "pivot": [-2.5, 25.15, -22.85], "rotation": [0, 0, -70.5], "uv": [82, 83]},
						{"origin": [-1, 24.15, 13.5], "size": [1.725, 1, 3.4], "pivot": [-2.5, 25.15, -22.85], "rotation": [0, 0, -70.5], "uv": [41, 83]},
						{"origin": [-0.725, 24.15, -22.85], "size": [3.225, 1, 39.75], "pivot": [2.5, 25.15, -22.85], "rotation": [0, 0, 70.5], "uv": [0, 0]},
						{"origin": [1.425, 24.15, 16.9], "size": [1.075, 1, 2.25], "pivot": [2.5, 25.15, 16.9], "rotation": [0, 0, 70.5], "uv": [63, 3]},
						{"origin": [1.625, 24.35, 18.7], "size": [1.075, 1, 1.05], "inflate": -0.2, "pivot": [2.5, 25.15, 16.9], "rotation": [0, 0, 70.5], "uv": [78, 1]},
						{"origin": [0.425, 24.15, 16.9], "size": [1.075, 1, 1], "pivot": [2.5, 25.15, 16.9], "rotation": [0, 0, 70.5], "uv": [0, 80]},
						{"origin": [-2.225, 24.15, 19.375], "size": [3.675, 1, 1], "inflate": 0.001, "pivot": [2.5, 25.15, 20.375], "rotation": [0, -47, 70.5], "uv": [0, 45]},
						{"origin": [1.125, 24.35, 19.575], "size": [1.025, 1, 1], "inflate": -0.2, "pivot": [2.5, 25.15, 20.375], "rotation": [0, -47, 70.5], "uv": [78, 3]},
						{"origin": [0.35, 24.15, 19.375], "size": [1.875, 1, 1], "inflate": 0.001, "pivot": [-2.5, 25.15, 20.375], "rotation": [0, 47, -70.5], "uv": [78, 32]},
						{"origin": [-1.4, 26.45, -22.85], "size": [2.8, 1.75, 39.75], "inflate": 0.001, "uv": [0, 40]},
						{"origin": [-2.5, 24.15, -22.85], "size": [5, 1, 3], "uv": [10, 72]},
						{"origin": [-1.5, 24.15, -20.1], "size": [3, 1, 7.5], "uv": [0, 102]},
						{"origin": [-2.35, 19.4, -8.6], "size": [4.7, 1.5, 18.5], "uv": [124, 68]},
						{"origin": [-2.25, 21.15, 18.65], "size": [4.5, 2.25, 3.5], "uv": [20, 85]},
						{"origin": [-2, 19.65, 18.65], "size": [4, 2, 3.5], "uv": [81, 38]},
						{"origin": [-2.25, 19.9, 22.15], "size": [4.5, 3.5, 21], "uv": [31, 121]},
						{"origin": [-2.25, 18.975, 22.15], "size": [4.5, 1.25, 21], "inflate": -0.001, "uv": [121, 120]},
						{"origin": [-2.45, 21.9, 13.15], "size": [4.9, 1, 1], "inflate": -0.1, "pivot": [1.45, 22.85, 13.15], "rotation": [-13, 0, 0], "uv": [16, 91]},
						{"origin": [-2.45, 18.875, 32.625], "size": [4.9, 1, 1], "inflate": -0.1, "pivot": [1.45, 19.825, 32.625], "rotation": [-13, 0, 0], "uv": [90, 74]},
						{"origin": [-2.875, 19.3, 27.25], "size": [5.75, 2, 2], "inflate": -0.5, "pivot": [1.875, 20.25, 27.25], "rotation": [-13, 0, 0], "uv": [90, 62]},
						{"origin": [-2.875, 18.9, 25.55], "size": [5.75, 2, 2], "inflate": -0.5, "pivot": [1.875, 19.85, 25.55], "rotation": [-13, 0, 0], "uv": [86, 29]},
						{"origin": [-2.45, 21.975, 10.9], "size": [4.9, 1, 1], "inflate": -0.1, "pivot": [1.45, 22.925, 10.9], "rotation": [-13, 0, 0], "uv": [26, 91]},
						{"origin": [-2.55, 20.375, -6.45], "size": [5.1, 1.25, 1.25], "inflate": -0.1, "pivot": [1.45, 21.575, -6.45], "rotation": [-13, 0, 0], "uv": [45, 29]},
						{"origin": [-2.45, 21.975, 11.825], "size": [4.9, 1, 1], "inflate": -0.1, "pivot": [1.45, 22.925, 11.825], "rotation": [14.5, 0, 0], "uv": [90, 47]},
						{"origin": [-2.45, 21.75, 39.75], "size": [4.9, 1, 1], "inflate": -0.1, "pivot": [-1.45, 22.7, 39.75], "rotation": [-13, 0, 0], "uv": [90, 76]},
						{"origin": [-2.65, 21.2, 35.1], "size": [5.3, 2, 2], "inflate": -0.1, "pivot": [-1.45, 22.15, 35.1], "rotation": [-13, 0, 0], "uv": [68, 27]},
						{"origin": [-2.65, 20.9, 32.85], "size": [1.3, 1, 2.75], "inflate": -0.1, "pivot": [-1.45, 21.85, 32.85], "rotation": [7.83501, -8.42179, -1.15456], "uv": [55, 5]},
						{"origin": [1.35, 20.9, 32.85], "size": [1.3, 1, 2.75], "inflate": -0.1, "pivot": [1.45, 21.85, 32.85], "rotation": [7.83501, 8.42179, 1.15456], "uv": [55, 2]},
						{"origin": [1.375, 23.35, 9.9], "size": [1, 1.75, 33.35], "uv": [90, 34]},
						{"origin": [-2.525, 18.25, 43.3], "size": [5, 6.85, 1.85], "inflate": 0.001, "pivot": [2.475, 25.1, 43.3], "rotation": [-7.5, 0, 0], "uv": [26, 72]},
						{"origin": [-2.525, 9.9, 42.425], "size": [5, 8.4, 1.85], "pivot": [2.475, 18.9, 42.425], "rotation": [-2.25, 0, 0], "uv": [68, 18]},
						{"origin": [-2.375, 23.35, 23.4], "size": [1, 1.75, 19.875], "uv": [127, 0]},
						{"origin": [-2.375, 23.35, 9.9], "size": [1, 1.75, 3.625], "uv": [60, 83]},
						{"origin": [-1, 26.5, 12.4], "size": [2, 1, 27.275], "uv": [0, 118]},
						{"origin": [-1, 26.5, 39.65], "size": [2, 1, 4.325], "inflate": 0.001, "pivot": [-1, 27.5, 39.65], "rotation": [-33.5, 0, 0], "uv": [69, 51]},
						{"origin": [-1, 26.5, 39.65], "size": [1.35, 1, 4.125], "pivot": [-1, 27.5, 39.65], "rotation": [-34.72426, -14.31672, 9.72493], "uv": [51, 10]},
						{"origin": [-0.35, 26.5, 39.65], "size": [1.35, 1, 4.125], "pivot": [1, 27.5, 39.65], "rotation": [-34.72426, 14.31672, -9.72493], "uv": [29, 28]},
						{"origin": [0, 24.75, 12.4], "size": [1, 2.75, 27.275], "inflate": 0.001, "pivot": [1, 27.5, 12.4], "rotation": [0, 0, -30], "uv": [92, 120]},
						{"origin": [0, 24.75, 39.65], "size": [1, 1, 2.275], "inflate": -0.001, "pivot": [1, 27.5, 39.65], "rotation": [0, 0, -30], "uv": [32, 59]},
						{"origin": [0, 25.5, 39.65], "size": [1, 1, 1.025], "inflate": -0.002, "pivot": [1, 27.5, 39.65], "rotation": [0, 0, -30], "uv": [76, 64]},
						{"origin": [-1, 25.5, 39.65], "size": [1, 1, 1.025], "inflate": -0.002, "pivot": [-1, 27.5, 39.65], "rotation": [0, 0, 30], "uv": [76, 62]},
						{"origin": [-1, 24.75, 39.65], "size": [1, 1, 2.275], "inflate": -0.001, "pivot": [-1, 27.5, 39.65], "rotation": [0, 0, 30], "uv": [32, 56]},
						{"origin": [0, 26.5, 39.65], "size": [1, 1, 3.25], "pivot": [1, 27.5, 39.65], "rotation": [-37.5, 0, -30], "uv": [73, 32]},
						{"origin": [-1, 26.5, 39.65], "size": [1, 1, 3.25], "pivot": [-1, 27.5, 39.65], "rotation": [-37.5, 0, 30], "uv": [57, 32]},
						{"origin": [-1, 24.75, 23.4], "size": [1, 2.75, 16.275], "inflate": 0.001, "pivot": [-1, 27.5, 12.4], "rotation": [0, 0, 30], "uv": [45, 0]},
						{"origin": [-1, 26.25, 14.15], "size": [1, 1.25, 9.275], "pivot": [-1, 27.5, 12.4], "rotation": [0, 0, 30], "uv": [97, 93]},
						{"origin": [-3.15, 26, 13.15], "size": [2.5, 1.2, 10.5], "inflate": -0.2, "uv": [90, 68]},
						{"origin": [-3.15, 24.1, 13.15], "size": [1.75, 2.3, 1], "inflate": -0.2, "uv": [54, 40]},
						{"origin": [-3.15, 24.1, 22.65], "size": [1.75, 2.3, 1], "inflate": -0.2, "uv": [54, 18]},
						{"origin": [-2.15, 25.7, 13.65], "size": [2.5, 1, 9.5], "inflate": -0.2, "uv": [15, 93]},
						{"origin": [-2.15, 23, 13.65], "size": [1.75, 3.1, 1], "inflate": -0.2, "uv": [34, 0]},
						{"origin": [-2.15, 23, 22.15], "size": [1.75, 3.1, 1], "inflate": -0.2, "uv": [35, 28]},
						{"origin": [-3.15, 23, 22.65], "size": [1.75, 1.5, 1], "inflate": -0.199, "pivot": [-2.95, 24.3, 22.85], "rotation": [0, 0, -31.25], "uv": [76, 60]},
						{"origin": [-3.15, 23, 13.15], "size": [1.75, 1.5, 1], "inflate": -0.199, "pivot": [-2.95, 24.3, 13.35], "rotation": [0, 0, -31.25], "uv": [53, 75]},
						{"origin": [-0.85, 16.35, -4.725], "size": [2, 4, 1], "inflate": -0.1, "pivot": [1.15, 16.35, -3.725], "rotation": [-15, 0, 0], "uv": [0, 32]},
						{"origin": [-1.35, 17.275, -8.45], "size": [3, 4.75, 1], "inflate": -0.099, "pivot": [1.65, 16.275, -8.45], "rotation": [-91.5, 0, 0], "uv": [74, 10]},
						{"origin": [-1.35, 15.8, -5.95], "size": [3, 1.225, 1.175], "inflate": -0.1, "pivot": [1.65, 16.025, -5.95], "rotation": [-129.5, 0, 0], "uv": [70, 83]},
						{"origin": [-1.35, 17.15, -1.325], "size": [3, 1, 2.375], "inflate": -0.1, "pivot": [1.65, 17.15, -1.325], "rotation": [-149.75, 0, 0], "uv": [90, 71]},
						{"origin": [-0.7, 28.575, -21.9], "size": [2, 1, 37.7], "inflate": -0.2, "uv": [41, 83]},
						{"origin": [-1.3, 28.575, -21.9], "size": [2, 1, 37.7], "inflate": -0.201, "uv": [0, 80]},
						{"origin": [-1, 28.075, -21.8], "size": [2, 1, 37.5], "inflate": -0.102, "uv": [45, 0]},
						{"origin": [-1, 28.475, 15.575], "size": [2, 1, 1.95], "inflate": -0.1, "pivot": [1, 29.475, 15.575], "rotation": [-41.25, 0, 0], "uv": [77, 52]},
						{"origin": [-1.4, 28.375, 17.375], "size": [2.8, 1, 2.225], "inflate": 0.001, "pivot": [0.9, 29.375, 15.6], "rotation": [-41.25, 0, 0], "uv": [0, 5]},
						{"origin": [-0.025, 28.375, 17.475], "size": [1, 1, 4.125], "pivot": [0.9, 29.375, 15.6], "rotation": [-42.01761, 9.92285, -8.82502], "uv": [0, 80]},
						{"origin": [-0.975, 28.375, 17.475], "size": [1, 1, 1.925], "pivot": [-0.9, 29.375, 15.6], "rotation": [-42.01761, -9.92285, 8.82502], "uv": [77, 50]},
						{"origin": [-1, 22.425, -40.3], "size": [2, 2, 8.5], "pivot": [0, 23.425, -40.3], "rotation": [0, 0, -20], "uv": [41, 95]},
						{"origin": [-1, 22.425, -33.55], "size": [2, 2, 17], "inflate": -0.3, "pivot": [0, 23.425, -33.55], "rotation": [0, 0, -20], "uv": [43, 60]},
						{"origin": [-0.75, 20.925, -29.3], "size": [1.5, 2.25, 1.75], "inflate": -0.2, "uv": [57, 8]},
						{"origin": [-0.75, 22.925, -31.95], "size": [1.5, 2.25, 3], "inflate": -0.2, "uv": [0, 0]},
						{"origin": [-0.14, 15.25, -26.55], "size": [5.45, 11.2, 24.75], "inflate": -3, "uv": [-1, 148], "mirror": true},
						{"origin": [-5.31, 15.25, -26.55], "size": [5.45, 11.2, 24.75], "inflate": -3, "uv": [-1, 148]}
					]
				},
				{
					"name": "charge",
					"parent": "gun",
					"pivot": [3.15, 25.15, -19.825],
					"cubes": [
						{"origin": [0.8, 23.95, -19.55], "size": [4.4, 1.4, 1.7], "inflate": -0.199, "uv": [43, 75]},
						{"origin": [2.3, 23.7, -20.05], "size": [1, 1.9, 2.7], "inflate": -0.2, "uv": [32, 53]},
						{"origin": [4.15, 23.6, -19.9], "size": [1.25, 2.1, 2.4], "inflate": -0.3, "uv": [32, 40]},
						{"origin": [2.9, 23.95, -18.575], "size": [2.075, 1.4, 1.2], "inflate": -0.2, "pivot": [3.15, 25.15, -17.575], "rotation": [0, 30.75, 0], "uv": [32, 44]},
						{"origin": [2.9, 23.95, -20.025], "size": [2.075, 1.4, 1.2], "inflate": -0.2, "pivot": [3.15, 25.15, -19.825], "rotation": [0, -30.75, 0], "uv": [45, 14]}
					]
				},
				{
					"name": "action",
					"parent": "gun",
					"pivot": [-2, 24.75, 15.45],
					"cubes": [
						{"origin": [-1.9, 23.05, 14.45], "size": [1, 1.5, 8.5], "uv": [103, 38]},
						{"origin": [-1.425, 24.55, 14.45], "size": [1, 1.55, 8.5], "pivot": [-1.675, 24.55, 15.45], "rotation": [0, 0, 18], "uv": [12, 103]},
						{"origin": [-1.9, 23.55, 14.45], "size": [1, 1, 8.5], "inflate": -0.001, "pivot": [-1.9, 24.55, 15.45], "rotation": [0, 0, -39], "uv": [60, 83]}
					]
				},
				{
					"name": "sights",
					"parent": "gun",
					"pivot": [-0.175, 29.1, 2.15]
				},
				{
					"name": "rearsight",
					"parent": "sights",
					"pivot": [-0.175, 29.75, 14.275],
					"cubes": [
						{"origin": [-1.7, 29.3, 13.15], "size": [3.4, 2.5, 2.3], "inflate": -0.399, "uv": [90, 50]},
						{"origin": [0.5, 31, 13.8], "size": [1.1, 3.15, 1.225], "inflate": -0.3, "pivot": [0.9, 33.65, 14.2], "rotation": [-4.25, 0, 0], "uv": [14, 32]},
						{"origin": [-1.6, 31.05, 13.8], "size": [1.1, 3.1, 1.225], "inflate": -0.3, "pivot": [-0.9, 33.65, 14.2], "rotation": [-4.25, 0, 0], "uv": [24, 0]},
						{"origin": [-1.325, 31.45, 13.575], "size": [2.975, 1.3, 1.3], "inflate": -0.3, "pivot": [1.325, 31.65, 14.475], "rotation": [-18.75, 0, 0], "uv": [24, 44]},
						{"origin": [-1.6, 32.575, 14.25], "size": [1.1, 1.25, 1.85], "inflate": -0.301, "pivot": [-0.9, 33.525, 14.825], "rotation": [-72.75, 0, 0], "uv": [75, 4]},
						{"origin": [0.5, 32.575, 14.25], "size": [1.1, 1.25, 1.85], "inflate": -0.301, "pivot": [0.9, 33.525, 14.825], "rotation": [-72.75, 0, 0], "uv": [75, 2]},
						{"origin": [0.5, 31.35, 14.5], "size": [1.1, 1.25, 2], "inflate": -0.302, "pivot": [0.9, 32.3, 15.1], "rotation": [-93, 0, 0], "uv": [32, 50]},
						{"origin": [-1.6, 31.35, 14.5], "size": [1.1, 1.25, 2], "inflate": -0.302, "pivot": [-0.9, 32.3, 15.1], "rotation": [-93, 0, 0], "uv": [32, 47]},
						{"origin": [-1.6, 31.025, 13.25], "size": [1.1, 2.15, 1.2], "inflate": -0.302, "pivot": [-0.9, 32.75, 13.55], "rotation": [-1, 0, 0], "uv": [45, 32]},
						{"origin": [0.5, 31.025, 13.25], "size": [1.1, 2.15, 1.2], "inflate": -0.302, "pivot": [0.9, 32.75, 13.55], "rotation": [-1, 0, 0], "uv": [43, 40]},
						{"origin": [-1.6, 32.45, 13.7], "size": [1.1, 1.7, 1.2], "inflate": -0.301, "pivot": [-0.9, 33.65, 14], "rotation": [-30.25, 0, 0], "uv": [75, 0]},
						{"origin": [0.5, 32.45, 13.7], "size": [1.1, 1.7, 1.2], "inflate": -0.301, "pivot": [0.9, 33.65, 14], "rotation": [-30.25, 0, 0], "uv": [0, 74]},
						{"origin": [-1.2, 30.8, 13.35], "size": [2.4, 1.2, 1.9], "inflate": -0.202, "uv": [33, 37]},
						{"origin": [-0.675, 31.875, 13.875], "size": [1, 1.6, 1.2], "inflate": -0.399, "pivot": [-0.175, 32.85, 14.375], "rotation": [0, 0, -90], "uv": [0, 72]},
						{"origin": [-2.2, 31.275, 13.075], "size": [1.2, 2, 2], "inflate": -0.3, "pivot": [-1.525, 31.475, 13.975], "rotation": [-18.75, 0, 0], "uv": [24, 40]},
						{"origin": [-0.65, 31.65, 13.675], "size": [1.3, 1.3, 1.3], "inflate": -0.2, "pivot": [0.325, 31.85, 14.575], "rotation": [-18.75, 0, 0], "uv": [35, 70]},
						{"origin": [0.025, 31.825, 13.875], "size": [1, 1.6, 1.2], "inflate": -0.399, "pivot": [-0.175, 32.8, 14.375], "rotation": [0, 0, -90], "uv": [32, 69]},
						{"origin": [-0.425, 31.825, 13.875], "size": [1.25, 1, 1.2], "inflate": -0.399, "pivot": [-0.175, 32.8, 14.375], "rotation": [0, 0, -90], "uv": [35, 68]},
						{"origin": [-0.425, 32.425, 13.875], "size": [1.25, 1, 1.2], "inflate": -0.399, "pivot": [-0.175, 32.8, 14.375], "rotation": [0, 0, -90], "uv": [32, 67]}
					]
				},
				{
					"name": "frontsight",
					"parent": "sights",
					"pivot": [-0.175, 30.25, -18.425],
					"cubes": [
						{"origin": [0.4, 32.55, -19.05], "size": [1.1, 1.575, 1.225], "inflate": -0.3, "uv": [35, 66]},
						{"origin": [0.4, 32.45, -19.05], "size": [1.1, 1.675, 1.225], "inflate": -0.301, "pivot": [0.8, 33.825, -18.75], "rotation": [-24.5, 0, 0], "uv": [32, 65]},
						{"origin": [0.4, 32.45, -19.05], "size": [1.1, 1.675, 1.225], "inflate": -0.301, "pivot": [0.8, 33.825, -18.125], "rotation": [23, 0, 0], "uv": [64, 64]},
						{"origin": [-1.5, 32.55, -19.05], "size": [1.1, 1.575, 1.225], "inflate": -0.3, "uv": [64, 62]},
						{"origin": [-1.5, 32.45, -19.05], "size": [1.1, 1.675, 1.225], "inflate": -0.301, "pivot": [-0.8, 33.825, -18.125], "rotation": [23, 0, 0], "uv": [64, 60]},
						{"origin": [-1.5, 32.45, -19.05], "size": [1.1, 1.675, 1.225], "inflate": -0.301, "pivot": [-0.8, 33.825, -18.75], "rotation": [-24.5, 0, 0], "uv": [63, 12]},
						{"origin": [0.4, 31, -19.5], "size": [1.1, 2.15, 2.1], "inflate": -0.3, "uv": [32, 22]},
						{"origin": [-1.5, 31, -19.5], "size": [1.1, 2.15, 2.1], "inflate": -0.3, "uv": [32, 18]},
						{"origin": [-0.675, 31.6, -18.875], "size": [1, 1.6, 1.2], "inflate": -0.399, "pivot": [-0.175, 32.575, -18.375], "rotation": [0, 0, -90], "uv": [63, 10]},
						{"origin": [-0.9, 31.425, -19.075], "size": [1.8, 1.3, 1.3], "inflate": -0.2, "pivot": [0.325, 31.625, -18.175], "rotation": [-18.75, 0, 0], "uv": [57, 11]},
						{"origin": [-0.775, 31.6, -18.875], "size": [1.3, 1, 1.2], "inflate": -0.399, "pivot": [-0.475, 32.575, -18.375], "rotation": [0, 0, -90], "uv": [54, 43]},
						{"origin": [-1.6, 29.275, -19.6], "size": [3.2, 2.9, 2.3], "inflate": -0.399, "uv": [90, 43]}
					]
				},
				{
					"name": "sightsflipped",
					"parent": "gun",
					"pivot": [-0.175, 29.1, 2.15]
				},
				{
					"name": "rearsightflipped",
					"parent": "sightsflipped",
					"pivot": [-0.175, 30.25, 14.275],
					"rotation": [-90, 0, 0],
					"cubes": [
						{"origin": [-1.7, 29.8, 13.15], "size": [3.4, 2.5, 2.3], "inflate": -0.399, "uv": [90, 50]},
						{"origin": [0.5, 31.5, 13.8], "size": [1.1, 3.15, 1.225], "inflate": -0.3, "pivot": [0.9, 34.15, 14.2], "rotation": [-4.25, 0, 0], "uv": [14, 32]},
						{"origin": [-1.6, 31.55, 13.8], "size": [1.1, 3.1, 1.225], "inflate": -0.3, "pivot": [-0.9, 34.15, 14.2], "rotation": [-4.25, 0, 0], "uv": [24, 0]},
						{"origin": [-1.325, 31.95, 13.575], "size": [2.975, 1.3, 1.3], "inflate": -0.3, "pivot": [1.325, 32.15, 14.475], "rotation": [-18.75, 0, 0], "uv": [24, 44]},
						{"origin": [-1.6, 33.075, 14.25], "size": [1.1, 1.25, 1.85], "inflate": -0.301, "pivot": [-0.9, 34.025, 14.825], "rotation": [-72.75, 0, 0], "uv": [75, 4]},
						{"origin": [0.5, 33.075, 14.25], "size": [1.1, 1.25, 1.85], "inflate": -0.301, "pivot": [0.9, 34.025, 14.825], "rotation": [-72.75, 0, 0], "uv": [75, 2]},
						{"origin": [0.5, 31.85, 14.5], "size": [1.1, 1.25, 2], "inflate": -0.302, "pivot": [0.9, 32.8, 15.1], "rotation": [-93, 0, 0], "uv": [32, 50]},
						{"origin": [-1.6, 31.85, 14.5], "size": [1.1, 1.25, 2], "inflate": -0.302, "pivot": [-0.9, 32.8, 15.1], "rotation": [-93, 0, 0], "uv": [32, 47]},
						{"origin": [-1.6, 31.525, 13.25], "size": [1.1, 2.15, 1.2], "inflate": -0.302, "pivot": [-0.9, 33.25, 13.55], "rotation": [-1, 0, 0], "uv": [45, 32]},
						{"origin": [0.5, 31.525, 13.25], "size": [1.1, 2.15, 1.2], "inflate": -0.302, "pivot": [0.9, 33.25, 13.55], "rotation": [-1, 0, 0], "uv": [43, 40]},
						{"origin": [-1.6, 32.95, 13.7], "size": [1.1, 1.7, 1.2], "inflate": -0.301, "pivot": [-0.9, 34.15, 14], "rotation": [-30.25, 0, 0], "uv": [75, 0]},
						{"origin": [0.5, 32.95, 13.7], "size": [1.1, 1.7, 1.2], "inflate": -0.301, "pivot": [0.9, 34.15, 14], "rotation": [-30.25, 0, 0], "uv": [0, 74]},
						{"origin": [-1.2, 31.3, 13.35], "size": [2.4, 1.2, 1.9], "inflate": -0.202, "uv": [33, 37]},
						{"origin": [-0.675, 32.375, 13.875], "size": [1, 1.6, 1.2], "inflate": -0.399, "pivot": [-0.175, 33.35, 14.375], "rotation": [0, 0, -90], "uv": [0, 72]},
						{"origin": [-2.2, 31.775, 13.075], "size": [1.2, 2, 2], "inflate": -0.3, "pivot": [-1.525, 31.975, 13.975], "rotation": [-18.75, 0, 0], "uv": [24, 40]},
						{"origin": [-0.65, 32.15, 13.675], "size": [1.3, 1.3, 1.3], "inflate": -0.2, "pivot": [0.325, 32.35, 14.575], "rotation": [-18.75, 0, 0], "uv": [35, 70]},
						{"origin": [0.025, 32.325, 13.875], "size": [1, 1.6, 1.2], "inflate": -0.399, "pivot": [-0.175, 33.3, 14.375], "rotation": [0, 0, -90], "uv": [32, 69]},
						{"origin": [-0.425, 32.325, 13.875], "size": [1.25, 1, 1.2], "inflate": -0.399, "pivot": [-0.175, 33.3, 14.375], "rotation": [0, 0, -90], "uv": [35, 68]},
						{"origin": [-0.425, 32.925, 13.875], "size": [1.25, 1, 1.2], "inflate": -0.399, "pivot": [-0.175, 33.3, 14.375], "rotation": [0, 0, -90], "uv": [32, 67]}
					]
				},
				{
					"name": "frontsightflipped",
					"parent": "sightsflipped",
					"pivot": [-0.175, 30.25, -18.125],
					"rotation": [-90, 0, 0],
					"cubes": [
						{"origin": [0.4, 32.55, -18.75], "size": [1.1, 1.575, 1.225], "inflate": -0.3, "uv": [35, 66]},
						{"origin": [0.4, 32.45, -18.75], "size": [1.1, 1.675, 1.225], "inflate": -0.301, "pivot": [0.8, 33.825, -18.45], "rotation": [-24.5, 0, 0], "uv": [32, 65]},
						{"origin": [0.4, 32.45, -18.75], "size": [1.1, 1.675, 1.225], "inflate": -0.301, "pivot": [0.8, 33.825, -17.825], "rotation": [23, 0, 0], "uv": [64, 64]},
						{"origin": [-1.5, 32.55, -18.75], "size": [1.1, 1.575, 1.225], "inflate": -0.3, "uv": [64, 62]},
						{"origin": [-1.5, 32.45, -18.75], "size": [1.1, 1.675, 1.225], "inflate": -0.301, "pivot": [-0.8, 33.825, -17.825], "rotation": [23, 0, 0], "uv": [64, 60]},
						{"origin": [-1.5, 32.45, -18.75], "size": [1.1, 1.675, 1.225], "inflate": -0.301, "pivot": [-0.8, 33.825, -18.45], "rotation": [-24.5, 0, 0], "uv": [63, 12]},
						{"origin": [0.4, 31, -19.2], "size": [1.1, 2.15, 2.1], "inflate": -0.3, "uv": [32, 22]},
						{"origin": [-1.5, 31, -19.2], "size": [1.1, 2.15, 2.1], "inflate": -0.3, "uv": [32, 18]},
						{"origin": [-0.675, 31.6, -18.575], "size": [1, 1.6, 1.2], "inflate": -0.399, "pivot": [-0.175, 32.575, -18.075], "rotation": [0, 0, -90], "uv": [63, 10]},
						{"origin": [-0.9, 31.425, -18.775], "size": [1.8, 1.3, 1.3], "inflate": -0.2, "pivot": [0.325, 31.625, -17.875], "rotation": [-18.75, 0, 0], "uv": [57, 11]},
						{"origin": [-0.775, 31.6, -18.575], "size": [1.3, 1, 1.2], "inflate": -0.399, "pivot": [-0.475, 32.575, -18.075], "rotation": [0, 0, -90], "uv": [54, 43]},
						{"origin": [-1.6, 29.275, -19.3], "size": [3.2, 2.9, 2.3], "inflate": -0.399, "uv": [90, 43]}
					]
				},
				{
					"name": "bone3",
					"parent": "gun",
					"pivot": [1.25, 28.6, 2.35],
					"cubes": [
						{"origin": [-1.5, 28.9, 11.725], "size": [3, 1, 2], "inflate": 0.002, "pivot": [-1.5, 28.9, 12.725], "rotation": [17, 0, 0], "uv": [90, 68]},
						{"origin": [-1.2, 28.6, 11.825], "size": [2.4, 1, 3], "inflate": 0.001, "uv": [0, 85]},
						{"origin": [0.75, 28.7, 12.425], "size": [1, 1, 1], "inflate": -0.102, "pivot": [0.7, 28.7, 12.425], "rotation": [12, 0, 0], "uv": [43, 43]},
						{"origin": [-2.725, 28.6, 13.175], "size": [1.75, 2, 2], "inflate": -0.3, "pivot": [-1.475, 28.6, 15.075], "rotation": [-3, 0, 0], "uv": [32, 14]},
						{"origin": [-1.5, 29.1, 13.675], "size": [2.75, 1, 1], "inflate": 0.002, "pivot": [1.25, 29.1, 14.575], "rotation": [-3, 0, 0], "uv": [32, 26]},
						{"origin": [-1.5, 29.125, -21.125], "size": [3, 1, 2], "inflate": 0.002, "pivot": [-1.5, 29.125, -20.125], "rotation": [17, 0, 0], "uv": [90, 58]},
						{"origin": [-1.3, 28.825, -20.275], "size": [2.6, 1, 3], "inflate": 0.001, "uv": [29, 33]}
					]
				},
				{
					"name": "bullet2",
					"parent": "gun",
					"pivot": [0.325, 3.325, 20.525],
					"cubes": [
						{"origin": [-0.675, 23.075, 16.025], "size": [1, 1, 6], "inflate": 0.2, "pivot": [-0.175, 23.575, 16.025], "rotation": [0, 0, 21], "uv": [24, 40]}
					]
				},
				{
					"name": "rightarm",
					"parent": "main",
					"pivot": [-7.075, 8.8, 21.8],
					"rotation": [-101.48022, -19.64307, -2.56132],
					"cubes": [
						{"origin": [-11.075, -15.2, 17.8], "size": [8, 24, 8], "uv": [0, 40]}
					]
				},
				{
					"name": "leftarm",
					"parent": "main",
					"pivot": [11.7, 6.3, 1.45],
					"rotation": [-131.15529, -6.98101, -41.3346],
					"cubes": [
						{"origin": [7.7, -17.7, -2.55], "size": [8, 24, 8], "uv": [0, 0]}
					]
				},
				{
					"name": "scope",
					"parent": "main",
					"pivot": [0, 33.175, 20.75],
					"cubes": [
						{"origin": [-0.5, 32.675, 20.45], "size": [1, 1, 1], "inflate": -0.4, "uv": [85, 20]}
					]
				},
				{
					"name": "magazine",
					"parent": "main",
					"pivot": [-0.9, 19.5, 16.25],
					"rotation": [-3, 0, 0],
					"cubes": [
						{"origin": [-1.9, 8.5, 18.5], "size": [3.8, 11, 6], "pivot": [-0.9, 19.5, 24.5], "rotation": [-12.75, 0, 0], "uv": [64, 60]},
						{"origin": [-1.4, 8.5, 16.5], "size": [2.8, 11, 3], "inflate": -0.001, "pivot": [-0.4, 19.5, 24.5], "rotation": [-12.75, 0, 0], "uv": [45, 0]},
						{"origin": [-1.15, 12.8, 23.925], "size": [2.3, 6.325, 1.25], "pivot": [0.35, 18.8, 25.175], "rotation": [-21, 0, 0], "uv": [32, 7]},
						{"origin": [-1.9, -4.2, 16.05], "size": [3.8, 13, 6], "inflate": 0.001, "pivot": [-0.9, 8.8, 22.05], "rotation": [-27, 0, 0], "uv": [86, 0]},
						{"origin": [-1.4, -4.2, 14.05], "size": [2.8, 13, 2], "inflate": 0.001, "pivot": [-0.4, 8.8, 22.05], "rotation": [-27, 0, 0], "uv": [65, 40]}
					]
				},
				{
					"name": "bullet",
					"parent": "magazine",
					"pivot": [0.325, -0.175, 18.35],
					"rotation": [-12.5, 0, 0],
					"cubes": [
						{"origin": [-0.675, 19.575, 13.85], "size": [1, 1, 6], "inflate": 0.2, "pivot": [-0.175, 20.075, 13.85], "rotation": [0, 0, 21], "uv": [24, 40]}
					]
				},
				{
					"name": "muzzleflash",
					"parent": "main",
					"pivot": [0, 23.475, -41.3],
					"cubes": [
						{"origin": [-0.5, 22.975, -41.6], "size": [1, 1, 1], "inflate": -0.4, "uv": [6, 80]}
					]
				},
				{
					"name": "_cb_scope",
					"parent": "main",
					"pivot": [0, 27.85, -2.65],
					"cubes": [
						{"origin": [-0.5, 28.875, -1.2], "size": [1, 1, 1], "uv": [25, 45]}
					]
				},
				{
					"name": "_cb_canted",
					"parent": "main",
					"pivot": [0, 27.85, 4.1],
					"cubes": [
						{"origin": [-0.5, 28.875, 5.55], "size": [1, 1, 1], "uv": [25, 45]}
					]
				},
				{
					"name": "_cb_suppressor",
					"parent": "main",
					"pivot": [0, 23.55, -37.525],
					"cubes": [
						{"origin": [-0.5, 23.05, -32.525], "size": [1, 1, 1], "uv": [54, 59]}
					]
				},
				{
					"name": "_cb_grip",
					"parent": "main",
					"pivot": [0, 19.9, -17.475],
					"cubes": [
						{"origin": [-0.5, 19.4, -17.975], "size": [1, 1, 1], "uv": [25, 45]}
					]
				},
				{
					"name": "_camera_",
					"pivot": [6.825, 33.725, 26.45]
				}
			]
		}
	]
}