{
	"format_version": "1.12.0",
	"minecraft:geometry": [
		{
			"description": {
				"identifier": "geometry.unknown",
				"texture_width": 300,
				"texture_height": 300,
				"visible_bounds_width": 11,
				"visible_bounds_height": 6,
				"visible_bounds_offset": [0, 1, 0]
			},
			"bones": [
				{
					"name": "bb_main",
					"pivot": [0, 0, 0]
				},
				{
					"name": "main",
					"pivot": [0, 20, 0]
				},
				{
					"name": "gun",
					"parent": "main",
					"pivot": [1, 11, -1],
					"cubes": [
						{"origin": [-1.75, 18.9, -14.75], "size": [1, 1, 15.55], "inflate": -0.1, "pivot": [-0.4, 19, 1.5], "rotation": [-3.75, 0, 0], "uv": [75, 86]},
						{"origin": [0.65, 19, -14.75], "size": [1, 3.65, 15.35], "inflate": 0.001, "pivot": [0.4, 19, 1.5], "rotation": [-3.75, 0, 0], "uv": [58, 83]},
						{"origin": [-1.05, 17.975, -15.85], "size": [2.1, 1.15, 16.45], "inflate": 0.001, "pivot": [-0.2, 17.975, 1.5], "rotation": [-3.75, 0, 0], "uv": [120, 64]},
						{"origin": [-1.35, 16.75, -8.15], "size": [2.75, 2.95, 1.3], "inflate": 0.001, "uv": [58, 0]},
						{"origin": [-1.35, 16.75, -8.15], "size": [2.75, 3.125, 1.3], "pivot": [1.4, 16.75, -8.15], "rotation": [31.5, 0, 0], "uv": [50, 12]},
						{"origin": [-1.55, 16.725, -7.9], "size": [3.15, 1, 1], "inflate": -0.1, "pivot": [1.6, 16.725, -7.9], "rotation": [18.25, 0, 0], "uv": [31, 20]},
						{"origin": [-1.575, 20.05, -50.55], "size": [3.15, 1, 1], "inflate": -0.1, "pivot": [1.575, 20.05, -50.55], "rotation": [18.25, 0, 0], "uv": [0, 19]},
						{"origin": [-1.35, 16.75, -8.15], "size": [2.75, 3.125, 1.3], "pivot": [1.4, 16.75, -6.85], "rotation": [-28.75, 0, 0], "uv": [10, 41]},
						{"origin": [-2, 20.6, -15.6], "size": [4, 3.25, 1], "inflate": 0.001, "pivot": [2, 20.6, -15.6], "rotation": [-3.75, 0, 0], "uv": [23, 51]},
						{"origin": [-2, 20.6, -15.8], "size": [4, 3.225, 1], "inflate": 0.002, "uv": [44, 7]},
						{"origin": [1, 18.875, -15.8], "size": [1, 1.725, 1.2], "inflate": 0.001, "pivot": [2, 20.6, -15.8], "rotation": [0, 0, 33], "uv": [52, 48]},
						{"origin": [1, 23.825, -15.8], "size": [1, 1.1, 1.4], "inflate": 0.001, "pivot": [2, 23.825, -15.8], "rotation": [0, 0, -57.25], "uv": [10, 45]},
						{"origin": [1, 24.275, -14.4], "size": [1, 1, 1], "inflate": 0.001, "pivot": [2, 23.825, -15.8], "rotation": [0, 0, -57.25], "uv": [38, 44]},
						{"origin": [-2, 24.275, -14.4], "size": [1, 1, 1], "inflate": 0.001, "pivot": [-2, 23.825, -15.8], "rotation": [0, 0, 57.25], "uv": [32, 44]},
						{"origin": [-2, 23.825, -15.8], "size": [1, 1.1, 1.4], "inflate": 0.001, "pivot": [-2, 23.825, -15.8], "rotation": [0, 0, 57.25], "uv": [0, 45]},
						{"origin": [-2, 18.875, -15.8], "size": [1, 1.725, 1.2], "inflate": 0.001, "pivot": [-2, 20.6, -15.8], "rotation": [0, 0, -33], "uv": [4, 57]},
						{"origin": [-1.55, 17.9, -15.65], "size": [1, 1, 17.25], "inflate": 0.1, "pivot": [-1.65, 19, 1.6], "rotation": [-3.21559, -1.93038, -30.94581], "uv": [19, 33]},
						{"origin": [0.55, 17.9, -15.65], "size": [1, 1, 17.25], "inflate": 0.1, "pivot": [1.65, 19, 1.6], "rotation": [-3.21559, 1.93038, 30.94581], "uv": [0, 32]},
						{"origin": [0.65, 22.775, -13.6], "size": [1, 2, 12.75], "uv": [85, 57]},
						{"origin": [-1.65, 22.725, -13.6], "size": [3.3, 2.05, 1.3], "inflate": -0.001, "pivot": [1.65, 24.775, -13.6], "rotation": [-38, 0, 0], "uv": [43, 19]},
						{"origin": [-1.65, 20.725, -13.6], "size": [1, 4.05, 1.75], "uv": [43, 12]},
						{"origin": [-1.85, 19.9, -12.8], "size": [1, 1.05, 5.15], "inflate": -0.201, "uv": [0, 50]},
						{"origin": [-1.65, 19.875, -7.85], "size": [1, 2.4, 8.15], "inflate": -0.001, "uv": [58, 26]},
						{"origin": [-1.65, 20.725, -14.6], "size": [1, 2.8, 1], "uv": [21, 12]},
						{"origin": [-1.75, 21.8, -13.275], "size": [1, 1.05, 1.25], "inflate": -0.101, "pivot": [2.1, 21.775, -11.6], "rotation": [-44.25, 0, 0], "uv": [44, 0]},
						{"origin": [-1.95, 23, -12.875], "size": [1, 1.375, 1.15], "inflate": -0.301, "pivot": [1.8, 23.375, -11.3], "rotation": [-44.25, 0, 0], "uv": [38, 46]},
						{"origin": [-1.95, 23, -5.475], "size": [1, 1.375, 1.15], "inflate": -0.301, "pivot": [1.8, 23.375, -5.9], "rotation": [44.25, 0, 0], "uv": [45, 23]},
						{"origin": [-1.65, 21.7, -5.25], "size": [1, 1.05, 1.25], "inflate": -0.002, "pivot": [2.1, 21.775, -5.675], "rotation": [44.25, 0, 0], "uv": [49, 23]},
						{"origin": [-1.65, 22.975, -5.35], "size": [1, 1.8, 4.5], "uv": [31, 5]},
						{"origin": [-1.85, 22.075, -12.05], "size": [1, 1.1, 11.95], "inflate": -0.2, "uv": [0, 0]},
						{"origin": [-1.65, 24.775, -13.6], "size": [1, 1.7, 1.75], "pivot": [-1.65, 24.775, -13.6], "rotation": [0, 0, 78.75], "uv": [12, 57]},
						{"origin": [-1.95, 24.475, -12.15], "size": [1, 2.3, 7.1], "inflate": -0.3, "pivot": [-1.65, 24.775, -11.85], "rotation": [0, 0, 78.75], "uv": [0, 32]},
						{"origin": [-1.95, 24.075, -12.15], "size": [1, 1, 7.1], "inflate": -0.3, "uv": [19, 32]},
						{"origin": [-1.65, 24.775, -5.35], "size": [1, 1.7, 4.5], "pivot": [-1.65, 24.775, -5.35], "rotation": [0, 0, 78.75], "uv": [31, 0]},
						{"origin": [0.85, 22.975, -1.05], "size": [1, 2, 5.65], "inflate": -0.201, "pivot": [1.65, 24.775, -0.85], "rotation": [-45.25, 0, 0], "uv": [43, 57]},
						{"origin": [0.65, 24.775, -13.6], "size": [1, 1.7, 12.75], "pivot": [1.65, 24.775, -13.6], "rotation": [0, 0, -78.75], "uv": [0, 87]},
						{"origin": [0.65, 24.775, 1.7], "size": [1, 1.1, 3.2], "pivot": [1.65, 24.775, -0.85], "rotation": [-11.13355, -44.15001, -74.22289], "uv": [47, 44]},
						{"origin": [0.85, 24.575, -1.05], "size": [1, 1, 2.95], "inflate": -0.2, "pivot": [1.65, 24.775, -0.85], "rotation": [-11.13355, -44.15001, -74.22289], "uv": [50, 57]},
						{"origin": [-1.85, 24.575, -1.05], "size": [1, 1, 2.95], "inflate": -0.2, "pivot": [-1.65, 24.775, -0.85], "rotation": [-11.13355, 44.15001, 74.22289], "uv": [0, 57]},
						{"origin": [-1.85, 22.975, -1.05], "size": [1, 2, 5.65], "inflate": -0.201, "pivot": [-1.65, 24.775, -0.85], "rotation": [-45.25, 0, 0], "uv": [12, 57]},
						{"origin": [0.95, 25.075, -1.15], "size": [1, 1.7, 1], "inflate": -0.3, "pivot": [1.65, 24.775, -0.85], "rotation": [-11.13355, -44.15001, -74.22289], "uv": [0, 52]},
						{"origin": [0.95, 24.5, -1.15], "size": [1, 2.275, 1], "inflate": -0.299, "pivot": [1.65, 24.775, -0.85], "rotation": [-6.13355, -44.15001, -74.22289], "uv": [31, 5]},
						{"origin": [-1.95, 24.5, -1.15], "size": [1, 2.275, 1], "inflate": -0.299, "pivot": [-1.65, 24.775, -0.85], "rotation": [-6.13355, 44.15001, 74.22289], "uv": [31, 0]},
						{"origin": [-1.95, 25.075, -1.15], "size": [1, 1.7, 1], "inflate": -0.3, "pivot": [-1.65, 24.775, -0.85], "rotation": [-11.13355, 44.15001, 74.22289], "uv": [44, 2]},
						{"origin": [-1.65, 24.775, 1.7], "size": [1, 1.1, 3.2], "pivot": [-1.65, 24.775, -0.85], "rotation": [-11.13355, 44.15001, 74.22289], "uv": [28, 40]},
						{"origin": [-1.25, 19.9, -67.8], "size": [2, 2, 45], "pivot": [-1.25, 21.9, -67.8], "rotation": [0, 0, -20], "uv": [116, 114]},
						{"origin": [-1, 21.3, -67.25], "size": [2, 2, 1.6], "uv": [58, 12]},
						{"origin": [-1.4, 19.675, -51.675], "size": [2.8, 3.6, 2.1], "uv": [9, 32]},
						{"origin": [0.425, 24.195, -68.75], "size": [1.2, 1, 55.5], "pivot": [0.075, 25.165, -66], "rotation": [0, 0, 37.75], "uv": [115, 1]},
						{"origin": [-0.6, 24.22, -69], "size": [1.2, 1, 56.5], "inflate": -0.25, "uv": [0, 57]},
						{"origin": [-0.95, 22.27, -68.725], "size": [1.925, 1, 56.25], "uv": [0, 0]},
						{"origin": [-1.625, 24.195, -68.75], "size": [1.2, 1, 55.5], "inflate": -0.001, "pivot": [-0.075, 25.165, -66], "rotation": [0, 0, -37.75], "uv": [58, 0]},
						{"origin": [0.5, 23.25, -68.75], "size": [1, 1, 55.5], "inflate": 0.001, "pivot": [1.5, 23.25, -66], "rotation": [0, 0, -11], "uv": [116, 58]},
						{"origin": [-1.5, 23.25, -68.75], "size": [1, 1, 55.5], "inflate": 0.001, "pivot": [-1.5, 23.25, -66], "rotation": [0, 0, 11], "uv": [59, 113]},
						{"origin": [-1.5, 23.25, -68.75], "size": [1.1, 1, 55.5], "pivot": [-1.5, 23.25, -66], "rotation": [0, 0, 61.5], "uv": [0, 114]},
						{"origin": [0.4, 23.25, -68.75], "size": [1.1, 1, 55.5], "pivot": [1.5, 23.25, -66], "rotation": [0, 0, -61.5], "uv": [58, 57]},
						{"origin": [-0.6, 24.975, -65.2], "size": [1.2, 2.25, 4.125], "inflate": -0.399, "pivot": [0.6, 26.225, -65.275], "rotation": [-23.25, 0, 0], "uv": [15, 12]},
						{"origin": [-0.6, 24.65, -66.7], "size": [1.2, 2.35, 2.5], "inflate": -0.4, "uv": [38, 32]},
						{"origin": [-1.05, 24, -66.525], "size": [2, 1.475, 5.2], "inflate": -0.201, "uv": [38, 44]}
					]
				},
				{
					"name": "insert",
					"parent": "gun",
					"pivot": [2.3, 21.775, -7.6],
					"cubes": [
						{"origin": [-1.45, 20.725, -11.85], "size": [1, 2, 4], "uv": [126, 38]}
					]
				},
				{
					"name": "lever",
					"parent": "gun",
					"pivot": [1, 17.325, -7.6],
					"cubes": [
						{"origin": [-1, 16.2, -7.8], "size": [2, 3, 4.425], "inflate": -0.198, "pivot": [1, 16.4, -4.75], "rotation": [-11.25, 0, 0], "uv": [0, 68]},
						{"origin": [-1, 13.9, -6.575], "size": [2, 1.45, 3.5], "inflate": -0.201, "pivot": [1, 14.1, -3.275], "rotation": [-52.5, 0, 0], "uv": [33, 51]},
						{"origin": [-1, 13.9, -3.475], "size": [2, 1.25, 4.25], "inflate": -0.2, "uv": [15, 51]},
						{"origin": [-1, 13.075, -0.725], "size": [2, 4.6, 1.3], "inflate": -0.198, "pivot": [1, 13.275, 0.375], "rotation": [-30.5, 0, 0], "uv": [19, 32]},
						{"origin": [-1, 17.25, 0.65], "size": [2, 1.1, 2.05], "inflate": -0.201, "pivot": [1, 17.45, 0.85], "rotation": [-82.5, 0, 0], "uv": [15, 18]},
						{"origin": [-1, 14.075, -0.525], "size": [2, 1.15, 7.55], "inflate": -0.197, "pivot": [1, 15.025, 6.825], "rotation": [-28, 0, 0], "uv": [58, 36]},
						{"origin": [-1, 15.925, 1.375], "size": [2, 1.1, 2.05], "inflate": -0.201, "pivot": [1, 16.125, 3.225], "rotation": [9.5, 0, 0], "uv": [28, 36]},
						{"origin": [-1, 4.125, 0.45], "size": [2, 6.95, 1.125], "inflate": -0.201, "pivot": [1, 10.875, 0.65], "rotation": [55, 0, 0], "uv": [0, 12]},
						{"origin": [-1, 10.3, -0.625], "size": [2, 2.15, 1.125], "inflate": -0.197, "pivot": [1, 12.25, -0.425], "rotation": [37.5, 0, 0], "uv": [58, 9]},
						{"origin": [-1, 12.05, -0.6], "size": [2, 1.875, 1.125], "inflate": -0.201, "pivot": [1, 13.725, -0.4], "rotation": [-0.5, 0, 0], "uv": [0, 37]},
						{"origin": [-1, 17.425, -3.2], "size": [2, 1, 4.425], "inflate": -0.2, "pivot": [1, 17.625, 1.025], "rotation": [-4, 0, 0], "uv": [7, 50]},
						{"origin": [-1, 17.225, -3.725], "size": [2, 1.25, 1.675], "inflate": -0.199, "pivot": [1, 17.425, -3.425], "rotation": [32.75, 0, 0], "uv": [9, 37]},
						{"origin": [-0.5, 15.425, -1.275], "size": [1, 2.5, 1], "inflate": -0.1, "pivot": [0, 15.425, -0.275], "rotation": [-17.25, 0, 0], "uv": [37, 0]},
						{"origin": [-1, 14.075, 6.625], "size": [2, 1.15, 3.825], "inflate": -0.201, "pivot": [1, 15.025, 6.825], "rotation": [-52.25, 0, 0], "uv": [31, 16]},
						{"origin": [-1, 9.35, 8], "size": [2, 3.15, 1.125], "inflate": -0.197, "pivot": [1, 12.3, 8.925], "rotation": [10.5, 0, 0], "uv": [43, 51]},
						{"origin": [-1, 6.65, 8.5], "size": [2, 3.15, 1.125], "inflate": -0.201, "pivot": [1, 9.6, 9.425], "rotation": [-37.5, 0, 0], "uv": [50, 32]},
						{"origin": [-1, 5.45, 6.825], "size": [2, 2.175, 1.125], "inflate": -0.197, "pivot": [1, 7.425, 7.75], "rotation": [-80.2, 0, 0], "uv": [58, 3]}
					]
				},
				{
					"name": "thing",
					"parent": "gun",
					"pivot": [0.5, 21.3, 1.825],
					"rotation": [-67.25, 0, 0],
					"cubes": [
						{"origin": [-0.5, 24.2, 2.825], "size": [1.5, 1, 1], "inflate": -0.2, "pivot": [1, 25, 3.025], "rotation": [-21.75, 0, 0], "uv": [7, 52]},
						{"origin": [-0.5, 23.5, 1], "size": [1, 1, 1.9], "inflate": -0.2, "pivot": [0.5, 24.3, 1.2], "rotation": [13.25, 0, 0], "uv": [52, 22]},
						{"origin": [-0.5, 22.85, 3.175], "size": [1, 3.5, 2], "inflate": 0.001, "pivot": [0.5, 22.85, 3.175], "rotation": [150.25, 0, 0], "uv": [0, 32]},
						{"origin": [-0.5, 22.85, 0.625], "size": [1, 2, 2.55], "pivot": [0.5, 22.85, 3.175], "rotation": [125.5, 0, 0], "uv": [49, 51]},
						{"origin": [-0.5, 22.925, 1.2], "size": [1, 1.375, 1], "pivot": [0.5, 24.3, 1.2], "rotation": [-11.5, 0, 0], "uv": [52, 44]},
						{"origin": [-0.5, 23.725, 2.225], "size": [1, 1, 1.15], "inflate": -0.199, "pivot": [0.5, 24.525, 2.425], "rotation": [38.25, 0, 0], "uv": [15, 52]}
					]
				},
				{
					"name": "stock",
					"parent": "gun",
					"pivot": [-1, 19.975, 13.675],
					"rotation": [-1.5, 0, 0],
					"cubes": [
						{"origin": [-1.65, 20.2, 0.8], "size": [3.3, 2, 11], "inflate": -0.002, "pivot": [-3.75, 22.2, -1.2], "rotation": [-19.5, 0, 0], "uv": [85, 26]},
						{"origin": [-0.65, 22.125, 5.125], "size": [1.3, 1, 7.75], "pivot": [-1, 23.125, -1.125], "rotation": [-20.5, 0, 0], "uv": [19, 40]},
						{"origin": [-1.65, 17.7, -0.9], "size": [3.3, 2, 11], "inflate": 0.003, "pivot": [-0.75, 17.7, 3], "rotation": [-23.5, 0, 0], "uv": [85, 0]},
						{"origin": [0.6732, 22.06095, 0.87496], "size": [1.3, 1, 12], "pivot": [0.75, 23.125, -1.125], "rotation": [-15.98615, 12.96421, 37.9931], "uv": [26, 87]},
						{"origin": [0.56428, 16.5485, 0], "size": [1, 1, 10], "inflate": 0.1, "pivot": [1.75, 17.7, 3.1], "rotation": [-20.6646, 11.97178, 28.80968], "uv": [0, 57]},
						{"origin": [-1.56428, 16.5485, 0], "size": [1, 1, 10], "inflate": 0.1, "pivot": [-1.75, 17.7, 3.1], "rotation": [-20.6646, -11.97178, -28.80968], "uv": [31, 12]},
						{"origin": [-1.9732, 22.06095, 0.87496], "size": [1.3, 1, 11.5], "pivot": [-0.75, 23.125, -1.125], "rotation": [-15.98615, -12.96421, -37.9931], "uv": [31, 0]},
						{"origin": [-1.275, 16.225, -1.025], "size": [2.55, 1, 11], "inflate": 0.102, "pivot": [-1.375, 17.325, 5.975], "rotation": [-24, 0, 0], "uv": [85, 13]},
						{"origin": [-1.65, 16.7, 4.6], "size": [3.3, 2, 7], "inflate": 0.001, "pivot": [-0.75, 16.7, 5.5], "rotation": [-50.75, 0, 0], "uv": [58, 9]},
						{"origin": [-1.65, 12.5, 6.2], "size": [3.3, 2, 6], "inflate": 0.002, "pivot": [-0.75, 12.5, 9.1], "rotation": [-77.75, 0, 0], "uv": [58, 57]},
						{"origin": [-1.65, 12.825, 7.675], "size": [3.3, 6.25, 6], "inflate": 0.001, "pivot": [-0.75, 12.825, 10.575], "rotation": [-69, 0, 0], "uv": [38, 32]},
						{"origin": [-1.65, 11.975, 15.675], "size": [3.3, 7, 25], "inflate": 0.002, "pivot": [-0.75, 18.975, 13.675], "rotation": [-4, 0, 0], "uv": [0, 0]},
						{"origin": [-0.65, 18.975, 15.675], "size": [1.3, 1, 25], "pivot": [0.25, 19.975, 13.675], "rotation": [-4, 0, 0], "uv": [58, 57]},
						{"origin": [-1.65, 13.125, 17.175], "size": [3.3, 5, 25], "pivot": [-0.75, 20.125, 15.175], "rotation": [-23.25, 0, 0], "uv": [0, 57]},
						{"origin": [-1.65, 4.775, 38.175], "size": [3.3, 7.2, 2.5], "inflate": 0.002, "pivot": [-0.75, 18.975, 13.675], "rotation": [-4, 0, 0], "uv": [0, 0]},
						{"origin": [-1.65, 18.125, 32.175], "size": [3.3, 3, 9], "inflate": -0.001, "pivot": [-0.75, 20.125, 15.175], "rotation": [-23.25, 0, 0], "uv": [0, 12]},
						{"origin": [-1.65, 11.9, 15.675], "size": [3.3, 7, 3], "pivot": [-0.75, 18.9, 15.675], "rotation": [-74.75, 0, 0], "uv": [13, 0]},
						{"origin": [-0.65, 18.9, 9.675], "size": [1.3, 1, 6], "pivot": [0.25, 19.9, 15.675], "rotation": [16.25, 0, 0], "uv": [39, 67]},
						{"origin": [-0.32133, 18.62009, 15.675], "size": [1, 1.425, 25], "inflate": -0.001, "pivot": [0.75, 19.975, 13.675], "rotation": [-2.85528, -2.80248, -44.43014], "uv": [58, 26]},
						{"origin": [-0.67867, 18.62009, 15.675], "size": [1, 1.425, 25], "inflate": -0.001, "pivot": [-0.75, 19.975, 13.675], "rotation": [-2.85528, 2.80248, 44.43014], "uv": [58, 0]},
						{"origin": [0.67368, 18.83539, 9.675], "size": [1.275, 1, 6], "pivot": [0.75, 19.9, 15.675], "rotation": [12.5419, -10.41661, 39.10222], "uv": [66, 66]},
						{"origin": [-1.94868, 18.83539, 9.675], "size": [1.275, 1, 6], "pivot": [-0.75, 19.9, 15.675], "rotation": [12.5419, 10.41661, -39.10222], "uv": [31, 66]}
					]
				},
				{
					"name": "action",
					"parent": "gun",
					"pivot": [-0.65, 24.425, -0.45],
					"cubes": [
						{"origin": [-1.175, 22.9, -12.3], "size": [2.35, 1.8, 8.5], "inflate": -0.3, "uv": [31, 57]},
						{"origin": [-1.05, 23.025, -8.85], "size": [2.1, 1.625, 8.375], "inflate": -0.1, "uv": [58, 0]},
						{"origin": [-0.05, 22.625, -1.075], "size": [1.5, 1.625, 1.6], "inflate": -0.5, "uv": [51, 19]},
						{"origin": [-0.05, 23.35, -1.125], "size": [1.5, 1.575, 2.425], "inflate": -0.499, "pivot": [0.95, 24.425, -0.45], "rotation": [-45, 0, 0], "uv": [19, 57]},
						{"origin": [-0.05, 23.625, 0.3], "size": [1.5, 1.3, 1.3], "inflate": -0.5, "pivot": [0.95, 24.425, -0.45], "rotation": [-45, 0, 0], "uv": [51, 2]},
						{"origin": [-0.05, 22.625, -0.475], "size": [1.5, 1.3, 1.4], "inflate": -0.501, "uv": [51, 0]},
						{"origin": [-1.45, 23.35, -1.125], "size": [1.5, 1.575, 2.425], "inflate": -0.499, "pivot": [-0.95, 24.425, -0.45], "rotation": [-45, 0, 0], "uv": [28, 44]},
						{"origin": [-1.45, 23.625, 0.3], "size": [1.5, 1.3, 1.3], "inflate": -0.5, "pivot": [-0.95, 24.425, -0.45], "rotation": [-45, 0, 0], "uv": [0, 50]},
						{"origin": [-1.45, 22.625, -0.475], "size": [1.5, 1.3, 1.4], "inflate": -0.501, "uv": [7, 50]},
						{"origin": [-1.45, 22.625, -1.075], "size": [1.5, 1.625, 1.6], "inflate": -0.5, "uv": [15, 50]},
						{"origin": [-0.95, 23.825, -1.15], "size": [1.9, 1.1, 2.475], "inflate": -0.5, "pivot": [-0.65, 24.425, -0.525], "rotation": [-68.25, 0, 0], "uv": [31, 57]},
						{"origin": [-0.375, 23.6, -0.75], "size": [1, 1, 1], "inflate": -0.18, "pivot": [-0.475, 24.225, -0.5], "rotation": [-69.47911, -7.36884, 18.91433], "uv": [50, 36]}
					]
				},
				{
					"name": "tacguard",
					"parent": "gun",
					"pivot": [1.75, 19.175, -52.85],
					"cubes": [
						{"origin": [1.25, 19.425, -52.85], "size": [1, 3, 37.025], "inflate": 0.001, "uv": [177, 168]},
						{"origin": [-2.25, 19.425, -52.85], "size": [1, 3, 37.025], "inflate": 0.001, "uv": [177, 168], "mirror": true},
						{"origin": [-2.304, 22.5, -50.85], "size": [1, 1, 33.025], "inflate": 0.001, "pivot": [-1.8, 22.175, -50.85], "rotation": [0, 0, 16.75], "uv": [227, 96], "mirror": true},
						{"origin": [1.304, 22.5, -50.85], "size": [1, 1, 33.025], "inflate": 0.001, "pivot": [1.8, 22.175, -50.85], "rotation": [0, 0, -16.75], "uv": [227, 96]},
						{"origin": [1.579, 18.525, -50.85], "size": [1, 1, 33.025], "inflate": 0.001, "pivot": [2.075, 19.95, -50.85], "rotation": [0, 0, 45.25], "uv": [227, 96]},
						{"origin": [-2.579, 18.525, -50.85], "size": [1, 1, 33.025], "inflate": 0.001, "pivot": [-2.075, 19.95, -50.85], "rotation": [0, 0, -45.25], "uv": [227, 96], "mirror": true},
						{"origin": [-2.252, 20.475, -50.85], "size": [1, 1.15, 33.025], "inflate": 0.001, "uv": [225, 145], "mirror": true},
						{"origin": [1.252, 20.475, -50.85], "size": [1, 1.15, 33.025], "inflate": 0.001, "uv": [225, 145]},
						{"origin": [-1.25, 18.425, -52.85], "size": [2.5, 1, 37.025], "inflate": 0.001, "uv": [178, 214], "mirror": true},
						{"origin": [-2.25, 22.425, -52.85], "size": [1, 1.5, 37.025], "pivot": [-2.25, 22.425, -52.85], "rotation": [0, 0, 16.75], "uv": [74, 257], "mirror": true},
						{"origin": [1.25, 22.425, -52.85], "size": [1, 1.5, 37.025], "pivot": [2.25, 22.425, -52.85], "rotation": [0, 0, -16.75], "uv": [132, 197]},
						{"origin": [1.25, 18.025, -52.85], "size": [1, 1.4, 37.025], "pivot": [2.25, 19.425, -52.85], "rotation": [0, 0, 45.25], "uv": [127, 243]},
						{"origin": [-2.25, 18.025, -52.85], "size": [1, 1.4, 37.025], "pivot": [-2.25, 19.425, -52.85], "rotation": [0, 0, -45.25], "uv": [127, 243], "mirror": true},
						{"origin": [0.15, 17.425, -44.075], "size": [1, 1, 27.9], "inflate": -0.2, "uv": [0, 204]},
						{"origin": [-1.15, 17.425, -44.075], "size": [2, 1, 27.9], "inflate": -0.201, "uv": [40, 212]},
						{"origin": [-0.625, 18.225, -43.875], "size": [1.25, 1, 27.4], "inflate": -0.002, "uv": [75, 225]}
					]
				},
				{
					"name": "guard",
					"parent": "gun",
					"pivot": [-2.25, 22.975, -44.85],
					"cubes": [
						{"origin": [-2.25, 20.425, -44.85], "size": [4.5, 2.55, 29.125], "inflate": 0.001, "uv": [142, 161]},
						{"origin": [1.25, 22.975, -44.85], "size": [1, 1.3, 29.125], "pivot": [2.25, 22.975, -44.85], "rotation": [0, 0, -74.25], "uv": [173, 57]},
						{"origin": [-2.25, 20.425, -44.85], "size": [4.5, 1.4, 29.125], "inflate": -0.001, "pivot": [1.75, 20.425, -44.85], "rotation": [-2.75, 0, 0], "uv": [165, 114]},
						{"origin": [0.85, 20.425, -44.85], "size": [1.4, 1.4, 29.125], "pivot": [2.25, 20.425, -44.85], "rotation": [-1.94529, -1.94417, -44.96699], "uv": [172, 0]},
						{"origin": [-1.25, 19.425, -44.9], "size": [2.5, 1.4, 29.1], "pivot": [0.75, 19.425, -44.85], "rotation": [-2.75, 0, 0], "uv": [83, 169]},
						{"origin": [-2.25, 20.425, -44.85], "size": [1.4, 1.4, 29.125], "pivot": [-2.25, 20.425, -44.85], "rotation": [-1.94529, 1.94417, 44.96699], "uv": [31, 171]},
						{"origin": [-2.25, 22.975, -44.85], "size": [1, 1.3, 29.125], "pivot": [-2.25, 22.975, -44.85], "rotation": [0, 0, 74.25], "uv": [0, 170]}
					]
				},
				{
					"name": "ironsight",
					"parent": "gun",
					"pivot": [0, 0, 5],
					"cubes": [
						{"origin": [-1.25, 24.725, -8.1], "size": [2.5, 1, 6], "uv": [58, 18]},
						{"origin": [0.4, 26.325, -4.25], "size": [1.1, 1.3, 1.95], "inflate": -0.399, "uv": [41, 23]},
						{"origin": [0.45, 24.625, -4.35], "size": [2.25, 2.1, 2.1], "inflate": -0.7, "pivot": [2.6, 25.425, -3.85], "rotation": [-27.75, 0, 0], "uv": [28, 32]},
						{"origin": [0.55, 24.925, -8.4], "size": [1.1, 1.2, 6.625], "inflate": -0.4, "pivot": [1.25, 25.725, -8], "rotation": [0, 0, 36], "uv": [58, 65]},
						{"origin": [-1.65, 24.925, -8.4], "size": [1.1, 1.2, 6.625], "inflate": -0.4, "pivot": [-1.25, 25.725, -8], "rotation": [0, 0, -36], "uv": [58, 44]},
						{"origin": [0.4, 25.175, -8.55], "size": [1.1, 2.45, 5.1], "inflate": -0.398, "pivot": [1.4, 27.225, -3.85], "rotation": [15, 0, 0], "uv": [44, 0]},
						{"origin": [0.4, 25.525, -3.1], "size": [1.1, 2.1, 2.425], "inflate": -0.4, "pivot": [1.4, 27.225, -2.7], "rotation": [-67.85, 0, 0], "uv": [0, 41]},
						{"origin": [-1.5, 25.2, -8.4], "size": [3, 1.3, 1.15], "inflate": -0.4, "uv": [0, 9]},
						{"origin": [-1.5, 26.325, -4.25], "size": [1.1, 1.3, 1.95], "inflate": -0.399, "uv": [38, 36]},
						{"origin": [-1.2, 25.525, -2], "size": [2.4, 2.1, 1.325], "inflate": -0.4, "pivot": [-1.1, 27.225, -2.7], "rotation": [-67.85, 0, 0], "uv": [19, 44]},
						{"origin": [-1.2, 25.275, -7.925], "size": [2.4, 1.35, 6.025], "inflate": -0.4, "uv": [0, 41]},
						{"origin": [-1.5, 25.525, -3.1], "size": [1.1, 2.1, 2.425], "inflate": -0.4, "pivot": [-1.4, 27.225, -2.7], "rotation": [-67.85, 0, 0], "uv": [19, 40]},
						{"origin": [-1.5, 25.175, -8.55], "size": [1.1, 2.45, 5.1], "inflate": -0.398, "pivot": [-1.4, 27.225, -3.85], "rotation": [15, 0, 0], "uv": [43, 12]},
						{"origin": [-1.2, 26.475, -8.55], "size": [2.4, 1.15, 1.3], "inflate": -0.4, "pivot": [-1.1, 27.225, -3.85], "rotation": [15, 0, 0], "uv": [31, 23]}
					]
				},
				{
					"name": "bone3",
					"parent": "ironsight",
					"pivot": [-0.675, 26.65, -3.85],
					"cubes": [
						{"origin": [-0.925, 25.85, -4.15], "size": [1, 1.5, 1.3], "inflate": -0.399, "uv": [37, 23]},
						{"origin": [-0.075, 25.85, -4.15], "size": [1, 1.5, 1.3], "inflate": -0.399, "uv": [19, 37]}
					]
				},
				{
					"name": "bone2",
					"parent": "ironsight",
					"pivot": [0.25, 27.575, -3.85],
					"rotation": [0, 0, -90],
					"cubes": [
						{"origin": [-0.775, 26.9, -4.15], "size": [1, 1.85, 1.3], "inflate": -0.4, "uv": [37, 7]}
					]
				},
				{
					"name": "bone5",
					"parent": "ironsight",
					"pivot": [-0.25, 26.225, -3.85],
					"rotation": [0, 0, 90],
					"cubes": [
						{"origin": [-0.75, 25.275, -4.15], "size": [1.1, 2.4, 1.3], "inflate": -0.401, "uv": [15, 12]}
					]
				},
				{
					"name": "bone6",
					"parent": "ironsight",
					"pivot": [0.675, 26.65, -3.85],
					"cubes": [
						{"origin": [0.325, 25.65, -4.15], "size": [1, 1.3, 1.3], "inflate": -0.4, "uv": [37, 5]},
						{"origin": [-1.325, 25.65, -4.15], "size": [1, 1.3, 1.3], "inflate": -0.402, "uv": [21, 18]}
					]
				},
				{
					"name": "shell",
					"parent": "gun",
					"pivot": [0.125, 23.6, -6.725],
					"cubes": [
						{"origin": [-0.525, 23.35, -9.975], "size": [1, 1, 3.75], "pivot": [-0.025, 23.85, -11.225], "rotation": [0, 0, 21], "uv": [128, 22]}
					]
				},
				{
					"name": "bullet",
					"parent": "shell",
					"pivot": [-0.025, 23.85, -11.225],
					"cubes": [
						{"origin": [-0.525, 23.35, -11.225], "size": [1, 1, 1.5], "inflate": -0.1, "pivot": [-0.025, 23.85, -11.225], "rotation": [0, 0, 21], "uv": [136, 30]}
					]
				},
				{
					"name": "upperrail",
					"parent": "gun",
					"pivot": [-0.95, 25.5, -29.775],
					"cubes": [
						{"origin": [-0.625, 24.15, -29.575], "size": [1.25, 1, 27.4], "inflate": -0.002, "uv": [75, 225]},
						{"origin": [-1.6, 23.15, -27.825], "size": [3.2, 1, 11.4], "inflate": -0.002, "uv": [18, 237]},
						{"origin": [-0.6, 23.15, -27.825], "size": [2.2, 1, 11.4], "inflate": -0.002, "pivot": [1.6, 24.15, -27.825], "rotation": [0, 0, 40.5], "uv": [35, 216]},
						{"origin": [-1.6, 23.15, -27.825], "size": [2.2, 1, 11.4], "inflate": -0.002, "pivot": [-1.6, 24.15, -27.825], "rotation": [0, 0, -40.5], "uv": [76, 207], "mirror": true},
						{"origin": [0.15, 24.95, -29.775], "size": [1, 1, 27.9], "inflate": -0.2, "uv": [0, 204]},
						{"origin": [-1.15, 24.95, -29.775], "size": [2, 1, 27.9], "inflate": -0.201, "uv": [40, 212]}
					]
				},
				{
					"name": "rightarm",
					"parent": "main",
					"pivot": [-10, 8.275, 24.5],
					"rotation": [-108.9483, -25.5098, -14.585],
					"cubes": [
						{"origin": [-14, -15.725, 20.5], "size": [8, 24, 8], "uv": [57, 114]}
					]
				},
				{
					"name": "leftarm",
					"parent": "main",
					"pivot": [9.9, 4.725, -8.375],
					"rotation": [-131.75162, -2.76432, -32.58853],
					"cubes": [
						{"origin": [5.9, -19.275, -12.375], "size": [8, 24, 8], "uv": [0, 114]}
					]
				},
				{
					"name": "scope",
					"parent": "main",
					"pivot": [0, 26.6, 3.825],
					"cubes": [
						{"origin": [-0.5, 26.1, 3.525], "size": [1, 1, 1], "inflate": -0.4, "uv": [10, 34]}
					]
				},
				{
					"name": "muzzleflash",
					"parent": "main",
					"pivot": [0, 23.65, -69.725],
					"cubes": [
						{"origin": [-0.5, 23.15, -70.025], "size": [1, 1, 1], "inflate": -0.4, "uv": [12, 5]}
					]
				},
				{
					"name": "_cb_suppressor",
					"parent": "main",
					"pivot": [0, 23.55, -73.925],
					"cubes": [
						{"origin": [-0.5, 23.05, -68.775], "size": [1, 1, 1], "uv": [27, 69]}
					]
				},
				{
					"name": "_cb_grip",
					"parent": "main",
					"pivot": [0, 17.625, -22.475],
					"cubes": [
						{"origin": [-0.5, 17.125, -22.975], "size": [1, 1, 1], "uv": [25, 45]}
					]
				},
				{
					"name": "_cb_scope",
					"parent": "main",
					"pivot": [0, 27.825, -3.375],
					"cubes": [
						{"origin": [-0.5, 25.25, -16.1], "size": [1, 1, 1], "uv": [27, 9]}
					]
				},
				{
					"name": "_cb_canted",
					"parent": "main",
					"pivot": [0, 24.8, -1.9],
					"cubes": [
						{"origin": [-0.5, 25.25, -9.35], "size": [1, 1, 1], "uv": [35, 105]}
					]
				},
				{
					"name": "_camera_",
					"pivot": [6.825, 33.725, 26.45]
				}
			]
		}
	]
}