{
  "credit": "Made with Blockbench",
  "parent": "builtin/entity",
  "texture_size": [
    64,
    64
  ],
  "display": {
    "thirdperson_righthand": {
      "translation": [
        0.25,
        -7.75,
        2.75
      ],
      "scale": [
        0.25,
        0.25,
        0.25
      ]
    },
    "thirdperson_lefthand": {
      "translation": [
        0.25,
        -7.75,
        2.75
      ],
      "scale": [
        0.25,
        0.25,
        0.25
      ]
    },
    "firstperson_righthand": {
      "rotation": [
        -26,
        22,
        2
      ],
      "translation": [
        2,
        -28,
        14
      ]
    },
    "firstperson_lefthand": {
      "rotation": [
        -26,
        22,
        2
      ],
      "translation": [
        2,
        -28,
        14
      ]
    },
    "ground": {
      "translation": [
        0.5,
        -8,
        2.75
      ],
      "scale": [
        0.3,
        0.3,
        0.3
      ]
    },
    "gui": {
      "rotation": [
        44,
        50,
        -40
      ],
      "translation": [
        -7.25,
        -31,
        0
      ]
    },
    "fixed": {
      "rotation": [
        180,
        -90,
        180
      ],
      "translation": [
        -4,
        -19.75,
        -1
      ],
      "scale": [
        0.62,
        0.62,
        0.62
      ]
    }
  }
}