{
  "name": "pbext_asval",
  "type": "Gun",
  "maxAmmoCapacity": 20,
  "compatibleAmmo": [
    "ammocreative",
    "pbext_9x39mm"
  ],
  "damage": 7,
  "fireSound": "pbext_asval",
  "volume": 1,
  "fireModes": [
    "SINGLE"
  ],
  "rpm": 800,
  "drawCooldownDuration": 820,
  "gunRecoilInitialAmplitude": 0.4,
  "shakeRecoilAmplitude": 0.35,
  "shakeRecoilSpeed": 2,
  "viewRecoilAmplitude": 1.3,
  "compatibleAttachmentGroups": [
    "cantedrail",
    "ar_sightsandscopes",
    "underbarrel"
  ],
  "compatibleAttachments": [
    "cantedrail",
    "pbext_vintorezkit"
  ],
  "features": [
    {
      "type": "PartVisibility",
      "parts": [
        {
          "name": "scopemount",
          "visible": true,
          "condition": {
            "hasAttachmentGroup": "m16_sightsandscopes"
          }
        },
        {
          "name": "underrail",
          "visible": true,
          "condition": {
            "hasAttachmentGroup": "underbarrel"
          }
        },
        {
          "name": "asvalkit",
          "visible": false,
          "condition": {
            "hasAttachment": "pbext_vintorezkit"
          }
        }
      ]
    },
    {
      "type": "Aiming",
      "zoom": 0.25,
      "condition": {
        "doesNotHaveAttachmentGroup": "ar_sightsandscopes"
      }
    },
    {
      "type": "FireMode",
      "fireModes": [
        {
          "name": "automatic",
          "displayName": "label.pointblank.fireMode.automatic",
          "type": "AUTOMATIC",
          "rpm": 800,
          "damage": 7,
          "animationName": "animation.model.fire",
          "shakeRecoilAmplitude": 0.35,
          "shakeRecoilSpeed": 2.0,
          "shakeRecoilDuration": 350,
          "enableFireModeAnimations": [
            {
              "name": "animation.model.switch",
              "duration": 570
            }
          ]
        },
        {
          "name": "single",
          "displayName": "label.pointblank.fireMode.single",
          "type": "SINGLE",
          "rpm": 800,
          "damage": 7,
          "animationName": "animation.model.fire",
          "shakeRecoilAmplitude": 0.35,
          "shakeRecoilSpeed": 2.0,
          "shakeRecoilDuration": 350,
          "enableFireModeAnimations": [
            {
              "name": "animation.model.switch",
              "duration": 570
            }
          ]
        }
      ]
    }
  ],
  "phasedReloads": [
    {
      "phase": "RELOADING",
      "condition": {
        "allOf": [
          "reloadIterationIndex > 1",
          {
            "unselectedFireMode": "grenade_launcher"
          }
        ]
      },
      "duration": 2330,
      "animation": "animation.model.reload"
    },
    {
      "phase": "RELOADING",
      "condition": {
        "allOf": [
          "reloadIterationIndex == 1",
          {
            "unselectedFireMode": "grenade_launcher"
          }
        ]
      },
      "duration": 2330,
      "animation": "animation.model.reloadoneleft"
    },
    {
      "phase": "RELOADING",
      "condition": {
        "allOf": [
          "reloadIterationIndex == 0",
          {
            "unselectedFireMode": "grenade_launcher"
          }
        ]
      },
      "duration": 2950,
      "animation": "animation.model.reloadempty"
    }
  ],
  "effects": [
    {
      "phase": "hit_scan_acquired",
      "name": "tracer"
    }
  ],
  "fireAnimations": [
    {
      "name": "animation.model.fire",
      "condition": "random"
    },
    {
      "name": "animation.model.fire2",
      "condition": "random"
    }
  ],
  "inspectAnimations": [
    {
      "name": "animation.model.inspect",
      "duration": 6420,
      "condition": {
        "allOf": [
          "ammoCount > 1",
          {
            "unselectedFireMode": "grenade_launcher"
          }
        ]
      }
    },
    {
      "name": "animation.model.inspectoneleft",
      "duration": 6420,
      "condition": {
        "allOf": [
          "ammoCount == 1",
          {
            "unselectedFireMode": "grenade_launcher"
          }
        ]
      }
    },
    {
      "name": "animation.model.inspectempty",
      "duration": 6420,
      "condition": {
        "allOf": [
          "ammoCount == 0",
          {
            "unselectedFireMode": "grenade_launcher"
          }
        ]
      }
    }
  ]
}