{
"loader": "forge:separate_transforms",
  "gui_light": "front",
  "base":
{
  "credit": "Made with Blockbench",
  "parent": "builtin/entity",
  "texture_size": [
    256,
    256
  ],
  "display": {
    "thirdperson_righthand": {
      "translation": [
        -0.25,
        -4.5,
        1
      ],
      "scale": [
        0.25,
        0.25,
        0.25
      ]
    },
    "thirdperson_lefthand": {
      "translation": [
        -0.75,
        -4.5,
        1
      ],
      "scale": [
        0.25,
        0.25,
        0.25
      ]
    },
    "firstperson_righthand": {
      "translation": [
        1,
        -25.5,
        2
      ]
    },
    "firstperson_lefthand": {
      "translation": [
        -1,
        -25.5,
        -2
      ]
    },
    "ground": {
      "translation": [
        0,
        -3,
        7.75
      ],
      "scale": [
        0.3,
        0.3,
        0.3
      ]
    },
    "gui": {
      "rotation": [
        44,
        50,
        -40
      ],
      "translation": [
        4.5,
        -11.5,
        0
      ],
      "scale": [
        0.37,
        0.37,
        0.37
      ]
    },
    "head": {
      "scale": [
        0,
        0,
        0
      ]
    },
    "fixed": {
      "rotation": [
        -180,
        -90,
        -180
      ],
      "translation": [
        -14.75,
        -11.75,
        -1
      ],
      "scale": [
        0.62,
        0.62,
        0.62
      ]
    }
  },
  "textures": {
    "particle": "item/halor_grenade_launcher"
  }
},
  "perspectives": {
    "gui": {
      "parent": "item/generated",
      "textures": {
        "layer0": "pointblank:item/halor_grenade_launcher.icon"
      }
    }
  }
}
