{
"loader": "forge:separate_transforms",
  "gui_light": "front",
  "base":
{
  "credit": "Made with Blockbench",
  "parent": "builtin/entity",
  "texture_size": [
    256,
    256
  ],
  "display": {
    "thirdperson_righthand": {
      "translation": [
        -0.5,
        -4.75,
        1
      ],
      "scale": [
        0.25,
        0.25,
        0.25
      ]
    },
    "thirdperson_lefthand": {
      "translation": [
        -0.5,
        -4.75,
        1
      ],
      "scale": [
        0.25,
        0.25,
        0.25
      ]
    },
    "firstperson_righthand": {
      "translation": [
        -1,
        -24.7,
        4.75
      ]
    },
    "firstperson_lefthand": {
      "translation": [
        -1,
        -24.7,
        4.75
      ]
    },
    "ground": {
      "translation": [
        0,
        -4,
        4.25
      ],
      "scale": [
        0.3,
        0.3,
        0.3
      ]
    },
    "gui": {
      "rotation": [
        44,
        43,
        -40
      ],
      "translation": [
        3.5,
        -8.75,
        0
      ],
      "scale": [
        0.3,
        0.3,
        0.3
      ]
    },
    "head": {
      "scale": [
        0,
        0,
        0
      ]
    },
    "fixed": {
      "rotation": [
        -180,
        -90,
        -180
      ],
      "translation": [
        -5.5,
        -10.25,
        -1
      ],
      "scale": [
        0.62,
        0.62,
        0.62
      ]
    }
  },
  "textures": {
    "particle": "item/halor_shotgun"
  }
},
  "perspectives": {
    "gui": {
      "parent": "item/generated",
      "textures": {
        "layer0": "pointblank:item/halor_shotgun.icon"
      }
    }
  }
}
