{
"loader": "forge:separate_transforms",
  "gui_light": "front",
  "base":
{
  "credit": "Made with Blockbench",
  "parent": "builtin/entity",
  "display": {
    "thirdperson_righthand": {
      "rotation": [
        1.05,
        16.57,
        -7.06
      ],
      "translation": [
        -1,
        0,
        0
      ],
      "scale": [
        0.4,
        0.4,
        0.4
      ]
    },
    "thirdperson_lefthand": {
      "rotation": [
        1.050000000000182,
        16.570000000000164,
        7.059999999999945
      ],
      "translation": [
        -1,
        0,
        0
      ],
      "scale": [
        0.4,
        0.4,
        0.4
      ]
    },
    "firstperson_righthand": {
      "rotation": [
        -30.289999999999964,
        14.579999999999927,
        10.0300000000002
      ],
      "translation": [
        -3.75,
        0,
        0.25
      ]
    },
    "firstperson_lefthand": {
      "rotation": [
        -30.289999999999964,
        14.579999999999927,
        10.0300000000002
      ],
      "translation": [
        -3.75,
        0,
        0.25
      ]
    },
    "ground": {
      "translation": [
        0,
        -1.75,
        -2.5
      ]
    },
    "gui": {
      "rotation": [
        115.67999999999984,
        65.21000000000004,
        -100.63000000000011
      ],
      "translation": [
        -6.5,
        0,
        0
      ],
      "scale": [
        2.21,
        2.21,
        2.21
      ]
    },
    "head": {
      "translation": [
        0,
        1,
        0
      ],
      "scale": [
        0,
        0,
        0
      ]
    },
    "fixed": {
      "rotation": [
        77.69999999999982,
        -71.82000000000016,
        82.55999999999995
      ],
      "translation": [
        5,
        -1.5,
        0
      ],
      "scale": [
        2.01,
        2.01,
        2.01
      ]
    }
  },
  "textures": {
    "particle": "item/halor_grenade_launcher_ammo"
  }
},
  "perspectives": {
    "gui": {
      "parent": "item/generated",
      "textures": {
        "layer0": "pointblank:item/halor_grenade_launcher_ammo.icon"
      }
    }
  }
}
