{
"loader": "forge:separate_transforms",
  "gui_light": "front",
  "base":
{
  "credit": "Made with Blockbench",
  "parent": "builtin/entity",
  "texture_size": [
    64,
    64
  ],
  "display": {
    "thirdperson_righthand": {
      "rotation": [
        1.7800000000002,
        -21.59999999999991,
        9.460000000000036
      ],
      "translation": [
        -0.5,
        0,
        0.75
      ],
      "scale": [
        0.4,
        0.4,
        0.4
      ]
    },
    "thirdperson_lefthand": {
      "rotation": [
        1.7800000000002,
        -21.59999999999991,
        9.460000000000036
      ],
      "translation": [
        -0.5,
        0,
        0.75
      ],
      "scale": [
        0.4,
        0.4,
        0.4
      ]
    },
    "firstperson_righthand": {
      "rotation": [
        18.039999999999964,
        -52.679999999999836,
        3.6900000000000546
      ],
      "translation": [
        -2.75,
        0.75,
        0
      ],
      "scale": [
        0.8,
        0.8,
        0.8
      ]
    },
    "firstperson_lefthand": {
      "rotation": [
        18.039999999999964,
        -52.679999999999836,
        3.6900000000000546
      ],
      "translation": [
        -2.75,
        0.75,
        0
      ],
      "scale": [
        0.8,
        0.8,
        0.8
      ]
    },
    "ground": {
      "translation": [
        0,
        -3.25,
        0
      ],
      "scale": [
        0.8,
        0.8,
        0.8
      ]
    },
    "gui": {
      "rotation": [
        22.96,
        -39.24,
        0.04
      ],
      "translation": [
        0,
        -4.75,
        0
      ],
      "scale": [
        1.3,
        1.3,
        1.3
      ]
    },
    "head": {
      "scale": [
        0,
        0,
        0
      ]
    },
    "fixed": {
      "translation": [
        0,
        -3,
        0
      ]
    }
  },
  "textures": {
    "particle": "item/halor_global_ammo"
  }
},
  "perspectives": {
    "gui": {
      "parent": "item/generated",
      "textures": {
        "layer0": "pointblank:item/halor_global_ammo.icon"
      }
    }
  }
}
