{
"loader": "forge:separate_transforms",
  "gui_light": "front",
  "base":
{
  "credit": "Made with Blockbench",
  "parent": "builtin/entity",
  "texture_size": [
    256,
    256
  ],
  "display": {
    "thirdperson_righthand": {
      "rotation": [
        -48,
        0,
        0
      ],
      "translation": [
        -7.25,
        -6,
        5
      ],
      "scale": [
        0.4,
        0.4,
        0.4
      ]
    },
    "thirdperson_lefthand": {
      "rotation": [
        -48,
        0,
        0
      ],
      "translation": [
        6.25,
        -6,
        5
      ],
      "scale": [
        0.4,
        0.4,
        0.4
      ]
    },
    "firstperson_righthand": {
      "translation": [
        -9,
        -18.7,
        -12.2
      ]
    },
    "firstperson_lefthand": {
      "translation": [
        24,
        -18.7,
        -12.2
      ]
    },
    "ground": {
      "translation": [
        -5.75,
        -2.75,
        3.5
      ],
      "scale": [
        0.3,
        0.3,
        0.3
      ]
    },
    "gui": {
      "rotation": [
        -90,
        87.5,
        90
      ],
      "translation": [
        4,
        -10.25,
        0
      ],
      "scale": [
        0.4,
        0.4,
        0.4
      ]
    },
    "head": {
      "scale": [
        0,
        0,
        0
      ]
    },
    "fixed": {
      "rotation": [
        -78.0300000000002,
        -82.63999999999987,
        -80.19000000000005
      ],
      "translation": [
        -7,
        -14.5,
        -11.25
      ],
      "scale": [
        0.62,
        0.62,
        0.62
      ]
    }
  },
  "textures": {
    "particle": "item/halor_energy_sword"
  }
},
  "perspectives": {
    "gui": {
      "parent": "item/generated",
      "textures": {
        "layer0": "pointblank:item/halor_energy_sword.icon"
      }
    }
  }
}
