{
"loader": "forge:separate_transforms",
  "gui_light": "front",
  "base":
{
  "credit": "Made with Blockbench",
  "parent": "builtin/entity",
  "texture_size": [
    32,
    32
  ],
  "display": {
    "thirdperson_righthand": {
      "translation": [
        0,
        0,
        2
      ]
    },
    "thirdperson_lefthand": {
      "translation": [
        0,
        0,
        2
      ]
    },
    "firstperson_righthand": {
      "rotation": [
        -30.289999999999964,
        14.579999999999927,
        10.0300000000002
      ],
      "translation": [
        0.25,
        0,
        0.25
      ]
    },
    "firstperson_lefthand": {
      "rotation": [
        -30.289999999999964,
        14.579999999999927,
        10.0300000000002
      ],
      "translation": [
        0.25,
        0,
        0.25
      ]
    },
    "ground": {
      "translation": [
        0,
        -1.75,
        0
      ]
    },
    "gui": {
      "rotation": [
        115.67999999999984,
        65.21000000000004,
        -100.63000000000011
      ],
      "translation": [
        1.5,
        -1.75,
        0
      ],
      "scale": [
        1.21,
        1.21,
        1.21
      ]
    },
    "head": {
      "translation": [
        0,
        1,
        0
      ],
      "scale": [
        0,
        0,
        0
      ]
    },
    "fixed": {
      "rotation": [
        77.69999999999982,
        -71.82000000000016,
        82.55999999999995
      ],
      "translation": [
        -1,
        -1.5,
        0
      ],
      "scale": [
        2.01,
        2.01,
        2.01
      ]
    }
  },
  "textures": {
    "particle": "item/halor_rl_rocket"
  }
},
  "perspectives": {
    "gui": {
      "parent": "item/generated",
      "textures": {
        "layer0": "pointblank:item/halor_rl_rocket.icon"
      }
    }
  }
}
