{
"loader": "forge:separate_transforms",
  "gui_light": "front",
  "base":
{
  "credit": "Made with Blockbench",
  "parent": "builtin/entity",
  "texture_size": [
    32,
    32
  ],
  "display": {
    "thirdperson_righthand": {
      "translation": [
        -0.75,
        -0.25,
        0
      ],
      "scale": [
        0.3,
        0.3,
        0.3
      ]
    },
    "thirdperson_lefthand": {
      "translation": [
        -0.75,
        -0.25,
        0
      ],
      "scale": [
        0.3,
        0.3,
        0.3
      ]
    },
    "ground": {
      "translation": [
        0,
        -4,
        -0.25
      ]
    },
    "gui": {
      "rotation": [
        -148.36,
        57.24,
        154.8
      ],
      "translation": [
        -0.5,
        -5.75,
        0
      ],
      "scale": [
        1.5,
        1.5,
        1.5
      ]
    },
    "head": {
      "scale": [
        0,
        0,
        0
      ]
    },
    "fixed": {
      "rotation": [
        180,
        -89.75,
        180
      ],
      "translation": [
        0,
        -2.5,
        -0.5
      ]
    }
  },
  "textures": {
    "particle": "item/halor_dmr_scope"
  }
},
  "perspectives": {
    "gui": {
      "parent": "item/generated",
      "textures": {
        "layer0": "pointblank:item/halor_dmr_scope.icon"
      }
    }
  }
}
