{
  "name" : "halor_spartan_laser",
  "type": "Gun",
  "maxAmmoCapacity" : "infinite",
  "compatibleAmmo" : ["ammocreative"],
  "damage" : 50.0,
  "rpm" : 15,
  "reloadCooldownDuration" : 2500,
  "fireModes" : ["SINGLE"],
  "fireSound" : "halor_spartan_laser_fire",
  "reloadSound" : "reload",
  "drawCooldownDuration" : 1330,
  "inspectCooldownDuration" : 3500,
  "prepareFireCooldownDuration": 2670,
  "gunRecoilInitialAmplitude" : 0.3,
  "shakeRecoilAmplitude" : 2,
  "shakeRecoilSpeed" : 2,
  "viewRecoilAmplitude" : 0.8,
  "bobbing" : 0.5,
  "firstPersonFallbackAnimations": "halor_rocket_launchers_heavy",
  "idleAnimations": [
    {
      "name": "animation.model.idle",
      "duration": 0
    }
  ],
  "glowingParts": [
    {
      "name": "glow"
    },
    {
      "name": "glow2"
    },
    {
      "name": "glow3"
    },
    {
      "name": "glow4"
    },
    {
      "name": "glow5"
    },
    {
      "name": "glowy_charge",
      "texture": "textures/effect/spartan_charge_flash.png",
      "direction": "west"
    }
  ],
    "effects": [
    {
      "phase": "hit_scan_acquired",
      "name": "spartan_laser"
     },
     {
      "phase": "firing",
      "name": "spartan_flash"
    }
  ],
  "features": [
    {
      "type": "Reticle",
      "texture": "textures/item/reticle_spartan_laser.png",
      "parallax": true
    }
  ],
  "aimingZoom" : 0.3,
  "bobbingOnAim" : 0.1,
  "phasedReloads": [
    {
      "phase": "RELOADING",
      "duration": 900,
      "animation": "animation.model.reload",
      "shakeEffects": [
        {
          "start": 0,
          "duration": 1330,
          "initialAmplitude": 0.2,
          "rateOfAmplitudeDecay": 0.8
        },
        {
          "start": 230,
          "duration": 1000,
          "initialAmplitude": 0.2,
          "rateOfAmplitudeDecay": 0.5
        }
      ]
    }
  ]
}
