{
  "name" : "halor_energy_sword",
  "type": "Gun",
  "features": [
    {
      "type": "FireMode",
      "fireModes": [
        {
          "name": "halor_energy_sword",
          "displayName": "energy_sword",
          "type": "SINGLE",
          "rpm": 95,
          "damage": 20.0,
          "maxShootingDistance": 4,
          "prepareFireAnimations": [
            {
              "name": "animation.model.prepareswing",
              "duration": 200
            }
          ],
          "fireAnimations": [
            {
              "name": "animation.model.swing1",
              "duration": 1000,
              "condition": "random"
            },
            {
              "name": "animation.model.swing2",
              "duration": 1000,
              "condition": "random"
            },
            {
              "name": "animation.model.swing3",
              "duration": 1000,
              "condition": "random"
            }
          ]
        }
      ]
    }
  ],
  "maxAmmoCapacity" : "infinite",
  "compatibleAmmo" : ["ammocreative"],
  "drawCooldownDuration" : 1500,
  "fireSound" : "halor_energy_sword_nohit",
  "damage": 10,
  "rpm": 150,
  "gunRecoilInitialAmplitude" : 0.0,
  "shakeRecoilAmplitude" : 0.0,
  "shakeRecoilSpeed" : 0.0,
  "viewRecoilAmplitude" : 0,
  "inspectCooldownDuration": 4500,
  "aimingEnabled": false,
  "glowingParts": [
    {
      "name": "glow"
    },
    {
      "name": "glow2"
    },
    {
      "name": "glow3"
    }
    ],
    "idleAnimations": [
    {
      "name": "animation.model.idle",
      "duration": 1000
    }
  ]
}
