{
  "name" : "halor_sniper",
  "type": "Gun",
  "maxAmmoCapacity" : 4,
  "compatibleAmmo" : ["ammocreative","halor_global_ammo"],
  "damage" : 20,
  "rpm" : 89,
  "fireModes" : ["SINGLE"],
  "fireSound" : "halor_sniper_fire",
  "drawCooldownDuration" : 1280,
  "bobbingOnAim" : 0.1,
  "gunRecoilInitialAmplitude" : 0.8,
  "shakeRecoilAmplitude" : 0.35,
  "shakeRecoilSpeed" : 2,
  "viewRecoilAmplitude" : 2,
  "firstPersonFallbackAnimations": "halor_rifles_medium",
  "inspectCooldownDuration": 6230,
  "effects": [
    {
      "phase": "hit_scan_acquired",
      "name": "tracer"
     },
     {
      "phase": "firing",
      "name": "muzzle_flash_small"
    }
  ],
  "compatibleAttachments" : [
    "halor_sniper_scope"
  ],
  "features": [
  {
      "type": "Reticle",
      "texture": "textures/item/reticle_sniper.png",
      "parallax": true
  },
  {
        "type": "Aiming",
        "zoom": 0.35,
        "condition": {
          "allOf": [
          {
            "doesNotHaveAttachmentGroup": "halor_sniper_scope"
          }
        ]
      }
    }
  ],
  "defaultAttachments": [
    "halor_sniper_scope"
  ],
    "aimingZoom" : 0.4,
  "bobbingOnAim" : 0.1,
  "phasedReloads": [
    {
      "phase": "RELOADING",
      "condition": "reloadIterationIndex == 0",
      "duration": 3200,
      "animation": "animation.model.reloadempty"
    },
    {
      "phase": "RELOADING",
      "condition": "reloadIterationIndex > 0",
      "duration": 2200,
      "animation": "animation.model.reload"
    }
  ]
}
