{
  "name" : "halor_rl",
  "type": "Gun",
  "maxAmmoCapacity" : 2,
  "compatibleAmmo" : ["ammocreative",halor_rl_rocket],
  "damage" : 50.0,
  "rpm" : 50,
  "fireModes" : ["SINGLE"],
  "fireSound" : "halor_rl_fire",
  "drawCooldownDuration" : 1370,
  "gunRecoilInitialAmplitude" : 0.8,
  "shakeRecoilAmplitude" : 0.35,
  "shakeRecoilSpeed" : 2,
  "viewRecoilAmplitude" : 2,
  "firstPersonFallbackAnimations": "halor_rocket_launchers_heavy",
  "inspectCooldownDuration": 3900,
  "glowingParts": [
    {
      "name": "glow"
    },
    {
      "name": "glow2"
    }
  ],
    "effects": [
    {
      "phase": "hit_scan_acquired",
      "name": "tracer"
     },
     {
      "phase": "firing",
      "name": "launcher_muzzle"
    }
  ],
  "features": [
    {
      "type": "Reticle",
      "texture": "textures/item/reticle_rocket_launcher.png",
      "parallax": true
    }
  ],
  "aimingZoom" : 0.25,
  "bobbingOnAim" : 0.1,
  "phasedReloads": [
    {
      "phase": "RELOADING",
      "condition": "reloadIterationIndex == 0",
      "duration": 3800,
      "animation": "animation.model.reloadempty"
    },
    {
      "phase": "RELOADING",
      "condition": "reloadIterationIndex > 0",
      "duration": 3800,
      "animation": "animation.model.reload"
    }
  ]
}
