{
  "name" : "halor_magnum",
  "type": "Gun",
  "maxAmmoCapacity" : 8,
  "compatibleAmmo" : ["ammocreative","halor_global_ammo"],
  "damage" : 10.0,
  "rpm" : 250,
  "fireModes" : ["SINGLE"],
  "fireSound" : "halor_magnum_fire",
  "drawCooldownDuration" : 1000,
  "gunRecoilInitialAmplitude" : 0.8,
  "shakeRecoilAmplitude" : 0.35,
  "shakeRecoilSpeed" : 2,
  "viewRecoilAmplitude" : 2,
  "firstPersonFallbackAnimations": "halor_handgun_light",
  "inspectCooldownDuration": 3330,
  "glowingParts": [
    {
      "name": "glow"
    },
    {
      "name": "glow2"
    }

  ],
    "effects": [
    {
      "phase": "hit_scan_acquired",
      "name": "tracer"
     },
     {
      "phase": "firing",
      "name": "muzzle_flash_small"
    }
  ],
  "features": [
    {
      "type": "Reticle",
      "texture": "textures/item/reticle_magnum.png",
      "parallax": true
    }
  ],
  "aimingZoom" : 0.25,
  "bobbingOnAim" : 0.1,
  "phasedReloads": [
    {
      "phase": "RELOADING",
      "condition": "reloadIterationIndex == 0",
      "duration": 1730,
      "animation": "animation.model.reloadempty"
    },
    {
      "phase": "RELOADING",
      "condition": "reloadIterationIndex > 0",
      "duration": 1700,
      "animation": "animation.model.reload"
    }
  ]
}
