{
  "name" : "halor_dmr",
  "type": "Gun",
  "maxAmmoCapacity" : 15,
  "compatibleAmmo" : ["ammocreative","halor_global_ammo"],
  "damage" : 10.0,
  "rpm" : 200,
  "fireModes" : ["SINGLE"],
  "fireSound" : "halor_dmr_fire",
  "drawCooldownDuration" : 930,
  "bobbingOnAim" : 0.1,
  "gunRecoilInitialAmplitude" : 0.8,
  "shakeRecoilAmplitude" : 0.35,
  "shakeRecoilSpeed" : 2,
  "viewRecoilAmplitude" : 2,
  "firstPersonFallbackAnimations": "halor_rifles_medium",
  "inspectCooldownDuration": 4900,
  "glowingParts": [
    {
      "name": "glow"
    },
    {
      "name": "glowy"
    }
  ],
    "effects": [
    {
      "phase": "hit_scan_acquired",
      "name": "tracer"
     },
     {
      "phase": "firing",
      "name": "muzzle_flash_small"
    }
  ],
  "compatibleAttachments" : [
    "halor_dmr_scope"
  ],
  "features": [
  {
      "type": "Reticle",
      "texture": "textures/item/reticle_dmr.png",
      "parallax": true
  },
  {
        "type": "Aiming",
        "zoom": 0.35,
        "condition": {
          "allOf": [
          {
            "doesNotHaveAttachmentGroup": "halor_dmr_scope"
          }
        ]
      }
    }
  ],
  "defaultAttachments": [
    "halor_dmr_scope"
  ],
    "aimingZoom" : 0.3,
  "bobbingOnAim" : 0.1,
  "phasedReloads": [
    {
      "phase": "RELOADING",
      "condition": "reloadIterationIndex == 0",
      "duration": 2800,
      "animation": "animation.model.reloadempty"
    },
    {
      "phase": "RELOADING",
      "condition": "reloadIterationIndex > 0",
      "duration": 1800,
      "animation": "animation.model.reload"
    }
  ]
}
