{
  "name" : "halor_grenade_launcher",
  "type": "Gun",
  "maxAmmoCapacity" : 1,
  "compatibleAmmo" : ["ammocreative",halor_grenade_launcher_ammo],
  "damage" : 30.0,
  "rpm" : 100,
  "fireModes" : ["SINGLE"],
  "fireSound" : "halor_grenade_launcher_fire",
  "drawCooldownDuration" : 1030,
  "gunRecoilInitialAmplitude" : 0.8,
  "shakeRecoilAmplitude" : 0.35,
  "shakeRecoilSpeed" : 2,
  "viewRecoilAmplitude" : 2,
  "firstPersonFallbackAnimations": "halor_rifles_medium",
  "inspectCooldownDuration": 3230,
  "glowingParts": [
    {
      "name": "glow"
    },
    {
      "name": "glow2"
    }
  ],
    "effects": [
    {
      "phase": "hit_scan_acquired",
      "name": "tracer"
     },
     {
      "phase": "firing",
      "name": "muzzle_flash_small"
    }
  ],
  "features": [
    {
      "type": "Reticle",
      "texture": "textures/item/reticle_grenade_launcher.png",
      "parallax": true
    }
  ],
  "aimingZoom" : 0.2,
  "bobbingOnAim" : 0.1,
  "phasedReloads": [
    {
      "phase": "RELOADING",
      "condition": "reloadIterationIndex == 0",
      "duration": 2200,
      "animation": "animation.model.reloadempty"
    },
    {
      "phase": "RELOADING",
      "condition": "reloadIterationIndex > 0",
      "duration": 2200,
      "animation": "animation.model.reload"
    }
  ]
}
