{
  "name" : "halor_ar",
  "type": "Gun",
  "maxAmmoCapacity" : 32,
  "compatibleAmmo" : ["ammocreative","halor_global_ammo"],
  "damage" : 7.0,
  "rpm" : 600,
  "fireModes" : ["AUTOMATIC"],
  "fireSound" : "halor_ar_fire",
  "drawCooldownDuration" : 1050,
  "gunRecoilInitialAmplitude" : 0.8,
  "shakeRecoilAmplitude" : 0.35,
  "shakeRecoilSpeed" : 2,
  "viewRecoilAmplitude" : 2,
  "firstPersonFallbackAnimations": "halor_rifles_medium",
  "inspectCooldownDuration": 4000,
  "glowingParts": [
    {
      "name": "glow"
    }
  ],
    "effects": [
    {
      "phase": "hit_scan_acquired",
      "name": "tracer"
     },
     {
      "phase": "firing",
      "name": "muzzle_flash_small"
    }
  ],
  "features": [
    {
      "type": "Reticle",
      "texture": "textures/item/reticle_ar.png",
      "parallax": true
    }
  ],
  "aimingZoom" : 0.2,
  "bobbingOnAim" : 0.1,
  "phasedReloads": [
    {
      "phase": "RELOADING",
      "condition": "reloadIterationIndex == 0",
      "duration": 2430,
      "animation": "animation.model.reloadempty"
    },
    {
      "phase": "RELOADING",
      "condition": "reloadIterationIndex > 0",
      "duration": 1930,
      "animation": "animation.model.reload"
    }
  ]
}
