{
  "name" : "halor_shotgun",
  "type": "Gun",
  "maxAmmoCapacity" : 6,
  "maxAmmoPerReloadIteration" : 1,
  "compatibleAmmo" : ["ammocreative","halor_global_ammo"],
  "pelletCount" : 15,
  "pelletSpread" : 0.1,
  "damage" : 3.0,
  "rpm" : 75,
  "fireModes" : ["SINGLE"],
  "fireSound" : "halor_shotgun_fire",
  "drawCooldownDuration" : 1050,
  "gunRecoilInitialAmplitude" : 0.8,
  "shakeRecoilAmplitude" : 0.65,
  "shakeRecoilSpeed" : 3.5,
  "viewRecoilAmplitude" : 7,
  "inspectCooldownDuration" : 5030,
  "muzzleFlashScale" : 3,
  "glowingParts": [
    {
      "name": "glow"
    },
    {
      "name": "glowy"
    }
  ],
    "effects": [
    {
      "phase": "hit_scan_acquired",
      "name": "tracer"
     },
     {
      "phase": "firing",
      "name": "muzzle_flash"
    }
  ],
    "features": [
    {
      "type": "Reticle",
      "texture": "textures/item/reticle_shotgun.png",
      "parallax": true
    },
    {
      "type": "FireMode",
      "fireModes": [
        {
          "name": "single",
          "displayName": "label.pointblank.fireMode.single",
          "type": "SINGLE",
          "rpm": 75,
          "damage": 6.0,
          "pelletCount": 20,
          "pelletSpread": 0.1,
          "fireAnimations": [
            {
              "name": "animation.model.fireempty",
              "duration": 500,
              "condition": "ammoCount == 0"
            }
          ]
        }
      ]
    }
  ],
  "aimingZoom" : 0.3,
  "bobbingOnAim" : 0.1,
  "phasedReloads": [
    {
      "phase": "PREPARING",
      "condition": "reloadIterationIndex == -1",
      "duration": 600,
      "animation": "animation.model.preparealt"
    },
    {
      "phase": "PREPARING",
      "condition": "reloadIterationIndex >= 0",
      "duration": 320,
      "animation": "animation.model.prepare"
    },
    {
      "phase": "RELOADING",
      "condition": "reloadIterationIndex == 0",
      "duration": 1200,
      "animation": "animation.model.chamberload"
    },
    {
      "phase": "RELOADING",
      "condition": "reloadIterationIndex > 0",
      "duration": 530,
      "animation": "animation.model.iterativeload"
    },
    {
      "phase": "COMPLETETING",
      "condition": "reloadIterationIndex >= 0",
      "duration": 600,
      "animation": "animation.model.finish"
    }
  ]
}
