{
    "destiny_khvostov_charge": {
        "sounds": [
            {
                "name": "pointblank:destiny_khvostov_charge",
                "stream": false
            }
        ]
    },
    "destiny_khvostov_draw": {
        "sounds": [
            {
                "name": "pointblank:destiny_khvostov_draw",
                "stream": false
            }
        ]
    },
    "destiny_khvostov_first": {
        "sounds": [
            {
                "name": "pointblank:destiny_khvostov_first",
                "stream": false
            }
        ]
    },
    "destiny_khvostov_last": {
        "sounds": [
            {
                "name": "pointblank:destiny_khvostov_last",
                "stream": false
            }
        ]
    },
    "destiny_khvostov_reload": {
        "sounds": [
            {
                "name": "pointblank:destiny_khvostov_reload",
                "stream": false
            }
        ]
    },
    "destiny_khvostov_unload": {
        "sounds": [
            {
                "name": "pointblank:destiny_khvostov_unload",
                "stream": false
            }
        ]
    },
    "destiny_khvostov7g02": {
        "sounds": [
            {
                "name": "pointblank:destiny_khvostov7g02",
                "stream": false
            }
        ]
    },
    "destiny_marshala1": {
        "sounds": [
            {
                "name": "pointblank:destiny_marshala1",
                "stream": false
            }
        ]
    },
    "destiny_marshal_unload": {
        "sounds": [
            {
                "name": "pointblank:destiny_marshal_unload",
                "stream": false
            }
        ]
    },
    "destiny_marshal_reload": {
        "sounds": [
            {
                "name": "pointblank:destiny_marshal_reload",
                "stream": false
            }
        ]
    },
    "destiny_marshal_charge": {
        "sounds": [
            {
                "name": "pointblank:destiny_marshal_charge",
                "stream": false
            }
        ]
    },
    "destiny_eyasluna": {
        "sounds": [
            {
                "name": "pointblank:destiny_eyasluna",
                "stream": false
            }
        ]
    },
    "destiny_hawkmoon": {
        "sounds": [
            {
                "name": "pointblank:destiny_hawkmoon",
                "stream": false
            }
        ]
    },
    "destiny_hawkmoon_close": {
        "sounds": [
            {
                "name": "pointblank:destiny_hawkmoon_close",
                "stream": false
            }
        ]
    },
    "destiny_hawkmoon_draw": {
        "sounds": [
            {
                "name": "pointblank:destiny_hawkmoon_draw",
                "stream": false
            }
        ]
    },
    "destiny_hawkmoon_eject": {
        "sounds": [
            {
                "name": "pointblank:destiny_hawkmoon_eject",
                "stream": false
            }
        ]
    },
    "destiny_hawkmoon_insert": {
        "sounds": [
            {
                "name": "pointblank:destiny_hawkmoon_insert",
                "stream": false
            }
        ]
    },
    "destiny_hawkmoon_open": {
        "sounds": [
            {
                "name": "pointblank:destiny_hawkmoon_open",
                "stream": false
            }
        ]
    },
    "destiny_hawkmoon_rest": {
        "sounds": [
            {
                "name": "pointblank:destiny_hawkmoon_rest",
                "stream": false
            }
        ]
    },
    "destiny_hawkmoon_up": {
        "sounds": [
            {
                "name": "pointblank:destiny_hawkmoon_up",
                "stream": false
            }
        ]
    },
    "destiny_surosregime": {
        "sounds": [
            {
                "name": "pointblank:destiny_surosregime",
                "stream": false
            }
        ]
    },
    "destiny_surosregime_charge": {
        "sounds": [
            {
                "name": "pointblank:destiny_surosregime_charge",
                "stream": false
            }
        ]
    },
    "destiny_surosregime_load": {
        "sounds": [
            {
                "name": "pointblank:destiny_surosregime_load",
                "stream": false
            }
        ]
    },
    "destiny_montecarlo": {
        "sounds": [
            {
                "name": "pointblank:destiny_montecarlo",
                "stream": false
            }
        ]
    },
    "destiny_montecarlo_unload": {
        "sounds": [
            {
                "name": "pointblank:destiny_montecarlo_unload",
                "stream": false
            }
        ]
    },
    "destiny_montecarlo_reload": {
        "sounds": [
            {
                "name": "pointblank:destiny_montecarlo_reload",
                "stream": false
            }
        ]
    },
    "destiny_montecarlo_charge": {
        "sounds": [
            {
                "name": "pointblank:destiny_montecarlo_charge",
                "stream": false
            }
        ]
    },
    "destiny_traxmallus1_charge": {
        "sounds": [
            {
                "name": "pointblank:destiny_traxmallus1_charge",
                "stream": false
            }
        ]
    },
    "destiny_traxmallus1_reload": {
        "sounds": [
            {
                "name": "pointblank:destiny_traxmallus1_reload",
                "stream": false
            }
        ]
    },
    "destiny_traxmallus1_unload": {
        "sounds": [
            {
                "name": "pointblank:destiny_traxmallus1_unload",
                "stream": false
            }
        ]
    },
    "destiny_traxcallum1": {
        "sounds": [
            {
                "name": "pointblank:destiny_traxcallum1",
                "stream": false
            }
        ]
    },
    "destiny_proximacentauriii": {
        "sounds": [
            {
                "name": "pointblank:destiny_proximacentauriii",
                "stream": false
            }
        ]
    },
    "destiny_midamultitool": {
        "sounds": [
            {
                "name": "pointblank:destiny_midamultitool",
                "stream": false
            }
        ]
    },
    "destiny_midamultitool_unload": {
        "sounds": [
            {
                "name": "pointblank:destiny_midamultitool_unload",
                "stream": false
            }
        ]
    },
    "destiny_midamultitool_charge": {
        "sounds": [
            {
                "name": "pointblank:destiny_midamultitool_charge",
                "stream": false
            }
        ]
    },
    "destiny_chaosdogma": {
        "sounds": [
            {
                "name": "pointblank:destiny_chaosdogma",
                "stream": false
            }
        ]
    },
    "destiny_cd_charge": {
        "sounds": [
            {
                "name": "pointblank:destiny_cd_charge",
                "stream": false
            }
        ]
    },
    "destiny_cd_unload": {
        "sounds": [
            {
                "name": "pointblank:destiny_cd_unload",
                "stream": false
            }
        ]
    },
    "destiny_cd_reload": {
        "sounds": [
            {
                "name": "pointblank:destiny_cd_reload",
                "stream": false
            }
        ]
    },
    "destiny_thelastword": {
        "sounds": [
            {
                "name": "pointblank:destiny_thelastword",
                "stream": false
            }
        ]
    },
    "destiny_aceofspades": {
        "sounds": [
            {
                "name": "pointblank:destiny_aceofspades",
                "stream": false
            }
        ]
    },
    "destiny_aos_spin": {
        "sounds": [
            {
                "name": "pointblank:destiny_aos_spin",
                "stream": false
            }
        ]
    },
    "destiny_aos_open": {
        "sounds": [
            {
                "name": "pointblank:destiny_aos_open",
                "stream": false
            }
        ]
    },
    "destiny_aos_insert": {
        "sounds": [
            {
                "name": "pointblank:destiny_aos_insert",
                "stream": false
            }
        ]
    },
    "destiny_aos_close": {
        "sounds": [
            {
                "name": "pointblank:destiny_aos_close",
                "stream": false
            }
        ]
    },
    "destiny_thorn": {
        "sounds": [
            {
                "name": "pointblank:destiny_thorn",
                "stream": false
            }
        ]
    },
    "destiny_thorn_close": {
        "sounds": [
            {
                "name": "pointblank:destiny_thorn_close",
                "stream": false
            }
        ]
    },
    "destiny_thorn_open": {
        "sounds": [
            {
                "name": "pointblank:destiny_thorn_open",
                "stream": false
            }
        ]
    },
    "destiny_thorn_reload": {
        "sounds": [
            {
                "name": "pointblank:destiny_thorn_reload",
                "stream": false
            }
        ]
    },
    "destiny_thorn_unload": {
        "sounds": [
            {
                "name": "pointblank:destiny_thorn_unload",
                "stream": false
            }
        ]
    },
    "destiny_sleepersimulant_draw": {
        "sounds": [
            {
                "name": "pointblank:destiny_sleepersimulant_draw",
                "stream": false
            }
        ]
    },
    "destiny_sleepersimulant_charge": {
        "sounds": [
            {
                "name": "pointblank:destiny_sleepersimulant_charge",
                "stream": false
            }
        ]
    },
    "destiny_sleepersimulant_fire": {
        "sounds": [
            {
                "name": "pointblank:destiny_sleepersimulant_fire",
                "stream": false
            }
        ]
    },
    "destiny_sleepersimulant_hit": {
        "sounds": [
            {
                "name": "pointblank:destiny_sleepersimulant_hit",
                "stream": false
            }
        ]
    },
    "destiny_sleepersimulant_reload": {
        "sounds": [
            {
                "name": "pointblank:destiny_sleepersimulant_reload",
                "stream": false
            }
        ]
    },
    "destiny_sleepersimulant_unload": {
        "sounds": [
            {
                "name": "pointblank:destiny_sleepersimulant_unload",
                "stream": false
            }
        ]
    }
}