{
	"format_version": "1.8.0",
	"animations": {
		"animation.model.fire": {
			"loop": true,
			"animation_length": 0.3333,
			"bones": {
				"lid": {
					"rotation": {
						"0.0": {
							"vector": [0, 0, 0]
						},
						"0.0667": {
							"vector": [0, 0, 5]
						},
						"0.1667": {
							"vector": [0, 0, 0]
						},
						"0.2333": {
							"vector": [0, 0, 2]
						},
						"0.3333": {
							"vector": [0, 0, 0]
						}
					}
				},
				"barrel": {
					"position": {
						"0.0": {
							"vector": [0, 0, 0]
						},
						"0.0333": {
							"vector": [0, 0, 10]
						},
						"0.1333": {
							"vector": [0, 0, 0]
						}
					}
				},
				"bolt": {
					"position": {
						"0.0": {
							"vector": [0, 0, 0]
						},
						"0.0333": {
							"vector": [0, 0, 18]
						},
						"0.1333": {
							"vector": [0, 0, 0]
						}
					}
				},
				"link1": {
					"rotation": {
						"0.0": {
							"vector": [0, 0, 0]
						},
						"0.1": {
							"vector": [0, 0, -15]
						},
						"0.1333": {
							"vector": [0, 0, 0],
							"easing": "step",
							"easingArgs": [2]
						}
					}
				}
			}
		},
		"animation.model.draw": {
			"loop": true,
			"animation_length": 1.1667,
			"bones": {
				"main": {
					"rotation": {
						"0.3667": {
							"vector": [21.79683, -4.50825, 0.65603]
						},
						"0.4333": {
							"vector": [19.97007, -5.02057, 3.54334]
						},
						"0.6": {
							"vector": [9.12567, -4.39669, 0.5454]
						},
						"0.8": {
							"vector": [-1.74911, -0.81072, -1.97618]
						},
						"0.9333": {
							"vector": [-1.02236, -0.41032, 1.87038]
						},
						"1.0333": {
							"vector": [-0.00218, 0.24999, -0.5]
						},
						"1.1667": {
							"vector": [0, 0, 0]
						}
					},
					"position": {
						"0.5667": {
							"vector": [0, 0, 0]
						},
						"0.8": {
							"vector": [0, 0.925, -1.1]
						},
						"0.9": {
							"vector": [0.075, -0.12, -0.055]
						},
						"1.0": {
							"vector": [0, -0.075, 0.275]
						},
						"1.1333": {
							"vector": [0, 0, 0]
						}
					}
				},
				"rightarm": {
					"rotation": {
						"0.0667": {
							"vector": [-40, 0, 0]
						},
						"0.3667": {
							"vector": [0, 0, 0]
						}
					},
					"position": {
						"0.0": {
							"vector": [0, 0, 0]
						},
						"0.0667": {
							"vector": [-1.53939, 1.57415, -18.84549]
						},
						"0.2667": {
							"vector": [0, 0, 0]
						}
					}
				},
				"leftarm": {
					"rotation": {
						"0.0": {
							"vector": [-40.94254, -4.22578, -13.91874]
						},
						"0.5": {
							"vector": [-5.94254, -4.22578, -13.91874]
						},
						"0.9": {
							"vector": [-5.94254, -4.22578, -13.91874]
						},
						"1.0": {
							"vector": [0, 0, 0]
						}
					},
					"position": {
						"0.0": {
							"vector": [4.925, 1.375, 0]
						},
						"0.5": {
							"vector": [4.925, 1.375, 0]
						},
						"0.9": {
							"vector": [4, 1.375, -1.25]
						},
						"1.0": {
							"vector": [0, 0, 0]
						}
					}
				}
			},
			"sound_effects": {
				"0.3": {
					"effect": "launcher_draw"
				}
			}
		}
	},
	"geckolib_format_version": 2
}