{
	"format_version": "1.8.0",
	"animations": {
		"animation.model.draw": {
			"loop": true,
			"animation_length": 1.5,
			"bones": {
				"main": {
					"rotation": {
						"0.0": {
							"vector": [23.1968, -6.03864, 6.37855]
						},
						"0.1333": {
							"vector": [23.63662, -5.52637, 1.3989]
						},
						"0.2333": {
							"vector": [21.79683, -4.50825, 0.65603]
						},
						"0.5667": {
							"vector": [-1.74911, -0.81072, -1.97618]
						},
						"0.7": {
							"vector": [-1.02236, -0.41032, 1.87038]
						},
						"0.8": {
							"vector": [-0.00218, 0.24999, -0.5]
						},
						"0.9333": {
							"vector": [0, 0, 0]
						}
					},
					"position": {
						"0.0": {
							"vector": [0, -20.775, 0]
						},
						"0.2": {
							"vector": [-0.7, -13.3, -2.3]
						},
						"0.3": {
							"vector": [-0.47, -7.845, -4.305]
						},
						"0.4": {
							"vector": [-0.21, -2.91, -6.035]
						},
						"0.5667": {
							"vector": [0, 0.925, -1.1]
						},
						"0.6667": {
							"vector": [0.075, -0.12, -0.055]
						},
						"0.7667": {
							"vector": [0, -0.075, 0.275]
						},
						"0.9": {
							"vector": [0, 0, 0]
						}
					}
				}
			}
		},
		"animation.model.inspect": {
			"loop": true,
			"animation_length": 4.2667,
			"bones": {
				"main": {
					"rotation": {
						"0.0": {
							"vector": [0, 0, 0]
						},
						"0.1667": {
							"vector": [-8.41746, -13.59608, -21.21259]
						},
						"0.3": {
							"vector": [-8.39812, -20.10111, -31.77688]
						},
						"0.4333": {
							"vector": [-9.55676, -20.88889, -28.55629]
						},
						"0.5333": {
							"vector": [-8.77652, -21.21647, -30.72851]
						},
						"0.7667": {
							"vector": [-9.4227, -20.94881, -28.93303]
						},
						"1.0": {
							"vector": [-3.1216, -20.98207, -46.44405]
						},
						"1.1333": {
							"vector": [-4.564, -20.73064, -42.44007]
						},
						"1.2333": {
							"vector": [-4.86325, -20.9153, -41.60203]
						},
						"1.3333": {
							"vector": [-4.58308, -20.97575, -42.38574]
						},
						"1.4667": {
							"vector": [-4.01131, -21.08802, -43.97908]
						},
						"1.6": {
							"vector": [-4.38767, -21.01662, -42.9316]
						},
						"1.7": {
							"vector": [-4.18847, -21.05622, -43.48691]
						},
						"2.0333": {
							"vector": [-16.91438, 5.38499, 54.40399]
						},
						"2.1667": {
							"vector": [-15.22513, 5.80082, 60.04554]
						},
						"2.3": {
							"vector": [-15.70981, 5.86025, 59.48558]
						},
						"2.4333": {
							"vector": [-15.93602, 7.03904, 62.69373]
						},
						"2.5667": {
							"vector": [-15.60896, 7.75082, 65.23442]
						},
						"2.7333": {
							"vector": [-15.71675, 7.52491, 64.42194]
						},
						"2.9": {
							"vector": [-15.56389, 7.84019, 65.55973]
						},
						"3.1": {
							"vector": [-15.61778, 7.73186, 65.16659]
						},
						"3.2667": {
							"vector": [-15.9801, 6.93689, 62.33342]
						},
						"3.4": {
							"vector": [-8.86998, 2.42135, 33.56191]
						},
						"3.5333": {
							"vector": [0, -1.75, -2.75]
						},
						"3.7": {
							"vector": [0, 0, 0]
						}
					},
					"position": {
						"0.0": {
							"vector": [0, 0, 0]
						},
						"0.3": {
							"vector": [-0.475, 1.475, -8.7]
						},
						"0.4": {
							"vector": [-0.195, 1, -7.7]
						},
						"0.5333": {
							"vector": [-0.03, 0.725, -7.7]
						},
						"0.7": {
							"vector": [0, 1.125, -7.7]
						},
						"0.9": {
							"vector": [0.125, 1.4, -8.275]
						},
						"1.2": {
							"vector": [-0.02, 1.475, -8]
						},
						"1.4": {
							"vector": [0.11, 1.425, -8.175]
						},
						"1.6667": {
							"vector": [0.275, 1.25, -7.975]
						},
						"1.8": {
							"vector": [-0.13, -1.19, -8.65]
						},
						"1.9667": {
							"vector": [-0.545, -1.325, -7.15]
						},
						"2.1333": {
							"vector": [-0.415, -1.395, -6.545]
						},
						"2.2667": {
							"vector": [-0.525, -1.455, -5.17]
						},
						"2.4": {
							"vector": [-0.49, -1.43, -5.85]
						},
						"2.5667": {
							"vector": [-0.455, -1.5, -5.24]
						},
						"2.7667": {
							"vector": [-0.53, -1.5, -5.27]
						},
						"3.0": {
							"vector": [-0.49, -1.41, -5.3]
						},
						"3.2333": {
							"vector": [-0.545, -1.325, -5.325]
						},
						"3.3667": {
							"vector": [-1.005, -0.61, -3.41]
						},
						"3.6333": {
							"vector": [0, 0, 0]
						}
					}
				},
				"leftarm": {
					"rotation": {
						"0.0": {
							"vector": [0, 0, 0]
						},
						"0.1667": {
							"vector": [94.34183, 65.03608, 48.49136]
						},
						"1.7333": {
							"vector": [94.34183, 65.03608, 48.49136]
						},
						"2.0333": {
							"vector": [-20, 0, -45]
						},
						"3.3": {
							"vector": [-20, 0, -45]
						},
						"3.5667": {
							"vector": [0, 0, 0]
						}
					},
					"position": {
						"0.0": {
							"vector": [0, 0, 0]
						},
						"0.1667": {
							"vector": [6.23986, -46.20851, 24.64864]
						},
						"1.7333": {
							"vector": [6.23986, -46.20851, 24.64864]
						},
						"2.0333": {
							"vector": [7.35, 6.25, 2.33]
						},
						"3.3": {
							"vector": [7.35, 6.25, 2.33]
						},
						"3.5667": {
							"vector": [0, 0, 0]
						}
					}
				}
			}
		},
		"animation.model.fire": {
			"loop": true,
			"animation_length": 0.5417,
			"bones": {
				"chamber": {
					"rotation": {
						"0.0": {
							"vector": [0, 0, -30]
						},
						"0.125": {
							"vector": [0, 0, -30]
						},
						"0.2083": {
							"vector": [0, 0, 0]
						}
					}
				},
				"main": {
					"rotation": {
						"0.0": {
							"vector": [0, 0, 0]
						},
						"0.0417": {
							"vector": [-4.48713, -0.98834, -3.1363]
						},
						"0.1667": {
							"vector": [-3.3029, -0.07356, -0.4066]
						},
						"0.25": {
							"vector": [-2.76519, -0.12471, -1.42601]
						},
						"0.3333": {
							"vector": [-1.99484, -0.0441, -0.41857]
						},
						"0.4583": {
							"vector": [-0.48093, -0.82827, -2.57049]
						},
						"0.5417": {
							"vector": [0, 0, 0]
						}
					},
					"position": {
						"0.0": {
							"vector": [0, 0, 0]
						},
						"0.0417": {
							"vector": [0, 0, 4.25]
						},
						"0.2083": {
							"vector": [0.15, -0.075, 2.255]
						},
						"0.3333": {
							"vector": [0.3, -0.22, 2.66]
						},
						"0.5417": {
							"vector": [0, 0, 0]
						}
					}
				}
			}
		},
		"animation.model.reload": {
			"animation_length": 2.3833,
			"bones": {
				"main": {
					"rotation": {
						"0.0": {
							"vector": [0, 0, 0]
						},
						"0.2167": {
							"vector": [-2.82845, -3.14202, -11.53827]
						},
						"0.3": {
							"vector": [-6.1257, -3.02931, -21.44076],
							"easing": "linear"
						},
						"0.4167": {
							"vector": [-8.99714, -2.88714, -18.93428],
							"easing": "linear"
						},
						"0.5": {
							"vector": [-8.56216, -3.74773, -26.14959]
						},
						"0.6667": {
							"vector": [-8.93449, -3.57494, -20.09324]
						},
						"0.8333": {
							"vector": [-8.23835, -5.39519, -30.46877],
							"easing": "linear"
						},
						"1.0833": {
							"vector": [-8.4224, -4.29086, -28.09539],
							"easing": "linear"
						},
						"1.2167": {
							"vector": [-7.70135, -5.48509, -36.54201],
							"easing": "linear"
						},
						"1.3": {
							"vector": [-6.11762, -4.35841, -32.12568],
							"easing": "linear"
						},
						"1.4667": {
							"vector": [-5.32391, -3.82513, -33.76028]
						},
						"1.6667": {
							"vector": [0, 0, -5.25],
							"easing": "linear"
						},
						"1.8": {
							"vector": [0, 0, 1.13]
						},
						"1.8833": {
							"vector": [0, 0, 0],
							"easing": "linear"
						},
						"2.0": {
							"vector": [0.92743, -1.54165, 2.47437]
						},
						"2.1667": {
							"vector": [0, 0, 0]
						}
					},
					"position": {
						"0.0": {
							"vector": [0, 0, 0]
						},
						"0.1333": {
							"vector": [0.355, -0.42, -4.425]
						},
						"0.3833": {
							"vector": [-0.35, -1.75, 0.05],
							"easing": "linear"
						},
						"0.5833": {
							"vector": [-0.15, -0.6, 1],
							"easing": "linear"
						},
						"0.6667": {
							"vector": [-0.52, -1.72, 0.475]
						},
						"0.8333": {
							"vector": [-0.85, -2.275, 1],
							"easing": "linear"
						},
						"1.0833": {
							"vector": [-0.65, -1.475, 1],
							"easing": "linear"
						},
						"1.2167": {
							"vector": [-1.35, -0.225, 0.525],
							"easing": "linear"
						},
						"1.3333": {
							"vector": [-1.575, -2.1, -1.075],
							"easing": "linear"
						},
						"1.6333": {
							"vector": [0, -1.3, -3.4],
							"easing": "linear"
						},
						"1.7167": {
							"vector": [0, -0.425, -2.45],
							"easing": "linear"
						},
						"1.8": {
							"vector": [0, 0, 0],
							"easing": "linear"
						},
						"2.0": {
							"vector": [0, 0, 0.45]
						},
						"2.1333": {
							"vector": [0, 0, 0]
						}
					}
				},
				"chamber": {
					"rotation": {
						"0.6333": {
							"vector": [0, 0, 0]
						},
						"1.3333": {
							"vector": [0, 0, 0],
							"easing": "linear"
						},
						"1.7167": {
							"vector": [0, 0, 0]
						},
						"2.2": {
							"vector": [0, 0, 180],
							"easing": "easeOutQuint"
						},
						"2.2167": {
							"vector": [0, 0, 0],
							"easing": "step",
							"easingArgs": [2]
						}
					},
					"position": {
						"0.6333": {
							"vector": [0, 0, 0]
						},
						"0.8333": {
							"vector": [-1.4977, -23.01142, 1.24502]
						},
						"1.05": {
							"vector": [-1.4977, -23.01142, 1.24502]
						},
						"1.3333": {
							"vector": [0.98481, -0.17365, 0],
							"easing": "linear"
						},
						"1.4667": {
							"vector": [-0.00481, 0.00365, 0]
						}
					}
				},
				"leftarm": {
					"rotation": {
						"0.2167": {
							"vector": [0, 0, 0]
						},
						"0.4667": {
							"vector": [-5.72437, -17.01644, -27.95078]
						},
						"0.6333": {
							"vector": [-5.72437, -17.01644, -27.95078]
						},
						"1.3333": {
							"vector": [-5.72437, -17.01644, -27.95078],
							"easing": "linear"
						},
						"1.5": {
							"vector": [-5.72437, -17.01644, -27.95078]
						},
						"1.55": {
							"vector": [-5.72437, -17.01644, -27.95078]
						},
						"1.6667": {
							"vector": [-3.69861, -33.52876, -50.5289]
						},
						"1.7167": {
							"vector": [-3.69861, -33.52876, -50.5289]
						},
						"1.8": {
							"vector": [1.66, -41.95, -66.84],
							"easing": "easeInQuad"
						},
						"1.9167": {
							"vector": [11.19018, -56.92971, -95.83714],
							"easing": "easeOutQuad"
						},
						"1.9667": {
							"vector": [11.19018, -56.92971, -95.83714],
							"easing": "easeInQuad"
						},
						"2.0833": {
							"vector": [8.95, -45.54, -66.67]
						},
						"2.2667": {
							"vector": [0, 0, 0]
						}
					},
					"position": {
						"0.2167": {
							"vector": [0, 0, 0]
						},
						"0.4667": {
							"vector": [12.18092, -0.02382, 23.90867]
						},
						"0.6333": {
							"vector": [12.18092, -0.02382, 23.90867]
						},
						"0.8333": {
							"vector": [10.68987, -22.9885, 25.65311]
						},
						"1.05": {
							"vector": [10.68987, -22.9885, 25.65311]
						},
						"1.3333": {
							"vector": [13.16573, -0.19747, 23.90867],
							"easing": "linear"
						},
						"1.4667": {
							"vector": [12.18519, -0.02635, 23.91]
						},
						"1.5": {
							"vector": [12.18519, -0.02635, 23.91]
						},
						"1.55": {
							"vector": [12.18519, -0.02635, 23.91]
						},
						"1.6667": {
							"vector": [15.12, 5.98, 19.94]
						},
						"1.7167": {
							"vector": [15.12, 5.98, 19.94]
						},
						"1.8": {
							"vector": [16.3, 1.42, 19.99],
							"easing": "easeInQuad"
						},
						"1.9167": {
							"vector": [18.4, -6.68, 20.08],
							"easing": "easeOutQuad"
						},
						"1.9667": {
							"vector": [18.4, -6.68, 20.08],
							"easing": "easeInQuad"
						},
						"2.0833": {
							"vector": [14.72, -5.34, 16.06]
						},
						"2.2667": {
							"vector": [0, 0, 0]
						}
					}
				}
			},
			"sound_effects": {
				"0.0": {
					"effect": "foley_start"
				},
				"0.6333": {
					"effect": "mgl_open"
				},
				"1.2167": {
					"effect": "mgl_close"
				},
				"1.3833": {
					"effect": "foley_end"
				},
				"1.7333": {
					"effect": "click"
				},
				"1.75": {
					"effect": "click"
				},
				"1.7833": {
					"effect": "click"
				},
				"1.8167": {
					"effect": "click"
				},
				"1.8667": {
					"effect": "click"
				},
				"1.9333": {
					"effect": "click"
				}
			}
		}
	},
	"geckolib_format_version": 2
}