{
	"format_version": "1.8.0",
	"animations": {
		"animation.model.fire": {
			"loop": true,
			"animation_length": 0.4333,
			"bones": {
				"main": {
					"rotation": {
						"0.0": {
							"vector": [0, 0, 0]
						},
						"0.0667": {
							"vector": [0.12, -0.08, -0.5]
						},
						"0.1": {
							"vector": [0.13, -0.03, -0.8]
						},
						"0.2": {
							"vector": [0, 0.01681, 0.6]
						},
						"0.2667": {
							"vector": [0, 0.00851, -0.25]
						},
						"0.3667": {
							"vector": [0, 0.0036, 0.11]
						},
						"0.4333": {
							"vector": [0, 0, 0]
						}
					}
				},
				"magflap": {
					"rotation": {
						"0.0": {
							"vector": [0, 0, 0]
						},
						"0.0333": {
							"vector": [0, 0, -15]
						},
						"0.1": {
							"vector": [0, 0, 0]
						},
						"0.1667": {
							"vector": [0, 0, -10]
						},
						"0.2333": {
							"vector": [0, 0, 0]
						},
						"0.3": {
							"vector": [0, 0, -5]
						},
						"0.3667": {
							"vector": [0, 0, 0]
						}
					}
				},
				"handle": {
					"rotation": {
						"0.0": {
							"vector": [0, 0, 0]
						},
						"0.0667": {
							"vector": [0, 0, -5]
						},
						"0.1667": {
							"vector": [0, 0, 0]
						},
						"0.2333": {
							"vector": [0, 0, -2.5]
						},
						"0.3333": {
							"vector": [0, 0, 0]
						}
					}
				},
				"flap": {
					"rotation": {
						"0.0": {
							"vector": [0, 0, 0]
						},
						"0.0333": {
							"vector": [0, 0, -35]
						},
						"0.1333": {
							"vector": [0, 0, 0]
						},
						"0.2": {
							"vector": [0, 0, -15]
						},
						"0.2667": {
							"vector": [0, 0, 0]
						},
						"0.3333": {
							"vector": [0, 0, -5]
						},
						"0.4": {
							"vector": [0, 0, 0]
						}
					}
				},
				"bolt": {
					"position": {
						"0.0": {
							"vector": [0, 0, 0]
						},
						"0.0333": {
							"vector": [0, 0, 19]
						},
						"0.1": {
							"vector": [0, 0, 0]
						}
					}
				},
				"link1": {
					"position": {
						"0.0": {
							"vector": [0, 0, 0]
						},
						"0.0333": {
							"vector": [0.14262, 1.10087, 0.00077]
						},
						"0.1": {
							"vector": [1.02224, 1.58588, 0.00306]
						},
						"0.1333": {
							"vector": [0, 0, 0],
							"easing": "step",
							"easingArgs": [2]
						}
					}
				},
				"link2": {
					"position": {
						"0.0": {
							"vector": [0, 0, 0]
						},
						"0.0333": {
							"vector": [0.42891, -0.67043, -0.00033]
						},
						"0.0667": {
							"vector": [0.71, -0.77, 0]
						},
						"0.1": {
							"vector": [0.98245, -1.26384, -0.00338]
						},
						"0.1333": {
							"vector": [0, 0, 0],
							"easing": "step",
							"easingArgs": [2]
						}
					}
				},
				"link3": {
					"position": {
						"0.0": {
							"vector": [0, 0, 0]
						},
						"0.0667": {
							"vector": [-0.36, 0.64, 0]
						},
						"0.1": {
							"vector": [-0.24299, 0.50344, 0.00127]
						},
						"0.1333": {
							"vector": [0, 0, 0],
							"easing": "step",
							"easingArgs": [2]
						}
					}
				},
				"link4": {
					"position": {
						"0.0": {
							"vector": [0, 0, 0]
						},
						"0.0667": {
							"vector": [-0.76, 0.61, 0]
						},
						"0.1": {
							"vector": [-0.83945, 0.76179, 0.00217]
						},
						"0.1333": {
							"vector": [0, 0, 0],
							"easing": "step",
							"easingArgs": [2]
						}
					}
				},
				"link5": {
					"position": {
						"0.0": {
							"vector": [0, 0, 0]
						},
						"0.0667": {
							"vector": [-0.23, -0.1, 0]
						},
						"0.1": {
							"vector": [-0.50001, 0.00087, 0.00006]
						},
						"0.1333": {
							"vector": [0, 0, 0],
							"easing": "step",
							"easingArgs": [2]
						}
					}
				},
				"link6": {
					"position": {
						"0.0": {
							"vector": [0, 0, 0]
						},
						"0.0667": {
							"vector": [-0.07, -0.1, 0]
						},
						"0.1": {
							"vector": [-0.24998, 0.00349, 0.00014]
						},
						"0.1333": {
							"vector": [0, 0, 0],
							"easing": "step",
							"easingArgs": [2]
						}
					}
				},
				"link7": {
					"position": {
						"0.0": {
							"vector": [0, 0, 0]
						},
						"0.0667": {
							"vector": [0.03, -0.1, 0]
						},
						"0.1": {
							"vector": [-0.09999, 0.0014, 0.00006]
						},
						"0.1333": {
							"vector": [0, 0, 0],
							"easing": "step",
							"easingArgs": [2]
						}
					}
				},
				"link8": {
					"position": {
						"0.0": {
							"vector": [0, 0, 0]
						},
						"0.0667": {
							"vector": [0.3, -0.34, 0]
						},
						"0.1": {
							"vector": [0.29508, -0.35415, -0.00096]
						},
						"0.1333": {
							"vector": [0, 0, 0],
							"easing": "step",
							"easingArgs": [2]
						}
					}
				},
				"link9": {
					"position": {
						"0.0": {
							"vector": [0, 0, 0]
						},
						"0.0333": {
							"vector": [0.69, -0.44175, -0.00028]
						},
						"0.1": {
							"vector": [0.88176, -1.31243, -0.00344]
						},
						"0.1333": {
							"vector": [0, 0, 0],
							"easing": "step",
							"easingArgs": [2]
						}
					}
				}
			}
		},
		"animation.model.draw": {
			"loop": true,
			"animation_length": 0.9333,
			"bones": {
				"main": {
					"rotation": {
						"0.0": {
							"vector": [32.09413, -54.38778, -8.29667]
						},
						"0.3667": {
							"vector": [1.77698, -9.99529, -4.30852]
						},
						"0.5667": {
							"vector": [0.58201, -1.04064, 2.6563]
						},
						"0.6667": {
							"vector": [0.33587, 0.38756, -0.40013]
						},
						"0.7667": {
							"vector": [0, 0, 0]
						}
					},
					"position": {
						"0.0": {
							"vector": [0, -17.3, 0]
						},
						"0.2": {
							"vector": [0, -7.41, -4.07]
						},
						"0.3667": {
							"vector": [-0.4, -1.2, -2.75]
						},
						"0.5": {
							"vector": [0.4, 0, -1.9]
						},
						"0.6667": {
							"vector": [0, 0, 0]
						}
					}
				},
				"handle": {
					"rotation": {
						"0.2667": {
							"vector": [0, 0, -55]
						},
						"0.3667": {
							"vector": [0, 0, -41.25]
						},
						"0.5": {
							"vector": [0, 0, 0]
						},
						"0.5667": {
							"vector": [0, 0, -10]
						},
						"0.6667": {
							"vector": [0, 0, 0]
						},
						"0.7333": {
							"vector": [0, 0, -2.5]
						},
						"0.8333": {
							"vector": [0, 0, 0]
						}
					}
				},
				"bipod": {
					"rotation": {
						"0.4": {
							"vector": [0, 0, 0]
						},
						"0.4333": {
							"vector": [0, 0, "math.sin(query.anim_time * 2160) * 3"]
						},
						"0.9333": {
							"vector": [0, 0, 0]
						}
					}
				},
				"leftarm": {
					"rotation": {
						"0.0": {
							"vector": [-28.75334, -40.28781, 24.62692]
						},
						"0.2667": {
							"vector": [-15, 0, 0]
						},
						"0.5": {
							"vector": [1, 0, -22]
						},
						"0.5667": {
							"vector": [0, 0, 0]
						}
					},
					"position": {
						"0.0": {
							"vector": [-3.25524, 10.83401, -16.84482]
						},
						"0.2667": {
							"vector": [-1.71837, 25.71595, -9.42004]
						},
						"0.5": {
							"vector": [3.53901, 3.6754, 5.59783]
						},
						"0.5667": {
							"vector": [0, 0, 0]
						}
					}
				}
			},
			"sound_effects": {
				"0.0667": {
					"effect": "draw"
				}
			}
		},
		"animation.model.inspect": {
			"loop": true,
			"animation_length": 3.7,
			"bones": {
				"main": {
					"rotation": {
						"0.0": {
							"vector": [0, 0, 0]
						},
						"0.1667": {
							"vector": [-8.41746, -13.59608, -21.21259]
						},
						"0.3": {
							"vector": [-8.39812, -20.10111, -31.77688]
						},
						"0.4333": {
							"vector": [-9.55676, -20.88889, -28.55629]
						},
						"0.5333": {
							"vector": [-8.77652, -21.21647, -30.72851]
						},
						"0.7667": {
							"vector": [-9.4227, -20.94881, -28.93303]
						},
						"1.0": {
							"vector": [-3.1216, -20.98207, -46.44405]
						},
						"1.1333": {
							"vector": [-4.564, -20.73064, -42.44007]
						},
						"1.2333": {
							"vector": [-4.86325, -20.9153, -41.60203]
						},
						"1.3333": {
							"vector": [-4.58308, -20.97575, -42.38574]
						},
						"1.4667": {
							"vector": [-4.01131, -21.08802, -43.97908]
						},
						"1.6": {
							"vector": [-4.38767, -21.01662, -42.9316]
						},
						"1.7": {
							"vector": [-4.18847, -21.05622, -43.48691]
						},
						"2.0333": {
							"vector": [-16.91438, 5.38499, 54.40399]
						},
						"2.1667": {
							"vector": [-15.22513, 5.80082, 60.04554]
						},
						"2.3": {
							"vector": [-15.70981, 5.86025, 59.48558]
						},
						"2.4333": {
							"vector": [-15.93602, 7.03904, 62.69373]
						},
						"2.5667": {
							"vector": [-15.60896, 7.75082, 65.23442]
						},
						"2.7333": {
							"vector": [-15.71675, 7.52491, 64.42194]
						},
						"2.9": {
							"vector": [-15.56389, 7.84019, 65.55973]
						},
						"3.1": {
							"vector": [-15.61778, 7.73186, 65.16659]
						},
						"3.2667": {
							"vector": [-15.9801, 6.93689, 62.33342]
						},
						"3.4": {
							"vector": [-8.86998, 2.42135, 33.56191]
						},
						"3.5333": {
							"vector": [0, -1.75, -2.75]
						},
						"3.7": {
							"vector": [0, 0, 0]
						}
					},
					"position": {
						"0.0": {
							"vector": [0, 0, 0]
						},
						"0.3": {
							"vector": [-0.475, 1.475, -8.7]
						},
						"0.4": {
							"vector": [-0.195, 1, -7.7]
						},
						"0.5333": {
							"vector": [-0.03, 0.725, -7.7]
						},
						"0.7": {
							"vector": [0, 1.125, -7.7]
						},
						"0.9": {
							"vector": [0.125, 1.4, -8.275]
						},
						"1.2": {
							"vector": [-0.02, 1.475, -8]
						},
						"1.4": {
							"vector": [0.11, 1.425, -8.175]
						},
						"1.6667": {
							"vector": [0.275, 1.25, -7.975]
						},
						"1.8": {
							"vector": [-0.13, -1.19, -8.65]
						},
						"1.9667": {
							"vector": [-0.545, -1.325, -11.15]
						},
						"2.1333": {
							"vector": [-0.415, -1.395, -10.545]
						},
						"2.2667": {
							"vector": [-0.525, -1.455, -9.17]
						},
						"2.4": {
							"vector": [-0.49, -1.43, -9.85]
						},
						"2.5667": {
							"vector": [-0.455, -1.5, -9.24]
						},
						"2.7667": {
							"vector": [-0.53, -1.5, -9.27]
						},
						"3.0": {
							"vector": [-0.49, -1.41, -9.3]
						},
						"3.2333": {
							"vector": [-0.545, -1.325, -9.325]
						},
						"3.3667": {
							"vector": [-1.005, -0.61, -7.41]
						},
						"3.6333": {
							"vector": [0, 0, 0]
						}
					}
				},
				"handle": {
					"rotation": {
						"2.2667": {
							"vector": [0, 0, 0]
						},
						"2.3": {
							"vector": [0, 0, -28.75]
						},
						"2.4": {
							"vector": [0, 0, -62.5]
						},
						"2.6": {
							"vector": [0, 0, 0]
						},
						"2.6667": {
							"vector": [0, 0, -8.08]
						},
						"2.7667": {
							"vector": [0, 0, 0]
						},
						"3.5333": {
							"vector": [0, 0, 0]
						}
					}
				},
				"leftarm": {
					"rotation": {
						"0.0": {
							"vector": [0, 0, 0]
						},
						"0.1667": {
							"vector": [0.54134, -8.8511, 5.32464]
						},
						"0.7667": {
							"vector": [0.54134, -8.8511, 5.32464]
						},
						"1.0": {
							"vector": [-2.49009, -19.65792, 18.81073]
						},
						"1.7333": {
							"vector": [-2.49009, -19.65792, 18.81073]
						},
						"1.9333": {
							"vector": [-2.49009, -19.65792, 18.81073]
						},
						"2.2667": {
							"vector": [5, 0, -45]
						},
						"2.3667": {
							"vector": [4.91002, -10.61795, -44.68834]
						},
						"2.4667": {
							"vector": [4.94423, -7.49707, -44.78287]
						},
						"2.5667": {
							"vector": [3.71, -5.62, -33.59]
						},
						"2.7667": {
							"vector": [0, 0, 0]
						}
					},
					"position": {
						"0.0": {
							"vector": [0, 0, 0]
						},
						"0.1667": {
							"vector": [0.11425, -17.80528, 1.76702]
						},
						"0.7667": {
							"vector": [0.11425, -17.80528, 1.76702]
						},
						"1.0": {
							"vector": [0.11425, -17.80528, 1.76702]
						},
						"1.7333": {
							"vector": [0.11425, -17.80528, 1.76702]
						},
						"1.9333": {
							"vector": [0.11425, -17.80528, 1.76702]
						},
						"2.0333": {
							"vector": [6.26, -3.57, 12.3]
						},
						"2.2667": {
							"vector": [1.8456, 20.01883, -3.16183]
						},
						"2.3667": {
							"vector": [1.06, 23.27, -3.14]
						},
						"2.4667": {
							"vector": [0.79286, 24.35315, -3.13107]
						},
						"2.5667": {
							"vector": [0.59, 18.26, -2.35]
						},
						"2.7667": {
							"vector": [0, 0, 0]
						}
					}
				}
			},
			"sound_effects": {
				"0.0": {
					"effect": "inspect_up"
				},
				"0.8": {
					"effect": "inspect_foley"
				},
				"1.3667": {
					"effect": "inspect_turn"
				},
				"3.2667": {
					"effect": "inspect_down"
				}
			}
		},
		"animation.model.reload": {
			"loop": true,
			"animation_length": 4.0333,
			"bones": {
				"main": {
					"rotation": {
						"0.0": {
							"vector": [0, 0, 0]
						},
						"0.3": {
							"vector": [1.97424, -3.09275, 6.47736]
						},
						"0.5333": {
							"vector": [2.64643, -2.2359, 2.46716]
						},
						"0.6667": {
							"vector": [2.64643, -2.2359, 3.21716]
						},
						"0.9333": {
							"vector": [0.89, -1.6, 0.63]
						},
						"1.0667": {
							"vector": [0.89, -1.6, 0.63]
						},
						"1.2": {
							"vector": [0.89, -1.6, 0.63]
						},
						"1.3": {
							"vector": [0.00372, -1.49575, -1.82882]
						},
						"1.5333": {
							"vector": [0.89681, -2.15954, -3.21574]
						},
						"1.6333": {
							"vector": [0.89681, -2.15954, -1.96574]
						},
						"1.7333": {
							"vector": [0.97165, -2.12693, -4.71688]
						},
						"2.1": {
							"vector": [0.93437, -2.14356, -2.71632]
						},
						"2.3": {
							"vector": [0.76103, -2.4566, 1.53293]
						},
						"2.4667": {
							"vector": [0.83995, -2.18227, -0.21484]
						},
						"2.7": {
							"vector": [0.83042, -2.18592, 0.03532]
						},
						"2.8667": {
							"vector": [1.65974, -3.11075, 2.73816]
						},
						"3.0": {
							"vector": [2.69134, -2.91578, 1.96825]
						},
						"3.1667": {
							"vector": [2.64782, -2.47478, 3.24157]
						},
						"3.2667": {
							"vector": [0.52793, -2.27792, 6.79067]
						},
						"3.5": {
							"vector": [0.52793, -2.27792, 6.79067]
						},
						"3.7": {
							"vector": [0.45217, -2.05456, 4.16116]
						},
						"3.9": {
							"vector": [0.08477, -0.11872, -1.23195]
						},
						"4.0333": {
							"vector": [0, 0, 0]
						}
					},
					"position": {
						"0.0": {
							"vector": [0, 0, 0]
						},
						"0.1": {
							"vector": [-0.83, -4.11, -6.315]
						},
						"0.2667": {
							"vector": [-2.125, -6.575, 1.075]
						},
						"0.4": {
							"vector": [-2.195, -7.755, 2.155]
						},
						"0.8333": {
							"vector": [-2.57, -7.68, 0.66]
						},
						"1.2333": {
							"vector": [-2.325, -5.98, -1.12]
						},
						"1.5667": {
							"vector": [-2.555, -5.98, -1.675]
						},
						"1.7667": {
							"vector": [-2.325, -5.98, -1.12]
						},
						"1.9333": {
							"vector": [-2.385, -5.98, -1.12]
						},
						"2.3": {
							"vector": [-2.935, -5.98, -1.25]
						},
						"2.5": {
							"vector": [-2.83, -5.98, -1.25]
						},
						"2.7667": {
							"vector": [-2.83, -6.855, -1.025]
						},
						"2.9667": {
							"vector": [-2.195, -8.53, 2.155]
						},
						"3.1667": {
							"vector": [-2.5, -9.05, 2.35]
						},
						"3.4": {
							"vector": [-2.635, -7.98, -0.97]
						},
						"3.5": {
							"vector": [-2.63, -7.98, -0.545]
						},
						"3.7667": {
							"vector": [-0.5, -1.79, -3.895]
						},
						"3.8667": {
							"vector": [0, 0, 0.45]
						},
						"3.9667": {
							"vector": [0, 0, 0]
						}
					}
				},
				"magazine": {
					"rotation": {
						"0.6": {
							"vector": [0, 0, 0]
						},
						"0.7": {
							"vector": [-0.59545, -2.58109, -12.2038]
						},
						"1.5": {
							"vector": [-0.59545, -2.58109, -12.2038]
						},
						"1.6": {
							"vector": [0, 0, 1]
						},
						"1.6667": {
							"vector": [0, 0, 0]
						}
					},
					"position": {
						"0.6": {
							"vector": [0, 0, 0]
						},
						"0.7": {
							"vector": [5, -4.5, 0]
						},
						"0.8": {
							"vector": [10, -12.5, 0]
						},
						"0.9333": {
							"vector": [18, -26.5, 0]
						},
						"1.2": {
							"vector": [18, -26.5, 0]
						},
						"1.3333": {
							"vector": [10, -12.5, 0]
						},
						"1.4333": {
							"vector": [5, -4.5, 0]
						},
						"1.5": {
							"vector": [3.75, -0.5, 0]
						},
						"1.6": {
							"vector": [0.2, 0, 0]
						},
						"1.6667": {
							"vector": [0, 0, 0]
						}
					}
				},
				"handle": {
					"rotation": {
						"0.3333": {
							"vector": [0, 0, 0]
						},
						"0.4": {
							"vector": [0, 0, -5]
						},
						"0.5": {
							"vector": [0, 0, 0]
						},
						"0.5667": {
							"vector": [0, 0, -2.5]
						},
						"0.6667": {
							"vector": [0, 0, 0]
						},
						"1.4667": {
							"vector": [0, 0, 0]
						},
						"1.5333": {
							"vector": [0, 0, -2.5]
						},
						"1.6333": {
							"vector": [0, 0, 0]
						},
						"3.1": {
							"vector": [0, 0, 0]
						},
						"3.1667": {
							"vector": [0, 0, -5]
						},
						"3.2667": {
							"vector": [0, 0, 0]
						},
						"3.3333": {
							"vector": [0, 0, -2.5]
						},
						"3.4333": {
							"vector": [0, 0, 0]
						}
					}
				},
				"cover": {
					"rotation": {
						"0.1667": {
							"vector": [0, 0, 0]
						},
						"0.3667": {
							"vector": [100, 0, 0]
						},
						"0.4": {
							"vector": [107.5, 0, 0]
						},
						"0.4667": {
							"vector": [100, 0, 0]
						},
						"2.9333": {
							"vector": [100, 0, 0]
						},
						"3.1333": {
							"vector": [0, 0, 0]
						}
					}
				},
				"rightarm": {
					"rotation": {
						"1.9": {
							"vector": [0, 0, 0]
						},
						"2.2": {
							"vector": [-10.24901, 7.33388, 39.06339]
						},
						"2.2333": {
							"vector": [-10.24901, 7.33388, 39.06339]
						},
						"2.4667": {
							"vector": [-14.7965, 1.3341, 39.70268]
						},
						"2.5333": {
							"vector": [-12.60233, 0.61303, 51.38775]
						},
						"2.6333": {
							"vector": [-13.93303, 4.25166, 63.50716]
						},
						"2.7667": {
							"vector": [-12.60233, 0.61303, 51.38775]
						},
						"2.9333": {
							"vector": [-17.44373, -7.43687, 14.03146]
						},
						"3.1333": {
							"vector": [-39.47101, -1.18566, 25.28472]
						},
						"3.2667": {
							"vector": [-16.19309, 4.29338, 10.92181]
						},
						"3.4667": {
							"vector": [0, 0, 0]
						}
					},
					"position": {
						"1.9": {
							"vector": [0, 0, 0]
						},
						"2.1": {
							"vector": [-13.43, 5.14, -10.14]
						},
						"2.2": {
							"vector": [-20, 9, -23]
						},
						"2.2333": {
							"vector": [-20, 9, -23]
						},
						"2.3667": {
							"vector": [-15.43, 15, -23]
						},
						"2.4667": {
							"vector": [-12, 16, -23]
						},
						"2.5333": {
							"vector": [-12, 19, -23]
						},
						"2.6333": {
							"vector": [-11, 20.25, -23]
						},
						"2.7667": {
							"vector": [-12, 19, -23]
						},
						"2.9333": {
							"vector": [-11, 20, -33]
						},
						"3.0333": {
							"vector": [-11.5, 14, -26.5]
						},
						"3.1333": {
							"vector": [-12, 4, -20]
						},
						"3.2667": {
							"vector": [-7.3144, 1.5428, -8.81325]
						},
						"3.4667": {
							"vector": [0, 0, 0]
						}
					}
				},
				"leftarm": {
					"rotation": {
						"0.0": {
							"vector": [0, 0, 0]
						},
						"0.0667": {
							"vector": [-0.43972, -25.77359, -15.42596]
						},
						"0.1667": {
							"vector": [0.54042, -73.30007, -65.89956]
						},
						"0.3667": {
							"vector": [-19.05308, -29.3758, 2.57645]
						},
						"0.6": {
							"vector": [0, 0, 0]
						},
						"0.7": {
							"vector": [2.58714, -0.48358, -10.1706]
						},
						"1.5": {
							"vector": [2.58714, -0.48358, -10.1706]
						},
						"1.6": {
							"vector": [-0.16115, 0.19134, 1.51008]
						},
						"1.6667": {
							"vector": [0, 0, 0]
						},
						"1.8667": {
							"vector": [1.04769, -63.30041, 1.09992]
						},
						"3.5667": {
							"vector": [1.04769, -63.30041, 1.09992]
						},
						"3.7667": {
							"vector": [0, 0, 0]
						}
					},
					"position": {
						"0.0": {
							"vector": [0, 0, 0]
						},
						"0.0667": {
							"vector": [1.82, 5.5, -1.63]
						},
						"0.1667": {
							"vector": [7.28078, 17.98962, -14.52523]
						},
						"0.3667": {
							"vector": [-0.72, 21.99, -16.53]
						},
						"0.6": {
							"vector": [0, 0, 0]
						},
						"0.7": {
							"vector": [4, -1, 0]
						},
						"0.8": {
							"vector": [9, -9, 0]
						},
						"0.9333": {
							"vector": [17, -23, 0]
						},
						"1.2": {
							"vector": [17, -23, 0]
						},
						"1.3333": {
							"vector": [9, -9, 0]
						},
						"1.4333": {
							"vector": [4, -1, 0]
						},
						"1.5": {
							"vector": [2.75, 3, 0]
						},
						"1.6": {
							"vector": [1.67, 0, 0]
						},
						"1.6667": {
							"vector": [1.47, 0, 0]
						},
						"1.8667": {
							"vector": [-7.72, -7.01, -10.53]
						},
						"3.5667": {
							"vector": [-7.72, -7.01, -10.53]
						},
						"3.7667": {
							"vector": [0, 0, 0]
						}
					}
				},
				"link3": {
					"position": {
						"0.9333": {
							"vector": [0, 0, 0]
						},
						"1.2": {
							"vector": [0, 0, 0]
						},
						"1.2333": {
							"vector": [-0.04224, -0.19545, 0.00394]
						},
						"2.2333": {
							"vector": [-0.04224, -0.19545, 0.00394]
						},
						"2.4667": {
							"vector": [0, 0, 0]
						}
					}
				},
				"link4": {
					"position": {
						"0.7667": {
							"vector": [0, 0, 0]
						},
						"0.8333": {
							"vector": [-0.12671, -0.58635, 0.01181]
						},
						"0.9333": {
							"vector": [0, 0, 0]
						},
						"1.2": {
							"vector": [0, 0, 0]
						},
						"1.2333": {
							"vector": [-0.2164, -0.05536, 0.01033]
						},
						"2.2333": {
							"vector": [-0.2164, -0.05536, 0.01033]
						},
						"2.4667": {
							"vector": [0, 0, 0]
						}
					}
				},
				"link5": {
					"position": {
						"0.7": {
							"vector": [0, 0, 0]
						},
						"0.7667": {
							"vector": [0.42485, -0.39909, -0.01501]
						},
						"0.8333": {
							"vector": [0.60734, -0.95218, -0.02271]
						},
						"0.9333": {
							"vector": [0.42485, -0.39909, -0.01501]
						},
						"1.2": {
							"vector": [0.42485, -0.39909, -0.01501]
						},
						"1.2333": {
							"vector": [0.39888, -0.49773, -0.01803]
						},
						"2.2333": {
							"vector": [0.39888, -0.49773, -0.01803]
						},
						"2.3": {
							"vector": [0.42485, -0.39909, -0.01501]
						},
						"2.4667": {
							"vector": [0, 0, 0]
						}
					}
				},
				"link6": {
					"position": {
						"0.7": {
							"vector": [0, 0, 0]
						},
						"0.7667": {
							"vector": [-0.33516, -0.1319, 0.01648]
						},
						"0.8333": {
							"vector": [-0.24236, -0.15118, 0.01582]
						},
						"0.9333": {
							"vector": [-0.33516, -0.1319, 0.01648]
						},
						"1.2": {
							"vector": [-0.33516, -0.1319, 0.01648]
						},
						"1.2333": {
							"vector": [-0.9892, -0.29607, 0.05099]
						},
						"2.2333": {
							"vector": [-0.9892, -0.29607, 0.05099]
						},
						"2.3": {
							"vector": [-0.33516, -0.1319, 0.01648]
						},
						"2.3667": {
							"vector": [-0.24236, -0.15118, 0.01582]
						},
						"2.4667": {
							"vector": [0, 0, 0]
						}
					}
				},
				"link7": {
					"position": {
						"0.7": {
							"vector": [0, 0, 0]
						},
						"0.7667": {
							"vector": [-0.53044, -0.08953, 0.02484]
						},
						"0.8333": {
							"vector": [-1.10268, -0.37498, 0.04878]
						},
						"0.9333": {
							"vector": [-0.53044, -0.08953, 0.02484]
						},
						"1.2": {
							"vector": [-0.53044, -0.08953, 0.02484]
						},
						"1.2333": {
							"vector": [-1.67535, -0.65996, 0.07756]
						},
						"2.2333": {
							"vector": [-1.67535, -0.65996, 0.07756]
						},
						"2.3": {
							"vector": [-0.53044, -0.08953, 0.02484]
						},
						"2.3667": {
							"vector": [-0.53044, -0.08953, 0.02484]
						},
						"2.4667": {
							"vector": [0, 0, 0]
						}
					}
				},
				"link8": {
					"position": {
						"0.7": {
							"vector": [0, 0, 0]
						},
						"0.7667": {
							"vector": [-0.541, -0.13839, 0.02583]
						},
						"0.9333": {
							"vector": [-0.541, -0.13839, 0.02583]
						},
						"1.2": {
							"vector": [-0.541, -0.13839, 0.02583]
						},
						"1.2333": {
							"vector": [-1.77777, -1.61067, 0.10108]
						},
						"2.2333": {
							"vector": [-1.77777, -1.61067, 0.10108]
						},
						"2.3667": {
							"vector": [-0.541, -0.13839, 0.02583]
						},
						"2.4667": {
							"vector": [0, 0, 0]
						}
					}
				},
				"link9": {
					"position": {
						"0.6": {
							"vector": [0, 0, 0]
						},
						"0.6333": {
							"vector": [-0.31934, 0.09775, 0.00368]
						},
						"0.7": {
							"vector": [-0.20187, 0.24841, 0.00652]
						},
						"0.7667": {
							"vector": [-0.75156, 0.06274, 0.03681]
						},
						"0.9333": {
							"vector": [-0.75156, 0.06274, 0.03681]
						},
						"1.2": {
							"vector": [-0.75156, 0.06274, 0.03681]
						},
						"1.2333": {
							"vector": [-2.03795, -2.11593, 0.12068]
						},
						"2.2333": {
							"vector": [-2.03795, -2.11593, 0.12068]
						},
						"2.3333": {
							"vector": [-0.75156, 0.06274, 0.03681]
						},
						"2.4": {
							"vector": [-0.75156, 0.06274, 0.03681]
						},
						"2.4667": {
							"vector": [0, 0, 0]
						}
					}
				},
				"link10": {
					"position": {
						"0.6": {
							"vector": [0, 0, 0]
						},
						"0.6333": {
							"vector": [-0.35198, 1.63722, 0.00503]
						},
						"0.7": {
							"vector": [-1.28773, 1.60936, 0.04133]
						},
						"0.7667": {
							"vector": [-2.07907, 1.26966, 0.07911]
						},
						"0.9333": {
							"vector": [-2.07907, 1.26966, 0.07911]
						},
						"1.2": {
							"vector": [-2.07907, 1.26966, 0.07911]
						},
						"1.2333": {
							"vector": [-2.68446, -1.05422, 0.13141]
						},
						"2.2333": {
							"vector": [-2.68446, -1.05422, 0.13141]
						},
						"2.3333": {
							"vector": [-2.07907, 1.26966, 0.07911]
						},
						"2.4667": {
							"vector": [-1, 0, 0]
						},
						"2.5333": {
							"vector": [-1, 0, 0]
						},
						"2.6333": {
							"vector": [0, 0, 0]
						}
					}
				},
				"link11": {
					"position": {
						"0.6": {
							"vector": [0, 0, 0]
						},
						"0.6333": {
							"vector": [0.14903, -0.08372, 0.0058]
						},
						"0.6667": {
							"vector": [-1.01602, 1.7787, 0.02323]
						},
						"0.7": {
							"vector": [-0.91034, 1.93671, 0.02091]
						},
						"0.7667": {
							"vector": [-2.34827, 1.43359, 0.0901]
						},
						"0.8333": {
							"vector": [-1.7008, 1.59607, 0.05901]
						},
						"0.9333": {
							"vector": [-2.34827, 1.43359, 0.0901]
						},
						"1.2": {
							"vector": [-2.34827, 1.43359, 0.0901]
						},
						"1.2333": {
							"vector": [-2.7803, -1.03431, 0.13501]
						},
						"2.2333": {
							"vector": [-2.7803, -1.03431, 0.13501]
						},
						"2.3333": {
							"vector": [-1.7008, 1.59607, 0.05901]
						},
						"2.4667": {
							"vector": [0, 0, 0]
						}
					}
				},
				"link12": {
					"position": {
						"0.6": {
							"vector": [0, 0, 0]
						},
						"0.6333": {
							"vector": [0.0993, -0.12663, -0.00273]
						},
						"0.6667": {
							"vector": [-0.15039, 0.60368, 0.00647]
						},
						"0.7": {
							"vector": [-0.73617, 1.79662, 0.01452]
						},
						"0.7667": {
							"vector": [-1.58448, 1.67629, 0.04936]
						},
						"0.8333": {
							"vector": [-1.69876, 1.60346, 0.05615]
						},
						"0.9333": {
							"vector": [-2.54772, 1.47605, 0.09486]
						},
						"1.2": {
							"vector": [-2.54772, 1.47605, 0.09486]
						},
						"1.2333": {
							"vector": [-2.70849, -1.14558, 0.12443]
						},
						"2.2333": {
							"vector": [-2.70849, -1.14558, 0.12443]
						},
						"2.3667": {
							"vector": [0, 0, 0]
						}
					}
				}
			},
			"sound_effects": {
				"0.0333": {
					"effect": "lmg_coverup"
				},
				"0.0667": {
					"effect": "lmg_magout"
				},
				"1.1": {
					"effect": "lmg_magin"
				},
				"2.2": {
					"effect": "lmg_bulletchain"
				},
				"2.9667": {
					"effect": "lmg_coverdown"
				},
				"3.5": {
					"effect": "foley_end"
				}
			}
		},
		"animation.model.reloadempty": {
			"loop": true,
			"animation_length": 4.4667,
			"bones": {
				"main": {
					"rotation": {
						"0.0": {
							"vector": [0, 0, 0]
						},
						"0.3": {
							"vector": [1.97424, -3.09275, 6.47736]
						},
						"0.5333": {
							"vector": [2.64643, -2.2359, 2.46716]
						},
						"0.6667": {
							"vector": [2.64643, -2.2359, 3.21716]
						},
						"0.9333": {
							"vector": [0.89, -1.6, 0.63]
						},
						"1.0667": {
							"vector": [0.89, -1.6, 0.63]
						},
						"1.2": {
							"vector": [0.89, -1.6, 0.63]
						},
						"1.3": {
							"vector": [0.00372, -1.49575, -1.82882]
						},
						"1.5333": {
							"vector": [0.89681, -2.15954, -3.21574]
						},
						"1.6333": {
							"vector": [0.89681, -2.15954, -1.96574]
						},
						"1.7333": {
							"vector": [0.97165, -2.12693, -4.71688]
						},
						"2.1": {
							"vector": [0.93437, -2.14356, -2.71632]
						},
						"2.3": {
							"vector": [0.76103, -2.4566, 1.53293]
						},
						"2.4667": {
							"vector": [0.83995, -2.18227, -0.21484]
						},
						"2.7": {
							"vector": [0.83042, -2.18592, 0.03532]
						},
						"2.8667": {
							"vector": [1.65974, -3.11075, 2.73816]
						},
						"3.0": {
							"vector": [2.69134, -2.91578, 1.96825]
						},
						"3.1667": {
							"vector": [2.64782, -2.47478, 3.24157]
						},
						"3.2667": {
							"vector": [0.52793, -2.27792, 6.79067]
						},
						"3.5": {
							"vector": [0.52793, -2.27792, 6.79067]
						},
						"3.6667": {
							"vector": [0.49805, -2.28464, 7.54123]
						},
						"3.8": {
							"vector": [0.39787, -2.30419, 10.04316]
						},
						"4.0": {
							"vector": [0.51968, -2.20994, 8.70164]
						},
						"4.1333": {
							"vector": [0.45217, -2.05456, 4.16116]
						},
						"4.3333": {
							"vector": [0.08477, -0.11872, -1.23195]
						},
						"4.4667": {
							"vector": [0, 0, 0]
						}
					},
					"position": {
						"0.0": {
							"vector": [0, 0, 0]
						},
						"0.1": {
							"vector": [-0.83, -4.11, -6.315]
						},
						"0.2667": {
							"vector": [-2.125, -6.575, 1.075]
						},
						"0.4": {
							"vector": [-2.195, -7.755, 2.155]
						},
						"0.8333": {
							"vector": [-2.57, -7.68, 0.66]
						},
						"1.2333": {
							"vector": [-2.325, -5.98, -1.12]
						},
						"1.5667": {
							"vector": [-2.555, -5.98, -1.675]
						},
						"1.7667": {
							"vector": [-2.325, -5.98, -1.12]
						},
						"1.9333": {
							"vector": [-2.385, -5.98, -1.12]
						},
						"2.3": {
							"vector": [-2.935, -5.98, -1.25]
						},
						"2.5": {
							"vector": [-2.83, -5.98, -1.25]
						},
						"2.7667": {
							"vector": [-2.83, -6.855, -1.025]
						},
						"2.9667": {
							"vector": [-2.195, -8.53, 2.155]
						},
						"3.1667": {
							"vector": [-2.5, -9.05, 2.35]
						},
						"3.4": {
							"vector": [-2.635, -7.98, -0.97]
						},
						"3.5": {
							"vector": [-2.63, -7.98, -0.545]
						},
						"3.7": {
							"vector": [-2.53, -7.98, 0.315]
						},
						"3.8333": {
							"vector": [-2.53, -7.98, -0.33]
						},
						"3.9667": {
							"vector": [-2.605, -7.98, -1.53]
						},
						"4.2": {
							"vector": [-0.5, -1.79, -3.895]
						},
						"4.3": {
							"vector": [0, 0, 0.45]
						},
						"4.4": {
							"vector": [0, 0, 0]
						}
					}
				},
				"magazine": {
					"rotation": {
						"0.6": {
							"vector": [0, 0, 0]
						},
						"0.7": {
							"vector": [-0.59545, -2.58109, -12.2038]
						},
						"1.5": {
							"vector": [-0.59545, -2.58109, -12.2038]
						},
						"1.6": {
							"vector": [0, 0, 1]
						},
						"1.6667": {
							"vector": [0, 0, 0]
						}
					},
					"position": {
						"0.6": {
							"vector": [0, 0, 0]
						},
						"0.7": {
							"vector": [5, -4.5, 0]
						},
						"0.8": {
							"vector": [10, -12.5, 0]
						},
						"0.9333": {
							"vector": [18, -26.5, 0]
						},
						"1.2": {
							"vector": [18, -26.5, 0]
						},
						"1.3333": {
							"vector": [10, -12.5, 0]
						},
						"1.4333": {
							"vector": [5, -4.5, 0]
						},
						"1.5": {
							"vector": [3.75, -0.5, 0]
						},
						"1.6": {
							"vector": [0.2, 0, 0]
						},
						"1.6667": {
							"vector": [0, 0, 0]
						}
					}
				},
				"handle": {
					"rotation": {
						"0.3333": {
							"vector": [0, 0, 0]
						},
						"0.4": {
							"vector": [0, 0, -5]
						},
						"0.5": {
							"vector": [0, 0, 0]
						},
						"0.5667": {
							"vector": [0, 0, -2.5]
						},
						"0.6667": {
							"vector": [0, 0, 0]
						},
						"1.4667": {
							"vector": [0, 0, 0]
						},
						"1.5333": {
							"vector": [0, 0, -2.5]
						},
						"1.6333": {
							"vector": [0, 0, 0]
						},
						"3.1": {
							"vector": [0, 0, 0]
						},
						"3.1667": {
							"vector": [0, 0, -5]
						},
						"3.2667": {
							"vector": [0, 0, 0]
						},
						"3.3333": {
							"vector": [0, 0, -2.5]
						},
						"3.4333": {
							"vector": [0, 0, 0]
						}
					}
				},
				"bolt": {
					"position": {
						"3.3333": {
							"vector": [0, 0, 0]
						},
						"3.5": {
							"vector": [0, 0, 19],
							"easing": "easeInSine"
						},
						"3.5667": {
							"vector": [0, 0, 19]
						},
						"3.7667": {
							"vector": [0, 0, 0],
							"easing": "easeInSine"
						}
					}
				},
				"cover": {
					"rotation": {
						"0.1667": {
							"vector": [0, 0, 0]
						},
						"0.3667": {
							"vector": [100, 0, 0]
						},
						"0.4": {
							"vector": [107.5, 0, 0]
						},
						"0.4667": {
							"vector": [100, 0, 0]
						},
						"2.9333": {
							"vector": [100, 0, 0]
						},
						"3.1333": {
							"vector": [0, 0, 0]
						}
					}
				},
				"rightarm": {
					"rotation": {
						"1.9": {
							"vector": [0, 0, 0]
						},
						"2.2": {
							"vector": [-10.24901, 7.33388, 39.06339]
						},
						"2.2333": {
							"vector": [-10.24901, 7.33388, 39.06339]
						},
						"2.4667": {
							"vector": [-14.7965, 1.3341, 39.70268]
						},
						"2.5333": {
							"vector": [-12.60233, 0.61303, 51.38775]
						},
						"2.6333": {
							"vector": [-13.93303, 4.25166, 63.50716]
						},
						"2.7667": {
							"vector": [-12.60233, 0.61303, 51.38775]
						},
						"2.9333": {
							"vector": [-17.44373, -7.43687, 14.03146]
						},
						"3.1333": {
							"vector": [-39.47101, -1.18566, 25.28472]
						},
						"3.2667": {
							"vector": [-27.65962, 8.99478, 13.57278]
						},
						"3.3333": {
							"vector": [-27.65962, 8.99478, 13.57278]
						},
						"3.7667": {
							"vector": [-27.65962, 8.99478, 13.57278]
						},
						"3.9333": {
							"vector": [-8.84446, 4.89945, 5.46086]
						},
						"4.1": {
							"vector": [0, 0, 0]
						}
					},
					"position": {
						"1.9": {
							"vector": [0, 0, 0]
						},
						"2.1": {
							"vector": [-13.43, 5.14, -10.14]
						},
						"2.2": {
							"vector": [-20, 9, -23]
						},
						"2.2333": {
							"vector": [-20, 9, -23]
						},
						"2.3667": {
							"vector": [-15.43, 15, -23]
						},
						"2.4667": {
							"vector": [-12, 16, -23]
						},
						"2.5333": {
							"vector": [-12, 19, -23]
						},
						"2.6333": {
							"vector": [-11, 20.25, -23]
						},
						"2.7667": {
							"vector": [-12, 19, -23]
						},
						"2.9333": {
							"vector": [-11, 20, -33]
						},
						"3.0333": {
							"vector": [-11.5, 14, -26.5]
						},
						"3.1333": {
							"vector": [-12, 4, -20]
						},
						"3.2667": {
							"vector": [-7.36, -2.71, -18.03]
						},
						"3.3333": {
							"vector": [-7.36, -2.71, -18.03]
						},
						"3.5": {
							"vector": [-7.36, -2.71, 0.97],
							"easing": "easeInSine"
						},
						"3.5667": {
							"vector": [-7.36, -2.71, 0.97]
						},
						"3.7667": {
							"vector": [-7.36, -2.71, -17.53],
							"easing": "easeInSine"
						},
						"3.9333": {
							"vector": [-4.68, -1.36, -4.77]
						},
						"4.1": {
							"vector": [0, 0, 0]
						}
					}
				},
				"leftarm": {
					"rotation": {
						"0.0": {
							"vector": [0, 0, 0]
						},
						"0.0667": {
							"vector": [-0.43972, -25.77359, -15.42596]
						},
						"0.1667": {
							"vector": [0.54042, -73.30007, -65.89956]
						},
						"0.3667": {
							"vector": [-19.05308, -29.3758, 2.57645]
						},
						"0.6": {
							"vector": [0, 0, 0]
						},
						"0.7": {
							"vector": [2.58714, -0.48358, -10.1706]
						},
						"1.5": {
							"vector": [2.58714, -0.48358, -10.1706]
						},
						"1.6": {
							"vector": [-0.16115, 0.19134, 1.51008]
						},
						"1.6667": {
							"vector": [0, 0, 0]
						},
						"1.8667": {
							"vector": [1.04769, -63.30041, 1.09992]
						},
						"4.1333": {
							"vector": [1.04769, -63.30041, 1.09992]
						},
						"4.3333": {
							"vector": [0, 0, 0]
						}
					},
					"position": {
						"0.0": {
							"vector": [0, 0, 0]
						},
						"0.0667": {
							"vector": [1.82, 5.5, -1.63]
						},
						"0.1667": {
							"vector": [7.28078, 17.98962, -14.52523]
						},
						"0.3667": {
							"vector": [-0.72, 21.99, -16.53]
						},
						"0.6": {
							"vector": [0, 0, 0]
						},
						"0.7": {
							"vector": [4, -1, 0]
						},
						"0.8": {
							"vector": [9, -9, 0]
						},
						"0.9333": {
							"vector": [17, -23, 0]
						},
						"1.2": {
							"vector": [17, -23, 0]
						},
						"1.3333": {
							"vector": [9, -9, 0]
						},
						"1.4333": {
							"vector": [4, -1, 0]
						},
						"1.5": {
							"vector": [2.75, 3, 0]
						},
						"1.6": {
							"vector": [1.67, 0, 0]
						},
						"1.6667": {
							"vector": [1.47, 0, 0]
						},
						"1.8667": {
							"vector": [-7.72, -7.01, -10.53]
						},
						"4.1333": {
							"vector": [-7.72, -7.01, -10.53]
						},
						"4.3333": {
							"vector": [0, 0, 0]
						}
					}
				},
				"link3": {
					"position": {
						"0.9333": {
							"vector": [0, 0, 0]
						},
						"1.2": {
							"vector": [0, 0, 0]
						},
						"1.2333": {
							"vector": [-0.04224, -0.19545, 0.00394]
						},
						"2.2333": {
							"vector": [-0.04224, -0.19545, 0.00394]
						},
						"2.4667": {
							"vector": [0, 0, 0]
						}
					}
				},
				"link4": {
					"position": {
						"0.7667": {
							"vector": [0, 0, 0]
						},
						"0.8333": {
							"vector": [-0.12671, -0.58635, 0.01181]
						},
						"0.9333": {
							"vector": [0, 0, 0]
						},
						"1.2": {
							"vector": [0, 0, 0]
						},
						"1.2333": {
							"vector": [-0.2164, -0.05536, 0.01033]
						},
						"2.2333": {
							"vector": [-0.2164, -0.05536, 0.01033]
						},
						"2.4667": {
							"vector": [0, 0, 0]
						}
					}
				},
				"link5": {
					"position": {
						"0.7": {
							"vector": [0, 0, 0]
						},
						"0.7667": {
							"vector": [0.42485, -0.39909, -0.01501]
						},
						"0.8333": {
							"vector": [0.60734, -0.95218, -0.02271]
						},
						"0.9333": {
							"vector": [0.42485, -0.39909, -0.01501]
						},
						"1.2": {
							"vector": [0.42485, -0.39909, -0.01501]
						},
						"1.2333": {
							"vector": [0.39888, -0.49773, -0.01803]
						},
						"2.2333": {
							"vector": [0.39888, -0.49773, -0.01803]
						},
						"2.3": {
							"vector": [0.42485, -0.39909, -0.01501]
						},
						"2.4667": {
							"vector": [0, 0, 0]
						}
					}
				},
				"link6": {
					"position": {
						"0.7": {
							"vector": [0, 0, 0]
						},
						"0.7667": {
							"vector": [-0.33516, -0.1319, 0.01648]
						},
						"0.8333": {
							"vector": [-0.24236, -0.15118, 0.01582]
						},
						"0.9333": {
							"vector": [-0.33516, -0.1319, 0.01648]
						},
						"1.2": {
							"vector": [-0.33516, -0.1319, 0.01648]
						},
						"1.2333": {
							"vector": [-0.9892, -0.29607, 0.05099]
						},
						"2.2333": {
							"vector": [-0.9892, -0.29607, 0.05099]
						},
						"2.3": {
							"vector": [-0.33516, -0.1319, 0.01648]
						},
						"2.3667": {
							"vector": [-0.24236, -0.15118, 0.01582]
						},
						"2.4667": {
							"vector": [0, 0, 0]
						}
					}
				},
				"link7": {
					"position": {
						"0.7": {
							"vector": [0, 0, 0]
						},
						"0.7667": {
							"vector": [-0.53044, -0.08953, 0.02484]
						},
						"0.8333": {
							"vector": [-1.10268, -0.37498, 0.04878]
						},
						"0.9333": {
							"vector": [-0.53044, -0.08953, 0.02484]
						},
						"1.2": {
							"vector": [-0.53044, -0.08953, 0.02484]
						},
						"1.2333": {
							"vector": [-1.67535, -0.65996, 0.07756]
						},
						"2.2333": {
							"vector": [-1.67535, -0.65996, 0.07756]
						},
						"2.3": {
							"vector": [-0.53044, -0.08953, 0.02484]
						},
						"2.3667": {
							"vector": [-0.53044, -0.08953, 0.02484]
						},
						"2.4667": {
							"vector": [0, 0, 0]
						}
					}
				},
				"link8": {
					"position": {
						"0.7": {
							"vector": [0, 0, 0]
						},
						"0.7667": {
							"vector": [-0.541, -0.13839, 0.02583]
						},
						"0.9333": {
							"vector": [-0.541, -0.13839, 0.02583]
						},
						"1.2": {
							"vector": [-0.541, -0.13839, 0.02583]
						},
						"1.2333": {
							"vector": [-1.77777, -1.61067, 0.10108]
						},
						"2.2333": {
							"vector": [-1.77777, -1.61067, 0.10108]
						},
						"2.3667": {
							"vector": [-0.541, -0.13839, 0.02583]
						},
						"2.4667": {
							"vector": [0, 0, 0]
						}
					}
				},
				"link9": {
					"position": {
						"0.6": {
							"vector": [0, 0, 0]
						},
						"0.6333": {
							"vector": [-0.31934, 0.09775, 0.00368]
						},
						"0.7": {
							"vector": [-0.20187, 0.24841, 0.00652]
						},
						"0.7667": {
							"vector": [-0.75156, 0.06274, 0.03681]
						},
						"0.9333": {
							"vector": [-0.75156, 0.06274, 0.03681]
						},
						"1.2": {
							"vector": [-0.75156, 0.06274, 0.03681]
						},
						"1.2333": {
							"vector": [-2.03795, -2.11593, 0.12068]
						},
						"2.2333": {
							"vector": [-2.03795, -2.11593, 0.12068]
						},
						"2.3333": {
							"vector": [-0.75156, 0.06274, 0.03681]
						},
						"2.4": {
							"vector": [-0.75156, 0.06274, 0.03681]
						},
						"2.4667": {
							"vector": [0, 0, 0]
						}
					}
				},
				"link10": {
					"position": {
						"0.6": {
							"vector": [0, 0, 0]
						},
						"0.6333": {
							"vector": [-0.35198, 1.63722, 0.00503]
						},
						"0.7": {
							"vector": [-1.28773, 1.60936, 0.04133]
						},
						"0.7667": {
							"vector": [-2.07907, 1.26966, 0.07911]
						},
						"0.9333": {
							"vector": [-2.07907, 1.26966, 0.07911]
						},
						"1.2": {
							"vector": [-2.07907, 1.26966, 0.07911]
						},
						"1.2333": {
							"vector": [-2.68446, -1.05422, 0.13141]
						},
						"2.2333": {
							"vector": [-2.68446, -1.05422, 0.13141]
						},
						"2.3333": {
							"vector": [-2.07907, 1.26966, 0.07911]
						},
						"2.4667": {
							"vector": [-1, 0, 0]
						},
						"2.5333": {
							"vector": [-1, 0, 0]
						},
						"2.6333": {
							"vector": [0, 0, 0]
						}
					}
				},
				"link11": {
					"position": {
						"0.6": {
							"vector": [0, 0, 0]
						},
						"0.6333": {
							"vector": [0.14903, -0.08372, 0.0058]
						},
						"0.6667": {
							"vector": [-1.01602, 1.7787, 0.02323]
						},
						"0.7": {
							"vector": [-0.91034, 1.93671, 0.02091]
						},
						"0.7667": {
							"vector": [-2.34827, 1.43359, 0.0901]
						},
						"0.8333": {
							"vector": [-1.7008, 1.59607, 0.05901]
						},
						"0.9333": {
							"vector": [-2.34827, 1.43359, 0.0901]
						},
						"1.2": {
							"vector": [-2.34827, 1.43359, 0.0901]
						},
						"1.2333": {
							"vector": [-2.7803, -1.03431, 0.13501]
						},
						"2.2333": {
							"vector": [-2.7803, -1.03431, 0.13501]
						},
						"2.3333": {
							"vector": [-1.7008, 1.59607, 0.05901]
						},
						"2.4667": {
							"vector": [0, 0, 0]
						}
					}
				},
				"link12": {
					"position": {
						"0.6": {
							"vector": [0, 0, 0]
						},
						"0.6333": {
							"vector": [0.0993, -0.12663, -0.00273]
						},
						"0.6667": {
							"vector": [-0.15039, 0.60368, 0.00647]
						},
						"0.7": {
							"vector": [-0.73617, 1.79662, 0.01452]
						},
						"0.7667": {
							"vector": [-1.58448, 1.67629, 0.04936]
						},
						"0.8333": {
							"vector": [-1.69876, 1.60346, 0.05615]
						},
						"0.9333": {
							"vector": [-2.54772, 1.47605, 0.09486]
						},
						"1.2": {
							"vector": [-2.54772, 1.47605, 0.09486]
						},
						"1.2333": {
							"vector": [-2.70849, -1.14558, 0.12443]
						},
						"2.2333": {
							"vector": [-2.70849, -1.14558, 0.12443]
						},
						"2.3667": {
							"vector": [0, 0, 0]
						}
					}
				},
				"link1": {
					"position": {
						"1.1333": {
							"vector": [-2.44186, -16.8534, -0.01208]
						},
						"1.1667": {
							"vector": [0, 0, 0]
						}
					}
				}
			},
			"sound_effects": {
				"0.0333": {
					"effect": "lmg_coverup"
				},
				"0.0667": {
					"effect": "lmg_magout"
				},
				"1.1": {
					"effect": "lmg_magin"
				},
				"2.1": {
					"effect": "lmg_bulletchain"
				},
				"2.9667": {
					"effect": "lmg_coverdown"
				},
				"3.3": {
					"effect": "m4_actionback"
				},
				"3.3333": {
					"effect": "m4_actionforward"
				},
				"3.9": {
					"effect": "foley_end"
				}
			}
		}
	},
	"geckolib_format_version": 2
}