{
	"format_version": "1.8.0",
	"animations": {
		"animation.model.reload": {
			"loop": true,
			"animation_length": 1.7,
			"bones": {
				"main": {
					"rotation": {
						"0.0": {
							"vector": [0, 0, 0]
						},
						"0.1333": {
							"vector": [-5.21485, -2.95862, -15.29475]
						},
						"0.2": {
							"vector": [-5.32661, -2.7519, -13.05148]
						},
						"0.3": {
							"vector": [-6.02889, 0.16976, 5.24751]
						},
						"0.4": {
							"vector": [-6.12801, -1.35275, -6.40702]
						},
						"0.5333": {
							"vector": [-6.1187, -0.02873, -0.95691]
						},
						"0.6667": {
							"vector": [-5.5641, -3.67217, -16.73407]
						},
						"0.8": {
							"vector": [-7.69146, -9.02012, -38.24515]
						},
						"0.9333": {
							"vector": [-6.9176, -9.62441, -43.01967]
						},
						"1.0667": {
							"vector": [-7.61249, -9.0867, -38.74695]
						},
						"1.1667": {
							"vector": [-5.08218, -9.77905, -49.45405]
						},
						"1.2667": {
							"vector": [-6.08303, -9.67451, -43.52433]
						},
						"1.3667": {
							"vector": [-2.99846, -5.05599, -28.55349]
						},
						"1.5333": {
							"vector": [1.57141, -1.85374, -1.9128],
							"easing": "easeOutSine"
						},
						"1.6167": {
							"vector": [0.27288, -0.37236, 1.59554],
							"easing": "linear"
						},
						"1.7": {
							"vector": [0, 0, 0],
							"easing": "linear"
						}
					},
					"position": {
						"0.0": {
							"vector": [0, 0, 0]
						},
						"0.0667": {
							"vector": [-0.575, 0, 0]
						},
						"0.1667": {
							"vector": [-0.38, 0.875, 0.35]
						},
						"0.3": {
							"vector": [-0.705, -3.5, -0.675]
						},
						"0.4667": {
							"vector": [-1.475, -2.42, -1.475],
							"easing": "easeInSine"
						},
						"0.7": {
							"vector": [-1.55, -1.545, -4.25]
						},
						"0.8667": {
							"vector": [-1.525, -0.55, -3.025]
						},
						"0.9667": {
							"vector": [-1.525, -0.45, -2.3]
						},
						"1.1": {
							"vector": [-1.475, -0.2, -1.3]
						},
						"1.2": {
							"vector": [-2.125, 0.925, -0.775]
						},
						"1.3": {
							"vector": [-1.35, -0.225, -1.025]
						},
						"1.4167": {
							"vector": [0.02894, -1.60775, -6.90297]
						},
						"1.5": {
							"vector": [0.05077, -1.45863, -3.79557],
							"easing": "linear"
						},
						"1.6167": {
							"vector": [-0.01391, -0.26895, -0.26276]
						},
						"1.7": {
							"vector": [0, 0, 0],
							"easing": "linear"
						}
					}
				},
				"magazine": {
					"rotation": {
						"0.0": {
							"vector": [0, 0, 0]
						},
						"0.2333": {
							"vector": [0, 0, 0]
						},
						"0.6667": {
							"vector": [0, 0, 0]
						},
						"0.8": {
							"vector": [-8.5, -2, 1.25]
						},
						"0.9": {
							"vector": [-8.44764, 1.25068, -0.24794]
						},
						"0.9667": {
							"vector": [0.10142, 1.24766, 2.00259]
						},
						"1.0333": {
							"vector": [0, 0, -0.75]
						},
						"1.1": {
							"vector": [0, 0, 0]
						}
					},
					"position": {
						"0.0": {
							"vector": [0, 0, 0]
						},
						"0.2333": {
							"vector": [0, 0, 0]
						},
						"0.3333": {
							"vector": [0, -23, 0]
						},
						"0.6667": {
							"vector": [0, -23, 0]
						},
						"0.8": {
							"vector": [0.725, -7.55, -1.9]
						},
						"0.9": {
							"vector": [0.125, -7.605, -2.075]
						},
						"0.9667": {
							"vector": [-0.645, -7.1, 0]
						},
						"1.0333": {
							"vector": [0, -6.025, 0]
						},
						"1.1": {
							"vector": [0, 0, 0]
						}
					}
				},
				"bolt": {
					"position": {
						"vector": [0, 0, 7.6]
					}
				},
				"action": {
					"rotation": {
						"vector": [0, 0, 0]
					},
					"position": {
						"vector": [0, 0, 0]
					}
				},
				"leftarm": {
					"rotation": {
						"0.0": {
							"vector": [0, 0, 0]
						},
						"0.0667": {
							"vector": [-19.45644, -5.86858, 7.49224]
						},
						"0.1333": {
							"vector": [-19.1063, -9.63723, 4.18713]
						},
						"0.2333": {
							"vector": [-15.03103, -13.37925, 0.82083]
						},
						"0.3333": {
							"vector": [43.07804, 15.85303, 7.64839]
						},
						"0.8333": {
							"vector": [9.84584, 4.15599, 15.03241]
						},
						"0.9": {
							"vector": [9.77665, 5.80251, 14.43551]
						},
						"0.9667": {
							"vector": [6.77665, 5.80251, 14.43551]
						},
						"1.0333": {
							"vector": [6.85598, 4.18921, 15.11822]
						},
						"1.1": {
							"vector": [0.91192, 3.09309, 15.72168]
						},
						"1.2333": {
							"vector": [0.91192, 3.09309, 15.72168]
						},
						"1.3667": {
							"vector": [-3.00825, -1.87831, 5.87206]
						},
						"1.5333": {
							"vector": [0, 0, 0]
						}
					},
					"position": {
						"0.0": {
							"vector": [0, 0, 0]
						},
						"0.0667": {
							"vector": [0, -8.975, 1.45]
						},
						"0.1333": {
							"vector": [0, -9.975, 4.45]
						},
						"0.2333": {
							"vector": [-0.575, -9.975, 6.425]
						},
						"0.3333": {
							"vector": [-0.58, -9.97, 13.38]
						},
						"0.7": {
							"vector": [-6.055, -20.32, 16.98]
						},
						"0.8333": {
							"vector": [-3.435, -16.77, 14.98]
						},
						"0.9": {
							"vector": [-3.78, -16.42, 14.23]
						},
						"0.9667": {
							"vector": [-3.805, -17.595, 14.755]
						},
						"1.0333": {
							"vector": [-3.9, -16.575, 14.76]
						},
						"1.1": {
							"vector": [-3.9, -13.175, 14.76]
						},
						"1.2333": {
							"vector": [-3.9, -13.175, 14.76]
						},
						"1.3667": {
							"vector": [3.98, -15.045, 8.2]
						},
						"1.5333": {
							"vector": [0, 0, 0]
						}
					}
				},
				"_camera_": {
					"rotation": {
						"0.0": {
							"vector": [0, 0, 0]
						},
						"0.2167": {
							"vector": [1.2566, 1.23888, 0.51628],
							"easing": "linear"
						},
						"0.45": {
							"vector": [4.50662, 1.49352, 0.39843],
							"easing": "easeOutSine"
						},
						"0.8667": {
							"vector": [3.26887, 0.07099, -0.55578],
							"easing": "easeOutSine"
						},
						"1.1667": {
							"vector": [2.76973, -0.48523, 0.41407],
							"easing": "linear"
						},
						"1.6667": {
							"vector": [0, 0, 0],
							"easing": "easeOutSine"
						}
					}
				}
			},
			"sound_effects": {
				"0.1667": {
					"effect": "m4_magout"
				},
				"0.3667": {
					"effect": "foley_start"
				},
				"0.8333": {
					"effect": "m4_magin"
				},
				"1.1667": {
					"effect": "foley_end"
				}
			}
		},
		"animation.model.reloadempty": {
			"loop": true,
			"animation_length": 2.2,
			"bones": {
				"main": {
					"rotation": {
						"0.0": {
							"vector": [0, 0, 0]
						},
						"0.2": {
							"vector": [-5.21485, -2.95862, -15.29475]
						},
						"0.2667": {
							"vector": [-5.32661, -2.7519, -13.05148]
						},
						"0.3667": {
							"vector": [-6.02889, 0.16976, 5.24751]
						},
						"0.4667": {
							"vector": [-6.12801, -1.35275, -6.40702]
						},
						"0.6": {
							"vector": [-6.1187, -0.02873, -0.95691]
						},
						"0.7667": {
							"vector": [-5.5641, -3.67217, -16.73407],
							"easing": "linear"
						},
						"0.8667": {
							"vector": [-7.88595, -7.55317, -28.24841]
						},
						"1.0": {
							"vector": [-8.4828, -8.28104, -32.98754]
						},
						"1.1333": {
							"vector": [-9.07014, -7.63227, -28.74648]
						},
						"1.2333": {
							"vector": [-6.70888, -8.74921, -39.37529]
						},
						"1.3333": {
							"vector": [-6.67274, -8.47385, -33.47033]
						},
						"1.4667": {
							"vector": [-5.86289, -2.40977, -11.40369]
						},
						"1.5667": {
							"vector": [-4.2087, -2.63592, -10.37925]
						},
						"1.6333": {
							"vector": [-4.58987, -3.21883, -6.56827]
						},
						"1.7": {
							"vector": [-4.11046, -4.49378, -15.26629]
						},
						"1.8": {
							"vector": [-4.45759, -3.23557, -8.57663]
						},
						"1.9": {
							"vector": [-2.20403, -1.87632, -8.36146]
						},
						"2.0667": {
							"vector": [0.65978, 0.18913, -3.84963]
						},
						"2.2": {
							"vector": [0, 0, 0]
						}
					},
					"position": {
						"0.0": {
							"vector": [0, 0, 0]
						},
						"0.1333": {
							"vector": [-0.575, -0.225, 0]
						},
						"0.2333": {
							"vector": [-0.38, 0.875, 0.35]
						},
						"0.3667": {
							"vector": [-0.705, -3.5, -0.675]
						},
						"0.5333": {
							"vector": [-1.475, -2.42, -1.475],
							"easing": "easeInSine"
						},
						"0.6667": {
							"vector": [-0.705, -1.725, -1.575]
						},
						"0.8": {
							"vector": [-0.55, -1.27, -3.6]
						},
						"0.9333": {
							"vector": [-0.7, -0.55, -1.85]
						},
						"1.0333": {
							"vector": [-0.85, -0.45, -1.3]
						},
						"1.1": {
							"vector": [-1.025, -0.3, -1.3]
						},
						"1.2": {
							"vector": [-1.15, 0.125, -1.3]
						},
						"1.2667": {
							"vector": [-1.575, 0.5, -0.775]
						},
						"1.3667": {
							"vector": [-1.075, -0.55, -1.025]
						},
						"1.5": {
							"vector": [-0.18, -0.51, -0.98]
						},
						"1.6": {
							"vector": [-0.505, -0.985, -1.855]
						},
						"1.6333": {
							"vector": [-0.66, -0.96, -1.81]
						},
						"1.7": {
							"vector": [-2.04, -0.92, -1.73]
						},
						"1.8": {
							"vector": [-0.44, -0.85, -1.97]
						},
						"1.8667": {
							"vector": [-0.405, -0.81, -2.13]
						},
						"2.0": {
							"vector": [0.34, -0.865, -2.46]
						},
						"2.1333": {
							"vector": [0, 0, 0]
						}
					}
				},
				"bolt": {
					"position": {
						"vector": [0, 0, 7.6]
					}
				},
				"action": {
					"rotation": {
						"vector": [0, 0, 0]
					},
					"position": {
						"vector": [0, 0, 0]
					}
				},
				"leftarm": {
					"rotation": {
						"0.0": {
							"vector": [0, 0, 0]
						},
						"0.1333": {
							"vector": [-19.45644, -5.86858, 7.49224]
						},
						"0.2": {
							"vector": [-19.1063, -9.63723, 4.18713]
						},
						"0.3": {
							"vector": [-15.03103, -13.37925, 0.82083]
						},
						"0.4": {
							"vector": [43.07804, 15.85303, 7.64839]
						},
						"0.9": {
							"vector": [9.84584, 4.15599, 15.03241]
						},
						"0.9667": {
							"vector": [9.77665, 5.80251, 14.43551]
						},
						"1.0333": {
							"vector": [6.77665, 5.80251, 14.43551]
						},
						"1.1": {
							"vector": [6.85598, 4.18921, 15.11822]
						},
						"1.1667": {
							"vector": [0.91192, 3.09309, 15.72168]
						},
						"1.4": {
							"vector": [0.91192, 3.09309, 15.72168]
						},
						"1.5333": {
							"vector": [-50.65399, 0.98885, 28.17692]
						},
						"1.6333": {
							"vector": [-50.57817, 0.69189, 29.90321]
						},
						"1.6667": {
							"vector": [-60.86554, 0.6507, 22.89744]
						},
						"1.7333": {
							"vector": [-60.78398, 0.66605, 24.89904]
						},
						"1.8333": {
							"vector": [-60.78398, 0.66605, 24.89904]
						},
						"2.1": {
							"vector": [0, 0, 0]
						}
					},
					"position": {
						"0.0": {
							"vector": [0, 0, 0]
						},
						"0.1333": {
							"vector": [0, -8.975, 1.45]
						},
						"0.2": {
							"vector": [0, -9.975, 4.45]
						},
						"0.3": {
							"vector": [-0.575, -9.975, 6.425]
						},
						"0.4": {
							"vector": [-0.58, -9.97, 13.38]
						},
						"0.7667": {
							"vector": [-6.055, -20.32, 16.98]
						},
						"0.9": {
							"vector": [-3.435, -16.77, 14.98]
						},
						"0.9667": {
							"vector": [-3.78, -16.42, 14.23]
						},
						"1.0333": {
							"vector": [-3.805, -17.595, 14.755]
						},
						"1.1": {
							"vector": [-3.9, -16.575, 14.76]
						},
						"1.1667": {
							"vector": [-3.9, -13.175, 14.76]
						},
						"1.4": {
							"vector": [-3.9, -13.175, 14.76]
						},
						"1.5333": {
							"vector": [6.35, -13.675, -3.4]
						},
						"1.6333": {
							"vector": [6.35, -10, -3.4]
						},
						"1.6667": {
							"vector": [-2.35, -10.7, -3.4]
						},
						"1.7333": {
							"vector": [1.925, -10.7, -3.4]
						},
						"1.8333": {
							"vector": [1.925, -10.7, -3.4]
						},
						"1.9667": {
							"vector": [5.58, -7.25, -1.7]
						},
						"2.1": {
							"vector": [0, 0, 0]
						}
					}
				},
				"magazine": {
					"rotation": {
						"0.0": {
							"vector": [0, 0, 0]
						},
						"0.3": {
							"vector": [0, 0, 0]
						},
						"0.7333": {
							"vector": [0, 0, 0]
						},
						"0.8667": {
							"vector": [-8.5, -2, 1.25]
						},
						"0.9667": {
							"vector": [-8.44764, 1.25068, -0.24794]
						},
						"1.0333": {
							"vector": [0.10142, 1.24766, 2.00259]
						},
						"1.1": {
							"vector": [0, 0, -0.75]
						},
						"1.1667": {
							"vector": [0, 0, 0]
						}
					},
					"position": {
						"0.0": {
							"vector": [0, 0, 0]
						},
						"0.3": {
							"vector": [0, 0, 0]
						},
						"0.4": {
							"vector": [0, -23, 0]
						},
						"0.7333": {
							"vector": [0, -23, 0]
						},
						"0.8667": {
							"vector": [0.725, -7.55, -1.9]
						},
						"0.9667": {
							"vector": [0.125, -7.605, -2.075]
						},
						"1.0333": {
							"vector": [-0.645, -7.1, 0]
						},
						"1.1": {
							"vector": [0, -6.025, 0]
						},
						"1.1667": {
							"vector": [0, 0, 0]
						}
					}
				},
				"bullet": {
					"position": {
						"0.0": {
							"vector": [0, -1, 0]
						},
						"0.2": {
							"vector": [0, -1, 0]
						},
						"0.2333": {
							"vector": [0, 0, 0]
						}
					}
				},
				"magazine2": {
					"scale": {
						"vector": [0, 0, 0]
					}
				},
				"_camera_": {
					"rotation": {
						"0.0": {
							"vector": [0, 0, 0]
						},
						"0.3333": {
							"vector": [3.0066, 1.23888, 0.51628],
							"easing": "linear"
						},
						"0.5667": {
							"vector": [4.50662, 1.49352, 0.39843],
							"easing": "easeOutSine"
						},
						"1.3667": {
							"vector": [3.26887, 0.07099, -0.55578],
							"easing": "easeOutSine"
						},
						"1.6667": {
							"vector": [2.76973, -0.48523, 0.41407],
							"easing": "linear"
						},
						"2.1667": {
							"vector": [0, 0, 0],
							"easing": "easeOutSine"
						}
					}
				}
			},
			"sound_effects": {
				"0.0": {
					"effect": "inspect_up"
				},
				"0.2333": {
					"effect": "m4_magout"
				},
				"0.4333": {
					"effect": "foley_start"
				},
				"0.9": {
					"effect": "m4_magin"
				},
				"1.5667": {
					"effect": "foley_end"
				},
				"1.6333": {
					"effect": "m4_hit"
				}
			}
		},
		"animation.model.draw": {
			"loop": true,
			"animation_length": 1.2,
			"bones": {
				"main": {
					"rotation": {
						"0.0": {
							"vector": [-50.60123, -38.99394, 92.01937]
						},
						"0.1667": {
							"vector": [-3.27585, -3.91843, 52.5061],
							"easing": "easeOutSine"
						},
						"0.4333": {
							"vector": [1.57141, -1.85374, -1.9128],
							"easing": "easeOutSine"
						},
						"0.5167": {
							"vector": [0.27288, -0.37236, 1.59554],
							"easing": "linear"
						},
						"0.6": {
							"vector": [0, 0, 0],
							"easing": "linear"
						}
					},
					"position": {
						"0.0": {
							"vector": [0, -17.3, 0]
						},
						"0.1167": {
							"vector": [-0.03, -9.09, 0.045]
						},
						"0.3167": {
							"vector": [0.02894, -1.60775, -6.90297]
						},
						"0.4": {
							"vector": [0.05077, -1.45863, -3.79557],
							"easing": "linear"
						},
						"0.5167": {
							"vector": [-0.01391, -0.26895, -0.26276]
						},
						"0.6": {
							"vector": [0, 0, 0],
							"easing": "linear"
						}
					}
				},
				"leftarm": {
					"rotation": {
						"0.0": {
							"vector": [-22, 0, 0]
						},
						"0.1167": {
							"vector": [-7, 0, -22]
						},
						"0.3667": {
							"vector": [0, 0, 0]
						}
					},
					"position": {
						"0.0": {
							"vector": [3.325, -2.275, 0]
						},
						"0.1167": {
							"vector": [6.01401, 5.6254, 6.79783]
						},
						"0.3667": {
							"vector": [0, 0, 0]
						}
					}
				},
				"_camera_": {
					"rotation": {
						"0.0": {
							"vector": [0, 0, 0]
						},
						"0.1667": {
							"vector": [1.80315, -1.89688, -1.62846],
							"easing": "easeInOutSine"
						},
						"0.2833": {
							"vector": [1.24924, -0.00333, 0.0435]
						},
						"0.3833": {
							"vector": [0.44082, -0.01767, 1.01624]
						},
						"0.5167": {
							"vector": [0, 0, 0],
							"easing": "easeOutSine"
						}
					},
					"position": {
						"vector": [0, 0, 0]
					}
				}
			},
			"sound_effects": {
				"0.0": {
					"effect": "draw"
				}
			}
		},
		"animation.model.inspect": {
			"loop": true,
			"animation_length": 5.4833,
			"bones": {
				"main": {
					"rotation": {
						"0.0": {
							"vector": [0, 0, 0]
						},
						"0.35": {
							"vector": [-26.32055, -28.95323, -38.41824],
							"easing": "easeInOutQuad"
						},
						"0.45": {
							"vector": [-25.66239, -31.53589, -44.68762]
						},
						"0.5833": {
							"vector": [-29.3192, -30.58227, -40.03448]
						},
						"0.75": {
							"vector": [-27.10413, -31.89841, -42.85878]
						},
						"0.8833": {
							"vector": [-27.78689, -31.32225, -41.55621]
						},
						"1.0333": {
							"vector": [-27.51613, -31.5543, -42.0753]
						},
						"1.2333": {
							"vector": [-23.71064, -34.36823, -49.06156],
							"easing": "easeInOutSine"
						},
						"1.4": {
							"vector": [-21.1074, -35.89402, -53.58343],
							"easing": "easeOutSine"
						},
						"1.5667": {
							"vector": [-21.94193, -35.43536, -52.15215]
						},
						"1.7833": {
							"vector": [-20.76832, -36.0727, -54.16054]
						},
						"2.55": {
							"vector": [-23.3185, -35.45401, -49.81532]
						},
						"2.75": {
							"vector": [-51.25525, -13.69623, -15.09178]
						},
						"2.8833": {
							"vector": [-65.63972, 2.32296, -3.688]
						},
						"3.0667": {
							"vector": [-74.01117, 23.8148, -0.67983]
						},
						"3.2167": {
							"vector": [-79.3734, 25.56465, -3.9573]
						},
						"3.4333": {
							"vector": [-78.98912, 24.70845, -3.62085]
						},
						"3.6667": {
							"vector": [-78.89762, 23.48902, -2.80696]
						},
						"3.9167": {
							"vector": [-78.94097, 24.0015, -2.60182]
						},
						"4.2667": {
							"vector": [-78.95092, 23.9453, -3.0957]
						},
						"4.6667": {
							"vector": [-78.95092, 23.9453, -3.0957]
						},
						"5.05": {
							"vector": [-3.27585, -3.91843, 52.5061],
							"easing": "easeOutSine"
						},
						"5.3167": {
							"vector": [1.57141, -1.85374, -1.9128],
							"easing": "easeOutSine"
						},
						"5.4": {
							"vector": [0.27288, -0.37236, 1.59554],
							"easing": "linear"
						},
						"5.4833": {
							"vector": [0, 0, 0],
							"easing": "linear"
						}
					},
					"position": {
						"0.0": {
							"vector": [0, 0, 0]
						},
						"0.3": {
							"vector": [-4.15, 1.75, -15.475],
							"easing": "easeOutQuad"
						},
						"0.4": {
							"vector": [-4.15, -0.15, -14.6],
							"easing": "easeInOutSine"
						},
						"0.5167": {
							"vector": [-4.15, -0.925, -14.6],
							"easing": "linear"
						},
						"0.7": {
							"vector": [-4.2, -0.42, -14.6]
						},
						"0.9": {
							"vector": [-4.12, -0.57, -14.6]
						},
						"1.0667": {
							"vector": [-4.15, -0.47, -14.6]
						},
						"1.3": {
							"vector": [-4.15, -0.12, -14.825],
							"easing": "easeInOutQuad"
						},
						"1.5333": {
							"vector": [-4.2, -0.12, -15.04]
						},
						"1.7": {
							"vector": [-4.2, -0.02, -15.04]
						},
						"2.3": {
							"vector": [-4.2, -1.495, -15.04],
							"easing": "easeInOutSine"
						},
						"2.4333": {
							"vector": [-4.03, -1.67, -15.04]
						},
						"2.55": {
							"vector": [-3.7, 0.08, -15.04],
							"easing": "easeInSine"
						},
						"2.65": {
							"vector": [-0.18968, 5.0153, -18.15932]
						},
						"2.75": {
							"vector": [4.78001, 6.68487, -20.58417],
							"easing": "easeInOutQuad"
						},
						"2.85": {
							"vector": [12.24, 1.085, -21.53]
						},
						"3.0333": {
							"vector": [24.8, -17.445, -24.215],
							"easing": "easeInOutSine"
						},
						"3.1667": {
							"vector": [26.05, -19.97, -23.16],
							"easing": "linear"
						},
						"3.4167": {
							"vector": [26.05, -18.915, -23.16],
							"easing": "easeInOutSine"
						},
						"3.9": {
							"vector": [26.05, -18.145, -23.16]
						},
						"4.2667": {
							"vector": [26.05, -18.34, -23.16],
							"easing": "easeInOutSine"
						},
						"4.6667": {
							"vector": [25.39, -20.09, -22.52]
						},
						"4.8167": {
							"vector": [14.76, -16.93, -12.15]
						},
						"5.0": {
							"vector": [2.27, -9.09, 0.045]
						},
						"5.2": {
							"vector": [0.02894, -1.60775, -6.90297]
						},
						"5.2833": {
							"vector": [0.05077, -1.45863, -3.79557],
							"easing": "linear"
						},
						"5.4": {
							"vector": [-0.01391, -0.26895, -0.26276]
						},
						"5.4833": {
							"vector": [0, 0, 0],
							"easing": "linear"
						}
					}
				},
				"rightarm": {
					"rotation": {
						"0.0": {
							"vector": [0, 0, 0]
						},
						"2.65": {
							"vector": [0, 0, 0]
						},
						"4.9833": {
							"vector": [0, 0, 0]
						}
					},
					"position": {
						"0.0": {
							"vector": [0, 0, 0]
						},
						"2.65": {
							"vector": [0, 0, 0]
						},
						"2.7833": {
							"vector": [-6.30177, -6.68954, 29.94651]
						},
						"4.75": {
							"vector": [-6.30177, -6.68954, 29.94651]
						},
						"4.9833": {
							"vector": [0, 0, 0]
						}
					}
				},
				"leftarm": {
					"rotation": {
						"0.0": {
							"vector": [0, 0, 0]
						},
						"0.2833": {
							"vector": [-45.13234, 71.33372, -81.76837]
						},
						"2.6333": {
							"vector": [-45.13234, 71.33372, -81.76837]
						},
						"2.6833": {
							"vector": [96.97325, 30.0031, 35.42478]
						},
						"3.0333": {
							"vector": [96.97325, 30.0031, 35.42478]
						},
						"4.6667": {
							"vector": [96.97325, 30.0031, 35.42478]
						},
						"5.1667": {
							"vector": [0, 0, 0]
						}
					},
					"position": {
						"0.0": {
							"vector": [0, 0, 0]
						},
						"0.0667": {
							"vector": [9.47769, -9.10617, 9.45309]
						},
						"0.2833": {
							"vector": [12.05588, -33.69803, 37.55014]
						},
						"2.6333": {
							"vector": [12.05588, -33.69803, 37.55014]
						},
						"2.7667": {
							"vector": [16.26701, 33.15434, 47.96913]
						},
						"3.0333": {
							"vector": [0.10728, 40.33525, 11.67686]
						},
						"4.6667": {
							"vector": [0.10728, 40.33525, 11.67686]
						},
						"5.1667": {
							"vector": [0, 0, 0]
						}
					},
					"scale": {
						"0.0": {
							"vector": [1, 1, 1]
						},
						"2.6333": {
							"vector": [1, 1, 1]
						},
						"2.7667": {
							"vector": [1.2, 1.4, 1.2]
						},
						"3.0333": {
							"vector": [1.2, 1.4, 1.2]
						},
						"4.6667": {
							"vector": [1.2, 1.4, 1.2]
						},
						"5.1667": {
							"vector": [1, 1, 1]
						}
					}
				},
				"_camera_": {
					"rotation": {
						"0.0": {
							"vector": [0, 0, 0]
						},
						"0.1333": {
							"vector": [-0.01091, 1.24995, -0.50012]
						},
						"0.2833": {
							"vector": [-1.31346, 1.78854, -1.03401]
						},
						"0.4833": {
							"vector": [-3.43914, 2.08948, 0.95199],
							"easing": "easeInOutQuad"
						},
						"0.8333": {
							"vector": [-4.99004, 2.77768, -0.09243],
							"easing": "easeInOutSine"
						},
						"1.0667": {
							"vector": [-5.49004, 2.77768, -0.09243]
						},
						"1.85": {
							"vector": [14.38265, 9.8236, -2.03661],
							"easing": "easeInOutSine"
						},
						"2.25": {
							"vector": [15.3897, 9.84427, -1.20003],
							"easing": "easeOutSine"
						},
						"2.5667": {
							"vector": [9.96385, 7.66225, 1.88547],
							"easing": "easeInSine"
						},
						"2.7833": {
							"vector": [1.24375, 5.27922, 3.31414]
						},
						"2.9667": {
							"vector": [5.41765, 2.01024, 2.19487]
						},
						"3.2167": {
							"vector": [12.17135, -3.19168, -0.93824],
							"easing": "easeOutSine"
						},
						"3.5": {
							"vector": [9.63273, -4.12615, 0.15611]
						},
						"4.3": {
							"vector": [-3.37345, -3.80897, -0.98969],
							"easing": "easeInOutSine"
						},
						"4.5167": {
							"vector": [-3.88117, -3.81704, -0.95786],
							"easing": "easeInOutSine"
						},
						"4.9667": {
							"vector": [2.5026, -0.00111, -0.00518],
							"easing": "easeInOutSine"
						},
						"5.1333": {
							"vector": [1.75872, -0.39593, -1.62595],
							"easing": "easeInOutSine"
						},
						"5.25": {
							"vector": [1.24924, -0.00333, 0.0435]
						},
						"5.35": {
							"vector": [0.44082, -0.01767, 1.01624]
						},
						"5.4833": {
							"vector": [0, 0, 0],
							"easing": "easeOutSine"
						}
					},
					"position": {
						"0.0": {
							"vector": [0, 0, 0]
						},
						"4.9667": {
							"vector": [0, 0, 0]
						}
					}
				}
			},
			"sound_effects": {
				"0.0": {
					"effect": "inspect_up"
				},
				"1.0667": {
					"effect": "inspect_foley"
				},
				"2.25": {
					"effect": "inspect_turn"
				},
				"2.6667": {
					"effect": "inspect_down"
				},
				"4.95": {
					"effect": "inspect_down"
				}
			}
		},
		"animation.model.fire": {
			"loop": true,
			"animation_length": 0.4333,
			"bones": {
				"main": {
					"rotation": {
						"0.0": {
							"vector": [0, 0, 0]
						},
						"0.05": {
							"vector": [0.24722, -0.15263, -0.99759]
						},
						"0.1": {
							"vector": [0.25995, -0.07447, -1.5556]
						},
						"0.2": {
							"vector": [0, 0.01681, 0.95037]
						},
						"0.2833": {
							"vector": [0, 0.00851, -0.52127]
						},
						"0.35": {
							"vector": [0, 0.0036, 0.23936]
						},
						"0.4333": {
							"vector": [0, 0, 0]
						}
					}
				},
				"bolt": {
					"position": {
						"0.0": {
							"vector": [0, 0, 0]
						},
						"0.05": {
							"vector": [0, 0, 7.875]
						},
						"0.1": {
							"vector": [0, 0, 0]
						}
					}
				}
			}
		}
	},
	"geckolib_format_version": 2
}