{
	"format_version": "1.12.0",
	"minecraft:geometry": [
		{
			"description": {
				"identifier": "geometry.unknown",
				"texture_width": 64,
				"texture_height": 64,
				"visible_bounds_width": 2,
				"visible_bounds_height": 2.5,
				"visible_bounds_offset": [0, 0.75, 0]
			},
			"bones": [
				{
					"name": "ammo box",
					"pivot": [0, 3.3, 3.1],
					"cubes": [
						{
							"origin": [-2, 1.3, 4.1],
							"size": [4, 4, 0],
							"uv": {
								"north": {"uv": [50, 0], "uv_size": [30, 30]},
								"east": {"uv": [50, 0], "uv_size": [30, 30]},
								"south": {"uv": [38, 38], "uv_size": [26, 26]},
								"west": {"uv": [50, 0], "uv_size": [30, 30]},
								"up": {"uv": [80, 30], "uv_size": [-30, -30]},
								"down": {"uv": [80, 30], "uv_size": [-30, -30]}
							}
						},
						{
							"origin": [-2, 1.3, -4.1],
							"size": [4, 4, 0],
							"pivot": [0, 3.3, -4.1],
							"rotation": [0, 180, 0],
							"uv": {
								"north": {"uv": [50, 0], "uv_size": [30, 30]},
								"east": {"uv": [50, 0], "uv_size": [30, 30]},
								"south": {"uv": [38, 38], "uv_size": [26, 26]},
								"west": {"uv": [50, 0], "uv_size": [30, 30]},
								"up": {"uv": [80, 30], "uv_size": [-30, -30]},
								"down": {"uv": [80, 30], "uv_size": [-30, -30]}
							}
						},
						{
							"origin": [-6.1, 1.3, 0.1],
							"size": [4, 4, 0],
							"pivot": [-4.1, 3.3, 0.1],
							"rotation": [0, -90, 0],
							"uv": {
								"north": {"uv": [50, 0], "uv_size": [30, 30]},
								"east": {"uv": [50, 0], "uv_size": [30, 30]},
								"south": {"uv": [38, 38], "uv_size": [26, 26]},
								"west": {"uv": [50, 0], "uv_size": [30, 30]},
								"up": {"uv": [80, 30], "uv_size": [-30, -30]},
								"down": {"uv": [80, 30], "uv_size": [-30, -30]}
							}
						},
						{
							"origin": [2.1, 1.3, 0.1],
							"size": [4, 4, 0],
							"pivot": [4.1, 3.3, 0.1],
							"rotation": [0, 90, 0],
							"uv": {
								"north": {"uv": [50, 0], "uv_size": [30, 30]},
								"east": {"uv": [50, 0], "uv_size": [30, 30]},
								"south": {"uv": [38, 38], "uv_size": [26, 26]},
								"west": {"uv": [50, 0], "uv_size": [30, 30]},
								"up": {"uv": [80, 30], "uv_size": [-30, -30]},
								"down": {"uv": [80, 30], "uv_size": [-30, -30]}
							}
						},
						{"origin": [-4, 0.5, -4], "size": [8, 5.9, 8], "uv": [0, 0]},
						{
							"origin": [-4, 6.5, -4],
							"size": [8, 0.5, 8],
							"uv": {
								"north": {"uv": [32, 0], "uv_size": [8, 1]},
								"east": {"uv": [32, 1], "uv_size": [8, 1]},
								"south": {"uv": [32, 2], "uv_size": [8, 1]},
								"west": {"uv": [32, 3], "uv_size": [8, 1]},
								"up": {"uv": [14, 29], "uv_size": [8, 8]},
								"down": {"uv": [22, 38], "uv_size": [8, -8]}
							}
						},
						{
							"origin": [-3.9, 6.4, -3.9],
							"size": [7.8, 0.5, 7.8],
							"uv": {
								"north": {"uv": [32, 4], "uv_size": [8, 1]},
								"east": {"uv": [32, 5], "uv_size": [8, 1]},
								"south": {"uv": [32, 6], "uv_size": [8, 1]},
								"west": {"uv": [32, 7], "uv_size": [8, 1]},
								"up": {"uv": [30, 30], "uv_size": [8, 8]},
								"down": {"uv": [0, 40], "uv_size": [8, -8]}
							}
						},
						{"origin": [-3.5, 6.5, -3.5], "size": [7, 1.5, 7], "uv": [0, 13]},
						{"origin": [-3.5, 0, -3.5], "size": [7, 1, 7], "uv": [0, 21]},
						{"origin": [-2.001, 7.001, 3.001], "size": [4, 1.1, 1], "pivot": [1.999, 7.001, 4.001], "rotation": [25.5, 0, 0], "uv": [28, 13]},
						{"origin": [-2.001, 7.001, -4.001], "size": [4, 1.1, 1], "pivot": [-2.001, 7.001, -4.001], "rotation": [-25.5, 0, 0], "uv": [28, 15]},
						{"origin": [-8.001, 7.001, 1.001], "size": [4, 1.1, 1], "pivot": [-4.001, 7.001, 2.001], "rotation": [0, -90, 25.5], "uv": [28, 17]},
						{"origin": [4.001, 7.001, -2.001], "size": [4, 1.1, 1], "pivot": [4.001, 7.001, -2.001], "rotation": [0, -90, -26], "uv": [28, 19]},
						{"origin": [2, 7, -4], "size": [2, 1, 2], "inflate": 0.001, "uv": [28, 21]},
						{"origin": [-4, 7, -4], "size": [2, 1, 2], "inflate": 0.001, "uv": [28, 24]},
						{"origin": [2, 7, 2], "size": [2, 1, 2], "inflate": 0.001, "uv": [28, 27]},
						{"origin": [-4, 7, 2], "size": [2, 1, 2], "inflate": 0.001, "uv": [0, 29]},
						{
							"origin": [2, 0, 2],
							"size": [2, 0.5, 2],
							"inflate": 0.001,
							"uv": {
								"north": {"uv": [10, 36], "uv_size": [2, 1]},
								"east": {"uv": [36, 10], "uv_size": [2, 1]},
								"south": {"uv": [36, 11], "uv_size": [2, 1]},
								"west": {"uv": [12, 36], "uv_size": [2, 1]},
								"up": {"uv": [34, 8], "uv_size": [2, 2]},
								"down": {"uv": [10, 36], "uv_size": [2, -2]}
							}
						},
						{
							"origin": [-4, 0, 2],
							"size": [2, 0.5, 2],
							"inflate": 0.001,
							"uv": {
								"north": {"uv": [12, 35], "uv_size": [2, 1]},
								"east": {"uv": [8, 36], "uv_size": [2, 1]},
								"south": {"uv": [36, 8], "uv_size": [2, 1]},
								"west": {"uv": [36, 9], "uv_size": [2, 1]},
								"up": {"uv": [12, 32], "uv_size": [2, 2]},
								"down": {"uv": [8, 36], "uv_size": [2, -2]}
							}
						},
						{
							"origin": [2, 0, -4],
							"size": [2, 0.5, 2],
							"inflate": 0.001,
							"uv": {
								"north": {"uv": [34, 10], "uv_size": [2, 1]},
								"east": {"uv": [34, 11], "uv_size": [2, 1]},
								"south": {"uv": [12, 34], "uv_size": [2, 1]},
								"west": {"uv": [34, 12], "uv_size": [2, 1]},
								"up": {"uv": [10, 32], "uv_size": [2, 2]},
								"down": {"uv": [32, 12], "uv_size": [2, -2]}
							}
						},
						{
							"origin": [-4, 0, -4],
							"size": [2, 0.5, 2],
							"inflate": 0.001,
							"uv": {
								"north": {"uv": [22, 29], "uv_size": [2, 1]},
								"east": {"uv": [24, 29], "uv_size": [2, 1]},
								"south": {"uv": [26, 29], "uv_size": [2, 1]},
								"west": {"uv": [32, 12], "uv_size": [2, 1]},
								"up": {"uv": [8, 32], "uv_size": [2, 2]},
								"down": {"uv": [32, 10], "uv_size": [2, -2]}
							}
						},
						{"origin": [-0.6, 5.6, 2.1], "size": [1.2, 1.5, 2], "uv": [8, 29]}
					]
				}
			]
		}
	]
}