{
	"format_version": "1.12.0",
	"minecraft:geometry": [
		{
			"description": {
				"identifier": "geometry.unknown",
				"texture_width": 32,
				"texture_height": 32,
				"visible_bounds_width": 2,
				"visible_bounds_height": 1.5,
				"visible_bounds_offset": [0, 0.25, 0]
			},
			"bones": [
				{
					"name": "nozzle",
					"pivot": [0, 1, 6],
					"cubes": [
						{"origin": [-0.5, 0.5, 5.5], "size": [1, 1, 1], "inflate": -0.6, "uv": [0, 0]}
					]
				},
				{
					"name": "rocket",
					"pivot": [0, -0.5, 3.225],
					"cubes": [
						{"origin": [-1.01802, -0.03223, -9.5], "size": [2, 2, 11], "pivot": [-0.01802, 0.96777, -4], "rotation": [0, 0, 45], "uv": [0, 0]},
						{
							"origin": [-0.11802, -1.03223, -9],
							"size": [0.2, 4, 2],
							"pivot": [-0.01802, 0.96777, -8],
							"rotation": [0, 0, 45],
							"uv": {
								"north": {"uv": [18, 13], "uv_size": [1, 4]},
								"east": {"uv": [14, 17], "uv_size": [2, 4]},
								"south": {"uv": [18, 17], "uv_size": [1, 4]},
								"west": {"uv": [16, 17], "uv_size": [2, 4]},
								"up": {"uv": [12, 21], "uv_size": [1, 2]},
								"down": {"uv": [13, 23], "uv_size": [1, -2]}
							}
						},
						{
							"origin": [-0.11802, -1.03223, -9],
							"size": [0.2, 4, 2],
							"pivot": [-0.01802, 0.96777, -8],
							"rotation": [0, 0, -45],
							"uv": {
								"north": {"uv": [8, 18], "uv_size": [1, 4]},
								"east": {"uv": [10, 17], "uv_size": [2, 4]},
								"south": {"uv": [9, 18], "uv_size": [1, 4]},
								"west": {"uv": [12, 17], "uv_size": [2, 4]},
								"up": {"uv": [10, 21], "uv_size": [1, 2]},
								"down": {"uv": [11, 23], "uv_size": [1, -2]}
							}
						},
						{
							"origin": [-0.11802, -1.03223, 3.2],
							"size": [0.2, 4, 2],
							"pivot": [-0.01802, 0.96777, 4.2],
							"rotation": [0, 0, 45],
							"uv": {
								"north": {"uv": [19, 13], "uv_size": [1, 4]},
								"east": {"uv": [0, 18], "uv_size": [2, 4]},
								"south": {"uv": [19, 17], "uv_size": [1, 4]},
								"west": {"uv": [2, 18], "uv_size": [2, 4]},
								"up": {"uv": [21, 13], "uv_size": [1, 2]},
								"down": {"uv": [14, 23], "uv_size": [1, -2]}
							}
						},
						{
							"origin": [-0.11802, -1.03223, 3.2],
							"size": [0.2, 4, 2],
							"pivot": [-0.01802, 0.96777, 4.2],
							"rotation": [0, 0, -45],
							"uv": {
								"north": {"uv": [20, 13], "uv_size": [1, 4]},
								"east": {"uv": [4, 18], "uv_size": [2, 4]},
								"south": {"uv": [20, 17], "uv_size": [1, 4]},
								"west": {"uv": [6, 18], "uv_size": [2, 4]},
								"up": {"uv": [15, 21], "uv_size": [1, 2]},
								"down": {"uv": [21, 17], "uv_size": [1, -2]}
							}
						},
						{"origin": [-1.01802, -0.03223, 2.5], "size": [2, 2, 3], "pivot": [-0.01802, 0.96777, 4], "rotation": [0, 0, 45], "uv": [0, 13]},
						{"origin": [-1.01802, -0.03223, 1], "size": [2, 2, 2], "inflate": -0.2, "pivot": [-0.01802, 0.96777, 2], "rotation": [0, 0, 45], "uv": [10, 13]}
					]
				}
			]
		}
	]
}