{
	"format_version": "1.12.0",
	"minecraft:geometry": [
		{
			"description": {
				"identifier": "geometry.unknown",
				"texture_width": 512,
				"texture_height": 512,
				"visible_bounds_width": 14,
				"visible_bounds_height": 5,
				"visible_bounds_offset": [0, 1.5, 0]
			},
			"bones": [
				{
					"name": "main",
					"pivot": [0, 20, 0]
				},
				{
					"name": "gun",
					"parent": "main",
					"pivot": [1, 11, -1],
					"cubes": [
						{"origin": [2.3, 18, -15.5], "size": [1, 1, 6], "uv": [0, 9]},
						{"origin": [-2.1, 18, -15.5], "size": [1, 1, 6], "uv": [0, 9]},
						{"origin": [-2.9, 24.2, 26], "size": [2, 1, 4], "inflate": -0.002, "pivot": [-0.9, 25.2, 27], "rotation": [0, 0, -63.5], "uv": [282, 113]},
						{"origin": [2.1, 24.2, 26], "size": [2, 1, 4], "inflate": -0.002, "pivot": [2.1, 25.2, 27], "rotation": [0, 0, 63.5], "uv": [104, 283]},
						{
							"origin": [-1.7924, 21.41013, 26],
							"size": [0.9, 2, 2],
							"uv": {
								"north": {"uv": [41, 291], "uv_size": [1, 2]},
								"east": {"uv": [176, 290], "uv_size": [2, 2]},
								"south": {"uv": [42, 291], "uv_size": [1, 2]},
								"west": {"uv": [201, 290], "uv_size": [2, 2]},
								"up": {"uv": [43, 291], "uv_size": [1, 2]},
								"down": {"uv": [50, 293], "uv_size": [1, -2]}
							}
						},
						{
							"origin": [-1.7924, 8.41013, 28],
							"size": [1, 10, 2],
							"inflate": -0.002,
							"pivot": [-1.7924, 18.41013, 29],
							"rotation": [0, 0, -5],
							"uv": {
								"north": {"uv": [181, 289], "uv_size": [1, 10]},
								"east": {"uv": [52, 250], "uv_size": [2, 10]},
								"south": {"uv": [182, 289], "uv_size": [1, 10]},
								"west": {"uv": [62, 286], "uv_size": [2, 10]},
								"up": {"uv": [53, 291], "uv_size": [1, 2]},
								"down": {"uv": [54, 293], "uv_size": [1, -2]}
							}
						},
						{
							"origin": [-1.7924, 18.41013, 28],
							"size": [1, 5, 2],
							"inflate": -0.001,
							"uv": {
								"north": {"uv": [169, 290], "uv_size": [1, 5]},
								"east": {"uv": [289, 177], "uv_size": [2, 5]},
								"south": {"uv": [170, 290], "uv_size": [1, 5]},
								"west": {"uv": [178, 289], "uv_size": [2, 5]},
								"up": {"uv": [31, 291], "uv_size": [1, 2]},
								"down": {"uv": [36, 293], "uv_size": [1, -2]}
							}
						},
						{
							"origin": [2.0924, 21.41013, 26],
							"size": [0.9, 2, 2],
							"uv": {
								"north": {"uv": [37, 291], "uv_size": [1, 2]},
								"east": {"uv": [68, 277], "uv_size": [2, 2]},
								"south": {"uv": [38, 291], "uv_size": [1, 2]},
								"west": {"uv": [70, 277], "uv_size": [2, 2]},
								"up": {"uv": [39, 291], "uv_size": [1, 2]},
								"down": {"uv": [40, 293], "uv_size": [1, -2]}
							}
						},
						{
							"origin": [1.9924, 8.41013, 28],
							"size": [1, 10, 2],
							"inflate": -0.002,
							"pivot": [2.9924, 18.41013, 30],
							"rotation": [0, 0, 5],
							"uv": {
								"north": {"uv": [49, 289], "uv_size": [1, 10]},
								"east": {"uv": [230, 97], "uv_size": [2, 10]},
								"south": {"uv": [180, 289], "uv_size": [1, 10]},
								"west": {"uv": [106, 248], "uv_size": [2, 10]},
								"up": {"uv": [51, 291], "uv_size": [1, 2]},
								"down": {"uv": [52, 293], "uv_size": [1, -2]}
							}
						},
						{
							"origin": [1.9924, 18.41013, 28],
							"size": [1, 5, 2],
							"inflate": -0.001,
							"uv": {
								"north": {"uv": [141, 290], "uv_size": [1, 5]},
								"east": {"uv": [230, 107], "uv_size": [2, 5]},
								"south": {"uv": [168, 290], "uv_size": [1, 5]},
								"west": {"uv": [52, 260], "uv_size": [2, 5]},
								"up": {"uv": [29, 291], "uv_size": [1, 2]},
								"down": {"uv": [30, 293], "uv_size": [1, -2]}
							}
						},
						{"origin": [-0.9, 8.2, 27], "size": [3, 16, 3], "uv": [56, 201]},
						{"origin": [-0.9, 24.2, 26], "size": [3, 1, 4], "uv": [0, 279]},
						{"origin": [-0.9, 25, 2], "size": [3, 1, 7], "pivot": [1.1, 26, 9], "rotation": [6.5, 0, 0], "uv": [190, 147]},
						{"origin": [2.1, 25, 9], "size": [2.2, 1, 15], "inflate": -0.001, "pivot": [2.1, 26, 16.5], "rotation": [0, 0, 63.5], "uv": [256, 260]},
						{"origin": [-1.9, 24, 2.4], "size": [1, 2, 7], "pivot": [-1.9, 24, 9.4], "rotation": [5, -2.5, 27.5], "uv": [220, 276]},
						{"origin": [2.1, 24, 2.4], "size": [1, 2, 7], "pivot": [3.1, 24, 9.4], "rotation": [5, 2.5, -27.5], "uv": [276, 216]},
						{"origin": [-1.9, 22, 9], "size": [5, 2, 15], "uv": [108, 246]},
						{"origin": [-3.1, 25, 9], "size": [2.2, 1, 15], "inflate": -0.001, "pivot": [-0.9, 26, 16.5], "rotation": [0, 0, -63.5], "uv": [90, 263]},
						{"origin": [-0.9, 25, 9], "size": [3, 1, 15], "uv": [220, 260]},
						{"origin": [-0.7, 25, -6.5], "size": [2.6, 1.5, 3], "uv": [152, 284]},
						{"origin": [-0.4, 25, -19.5], "size": [2, 1, 13], "uv": [264, 140]},
						{
							"origin": [-0.4, 14.7, -5],
							"size": [2, 0.8, 4],
							"uv": {
								"north": {"uv": [230, 112], "uv_size": [2, 1]},
								"east": {"uv": [162, 219], "uv_size": [4, 1]},
								"south": {"uv": [230, 153], "uv_size": [2, 1]},
								"west": {"uv": [230, 154], "uv_size": [4, 1]},
								"up": {"uv": [106, 258], "uv_size": [2, 4]},
								"down": {"uv": [50, 282], "uv_size": [2, -4]}
							}
						},
						{"origin": [0.1, 15.5, -6], "size": [1, 3, 1.4], "uv": [260, 284]},
						{"origin": [0.1, 15.5, -3.3], "size": [1, 3, 1], "pivot": [1, 15.5, -2.3], "rotation": [-17.5, 0, 0], "uv": [152, 277]},
						{"origin": [-0.9, 15.5831, -1.45574], "size": [3, 2.4, 4], "inflate": 0.001, "uv": [36, 278]},
						{"origin": [-0.9, 18, -6], "size": [3, 1, 16], "uv": [258, 26]},
						{"origin": [-0.9, 16.6, 10], "size": [3, 2, 2], "inflate": -0.001, "pivot": [1, 16.6, 10], "rotation": [47.5, 0, 0], "uv": [190, 63]},
						{"origin": [-0.9, 9, 20], "size": [3, 3, 2], "inflate": -0.001, "pivot": [1, 9, 20], "rotation": [40, 0, 0], "uv": [0, 284]},
						{"origin": [-0.9, 9, 20], "size": [3, 10, 7], "uv": [108, 221]},
						{"origin": [-0.9, 11, 10], "size": [3, 8, 10], "uv": [264, 122]},
						{"origin": [-0.9, 7.6, 7.7], "size": [3, 4, 7], "inflate": -0.002, "pivot": [1, 7.6, 7.7], "rotation": [42.5, 0, 0], "uv": [238, 26]},
						{"origin": [-0.9, 15.23205, 1.46603], "size": [3, 3, 2], "inflate": -0.003, "pivot": [2, 16.23205, 3.46603], "rotation": [-22.5, 0, 0], "uv": [274, 283]},
						{"origin": [-0.9, 12, 2.6], "size": [3, 4, 2], "inflate": -0.002, "pivot": [1, 14, 3.6], "rotation": [30, 0, 0], "uv": [190, 57]},
						{"origin": [-0.9, 7.6, 2.7], "size": [3, 9, 4], "pivot": [1, 7.6, 2.7], "rotation": [27.5, 0, 0], "uv": [206, 266]},
						{"origin": [-0.9, 7.6, 1.8], "size": [3, 5.5, 6], "inflate": -0.001, "uv": [72, 268]},
						{"origin": [-1.4, 14, -21], "size": [4, 10, 1], "uv": [190, 39]},
						{
							"origin": [-1.4, 21, -20],
							"size": [1, 0.5, 12],
							"uv": {
								"north": {"uv": [94, 291], "uv_size": [1, 1]},
								"east": {"uv": [56, 220], "uv_size": [12, 1]},
								"south": {"uv": [95, 291], "uv_size": [1, 1]},
								"west": {"uv": [242, 37], "uv_size": [12, 1]},
								"up": {"uv": [196, 288], "uv_size": [1, 12]},
								"down": {"uv": [197, 300], "uv_size": [1, -12]}
							}
						},
						{
							"origin": [1.6, 21, -20],
							"size": [1, 3, 1],
							"uv": {
								"north": {"uv": [215, 290], "uv_size": [1, 3]},
								"east": {"uv": [216, 290], "uv_size": [1, 3]},
								"south": {"uv": [217, 290], "uv_size": [1, 3]},
								"west": {"uv": [218, 290], "uv_size": [1, 3]},
								"up": {"uv": [96, 291], "uv_size": [1, 1]},
								"down": {"uv": [97, 292], "uv_size": [1, -1]}
							}
						},
						{
							"origin": [1.6, 21, -1.3],
							"size": [1, 3, 2.3],
							"uv": {
								"north": {"uv": [209, 290], "uv_size": [1, 3]},
								"east": {"uv": [52, 265], "uv_size": [2, 3]},
								"south": {"uv": [214, 290], "uv_size": [1, 3]},
								"west": {"uv": [194, 280], "uv_size": [2, 3]},
								"up": {"uv": [257, 37], "uv_size": [1, 2]},
								"down": {"uv": [283, 292], "uv_size": [1, -2]}
							}
						},
						{
							"origin": [1.6, 20.8, -2.3],
							"size": [1, 1, 2],
							"inflate": -0.001,
							"pivot": [2.1, 21.8, -2.3],
							"rotation": [42.5, 0, 0],
							"uv": {
								"north": {"uv": [98, 291], "uv_size": [1, 1]},
								"east": {"uv": [54, 247], "uv_size": [2, 1]},
								"south": {"uv": [99, 291], "uv_size": [1, 1]},
								"west": {"uv": [276, 188], "uv_size": [2, 1]},
								"up": {"uv": [284, 290], "uv_size": [1, 2]},
								"down": {"uv": [285, 292], "uv_size": [1, -2]}
							}
						},
						{
							"origin": [1.6, 23.5, -19],
							"size": [1, 0.5, 18],
							"uv": {
								"north": {"uv": [100, 291], "uv_size": [1, 1]},
								"east": {"uv": [288, 175], "uv_size": [18, 1]},
								"south": {"uv": [101, 291], "uv_size": [1, 1]},
								"west": {"uv": [288, 176], "uv_size": [18, 1]},
								"up": {"uv": [160, 288], "uv_size": [1, 18]},
								"down": {"uv": [161, 306], "uv_size": [1, -18]}
							}
						},
						{
							"origin": [1.6, 21, -19],
							"size": [1, 0.8, 18],
							"uv": {
								"north": {"uv": [13, 284], "uv_size": [1, 1]},
								"east": {"uv": [172, 66], "uv_size": [18, 1]},
								"south": {"uv": [93, 291], "uv_size": [1, 1]},
								"west": {"uv": [90, 262], "uv_size": [18, 1]},
								"up": {"uv": [158, 288], "uv_size": [1, 18]},
								"down": {"uv": [159, 306], "uv_size": [1, -18]}
							}
						},
						{"origin": [1.6, 19, -20], "size": [1, 2, 14], "uv": [200, 97]},
						{"origin": [-1.4, 19, -20], "size": [1, 2, 14], "uv": [68, 165]},
						{"origin": [-1.4, 21, -8], "size": [1, 1, 9], "uv": [186, 266]},
						{"origin": [-1.4, 19, -6], "size": [4, 2, 7], "uv": [266, 179]},
						{"origin": [-1.4, 19, 1], "size": [4, 5, 26], "uv": [166, 189]},
						{"origin": [-2, 24, -21], "size": [1.1, 1, 48], "inflate": -0.001, "pivot": [-0.9, 25, 3], "rotation": [0, 0, -63.5], "uv": [0, 116]},
						{"origin": [2.1, 24, -21], "size": [1.1, 1, 48], "inflate": -0.001, "pivot": [2.1, 25, 3], "rotation": [0, 0, 63.5], "uv": [102, 67]},
						{"origin": [-0.9, 24, -21], "size": [3, 1, 48], "uv": [0, 67]},
						{"origin": [-0.4, 21.5, -49.4], "size": [2, 2, 29], "inflate": 0.1, "pivot": [0.6, 22.5, -61.4], "rotation": [0, 0, 45], "uv": [170, 116]},
						{"origin": [-0.4, 16.1, -52.8], "size": [2, 2, 32], "inflate": 0.3, "pivot": [0.6, 17.1, -50.1], "rotation": [0, 0, 45], "uv": [166, 155]},
						{"origin": [-0.4, 16.1, -76.8], "size": [2, 2, 5.4], "pivot": [0.6, 17.1, -73.6], "rotation": [0, 0, 45], "uv": [124, 277]},
						{"origin": [-0.4, 16.1, -79.8], "size": [2, 2, 28.4], "inflate": -0.3, "pivot": [0.6, 17.1, -65.6], "rotation": [0, 0, 45], "uv": [68, 191]},
						{"origin": [-0.4, 15.6, -66.2], "size": [2, 4, 2], "inflate": -0.001, "pivot": [0.6, 15.6, -66.2], "rotation": [30.5, 0, 0], "uv": [134, 284]},
						{"origin": [1.6, 19.5, -68.2], "size": [1, 1.5, 5], "inflate": -0.001, "pivot": [2.6, 21, -66.7], "rotation": [0, 0, 45], "uv": [80, 279]},
						{"origin": [-0.4, 15.6, -66.2], "size": [2, 4, 3], "uv": [190, 50]},
						{"origin": [-2.4, 19.8, -113], "size": [6, 1.2, 1], "inflate": -0.001, "pivot": [0.6, 21, -113], "rotation": [35, 0, 0], "uv": [210, 153]},
						{"origin": [-2.4, 25, -102.8], "size": [6, 1, 2.5], "inflate": -0.001, "pivot": [0.6, 26, -102.8], "rotation": [-53.5, 0, 0], "uv": [200, 113]},
						{"origin": [-2.4, 21, -102.6], "size": [6, 3, 1.3], "uv": [50, 282]},
						{"origin": [-2.4, 21, -103.6], "size": [6, 3, 1], "uv": [174, 280]},
						{"origin": [-2.4, 21, -108.7], "size": [6, 3, 2.4], "uv": [52, 277]},
						{"origin": [-2.4, 21, -112], "size": [6, 3, 1], "uv": [196, 279]},
						{"origin": [-2.4, 21, -113], "size": [6, 3, 1], "uv": [104, 279]},
						{"origin": [-2.4, 24, -113], "size": [6, 1.2, 1], "inflate": -0.001, "pivot": [0.6, 24, -113], "rotation": [-35, 0, 0], "uv": [206, 37]},
						{"origin": [-2.4, 25, -112.3], "size": [6, 1, 9.5], "pivot": [0.6, 26, -102.8], "rotation": [6, 0, 0], "uv": [68, 181]},
						{"origin": [-2.4, 24, -112.3], "size": [6, 1, 10], "inflate": -0.002, "uv": [206, 26]},
						{"origin": [-2.4, 19, -112.3], "size": [6, 1, 9.5], "pivot": [0.6, 19, -102.8], "rotation": [-6, 0, 0], "uv": [156, 266]},
						{"origin": [-2.4, 20, -112.3], "size": [6, 1, 10], "inflate": -0.002, "uv": [124, 266]},
						{"origin": [-2.4, 19, -102.8], "size": [6, 1, 2.5], "inflate": -0.001, "pivot": [0.6, 19, -102.8], "rotation": [53.5, 0, 0], "uv": [216, 113]},
						{"origin": [-0.4, 21.5, -113.4], "size": [2, 2, 65], "pivot": [0.6, 22.5, -60.4], "rotation": [0, 0, 45], "uv": [0, 0]},
						{"origin": [-1.4, 24, -68.2], "size": [1, 1.5, 5], "inflate": -0.001, "pivot": [-1.4, 24, -66.7], "rotation": [0, 0, 45], "uv": [68, 279]},
						{"origin": [1.6, 24, -68.2], "size": [1, 1.5, 5], "inflate": -0.001, "pivot": [2.6, 24, -66.7], "rotation": [0, 0, -45], "uv": [14, 279]},
						{"origin": [-0.4, 24, -68.2], "size": [2, 2, 5], "uv": [138, 277]},
						{"origin": [-0.4, 19, -68.2], "size": [2, 2, 5], "uv": [264, 276]},
						{"origin": [-1.4, 21, -68.2], "size": [4, 3, 5], "uv": [156, 276]},
						{"origin": [-1.4, 19.5, -68.2], "size": [1, 1.5, 5], "inflate": -0.001, "pivot": [-1.4, 21, -66.7], "rotation": [0, 0, -45], "uv": [92, 279]},
						{"origin": [-0.4, 26.2, -45.9], "size": [2, 1, 2.1], "inflate": -0.001, "pivot": [0.1, 27.2, -45.9], "rotation": [-57.5, 0, 0], "uv": [124, 263]},
						{
							"origin": [0.9, 25.6, -28.4],
							"size": [0.5, 0.5, 1.5],
							"uv": {
								"north": {"uv": [242, 291], "uv_size": [1, 1]},
								"east": {"uv": [13, 291], "uv_size": [2, 1]},
								"south": {"uv": [291, 242], "uv_size": [1, 1]},
								"west": {"uv": [15, 291], "uv_size": [2, 1]},
								"up": {"uv": [17, 291], "uv_size": [1, 2]},
								"down": {"uv": [18, 293], "uv_size": [1, -2]}
							}
						},
						{
							"origin": [0.9, 25.6, -37.9],
							"size": [0.5, 0.5, 3],
							"uv": {
								"north": {"uv": [291, 243], "uv_size": [1, 1]},
								"east": {"uv": [268, 290], "uv_size": [3, 1]},
								"south": {"uv": [244, 291], "uv_size": [1, 1]},
								"west": {"uv": [290, 269], "uv_size": [3, 1]},
								"up": {"uv": [290, 270], "uv_size": [1, 3]},
								"down": {"uv": [271, 293], "uv_size": [1, -3]}
							}
						},
						{
							"origin": [0.9, 25.6, -45.9],
							"size": [0.5, 0.5, 2],
							"uv": {
								"north": {"uv": [245, 291], "uv_size": [1, 1]},
								"east": {"uv": [23, 291], "uv_size": [2, 1]},
								"south": {"uv": [291, 245], "uv_size": [1, 1]},
								"west": {"uv": [25, 291], "uv_size": [2, 1]},
								"up": {"uv": [27, 291], "uv_size": [1, 2]},
								"down": {"uv": [28, 293], "uv_size": [1, -2]}
							}
						},
						{
							"origin": [-0.2, 25.4, -45.9],
							"size": [1.6, 0.2, 19],
							"uv": {
								"north": {"uv": [288, 290], "uv_size": [2, 1]},
								"east": {"uv": [278, 25], "uv_size": [19, 1]},
								"south": {"uv": [290, 290], "uv_size": [2, 1]},
								"west": {"uv": [288, 174], "uv_size": [19, 1]},
								"up": {"uv": [34, 285], "uv_size": [2, 19]},
								"down": {"uv": [234, 304], "uv_size": [2, -19]}
							}
						},
						{
							"origin": [-0.2, 25.6, -28.4],
							"size": [0.5, 0.5, 1.5],
							"uv": {
								"north": {"uv": [241, 291], "uv_size": [1, 1]},
								"east": {"uv": [7, 291], "uv_size": [2, 1]},
								"south": {"uv": [291, 241], "uv_size": [1, 1]},
								"west": {"uv": [9, 291], "uv_size": [2, 1]},
								"up": {"uv": [11, 291], "uv_size": [1, 2]},
								"down": {"uv": [12, 293], "uv_size": [1, -2]}
							}
						},
						{
							"origin": [-0.2, 25.6, -37.9],
							"size": [0.5, 0.5, 3],
							"uv": {
								"north": {"uv": [239, 291], "uv_size": [1, 1]},
								"east": {"uv": [290, 256], "uv_size": [3, 1]},
								"south": {"uv": [240, 291], "uv_size": [1, 1]},
								"west": {"uv": [264, 290], "uv_size": [3, 1]},
								"up": {"uv": [290, 266], "uv_size": [1, 3]},
								"down": {"uv": [267, 293], "uv_size": [1, -3]}
							}
						},
						{
							"origin": [-0.2, 25.6, -45.9],
							"size": [0.5, 0.5, 2],
							"uv": {
								"north": {"uv": [237, 291], "uv_size": [1, 1]},
								"east": {"uv": [1, 291], "uv_size": [2, 1]},
								"south": {"uv": [238, 291], "uv_size": [1, 1]},
								"west": {"uv": [3, 291], "uv_size": [2, 1]},
								"up": {"uv": [5, 291], "uv_size": [1, 2]},
								"down": {"uv": [6, 293], "uv_size": [1, -2]}
							}
						},
						{
							"origin": [-0.2, 26.1, -45.9],
							"size": [1.6, 0.7, 19],
							"uv": {
								"north": {"uv": [290, 282], "uv_size": [2, 1]},
								"east": {"uv": [134, 66], "uv_size": [19, 1]},
								"south": {"uv": [286, 290], "uv_size": [2, 1]},
								"west": {"uv": [153, 66], "uv_size": [19, 1]},
								"up": {"uv": [54, 228], "uv_size": [2, 19]},
								"down": {"uv": [186, 303], "uv_size": [2, -19]}
							}
						},
						{"origin": [-0.4, 25.7, -22.7], "size": [2, 1.3, 3.6], "inflate": -0.001, "pivot": [0.1, 27, -22.7], "rotation": [-37.5, 0, 0], "uv": [142, 284]},
						{"origin": [-0.4, 25.4, -27.2], "size": [2, 1.6, 4.5], "uv": [282, 108]},
						{"origin": [-0.4, 25.4, -48.2], "size": [2, 1.8, 2.3], "uv": [258, 186]},
						{"origin": [-1.4, 21.3, -48.5], "size": [1, 2.5, 3.5], "uv": [178, 284]},
						{"origin": [1.6, 21.3, -48.5], "size": [1, 2.5, 3.5], "uv": [236, 284]},
						{"origin": [-1.4, 21.3, -42.3], "size": [1, 2.5, 5], "uv": [278, 206]},
						{"origin": [1.6, 21.3, -42.3], "size": [1, 2.5, 5], "uv": [278, 276]},
						{"origin": [-1.4, 21.3, -30.1], "size": [1, 2.5, 4], "uv": [26, 279]},
						{
							"origin": [-1.4, 21.3, -26.1],
							"size": [1, 0.5, 2.6],
							"uv": {
								"north": {"uv": [125, 291], "uv_size": [1, 1]},
								"east": {"uv": [244, 290], "uv_size": [3, 1]},
								"south": {"uv": [291, 125], "uv_size": [1, 1]},
								"west": {"uv": [290, 244], "uv_size": [3, 1]},
								"up": {"uv": [290, 245], "uv_size": [1, 3]},
								"down": {"uv": [247, 293], "uv_size": [1, -3]}
							}
						},
						{
							"origin": [-1.4, 23.3, -26.1],
							"size": [1, 0.5, 2.6],
							"uv": {
								"north": {"uv": [126, 291], "uv_size": [1, 1]},
								"east": {"uv": [248, 290], "uv_size": [3, 1]},
								"south": {"uv": [291, 126], "uv_size": [1, 1]},
								"west": {"uv": [290, 248], "uv_size": [3, 1]},
								"up": {"uv": [290, 249], "uv_size": [1, 3]},
								"down": {"uv": [251, 293], "uv_size": [1, -3]}
							}
						},
						{
							"origin": [-1.4, 23.3, -37.3],
							"size": [1, 0.5, 7.2],
							"uv": {
								"north": {"uv": [127, 291], "uv_size": [1, 1]},
								"east": {"uv": [290, 122], "uv_size": [7, 1]},
								"south": {"uv": [291, 127], "uv_size": [1, 1]},
								"west": {"uv": [123, 290], "uv_size": [7, 1]},
								"up": {"uv": [290, 123], "uv_size": [1, 7]},
								"down": {"uv": [130, 297], "uv_size": [1, -7]}
							}
						},
						{
							"origin": [-1.4, 21.3, -37.3],
							"size": [1, 0.5, 7.2],
							"uv": {
								"north": {"uv": [128, 291], "uv_size": [1, 1]},
								"east": {"uv": [290, 130], "uv_size": [7, 1]},
								"south": {"uv": [291, 128], "uv_size": [1, 1]},
								"west": {"uv": [131, 290], "uv_size": [7, 1]},
								"up": {"uv": [290, 131], "uv_size": [1, 7]},
								"down": {"uv": [138, 297], "uv_size": [1, -7]}
							}
						},
						{
							"origin": [-1.4, 23.3, -45],
							"size": [1, 0.5, 2.7],
							"uv": {
								"north": {"uv": [129, 291], "uv_size": [1, 1]},
								"east": {"uv": [290, 252], "uv_size": [3, 1]},
								"south": {"uv": [291, 129], "uv_size": [1, 1]},
								"west": {"uv": [290, 253], "uv_size": [3, 1]},
								"up": {"uv": [252, 290], "uv_size": [1, 3]},
								"down": {"uv": [253, 293], "uv_size": [1, -3]}
							}
						},
						{
							"origin": [-1.4, 21.3, -45],
							"size": [1, 0.5, 2.7],
							"uv": {
								"north": {"uv": [131, 291], "uv_size": [1, 1]},
								"east": {"uv": [290, 254], "uv_size": [3, 1]},
								"south": {"uv": [291, 131], "uv_size": [1, 1]},
								"west": {"uv": [290, 255], "uv_size": [3, 1]},
								"up": {"uv": [290, 260], "uv_size": [1, 3]},
								"down": {"uv": [290, 266], "uv_size": [1, -3]}
							}
						},
						{
							"origin": [1.6, 23.3, -45],
							"size": [1, 0.5, 2.7],
							"uv": {
								"north": {"uv": [123, 291], "uv_size": [1, 1]},
								"east": {"uv": [223, 290], "uv_size": [3, 1]},
								"south": {"uv": [291, 123], "uv_size": [1, 1]},
								"west": {"uv": [226, 290], "uv_size": [3, 1]},
								"up": {"uv": [229, 290], "uv_size": [1, 3]},
								"down": {"uv": [236, 293], "uv_size": [1, -3]}
							}
						},
						{
							"origin": [1.6, 21.3, -45],
							"size": [1, 0.5, 2.7],
							"uv": {
								"north": {"uv": [124, 291], "uv_size": [1, 1]},
								"east": {"uv": [237, 290], "uv_size": [3, 1]},
								"south": {"uv": [291, 124], "uv_size": [1, 1]},
								"west": {"uv": [240, 290], "uv_size": [3, 1]},
								"up": {"uv": [290, 241], "uv_size": [1, 3]},
								"down": {"uv": [243, 293], "uv_size": [1, -3]}
							}
						},
						{
							"origin": [1.6, 23.3, -37.3],
							"size": [1, 0.5, 7.2],
							"uv": {
								"north": {"uv": [119, 291], "uv_size": [1, 1]},
								"east": {"uv": [82, 290], "uv_size": [7, 1]},
								"south": {"uv": [120, 291], "uv_size": [1, 1]},
								"west": {"uv": [89, 290], "uv_size": [7, 1]},
								"up": {"uv": [19, 290], "uv_size": [1, 7]},
								"down": {"uv": [20, 297], "uv_size": [1, -7]}
							}
						},
						{
							"origin": [1.6, 21.3, -37.3],
							"size": [1, 0.5, 7.2],
							"uv": {
								"north": {"uv": [121, 291], "uv_size": [1, 1]},
								"east": {"uv": [96, 290], "uv_size": [7, 1]},
								"south": {"uv": [122, 291], "uv_size": [1, 1]},
								"west": {"uv": [116, 290], "uv_size": [7, 1]},
								"up": {"uv": [32, 290], "uv_size": [1, 7]},
								"down": {"uv": [103, 297], "uv_size": [1, -7]}
							}
						},
						{
							"origin": [1.6, 21.3, -26.1],
							"size": [1, 0.5, 2.6],
							"uv": {
								"north": {"uv": [117, 291], "uv_size": [1, 1]},
								"east": {"uv": [290, 214], "uv_size": [3, 1]},
								"south": {"uv": [118, 291], "uv_size": [1, 1]},
								"west": {"uv": [290, 215], "uv_size": [3, 1]},
								"up": {"uv": [221, 290], "uv_size": [1, 3]},
								"down": {"uv": [222, 293], "uv_size": [1, -3]}
							}
						},
						{
							"origin": [1.6, 23.3, -26.1],
							"size": [1, 0.5, 2.6],
							"uv": {
								"north": {"uv": [102, 291], "uv_size": [1, 1]},
								"east": {"uv": [254, 37], "uv_size": [3, 1]},
								"south": {"uv": [116, 291], "uv_size": [1, 1]},
								"west": {"uv": [10, 284], "uv_size": [3, 1]},
								"up": {"uv": [219, 290], "uv_size": [1, 3]},
								"down": {"uv": [220, 293], "uv_size": [1, -3]}
							}
						},
						{"origin": [1.6, 21.3, -30.1], "size": [1, 2.5, 4], "uv": [210, 279]},
						{"origin": [-1.4, 21.3, -22], "size": [1, 2.5, 1.5], "pivot": [-1.4, 22.55, -22], "rotation": [0, 22.5, 0], "uv": [154, 288]},
						{"origin": [-1.4, 21.3, -23.5], "size": [1, 2.5, 1.5], "uv": [152, 281]},
						{"origin": [-1.4, 23.8, -48.5], "size": [1, 1.9, 3.5], "inflate": -0.001, "pivot": [-1.4, 23.8, -58], "rotation": [0, 0, 32.5], "uv": [26, 285]},
						{"origin": [1.6, 23.8, -48.5], "size": [1, 1.9, 3.5], "inflate": -0.001, "pivot": [2.6, 23.8, -58], "rotation": [0, 0, -32.5], "uv": [64, 285]},
						{"origin": [-1.4, 23.8, -35.1], "size": [1, 1.9, 3], "pivot": [-1.4, 23.8, -44.6], "rotation": [0, 0, 32.5], "uv": [10, 285]},
						{"origin": [1.6, 23.8, -35.1], "size": [1, 1.9, 3], "pivot": [2.6, 23.8, -44.6], "rotation": [0, 0, -32.5], "uv": [18, 285]},
						{
							"origin": [-1.4, 25.2, -45],
							"size": [1, 0.5, 9.9],
							"pivot": [-1.4, 23.8, -47.6],
							"rotation": [0, 0, 32.5],
							"uv": {
								"north": {"uv": [154, 291], "uv_size": [1, 1]},
								"east": {"uv": [274, 288], "uv_size": [10, 1]},
								"south": {"uv": [155, 291], "uv_size": [1, 1]},
								"west": {"uv": [284, 288], "uv_size": [10, 1]},
								"up": {"uv": [263, 288], "uv_size": [1, 10]},
								"down": {"uv": [0, 299], "uv_size": [1, -10]}
							}
						},
						{
							"origin": [-1.4, 25.2, -32.1],
							"size": [1, 0.5, 8.6],
							"pivot": [-1.4, 23.8, -36],
							"rotation": [0, 0, 32.5],
							"uv": {
								"north": {"uv": [156, 291], "uv_size": [1, 1]},
								"east": {"uv": [212, 289], "uv_size": [9, 1]},
								"south": {"uv": [157, 291], "uv_size": [1, 1]},
								"west": {"uv": [221, 289], "uv_size": [9, 1]},
								"up": {"uv": [230, 289], "uv_size": [1, 9]},
								"down": {"uv": [231, 298], "uv_size": [1, -9]}
							}
						},
						{
							"origin": [-1.4, 23.8, -45],
							"size": [1, 0.5, 9.9],
							"pivot": [-1.4, 23.8, -47.6],
							"rotation": [0, 0, 32.5],
							"uv": {
								"north": {"uv": [135, 291], "uv_size": [1, 1]},
								"east": {"uv": [288, 187], "uv_size": [10, 1]},
								"south": {"uv": [291, 135], "uv_size": [1, 1]},
								"west": {"uv": [288, 257], "uv_size": [10, 1]},
								"up": {"uv": [199, 288], "uv_size": [1, 10]},
								"down": {"uv": [260, 298], "uv_size": [1, -10]}
							}
						},
						{
							"origin": [-1.4, 23.8, -32.1],
							"size": [1, 0.5, 8.6],
							"pivot": [-1.4, 23.8, -36],
							"rotation": [0, 0, 32.5],
							"uv": {
								"north": {"uv": [134, 291], "uv_size": [1, 1]},
								"east": {"uv": [289, 184], "uv_size": [9, 1]},
								"south": {"uv": [291, 134], "uv_size": [1, 1]},
								"west": {"uv": [289, 185], "uv_size": [9, 1]},
								"up": {"uv": [185, 289], "uv_size": [1, 9]},
								"down": {"uv": [200, 298], "uv_size": [1, -9]}
							}
						},
						{"origin": [-1.4, 23.8, -23.5], "size": [1, 1.9, 1.5], "inflate": -0.001, "pivot": [-1.4, 23.8, -34.5], "rotation": [0, 0, 32.5], "uv": [230, 37]},
						{
							"origin": [1.6, 25.2, -32.1],
							"size": [1, 0.5, 8.6],
							"pivot": [2.6, 23.8, -36],
							"rotation": [0, 0, -32.5],
							"uv": {
								"north": {"uv": [136, 291], "uv_size": [1, 1]},
								"east": {"uv": [289, 186], "uv_size": [9, 1]},
								"south": {"uv": [291, 136], "uv_size": [1, 1]},
								"west": {"uv": [201, 289], "uv_size": [9, 1]},
								"up": {"uv": [210, 289], "uv_size": [1, 9]},
								"down": {"uv": [211, 298], "uv_size": [1, -9]}
							}
						},
						{
							"origin": [1.6, 25.2, -45],
							"size": [1, 0.5, 9.9],
							"pivot": [2.6, 23.8, -48.9],
							"rotation": [0, 0, -32.5],
							"uv": {
								"north": {"uv": [137, 291], "uv_size": [1, 1]},
								"east": {"uv": [288, 258], "uv_size": [10, 1]},
								"south": {"uv": [291, 137], "uv_size": [1, 1]},
								"west": {"uv": [288, 259], "uv_size": [10, 1]},
								"up": {"uv": [261, 288], "uv_size": [1, 10]},
								"down": {"uv": [262, 298], "uv_size": [1, -10]}
							}
						},
						{
							"origin": [1.6, 23.8, -45],
							"size": [1, 0.5, 9.9],
							"pivot": [2.6, 23.8, -48.9],
							"rotation": [0, 0, -32.5],
							"uv": {
								"north": {"uv": [133, 291], "uv_size": [1, 1]},
								"east": {"uv": [242, 38], "uv_size": [10, 1]},
								"south": {"uv": [291, 133], "uv_size": [1, 1]},
								"west": {"uv": [266, 188], "uv_size": [10, 1]},
								"up": {"uv": [288, 177], "uv_size": [1, 10]},
								"down": {"uv": [198, 298], "uv_size": [1, -10]}
							}
						},
						{
							"origin": [1.6, 23.8, -32.1],
							"size": [1, 0.5, 8.6],
							"pivot": [2.6, 23.8, -36],
							"rotation": [0, 0, -32.5],
							"uv": {
								"north": {"uv": [132, 291], "uv_size": [1, 1]},
								"east": {"uv": [289, 182], "uv_size": [9, 1]},
								"south": {"uv": [291, 132], "uv_size": [1, 1]},
								"west": {"uv": [289, 183], "uv_size": [9, 1]},
								"up": {"uv": [183, 289], "uv_size": [1, 9]},
								"down": {"uv": [184, 298], "uv_size": [1, -9]}
							}
						},
						{"origin": [1.6, 23.8, -23.5], "size": [1, 1.9, 1.5], "inflate": -0.001, "pivot": [2.6, 23.8, -34.5], "rotation": [0, 0, -32.5], "uv": [226, 37]},
						{"origin": [1.6, 21.3, -22], "size": [1, 2.5, 1.5], "pivot": [2.6, 22.55, -22], "rotation": [0, -22.5, 0], "uv": [64, 282]},
						{"origin": [1.6, 21.3, -23.5], "size": [1, 2.5, 1.5], "uv": [202, 276]},
						{"origin": [-0.4, 24.4, -22], "size": [2, 1, 1.5], "pivot": [0.6, 25.4, -22], "rotation": [-45, 0, 0], "uv": [224, 153]},
						{"origin": [-0.4, 24.4, -48.5], "size": [2, 1, 26.5], "uv": [0, 201]},
						{"origin": [-2.3, 19.7, -48.5], "size": [1.9, 1, 3.5], "inflate": -0.001, "pivot": [-0.4, 19.7, -58], "rotation": [0, 0, 58], "uv": [88, 285]},
						{"origin": [1.6, 19.7, -48.5], "size": [1.9, 1, 3.5], "inflate": -0.001, "pivot": [1.6, 19.7, -58], "rotation": [0, 0, -58], "uv": [96, 285]},
						{"origin": [-2.3, 19.7, -35.1], "size": [1.9, 1, 3], "pivot": [-0.4, 19.7, -44.6], "rotation": [0, 0, 58], "uv": [72, 285]},
						{"origin": [1.6, 19.7, -35.1], "size": [1.9, 1, 3], "pivot": [1.6, 19.7, -44.6], "rotation": [0, 0, -58], "uv": [80, 285]},
						{
							"origin": [1.6, 19.7, -32.1],
							"size": [0.5, 1, 8.6],
							"pivot": [1.6, 19.7, -36],
							"rotation": [0, 0, -58],
							"uv": {
								"north": {"uv": [175, 291], "uv_size": [1, 1]},
								"east": {"uv": [264, 289], "uv_size": [9, 1]},
								"south": {"uv": [291, 177], "uv_size": [1, 1]},
								"west": {"uv": [273, 289], "uv_size": [9, 1]},
								"up": {"uv": [254, 289], "uv_size": [1, 9]},
								"down": {"uv": [255, 298], "uv_size": [1, -9]}
							}
						},
						{
							"origin": [1.6, 19.7, -45],
							"size": [0.5, 1, 9.9],
							"pivot": [1.6, 19.7, -47.6],
							"rotation": [0, 0, -58],
							"uv": {
								"north": {"uv": [291, 178], "uv_size": [1, 1]},
								"east": {"uv": [23, 289], "uv_size": [10, 1]},
								"south": {"uv": [291, 179], "uv_size": [1, 1]},
								"west": {"uv": [64, 289], "uv_size": [10, 1]},
								"up": {"uv": [33, 289], "uv_size": [1, 10]},
								"down": {"uv": [44, 299], "uv_size": [1, -10]}
							}
						},
						{
							"origin": [3, 19.7, -45],
							"size": [0.5, 1, 9.9],
							"pivot": [1.6, 19.7, -47.6],
							"rotation": [0, 0, -58],
							"uv": {
								"north": {"uv": [173, 291], "uv_size": [1, 1]},
								"east": {"uv": [1, 289], "uv_size": [10, 1]},
								"south": {"uv": [174, 291], "uv_size": [1, 1]},
								"west": {"uv": [11, 289], "uv_size": [10, 1]},
								"up": {"uv": [21, 289], "uv_size": [1, 10]},
								"down": {"uv": [22, 299], "uv_size": [1, -10]}
							}
						},
						{
							"origin": [3, 19.7, -32.1],
							"size": [0.5, 1, 8.6],
							"pivot": [1.6, 19.7, -36],
							"rotation": [0, 0, -58],
							"uv": {
								"north": {"uv": [171, 291], "uv_size": [1, 1]},
								"east": {"uv": [236, 289], "uv_size": [9, 1]},
								"south": {"uv": [172, 291], "uv_size": [1, 1]},
								"west": {"uv": [245, 289], "uv_size": [9, 1]},
								"up": {"uv": [232, 289], "uv_size": [1, 9]},
								"down": {"uv": [233, 298], "uv_size": [1, -9]}
							}
						},
						{"origin": [1.6, 19.7, -23.5], "size": [1.9, 1, 1.5], "inflate": -0.001, "pivot": [1.6, 19.7, -34.5], "rotation": [0, 0, -58], "uv": [234, 37]},
						{
							"origin": [-2.3, 19.7, -32.1],
							"size": [0.5, 1, 8.6],
							"pivot": [-0.4, 19.7, -36],
							"rotation": [0, 0, 58],
							"uv": {
								"north": {"uv": [225, 291], "uv_size": [1, 1]},
								"east": {"uv": [10, 290], "uv_size": [9, 1]},
								"south": {"uv": [226, 291], "uv_size": [1, 1]},
								"west": {"uv": [23, 290], "uv_size": [9, 1]},
								"up": {"uv": [258, 289], "uv_size": [1, 9]},
								"down": {"uv": [259, 298], "uv_size": [1, -9]}
							}
						},
						{
							"origin": [-2.3, 19.7, -45],
							"size": [0.5, 1, 9.9],
							"pivot": [-0.4, 19.7, -47.6],
							"rotation": [0, 0, 58],
							"uv": {
								"north": {"uv": [227, 291], "uv_size": [1, 1]},
								"east": {"uv": [94, 289], "uv_size": [10, 1]},
								"south": {"uv": [228, 291], "uv_size": [1, 1]},
								"west": {"uv": [124, 289], "uv_size": [10, 1]},
								"up": {"uv": [47, 289], "uv_size": [1, 10]},
								"down": {"uv": [48, 299], "uv_size": [1, -10]}
							}
						},
						{
							"origin": [-0.9, 19.7, -45],
							"size": [0.5, 1, 9.9],
							"pivot": [-0.4, 19.7, -47.6],
							"rotation": [0, 0, 58],
							"uv": {
								"north": {"uv": [223, 291], "uv_size": [1, 1]},
								"east": {"uv": [74, 289], "uv_size": [10, 1]},
								"south": {"uv": [224, 291], "uv_size": [1, 1]},
								"west": {"uv": [84, 289], "uv_size": [10, 1]},
								"up": {"uv": [45, 289], "uv_size": [1, 10]},
								"down": {"uv": [46, 299], "uv_size": [1, -10]}
							}
						},
						{
							"origin": [-0.9, 19.7, -32.1],
							"size": [0.5, 1, 8.6],
							"pivot": [-0.4, 19.7, -36],
							"rotation": [0, 0, 58],
							"uv": {
								"north": {"uv": [291, 180], "uv_size": [1, 1]},
								"east": {"uv": [282, 289], "uv_size": [9, 1]},
								"south": {"uv": [291, 181], "uv_size": [1, 1]},
								"west": {"uv": [1, 290], "uv_size": [9, 1]},
								"up": {"uv": [256, 289], "uv_size": [1, 9]},
								"down": {"uv": [257, 298], "uv_size": [1, -9]}
							}
						},
						{"origin": [-2.3, 19.7, -23.5], "size": [1.9, 1, 1.5], "inflate": -0.001, "pivot": [-0.4, 19.7, -34.5], "rotation": [0, 0, 58], "uv": [238, 37]},
						{"origin": [-0.4, 19.7, -22], "size": [2, 1, 1.5], "pivot": [0.6, 19.7, -22], "rotation": [45, 0, 0], "uv": [220, 37]},
						{"origin": [-0.4, 19.7, -48.5], "size": [2, 1, 26.5], "uv": [134, 39]},
						{"origin": [-1.9, 15.5, -41], "size": [1, 4, 35], "uv": [134, 0]},
						{"origin": [-1.9, 18.7, -5.5], "size": [1, 3, 33], "uv": [0, 165]},
						{"origin": [-1.9, 17.5, -9.3], "size": [1, 2, 4.8], "inflate": -0.001, "pivot": [-1.9, 19.5, -7.3], "rotation": [50, 0, 0], "uv": [264, 283]},
						{"origin": [2.1, 17.5, -9.3], "size": [1, 2, 4.8], "inflate": -0.001, "pivot": [2.1, 19.5, -7.3], "rotation": [50, 0, 0], "uv": [200, 283]},
						{"origin": [2.1, 18.7, -5.5], "size": [1, 3, 33], "uv": [98, 155]},
						{"origin": [2.1, 11.7, 20.5], "size": [1, 7, 7], "pivot": [3.1, 18.7, 24], "rotation": [0, 0, 5], "uv": [36, 250]},
						{"origin": [-1.9, 11.7, 20.5], "size": [1, 7, 7], "pivot": [-1.9, 18.7, 24], "rotation": [0, 0, -5], "uv": [36, 264]},
						{"origin": [-1.9, 11.5, -48], "size": [1, 1, 7], "inflate": -0.001, "pivot": [-1.9, 12.5, -44.5], "rotation": [0, 0, -45], "uv": [276, 225]},
						{"origin": [-1.20711, 11.79289, -48], "size": [3.6, 1.2, 7], "uv": [170, 147]},
						{"origin": [2.1, 11.5, -48], "size": [1, 1, 7], "inflate": -0.001, "pivot": [3.1, 12.5, -44.5], "rotation": [0, 0, 45], "uv": [276, 233]},
						{"origin": [-1.9, 12.5, -48], "size": [1, 7, 7], "uv": [90, 248]},
						{"origin": [-1.9, 12.5, -44], "size": [1, 4, 3], "inflate": -0.001, "pivot": [-1.4, 12.5, -41], "rotation": [-32.5, 0, 0], "uv": [36, 284]},
						{"origin": [2.1, 12.5, -44], "size": [1, 4, 3], "inflate": -0.001, "pivot": [2.6, 12.5, -41], "rotation": [-32.5, 0, 0], "uv": [116, 283]},
						{"origin": [-1.9, 12.5, -22], "size": [1, 3, 17], "uv": [184, 246]},
						{"origin": [-0.9, 15.5, -7], "size": [3, 4, 1], "uv": [252, 284]},
						{"origin": [-0.9, 11, -6], "size": [3, 4.5, 1], "uv": [244, 284]},
						{"origin": [-1.9, 11, -8], "size": [1, 1.5, 3], "uv": [218, 285]},
						{"origin": [-1.9, 11, -13.5], "size": [1, 1.5, 2], "uv": [276, 257]},
						{"origin": [-1.9, 11, -22], "size": [1, 1.5, 8.5], "inflate": -0.001, "pivot": [-0.9, 11, -13.5], "rotation": [-10, 0, 0], "uv": [18, 270]},
						{"origin": [2.1, 11, -22], "size": [1, 1.5, 8.5], "inflate": -0.001, "pivot": [3.1, 11, -13.5], "rotation": [-10, 0, 0], "uv": [0, 270]},
						{"origin": [2.1, 11, -13.5], "size": [1, 1.5, 2], "uv": [196, 276]},
						{"origin": [2.1, 11, -8], "size": [1, 1.5, 3], "uv": [210, 285]},
						{"origin": [-1.9, 12.5, -22], "size": [5, 4, 2], "inflate": -0.001, "pivot": [2.6, 12.5, -22], "rotation": [30, 0, 0], "uv": [278, 188]},
						{"origin": [2.1, 12.5, -22], "size": [1, 3, 17], "uv": [148, 246]},
						{"origin": [-0.9, 17.5, -48], "size": [2, 2, 27], "inflate": -0.001, "pivot": [-0.9, 19.5, -44.5], "rotation": [0, 0, 22.5], "uv": [200, 68]},
						{"origin": [0.1, 17.5, -48], "size": [2, 2, 27], "inflate": -0.001, "pivot": [2.1, 19.5, -44.5], "rotation": [0, 0, -22.5], "uv": [200, 39]},
						{"origin": [2.1, 12.5, -48], "size": [1, 7, 7], "uv": [220, 246]},
						{"origin": [2.1, 15.5, -41], "size": [1, 4, 35], "uv": [98, 116]},
						{"origin": [1.6, 13, -47], "size": [2, 1, 25], "pivot": [1.6, 13, -47], "rotation": [0, 0, -45], "uv": [128, 220]},
						{"origin": [-2.4, 13, -47], "size": [2, 1, 25], "pivot": [-0.4, 13, -47], "rotation": [0, 0, 45], "uv": [182, 220]},
						{"origin": [-1.81421, 14.41421, -47], "size": [1, 2, 25], "uv": [226, 189]},
						{"origin": [2.01421, 14.41421, -47], "size": [1, 2, 25], "uv": [56, 221]},
						{"origin": [-0.9, 13, -48], "size": [3, 4, 1], "uv": [284, 283]},
						{"origin": [-0.4, 13, -47], "size": [2, 1, 25], "uv": [206, 0]},
						{"origin": [-0.9, 25.3, -47.7], "size": [3, 2, 2], "inflate": -0.4, "pivot": [0.6, 26.3, -46.7], "rotation": [-45, 0, 0], "uv": [-1, 5]}
					]
				},
				{
					"name": "hammer",
					"parent": "gun",
					"pivot": [4.1, 22.5, -17.4],
					"cubes": [
						{"origin": [-1.2, 21, -20], "size": [3.6, 3, 22], "uv": [232, 97]},
						{"origin": [1.6, 21.6, -18.4], "size": [3, 2, 2], "inflate": -0.5, "pivot": [2.6, 22.6, -17.4], "rotation": [-30, 0, 0], "uv": [226, 216]}
					]
				},
				{
					"name": "stockfeet and handle",
					"parent": "gun",
					"pivot": [0.6, 16.3, -43.8],
					"cubes": [
						{"origin": [-2.5, 14.3, -45.8], "size": [6.2, 4, 4], "pivot": [0.6, 16.3, -43.8], "rotation": [-45, 0, 0], "uv": [108, 238]},
						{"origin": [-4.93132, 10.75369, -77.71159], "size": [1, 3, 3], "inflate": -0.001, "pivot": [-3.93132, 12.25369, -74.71159], "rotation": [12.9271, 54.3059, 10.5594], "uv": [170, 284]},
						{"origin": [-3.35871, 13.11415, -74.71656], "size": [1, 3, 19], "pivot": [-3.35871, 13.61415, -56.71656], "rotation": [7.5283, 4.9571, 0.6543], "uv": [236, 238]},
						{"origin": [-2.83578, 14.19433, -55.79053], "size": [1, 2.4, 6], "pivot": [-2.83578, 14.39433, -50.79053], "rotation": [7.5283, 4.9571, 0.6543], "uv": [276, 249]},
						{"origin": [-2.31284, 15.1745, -49.86449], "size": [1, 2, 6], "pivot": [-2.31284, 15.1745, -44.86449], "rotation": [7.5283, 4.9571, 0.6543], "uv": [250, 276]},
						{"origin": [2.51284, 15.1745, -49.86449], "size": [1, 2, 6], "pivot": [2.51284, 15.1745, -44.86449], "rotation": [7.5283, -4.9571, -0.6543], "uv": [236, 276]},
						{"origin": [3.03578, 14.19433, -55.79053], "size": [1, 2.4, 6], "pivot": [3.03578, 14.39433, -50.79053], "rotation": [7.5283, -4.9571, -0.6543], "uv": [276, 241]},
						{"origin": [3.55871, 13.11415, -74.71656], "size": [1, 3, 19], "pivot": [3.55871, 13.61415, -56.71656], "rotation": [7.5283, -4.9571, -0.6543], "uv": [236, 216]},
						{"origin": [5.12752, 10.76506, -77.62518], "size": [1, 3, 3], "inflate": -0.001, "pivot": [5.12752, 12.26506, -74.62518], "rotation": [12.9271, -54.3059, -10.5594], "uv": [162, 284]}
					]
				},
				{
					"name": "handler tube",
					"parent": "stockfeet and handle",
					"pivot": [0.6, 16.3, -43.8],
					"cubes": [
						{
							"origin": [-2.3, 17, -44.3],
							"size": [0.5, 13, 1],
							"uv": {
								"north": {"uv": [192, 288], "uv_size": [1, 13]},
								"east": {"uv": [193, 288], "uv_size": [1, 13]},
								"south": {"uv": [194, 288], "uv_size": [1, 13]},
								"west": {"uv": [195, 288], "uv_size": [1, 13]},
								"up": {"uv": [291, 261], "uv_size": [1, 1]},
								"down": {"uv": [291, 263], "uv_size": [1, -1]}
							}
						},
						{
							"origin": [-1.8, 29.5, -44.3],
							"size": [4.8, 0.5, 1],
							"uv": {
								"north": {"uv": [252, 38], "uv_size": [5, 1]},
								"east": {"uv": [291, 263], "uv_size": [1, 1]},
								"south": {"uv": [290, 138], "uv_size": [5, 1]},
								"west": {"uv": [264, 291], "uv_size": [1, 1]},
								"up": {"uv": [290, 139], "uv_size": [5, 1]},
								"down": {"uv": [171, 291], "uv_size": [5, -1]}
							}
						},
						{
							"origin": [3, 17, -44.3],
							"size": [0.5, 13, 1],
							"uv": {
								"north": {"uv": [188, 288], "uv_size": [1, 13]},
								"east": {"uv": [189, 288], "uv_size": [1, 13]},
								"south": {"uv": [190, 288], "uv_size": [1, 13]},
								"west": {"uv": [191, 288], "uv_size": [1, 13]},
								"up": {"uv": [291, 251], "uv_size": [1, 1]},
								"down": {"uv": [291, 261], "uv_size": [1, -1]}
							}
						}
					]
				},
				{
					"name": "magazine",
					"parent": "main",
					"pivot": [0.6, 5.75, -12.25],
					"cubes": [
						{"origin": [-0.9, 5.75, -20.25], "size": [3, 15, 14], "uv": [128, 191]},
						{"origin": [-0.9, 4.05, -14.25], "size": [3, 2, 6], "inflate": 0.2, "uv": [260, 18]},
						{"origin": [-0.9, 4.05, -8.25], "size": [3, 2, 3], "inflate": 0.201, "pivot": [1.5, 3.05, -8.25], "rotation": [17.5, 0, 0], "uv": [282, 103]},
						{"origin": [-0.9, 4.05, -21.25], "size": [3, 2, 7], "inflate": 0.201, "pivot": [1.5, 3.05, -14.25], "rotation": [-10, 0, 0], "uv": [52, 268]}
					]
				},
				{
					"name": "bullet",
					"parent": "magazine",
					"pivot": [0.85, 20.4, -15.7],
					"cubes": [
						{"origin": [0.05, 20, -18.2], "size": [1, 1, 10], "inflate": 0.5, "pivot": [0.55, 20.5, -19.2], "rotation": [0, 0, 21], "uv": [266, 168]}
					]
				},
				{
					"name": "bullet1",
					"parent": "magazine",
					"pivot": [0.85, 20.4, -15.7],
					"cubes": [
						{"origin": [0.05, 20, -18.2], "size": [1, 1, 10], "inflate": 0.5, "pivot": [0.55, 20.5, -19.2], "rotation": [0, 0, 21], "uv": [266, 168]}
					]
				},
				{
					"name": "rightarm",
					"parent": "main",
					"pivot": [-4.3, 8.8, 21.8],
					"rotation": [-101.81106, -12.40003, -2.46982],
					"cubes": [
						{"origin": [-8.3, -15.2, 17.8], "size": [8, 24, 8], "uv": [232, 122]}
					]
				},
				{
					"name": "leftarm",
					"parent": "main",
					"pivot": [11.7, 5.3, -11.6],
					"rotation": [-119.61483, 1.67666, -38.31282],
					"cubes": [
						{"origin": [7.7, -18.7, -15.6], "size": [8, 24, 8], "uv": [234, 154]}
					]
				},
				{
					"name": "muzzleflash",
					"parent": "main",
					"pivot": [0.6, 22.45, -114.05],
					"cubes": [
						{"origin": [0.1, 21.95, -114.55], "size": [1, 1, 1], "inflate": -0.4, "uv": [27, 69]}
					]
				},
				{
					"name": "scope",
					"parent": "main",
					"pivot": [10, 33, 3.95],
					"cubes": [
						{"origin": [9.5, 32.5, 3.45], "size": [1, 1, 1], "inflate": -0.4, "uv": [27, 69]}
					]
				},
				{
					"name": "_cb_scope",
					"parent": "main",
					"pivot": [0.6, 25, -13],
					"cubes": [
						{"origin": [-0.4, 25, -14], "size": [2, 2, 2], "uv": [0, 0]}
					]
				},
				{
					"name": "reticle",
					"parent": "main",
					"pivot": [10, 33, -42.5],
					"cubes": [
						{"origin": [9.5, 32.5, -43], "size": [1, 1, 1], "uv": [2, 1]}
					]
				},
				{
					"name": "_camera_",
					"pivot": [10, 33, 19]
				}
			]
		}
	]
}