{
	"format_version": "1.12.0",
	"minecraft:geometry": [
		{
			"description": {
				"identifier": "geometry.unknown",
				"texture_width": 128,
				"texture_height": 128,
				"visible_bounds_width": 4,
				"visible_bounds_height": 3.5,
				"visible_bounds_offset": [0, 1.25, 0]
			},
			"bones": [
				{
					"name": "main",
					"pivot": [0, 0, 0]
				},
				{
					"name": "box scope",
					"parent": "main",
					"pivot": [0.6, 1, 7.5],
					"cubes": [
						{"origin": [-1.4, 3.5, -20.5], "size": [4, 4, 10], "inflate": 0.1, "pivot": [0.6, 5.5, -19.5], "rotation": [0, 0, 45], "uv": [36, 60]},
						{"origin": [-1.4, 3.3, -10.7], "size": [4, 4, 3], "inflate": -0.3, "pivot": [0.6, 5.3, -17.7], "rotation": [0, 0, 45], "uv": [64, 66]},
						{"origin": [-1.4, 3.5, -13.4], "size": [4, 4, 1.5], "inflate": 0.4, "pivot": [0.6, 5.5, -16.9], "rotation": [0, 0, 45], "uv": [72, 45]},
						{"origin": [-5.4, 2.8, -8.5], "size": [8, 5, 17], "uv": [0, 0]},
						{"origin": [2.6, 3.8, -8.5], "size": [1, 3, 17], "uv": [0, 22]},
						{"origin": [-6.4, 3.8, -8.5], "size": [1, 3, 17], "uv": [36, 22]},
						{"origin": [-6.6, 5.3, 4.5], "size": [1, 1, 3], "uv": [72, 56]},
						{"origin": [-6.4, 6.8, -8.5], "size": [1, 1.4, 17], "inflate": -0.001, "pivot": [-6.4, 6.8, 0], "rotation": [0, 0, 45], "uv": [0, 42]},
						{"origin": [-6.8, 2.8, -8.5], "size": [1.4, 1, 17], "inflate": -0.001, "pivot": [-5.4, 2.8, 0], "rotation": [0, 0, 45], "uv": [36, 42]},
						{"origin": [2.6, 6.8, -8.5], "size": [1, 1.4, 17], "inflate": -0.001, "pivot": [3.6, 6.8, 0], "rotation": [0, 0, -45], "uv": [50, 0]},
						{"origin": [1.6, 2.8, -8.5], "size": [1, 1.4, 17], "inflate": -0.001, "pivot": [2.6, 2.8, 0], "rotation": [0, 0, 45], "uv": [0, 60]},
						{"origin": [-3.9, 3.3, 8.5], "size": [6, 4, 2], "uv": [64, 60]},
						{"origin": [2.1, 4.3, 8.5], "size": [1, 2, 2], "uv": [66, 18]},
						{"origin": [-4.9, 4.3, 8.5], "size": [1, 2, 2], "uv": [50, 77]},
						{"origin": [-4.9, 2.9, 8.5], "size": [1, 1.4, 2], "inflate": -0.001, "pivot": [-4.9, 4.3, 9.5], "rotation": [0, 0, -45], "uv": [12, 78]},
						{"origin": [-4.9, 6.3, 8.5], "size": [1, 1.4, 2], "inflate": -0.001, "pivot": [-4.9, 6.3, 9.5], "rotation": [0, 0, 45], "uv": [18, 78]},
						{"origin": [2.1, 2.9, 8.5], "size": [1, 1.4, 2], "inflate": -0.001, "pivot": [3.1, 4.3, 9.5], "rotation": [0, 0, 45], "uv": [24, 78]},
						{"origin": [2.1, 6.3, 8.5], "size": [1, 1.4, 2], "inflate": -0.001, "pivot": [3.1, 6.3, 9.5], "rotation": [0, 0, -45], "uv": [30, 78]},
						{
							"origin": [-3.9, 6.8, 10.5],
							"size": [6, 0.5, 3],
							"uv": {
								"north": {"uv": [78, 69], "uv_size": [6, 1]},
								"east": {"uv": [80, 60], "uv_size": [3, 1]},
								"south": {"uv": [78, 70], "uv_size": [6, 1]},
								"west": {"uv": [80, 61], "uv_size": [3, 1]},
								"up": {"uv": [78, 66], "uv_size": [6, 3]},
								"down": {"uv": [68, 81], "uv_size": [6, -3]}
							}
						},
						{
							"origin": [-5.3, 6.8, 10.5],
							"size": [1.4, 0.5, 3],
							"inflate": -0.001,
							"pivot": [-3.9, 7.3, 13.5],
							"rotation": [0, 0, -45],
							"uv": {
								"north": {"uv": [50, 81], "uv_size": [1, 1]},
								"east": {"uv": [80, 62], "uv_size": [3, 1]},
								"south": {"uv": [51, 81], "uv_size": [1, 1]},
								"west": {"uv": [80, 63], "uv_size": [3, 1]},
								"up": {"uv": [80, 71], "uv_size": [1, 3]},
								"down": {"uv": [80, 77], "uv_size": [1, -3]}
							}
						},
						{
							"origin": [2.1, 6.8, 10.5],
							"size": [1.4, 0.5, 3],
							"inflate": -0.001,
							"pivot": [2.1, 7.3, 13.5],
							"rotation": [0, 0, 45],
							"uv": {
								"north": {"uv": [52, 81], "uv_size": [1, 1]},
								"east": {"uv": [80, 64], "uv_size": [3, 1]},
								"south": {"uv": [53, 81], "uv_size": [1, 1]},
								"west": {"uv": [80, 65], "uv_size": [3, 1]},
								"up": {"uv": [76, 80], "uv_size": [1, 3]},
								"down": {"uv": [77, 83], "uv_size": [1, -3]}
							}
						},
						{
							"origin": [3.1, 5.8, 10.5],
							"size": [2, 0.5, 2],
							"pivot": [3.1, 6.3, 13.5],
							"rotation": [0, 0, 90],
							"uv": {
								"north": {"uv": [80, 77], "uv_size": [2, 1]},
								"east": {"uv": [78, 80], "uv_size": [2, 1]},
								"south": {"uv": [80, 78], "uv_size": [2, 1]},
								"west": {"uv": [80, 79], "uv_size": [2, 1]},
								"up": {"uv": [78, 71], "uv_size": [2, 2]},
								"down": {"uv": [48, 81], "uv_size": [2, -2]}
							}
						},
						{
							"origin": [3.1, 3.8, 10.5],
							"size": [1.4, 0.5, 2],
							"inflate": -0.001,
							"pivot": [3.1, 4.3, 13.5],
							"rotation": [0, 0, 135],
							"uv": {
								"north": {"uv": [54, 81], "uv_size": [1, 1]},
								"east": {"uv": [80, 80], "uv_size": [2, 1]},
								"south": {"uv": [55, 81], "uv_size": [1, 1]},
								"west": {"uv": [12, 81], "uv_size": [2, 1]},
								"up": {"uv": [14, 81], "uv_size": [1, 2]},
								"down": {"uv": [15, 83], "uv_size": [1, -2]}
							}
						},
						{
							"origin": [-4.4, 5.8, 10.5],
							"size": [2, 0.5, 2],
							"pivot": [-4.4, 6.3, 13.5],
							"rotation": [0, 0, 90],
							"uv": {
								"north": {"uv": [16, 81], "uv_size": [2, 1]},
								"east": {"uv": [18, 81], "uv_size": [2, 1]},
								"south": {"uv": [20, 81], "uv_size": [2, 1]},
								"west": {"uv": [22, 81], "uv_size": [2, 1]},
								"up": {"uv": [58, 79], "uv_size": [2, 2]},
								"down": {"uv": [60, 81], "uv_size": [2, -2]}
							}
						},
						{
							"origin": [-4.9, 4.3, 10.5],
							"size": [1.4, 0.5, 2],
							"inflate": -0.001,
							"pivot": [-4.9, 4.3, 13.5],
							"rotation": [0, 0, 45],
							"uv": {
								"north": {"uv": [58, 81], "uv_size": [1, 1]},
								"east": {"uv": [24, 81], "uv_size": [2, 1]},
								"south": {"uv": [59, 81], "uv_size": [1, 1]},
								"west": {"uv": [26, 81], "uv_size": [2, 1]},
								"up": {"uv": [28, 81], "uv_size": [1, 2]},
								"down": {"uv": [29, 83], "uv_size": [1, -2]}
							}
						},
						{
							"origin": [-0.4, 8.8, 0.3],
							"size": [2, 1, 2],
							"inflate": 0.2,
							"pivot": [0.6, 9.55, 1.3],
							"rotation": [0, 45, 0],
							"uv": {
								"north": {"uv": [30, 81], "uv_size": [2, 1]},
								"east": {"uv": [32, 81], "uv_size": [2, 1]},
								"south": {"uv": [34, 81], "uv_size": [2, 1]},
								"west": {"uv": [48, 81], "uv_size": [2, 1]},
								"up": {"uv": [62, 79], "uv_size": [2, 2]},
								"down": {"uv": [56, 82], "uv_size": [2, -2]}
							}
						},
						{
							"origin": [-0.4, 6.9, 0.3],
							"size": [2, 3, 2],
							"inflate": -0.2,
							"pivot": [0.6, 8.65, 1.3],
							"rotation": [0, 45, 0],
							"uv": {
								"north": {"uv": [56, 77], "uv_size": [2, 3]},
								"east": {"uv": [74, 78], "uv_size": [2, 3]},
								"south": {"uv": [44, 79], "uv_size": [2, 3]},
								"west": {"uv": [46, 79], "uv_size": [2, 3]},
								"up": {"uv": [80, 56], "uv_size": [2, 2]},
								"down": {"uv": [80, 60], "uv_size": [2, -2]}
							}
						},
						{"origin": [1.1, 1, -3], "size": [1, 3.5, 2], "inflate": -0.001, "pivot": [2.1, 1, -2], "rotation": [0, 0, 45], "uv": [64, 73]},
						{"origin": [3.57487, 3.47487, -3], "size": [1, 3.5, 2], "uv": [70, 73]},
						{"origin": [-0.83934, 7.38909, -3], "size": [4, 1, 2], "uv": [72, 50]},
						{"origin": [-2.83934, 7.38909, -3], "size": [2, 1, 2], "pivot": [-0.83934, 8.38909, -2], "rotation": [0, 0, -22.5], "uv": [36, 74]},
						{"origin": [3.57487, 6.97487, -3], "size": [1, 2, 2], "inflate": -0.001, "pivot": [4.57487, 6.97487, -2], "rotation": [0, 0, -45], "uv": [0, 78]},
						{"origin": [1.1, 1, 4.8], "size": [1, 3.5, 2], "inflate": -0.001, "pivot": [2.1, 1, 5.8], "rotation": [0, 0, 45], "uv": [44, 74]},
						{"origin": [-2.83934, 7.38909, 4.8], "size": [2, 1, 2], "pivot": [-0.83934, 8.38909, 5.8], "rotation": [0, 0, -22.5], "uv": [50, 74]},
						{"origin": [-0.83934, 7.38909, 4.8], "size": [4, 1, 2], "uv": [72, 53]},
						{"origin": [3.57487, 6.97487, 4.8], "size": [1, 2, 2], "inflate": -0.001, "pivot": [4.57487, 6.97487, 5.8], "rotation": [0, 0, -45], "uv": [6, 78]},
						{"origin": [3.57487, 3.47487, 4.8], "size": [1, 3.5, 2], "uv": [58, 74]},
						{"origin": [3.57487, 4.17487, -1], "size": [1, 1, 5.8], "uv": [72, 30]},
						{"origin": [-0.9, 0, 0], "size": [3, 2.7, 3.8], "uv": [72, 36]},
						{"origin": [-1.6, 0.19289, 1], "size": [4.4, 2, 2], "inflate": -0.2, "pivot": [0.6, 1.19289, 2], "rotation": [-45, 0, 0], "uv": [72, 41]},
						{"origin": [-0.9, 0, 3.8], "size": [3, 2.5, 4], "uv": [72, 18]},
						{"origin": [-0.9, 0, -4], "size": [3, 2.5, 4], "uv": [72, 24]},
						{"origin": [-7.1, 1.7, 6.3], "size": [1, 4.6, 1], "inflate": -0.2, "pivot": [-6.6, 5.3, 6.8], "rotation": [-25, 0, 0], "uv": [40, 77]},
						{"origin": [-9.1, -6.75202, 4.58142], "size": [1, 6.5, 1], "inflate": -0.2, "pivot": [-8.9, 1.54798, 5.38142], "rotation": [0, -25, -90], "uv": [76, 73]},
						{"origin": [-9.1, -6.75202, 2.58142], "size": [1, 6.5, 1], "inflate": -0.2, "pivot": [-8.9, 1.54798, 3.38142], "rotation": [0, -25, -90], "uv": [36, 77]},
						{"origin": [-7.1, 1.7, 4.3], "size": [1, 4.6, 1], "inflate": -0.2, "pivot": [-6.6, 5.3, 4.8], "rotation": [-25, 0, 0], "uv": [64, 78]}
					]
				},
				{
					"name": "scopepip",
					"parent": "box scope",
					"pivot": [0.6, 4.3, 9.6],
					"cubes": [
						{"origin": [-4.1, 2.1, 9.7], "size": [6.4, 6.4, 1], "uv": [-2, 1]}
					]
				},
				{
					"name": "glow",
					"parent": "box scope",
					"pivot": [-2.4, 5.3, 9.6],
					"cubes": [
						{"origin": [-3.9, 4.05, 8.6], "size": [6, 2.5, 2], "inflate": -0.001, "uv": [50, 18]},
						{
							"origin": [-3.8, 4.1, 10.6],
							"size": [5.8, 2.4, 0],
							"uv": {
								"north": {"uv": [2, 2], "uv_size": [3, 2]},
								"east": {"uv": [2, 2], "uv_size": [0, 2]},
								"south": {"uv": [0, 84], "uv_size": [66, 30]},
								"west": {"uv": [5, 2], "uv_size": [0, 2]},
								"up": {"uv": [2, 2], "uv_size": [3, 0]},
								"down": {"uv": [5, 2], "uv_size": [3, 0]}
							}
						}
					]
				},
				{
					"name": "scope",
					"parent": "main",
					"pivot": [-0.9, 5.3, 18.95],
					"cubes": [
						{"origin": [-1.4, 4.8, 18.45], "size": [1, 1, 1], "inflate": -0.4, "uv": [27, 69]}
					]
				},
				{
					"name": "_ca_scope",
					"parent": "main",
					"pivot": [0.6, 0, 2],
					"cubes": [
						{"origin": [-0.4, 0, 1], "size": [2, 2, 2], "uv": [0, 0]}
					]
				}
			]
		}
	]
}