{
	"format_version": "1.12.0",
	"minecraft:geometry": [
		{
			"description": {
				"identifier": "geometry.unknown",
				"texture_width": 32,
				"texture_height": 32,
				"visible_bounds_width": 3,
				"visible_bounds_height": 3.5,
				"visible_bounds_offset": [0, 1.25, 0]
			},
			"bones": [
				{
					"name": "main",
					"pivot": [0, 0, 0]
				},
				{
					"name": "shortscope",
					"parent": "main",
					"pivot": [0, 0.9, -4],
					"cubes": [
						{"origin": [-1, 2.9, 5.2], "size": [2, 2, 2], "pivot": [0, 3.9, 6.2], "rotation": [0, 0, -45], "uv": [16, 0]},
						{
							"origin": [-1, 0.9, -3.4],
							"size": [2, 0.7, 6.3],
							"uv": {
								"north": {"uv": [20, 15], "uv_size": [2, 1]},
								"east": {"uv": [18, 11], "uv_size": [6, 1]},
								"south": {"uv": [20, 16], "uv_size": [2, 1]},
								"west": {"uv": [18, 12], "uv_size": [6, 1]},
								"up": {"uv": [16, 11], "uv_size": [2, 6]},
								"down": {"uv": [16, 23], "uv_size": [2, -6]}
							}
						},
						{
							"origin": [-0.7, 1.6, -4.4],
							"size": [1.4, 0.9, 2.1],
							"uv": {
								"north": {"uv": [0, 23], "uv_size": [1, 1]},
								"east": {"uv": [20, 17], "uv_size": [2, 1]},
								"south": {"uv": [1, 23], "uv_size": [1, 1]},
								"west": {"uv": [20, 18], "uv_size": [2, 1]},
								"up": {"uv": [20, 19], "uv_size": [1, 2]},
								"down": {"uv": [0, 23], "uv_size": [1, -2]}
							}
						},
						{"origin": [-1.2, 1.6, -2.4], "size": [2.4, 1.5, 6.5], "uv": [0, 9]},
						{"origin": [-1.3, 3.1, -2.4], "size": [2.6, 3.2, 6.5], "uv": [0, 0]},
						{"origin": [-1.5, 3.7, -2.4], "size": [3, 3, 2.5], "inflate": 0.001, "uv": [0, 16]},
						{
							"origin": [0.8, 3.7, 5.9],
							"size": [0.2, 1.3, 1.9],
							"pivot": [0, 4, 6.8],
							"rotation": [0, 0, -45],
							"uv": {
								"north": {"uv": [2, 23], "uv_size": [1, 1]},
								"east": {"uv": [1, 21], "uv_size": [2, 1]},
								"south": {"uv": [5, 23], "uv_size": [1, 1]},
								"west": {"uv": [3, 21], "uv_size": [2, 1]},
								"up": {"uv": [5, 21], "uv_size": [1, 2]},
								"down": {"uv": [6, 23], "uv_size": [1, -2]}
							}
						},
						{
							"origin": [0.8, 2.8, 5.9],
							"size": [0.2, 0.9, 1.5],
							"pivot": [0, 4, 6.8],
							"rotation": [0, 0, -45],
							"uv": {
								"north": {"uv": [6, 23], "uv_size": [1, 1]},
								"east": {"uv": [7, 23], "uv_size": [1, 1]},
								"south": {"uv": [8, 23], "uv_size": [1, 1]},
								"west": {"uv": [9, 23], "uv_size": [1, 1]},
								"up": {"uv": [10, 23], "uv_size": [1, 1]},
								"down": {"uv": [23, 14], "uv_size": [1, -1]}
							}
						},
						{
							"origin": [-1.2, 2.8, 5.9],
							"size": [2, 0.2, 1.5],
							"pivot": [0, 4, 6.8],
							"rotation": [0, 0, -45],
							"uv": {
								"north": {"uv": [7, 21], "uv_size": [2, 1]},
								"east": {"uv": [23, 14], "uv_size": [1, 1]},
								"south": {"uv": [9, 21], "uv_size": [2, 1]},
								"west": {"uv": [15, 23], "uv_size": [1, 1]},
								"up": {"uv": [11, 21], "uv_size": [2, 1]},
								"down": {"uv": [13, 22], "uv_size": [2, -1]}
							}
						},
						{
							"origin": [-1.2, 3, 5.9],
							"size": [0.2, 2, 1.5],
							"pivot": [0, 4, 6.8],
							"rotation": [0, 0, -45],
							"uv": {
								"north": {"uv": [15, 21], "uv_size": [1, 2]},
								"east": {"uv": [18, 21], "uv_size": [1, 2]},
								"south": {"uv": [19, 21], "uv_size": [1, 2]},
								"west": {"uv": [21, 19], "uv_size": [1, 2]},
								"up": {"uv": [23, 15], "uv_size": [1, 1]},
								"down": {"uv": [16, 24], "uv_size": [1, -1]}
							}
						},
						{
							"origin": [-1, 4.8, 5.9],
							"size": [0.7, 0.2, 1.5],
							"pivot": [0, 4, 6.8],
							"rotation": [0, 0, -45],
							"uv": {
								"north": {"uv": [23, 16], "uv_size": [1, 1]},
								"east": {"uv": [17, 23], "uv_size": [1, 1]},
								"south": {"uv": [23, 17], "uv_size": [1, 1]},
								"west": {"uv": [18, 23], "uv_size": [1, 1]},
								"up": {"uv": [23, 18], "uv_size": [1, 1]},
								"down": {"uv": [19, 24], "uv_size": [1, -1]}
							}
						},
						{
							"origin": [-0.3, 4.8, 5.9],
							"size": [1.1, 0.2, 1.9],
							"pivot": [0, 4, 6.8],
							"rotation": [0, 0, -45],
							"uv": {
								"north": {"uv": [23, 19], "uv_size": [1, 1]},
								"east": {"uv": [20, 21], "uv_size": [2, 1]},
								"south": {"uv": [20, 23], "uv_size": [1, 1]},
								"west": {"uv": [1, 22], "uv_size": [2, 1]},
								"up": {"uv": [3, 22], "uv_size": [1, 2]},
								"down": {"uv": [4, 24], "uv_size": [1, -2]}
							}
						},
						{"origin": [-1, 2.9, 4.3], "size": [2, 2, 1], "inflate": 0.2, "pivot": [0, 3.9, 4.3], "rotation": [0, 0, -45], "uv": [16, 8]},
						{"origin": [-1, 3.6, -3.7], "size": [2, 2, 1.5], "inflate": -0.2, "pivot": [0, 4.6, -3.2], "rotation": [0, 0, 45], "uv": [10, 16]},
						{
							"origin": [-1, 5.1, -4.5],
							"size": [2.1, 0.6, 2.2],
							"inflate": -0.2,
							"pivot": [0, 4.7, -3.5],
							"rotation": [0, 0, 45],
							"uv": {
								"north": {"uv": [7, 22], "uv_size": [2, 1]},
								"east": {"uv": [22, 8], "uv_size": [2, 1]},
								"south": {"uv": [9, 22], "uv_size": [2, 1]},
								"west": {"uv": [22, 9], "uv_size": [2, 1]},
								"up": {"uv": [18, 13], "uv_size": [2, 2]},
								"down": {"uv": [18, 17], "uv_size": [2, -2]}
							}
						},
						{
							"origin": [-1, 3.6, -4.5],
							"size": [0.6, 1.9, 2.2],
							"inflate": -0.2,
							"pivot": [0, 4.7, -3.5],
							"rotation": [0, 0, 45],
							"uv": {
								"north": {"uv": [11, 22], "uv_size": [1, 2]},
								"east": {"uv": [18, 17], "uv_size": [2, 2]},
								"south": {"uv": [12, 22], "uv_size": [1, 2]},
								"west": {"uv": [10, 19], "uv_size": [2, 2]},
								"up": {"uv": [13, 22], "uv_size": [1, 2]},
								"down": {"uv": [22, 15], "uv_size": [1, -2]}
							}
						},
						{
							"origin": [-1, 3.2, -4],
							"size": [0.6, 2, 1.7],
							"inflate": -0.2,
							"pivot": [0, 4.4, -3.5],
							"rotation": [0, 0, -135],
							"uv": {
								"north": {"uv": [14, 22], "uv_size": [1, 2]},
								"east": {"uv": [12, 19], "uv_size": [2, 2]},
								"south": {"uv": [22, 15], "uv_size": [1, 2]},
								"west": {"uv": [14, 19], "uv_size": [2, 2]},
								"up": {"uv": [22, 17], "uv_size": [1, 2]},
								"down": {"uv": [22, 21], "uv_size": [1, -2]}
							}
						},
						{
							"origin": [-1, 4.8, -4],
							"size": [2.2, 0.6, 1.7],
							"inflate": -0.2,
							"pivot": [0, 4.4, -3.5],
							"rotation": [0, 0, -135],
							"uv": {
								"north": {"uv": [22, 10], "uv_size": [2, 1]},
								"east": {"uv": [20, 22], "uv_size": [2, 1]},
								"south": {"uv": [22, 21], "uv_size": [2, 1]},
								"west": {"uv": [22, 22], "uv_size": [2, 1]},
								"up": {"uv": [18, 19], "uv_size": [2, 2]},
								"down": {"uv": [20, 15], "uv_size": [2, -2]}
							}
						},
						{"origin": [-1, 5.4, 0.6], "size": [2, 2, 2], "inflate": -0.4, "pivot": [0, 5.4, 1.6], "rotation": [0, 45, 0], "uv": [16, 4]}
					]
				},
				{
					"name": "scopepip",
					"parent": "shortscope",
					"pivot": [0, 3.9, 6.3],
					"cubes": [
						{"origin": [-1.3, 2.6, 6.3], "size": [2.6, 2.6, 1], "uv": [2, 25]}
					]
				},
				{
					"name": "scope",
					"parent": "main",
					"pivot": [0, 3.9, 11.9],
					"cubes": [
						{"origin": [-0.5, 3.4, 11.4], "size": [1, 1, 1], "inflate": -0.4, "uv": [27, 69]}
					]
				},
				{
					"name": "_ca_scope",
					"parent": "main",
					"pivot": [0, 1, 1],
					"cubes": [
						{"origin": [-1, 0, 0], "size": [2, 2, 2], "uv": [0, 28]}
					]
				}
			]
		}
	]
}