{
	"format_version": "1.12.0",
	"minecraft:geometry": [
		{
			"description": {
				"identifier": "geometry.unknown",
				"texture_width": 1024,
				"texture_height": 1024,
				"visible_bounds_width": 11,
				"visible_bounds_height": 5,
				"visible_bounds_offset": [0, 1.5, 0]
			},
			"bones": [
				{
					"name": "main",
					"pivot": [0, 15, 0]
				},
				{
					"name": "gun",
					"parent": "main",
					"pivot": [1, 14, 0],
					"cubes": [
						{"origin": [-0.5, 8, 1.2], "size": [3, 11, 4], "inflate": -0.001, "uv": [520, 608]},
						{"origin": [-0.5, 11, -6], "size": [3, 7.2, 2.4], "uv": [692, 613]},
						{"origin": [-0.5, 11, -6], "size": [3, 8, 2], "inflate": -0.002, "pivot": [1, 11, -6], "rotation": [15, 0, 0], "uv": [418, 691]},
						{"origin": [-0.5, 15.9, -7.1], "size": [3, 5, 2], "inflate": -0.001, "pivot": [1, 15.9, -7.1], "rotation": [62.5, 0, 0], "uv": [282, 694]},
						{"origin": [0, 19, -23], "size": [2, 2, 11], "inflate": -0.1, "pivot": [1, 20, -22], "rotation": [0, 0, 45], "uv": [690, 84]},
						{"origin": [0, 19, -24.2], "size": [2, 2, 1], "inflate": 0.3, "pivot": [1, 20, -24.2], "rotation": [0, 0, 45], "uv": [594, 643]},
						{"origin": [-0.5, 18.2, -13.4], "size": [3, 4.5, 10], "uv": [690, 54]},
						{"origin": [-0.5, 18.2, -3.4], "size": [3, 2.5, 17.5], "uv": [654, 594]},
						{"origin": [-0.5, 18, 23.4], "size": [3, 2, 29], "uv": [536, 594]},
						{"origin": [-0.5, 16, 53.4], "size": [3, 2, 9], "uv": [690, 170]},
						{"origin": [-0.5, 15.2, 51.4], "size": [3, 2.8, 2], "inflate": -0.001, "pivot": [1, 18, 51.4], "rotation": [45, 0, 0], "uv": [10, 700]},
						{"origin": [-0.5, 15.8, 62.4], "size": [3, 2.2, 1], "inflate": -0.001, "pivot": [1, 18, 63.4], "rotation": [-26.5, 0, 0], "uv": [130, 701]},
						{"origin": [-0.5, 18, 52.4], "size": [3, 2, 11], "uv": [690, 41]},
						{"origin": [-0.5, 10.5, -6.5], "size": [3, 1.5, 2.5], "inflate": 0.001, "uv": [70, 700]},
						{"origin": [-0.5, 10.3, -5], "size": [3, 1.5, 10], "pivot": [1, 11.8, -5], "rotation": [-23, 0, 0], "uv": [690, 135]},
						{"origin": [-1, 4.7, 3.1], "size": [4, 2, 11], "uv": [690, 0]},
						{"origin": [-1, 6.7, 3.1], "size": [4, 2, 3], "uv": [664, 589]},
						{
							"origin": [-0.5, 13, 6.9],
							"size": [3, 0.5, 5],
							"uv": {
								"north": {"uv": [683, 593], "uv_size": [3, 1]},
								"east": {"uv": [460, 673], "uv_size": [5, 1]},
								"south": {"uv": [690, 569], "uv_size": [3, 1]},
								"west": {"uv": [388, 674], "uv_size": [5, 1]},
								"up": {"uv": [430, 702], "uv_size": [3, 5]},
								"down": {"uv": [433, 707], "uv_size": [3, -5]}
							}
						},
						{
							"origin": [-0.5, 13, 5],
							"size": [3, 5.2, 0.8],
							"uv": {
								"north": {"uv": [436, 702], "uv_size": [3, 5]},
								"east": {"uv": [570, 655], "uv_size": [1, 5]},
								"south": {"uv": [439, 702], "uv_size": [3, 5]},
								"west": {"uv": [571, 655], "uv_size": [1, 5]},
								"up": {"uv": [257, 699], "uv_size": [3, 1]},
								"down": {"uv": [596, 700], "uv_size": [3, -1]}
							}
						},
						{"origin": [-0.5, 13, 12.8], "size": [3, 5.2, 1.3], "uv": [512, 667]},
						{"origin": [-0.5, 17.2, 4.8], "size": [3, 2, 1], "inflate": -0.001, "pivot": [1, 17.2, 5.8], "rotation": [-50, 0, 0], "uv": [304, 635]},
						{"origin": [-0.5, 17.2, 12.8], "size": [3, 2, 1], "inflate": -0.001, "pivot": [1, 17.2, 12.8], "rotation": [50, 0, 0], "uv": [122, 701]},
						{"origin": [-0.5, 12, 4.9], "size": [3, 1.5, 2], "inflate": -0.001, "pivot": [1, 12.5, 6.9], "rotation": [-35, 0, 0], "uv": [80, 700]},
						{"origin": [-0.5, 12, 11.9], "size": [3, 1.5, 2], "inflate": -0.001, "pivot": [1, 12.5, 11.9], "rotation": [35, 0, 0], "uv": [230, 700]},
						{"origin": [-0.5, 9.6, -0.4], "size": [3, 5, 2], "inflate": -0.002, "pivot": [1, 9.6, -0.4], "rotation": [-20, 0, 0], "uv": [694, 600]},
						{"origin": [-0.5, 17.7, 1.2], "size": [3, 1, 1], "inflate": -0.002, "pivot": [1, 17.7, 1.2], "rotation": [45, 0, 0], "uv": [520, 623]},
						{"origin": [-0.5, 9.1, -0.8], "size": [3, 1, 1], "inflate": -0.003, "pivot": [1, 9.1, -0.8], "rotation": [15, 0, 0], "uv": [592, 646]},
						{"origin": [-0.5, 17.4, -4.6], "size": [3, 1.3, 1], "inflate": -0.001, "pivot": [1, 17.4, -3.6], "rotation": [-45, 0, 0], "uv": [528, 623]},
						{"origin": [-0.5, 6, 5], "size": [3, 7, 9.1], "uv": [690, 68]},
						{"origin": [-1, 4.2, 14.1], "size": [4, 16, 9.3], "uv": [278, 611]},
						{"origin": [-1.3, 3.5, 15.2], "size": [4.6, 4, 2.3], "uv": [260, 694]},
						{"origin": [-1.3, 3.5, 13.2], "size": [4.6, 1, 2], "uv": [242, 696]},
						{"origin": [-1.3, 4.5, 13.2], "size": [4.6, 3.6, 1.7], "inflate": -0.001, "pivot": [1, 4.5, 13.2], "rotation": [-33, 0, 0], "uv": [586, 699]},
						{"origin": [-0.5, 5, 23.4], "size": [3, 13, 2.5], "uv": [558, 673]},
						{"origin": [-0.5, 15.7, 25.9], "size": [3, 2.3, 2.5], "uv": [0, 700]},
						{"origin": [-0.5, 13, 23.9], "size": [3, 8, 2], "inflate": -0.001, "pivot": [1, 13, 25.9], "rotation": [-47.5, 0, 0], "uv": [350, 692]},
						{"origin": [0, 20.7, -3.4], "size": [2, 1.8, 9], "uv": [690, 192]},
						{"origin": [1, 20.6, -3.4], "size": [1, 1.9, 9], "inflate": -0.001, "pivot": [2, 22.5, -3.4], "rotation": [0, 0, -15.4], "uv": [690, 389]},
						{"origin": [0, 20.6, -3.4], "size": [1, 1.9, 9], "inflate": -0.001, "pivot": [0, 22.5, -3.4], "rotation": [0, 0, 15.4], "uv": [690, 399]},
						{"origin": [0, 19.9, 28.4], "size": [1, 2.8, 36], "inflate": -0.001, "pivot": [0, 22.7, 23.4], "rotation": [0, 0, 10], "uv": [462, 570]},
						{"origin": [0, 20, 28.4], "size": [2, 2.7, 36], "uv": [312, 570]},
						{"origin": [1, 19.9, 28.4], "size": [1, 2.8, 36], "inflate": -0.001, "pivot": [2, 22.7, 23.4], "rotation": [0, 0, -10], "uv": [388, 570]},
						{
							"origin": [0, 22.7, -13.4],
							"size": [2, 0.5, 10],
							"uv": {
								"north": {"uv": [414, 633], "uv_size": [2, 1]},
								"east": {"uv": [394, 657], "uv_size": [10, 1]},
								"south": {"uv": [670, 644], "uv_size": [2, 1]},
								"west": {"uv": [404, 657], "uv_size": [10, 1]},
								"up": {"uv": [534, 608], "uv_size": [2, 10]},
								"down": {"uv": [466, 644], "uv_size": [2, -10]}
							}
						},
						{
							"origin": [2, 22.7, -13.4],
							"size": [0.7, 0.5, 10],
							"inflate": -0.001,
							"pivot": [2, 23.2, -12.4],
							"rotation": [0, 0, 45],
							"uv": {
								"north": {"uv": [465, 673], "uv_size": [1, 1]},
								"east": {"uv": [498, 672], "uv_size": [10, 1]},
								"south": {"uv": [393, 674], "uv_size": [1, 1]},
								"west": {"uv": [368, 674], "uv_size": [10, 1]},
								"up": {"uv": [360, 638], "uv_size": [1, 10]},
								"down": {"uv": [361, 648], "uv_size": [1, -10]}
							}
						},
						{
							"origin": [-0.7, 22.7, -13.4],
							"size": [0.7, 0.5, 10],
							"inflate": -0.001,
							"pivot": [0, 23.2, -12.4],
							"rotation": [0, 0, -45],
							"uv": {
								"north": {"uv": [308, 683], "uv_size": [1, 1]},
								"east": {"uv": [378, 674], "uv_size": [10, 1]},
								"south": {"uv": [309, 683], "uv_size": [1, 1]},
								"west": {"uv": [486, 688], "uv_size": [10, 1]},
								"up": {"uv": [466, 644], "uv_size": [1, 10]},
								"down": {"uv": [467, 654], "uv_size": [1, -10]}
							}
						},
						{"origin": [-1, 20, 5.4], "size": [4, 2.1, 23], "uv": [362, 608]},
						{"origin": [2.5, 21.1, 23.9], "size": [3.5, 1.1, 3.5], "inflate": -0.001, "pivot": [2.5, 21.1, 25.4], "rotation": [0, 0, -22.5], "uv": [340, 670]},
						{"origin": [-4, 21.1, 4.4], "size": [3.5, 1.1, 23], "inflate": -0.001, "pivot": [-0.5, 21.1, 25.4], "rotation": [0, 0, 22.5], "uv": [468, 608]},
						{"origin": [5.73358, 22.43939, 23.9], "size": [2, 1.1, 3.5], "inflate": 0.001, "pivot": [5.73358, 22.43939, 25.4], "rotation": [0, 0, -45], "uv": [20, 700]},
						{"origin": [2.5, 21.1, 4.4], "size": [3.5, 1.1, 3.5], "inflate": -0.001, "pivot": [2.5, 21.1, 5.9], "rotation": [0, 0, -22.5], "uv": [230, 696]},
						{"origin": [5.73358, 22.43939, 4.4], "size": [2, 1.1, 3.5], "inflate": 0.001, "pivot": [5.73358, 22.43939, 5.9], "rotation": [0, 0, -45], "uv": [50, 700]},
						{"origin": [-6.23227, 22.43993, 4.399], "size": [2.5, 1.1, 23], "pivot": [-3.73227, 22.43993, 25.399], "rotation": [0, 0, 45], "uv": [278, 638]},
						{"origin": [-8.50004, 24.2077, 4.399], "size": [3, 1.1, 23], "pivot": [-5.50004, 24.2077, 25.399], "rotation": [0, 0, 67.5], "uv": [612, 570]},
						{"origin": [6.14779, 19.8536, 23.9], "size": [1, 4, 3.5], "uv": [360, 692]},
						{"origin": [6.14779, 19.8536, 4.4], "size": [1, 4, 3.5], "uv": [542, 698]},
						{"origin": [-5.15221, 18.8536, 4.4], "size": [1, 5, 23], "uv": [230, 611]},
						{"origin": [-9.15221, 18.8536, 4.4], "size": [4, 7, 23], "uv": [600, 594]},
						{"origin": [-8.15221, 26.8536, 8.9], "size": [2.5, 2, 15], "uv": [360, 657]},
						{"origin": [-9.15221, 26.8536, 8.9], "size": [1, 1, 15], "uv": [428, 658]},
						{"origin": [-9.15221, 27.8536, 8.9], "size": [1, 1.4, 15], "inflate": -0.001, "pivot": [-9.15221, 27.8536, 15.9], "rotation": [0, 0, 45], "uv": [278, 662]},
						{"origin": [-9.15221, 25.8536, 4.4], "size": [3.5, 1, 23], "uv": [600, 624]},
						{"origin": [2.94779, 19.8536, 23.9], "size": [3.2, 2, 3.5], "uv": [262, 673]},
						{"origin": [2.94779, 19.8536, 4.4], "size": [3.2, 2, 3.5], "uv": [694, 581]},
						{"origin": [-4.15221, 18.8536, 4.4], "size": [3.2, 3, 23], "uv": [416, 608]},
						{"origin": [4.24779, 21.5536, 23.9], "size": [2.3, 1, 3.5], "pivot": [5.44779, 22.0536, 25.65], "rotation": [0, 0, -22.5], "uv": [30, 700]},
						{"origin": [4.24779, 21.5536, 4.4], "size": [2.3, 1, 3.5], "pivot": [5.44779, 22.0536, 6.15], "rotation": [0, 0, -22.5], "uv": [40, 700]},
						{"origin": [-4.55221, 21.5536, 4.4], "size": [2.3, 1, 23], "pivot": [-3.35221, 22.0536, 25.65], "rotation": [0, 0, 22.5], "uv": [572, 648]},
						{"origin": [5.2, 19, 14.9], "size": [2, 2.8, 9], "uv": [498, 656]},
						{"origin": [2.7, 19, 14.9], "size": [2.5, 1.3, 9], "inflate": -0.001, "pivot": [5.2, 19, 19.4], "rotation": [0, 0, 45], "uv": [690, 242]},
						{"origin": [5.2, 21.8, 14.9], "size": [2, 2.8, 9], "uv": [690, 181]},
						{"origin": [5.2, 19.5, 7.9], "size": [2, 2.3, 7], "uv": [690, 454]},
						{"origin": [7.2, 19.5, 7.9], "size": [1.8, 1, 7], "inflate": -0.001, "pivot": [7.2, 19.5, 11.4], "rotation": [0, 0, -45], "uv": [368, 691]},
						{"origin": [5.2, 21.8, 7.9], "size": [2, 2.3, 7], "uv": [690, 463]},
						{"origin": [3.4, 23.1, 7.9], "size": [1.8, 1, 7], "inflate": -0.001, "pivot": [5.2, 24.1, 11.4], "rotation": [0, 0, -45], "uv": [686, 586]},
						{"origin": [5.2, 22.8, 7.9], "size": [2, 1.3, 7], "pivot": [6.2, 21.8, 15.4], "rotation": [0, 0, 90], "uv": [310, 662]},
						{"origin": [6.7, 21.8, 7.9], "size": [1.8, 1, 7], "inflate": -0.001, "pivot": [8.5, 22.8, 11.4], "rotation": [0, 0, 45], "uv": [292, 678]},
						{"origin": [5.2, 22.8, 14.9], "size": [2, 1.8, 9], "pivot": [6.2, 21.8, 15.4], "rotation": [0, 0, 90], "uv": [690, 212]},
						{"origin": [9, 19.5, 14.9], "size": [2.5, 1.3, 9], "inflate": -0.001, "pivot": [9, 20.8, 19.4], "rotation": [0, 0, 135], "uv": [690, 252]},
						{"origin": [6.5, 21.5, 14.9], "size": [2.5, 1.3, 9], "inflate": -0.001, "pivot": [9, 22.8, 19.4], "rotation": [0, 0, 45], "uv": [690, 222]},
						{"origin": [5.2, 19.5, 7.9], "size": [2, 1.3, 7], "pivot": [6.2, 21.8, 15.4], "rotation": [0, 0, 90], "uv": [652, 640]},
						{"origin": [3.9, 20.8, 7.9], "size": [1.8, 1, 7], "inflate": -0.001, "pivot": [3.9, 20.8, 11.4], "rotation": [0, 0, 45], "uv": [670, 690]},
						{"origin": [5.2, 19, 14.9], "size": [2, 1.8, 9], "pivot": [6.2, 21.8, 15.4], "rotation": [0, 0, 90], "uv": [690, 202]},
						{"origin": [0.9, 22.8, 14.9], "size": [2.5, 1.3, 9], "inflate": -0.001, "pivot": [3.4, 22.8, 19.4], "rotation": [0, 0, 135], "uv": [690, 232]},
						{"origin": [0.5, 17.5, 0.9], "size": [1, 2, 1], "pivot": [1, 17.5, 1.9], "rotation": [45, 0, 0], "uv": [2, 1]},
						{"origin": [2, 21, 52.3], "size": [4, 1, 8], "pivot": [2, 21, 59.3], "rotation": [0, 0, -22.5], "uv": [0, 4]},
						{"origin": [-4, 21, 52.3], "size": [4, 1, 8], "pivot": [0, 21, 59.3], "rotation": [0, 0, 22.5], "uv": [0, 4]},
						{"origin": [-6.39552, 22.53073, 52.3], "size": [2.7, 1, 8], "pivot": [-3.69552, 22.53073, 59.3], "rotation": [0, 0, 45], "uv": [22, 13]},
						{"origin": [-8.60471, 24.43992, 52.3], "size": [3, 1, 8], "pivot": [-5.60471, 24.43992, 59.3], "rotation": [0, 0, 67.5], "uv": [0, 22]},
						{"origin": [5.69552, 22.53073, 52.3], "size": [2.7, 1, 8], "pivot": [5.69552, 22.53073, 59.3], "rotation": [0, 0, -45], "uv": [22, 22]},
						{"origin": [7.60471, 24.43992, 52.3], "size": [3, 1, 8], "pivot": [7.60471, 24.43992, 59.3], "rotation": [0, 0, -67.5], "uv": [0, 13]}
					]
				},
				{
					"name": "button",
					"parent": "gun",
					"pivot": [6.3, 20.2, 6.2],
					"cubes": [
						{"origin": [5.3, 20.2, 5.5], "size": [2, 2.5, 1.5], "uv": [115, 702]}
					]
				},
				{
					"name": "glow2",
					"parent": "gun",
					"pivot": [1, 16, -2],
					"cubes": [
						{
							"origin": [5.8, 23.2, 5.2],
							"size": [1.5, 0.5, 2],
							"uv": {
								"north": {"uv": [308, 678], "uv_size": [2, 1]},
								"east": {"uv": [568, 678], "uv_size": [2, 1]},
								"south": {"uv": [308, 679], "uv_size": [2, 1]},
								"west": {"uv": [568, 679], "uv_size": [2, 1]},
								"up": {"uv": [360, 653], "uv_size": [2, 2]},
								"down": {"uv": [466, 656], "uv_size": [2, -2]}
							}
						},
						{
							"origin": [5.8, 23.2, 25],
							"size": [1.5, 0.5, 2],
							"uv": {
								"north": {"uv": [260, 680], "uv_size": [2, 1]},
								"east": {"uv": [308, 680], "uv_size": [2, 1]},
								"south": {"uv": [568, 680], "uv_size": [2, 1]},
								"west": {"uv": [260, 681], "uv_size": [2, 1]},
								"up": {"uv": [360, 655], "uv_size": [2, 2]},
								"down": {"uv": [570, 672], "uv_size": [2, -2]}
							}
						},
						{
							"origin": [-0.7, 17.2, 57],
							"size": [3.4, 0.5, 4],
							"uv": {
								"north": {"uv": [702, 649], "uv_size": [3, 1]},
								"east": {"uv": [508, 672], "uv_size": [4, 1]},
								"south": {"uv": [702, 650], "uv_size": [3, 1]},
								"west": {"uv": [274, 677], "uv_size": [4, 1]},
								"up": {"uv": [442, 702], "uv_size": [3, 4]},
								"down": {"uv": [702, 590], "uv_size": [3, -4]}
							}
						}
					]
				},
				{
					"name": "handle",
					"parent": "gun",
					"pivot": [1, 20, -22.8],
					"rotation": [0, 0, -45],
					"cubes": [
						{"origin": [-0.5, 18.2, -19.9], "size": [3, 4.5, 4.6], "uv": [394, 691]},
						{
							"origin": [-0.5, 18.2, -21.9],
							"size": [3, 1.1, 2],
							"uv": {
								"north": {"uv": [699, 612], "uv_size": [3, 1]},
								"east": {"uv": [670, 645], "uv_size": [2, 1]},
								"south": {"uv": [424, 701], "uv_size": [3, 1]},
								"west": {"uv": [670, 646], "uv_size": [2, 1]},
								"up": {"uv": [702, 615], "uv_size": [3, 2]},
								"down": {"uv": [702, 619], "uv_size": [3, -2]}
							}
						},
						{
							"origin": [-0.5, 17.7, -21.9],
							"size": [3, 1.6, 3.1],
							"inflate": -0.001,
							"pivot": [1, 19.3, -21.9],
							"rotation": [49, 0, 0],
							"uv": {
								"north": {"uv": [702, 619], "uv_size": [3, 2]},
								"east": {"uv": [702, 640], "uv_size": [3, 2]},
								"south": {"uv": [702, 642], "uv_size": [3, 2]},
								"west": {"uv": [702, 644], "uv_size": [3, 2]},
								"up": {"uv": [702, 590], "uv_size": [3, 3]},
								"down": {"uv": [702, 615], "uv_size": [3, -3]}
							}
						},
						{
							"origin": [0, 22.7, -19.9],
							"size": [2, 0.5, 4.6],
							"uv": {
								"north": {"uv": [670, 647], "uv_size": [2, 1]},
								"east": {"uv": [702, 621], "uv_size": [5, 1]},
								"south": {"uv": [568, 673], "uv_size": [2, 1]},
								"west": {"uv": [702, 646], "uv_size": [5, 1]},
								"up": {"uv": [534, 618], "uv_size": [2, 5]},
								"down": {"uv": [360, 653], "uv_size": [2, -5]}
							}
						},
						{
							"origin": [-0.7, 22.7, -19.9],
							"size": [0.7, 0.5, 4.6],
							"inflate": -0.001,
							"pivot": [0, 23.2, -18.9],
							"rotation": [0, 0, -45],
							"uv": {
								"north": {"uv": [260, 684], "uv_size": [1, 1]},
								"east": {"uv": [252, 699], "uv_size": [5, 1]},
								"south": {"uv": [261, 684], "uv_size": [1, 1]},
								"west": {"uv": [702, 593], "uv_size": [5, 1]},
								"up": {"uv": [570, 665], "uv_size": [1, 5]},
								"down": {"uv": [571, 670], "uv_size": [1, -5]}
							}
						},
						{
							"origin": [2, 22.7, -19.9],
							"size": [0.7, 0.5, 4.6],
							"inflate": -0.001,
							"pivot": [2, 23.2, -18.9],
							"rotation": [0, 0, 45],
							"uv": {
								"north": {"uv": [568, 683], "uv_size": [1, 1]},
								"east": {"uv": [678, 593], "uv_size": [5, 1]},
								"south": {"uv": [569, 683], "uv_size": [1, 1]},
								"west": {"uv": [694, 612], "uv_size": [5, 1]},
								"up": {"uv": [570, 660], "uv_size": [1, 5]},
								"down": {"uv": [571, 665], "uv_size": [1, -5]}
							}
						},
						{"origin": [0, 8, -20.9], "size": [2, 10.2, 3.5], "uv": [384, 691]}
					]
				},
				{
					"name": "top",
					"parent": "gun",
					"pivot": [-7.15221, 28.8536, 15.9],
					"cubes": [
						{"origin": [-8.85221, 28.8536, 4.4], "size": [2.7, 7.3, 23], "uv": [312, 608]},
						{"origin": [-6.15221, 35.1536, 4.4], "size": [3.5, 1, 23], "inflate": -0.002, "uv": [414, 634]},
						{"origin": [-6.15221, 34.1536, 4.4], "size": [2, 1, 23], "inflate": -0.002, "uv": [520, 649]},
						{"origin": [-6.15221, 31.8536, 4.4], "size": [1, 2.3, 23], "inflate": -0.001, "uv": [230, 639]},
						{"origin": [-8.85221, 36.1536, 4.4], "size": [15, 1, 23], "inflate": 0.001, "uv": [536, 570]},
						{"origin": [-8.15221, 27.8536, 4.4], "size": [1, 1, 4.5], "uv": [670, 698]},
						{"origin": [-9.15221, 27.4536, 4.4], "size": [1, 1.4, 4.5], "inflate": -0.001, "pivot": [-9.15221, 28.8536, 5.4], "rotation": [0, 0, -44], "uv": [680, 698]},
						{"origin": [-9.15221, 27.4536, 23.9], "size": [1, 1.4, 3.5], "inflate": -0.001, "pivot": [-9.15221, 28.8536, 24.4], "rotation": [0, 0, -44], "uv": [700, 695]},
						{"origin": [-8.15221, 27.8536, 23.9], "size": [1, 1, 3.5], "uv": [700, 691]},
						{"origin": [-7.15221, 27.4536, 23.9], "size": [1, 1.4, 3.5], "inflate": -0.001, "pivot": [-6.15221, 28.8536, 24.4], "rotation": [0, 0, 45], "uv": [700, 699]},
						{"origin": [-0.5, 37.1, 4.4], "size": [3.5, 1.1, 23], "pivot": [-0.5, 37.1, 5.9], "rotation": [0, 0, 157.5], "uv": [520, 625]},
						{"origin": [-3.73358, 35.76061, 4.4], "size": [2, 1.1, 23], "inflate": -0.001, "pivot": [-3.73358, 35.76061, 5.9], "rotation": [0, 0, 135], "uv": [622, 648]},
						{"origin": [5.73227, 34.66007, 4.401], "size": [2, 1.1, 4.5], "inflate": -0.001, "pivot": [5.73227, 35.76007, 5.901], "rotation": [0, 0, 45], "uv": [694, 607]},
						{"origin": [5.73227, 34.66007, 23.901], "size": [2, 1.1, 3.5], "inflate": -0.001, "pivot": [5.73227, 35.76007, 24.401], "rotation": [0, 0, 45], "uv": [60, 700]},
						{"origin": [-8.27958, 30.05381, 4.4], "size": [3, 1.1, 23], "pivot": [-5.27958, 31.15381, 25.4], "rotation": [0, 0, 112.5], "uv": [362, 633]},
						{"origin": [-1, 37.1, 4.4], "size": [3.5, 1.1, 23], "pivot": [2.5, 37.1, 25.4], "rotation": [0, 0, -157.5], "uv": [468, 632]},
						{"origin": [6.14779, 33.5536, 3.9], "size": [1, 4, 5], "inflate": 0.001, "uv": [338, 692]},
						{"origin": [-8.15221, 37.1536, 3.9], "size": [14.3, 1.4, 5], "inflate": 0.001, "uv": [654, 613]},
						{"origin": [-9.85221, 37.5536, 3.9], "size": [1.7, 1, 5], "inflate": -0.001, "pivot": [-8.15221, 38.5536, 6.65], "rotation": [0, 0, -55], "uv": [694, 575]},
						{"origin": [-9.12589, 28.86129, 3.901], "size": [1, 8.3, 5], "inflate": 0.001, "uv": [446, 690]},
						{"origin": [-9.12589, 28.86129, 23.901], "size": [1, 8.3, 4], "inflate": 0.001, "uv": [408, 691]},
						{"origin": [-9.85221, 37.5536, 23.9], "size": [1.7, 1, 4], "inflate": -0.001, "pivot": [-8.15221, 38.5536, 25.15], "rotation": [0, 0, -55], "uv": [320, 699]},
						{"origin": [-8.15221, 37.1536, 23.9], "size": [14.3, 1.4, 4], "inflate": 0.001, "uv": [654, 619]},
						{"origin": [6.14779, 33.5536, 23.9], "size": [1, 4, 4], "inflate": 0.001, "uv": [272, 694]},
						{"origin": [6.14779, 37.5536, 23.9], "size": [1.4, 1, 4], "inflate": -0.001, "pivot": [6.14779, 38.5536, 25.9], "rotation": [0, 0, 45], "uv": [394, 699]},
						{"origin": [6.14779, 37.5536, 3.9], "size": [1.4, 1, 5], "inflate": -0.001, "pivot": [6.14779, 38.5536, 5.9], "rotation": [0, 0, 45], "uv": [694, 594]},
						{"origin": [4.94779, 34.5536, 23.9], "size": [1, 1.7, 3.5], "inflate": -0.001, "pivot": [4.94779, 35.8536, 25.4], "rotation": [0, 0, -55], "uv": [90, 701]},
						{"origin": [4.94779, 34.5536, 4.4], "size": [1, 1.7, 4.5], "inflate": -0.001, "pivot": [4.94779, 35.8536, 5.9], "rotation": [0, 0, -55], "uv": [242, 699]},
						{"origin": [-7.15221, 27.4536, 4.4], "size": [1, 1.4, 4.5], "inflate": -0.001, "pivot": [-6.15221, 28.8536, 5.4], "rotation": [0, 0, 45], "uv": [690, 698]},
						{"origin": [3.84779, 34.8536, 9.9], "size": [3, 3, 14], "uv": [394, 658]},
						{"origin": [-8.15221, 36.8536, 8.9], "size": [11, 1, 15], "uv": [652, 624]},
						{"origin": [-9.15221, 36.8536, 8.9], "size": [1, 1, 15], "pivot": [-8.15221, 37.8536, 16.4], "rotation": [0, 0, -45], "uv": [230, 664]},
						{
							"origin": [5.7045, 40.6633, 22.6],
							"size": [2, 0.5, 1],
							"pivot": [6.7045, 40.1633, 19.1],
							"rotation": [0, 0, 22.5],
							"uv": {
								"north": {"uv": [568, 674], "uv_size": [2, 1]},
								"east": {"uv": [308, 684], "uv_size": [1, 1]},
								"south": {"uv": [568, 675], "uv_size": [2, 1]},
								"west": {"uv": [309, 684], "uv_size": [1, 1]},
								"up": {"uv": [568, 676], "uv_size": [2, 1]},
								"down": {"uv": [568, 678], "uv_size": [2, -1]}
							}
						},
						{"origin": [5.51316, 39.20136, 12.6], "size": [2, 1.5, 11], "pivot": [6.51316, 39.70136, 19.1], "rotation": [0, 0, 22.5], "uv": [690, 123]},
						{"origin": [5.51316, 36.70136, 12.8], "size": [2, 2.5, 1.8], "inflate": -0.002, "pivot": [6.51316, 39.70136, 14.6], "rotation": [0, 0, 22.5], "uv": [254, 696]},
						{"origin": [5.89584, 38.62524, 8.6], "size": [2, 2, 4], "inflate": -0.001, "pivot": [6.89584, 40.62524, 12.6], "rotation": [60, 0, 22.5], "uv": [694, 569]},
						{"origin": [0, 39.2536, -2.5], "size": [2, 2, 11], "pivot": [1, 40.2536, 7.5], "rotation": [0, 0, 45], "uv": [690, 97]},
						{"origin": [0, 39.2536, 5.2], "size": [2, 2, 2], "inflate": 0.1, "pivot": [1, 40.2536, 10.2], "rotation": [0, 0, 45], "uv": [98, 701]},
						{"origin": [0.5, 37.2536, -1], "size": [1, 1, 4.5], "pivot": [1, 37.7536, 7.5], "rotation": [0, 0, 45], "uv": [360, 699]},
						{"origin": [0.5, 37.9536, 1.2], "size": [1, 1.3, 1.2], "uv": [278, 702]},
						{"origin": [0.5, 38.1536, 5.1], "size": [1, 1.3, 2.2], "uv": [336, 701]}
					]
				},
				{
					"name": "glow",
					"parent": "top",
					"pivot": [6.3, 32.2, 6.2],
					"cubes": [
						{
							"origin": [5.8, 34.2, 25],
							"size": [1.5, 0.5, 2],
							"uv": {
								"north": {"uv": [260, 682], "uv_size": [2, 1]},
								"east": {"uv": [308, 682], "uv_size": [2, 1]},
								"south": {"uv": [568, 682], "uv_size": [2, 1]},
								"west": {"uv": [260, 683], "uv_size": [2, 1]},
								"up": {"uv": [670, 640], "uv_size": [2, 2]},
								"down": {"uv": [670, 644], "uv_size": [2, -2]}
							}
						},
						{
							"origin": [5.8, 34.2, 5.2],
							"size": [1.5, 0.5, 3],
							"uv": {
								"north": {"uv": [308, 681], "uv_size": [2, 1]},
								"east": {"uv": [702, 647], "uv_size": [3, 1]},
								"south": {"uv": [568, 681], "uv_size": [2, 1]},
								"west": {"uv": [702, 648], "uv_size": [3, 1]},
								"up": {"uv": [570, 649], "uv_size": [2, 3]},
								"down": {"uv": [570, 655], "uv_size": [2, -3]}
							}
						}
					]
				},
				{
					"name": "magazine",
					"parent": "main",
					"pivot": [1, 29.1, 3.12353],
					"cubes": [
						{"origin": [3.18198, 29.86777, -1.3], "size": [4, 2, 3], "inflate": -0.1, "uv": [498, 667]},
						{"origin": [3.18198, 29.86777, -39.7], "size": [2, 2, 39], "inflate": -0.3, "uv": [230, 570]},
						{"origin": [-4.59619, 34.19619, -45.7], "size": [2, 1, 113], "pivot": [-3.59619, 33.69619, 2.3], "rotation": [0, 0, 135], "uv": [0, 456]},
						{"origin": [-3.21422, 37.99949, -45.7], "size": [2.8, 1, 113], "pivot": [-3.94975, 33.34264, 2.3], "rotation": [0, 0, 90], "uv": [230, 456]},
						{"origin": [-4.59619, 39.19619, -45.7], "size": [2, 1, 113], "pivot": [-3.59619, 33.69619, 2.3], "rotation": [0, 0, 135], "uv": [460, 0]},
						{"origin": [-2.53553, 33.04975, -45.7], "size": [2.8, 1, 113], "uv": [460, 114]},
						{"origin": [-1.09619, 35.69619, -45.7], "size": [2, 1, 113], "pivot": [-3.59619, 33.69619, 2.3], "rotation": [0, 0, 45], "uv": [460, 228]},
						{"origin": [-2.50711, 32.63553, -45.7], "size": [2.8, 1, 113], "pivot": [-3.24264, 33.34264, 2.3], "rotation": [0, 0, 90], "uv": [460, 342]},
						{"origin": [-2.53554, 28.3929, -45.7], "size": [2.8, 1, 113], "uv": [460, 456]},
						{"origin": [-1.09619, 30.69619, -45.7], "size": [2, 1, 113], "pivot": [-3.59619, 33.69619, 2.3], "rotation": [0, 0, 45], "uv": [0, 570]},
						{"origin": [3.85685, 24.56447, -11.7], "size": [2.8, 1, 1], "inflate": -0.001, "pivot": [6.65685, 25.56447, -10.7], "rotation": [0, 0, 90], "uv": [298, 636]},
						{"origin": [4.53553, 22.44315, -11.7], "size": [2.8, 1, 1], "inflate": -0.001, "pivot": [4.53553, 23.44315, -10.7], "rotation": [0, 0, 180], "uv": [666, 672]},
						{"origin": [-5.33553, 34.75685, -11.7], "size": [2.8, 1, 1], "inflate": -0.001, "pivot": [-2.53553, 34.75685, -10.7], "rotation": [0, 0, 180], "uv": [342, 701]},
						{"origin": [-4.65685, 32.63553, -11.7], "size": [2.8, 1, 1], "inflate": -0.001, "pivot": [-4.65685, 32.63553, -10.7], "rotation": [0, 0, 90], "uv": [418, 701]},
						{"origin": [-4.74264, 32.84264, -11.7], "size": [3, 1, 1], "pivot": [-3.24264, 33.34264, -10.7], "rotation": [0, 0, 135], "uv": [658, 672]},
						{"origin": [-0.5, 34.6, -11.7], "size": [3, 1, 1], "pivot": [1, 29.1, -10.7], "rotation": [0, 0, 135], "uv": [690, 622]},
						{"origin": [-3.85355, 25.74645, -11.7], "size": [9, 1, 1], "pivot": [0.64645, 28.74645, -10.7], "rotation": [0, 0, 45], "uv": [278, 636]},
						{"origin": [-3.14645, 31.45355, -11.7], "size": [9, 1, 1], "pivot": [1.35355, 29.45355, -10.7], "rotation": [0, 0, 45], "uv": [572, 646]},
						{"origin": [3.85685, 24.56447, -8.7], "size": [2.8, 1, 2], "inflate": -0.001, "pivot": [6.65685, 25.56447, -7.7], "rotation": [0, 0, 90], "uv": [138, 701]},
						{"origin": [4.53553, 22.44315, -8.7], "size": [2.8, 1, 2], "inflate": -0.001, "pivot": [4.53553, 23.44315, -7.7], "rotation": [0, 0, 180], "uv": [146, 701]},
						{"origin": [-5.33553, 34.75685, -8.7], "size": [2.8, 1, 2], "inflate": -0.001, "pivot": [-2.53553, 34.75685, -7.7], "rotation": [0, 0, 180], "uv": [154, 701]},
						{"origin": [-4.65685, 32.63553, -8.7], "size": [2.8, 1, 2], "inflate": -0.001, "pivot": [-4.65685, 32.63553, -7.7], "rotation": [0, 0, 90], "uv": [162, 701]},
						{"origin": [-4.74264, 32.84264, -8.7], "size": [3, 1, 2], "pivot": [-3.24264, 33.34264, -7.7], "rotation": [0, 0, 135], "uv": [262, 700]},
						{"origin": [-0.5, 34.6, -8.7], "size": [3, 1, 2], "pivot": [1, 29.1, -7.7], "rotation": [0, 0, 135], "uv": [252, 700]},
						{"origin": [-3.85355, 25.74645, -8.7], "size": [9, 1, 2], "pivot": [0.64645, 28.74645, -7.7], "rotation": [0, 0, 45], "uv": [664, 586]},
						{"origin": [-3.14645, 31.45355, -8.7], "size": [9, 1, 2], "pivot": [1.35355, 29.45355, -7.7], "rotation": [0, 0, 45], "uv": [572, 643]},
						{"origin": [-2.53553, 27.68579, -44.7], "size": [3, 1, 1.5], "inflate": -0.001, "uv": [210, 701]},
						{"origin": [-7.45685, 29.80711, -44.7], "size": [2.8, 1, 1.5], "inflate": -0.001, "pivot": [-4.65685, 29.80711, -44.2], "rotation": [0, 0, 90], "uv": [354, 702]},
						{"origin": [-4.74264, 28.6, -44.7], "size": [3, 1, 1.5], "pivot": [-3.24264, 29.1, -44.2], "rotation": [0, 0, 45], "uv": [186, 701]},
						{"origin": [2.41421, 31.63553, -44.7], "size": [3, 1, 1.5], "inflate": -0.001, "pivot": [2.41421, 32.63553, -44.2], "rotation": [0, 0, 90], "uv": [218, 701]},
						{"origin": [-0.5, 32.84264, -44.7], "size": [3, 1, 1.5], "pivot": [1, 33.34264, -44.2], "rotation": [0, 0, 45], "uv": [194, 701]},
						{"origin": [1.53553, 29.51421, -44.7], "size": [3, 1, 1.5], "inflate": -0.001, "uv": [282, 701]},
						{"origin": [-0.91421, 27.18579, -44.7], "size": [1, 1.5, 1.5], "pivot": [-0.41421, 27.68579, -44.2], "rotation": [0, 0, 45], "uv": [274, 675]},
						{"origin": [1.91421, 29.51421, -44.7], "size": [1, 1.5, 1.5], "pivot": [2.41421, 30.51421, -44.2], "rotation": [0, 0, 45], "uv": [274, 673]},
						{"origin": [3.74264, 28.6, -44.7], "size": [3, 1, 1.5], "pivot": [5.24264, 29.1, -44.2], "rotation": [0, 0, 45], "uv": [698, 622]},
						{"origin": [-3.41421, 25.56447, -44.7], "size": [3, 1, 1.5], "inflate": -0.001, "pivot": [-0.41421, 25.56447, -44.2], "rotation": [0, 0, 90], "uv": [202, 701]},
						{"origin": [2.29289, 26.1, -44.7], "size": [3, 1, 1.5], "pivot": [0.29289, 29.1, 3.3], "rotation": [0, 0, 45], "uv": [700, 672]},
						{"origin": [-5.33553, 34.75685, -44.7], "size": [2.8, 1, 1.5], "inflate": -0.001, "pivot": [-2.53553, 34.75685, -44.2], "rotation": [0, 0, 180], "uv": [424, 702]},
						{"origin": [-8.98528, 43.08528, -44.7], "size": [3, 1, 1.5], "pivot": [-7.48528, 37.58528, 3.3], "rotation": [0, 0, 135], "uv": [178, 701]},
						{"origin": [3.85685, 24.56447, -44.7], "size": [2.8, 1, 1.5], "inflate": -0.001, "pivot": [6.65685, 25.56447, -44.2], "rotation": [0, 0, 90], "uv": [272, 702]},
						{"origin": [4.53553, 22.44315, -44.7], "size": [2.8, 1, 1.5], "inflate": -0.001, "pivot": [4.53553, 23.44315, -44.2], "rotation": [0, 0, 180], "uv": [348, 702]},
						{"origin": [-0.5, 34.6, -44.7], "size": [3, 1, 1.5], "pivot": [1, 29.1, 3.3], "rotation": [0, 0, 135], "uv": [170, 701]},
						{"origin": [-0.35355, 29.95355, -45.7], "size": [2, 1, 113], "pivot": [0.64645, 29.45355, 2.3], "rotation": [0, 0, 135], "uv": [0, 228]},
						{"origin": [1.02842, 33.75685, -45.7], "size": [2.8, 1, 113], "pivot": [0.29289, 29.1, 2.3], "rotation": [0, 0, 90], "uv": [230, 114]},
						{"origin": [-0.35355, 34.95355, -45.7], "size": [2, 1, 113], "pivot": [0.64645, 29.45355, 2.3], "rotation": [0, 0, 135], "uv": [230, 0]},
						{"origin": [1.70711, 28.80711, -45.7], "size": [2.8, 1, 113], "uv": [230, 228]},
						{"origin": [3.14645, 31.45355, -45.7], "size": [2, 1, 113], "pivot": [0.64645, 29.45355, 2.3], "rotation": [0, 0, 45], "uv": [0, 114]},
						{"origin": [1.73553, 28.39289, -45.7], "size": [2.8, 1, 113], "pivot": [1, 29.1, 2.3], "rotation": [0, 0, 90], "uv": [0, 342]},
						{"origin": [1.7071, 24.15026, -45.7], "size": [2.8, 1, 113], "uv": [230, 342]},
						{"origin": [3.14645, 26.45355, -45.7], "size": [2, 1, 113], "pivot": [0.64645, 29.45355, 2.3], "rotation": [0, 0, 45], "uv": [0, 0]},
						{"origin": [0, 28.1, 3.3], "size": [2, 2, 7], "uv": [690, 445]},
						{"origin": [0, 30.1, 3.3], "size": [2, 6, 7], "uv": [320, 686]},
						{"origin": [-0.7549, 31.64984, 3.3], "size": [3.5, 4.3, 7], "inflate": -0.002, "pivot": [1, 29.1, 6.8], "rotation": [0, 0, 22.5], "uv": [690, 367]},
						{"origin": [-0.7451, 31.64984, 3.3], "size": [3.5, 4.3, 7], "inflate": -0.002, "pivot": [1, 29.1, 6.8], "rotation": [0, 0, -22.5], "uv": [690, 301]},
						{"origin": [0, 22.1, 3.3], "size": [2, 6, 7], "uv": [690, 288]},
						{"origin": [-0.7451, 22.25016, 3.3], "size": [3.5, 4.3, 7], "inflate": -0.002, "pivot": [1, 29.1, 6.8], "rotation": [0, 0, 22.5], "uv": [690, 345]},
						{"origin": [-0.7549, 22.25016, 3.3], "size": [3.5, 4.3, 7], "inflate": -0.002, "pivot": [1, 29.1, 6.8], "rotation": [0, 0, -22.5], "uv": [690, 312]},
						{"origin": [0, 22.1, 3.3], "size": [2, 6, 7], "pivot": [1, 29.1, 6.8], "rotation": [0, 0, -90], "uv": [690, 262]},
						{"origin": [0, 22.1, 3.3], "size": [2, 5.6, 7], "inflate": -0.001, "pivot": [1, 29.1, 6.8], "rotation": [0, 0, -135], "uv": [690, 433]},
						{"origin": [0, 22.1, 3.3], "size": [2, 5.6, 7], "inflate": -0.001, "pivot": [1, 29.1, 6.8], "rotation": [0, 0, -45], "uv": [428, 690]},
						{"origin": [-0.7451, 22.25016, 3.3], "size": [3.5, 4.3, 7], "inflate": -0.002, "pivot": [1, 29.1, 6.8], "rotation": [0, 0, -67.5], "uv": [690, 356]},
						{"origin": [-0.7549, 22.25016, 3.3], "size": [3.5, 4.3, 7], "inflate": -0.002, "pivot": [1, 29.1, 6.8], "rotation": [0, 0, -112.5], "uv": [690, 323]},
						{"origin": [0, 30.1, 3.3], "size": [2, 6, 7], "pivot": [1, 29.1, 6.8], "rotation": [0, 0, -90], "uv": [690, 275]},
						{"origin": [0, 30.5, 3.3], "size": [2, 5.6, 7], "inflate": -0.001, "pivot": [1, 29.1, 6.8], "rotation": [0, 0, -135], "uv": [690, 421]},
						{"origin": [0, 30.5, 3.3], "size": [2, 5.6, 7], "inflate": -0.001, "pivot": [1, 29.1, 6.8], "rotation": [0, 0, -45], "uv": [690, 409]},
						{"origin": [-0.7549, 31.64984, 3.3], "size": [3.5, 4.3, 7], "inflate": -0.002, "pivot": [1, 29.1, 6.8], "rotation": [0, 0, -67.5], "uv": [690, 378]},
						{"origin": [-0.7451, 31.64984, 3.3], "size": [3.5, 4.3, 7], "inflate": -0.002, "pivot": [1, 29.1, 6.8], "rotation": [0, 0, -112.5], "uv": [690, 334]},
						{"origin": [0, 22.3, 11.3], "size": [2, 5.8, 12], "inflate": -0.001, "pivot": [1, 29.1, 22.3], "rotation": [0, 0, 135], "uv": [628, 688]},
						{"origin": [0, 30.1, 11.3], "size": [2, 5.8, 12], "inflate": -0.001, "pivot": [1, 29.1, 22.3], "rotation": [0, 0, 135], "uv": [688, 674]},
						{"origin": [0, 30.1, 11.3], "size": [2, 5.8, 12], "inflate": -0.001, "pivot": [1, 29.1, 22.3], "rotation": [0, 0, 45], "uv": [486, 689]},
						{"origin": [0, 22.3, 11.3], "size": [2, 5.8, 12], "inflate": -0.001, "pivot": [1, 29.1, 22.3], "rotation": [0, 0, 45], "uv": [514, 689]},
						{"origin": [-3.4, 22.3, 11.3], "size": [3.4, 4.1, 12], "inflate": -0.002, "pivot": [0, 22.3, 22.3], "rotation": [0, 0, 22.5], "uv": [0, 684]},
						{"origin": [2, 22.3, 11.3], "size": [3.4, 4.1, 12], "inflate": -0.002, "pivot": [2, 22.3, 22.3], "rotation": [0, 0, -22.5], "uv": [30, 684]},
						{"origin": [0, 22.3, 11.3], "size": [2, 5.8, 12], "uv": [292, 686]},
						{"origin": [-9.2, 30.1, 11.3], "size": [3.4, 4.1, 12], "inflate": -0.002, "pivot": [-5.8, 30.1, 22.3], "rotation": [0, 0, 112.5], "uv": [262, 678]},
						{"origin": [-5.8, 28.1, 11.3], "size": [3.4, 4.1, 12], "inflate": -0.002, "pivot": [-5.8, 28.1, 22.3], "rotation": [0, 0, 67.5], "uv": [230, 680]},
						{"origin": [-3.9, 26.2, 11.3], "size": [2, 5.8, 12], "pivot": [-2.9, 29.1, 22.3], "rotation": [0, 0, 90], "uv": [558, 688]},
						{"origin": [4.4, 26, 11.3], "size": [3.4, 4.1, 12], "inflate": -0.002, "pivot": [7.8, 30.1, 22.3], "rotation": [0, 0, 67.5], "uv": [658, 674]},
						{"origin": [7.8, 24, 11.3], "size": [3.4, 4.1, 12], "inflate": -0.002, "pivot": [7.8, 28.1, 22.3], "rotation": [0, 0, 112.5], "uv": [60, 684]},
						{"origin": [3.9, 26.2, 11.3], "size": [2, 5.8, 12], "pivot": [4.9, 29.1, 22.3], "rotation": [0, 0, 90], "uv": [458, 688]},
						{"origin": [2, 31.8, 11.3], "size": [3.4, 4.1, 12], "inflate": -0.002, "pivot": [2, 35.9, 22.3], "rotation": [0, 0, 22.5], "uv": [368, 675]},
						{"origin": [-3.4, 31.8, 11.3], "size": [3.4, 4.1, 12], "inflate": -0.002, "pivot": [0, 35.9, 22.3], "rotation": [0, 0, -22.5], "uv": [398, 675]},
						{"origin": [0, 30.1, 11.3], "size": [2, 5.8, 12], "uv": [202, 684]},
						{"origin": [0, 28.1, 11.3], "size": [2, 2, 12], "uv": [690, 27]},
						{"origin": [4.4, 26.3, 10.3], "size": [3.1, 3.8, 1], "inflate": -0.002, "pivot": [7.5, 30.1, 11.3], "rotation": [0, 0, 67.5], "uv": [352, 670]},
						{"origin": [7.5, 24.3, 10.3], "size": [3.1, 3.8, 1], "inflate": -0.002, "pivot": [7.5, 28.1, 11.3], "rotation": [0, 0, 112.5], "uv": [700, 668]},
						{"origin": [1, 29.1, 10.3], "size": [2, 5.5, 1], "pivot": [2, 29.1, 11.3], "rotation": [0, 0, 90], "uv": [330, 699]},
						{"origin": [-5.5, 26.3, 10.3], "size": [3.1, 3.8, 1], "inflate": -0.002, "pivot": [-5.5, 30.1, 11.3], "rotation": [0, 0, -67.5], "uv": [656, 700]},
						{"origin": [-8.6, 24.3, 10.3], "size": [3.1, 3.8, 1], "inflate": -0.002, "pivot": [-5.5, 28.1, 11.3], "rotation": [0, 0, -112.5], "uv": [700, 656]},
						{"origin": [-1, 29.1, 10.3], "size": [2, 5.5, 1], "pivot": [0, 29.1, 11.3], "rotation": [0, 0, -90], "uv": [550, 698]},
						{"origin": [-3.1, 22.6, 10.3], "size": [3.1, 3.8, 1], "inflate": -0.002, "pivot": [0, 22.6, 11.3], "rotation": [0, 0, 22.5], "uv": [700, 660]},
						{"origin": [2, 22.6, 10.3], "size": [3.1, 3.8, 1], "inflate": -0.002, "pivot": [2, 22.6, 11.3], "rotation": [0, 0, -22.5], "uv": [700, 664]},
						{"origin": [0, 22.6, 10.3], "size": [2, 5.5, 1], "uv": [460, 664]},
						{"origin": [0, 30.1, 10.3], "size": [2, 5.5, 1], "inflate": -0.001, "pivot": [1, 29.1, 11.3], "rotation": [0, 0, -135], "uv": [614, 700]},
						{"origin": [0, 30.1, 10.3], "size": [2, 5.5, 1], "inflate": -0.001, "pivot": [1, 29.1, 11.3], "rotation": [0, 0, 135], "uv": [608, 700]},
						{"origin": [0, 30.1, 10.3], "size": [2, 5.5, 1], "inflate": -0.001, "pivot": [1, 29.1, 11.3], "rotation": [0, 0, 45], "uv": [596, 700]},
						{"origin": [0, 30.1, 10.3], "size": [2, 5.5, 1], "inflate": -0.001, "pivot": [1, 29.1, 11.3], "rotation": [0, 0, -45], "uv": [602, 700]},
						{"origin": [2, 31.8, 10.3], "size": [3.1, 3.8, 1], "inflate": -0.002, "pivot": [2, 35.6, 11.3], "rotation": [0, 0, 22.5], "uv": [678, 589]},
						{"origin": [-3.1, 31.8, 10.3], "size": [3.1, 3.8, 1], "inflate": -0.002, "pivot": [0, 35.6, 11.3], "rotation": [0, 0, -22.5], "uv": [620, 700]},
						{"origin": [0, 30.1, 10.3], "size": [2, 5.5, 1], "uv": [460, 658]},
						{"origin": [0, 28.1, 10.3], "size": [2, 2, 1], "uv": [460, 670]},
						{"origin": [0, 28.1, 23.3], "size": [2, 2, 5], "uv": [686, 691]},
						{"origin": [0, 30.1, 23.3], "size": [2, 6, 5], "uv": [690, 548]},
						{"origin": [-0.7549, 31.64984, 23.3], "size": [3.5, 4.3, 5], "inflate": -0.002, "pivot": [1, 29.1, 24.8], "rotation": [0, 0, 22.5], "uv": [690, 539]},
						{"origin": [-0.7451, 31.64984, 23.3], "size": [3.5, 4.3, 5], "inflate": -0.002, "pivot": [1, 29.1, 24.8], "rotation": [0, 0, -22.5], "uv": [690, 530]},
						{"origin": [0, 22.1, 23.3], "size": [2, 6, 5], "uv": [690, 519]},
						{"origin": [-0.7451, 22.25016, 23.3], "size": [3.5, 4.3, 5], "inflate": -0.002, "pivot": [1, 29.1, 24.8], "rotation": [0, 0, 22.5], "uv": [690, 510]},
						{"origin": [-0.7549, 22.25016, 23.3], "size": [3.5, 4.3, 5], "inflate": -0.002, "pivot": [1, 29.1, 24.8], "rotation": [0, 0, -22.5], "uv": [690, 501]},
						{"origin": [0, 22.1, 23.3], "size": [2, 6, 5], "pivot": [1, 29.1, 24.8], "rotation": [0, 0, -90], "uv": [690, 490]},
						{"origin": [0, 22.1, 23.3], "size": [2, 5.6, 5], "inflate": -0.001, "pivot": [1, 29.1, 24.8], "rotation": [0, 0, -135], "uv": [656, 690]},
						{"origin": [0, 22.1, 23.3], "size": [2, 5.6, 5], "inflate": -0.001, "pivot": [1, 29.1, 24.8], "rotation": [0, 0, -45], "uv": [614, 690]},
						{"origin": [-0.7451, 22.25016, 23.3], "size": [3.5, 4.3, 5], "inflate": -0.002, "pivot": [1, 29.1, 24.8], "rotation": [0, 0, -67.5], "uv": [690, 481]},
						{"origin": [-0.7549, 22.25016, 23.3], "size": [3.5, 4.3, 5], "inflate": -0.002, "pivot": [1, 29.1, 24.8], "rotation": [0, 0, -112.5], "uv": [690, 472]},
						{"origin": [0, 30.1, 23.3], "size": [2, 6, 5], "pivot": [1, 29.1, 24.8], "rotation": [0, 0, -90], "uv": [586, 688]},
						{"origin": [0, 30.5, 23.3], "size": [2, 5.6, 5], "inflate": -0.001, "pivot": [1, 29.1, 24.8], "rotation": [0, 0, -135], "uv": [600, 690]},
						{"origin": [0, 30.5, 23.3], "size": [2, 5.6, 5], "inflate": -0.001, "pivot": [1, 29.1, 24.8], "rotation": [0, 0, -45], "uv": [690, 559]},
						{"origin": [-0.7549, 31.64984, 23.3], "size": [3.5, 4.3, 5], "inflate": -0.002, "pivot": [1, 29.1, 24.8], "rotation": [0, 0, -67.5], "uv": [542, 689]},
						{"origin": [-0.7451, 31.64984, 23.3], "size": [3.5, 4.3, 5], "inflate": -0.002, "pivot": [1, 29.1, 24.8], "rotation": [0, 0, -112.5], "uv": [262, 664]},
						{"origin": [0, 28.1, 50.3], "size": [2, 2, 12], "uv": [690, 13]},
						{"origin": [-0.7451, 31.64984, 50.3], "size": [3.5, 4.3, 12], "inflate": -0.002, "pivot": [1, 29.1, 64.8], "rotation": [0, 0, -112.5], "uv": [428, 674]},
						{"origin": [0, 30.1, 50.3], "size": [2, 6, 12], "uv": [340, 674]},
						{"origin": [0, 25.1, 72.3], "size": [2, 8, 2], "pivot": [1, 29.1, 64.8], "rotation": [0, 0, 45], "uv": [304, 625]},
						{"origin": [0, 30.6, 62.3], "size": [2, 2.5, 10], "pivot": [1, 29.1, 64.8], "rotation": [0, 0, 45], "uv": [690, 146]},
						{"origin": [0, 25.1, 62.3], "size": [2, 2.5, 10], "pivot": [1, 29.1, 64.8], "rotation": [0, 0, 45], "uv": [690, 158]},
						{"origin": [0, 25.00373, 68.00721], "size": [2, 12.4, 2.9], "inflate": -0.001, "pivot": [1, 29.1, 64.8], "rotation": [-76.5, 0, 45], "uv": [458, 674]},
						{"origin": [0, 20.79627, 68.00721], "size": [2, 12.4, 2.9], "inflate": -0.001, "pivot": [1, 29.1, 64.8], "rotation": [76.5, 0, 45], "uv": [304, 611]},
						{"origin": [-0.7549, 31.64984, 50.3], "size": [3.5, 4.3, 12], "inflate": -0.002, "pivot": [1, 29.1, 64.8], "rotation": [0, 0, 22.5], "uv": [528, 673]},
						{"origin": [-0.7451, 31.64984, 50.3], "size": [3.5, 4.3, 12], "inflate": -0.002, "pivot": [1, 29.1, 64.8], "rotation": [0, 0, -22.5], "uv": [498, 673]},
						{"origin": [0, 22.1, 50.3], "size": [2, 6, 12], "uv": [672, 656]},
						{"origin": [-0.7451, 22.25016, 50.3], "size": [3.5, 4.3, 12], "inflate": -0.002, "pivot": [1, 29.1, 64.8], "rotation": [0, 0, 22.5], "uv": [672, 640]},
						{"origin": [-0.7549, 22.25016, 50.3], "size": [3.5, 4.3, 12], "inflate": -0.002, "pivot": [1, 29.1, 64.8], "rotation": [0, 0, -22.5], "uv": [628, 672]},
						{"origin": [0, 22.1, 50.3], "size": [2, 6, 12], "pivot": [1, 29.1, 64.8], "rotation": [0, 0, -90], "uv": [600, 672]},
						{"origin": [0, 22.1, 50.3], "size": [2, 5.6, 12], "inflate": -0.001, "pivot": [1, 29.1, 64.8], "rotation": [0, 0, -135], "uv": [174, 684]},
						{"origin": [0, 22.1, 50.3], "size": [2, 5.6, 12], "inflate": -0.001, "pivot": [1, 29.1, 64.8], "rotation": [0, 0, -45], "uv": [146, 684]},
						{"origin": [-0.7451, 22.25016, 50.3], "size": [3.5, 4.3, 12], "inflate": -0.002, "pivot": [1, 29.1, 64.8], "rotation": [0, 0, -67.5], "uv": [570, 672]},
						{"origin": [-0.7549, 22.25016, 50.3], "size": [3.5, 4.3, 12], "inflate": -0.002, "pivot": [1, 29.1, 64.8], "rotation": [0, 0, -112.5], "uv": [310, 670]},
						{"origin": [0, 30.1, 50.3], "size": [2, 6, 12], "pivot": [1, 29.1, 64.8], "rotation": [0, 0, -90], "uv": [572, 625]},
						{"origin": [0, 30.5, 50.3], "size": [2, 5.6, 12], "inflate": -0.001, "pivot": [1, 29.1, 64.8], "rotation": [0, 0, -135], "uv": [118, 684]},
						{"origin": [0, 30.5, 50.3], "size": [2, 5.6, 12], "inflate": -0.001, "pivot": [1, 29.1, 64.8], "rotation": [0, 0, -45], "uv": [90, 684]},
						{"origin": [-0.7549, 31.64984, 50.3], "size": [3.5, 4.3, 12], "inflate": -0.002, "pivot": [1, 29.1, 64.8], "rotation": [0, 0, -67.5], "uv": [664, 570]}
					]
				},
				{
					"name": "missile",
					"parent": "magazine",
					"pivot": [3.08198, 26.96777, 3.5],
					"cubes": [
						{"origin": [2.08198, 25.96777, -11.5], "size": [2, 2, 11], "pivot": [3.08198, 26.96777, -6], "rotation": [0, 0, 45], "uv": [690, 110]},
						{"origin": [3.08198, 24.96777, -11], "size": [0, 4, 2], "pivot": [3.08198, 26.96777, -10], "rotation": [0, 0, 45], "uv": [380, 699]},
						{"origin": [3.08198, 24.96777, -11], "size": [0, 4, 2], "pivot": [3.08198, 26.96777, -10], "rotation": [0, 0, -45], "uv": [404, 699]},
						{"origin": [3.08198, 24.96777, 1.2], "size": [0, 4, 2], "pivot": [3.08198, 26.96777, 2.2], "rotation": [0, 0, 45], "uv": [226, 701]},
						{"origin": [3.08198, 24.96777, 1.2], "size": [0, 4, 2], "pivot": [3.08198, 26.96777, 2.2], "rotation": [0, 0, -45], "uv": [664, 700]},
						{"origin": [2.08198, 25.96777, 0.5], "size": [2, 2, 3], "pivot": [3.08198, 26.96777, 2], "rotation": [0, 0, 45], "uv": [370, 699]},
						{"origin": [2.08198, 25.96777, -1], "size": [2, 2, 2], "inflate": -0.2, "pivot": [3.08198, 26.96777, 0], "rotation": [0, 0, 45], "uv": [106, 701]}
					]
				},
				{
					"name": "rightarm",
					"parent": "main",
					"pivot": [-4.3, 8.8, 21.8],
					"rotation": [-101.81106, -12.40003, -2.46982],
					"cubes": [
						{"origin": [-8.3, -15.2, 17.8], "size": [8, 24, 8], "uv": [328, 638]}
					]
				},
				{
					"name": "leftarm",
					"parent": "main",
					"pivot": [12.7, 7.3, -0.6],
					"rotation": [-114.15135, -5.71516, -51.38232],
					"cubes": [
						{"origin": [8.7, -16.7, -4.6], "size": [8, 24, 8], "uv": [466, 656]}
					]
				},
				{
					"name": "muzzleflash",
					"parent": "main",
					"pivot": [3.1, 26.95, -46.05],
					"cubes": [
						{"origin": [2.6, 26.45, -46.55], "size": [1, 1, 1], "inflate": -0.4, "uv": [27, 69]}
					]
				},
				{
					"name": "scope",
					"parent": "main",
					"pivot": [17, 34.05, 3.45],
					"cubes": [
						{"origin": [16.5, 33.5, 2.95], "size": [1, 1, 1], "inflate": -0.4, "uv": [27, 69]}
					]
				},
				{
					"name": "reticle",
					"parent": "main",
					"pivot": [17, 34, -2],
					"cubes": [
						{"origin": [16.5, 33.5, -2], "size": [1, 1, 1], "uv": [2, 32]}
					]
				},
				{
					"name": "_camera_",
					"pivot": [17, 32, 25]
				}
			]
		}
	]
}