{
	"format_version": "1.12.0",
	"minecraft:geometry": [
		{
			"description": {
				"identifier": "geometry.unknown",
				"texture_width": 16,
				"texture_height": 16,
				"visible_bounds_width": 2,
				"visible_bounds_height": 1.5,
				"visible_bounds_offset": [0, 0.25, 0]
			},
			"bones": [
				{
					"name": "nozzle",
					"pivot": [0, 1, 6],
					"cubes": [
						{"origin": [-0.5, 0.5, 5.5], "size": [1, 1, 1], "inflate": -0.6, "uv": [0, 14]}
					]
				},
				{
					"name": "rocket",
					"pivot": [0, 1, 3.15],
					"cubes": [
						{"origin": [-1.5, -0.5, -0.1], "size": [3, 3, 4], "inflate": -0.5, "pivot": [0, 1, 1.9], "rotation": [0, 0, -45], "uv": [0, 7]},
						{"origin": [-1.5, -0.5, 2.4], "size": [3, 3, 4], "inflate": -0.8, "pivot": [0, 1, 4.4], "rotation": [0, 0, -45], "uv": [0, 0]}
					]
				},
				{
					"name": "glow2",
					"parent": "rocket",
					"pivot": [0, 1, 4.15],
					"cubes": [
						{
							"origin": [-0.8, 0.2, 3.9],
							"size": [1.6, 1.6, 0.5],
							"pivot": [0, 1, 4.9],
							"rotation": [0, 0, -45],
							"uv": {
								"north": {"uv": [0, 14], "uv_size": [2, 2]},
								"east": {"uv": [2, 14], "uv_size": [1, 2]},
								"south": {"uv": [14, 0], "uv_size": [2, 2]},
								"west": {"uv": [14, 2], "uv_size": [1, 2]},
								"up": {"uv": [3, 14], "uv_size": [2, 1]},
								"down": {"uv": [14, 5], "uv_size": [2, -1]}
							}
						}
					]
				}
			]
		}
	]
}