{
	"format_version": "1.12.0",
	"minecraft:geometry": [
		{
			"description": {
				"identifier": "geometry.unknown",
				"texture_width": 256,
				"texture_height": 256,
				"visible_bounds_width": 8,
				"visible_bounds_height": 5,
				"visible_bounds_offset": [0, 1.5, 0]
			},
			"bones": [
				{
					"name": "main",
					"pivot": [-18, 14, 2]
				},
				{
					"name": "sword",
					"parent": "main",
					"pivot": [-17, 12.6, 1.9],
					"rotation": [-50, 0, 0],
					"cubes": [
						{"origin": [-18.3, 10.6, -0.1], "size": [2.6, 4, 3.5], "uv": [16, 127]},
						{"origin": [-18.1, 14.4909, -0.00834], "size": [2.2, 4, 3], "inflate": -0.1, "pivot": [-16.1, 14.5909, 2.89166], "rotation": [5, 0, 0], "uv": [26, 127]},
						{"origin": [-18.1, 6.6909, -0.00834], "size": [2.2, 4, 3], "inflate": -0.1, "pivot": [-16.1, 10.5909, 2.89166], "rotation": [-5, 0, 0], "uv": [36, 127]},
						{"origin": [-18, 13.6, 2.7], "size": [2, 1, 1], "pivot": [-17, 13.6, 2.7], "rotation": [-45, 0, 0], "uv": [0, 128]},
						{"origin": [-18, 11.6, 2.7], "size": [2, 1, 1], "pivot": [-17, 11.6, 2.7], "rotation": [-45, 0, 0], "uv": [6, 128]},
						{"origin": [-18, 11.6, -1.7], "size": [2, 3.1, 3.1], "pivot": [-17, 12.6, -0.7], "rotation": [-45, 0, 0], "uv": [46, 127]},
						{"origin": [-17.5, 12.1, -3.1], "size": [1, 1, 1], "pivot": [-17, 12.6, -2.6], "rotation": [0, 0, -45], "uv": [12, 128]},
						{"origin": [-17.7, 11.9, -2.1], "size": [1.4, 1.4, 1], "pivot": [-17, 12.6, -1.6], "rotation": [0, 0, -45], "uv": [72, 129]},
						{"origin": [-18.5, 17.6, -1.5], "size": [3, 3, 5], "inflate": -0.2, "pivot": [-17, 17.6, 3.5], "rotation": [7.5, 0, 0], "uv": [52, 107]},
						{"origin": [-18.5, 4.6, -1.5], "size": [3, 3, 5], "inflate": -0.2, "pivot": [-17, 7.6, 3.5], "rotation": [-7.5, 0, 0], "uv": [0, 120]}
					]
				},
				{
					"name": "energy",
					"parent": "sword",
					"pivot": [-17, 12.6, 1.9]
				},
				{
					"name": "glow",
					"parent": "energy",
					"pivot": [-17, 19.3, 0.4],
					"cubes": [
						{"origin": [-17.5, 18.9, 2.4], "size": [1, 1, 6], "inflate": -0.002, "pivot": [-17, 18.9, 8.4], "rotation": [-7, 0, 0], "uv": [16, 120]},
						{"origin": [-17.5, 19.9, 2.4], "size": [1, 1, 3.2], "inflate": -0.002, "pivot": [-17, 18.9, 8.4], "rotation": [-7, 0, 0], "uv": [56, 127]},
						{"origin": [-17.5, 19.4822, -3.48148], "size": [1, 3, 7], "inflate": -0.001, "pivot": [-17, 19.4822, 3.51852], "rotation": [7.5, 0, 0], "uv": [92, 115]},
						{"origin": [-17.5, 18.69904, -7.43015], "size": [1, 3, 5], "inflate": -0.002, "pivot": [-17, 18.69904, -2.43015], "rotation": [55, 0, 0], "uv": [120, 49]},
						{"origin": [-17.5, 14.60328, -10.29803], "size": [1, 3, 5], "uv": [120, 57]},
						{"origin": [-17.5, 13.5619, -47.05381], "size": [1, 1, 35], "inflate": 0.001, "uv": [0, 0]},
						{"origin": [-17.5, 14.5619, -35.05381], "size": [1, 1, 23], "inflate": -0.001, "uv": [72, 35]},
						{"origin": [-17.5, 15.5619, -24.05381], "size": [1, 1, 12], "inflate": -0.001, "uv": [0, 107]},
						{"origin": [-17.5, 13.5619, -47.05381], "size": [1, 1, 34], "inflate": 0.002, "pivot": [-17, 14.5619, -47.05381], "rotation": [5, 0, 0], "uv": [0, 72]},
						{"origin": [-17.5, 15.529, -13.09603], "size": [1, 2, 5], "inflate": 0.001, "pivot": [-17, 16.529, -13.09603], "rotation": [20, 0, 0], "uv": [124, 115]},
						{"origin": [-17.5, 15.89708, -9.33726], "size": [1, 3, 9.5], "inflate": 0.002, "pivot": [-17, 17.89708, -9.33726], "rotation": [32.5, 0, 0], "uv": [52, 115]},
						{"origin": [-17.5, 21.84482, -1.86234], "size": [1, 2, 5], "inflate": 0.001, "pivot": [-16.5, 23.84482, -1.86234], "rotation": [-12.5, 0, 0], "uv": [124, 122]},
						{"origin": [-17.5, 21.76262, 3.01914], "size": [1, 1, 6.2], "pivot": [-16.5, 22.76262, 3.01914], "rotation": [-27.5, 0, 0], "uv": [30, 120]},
						{"origin": [-17.5, 14.60328, -12.79803], "size": [1, 2, 3.5], "inflate": -0.002, "pivot": [-17, 15.60328, -10.29803], "rotation": [27.5, 0, 0], "uv": [44, 120]}
					]
				},
				{
					"name": "glow2",
					"parent": "energy",
					"pivot": [-17, 6.3, 0.4],
					"cubes": [
						{"origin": [-17.5, 8.59672, -12.79803], "size": [1, 2, 3.5], "inflate": -0.002, "pivot": [-17, 9.59672, -10.29803], "rotation": [27.5, 0, 180], "uv": [116, 125]},
						{"origin": [-18.5, 1.43738, 3.01914], "size": [1, 1, 6.2], "pivot": [-17.5, 2.43738, 3.01914], "rotation": [-27.5, 0, 180], "uv": [120, 42]},
						{"origin": [-18.5, -0.64482, -1.86234], "size": [1, 2, 5], "inflate": 0.001, "pivot": [-17.5, 1.35518, -1.86234], "rotation": [-12.5, 0, 180], "uv": [104, 125]},
						{"origin": [-17.5, 5.30292, -9.33726], "size": [1, 3, 9.5], "inflate": 0.002, "pivot": [-17, 7.30292, -9.33726], "rotation": [32.5, 0, 180], "uv": [72, 115]},
						{"origin": [-17.5, 7.671, -13.09603], "size": [1, 2, 5], "inflate": 0.001, "pivot": [-17, 8.671, -13.09603], "rotation": [20, 0, 180], "uv": [92, 125]},
						{"origin": [-17.5, 9.6381, -47.05381], "size": [1, 1, 34], "inflate": 0.002, "pivot": [-17, 10.6381, -47.05381], "rotation": [5, 0, 180], "uv": [72, 0]},
						{"origin": [-17.5, 11.6381, -24.05381], "size": [1, 1, 12], "inflate": -0.001, "pivot": [-17, 10.6381, -12.05381], "rotation": [0, 0, 180], "uv": [26, 107]},
						{"origin": [-17.5, 12.6381, -35.05381], "size": [1, 1, 23], "inflate": -0.001, "pivot": [-17, 11.6381, -12.05381], "rotation": [0, 0, 180], "uv": [72, 59]},
						{"origin": [-17.5, 11.6381, -47.05381], "size": [1, 1, 35], "inflate": 0.001, "pivot": [-17, 11.6381, -12.05381], "rotation": [0, 0, 180], "uv": [0, 36]},
						{"origin": [-17.5, 10.59672, -10.29803], "size": [1, 3, 5], "pivot": [-17, 10.59672, -5.29803], "rotation": [0, 0, 180], "uv": [120, 73]},
						{"origin": [-17.5, 6.50096, -7.43015], "size": [1, 3, 5], "inflate": -0.002, "pivot": [-17, 6.50096, -2.43015], "rotation": [55, 0, 180], "uv": [120, 65]},
						{"origin": [-17.5, 5.7178, -3.48148], "size": [1, 3, 7], "inflate": -0.001, "pivot": [-17, 5.7178, 3.51852], "rotation": [7.5, 0, 180], "uv": [108, 115]},
						{"origin": [-17.5, 7.3, 2.4], "size": [1, 1, 3.2], "inflate": -0.002, "pivot": [-17, 6.3, 8.4], "rotation": [-7, 0, 180], "uv": [64, 127]},
						{"origin": [-17.5, 6.3, 2.4], "size": [1, 1, 6], "inflate": -0.002, "pivot": [-17, 6.3, 8.4], "rotation": [-7, 0, 180], "uv": [120, 35]}
					]
				},
				{
					"name": "glow3",
					"parent": "sword",
					"pivot": [-17, 12.6, 1],
					"cubes": [
						{"origin": [-18.8, 6.8, 0.5], "size": [3.6, 1, 1], "inflate": -0.4, "pivot": [-17, 7.3, 1], "rotation": [-22.5, 0, 0], "uv": [82, 127]},
						{"origin": [-18.8, 17.4, 0.5], "size": [3.6, 1, 1], "inflate": -0.4, "pivot": [-17, 17.9, 1], "rotation": [-22.5, 0, 0], "uv": [44, 125]},
						{"origin": [-18.7, 13.6, 0.9], "size": [3.4, 1, 1.5], "inflate": -0.3, "uv": [122, 81]},
						{"origin": [-18.7, 10.6, 0.9], "size": [3.4, 1, 1.5], "inflate": -0.3, "uv": [74, 127]}
					]
				},
				{
					"name": "rightarm",
					"parent": "main",
					"pivot": [-18, 13.8, 2.8],
					"rotation": [-137.37009, 3.179, 3.89345],
					"cubes": [
						{"origin": [-22, 10.8, 0], "size": [8, 24, 8], "uv": [70, 83]}
					]
				},
				{
					"name": "leftarm",
					"pivot": [21, 15.7, -3.2],
					"rotation": [-120.82252, -24.1782, -51.04342],
					"cubes": [
						{"origin": [17, 13.7, -7.2], "size": [8, 24, 8], "uv": [102, 83]}
					]
				},
				{
					"name": "_camera_",
					"pivot": [0, 27, 24]
				}
			]
		}
	]
}