{
	"format_version": "1.12.0",
	"minecraft:geometry": [
		{
			"description": {
				"identifier": "geometry.unknown",
				"texture_width": 128,
				"texture_height": 128,
				"visible_bounds_width": 8,
				"visible_bounds_height": 4,
				"visible_bounds_offset": [0, 1, 0]
			},
			"bones": [
				{
					"name": "main",
					"pivot": [0, 17, 0]
				},
				{
					"name": "gun",
					"parent": "main",
					"pivot": [0.5, 12, 0],
					"cubes": [
						{"origin": [-1.5, 19.95, -12.7], "size": [4, 1, 1], "pivot": [2, 20.45, -12.2], "rotation": [-45, 0, 0], "uv": [84, 28]},
						{"origin": [-1, 17.85, 2.3], "size": [3, 1, 2.2], "inflate": -0.2, "pivot": [1.5, 18.35, 4], "rotation": [7, 0, 0], "uv": [84, 15]},
						{"origin": [1.2, 17.75, -3.6], "size": [1, 1, 2], "inflate": -0.1, "uv": [84, 85]},
						{"origin": [-0.5, 20.9, -15.5], "size": [2, 1, 13.4], "uv": [40, 67]},
						{"origin": [1, 20.3, -15.5], "size": [1, 1, 13.4], "inflate": -0.001, "uv": [70, 60]},
						{
							"origin": [1, 21.3, -15.5],
							"size": [1, 0.8, 13.4],
							"inflate": -0.002,
							"pivot": [2, 21.3, -8.8],
							"rotation": [0, 0, -40],
							"uv": {
								"north": {"uv": [98, 73], "uv_size": [1, 1]},
								"east": {"uv": [82, 45], "uv_size": [13, 1]},
								"south": {"uv": [98, 80], "uv_size": [1, 1]},
								"west": {"uv": [84, 30], "uv_size": [13, 1]},
								"up": {"uv": [43, 91], "uv_size": [1, 13]},
								"down": {"uv": [44, 104], "uv_size": [1, -13]}
							}
						},
						{
							"origin": [-1, 21.3, -15.5],
							"size": [1, 0.8, 13.4],
							"inflate": -0.002,
							"pivot": [-1, 21.3, -8.8],
							"rotation": [0, 0, 40],
							"uv": {
								"north": {"uv": [98, 81], "uv_size": [1, 1]},
								"east": {"uv": [90, 23], "uv_size": [13, 1]},
								"south": {"uv": [82, 98], "uv_size": [1, 1]},
								"west": {"uv": [90, 87], "uv_size": [13, 1]},
								"up": {"uv": [45, 91], "uv_size": [1, 13]},
								"down": {"uv": [46, 104], "uv_size": [1, -13]}
							}
						},
						{"origin": [-1, 20.3, -15.5], "size": [1, 1, 13.4], "inflate": -0.001, "uv": [0, 71]},
						{"origin": [1, 18.9, -15.5], "size": [1, 1, 25.4], "inflate": -0.001, "uv": [0, 0]},
						{"origin": [-0.7, 18.9, -14.2], "size": [2.4, 2, 12.1], "uv": [70, 46]},
						{"origin": [1, 17.5, -15.5], "size": [1, 1.4, 14.2], "inflate": -0.001, "pivot": [2, 18.9, -2.8], "rotation": [0, 0, 21], "uv": [52, 31]},
						{"origin": [-1, 17.5, -15.5], "size": [1, 1.4, 14.2], "inflate": -0.001, "pivot": [-1, 18.9, -2.8], "rotation": [0, 0, -21], "uv": [40, 52]},
						{"origin": [-1, 18.9, -15.5], "size": [1, 1, 25.4], "inflate": -0.001, "uv": [0, 26]},
						{"origin": [0, 18.9, 3.5], "size": [1, 1, 6.4], "inflate": -0.001, "uv": [82, 31]},
						{"origin": [-0.5, 17.6, -15.5], "size": [2, 1.5, 14.2], "uv": [52, 16]},
						{"origin": [-0.5, 19, -14.7], "size": [2, 2, 14.8], "inflate": -0.4, "pivot": [0.5, 20, -13.6], "rotation": [0, 0, 45], "uv": [52, 0]},
						{"origin": [-0.5, 21.7, -15.6], "size": [2, 2, 8.8], "inflate": -0.6, "pivot": [0.5, 22.7, -14.5], "rotation": [0, 0, 45], "uv": [28, 81]},
						{"origin": [-0.7, 7.4, 1.1], "size": [2.4, 10, 4.5], "inflate": 0.001, "pivot": [0.5, 7.4, 1.1], "rotation": [11, 0, 0], "uv": [58, 81]},
						{"origin": [-0.7, 10.7, 3.7], "size": [2.4, 5.5, 1], "inflate": -0.001, "pivot": [0.5, 14.2, 4.7], "rotation": [20, 0, 0], "uv": [84, 18]},
						{"origin": [-0.7, 8.31108, 3.89707], "size": [2.4, 2.6, 2], "pivot": [0.5, 10.91108, 5.89707], "rotation": [5, 0, 0], "uv": [84, 24]},
						{"origin": [-0.7, 16.07939, 3.01596], "size": [2.4, 1, 1], "inflate": -0.001, "pivot": [0.5, 16.07939, 4.01596], "rotation": [-12.5, 0, 0], "uv": [70, 88]},
						{
							"origin": [-0.5, 16.66279, 4.33951],
							"size": [2, 5, 0.6],
							"inflate": -0.001,
							"pivot": [0.5, 17.66279, 4.93951],
							"rotation": [-82.5, 0, 0],
							"uv": {
								"north": {"uv": [23, 92], "uv_size": [2, 5]},
								"east": {"uv": [38, 94], "uv_size": [1, 5]},
								"south": {"uv": [25, 92], "uv_size": [2, 5]},
								"west": {"uv": [95, 6], "uv_size": [1, 5]},
								"up": {"uv": [97, 32], "uv_size": [2, 1]},
								"down": {"uv": [97, 34], "uv_size": [2, -1]}
							}
						},
						{"origin": [-0.5, 16.55568, 3.2324], "size": [2, 1.5, 1], "pivot": [0.5, 17.05568, 4.2324], "rotation": [-45, 0, 0], "uv": [76, 88]},
						{
							"origin": [-0.5, 18.2, -2.1],
							"size": [2, 0.7, 11],
							"inflate": 0.001,
							"uv": {
								"north": {"uv": [97, 34], "uv_size": [2, 1]},
								"east": {"uv": [12, 92], "uv_size": [11, 1]},
								"south": {"uv": [97, 35], "uv_size": [2, 1]},
								"west": {"uv": [92, 24], "uv_size": [11, 1]},
								"up": {"uv": [70, 90], "uv_size": [2, 11]},
								"down": {"uv": [72, 101], "uv_size": [2, -11]}
							}
						},
						{"origin": [-0.5, 17.1, -14.6], "size": [2, 1.1, 18.6], "inflate": 0.002, "uv": [0, 52]},
						{
							"origin": [1.2, 19.2, -13.9],
							"size": [1, 3.2, 9],
							"uv": {
								"north": {"uv": [82, 95], "uv_size": [1, 3]},
								"east": {"uv": [0, 89], "uv_size": [9, 3]},
								"south": {"uv": [14, 96], "uv_size": [1, 3]},
								"west": {"uv": [9, 89], "uv_size": [9, 3]},
								"up": {"uv": [47, 91], "uv_size": [1, 9]},
								"down": {"uv": [74, 101], "uv_size": [1, -9]}
							}
						},
						{
							"origin": [1.7, 19.6, -4.9],
							"size": [0.5, 1.8, 2.8],
							"uv": {
								"north": {"uv": [27, 89], "uv_size": [1, 2]},
								"east": {"uv": [94, 79], "uv_size": [3, 2]},
								"south": {"uv": [26, 97], "uv_size": [1, 2]},
								"west": {"uv": [94, 81], "uv_size": [3, 2]},
								"up": {"uv": [96, 37], "uv_size": [1, 3]},
								"down": {"uv": [96, 43], "uv_size": [1, -3]}
							}
						},
						{
							"origin": [1.7, 21.4, -4.9],
							"size": [0.5, 1.1, 2.8],
							"inflate": -0.001,
							"pivot": [2.2, 21.4, -4.9],
							"rotation": [0, 0, -26.5],
							"uv": {
								"north": {"uv": [98, 85], "uv_size": [1, 1]},
								"east": {"uv": [96, 44], "uv_size": [3, 1]},
								"south": {"uv": [98, 86], "uv_size": [1, 1]},
								"west": {"uv": [88, 96], "uv_size": [3, 1]},
								"up": {"uv": [91, 96], "uv_size": [1, 3]},
								"down": {"uv": [92, 99], "uv_size": [1, -3]}
							}
						},
						{
							"origin": [-1.2, 19.6, -4.9],
							"size": [0.5, 1.8, 2.8],
							"uv": {
								"north": {"uv": [97, 37], "uv_size": [1, 2]},
								"east": {"uv": [94, 88], "uv_size": [3, 2]},
								"south": {"uv": [97, 39], "uv_size": [1, 2]},
								"west": {"uv": [94, 90], "uv_size": [3, 2]},
								"up": {"uv": [96, 76], "uv_size": [1, 3]},
								"down": {"uv": [87, 99], "uv_size": [1, -3]}
							}
						},
						{
							"origin": [-1.2, 21.4, -4.9],
							"size": [0.5, 1.1, 2.8],
							"inflate": -0.001,
							"pivot": [-1.2, 21.4, -4.9],
							"rotation": [0, 0, 26.5],
							"uv": {
								"north": {"uv": [98, 88], "uv_size": [1, 1]},
								"east": {"uv": [96, 92], "uv_size": [3, 1]},
								"south": {"uv": [89, 98], "uv_size": [1, 1]},
								"west": {"uv": [96, 93], "uv_size": [3, 1]},
								"up": {"uv": [96, 94], "uv_size": [1, 3]},
								"down": {"uv": [2, 100], "uv_size": [1, -3]}
							}
						},
						{
							"origin": [1.5, 22.4, -13.9],
							"size": [0.7, 1.45, 9],
							"inflate": -0.001,
							"pivot": [2.2, 22.4, -13.9],
							"rotation": [0, 0, -28.5],
							"uv": {
								"north": {"uv": [98, 69], "uv_size": [1, 1]},
								"east": {"uv": [92, 25], "uv_size": [9, 1]},
								"south": {"uv": [98, 70], "uv_size": [1, 1]},
								"west": {"uv": [92, 26], "uv_size": [9, 1]},
								"up": {"uv": [92, 74], "uv_size": [1, 9]},
								"down": {"uv": [75, 101], "uv_size": [1, -9]}
							}
						},
						{
							"origin": [-1.2, 19.2, -13.9],
							"size": [1, 3.2, 9],
							"uv": {
								"north": {"uv": [96, 31], "uv_size": [1, 3]},
								"east": {"uv": [18, 89], "uv_size": [9, 3]},
								"south": {"uv": [96, 34], "uv_size": [1, 3]},
								"west": {"uv": [90, 18], "uv_size": [9, 3]},
								"up": {"uv": [78, 92], "uv_size": [1, 9]},
								"down": {"uv": [79, 101], "uv_size": [1, -9]}
							}
						},
						{
							"origin": [-1.2, 22.4, -13.9],
							"size": [0.7, 1.45, 9],
							"inflate": -0.001,
							"pivot": [-1.2, 22.4, -13.9],
							"rotation": [0, 0, 28.5],
							"uv": {
								"north": {"uv": [98, 71], "uv_size": [1, 1]},
								"east": {"uv": [92, 27], "uv_size": [9, 1]},
								"south": {"uv": [98, 72], "uv_size": [1, 1]},
								"west": {"uv": [92, 83], "uv_size": [9, 1]},
								"up": {"uv": [76, 92], "uv_size": [1, 9]},
								"down": {"uv": [77, 101], "uv_size": [1, -9]}
							}
						},
						{
							"origin": [-0.50172, 21.90701, -13.9],
							"size": [2, 1.8, 9],
							"inflate": 0.0001,
							"uv": {
								"north": {"uv": [95, 11], "uv_size": [2, 2]},
								"east": {"uv": [90, 21], "uv_size": [9, 2]},
								"south": {"uv": [15, 95], "uv_size": [2, 2]},
								"west": {"uv": [74, 90], "uv_size": [9, 2]},
								"up": {"uv": [83, 90], "uv_size": [2, 9]},
								"down": {"uv": [85, 99], "uv_size": [2, -9]}
							}
						},
						{
							"origin": [-0.7, 21.9, -5.1],
							"size": [2.4, 0.5, 3],
							"uv": {
								"north": {"uv": [36, 97], "uv_size": [2, 1]},
								"east": {"uv": [95, 13], "uv_size": [3, 1]},
								"south": {"uv": [97, 36], "uv_size": [2, 1]},
								"west": {"uv": [95, 45], "uv_size": [3, 1]},
								"up": {"uv": [36, 94], "uv_size": [2, 3]},
								"down": {"uv": [94, 79], "uv_size": [2, -3]}
							}
						},
						{
							"origin": [-0.5, 22.5, -4.9],
							"size": [2, 1.2, 3],
							"pivot": [0.5, 23.7, -4.9],
							"rotation": [-25, 0, 0],
							"uv": {
								"north": {"uv": [97, 76], "uv_size": [2, 1]},
								"east": {"uv": [96, 10], "uv_size": [3, 1]},
								"south": {"uv": [97, 77], "uv_size": [2, 1]},
								"west": {"uv": [96, 43], "uv_size": [3, 1]},
								"up": {"uv": [94, 92], "uv_size": [2, 3]},
								"down": {"uv": [0, 98], "uv_size": [2, -3]}
							}
						},
						{
							"origin": [0.3, 21.83215, -2.58108],
							"size": [0.4, 0.4, 1],
							"inflate": -0.001,
							"uv": {
								"north": {"uv": [98, 89], "uv_size": [1, 1]},
								"east": {"uv": [90, 98], "uv_size": [1, 1]},
								"south": {"uv": [98, 90], "uv_size": [1, 1]},
								"west": {"uv": [98, 91], "uv_size": [1, 1]},
								"up": {"uv": [93, 98], "uv_size": [1, 1]},
								"down": {"uv": [98, 95], "uv_size": [1, -1]}
							}
						},
						{
							"origin": [0.3, 21.83215, -3.08108],
							"size": [0.4, 0.4, 1.5],
							"pivot": [0.7, 22.23215, -1.58108],
							"rotation": [-25, 0, 0],
							"uv": {
								"north": {"uv": [98, 95], "uv_size": [1, 1]},
								"east": {"uv": [97, 78], "uv_size": [2, 1]},
								"south": {"uv": [98, 96], "uv_size": [1, 1]},
								"west": {"uv": [97, 79], "uv_size": [2, 1]},
								"up": {"uv": [69, 97], "uv_size": [1, 2]},
								"down": {"uv": [80, 99], "uv_size": [1, -2]}
							}
						},
						{"origin": [-0.399, 7.39883, -3.90079], "size": [1.8, 1, 5], "uv": [28, 71]},
						{"origin": [-0.3991, 8.28366, -14.7114], "size": [1.8, 1, 10], "pivot": [1.5009, 8.28366, -4.7114], "rotation": [-75, 0, 0], "uv": [70, 74]},
						{"origin": [-0.3991, 15.26989, -6.91602], "size": [1.8, 1, 1.1], "inflate": -0.0001, "pivot": [1.2009, 16.26989, -5.81602], "rotation": [-130, 0, 0], "uv": [24, 87]},
						{"origin": [-0.3991, 7.39893, -5.10069], "size": [1.8, 1, 1.2], "inflate": -0.0001, "pivot": [1.5009, 7.39893, -3.90069], "rotation": [-47.5, 0, 0], "uv": [24, 85]},
						{"origin": [-0.8, 15.7, -9.6], "size": [2.6, 1, 1], "inflate": -0.1, "pivot": [0.5, 16.2, -9.1], "rotation": [-45, 0, 0], "uv": [88, 88]},
						{"origin": [-0.5, 14.04824, -9.21571], "size": [2, 2, 2], "inflate": -0.0002, "pivot": [0.5, 14.04824, -9.21571], "rotation": [57.5, 0, 0], "uv": [8, 85]},
						{"origin": [-0.5, 14.04824, -10.71571], "size": [2, 1.35, 1.5], "uv": [82, 88]},
						{"origin": [-0.5, 14.8, -13.1], "size": [2, 2, 2.5], "inflate": -0.0001, "pivot": [0.5, 14.8, -13.1], "rotation": [-17.5, 0, 0], "uv": [0, 85]},
						{"origin": [-1, 15.8, -13.2], "size": [3, 1.1, 3.5], "uv": [28, 77]},
						{
							"origin": [-1, 15.1, -9.7],
							"size": [3, 0.5, 2.7],
							"uv": {
								"north": {"uv": [20, 97], "uv_size": [3, 1]},
								"east": {"uv": [23, 97], "uv_size": [3, 1]},
								"south": {"uv": [97, 30], "uv_size": [3, 1]},
								"west": {"uv": [97, 31], "uv_size": [3, 1]},
								"up": {"uv": [80, 92], "uv_size": [3, 3]},
								"down": {"uv": [12, 96], "uv_size": [3, -3]}
							}
						},
						{"origin": [-1, 14.8, -14.6], "size": [3, 1, 4.9], "uv": [84, 0]},
						{"origin": [0, 15.9, -15.5], "size": [1, 1, 2], "inflate": -0.2, "pivot": [0.5, 16.4, -14.5], "rotation": [0, 0, 45], "uv": [78, 85]},
						{
							"origin": [1.5, 16.9, -14.6],
							"size": [0.5, 0.5, 7.6],
							"inflate": -0.0001,
							"pivot": [2, 17.4, -14.6],
							"rotation": [0, 0, 45],
							"uv": {
								"north": {"uv": [99, 89], "uv_size": [1, 1]},
								"east": {"uv": [94, 15], "uv_size": [8, 1]},
								"south": {"uv": [90, 99], "uv_size": [1, 1]},
								"west": {"uv": [94, 16], "uv_size": [8, 1]},
								"up": {"uv": [11, 94], "uv_size": [1, 8]},
								"down": {"uv": [31, 102], "uv_size": [1, -8]}
							}
						},
						{
							"origin": [-0.5, 15.4, -14.6],
							"size": [2, 2, 7.6],
							"inflate": -0.0001,
							"uv": {
								"north": {"uv": [96, 8], "uv_size": [2, 2]},
								"east": {"uv": [90, 85], "uv_size": [8, 2]},
								"south": {"uv": [12, 96], "uv_size": [2, 2]},
								"west": {"uv": [31, 91], "uv_size": [8, 2]},
								"up": {"uv": [39, 91], "uv_size": [2, 8]},
								"down": {"uv": [41, 99], "uv_size": [2, -8]}
							}
						},
						{
							"origin": [-1, 16.9, -14.6],
							"size": [0.5, 0.5, 7.6],
							"inflate": -0.0001,
							"pivot": [-1, 17.4, -14.6],
							"rotation": [0, 0, -45],
							"uv": {
								"north": {"uv": [99, 90], "uv_size": [1, 1]},
								"east": {"uv": [94, 17], "uv_size": [8, 1]},
								"south": {"uv": [91, 99], "uv_size": [1, 1]},
								"west": {"uv": [94, 28], "uv_size": [8, 1]},
								"up": {"uv": [32, 94], "uv_size": [1, 8]},
								"down": {"uv": [33, 102], "uv_size": [1, -8]}
							}
						},
						{
							"origin": [1, 16.9, -14.6],
							"size": [1, 0.5, 7.6],
							"uv": {
								"north": {"uv": [99, 91], "uv_size": [1, 1]},
								"east": {"uv": [94, 29], "uv_size": [8, 1]},
								"south": {"uv": [92, 99], "uv_size": [1, 1]},
								"west": {"uv": [94, 75], "uv_size": [8, 1]},
								"up": {"uv": [34, 94], "uv_size": [1, 8]},
								"down": {"uv": [35, 102], "uv_size": [1, -8]}
							}
						},
						{
							"origin": [-1, 16.9, -14.6],
							"size": [1, 0.5, 7.6],
							"uv": {
								"north": {"uv": [99, 88], "uv_size": [1, 1]},
								"east": {"uv": [94, 14], "uv_size": [8, 1]},
								"south": {"uv": [89, 99], "uv_size": [1, 1]},
								"west": {"uv": [15, 94], "uv_size": [8, 1]},
								"up": {"uv": [9, 94], "uv_size": [1, 8]},
								"down": {"uv": [10, 102], "uv_size": [1, -8]}
							}
						},
						{"origin": [0, 14.3, -1.5], "size": [1, 3.1, 1], "pivot": [0.5, 17.3, -1.5], "rotation": [-20, 0, 0], "uv": [66, 46]}
					]
				},
				{
					"name": "slide",
					"parent": "gun",
					"pivot": [0.5, 21.20546, 7.40465],
					"cubes": [
						{
							"origin": [1.3, 19.9, -2.1],
							"size": [0.5, 1.5, 2],
							"uv": {
								"north": {"uv": [97, 41], "uv_size": [1, 2]},
								"east": {"uv": [17, 95], "uv_size": [2, 2]},
								"south": {"uv": [58, 97], "uv_size": [1, 2]},
								"west": {"uv": [19, 95], "uv_size": [2, 2]},
								"up": {"uv": [59, 97], "uv_size": [1, 2]},
								"down": {"uv": [60, 99], "uv_size": [1, -2]}
							}
						},
						{
							"origin": [-0.8, 19.9, -0.1],
							"size": [2.6, 1.5, 6],
							"uv": {
								"north": {"uv": [2, 95], "uv_size": [3, 2]},
								"east": {"uv": [0, 92], "uv_size": [6, 2]},
								"south": {"uv": [5, 95], "uv_size": [3, 2]},
								"west": {"uv": [6, 92], "uv_size": [6, 2]},
								"up": {"uv": [87, 90], "uv_size": [3, 6]},
								"down": {"uv": [90, 96], "uv_size": [3, -6]}
							}
						},
						{
							"origin": [1.3, 21.4, -2.1],
							"size": [0.5, 0.65, 8],
							"inflate": -0.001,
							"pivot": [1.8, 21.4, -2.1],
							"rotation": [0, 0, -40],
							"uv": {
								"north": {"uv": [99, 2], "uv_size": [1, 1]},
								"east": {"uv": [31, 93], "uv_size": [8, 1]},
								"south": {"uv": [99, 3], "uv_size": [1, 1]},
								"west": {"uv": [93, 74], "uv_size": [8, 1]},
								"up": {"uv": [93, 75], "uv_size": [1, 8]},
								"down": {"uv": [93, 98], "uv_size": [1, -8]}
							}
						},
						{
							"origin": [-0.4, 21.4, -2.1],
							"size": [1.8, 0.5, 8],
							"uv": {
								"north": {"uv": [65, 97], "uv_size": [2, 1]},
								"east": {"uv": [92, 84], "uv_size": [8, 1]},
								"south": {"uv": [67, 97], "uv_size": [2, 1]},
								"west": {"uv": [15, 93], "uv_size": [8, 1]},
								"up": {"uv": [27, 91], "uv_size": [2, 8]},
								"down": {"uv": [29, 99], "uv_size": [2, -8]}
							}
						},
						{
							"origin": [-0.8, 19.9, -2.1],
							"size": [0.5, 1.5, 2],
							"uv": {
								"north": {"uv": [61, 97], "uv_size": [1, 2]},
								"east": {"uv": [21, 95], "uv_size": [2, 2]},
								"south": {"uv": [62, 97], "uv_size": [1, 2]},
								"west": {"uv": [58, 95], "uv_size": [2, 2]},
								"up": {"uv": [63, 97], "uv_size": [1, 2]},
								"down": {"uv": [64, 99], "uv_size": [1, -2]}
							}
						},
						{
							"origin": [-0.8, 21.4, -2.1],
							"size": [0.5, 0.65, 8],
							"inflate": -0.001,
							"pivot": [-0.8, 21.4, -2.1],
							"rotation": [0, 0, 40],
							"uv": {
								"north": {"uv": [99, 4], "uv_size": [1, 1]},
								"east": {"uv": [0, 94], "uv_size": [8, 1]},
								"south": {"uv": [99, 6], "uv_size": [1, 1]},
								"west": {"uv": [94, 5], "uv_size": [8, 1]},
								"up": {"uv": [94, 6], "uv_size": [1, 8]},
								"down": {"uv": [8, 102], "uv_size": [1, -8]}
							}
						},
						{"origin": [-0.5, 19.9, 4.3], "size": [2, 2.2, 5], "inflate": 0.001, "uv": [82, 38]},
						{"origin": [-0.2, 20.1, 5.4], "size": [1.4, 2, 4], "inflate": -0.001, "uv": [84, 5]},
						{
							"origin": [0.6, 22.1, 5.8],
							"size": [0.8, 0.3, 3],
							"uv": {
								"north": {"uv": [14, 99], "uv_size": [1, 1]},
								"east": {"uv": [3, 97], "uv_size": [3, 1]},
								"south": {"uv": [99, 18], "uv_size": [1, 1]},
								"west": {"uv": [97, 11], "uv_size": [3, 1]},
								"up": {"uv": [6, 97], "uv_size": [1, 3]},
								"down": {"uv": [7, 100], "uv_size": [1, -3]}
							}
						},
						{
							"origin": [-0.4, 22.1, 5.8],
							"size": [0.8, 0.3, 3],
							"uv": {
								"north": {"uv": [99, 19], "uv_size": [1, 1]},
								"east": {"uv": [97, 12], "uv_size": [3, 1]},
								"south": {"uv": [99, 20], "uv_size": [1, 1]},
								"west": {"uv": [15, 97], "uv_size": [3, 1]},
								"up": {"uv": [18, 97], "uv_size": [1, 3]},
								"down": {"uv": [19, 100], "uv_size": [1, -3]}
							}
						},
						{
							"origin": [1.3, 19.9, 4.3],
							"size": [0.7, 1.5, 1.9],
							"inflate": 0.0001,
							"uv": {
								"north": {"uv": [97, 80], "uv_size": [1, 2]},
								"east": {"uv": [60, 95], "uv_size": [2, 2]},
								"south": {"uv": [81, 97], "uv_size": [1, 2]},
								"west": {"uv": [62, 95], "uv_size": [2, 2]},
								"up": {"uv": [88, 97], "uv_size": [1, 2]},
								"down": {"uv": [97, 90], "uv_size": [1, -2]}
							}
						},
						{
							"origin": [-1, 19.9, 4.3],
							"size": [0.7, 1.5, 1.9],
							"inflate": 0.0001,
							"uv": {
								"north": {"uv": [97, 94], "uv_size": [1, 2]},
								"east": {"uv": [64, 95], "uv_size": [2, 2]},
								"south": {"uv": [95, 97], "uv_size": [1, 2]},
								"west": {"uv": [66, 95], "uv_size": [2, 2]},
								"up": {"uv": [96, 97], "uv_size": [1, 2]},
								"down": {"uv": [97, 98], "uv_size": [1, -2]}
							}
						},
						{
							"origin": [-1.08839, 20.96945, 4.3],
							"size": [0.7, 1, 1.9],
							"inflate": -0.001,
							"pivot": [-0.52448, 21.07803, 5.25],
							"rotation": [0, 0, 45],
							"uv": {
								"north": {"uv": [99, 9], "uv_size": [1, 1]},
								"east": {"uv": [0, 98], "uv_size": [2, 1]},
								"south": {"uv": [99, 10], "uv_size": [1, 1]},
								"west": {"uv": [98, 0], "uv_size": [2, 1]},
								"up": {"uv": [98, 1], "uv_size": [1, 2]},
								"down": {"uv": [3, 100], "uv_size": [1, -2]}
							}
						},
						{
							"origin": [-1.08839, 20.96945, 6.5],
							"size": [0.7, 1, 0.4],
							"inflate": -0.001,
							"pivot": [-0.52448, 21.07803, 7.45],
							"rotation": [0, 0, 45],
							"uv": {
								"north": {"uv": [62, 99], "uv_size": [1, 1]},
								"east": {"uv": [99, 62], "uv_size": [1, 1]},
								"south": {"uv": [63, 99], "uv_size": [1, 1]},
								"west": {"uv": [64, 99], "uv_size": [1, 1]},
								"up": {"uv": [99, 64], "uv_size": [1, 1]},
								"down": {"uv": [99, 66], "uv_size": [1, -1]}
							}
						},
						{
							"origin": [-1, 19.9, 6.5],
							"size": [0.7, 1.5, 0.4],
							"uv": {
								"north": {"uv": [36, 98], "uv_size": [1, 2]},
								"east": {"uv": [37, 98], "uv_size": [1, 2]},
								"south": {"uv": [98, 37], "uv_size": [1, 2]},
								"west": {"uv": [98, 39], "uv_size": [1, 2]},
								"up": {"uv": [61, 99], "uv_size": [1, 1]},
								"down": {"uv": [99, 62], "uv_size": [1, -1]}
							}
						},
						{
							"origin": [-1.08839, 20.96945, 7.2],
							"size": [0.7, 1, 0.4],
							"inflate": -0.001,
							"pivot": [-0.52448, 21.07803, 8.15],
							"rotation": [0, 0, 45],
							"uv": {
								"north": {"uv": [99, 67], "uv_size": [1, 1]},
								"east": {"uv": [99, 68], "uv_size": [1, 1]},
								"south": {"uv": [69, 99], "uv_size": [1, 1]},
								"west": {"uv": [99, 69], "uv_size": [1, 1]},
								"up": {"uv": [99, 70], "uv_size": [1, 1]},
								"down": {"uv": [99, 72], "uv_size": [1, -1]}
							}
						},
						{
							"origin": [-1, 19.9, 7.2],
							"size": [0.7, 1.5, 0.4],
							"uv": {
								"north": {"uv": [98, 41], "uv_size": [1, 2]},
								"east": {"uv": [98, 45], "uv_size": [1, 2]},
								"south": {"uv": [98, 47], "uv_size": [1, 2]},
								"west": {"uv": [48, 98], "uv_size": [1, 2]},
								"up": {"uv": [66, 99], "uv_size": [1, 1]},
								"down": {"uv": [67, 100], "uv_size": [1, -1]}
							}
						},
						{
							"origin": [-1.08839, 20.96945, 7.9],
							"size": [0.7, 1, 0.4],
							"inflate": -0.001,
							"pivot": [-0.52448, 21.07803, 8.85],
							"rotation": [0, 0, 45],
							"uv": {
								"north": {"uv": [99, 76], "uv_size": [1, 1]},
								"east": {"uv": [99, 77], "uv_size": [1, 1]},
								"south": {"uv": [99, 78], "uv_size": [1, 1]},
								"west": {"uv": [99, 79], "uv_size": [1, 1]},
								"up": {"uv": [80, 99], "uv_size": [1, 1]},
								"down": {"uv": [99, 81], "uv_size": [1, -1]}
							}
						},
						{
							"origin": [-1, 19.9, 7.9],
							"size": [0.7, 1.5, 0.4],
							"uv": {
								"north": {"uv": [49, 98], "uv_size": [1, 2]},
								"east": {"uv": [98, 49], "uv_size": [1, 2]},
								"south": {"uv": [50, 98], "uv_size": [1, 2]},
								"west": {"uv": [51, 98], "uv_size": [1, 2]},
								"up": {"uv": [99, 72], "uv_size": [1, 1]},
								"down": {"uv": [99, 74], "uv_size": [1, -1]}
							}
						},
						{
							"origin": [-1.08839, 20.96945, 8.6],
							"size": [0.7, 1, 0.7],
							"inflate": -0.001,
							"pivot": [-0.52448, 21.07803, 9.55],
							"rotation": [0, 0, 45],
							"uv": {
								"north": {"uv": [82, 99], "uv_size": [1, 1]},
								"east": {"uv": [99, 82], "uv_size": [1, 1]},
								"south": {"uv": [83, 99], "uv_size": [1, 1]},
								"west": {"uv": [84, 99], "uv_size": [1, 1]},
								"up": {"uv": [85, 99], "uv_size": [1, 1]},
								"down": {"uv": [99, 86], "uv_size": [1, -1]}
							}
						},
						{
							"origin": [-1, 19.9, 8.6],
							"size": [0.7, 1.5, 0.7],
							"uv": {
								"north": {"uv": [98, 51], "uv_size": [1, 2]},
								"east": {"uv": [52, 98], "uv_size": [1, 2]},
								"south": {"uv": [53, 98], "uv_size": [1, 2]},
								"west": {"uv": [98, 53], "uv_size": [1, 2]},
								"up": {"uv": [81, 99], "uv_size": [1, 1]},
								"down": {"uv": [99, 82], "uv_size": [1, -1]}
							}
						},
						{
							"origin": [1.3, 21.4, 4.3],
							"size": [0.7, 1, 1.9],
							"inflate": -0.001,
							"pivot": [2, 21.4, 8.9],
							"rotation": [0, 0, -45],
							"uv": {
								"north": {"uv": [99, 7], "uv_size": [1, 1]},
								"east": {"uv": [97, 82], "uv_size": [2, 1]},
								"south": {"uv": [99, 8], "uv_size": [1, 1]},
								"west": {"uv": [89, 97], "uv_size": [2, 1]},
								"up": {"uv": [97, 90], "uv_size": [1, 2]},
								"down": {"uv": [94, 99], "uv_size": [1, -2]}
							}
						},
						{
							"origin": [1.3, 19.9, 6.5],
							"size": [0.7, 1.5, 0.4],
							"uv": {
								"north": {"uv": [98, 3], "uv_size": [1, 2]},
								"east": {"uv": [4, 98], "uv_size": [1, 2]},
								"south": {"uv": [5, 98], "uv_size": [1, 2]},
								"west": {"uv": [98, 6], "uv_size": [1, 2]},
								"up": {"uv": [99, 40], "uv_size": [1, 1]},
								"down": {"uv": [41, 100], "uv_size": [1, -1]}
							}
						},
						{
							"origin": [1.38839, 20.96945, 6.5],
							"size": [0.7, 1, 0.4],
							"inflate": -0.001,
							"pivot": [1.52448, 21.07803, 6.7],
							"rotation": [0, 0, -45],
							"uv": {
								"north": {"uv": [99, 37], "uv_size": [1, 1]},
								"east": {"uv": [38, 99], "uv_size": [1, 1]},
								"south": {"uv": [99, 38], "uv_size": [1, 1]},
								"west": {"uv": [39, 99], "uv_size": [1, 1]},
								"up": {"uv": [99, 39], "uv_size": [1, 1]},
								"down": {"uv": [40, 100], "uv_size": [1, -1]}
							}
						},
						{
							"origin": [1.3, 19.9, 7.2],
							"size": [0.7, 1.5, 0.4],
							"uv": {
								"north": {"uv": [98, 8], "uv_size": [1, 2]},
								"east": {"uv": [12, 98], "uv_size": [1, 2]},
								"south": {"uv": [13, 98], "uv_size": [1, 2]},
								"west": {"uv": [15, 98], "uv_size": [1, 2]},
								"up": {"uv": [99, 46], "uv_size": [1, 1]},
								"down": {"uv": [99, 48], "uv_size": [1, -1]}
							}
						},
						{
							"origin": [1.38839, 20.96945, 7.2],
							"size": [0.7, 1, 0.4],
							"inflate": -0.001,
							"pivot": [1.52448, 21.07803, 7.4],
							"rotation": [0, 0, -45],
							"uv": {
								"north": {"uv": [99, 41], "uv_size": [1, 1]},
								"east": {"uv": [42, 99], "uv_size": [1, 1]},
								"south": {"uv": [99, 42], "uv_size": [1, 1]},
								"west": {"uv": [99, 43], "uv_size": [1, 1]},
								"up": {"uv": [99, 44], "uv_size": [1, 1]},
								"down": {"uv": [99, 46], "uv_size": [1, -1]}
							}
						},
						{
							"origin": [1.3, 19.9, 7.9],
							"size": [0.7, 1.5, 0.4],
							"uv": {
								"north": {"uv": [16, 98], "uv_size": [1, 2]},
								"east": {"uv": [17, 98], "uv_size": [1, 2]},
								"south": {"uv": [20, 98], "uv_size": [1, 2]},
								"west": {"uv": [21, 98], "uv_size": [1, 2]},
								"up": {"uv": [99, 54], "uv_size": [1, 1]},
								"down": {"uv": [99, 56], "uv_size": [1, -1]}
							}
						},
						{
							"origin": [1.38839, 20.96945, 7.9],
							"size": [0.7, 1, 0.4],
							"inflate": -0.001,
							"pivot": [1.52448, 21.07803, 8.1],
							"rotation": [0, 0, -45],
							"uv": {
								"north": {"uv": [99, 48], "uv_size": [1, 1]},
								"east": {"uv": [99, 49], "uv_size": [1, 1]},
								"south": {"uv": [99, 50], "uv_size": [1, 1]},
								"west": {"uv": [99, 51], "uv_size": [1, 1]},
								"up": {"uv": [99, 52], "uv_size": [1, 1]},
								"down": {"uv": [99, 54], "uv_size": [1, -1]}
							}
						},
						{
							"origin": [1.3, 19.9, 8.6],
							"size": [0.7, 1.5, 0.7],
							"uv": {
								"north": {"uv": [22, 98], "uv_size": [1, 2]},
								"east": {"uv": [23, 98], "uv_size": [1, 2]},
								"south": {"uv": [24, 98], "uv_size": [1, 2]},
								"west": {"uv": [25, 98], "uv_size": [1, 2]},
								"up": {"uv": [60, 99], "uv_size": [1, 1]},
								"down": {"uv": [99, 61], "uv_size": [1, -1]}
							}
						},
						{
							"origin": [1.38839, 20.96945, 8.6],
							"size": [0.7, 1, 0.7],
							"inflate": -0.001,
							"pivot": [1.52448, 21.07803, 8.8],
							"rotation": [0, 0, -45],
							"uv": {
								"north": {"uv": [99, 56], "uv_size": [1, 1]},
								"east": {"uv": [99, 57], "uv_size": [1, 1]},
								"south": {"uv": [58, 99], "uv_size": [1, 1]},
								"west": {"uv": [99, 58], "uv_size": [1, 1]},
								"up": {"uv": [59, 99], "uv_size": [1, 1]},
								"down": {"uv": [99, 60], "uv_size": [1, -1]}
							}
						},
						{"origin": [0, 20.1, 8.4], "size": [1, 1.5, 1], "pivot": [0.5, 20.6, 9.4], "rotation": [-27.5, 0, 0], "uv": [66, 50]},
						{
							"origin": [1.3, 19.9, 6.2],
							"size": [0.6, 1.5, 2.4],
							"inflate": -0.0001,
							"uv": {
								"north": {"uv": [54, 98], "uv_size": [1, 2]},
								"east": {"uv": [68, 95], "uv_size": [2, 2]},
								"south": {"uv": [55, 98], "uv_size": [1, 2]},
								"west": {"uv": [80, 95], "uv_size": [2, 2]},
								"up": {"uv": [98, 55], "uv_size": [1, 2]},
								"down": {"uv": [56, 100], "uv_size": [1, -2]}
							}
						},
						{
							"origin": [1.3, 21.4, 6.2],
							"size": [0.6, 0.9, 2.4],
							"inflate": -0.0001,
							"pivot": [1.8999, 21.4001, 6.2001],
							"rotation": [0, 0, -45],
							"uv": {
								"north": {"uv": [87, 99], "uv_size": [1, 1]},
								"east": {"uv": [66, 98], "uv_size": [2, 1]},
								"south": {"uv": [88, 99], "uv_size": [1, 1]},
								"west": {"uv": [98, 66], "uv_size": [2, 1]},
								"up": {"uv": [98, 67], "uv_size": [1, 2]},
								"down": {"uv": [68, 100], "uv_size": [1, -2]}
							}
						},
						{
							"origin": [-0.9, 19.9, 6.2],
							"size": [0.6, 1.5, 2.4],
							"inflate": -0.0001,
							"uv": {
								"north": {"uv": [57, 98], "uv_size": [1, 2]},
								"east": {"uv": [94, 95], "uv_size": [2, 2]},
								"south": {"uv": [98, 57], "uv_size": [1, 2]},
								"west": {"uv": [96, 6], "uv_size": [2, 2]},
								"up": {"uv": [98, 59], "uv_size": [1, 2]},
								"down": {"uv": [98, 63], "uv_size": [1, -2]}
							}
						},
						{
							"origin": [-0.9, 21.4, 6.2],
							"size": [0.6, 0.9, 2.4],
							"inflate": -0.0001,
							"pivot": [-0.8999, 21.4001, 6.2001],
							"rotation": [0, 0, 45],
							"uv": {
								"north": {"uv": [86, 99], "uv_size": [1, 1]},
								"east": {"uv": [98, 13], "uv_size": [2, 1]},
								"south": {"uv": [99, 86], "uv_size": [1, 1]},
								"west": {"uv": [98, 63], "uv_size": [2, 1]},
								"up": {"uv": [98, 64], "uv_size": [1, 2]},
								"down": {"uv": [65, 100], "uv_size": [1, -2]}
							}
						}
					]
				},
				{
					"name": "glow",
					"parent": "slide",
					"pivot": [1, 22.5, 8.8],
					"cubes": [
						{
							"origin": [-0.1, 22.15, 8.65],
							"size": [0.2, 0.2, 0.2],
							"uv": {
								"north": {"uv": [30, 99], "uv_size": [1, 1]},
								"east": {"uv": [99, 32], "uv_size": [1, 1]},
								"south": {"uv": [99, 33], "uv_size": [1, 1]},
								"west": {"uv": [99, 34], "uv_size": [1, 1]},
								"up": {"uv": [99, 35], "uv_size": [1, 1]},
								"down": {"uv": [99, 37], "uv_size": [1, -1]}
							}
						},
						{
							"origin": [0.9, 22.15, 8.65],
							"size": [0.2, 0.2, 0.2],
							"uv": {
								"north": {"uv": [99, 21], "uv_size": [1, 1]},
								"east": {"uv": [99, 22], "uv_size": [1, 1]},
								"south": {"uv": [26, 99], "uv_size": [1, 1]},
								"west": {"uv": [27, 99], "uv_size": [1, 1]},
								"up": {"uv": [28, 99], "uv_size": [1, 1]},
								"down": {"uv": [29, 100], "uv_size": [1, -1]}
							}
						}
					]
				},
				{
					"name": "glow2",
					"parent": "gun",
					"pivot": [0.7, 22.23215, -1.58108],
					"cubes": [
						{
							"origin": [0.4, 21.83215, -2.98108],
							"size": [0.2, 0.5, 0.4],
							"pivot": [0.7, 22.23215, -1.58108],
							"rotation": [-25, 0, 0],
							"uv": {
								"north": {"uv": [97, 98], "uv_size": [1, 1]},
								"east": {"uv": [98, 97], "uv_size": [1, 1]},
								"south": {"uv": [98, 98], "uv_size": [1, 1]},
								"west": {"uv": [0, 99], "uv_size": [1, 1]},
								"up": {"uv": [1, 99], "uv_size": [1, 1]},
								"down": {"uv": [99, 2], "uv_size": [1, -1]}
							}
						}
					]
				},
				{
					"name": "magazine",
					"parent": "gun",
					"pivot": [0.4, 12.73746, 2.35462],
					"cubes": [
						{"origin": [-0.4, 6.49523, 1.59102], "size": [1.8, 13.5, 4], "inflate": -0.1, "pivot": [0.501, 7.49423, 1.59002], "rotation": [11, 0, 0], "uv": [48, 81]},
						{"origin": [-0.5, 5.83746, 0.05462], "size": [2, 1.3, 3.5], "inflate": -0.0001, "uv": [84, 11]},
						{"origin": [-0.5, 6.48056, 0.11787], "size": [2, 1, 5.5], "pivot": [0.5, 6.98056, 1.86787], "rotation": [11, 0, 0], "uv": [52, 46]},
						{"origin": [-0.5, 5.83746, 3.55462], "size": [2, 1, 2.9], "inflate": -0.0002, "pivot": [0.5, 5.83746, 3.55462], "rotation": [32.5, 0, 0], "uv": [70, 85]}
					]
				},
				{
					"name": "bullet",
					"parent": "magazine",
					"pivot": [0.5, 20, 1.2],
					"cubes": [
						{"origin": [0, 19.5, -0.6], "size": [1, 1, 3.5], "pivot": [0.5, 20, 1.15], "rotation": [0, 0, 45], "uv": [16, 85]}
					]
				},
				{
					"name": "rightarm",
					"parent": "main",
					"pivot": [-0.8, 13, -2.2],
					"rotation": [-92.50954, -4.99523, 0.21865],
					"cubes": [
						{"origin": [-4.8, 13, -6.2], "size": [8, 24, 8], "uv": [96, 96]}
					]
				},
				{
					"name": "leftarm",
					"parent": "main",
					"pivot": [1.7, 12, -3.6],
					"rotation": [-103.93858, 17.25478, 7.97601],
					"cubes": [
						{"origin": [-2.3, 12, -7.6], "size": [8, 24, 8], "uv": [96, 96]}
					]
				},
				{
					"name": "muzzleflash",
					"parent": "main",
					"pivot": [0, 20.05, -15.85],
					"cubes": [
						{"origin": [-0.5, 19.55, -16.15], "size": [1, 1, 1], "inflate": -0.4, "uv": [27, 69]}
					]
				},
				{
					"name": "scope",
					"parent": "main",
					"pivot": [0.5, 24.5, 13.05],
					"cubes": [
						{"origin": [0, 24, 12.55], "size": [1, 1, 1], "inflate": -0.4, "uv": [27, 69]}
					]
				},
				{
					"name": "reticle",
					"parent": "main",
					"pivot": [0.5, 24.5, -5.5],
					"cubes": [
						{"origin": [0, 24, -6], "size": [1, 1, 1], "uv": [2, 1]}
					]
				},
				{
					"name": "_camera_",
					"pivot": [7, 29.5, 30]
				}
			]
		}
	]
}