{
	"format_version": "1.12.0",
	"minecraft:geometry": [
		{
			"description": {
				"identifier": "geometry.unknown",
				"texture_width": 512,
				"texture_height": 512,
				"visible_bounds_width": 8,
				"visible_bounds_height": 4,
				"visible_bounds_offset": [0, 1, 0]
			},
			"bones": [
				{
					"name": "main",
					"pivot": [0, 14, 0]
				},
				{
					"name": "gun",
					"parent": "main",
					"pivot": [0, 13, 3],
					"cubes": [
						{
							"origin": [-0.4, 16.1, 19.8],
							"size": [2, 0.5, 1.5],
							"pivot": [0.6, 16.1, 20.8],
							"rotation": [-90, 0, 0],
							"uv": {
								"north": {"uv": [148, 218], "uv_size": [2, 1]},
								"east": {"uv": [218, 148], "uv_size": [2, 1]},
								"south": {"uv": [218, 149], "uv_size": [2, 1]},
								"west": {"uv": [150, 218], "uv_size": [2, 1]},
								"up": {"uv": [186, 214], "uv_size": [2, 2]},
								"down": {"uv": [202, 216], "uv_size": [2, -2]}
							}
						},
						{
							"origin": [-0.4, 16.5, 17.3],
							"size": [2, 0.5, 1.5],
							"uv": {
								"north": {"uv": [144, 218], "uv_size": [2, 1]},
								"east": {"uv": [146, 218], "uv_size": [2, 1]},
								"south": {"uv": [218, 146], "uv_size": [2, 1]},
								"west": {"uv": [218, 147], "uv_size": [2, 1]},
								"up": {"uv": [138, 212], "uv_size": [2, 2]},
								"down": {"uv": [194, 214], "uv_size": [2, -2]}
							}
						},
						{"origin": [1.2, 19, 1.1], "size": [1, 1, 1], "uv": [214, 199]},
						{"origin": [-2.1, 19.7, 0.3], "size": [1, 1, 1], "pivot": [-1.1, 20.2, 0.8], "rotation": [-45, 0, 0], "uv": [198, 214]},
						{"origin": [-2, 20.5, -4.8], "size": [4, 1.4, 1], "inflate": -0.001, "pivot": [0, 20.5, -4.8], "rotation": [-45, 0, 0], "uv": [200, 155]},
						{"origin": [-2, 19.3, -4.8], "size": [4, 1.2, 1], "uv": [190, 155]},
						{"origin": [-2, 19.3, -3.8], "size": [4, 2.2, 6.5], "uv": [190, 118]},
						{
							"origin": [-1.4, 20.4, -33.6],
							"size": [2.8, 0.4, 4],
							"uv": {
								"north": {"uv": [69, 218], "uv_size": [3, 1]},
								"east": {"uv": [16, 218], "uv_size": [4, 1]},
								"south": {"uv": [72, 218], "uv_size": [3, 1]},
								"west": {"uv": [218, 16], "uv_size": [4, 1]},
								"up": {"uv": [126, 215], "uv_size": [3, 4]},
								"down": {"uv": [129, 219], "uv_size": [3, -4]}
							}
						},
						{"origin": [-1.4, 20.1, -29.6], "size": [2.8, 1, 2], "uv": [212, 180]},
						{"origin": [-2.3, 23.1, -40.4], "size": [1, 1, 4], "uv": [210, 105]},
						{"origin": [-2.3, 23.1, -35.9], "size": [1, 1, 1], "pivot": [-1.8, 23.6, -35.4], "rotation": [45, 0, 0], "uv": [214, 195]},
						{"origin": [1.3, 23.1, -35.9], "size": [1, 1, 1], "pivot": [1.8, 23.6, -35.4], "rotation": [45, 0, 0], "uv": [214, 197]},
						{"origin": [1.3, 23.1, -40.4], "size": [1, 1, 4], "uv": [210, 75]},
						{"origin": [-2.5, 25.5, 26.1], "size": [1.1, 1, 2.7], "inflate": -0.001, "pivot": [-1.4, 26.5, 27.05], "rotation": [0, 0, -67.5], "uv": [212, 201]},
						{"origin": [1.4, 25.5, 26.1], "size": [1.1, 1, 2.7], "inflate": -0.001, "pivot": [1.4, 26.5, 27.05], "rotation": [0, 0, 67.5], "uv": [76, 127]},
						{"origin": [-1.4, 25.5, 26.1], "size": [2.8, 1, 2.7], "uv": [56, 168]},
						{"origin": [-1.8, 18, 26.1], "size": [3.6, 7.5, 2.7], "uv": [208, 146]},
						{"origin": [-1.8, 14.8, 27.3], "size": [3.6, 3.2, 1.5], "inflate": -0.001, "pivot": [0, 18, 28.8], "rotation": [-14, 0, 0], "uv": [74, 210]},
						{"origin": [-1.8, 14, 26.3], "size": [3.6, 1.1, 1], "pivot": [0, 14, 27.3], "rotation": [-38.5, 0, 0], "uv": [82, 201]},
						{"origin": [-1.8, 14, 26.1], "size": [3.6, 4, 1.2], "uv": [188, 202]},
						{"origin": [0.8, 18.1, 8.3], "size": [1, 1, 17], "inflate": -0.002, "pivot": [1.8, 18.1, 24.3], "rotation": [0, 0, 45], "uv": [106, 170]},
						{"origin": [-2.49289, 18.80711, 8.3], "size": [1, 2.5, 17], "inflate": -0.001, "uv": [142, 157]},
						{
							"origin": [-1.2, 15.2, -5.7],
							"size": [2.4, 0.5, 5],
							"inflate": -0.001,
							"uv": {
								"north": {"uv": [74, 122], "uv_size": [2, 1]},
								"east": {"uv": [142, 156], "uv_size": [5, 1]},
								"south": {"uv": [140, 193], "uv_size": [2, 1]},
								"west": {"uv": [179, 46], "uv_size": [5, 1]},
								"up": {"uv": [34, 181], "uv_size": [2, 5]},
								"down": {"uv": [140, 193], "uv_size": [2, -5]}
							}
						},
						{"origin": [-0.5, 15.5, -2.4], "size": [1, 2.5, 2], "uv": [188, 212]},
						{"origin": [-1.4, 17.5, 4.3], "size": [2.8, 1, 5.5], "inflate": -0.001, "uv": [208, 93]},
						{"origin": [-1.8, 18, -5.7], "size": [3.6, 4.9, 31], "inflate": 0.002, "uv": [82, 61]},
						{"origin": [-1.4, 15.2, -0.7], "size": [2.8, 2.8, 5], "uv": [208, 0]},
						{"origin": [-1.4, 15.2, -6.4], "size": [2.8, 2.8, 1], "uv": [212, 204]},
						{"origin": [-1.4, 8.11309, -0.36846], "size": [2.8, 9.5, 4], "inflate": 0.001, "pivot": [0, 17.11309, 4.03154], "rotation": [32.5, 0, 0], "uv": [92, 190]},
						{"origin": [-1.4, 10, 9.8], "size": [2.8, 8, 3.5], "uv": [12, 207]},
						{"origin": [-1.4, 9, 4.3], "size": [2.8, 4, 7], "inflate": -0.001, "pivot": [0, 12, 10.3], "rotation": [22.5, 0, 0], "uv": [74, 190]},
						{"origin": [-1.4, 11.1, 6.3], "size": [2.8, 1, 2], "inflate": -0.002, "uv": [204, 210]},
						{"origin": [-1.7, 6.1, 3.6], "size": [3.4, 2, 4], "inflate": 0.002, "uv": [208, 87]},
						{"origin": [-1.7, 7.6, 10.7], "size": [3.4, 2, 1.1], "uv": [82, 211]},
						{"origin": [-1.7, 8.10972, 4.9845], "size": [3.4, 1.7, 5.7], "uv": [172, 18]},
						{"origin": [-1.7, 7, 3.6], "size": [3.4, 1.1, 2.2], "inflate": -0.001, "pivot": [0, 8.1, 3.6], "rotation": [51, 0, 0], "uv": [168, 43]},
						{"origin": [-1.699, 6.09872, 7.6006], "size": [3.4, 2, 4.4], "inflate": 0.001, "pivot": [1.7, 6.1, 7.6], "rotation": [20, 0, 0], "uv": [36, 208]},
						{"origin": [-1.7, 8.8, 10.7], "size": [3.4, 1, 6.7], "inflate": 0.001, "pivot": [0, 8.8, 10.7], "rotation": [20, 0, 0], "uv": [58, 123]},
						{"origin": [-1.7, 11.1, 12], "size": [3.4, 6.9, 5], "inflate": -0.001, "uv": [190, 126]},
						{"origin": [-1.7, 10.1, 12], "size": [3.4, 1, 2.2], "inflate": -0.001, "uv": [178, 43]},
						{"origin": [-1.4, 14, 24], "size": [2.8, 4, 1.3], "uv": [76, 122]},
						{"origin": [-1.5, 15.5, 17], "size": [3, 2.5, 7], "uv": [150, 87]},
						{"origin": [-1.3, 15, 19], "size": [2.6, 1, 5], "uv": [208, 99]},
						{"origin": [-1.3, 11.3, 17], "size": [2.6, 4.2, 2], "uv": [74, 116]},
						{"origin": [-1.3, 4.8, 17], "size": [2.6, 6.5, 2], "inflate": -0.001, "pivot": [0, 11.3, 19], "rotation": [-70.5, 0, 0], "uv": [74, 102]},
						{"origin": [-1, 18.2, 24.3], "size": [2, 4.6, 2], "uv": [74, 110]},
						{"origin": [-1, 12.70233, 0.51829], "size": [2, 2, 2], "pivot": [1, 12.70233, 0.51829], "rotation": [-20, 0, 0], "uv": [210, 116]},
						{"origin": [-1, 12.70233, 0.71829], "size": [2, 1, 6], "pivot": [1, 12.70233, 0.71829], "rotation": [-57.5, 0, 0], "uv": [124, 205]},
						{
							"origin": [-1.5, 21.3, -34.3],
							"size": [3, 0.7, 29],
							"uv": {
								"north": {"uv": [69, 189], "uv_size": [3, 1]},
								"east": {"uv": [50, 216], "uv_size": [29, 1]},
								"south": {"uv": [147, 216], "uv_size": [3, 1]},
								"west": {"uv": [50, 217], "uv_size": [29, 1]},
								"up": {"uv": [22, 215], "uv_size": [3, 29]},
								"down": {"uv": [25, 244], "uv_size": [3, -29]}
							}
						},
						{"origin": [-1.2, 22, -35], "size": [2.4, 1, 27], "uv": [0, 102]},
						{"origin": [-1.2, 23, -9], "size": [2.4, 1.3, 1], "uv": [210, 155]},
						{"origin": [-1.2, 23, -35], "size": [2.4, 1.3, 2], "uv": [90, 211]},
						{"origin": [-1.1, 23, -24.9], "size": [2.2, 1.3, 4.6], "uv": [138, 56]},
						{"origin": [-1.1, 23, -33], "size": [2.2, 1.3, 1], "uv": [74, 214]},
						{"origin": [-1.1, 23, -13], "size": [2.2, 1.3, 4], "uv": [210, 60]},
						{"origin": [-1.1, 24, -32], "size": [2.2, 1, 7.1], "inflate": -0.001, "uv": [192, 79]},
						{"origin": [-1.1, 22.3, -32], "size": [2.2, 1, 7.1], "uv": [140, 194]},
						{"origin": [-1.1, 22.3, -20.3], "size": [2.2, 1, 7.3], "uv": [196, 193]},
						{"origin": [-1.1, 24, -20.3], "size": [2.2, 1, 7.3], "inflate": -0.001, "uv": [158, 194]},
						{
							"origin": [-1.2, 24.3, -35],
							"size": [2.4, 0.7, 27],
							"uv": {
								"north": {"uv": [16, 206], "uv_size": [2, 1]},
								"east": {"uv": [214, 217], "uv_size": [27, 1]},
								"south": {"uv": [208, 42], "uv_size": [2, 1]},
								"west": {"uv": [218, 14], "uv_size": [27, 1]},
								"up": {"uv": [32, 215], "uv_size": [2, 27]},
								"down": {"uv": [34, 242], "uv_size": [2, -27]}
							}
						},
						{"origin": [-1, 22.2, -46.2], "size": [2, 2, 39], "inflate": -0.35, "pivot": [0, 23.2, -45.2], "rotation": [0, 0, 45], "uv": [0, 61]},
						{"origin": [-0.5, 16.5, -39.5], "size": [1, 1, 2.3], "inflate": -0.1, "pivot": [0, 17, -39], "rotation": [0, 0, 45], "uv": [210, 213]},
						{"origin": [-1.5, 21.7, -43.5], "size": [3, 3, 5.5], "inflate": -0.3, "pivot": [0, 23.2, -42.5], "rotation": [0, 0, 45], "uv": [140, 202]},
						{"origin": [-1.2, 22, 5], "size": [2.4, 3, 20.3], "inflate": 0.001, "uv": [124, 24]},
						{"origin": [-1.2, 22, -8], "size": [2.4, 3, 6.5], "inflate": 0.001, "uv": [196, 201]},
						{"origin": [-1.2, 22, -1.5], "size": [2.4, 2, 6.5], "inflate": 0.001, "uv": [204, 26]},
						{"origin": [-1, 24, -1.5], "size": [1, 1, 6.5], "inflate": 0.001, "uv": [208, 7]},
						{"origin": [-1, 24.6, -35], "size": [2, 1, 60.3], "uv": [0, 0]},
						{
							"origin": [-1.65, 24.6, -35],
							"size": [0.65, 1, 60.3],
							"inflate": -0.001,
							"pivot": [-1, 25.6, -7],
							"rotation": [0, 0, -71.5],
							"uv": {
								"north": {"uv": [73, 215], "uv_size": [1, 1]},
								"east": {"uv": [216, 156], "uv_size": [60, 1]},
								"south": {"uv": [218, 150], "uv_size": [1, 1]},
								"west": {"uv": [174, 216], "uv_size": [60, 1]},
								"up": {"uv": [96, 214], "uv_size": [1, 60]},
								"down": {"uv": [97, 274], "uv_size": [1, -60]}
							}
						},
						{"origin": [-1, 23, -32], "size": [2, 1, 19], "uv": [148, 117]},
						{"origin": [1.2, 22.1, -42], "size": [1, 2.5, 7.7], "uv": [18, 198]},
						{"origin": [1.2, 24.6, -42], "size": [1, 1, 7.7], "inflate": -0.001, "pivot": [2.2, 24.6, -36], "rotation": [0, 0, -22.5], "uv": [82, 203]},
						{"origin": [1.2, 20.5, -42], "size": [1, 1.6, 7.7], "inflate": -0.001, "pivot": [2.2, 22.1, -36], "rotation": [0, 0, 45], "uv": [156, 202]},
						{"origin": [-2.2, 22.1, -42], "size": [1, 2.5, 7.7], "uv": [34, 199]},
						{"origin": [-2.2, 24.6, -42], "size": [1, 1, 7.7], "inflate": -0.001, "pivot": [-2.2, 24.6, -36], "rotation": [0, 0, 22.5], "uv": [204, 18]},
						{"origin": [-2.2, 20.5, -42], "size": [1, 1.6, 7.7], "inflate": -0.001, "pivot": [-2.2, 22.1, -36], "rotation": [0, 0, -45], "uv": [172, 202]},
						{"origin": [-1.5, 22.9, 5.7], "size": [3, 3.1, 1], "inflate": 0.001, "uv": [210, 120]},
						{
							"origin": [-1.5, 22.9, 22.6],
							"size": [3, 2.5, 0.5],
							"inflate": 0.001,
							"uv": {
								"north": {"uv": [92, 216], "uv_size": [3, 3]},
								"east": {"uv": [61, 218], "uv_size": [1, 3]},
								"south": {"uv": [105, 216], "uv_size": [3, 3]},
								"west": {"uv": [62, 218], "uv_size": [1, 3]},
								"up": {"uv": [63, 218], "uv_size": [3, 1]},
								"down": {"uv": [66, 219], "uv_size": [3, -1]}
							}
						},
						{
							"origin": [1, 25.5, 22.6],
							"size": [0.5, 1.1, 0.5],
							"inflate": 0.001,
							"pivot": [1.5, 25.4, 23.1],
							"rotation": [19.18173, 5.4423, -23.2797],
							"uv": {
								"north": {"uv": [203, 218], "uv_size": [1, 1]},
								"east": {"uv": [218, 203], "uv_size": [1, 1]},
								"south": {"uv": [204, 218], "uv_size": [1, 1]},
								"west": {"uv": [218, 204], "uv_size": [1, 1]},
								"up": {"uv": [205, 218], "uv_size": [1, 1]},
								"down": {"uv": [218, 206], "uv_size": [1, -1]}
							}
						},
						{"origin": [-1.5, 22.9, 6.7], "size": [1, 3.1, 16], "inflate": 0.001, "pivot": [-1.5, 24.45, 6.7], "rotation": [-2, 0, 0], "uv": [72, 171]},
						{"origin": [-1, 26, 6.7], "size": [2, 1, 16], "inflate": 0.001, "pivot": [0, 27, 6.7], "rotation": [-2, 0, 0], "uv": [178, 157]},
						{"origin": [-2.1, 26, 6.7], "size": [1.1, 1, 16], "inflate": 0.001, "pivot": [-1, 27, 6.7], "rotation": [-0.92379, -1.77394, -62.4857], "uv": [0, 181]},
						{
							"origin": [-1, 25.84164, 22.69029],
							"size": [2, 0.6, 1.6],
							"inflate": 0.001,
							"pivot": [0.001, 26.44264, 22.68929],
							"rotation": [-64.5, 0, 0],
							"uv": {
								"north": {"uv": [132, 218], "uv_size": [2, 1]},
								"east": {"uv": [134, 218], "uv_size": [2, 1]},
								"south": {"uv": [139, 218], "uv_size": [2, 1]},
								"west": {"uv": [141, 218], "uv_size": [2, 1]},
								"up": {"uv": [90, 201], "uv_size": [2, 2]},
								"down": {"uv": [104, 203], "uv_size": [2, -2]}
							}
						},
						{"origin": [-1, 26, 5.3], "size": [2, 1, 1.4], "inflate": 0.001, "pivot": [0, 27, 6.7], "rotation": [45, 0, 0], "uv": [214, 163]},
						{"origin": [0.8, 25.5, -41], "size": [1, 1.5, 9.9], "uv": [34, 189]},
						{"origin": [0.8, 27, -32.1], "size": [1, 3, 1], "pivot": [1.8, 27, -31.1], "rotation": [0, 0, -15], "uv": [188, 43]},
						{"origin": [-0.2, 25.5, -30.7], "size": [2, 1.6, 8.4], "uv": [36, 162]},
						{"origin": [0.42881, 26.91948, -30.7], "size": [1, 3, 8.4], "pivot": [0.92881, 28.41948, -26.5], "rotation": [0, 0, -15], "uv": [190, 87]},
						{
							"origin": [0.2994, 27.90244, -22.3],
							"size": [1, 2, 0.6],
							"pivot": [0.7994, 28.90244, -22],
							"rotation": [0, 0, -15],
							"uv": {
								"north": {"uv": [75, 218], "uv_size": [1, 2]},
								"east": {"uv": [76, 218], "uv_size": [1, 2]},
								"south": {"uv": [77, 218], "uv_size": [1, 2]},
								"west": {"uv": [78, 218], "uv_size": [1, 2]},
								"up": {"uv": [218, 151], "uv_size": [1, 1]},
								"down": {"uv": [152, 219], "uv_size": [1, -1]}
							}
						},
						{"origin": [-0.37366, 27.08228, -22.93534], "size": [2, 1.2, 1], "inflate": -0.001, "pivot": [1.12634, 27.68228, -22.43534], "rotation": [-30.5, 0, -15], "uv": [90, 214]},
						{"origin": [0.8, 27, -39.1], "size": [1, 2, 7], "pivot": [1.8, 27, -32.1], "rotation": [0, 0, -15], "uv": [50, 200]},
						{"origin": [0.8, 27, -40.1], "size": [1, 1, 1], "pivot": [1.8, 27, -39.1], "rotation": [0, 0, -15], "uv": [178, 214]},
						{"origin": [0.8, 25.5, -42], "size": [1, 2, 1], "pivot": [1.8, 25.5, -42], "rotation": [-32.5, 0, 0], "uv": [214, 171]},
						{"origin": [0.8, 27.18678, -40.9254], "size": [1, 3, 1], "pivot": [1.8, 27.18678, -40.9254], "rotation": [-44.56346, -7.65695, -13.53141], "uv": [146, 52]},
						{"origin": [-1, 28.2, -38.9], "size": [2, 1, 7.7], "pivot": [0, 29.2, -38.9], "rotation": [6, 0, 0], "uv": [0, 198]},
						{"origin": [-1, 28.2, -30.7], "size": [2, 1, 5.9], "pivot": [0, 29.2, -38.9], "rotation": [6, 0, 0], "uv": [208, 134]},
						{"origin": [-1, 28.67385, -24.87724], "size": [2, 2, 3.1], "uv": [210, 65]},
						{"origin": [-1, 28.2, -39.9], "size": [2, 1, 1], "pivot": [0, 29.2, -38.9], "rotation": [47, 0, 0], "uv": [84, 214]},
						{"origin": [-1.8, 27.18678, -40.9254], "size": [1, 3, 1], "pivot": [-1.8, 27.18678, -40.9254], "rotation": [-44.56346, 7.65695, 13.53141], "uv": [110, 213]},
						{"origin": [-1.8, 25.5, -42], "size": [1, 2, 1], "pivot": [-1.8, 25.5, -42], "rotation": [-32.5, 0, 0], "uv": [214, 165]},
						{"origin": [-1.8, 25.5, -41], "size": [1, 1.5, 9.9], "uv": [54, 190]},
						{"origin": [-1.8, 27, -40.1], "size": [1, 1, 1], "pivot": [-1.8, 27, -39.1], "rotation": [0, 0, 15], "uv": [174, 214]},
						{"origin": [-1.8, 27, -32.1], "size": [1, 3, 1], "pivot": [-1.8, 27, -31.1], "rotation": [0, 0, 15], "uv": [80, 214]},
						{"origin": [-1.8, 27, -39.1], "size": [1, 2, 7], "pivot": [-1.8, 27, -32.1], "rotation": [0, 0, 15], "uv": [66, 201]},
						{"origin": [-1, 21, -38.3], "size": [2, 7.2, 4], "uv": [0, 206]},
						{"origin": [-1, 25.6, -32], "size": [2, 3, 2], "uv": [188, 207]},
						{"origin": [-1, 28.5, -32], "size": [2, 1, 2], "pivot": [0, 28.5, -32], "rotation": [2.5, 0, 0], "uv": [124, 212]},
						{
							"origin": [-1.2994, 27.90244, -22.3],
							"size": [1, 2, 0.6],
							"pivot": [-0.7994, 28.90244, -22],
							"rotation": [0, 0, 15],
							"uv": {
								"north": {"uv": [80, 218], "uv_size": [1, 2]},
								"east": {"uv": [81, 218], "uv_size": [1, 2]},
								"south": {"uv": [82, 218], "uv_size": [1, 2]},
								"west": {"uv": [83, 218], "uv_size": [1, 2]},
								"up": {"uv": [218, 152], "uv_size": [1, 1]},
								"down": {"uv": [153, 219], "uv_size": [1, -1]}
							}
						},
						{"origin": [-1.62634, 27.08228, -22.93534], "size": [2, 1.2, 1], "inflate": -0.001, "pivot": [-1.12634, 27.68228, -22.43534], "rotation": [-30.5, 0, 15], "uv": [138, 214]},
						{"origin": [-1.8, 25.5, -30.7], "size": [2, 1.6, 8.4], "uv": [170, 87]},
						{"origin": [-1.42881, 26.91948, -30.7], "size": [1, 3, 8.4], "pivot": [-0.92881, 28.41948, -26.5], "rotation": [0, 0, 15], "uv": [190, 98]},
						{"origin": [-0.5, 25.6, -22.3], "size": [1, 3.2, 2], "uv": [142, 151]},
						{"origin": [-0.5, 27.8, -20.7], "size": [1, 1.1, 1], "inflate": -0.001, "pivot": [0, 27.8, -19.7], "rotation": [31, 0, 0], "uv": [182, 214]},
						{
							"origin": [-0.5, 25.6, -20.3],
							"size": [1, 2.2, 0.6],
							"uv": {
								"north": {"uv": [84, 218], "uv_size": [1, 2]},
								"east": {"uv": [85, 218], "uv_size": [1, 2]},
								"south": {"uv": [218, 85], "uv_size": [1, 2]},
								"west": {"uv": [86, 218], "uv_size": [1, 2]},
								"up": {"uv": [218, 153], "uv_size": [1, 1]},
								"down": {"uv": [154, 219], "uv_size": [1, -1]}
							}
						},
						{"origin": [-0.9, 25.6, -21.6], "size": [1.8, 2.5, 1.5], "uv": [166, 214]},
						{"origin": [-1.1, 26.5, -21.4], "size": [2.2, 1, 1.1], "uv": [144, 214]},
						{
							"origin": [-0.9, 25.6, -20.1],
							"size": [1.8, 0.5, 10.7],
							"uv": {
								"north": {"uv": [87, 218], "uv_size": [2, 1]},
								"east": {"uv": [168, 46], "uv_size": [11, 1]},
								"south": {"uv": [89, 218], "uv_size": [2, 1]},
								"west": {"uv": [54, 189], "uv_size": [11, 1]},
								"up": {"uv": [104, 190], "uv_size": [2, 11]},
								"down": {"uv": [124, 226], "uv_size": [2, -11]}
							}
						},
						{
							"origin": [-0.5, 26.1, -20.1],
							"size": [1, 0.5, 10.7],
							"inflate": -0.001,
							"uv": {
								"north": {"uv": [218, 154], "uv_size": [1, 1]},
								"east": {"uv": [22, 207], "uv_size": [11, 1]},
								"south": {"uv": [155, 218], "uv_size": [1, 1]},
								"west": {"uv": [62, 215], "uv_size": [11, 1]},
								"up": {"uv": [79, 216], "uv_size": [1, 11]},
								"down": {"uv": [91, 227], "uv_size": [1, -11]}
							}
						},
						{
							"origin": [-0.5, 29.3, -21.8],
							"size": [1, 0.6, 2.9],
							"uv": {
								"north": {"uv": [156, 218], "uv_size": [1, 1]},
								"east": {"uv": [147, 217], "uv_size": [3, 1]},
								"south": {"uv": [157, 218], "uv_size": [1, 1]},
								"west": {"uv": [36, 218], "uv_size": [3, 1]},
								"up": {"uv": [136, 217], "uv_size": [1, 3]},
								"down": {"uv": [137, 220], "uv_size": [1, -3]}
							}
						},
						{
							"origin": [-0.5, 26.9, -19.6],
							"size": [1, 0.9, 0.7],
							"uv": {
								"north": {"uv": [158, 218], "uv_size": [1, 1]},
								"east": {"uv": [159, 218], "uv_size": [1, 1]},
								"south": {"uv": [218, 159], "uv_size": [1, 1]},
								"west": {"uv": [160, 218], "uv_size": [1, 1]},
								"up": {"uv": [218, 160], "uv_size": [1, 1]},
								"down": {"uv": [161, 219], "uv_size": [1, -1]}
							}
						},
						{
							"origin": [-0.5, 27.8, -19.5],
							"size": [1, 2.2, 0.6],
							"inflate": -0.001,
							"pivot": [0, 27.8, -18.9],
							"rotation": [31, 0, 0],
							"uv": {
								"north": {"uv": [104, 218], "uv_size": [1, 2]},
								"east": {"uv": [112, 218], "uv_size": [1, 2]},
								"south": {"uv": [113, 218], "uv_size": [1, 2]},
								"west": {"uv": [114, 218], "uv_size": [1, 2]},
								"up": {"uv": [218, 161], "uv_size": [1, 1]},
								"down": {"uv": [162, 219], "uv_size": [1, -1]}
							}
						},
						{"origin": [-1.2, 18, -37.3], "size": [2.4, 3.3, 31.6], "uv": [82, 96]},
						{"origin": [-1.2, 15.3, -36.9], "size": [2.4, 2.7, 22.5], "uv": [124, 0]},
						{"origin": [-1.2, 15.3, -15.8], "size": [2.4, 3.2, 1.4], "inflate": -0.001, "pivot": [0, 15.3, -14.4], "rotation": [-30, 0, 0], "uv": [212, 189]},
						{"origin": [-1.2, 19.6, -38.3], "size": [2.4, 1.4, 1], "uv": [160, 214]},
						{"origin": [-1.2, 15.1, -38.3], "size": [2.4, 4.5, 1], "inflate": -0.001, "pivot": [0, 19.6, -38.3], "rotation": [17.5, 0, 0], "uv": [132, 212]},
						{"origin": [-1, 16, -7.4], "size": [2, 2, 1], "uv": [212, 207]},
						{"origin": [-0.8, 16.4, -12], "size": [1.6, 1.6, 4.6], "uv": [210, 70]},
						{"origin": [-0.8, 15.5, -15], "size": [1.6, 3, 3], "uv": [56, 162]},
						{"origin": [-0.8, 15.5, -12], "size": [1.6, 1, 3], "inflate": -0.001, "pivot": [0, 15.5, -12], "rotation": [45, 0, 0], "uv": [164, 210]},
						{"origin": [-1, 13.7, -35.1], "size": [2, 2, 19], "uv": [64, 130]},
						{"origin": [1, 13.7, -35.1], "size": [2.1, 1.2, 19], "inflate": -0.001, "pivot": [1, 13.7, -25.6], "rotation": [0, 0, -45], "uv": [150, 67]},
						{"origin": [1, 17.7, -35.1], "size": [2.1, 1, 19], "inflate": -0.001, "pivot": [1, 18.7, -25.6], "rotation": [0, 0, 45], "uv": [148, 137]},
						{"origin": [-3.1, 17.7, -35.1], "size": [2.1, 1, 19], "inflate": -0.001, "pivot": [-1, 18.7, -25.6], "rotation": [0, 0, -45], "uv": [150, 47]},
						{"origin": [-3.1, 13.7, -35.1], "size": [2.1, 1.2, 19], "inflate": -0.001, "pivot": [-1, 13.7, -25.6], "rotation": [0, 0, 45], "uv": [64, 151]},
						{"origin": [-2.5, 15.7, -16.1], "size": [2, 1, 2], "pivot": [-1.5, 16.2, -23.6], "rotation": [0, 0, 90], "uv": [212, 177]},
						{"origin": [-2.4, 17.2, -16.1], "size": [1.4, 1, 2], "inflate": -0.001, "pivot": [-1, 18.2, -23.6], "rotation": [0, 0, -45], "uv": [204, 213]},
						{"origin": [-2.4, 14.2, -16.1], "size": [1.4, 1, 2], "inflate": -0.001, "pivot": [-1, 14.2, -23.6], "rotation": [0, 0, 45], "uv": [104, 213]},
						{"origin": [-1, 14.2, -16.1], "size": [2, 2, 2], "uv": [172, 210]},
						{"origin": [1, 14.2, -16.1], "size": [1.4, 1, 2], "inflate": -0.001, "pivot": [1, 14.2, -23.6], "rotation": [0, 0, -45], "uv": [98, 213]},
						{"origin": [0.5, 15.7, -16.1], "size": [2, 1, 2], "pivot": [1.5, 16.2, -23.6], "rotation": [0, 0, -90], "uv": [212, 174]},
						{"origin": [1.2, 17.7, -16.1], "size": [1.4, 1, 2], "inflate": -0.001, "pivot": [0.5, 18.7, -23.6], "rotation": [0, 0, 45], "uv": [212, 210]},
						{"origin": [1, 26, 6.7], "size": [1.1, 1, 16], "inflate": 0.001, "pivot": [1, 27, 6.7], "rotation": [-0.92379, 1.77394, 62.4857], "uv": [106, 188]},
						{"origin": [0.5, 22.9, 6.7], "size": [1, 3.1, 16], "inflate": 0.001, "pivot": [1.5, 24.45, 6.7], "rotation": [-2, 0, 0], "uv": [178, 174]},
						{
							"origin": [-1.5, 25.5, 22.6],
							"size": [0.5, 1.1, 0.5],
							"inflate": 0.001,
							"pivot": [-1.5, 25.4, 23.1],
							"rotation": [19.18173, -5.4423, 23.2797],
							"uv": {
								"north": {"uv": [206, 218], "uv_size": [1, 1]},
								"east": {"uv": [218, 206], "uv_size": [1, 1]},
								"south": {"uv": [207, 218], "uv_size": [1, 1]},
								"west": {"uv": [218, 207], "uv_size": [1, 1]},
								"up": {"uv": [208, 218], "uv_size": [1, 1]},
								"down": {"uv": [218, 209], "uv_size": [1, -1]}
							}
						},
						{"origin": [-1.7, 22.9, 7.3], "size": [3.4, 3, 1.2], "uv": [180, 210]},
						{"origin": [-1.7, 22.9, 8.5], "size": [3.4, 1, 1.8], "uv": [209, 15]},
						{"origin": [-1.7, 22.5, 7.6], "size": [3.4, 1.4, 2.7], "inflate": -0.001, "pivot": [0, 23.9, 10.3], "rotation": [-48, 0, 0], "uv": [210, 110]},
						{
							"origin": [-1.6, 23.4, 11.2],
							"size": [0.3, 1.8, 7.4],
							"uv": {
								"north": {"uv": [123, 218], "uv_size": [1, 2]},
								"east": {"uv": [84, 216], "uv_size": [7, 2]},
								"south": {"uv": [143, 218], "uv_size": [1, 2]},
								"west": {"uv": [98, 216], "uv_size": [7, 2]},
								"up": {"uv": [95, 216], "uv_size": [1, 7]},
								"down": {"uv": [138, 223], "uv_size": [1, -7]}
							}
						},
						{"origin": [1.8, 20.6, 8.3], "size": [1, 1, 17], "inflate": -0.002, "pivot": [1.8, 20.6, 24.3], "rotation": [0, 0, -45], "uv": [36, 171]},
						{"origin": [-1.8, 20.6, 8.3], "size": [1, 1, 17], "inflate": -0.002, "pivot": [-1.8, 20.6, 24.3], "rotation": [0, 0, -45], "uv": [172, 0]},
						{"origin": [-1.8, 18.1, 8.3], "size": [1, 1, 17], "inflate": -0.002, "pivot": [-1.8, 18.1, 24.3], "rotation": [0, 0, -45], "uv": [142, 176]},
						{"origin": [1.49289, 18.80711, 8.3], "size": [1, 2.5, 17], "inflate": -0.001, "uv": [168, 24]},
						{"origin": [-1, 22.2, -52.9], "size": [2, 2, 7.5], "pivot": [0, 23.2, -51.9], "rotation": [0, 0, -45], "uv": [178, 193]},
						{"origin": [-1, 16, -41.8], "size": [2, 2, 3.3], "inflate": -0.3, "pivot": [0, 17, -41.3], "rotation": [0, 0, -45], "uv": [210, 80]},
						{"origin": [-1, 16, -38.5], "size": [2, 2, 2.3], "inflate": -0.45, "pivot": [0, 17, -38], "rotation": [0, 0, -45], "uv": [196, 210]},
						{
							"origin": [1, 24.6, -35],
							"size": [0.65, 1, 60.3],
							"inflate": -0.001,
							"pivot": [1, 25.6, -7],
							"rotation": [0, 0, 71.5],
							"uv": {
								"north": {"uv": [212, 218], "uv_size": [1, 1]},
								"east": {"uv": [216, 213], "uv_size": [60, 1]},
								"south": {"uv": [218, 212], "uv_size": [1, 1]},
								"west": {"uv": [216, 214], "uv_size": [60, 1]},
								"up": {"uv": [28, 215], "uv_size": [1, 60]},
								"down": {"uv": [29, 275], "uv_size": [1, -60]}
							}
						},
						{"origin": [-1, 26.1, -42.9], "size": [2, 2, 6], "inflate": -0.45, "pivot": [0, 27.1, -41.9], "rotation": [0, 0, -45], "uv": [98, 205]},
						{"origin": [1, 15.7, -35.1], "size": [2, 2, 19], "pivot": [2, 16.2, -25.6], "rotation": [0, 0, -90], "uv": [106, 130]},
						{"origin": [-3, 14.7, -35.1], "size": [2, 2, 19], "pivot": [-2, 16.2, -25.6], "rotation": [0, 0, -90], "uv": [148, 96]}
					]
				},
				{
					"name": "bolt",
					"parent": "gun",
					"pivot": [2, 24.5, -1],
					"cubes": [
						{"origin": [0.1, 24, -1.5], "size": [1, 1, 7], "uv": [204, 34]},
						{"origin": [0.8, 24, -1.5], "size": [1.5, 1, 1], "inflate": -0.25, "pivot": [1.8, 24.5, -1], "rotation": [-45, 0, 0], "uv": [194, 214]},
						{
							"origin": [1.5, 24, -1.4],
							"size": [1, 1, 0.8],
							"pivot": [2.5, 24.5, -1],
							"rotation": [-75, 0, 0],
							"uv": {
								"north": {"uv": [209, 218], "uv_size": [1, 1]},
								"east": {"uv": [218, 209], "uv_size": [1, 1]},
								"south": {"uv": [210, 218], "uv_size": [1, 1]},
								"west": {"uv": [218, 210], "uv_size": [1, 1]},
								"up": {"uv": [211, 218], "uv_size": [1, 1]},
								"down": {"uv": [218, 212], "uv_size": [1, -1]}
							}
						}
					]
				},
				{
					"name": "ammo counter",
					"parent": "gun",
					"pivot": [0, 27, -8],
					"cubes": [
						{
							"origin": [-1.1, 26.1, -13],
							"size": [2.2, 0.8, 3.5],
							"uv": {
								"north": {"uv": [98, 218], "uv_size": [2, 1]},
								"east": {"uv": [184, 46], "uv_size": [4, 1]},
								"south": {"uv": [100, 218], "uv_size": [2, 1]},
								"west": {"uv": [65, 189], "uv_size": [4, 1]},
								"up": {"uv": [176, 194], "uv_size": [2, 4]},
								"down": {"uv": [176, 202], "uv_size": [2, -4]}
							}
						},
						{
							"origin": [-1.1, 26.1, -20.1],
							"size": [2.2, 0.8, 3.7],
							"uv": {
								"north": {"uv": [102, 218], "uv_size": [2, 1]},
								"east": {"uv": [50, 199], "uv_size": [4, 1]},
								"south": {"uv": [110, 218], "uv_size": [2, 1]},
								"west": {"uv": [66, 200], "uv_size": [4, 1]},
								"up": {"uv": [208, 105], "uv_size": [2, 4]},
								"down": {"uv": [108, 220], "uv_size": [2, -4]}
							}
						},
						{"origin": [-0.7, 26.9, -11.2], "size": [1.4, 2, 1], "pivot": [0, 26.9, -10.2], "rotation": [25, 0, 0], "uv": [214, 168]},
						{"origin": [-0.7, 26.9, -18.6], "size": [1.4, 2, 1], "pivot": [0, 26.9, -18.6], "rotation": [-32.5, 0, 0], "uv": [170, 214]},
						{"origin": [-0.7, 26.6, -17.5], "size": [1.4, 2.1, 6.4], "uv": [206, 126]},
						{
							"origin": [-1, 26.3, -16.4],
							"size": [2, 0.5, 3.4],
							"uv": {
								"north": {"uv": [115, 218], "uv_size": [2, 1]},
								"east": {"uv": [39, 218], "uv_size": [3, 1]},
								"south": {"uv": [218, 116], "uv_size": [2, 1]},
								"west": {"uv": [42, 218], "uv_size": [3, 1]},
								"up": {"uv": [34, 186], "uv_size": [2, 3]},
								"down": {"uv": [206, 137], "uv_size": [2, -3]}
							}
						},
						{"origin": [-1, 27.9, -18.6], "size": [2, 1, 8.5], "uv": [190, 109]},
						{"origin": [1, 27.9, -18.6], "size": [1, 1, 8.3], "pivot": [1, 27.9, -11.6], "rotation": [0, 0, -45], "uv": [190, 137]},
						{"origin": [1.70711, 28.60711, -18.9], "size": [1, 1, 8.4], "pivot": [1.70711, 28.60711, -11.6], "rotation": [0, 0, -107.5], "uv": [192, 43]},
						{"origin": [2.70711, 28.60711, -19.8], "size": [1, 1, 8.9], "pivot": [1.70711, 28.60711, -11.6], "rotation": [0, 0, -107.5], "uv": [192, 52]},
						{"origin": [3.70711, 28.60711, -15.1], "size": [1, 1, 3.7], "pivot": [1.70711, 28.60711, -11.6], "rotation": [0, 0, -107.5], "uv": [148, 210]},
						{
							"origin": [-0.09613, 32.0911, -14.95752],
							"size": [0.7, 1, 3.3],
							"pivot": [0.60387, 32.0911, -11.65752],
							"rotation": [0, 4, -107.5],
							"uv": {
								"north": {"uv": [218, 173], "uv_size": [1, 1]},
								"east": {"uv": [53, 218], "uv_size": [3, 1]},
								"south": {"uv": [174, 218], "uv_size": [1, 1]},
								"west": {"uv": [56, 218], "uv_size": [3, 1]},
								"up": {"uv": [59, 218], "uv_size": [1, 3]},
								"down": {"uv": [60, 221], "uv_size": [1, -3]}
							}
						},
						{"origin": [-1, 27.9, -18.6], "size": [2, 1.9, 1], "pivot": [0, 27.9, -18.6], "rotation": [37.5, 0, 0], "uv": [154, 214]},
						{"origin": [-0.5, 28.9, -11.1], "size": [1, 3.5, 1], "pivot": [0, 28.9, -10.1], "rotation": [26, 0, 0], "uv": [150, 214]},
						{
							"origin": [-1, 27.9, -10.6],
							"size": [2, 1, 0.5],
							"pivot": [0, 28.9, -10.1],
							"rotation": [26, 0, 0],
							"uv": {
								"north": {"uv": [117, 218], "uv_size": [2, 1]},
								"east": {"uv": [218, 162], "uv_size": [1, 1]},
								"south": {"uv": [218, 117], "uv_size": [2, 1]},
								"west": {"uv": [163, 218], "uv_size": [1, 1]},
								"up": {"uv": [218, 118], "uv_size": [2, 1]},
								"down": {"uv": [119, 219], "uv_size": [2, -1]}
							}
						},
						{
							"origin": [1, 28.00164, -10.16173],
							"size": [1, 1, 0.5],
							"inflate": -0.001,
							"pivot": [1, 28.00164, -9.66073],
							"rotation": [19.02824, 18.05774, -41.94901],
							"uv": {
								"north": {"uv": [164, 218], "uv_size": [1, 1]},
								"east": {"uv": [165, 218], "uv_size": [1, 1]},
								"south": {"uv": [218, 165], "uv_size": [1, 1]},
								"west": {"uv": [166, 218], "uv_size": [1, 1]},
								"up": {"uv": [218, 166], "uv_size": [1, 1]},
								"down": {"uv": [167, 219], "uv_size": [1, -1]}
							}
						},
						{
							"origin": [1.70711, 28.63675, -10.4716],
							"size": [4, 1.1, 0.5],
							"inflate": -0.001,
							"pivot": [1.70711, 28.63675, -9.9716],
							"rotation": [-7.65678, 24.92234, -107.69442],
							"uv": {
								"north": {"uv": [70, 200], "uv_size": [4, 1]},
								"east": {"uv": [218, 170], "uv_size": [1, 1]},
								"south": {"uv": [204, 42], "uv_size": [4, 1]},
								"west": {"uv": [171, 218], "uv_size": [1, 1]},
								"up": {"uv": [12, 206], "uv_size": [4, 1]},
								"down": {"uv": [62, 210], "uv_size": [4, -1]}
							}
						},
						{"origin": [-1, 29.4, -19.8], "size": [2, 1.1, 1], "inflate": 0.001, "uv": [214, 157]},
						{"origin": [-0.5, 30.5, -18.8], "size": [1, 4, 1], "pivot": [0, 30.5, -18.8], "rotation": [-90, 0, 0], "uv": [146, 47]},
						{"origin": [-0.5, 30.5, -15.6], "size": [1, 1.5, 1], "pivot": [0, 30.5, -15.6], "rotation": [-26.5, 0, 0], "uv": [214, 193]},
						{"origin": [-0.6, 31.04578, -14.9343], "size": [1.2, 1, 3.3], "pivot": [0, 32.04578, -11.6343], "rotation": [3.5, 0, 0], "uv": [140, 210]},
						{"origin": [-2, 27.9, -18.6], "size": [1, 1, 8.3], "pivot": [-1, 27.9, -11.6], "rotation": [0, 0, 45], "uv": [190, 146]},
						{
							"origin": [-2, 28.00164, -10.16173],
							"size": [1, 1, 0.5],
							"inflate": -0.001,
							"pivot": [-1, 28.00164, -9.66073],
							"rotation": [19.02824, -18.05774, 41.94901],
							"uv": {
								"north": {"uv": [218, 167], "uv_size": [1, 1]},
								"east": {"uv": [168, 218], "uv_size": [1, 1]},
								"south": {"uv": [218, 168], "uv_size": [1, 1]},
								"west": {"uv": [169, 218], "uv_size": [1, 1]},
								"up": {"uv": [218, 169], "uv_size": [1, 1]},
								"down": {"uv": [170, 219], "uv_size": [1, -1]}
							}
						},
						{
							"origin": [-5.70711, 28.63675, -10.4716],
							"size": [4, 1.1, 0.5],
							"inflate": -0.001,
							"pivot": [-1.70711, 28.63675, -9.9716],
							"rotation": [-7.65678, -24.92234, 107.69442],
							"uv": {
								"north": {"uv": [139, 216], "uv_size": [4, 1]},
								"east": {"uv": [218, 171], "uv_size": [1, 1]},
								"south": {"uv": [143, 216], "uv_size": [4, 1]},
								"west": {"uv": [172, 218], "uv_size": [1, 1]},
								"up": {"uv": [154, 216], "uv_size": [4, 1]},
								"down": {"uv": [158, 217], "uv_size": [4, -1]}
							}
						},
						{
							"origin": [1.70711, 28.63675, -9.9716],
							"size": [4, 0.2, 0.2],
							"inflate": -0.001,
							"pivot": [1.70711, 28.63675, -9.9716],
							"rotation": [-7.65678, 24.92234, -107.69442],
							"uv": {
								"north": {"uv": [4, 218], "uv_size": [4, 1]},
								"east": {"uv": [202, 218], "uv_size": [1, 1]},
								"south": {"uv": [8, 218], "uv_size": [4, 1]},
								"west": {"uv": [218, 202], "uv_size": [1, 1]},
								"up": {"uv": [12, 218], "uv_size": [4, 1]},
								"down": {"uv": [218, 16], "uv_size": [4, -1]}
							}
						},
						{
							"origin": [-0.5, 32.2, -10.3],
							"size": [1, 0.2, 0.4],
							"pivot": [0, 28.9, -10.1],
							"rotation": [26, 0, 0],
							"uv": {
								"north": {"uv": [199, 218], "uv_size": [1, 1]},
								"east": {"uv": [218, 199], "uv_size": [1, 1]},
								"south": {"uv": [200, 218], "uv_size": [1, 1]},
								"west": {"uv": [218, 200], "uv_size": [1, 1]},
								"up": {"uv": [201, 218], "uv_size": [1, 1]},
								"down": {"uv": [218, 202], "uv_size": [1, -1]}
							}
						},
						{
							"origin": [-5.70711, 28.63675, -9.9716],
							"size": [4, 0.2, 0.2],
							"inflate": -0.001,
							"pivot": [-1.70711, 28.63675, -9.9716],
							"rotation": [-7.65678, -24.92234, 107.69442],
							"uv": {
								"north": {"uv": [132, 217], "uv_size": [4, 1]},
								"east": {"uv": [198, 218], "uv_size": [1, 1]},
								"south": {"uv": [139, 217], "uv_size": [4, 1]},
								"west": {"uv": [218, 198], "uv_size": [1, 1]},
								"up": {"uv": [143, 217], "uv_size": [4, 1]},
								"down": {"uv": [0, 219], "uv_size": [4, -1]}
							}
						},
						{
							"origin": [-2, 28.00164, -9.66173],
							"size": [1, 0.2, 0.2],
							"inflate": -0.001,
							"pivot": [-1, 28.00164, -9.66073],
							"rotation": [19.02824, -18.05774, 41.94901],
							"uv": {
								"north": {"uv": [195, 218], "uv_size": [1, 1]},
								"east": {"uv": [218, 195], "uv_size": [1, 1]},
								"south": {"uv": [196, 218], "uv_size": [1, 1]},
								"west": {"uv": [218, 196], "uv_size": [1, 1]},
								"up": {"uv": [197, 218], "uv_size": [1, 1]},
								"down": {"uv": [218, 198], "uv_size": [1, -1]}
							}
						},
						{
							"origin": [-1, 27.9, -10.1],
							"size": [2, 0.2, 0.2],
							"pivot": [0, 28.9, -10.1],
							"rotation": [26, 0, 0],
							"uv": {
								"north": {"uv": [218, 122], "uv_size": [2, 1]},
								"east": {"uv": [194, 218], "uv_size": [1, 1]},
								"south": {"uv": [218, 123], "uv_size": [2, 1]},
								"west": {"uv": [218, 194], "uv_size": [1, 1]},
								"up": {"uv": [218, 124], "uv_size": [2, 1]},
								"down": {"uv": [218, 126], "uv_size": [2, -1]}
							}
						},
						{
							"origin": [1, 28.00164, -9.66173],
							"size": [1, 0.2, 0.2],
							"inflate": -0.001,
							"pivot": [1, 28.00164, -9.66073],
							"rotation": [19.02824, 18.05774, -41.94901],
							"uv": {
								"north": {"uv": [191, 218], "uv_size": [1, 1]},
								"east": {"uv": [218, 191], "uv_size": [1, 1]},
								"south": {"uv": [192, 218], "uv_size": [1, 1]},
								"west": {"uv": [218, 192], "uv_size": [1, 1]},
								"up": {"uv": [193, 218], "uv_size": [1, 1]},
								"down": {"uv": [218, 194], "uv_size": [1, -1]}
							}
						},
						{
							"origin": [-0.60387, 32.0911, -14.95752],
							"size": [0.7, 1, 3.3],
							"pivot": [-0.60387, 32.0911, -11.65752],
							"rotation": [0, -4, 107.5],
							"uv": {
								"north": {"uv": [218, 172], "uv_size": [1, 1]},
								"east": {"uv": [45, 218], "uv_size": [3, 1]},
								"south": {"uv": [173, 218], "uv_size": [1, 1]},
								"west": {"uv": [50, 218], "uv_size": [3, 1]},
								"up": {"uv": [20, 218], "uv_size": [1, 3]},
								"down": {"uv": [21, 221], "uv_size": [1, -3]}
							}
						},
						{"origin": [-2.70711, 28.60711, -18.9], "size": [1, 1, 8.4], "pivot": [-1.70711, 28.60711, -11.6], "rotation": [0, 0, 107.5], "uv": [192, 61]},
						{"origin": [-3.70711, 28.60711, -19.8], "size": [1, 1, 8.9], "pivot": [-1.70711, 28.60711, -11.6], "rotation": [0, 0, 107.5], "uv": [192, 70]},
						{"origin": [-4.70711, 28.60711, -15.1], "size": [1, 1, 3.7], "pivot": [-1.70711, 28.60711, -11.6], "rotation": [0, 0, 107.5], "uv": [156, 210]},
						{"origin": [-0.8, 30, -20], "size": [1.6, 2, 5], "pivot": [0, 32, -15], "rotation": [2.5, 0, 0], "uv": [50, 209]},
						{"origin": [-0.2, 30.2, -20], "size": [1, 1.8, 5], "inflate": -0.001, "pivot": [0.8, 32, -15], "rotation": [2.38443, 0.75155, -17.48436], "uv": [210, 48]},
						{"origin": [-0.8, 30.2, -20], "size": [1, 1.8, 5], "inflate": -0.001, "pivot": [-0.8, 32, -15], "rotation": [2.38443, -0.75155, 17.48436], "uv": [210, 54]}
					]
				},
				{
					"name": "glow",
					"parent": "ammo counter",
					"pivot": [0, 28.9, -10.1],
					"cubes": [
						{
							"origin": [-1.8, 28.10164, -10.06173],
							"size": [0.7, 0.9, 0.5],
							"inflate": -0.002,
							"pivot": [-1, 28.00164, -9.66073],
							"rotation": [19.02824, -18.05774, 41.94901],
							"uv": {
								"north": {"uv": [175, 218], "uv_size": [1, 1]},
								"east": {"uv": [176, 218], "uv_size": [1, 1]},
								"south": {"uv": [177, 218], "uv_size": [1, 1]},
								"west": {"uv": [178, 218], "uv_size": [1, 1]},
								"up": {"uv": [179, 218], "uv_size": [1, 1]},
								"down": {"uv": [180, 219], "uv_size": [1, -1]}
							}
						},
						{
							"origin": [-5.50711, 28.83675, -10.3716],
							"size": [3.8, 0.9, 0.5],
							"inflate": -0.001,
							"pivot": [-1.70711, 28.63675, -9.9716],
							"rotation": [-7.65678, -24.92234, 107.69442],
							"uv": {
								"north": {"uv": [36, 217], "uv_size": [4, 1]},
								"east": {"uv": [190, 218], "uv_size": [1, 1]},
								"south": {"uv": [40, 217], "uv_size": [4, 1]},
								"west": {"uv": [218, 190], "uv_size": [1, 1]},
								"up": {"uv": [44, 217], "uv_size": [4, 1]},
								"down": {"uv": [110, 218], "uv_size": [4, -1]}
							}
						},
						{
							"origin": [1.70711, 28.83675, -10.3716],
							"size": [3.8, 0.9, 0.5],
							"inflate": -0.001,
							"pivot": [1.70711, 28.63675, -9.9716],
							"rotation": [-7.65678, 24.92234, -107.69442],
							"uv": {
								"north": {"uv": [162, 216], "uv_size": [4, 1]},
								"east": {"uv": [189, 218], "uv_size": [1, 1]},
								"south": {"uv": [0, 217], "uv_size": [4, 1]},
								"west": {"uv": [218, 189], "uv_size": [1, 1]},
								"up": {"uv": [4, 217], "uv_size": [4, 1]},
								"down": {"uv": [8, 218], "uv_size": [4, -1]}
							}
						},
						{"origin": [-0.5, 28.9, -11], "size": [1, 3.3, 1], "pivot": [0, 28.9, -10.1], "rotation": [26, 0, 0], "uv": [214, 159]},
						{
							"origin": [1.1, 28.10164, -10.06173],
							"size": [0.7, 0.9, 0.5],
							"inflate": -0.002,
							"pivot": [1, 28.00164, -9.66073],
							"rotation": [19.02824, 18.05774, -41.94901],
							"uv": {
								"north": {"uv": [183, 218], "uv_size": [1, 1]},
								"east": {"uv": [184, 218], "uv_size": [1, 1]},
								"south": {"uv": [185, 218], "uv_size": [1, 1]},
								"west": {"uv": [186, 218], "uv_size": [1, 1]},
								"up": {"uv": [187, 218], "uv_size": [1, 1]},
								"down": {"uv": [188, 219], "uv_size": [1, -1]}
							}
						},
						{
							"origin": [-1, 28, -10.5],
							"size": [2, 0.9, 0.5],
							"pivot": [0, 28.9, -10.1],
							"rotation": [26, 0, 0],
							"uv": {
								"north": {"uv": [218, 119], "uv_size": [2, 1]},
								"east": {"uv": [181, 218], "uv_size": [1, 1]},
								"south": {"uv": [218, 120], "uv_size": [2, 1]},
								"west": {"uv": [182, 218], "uv_size": [1, 1]},
								"up": {"uv": [121, 218], "uv_size": [2, 1]},
								"down": {"uv": [218, 122], "uv_size": [2, -1]}
							}
						}
					]
				},
				{
					"name": "_cb_scope",
					"parent": "ammo counter",
					"pivot": [0, 25.6, -14.7],
					"cubes": [
						{"origin": [-1, 25.6, -15.7], "size": [2, 2, 2], "uv": [0, 0]}
					]
				},
				{
					"name": "magazine",
					"parent": "main",
					"pivot": [0, 7.75, 16.75],
					"cubes": [
						{"origin": [-1, 8.7, 13], "size": [2, 15, 6], "uv": [58, 102]},
						{"origin": [-1, 11.7, 19], "size": [2, 10, 3], "uv": [114, 205]},
						{"origin": [-1.5, 7.65, 12.15], "size": [3, 1.1, 5], "uv": [188, 18]},
						{"origin": [-1.5, 7.75, 12.15], "size": [3, 1, 8], "inflate": -0.002, "pivot": [0.5, 8.75, 12.15], "rotation": [20, 0, 0], "uv": [124, 47]},
						{"origin": [-1.5, 7.05, 14.75], "size": [3, 1, 2.4], "inflate": -0.001, "pivot": [0.5, 8.55, 12.15], "rotation": [20, 0, 0], "uv": [210, 113]},
						{"origin": [-1.5, 7.65, 17.15], "size": [3, 2, 3.5], "inflate": -0.001, "pivot": [0.5, 7.65, 17.15], "rotation": [22.5, 0, 0], "uv": [62, 210]},
						{"origin": [-1.5, 10.48796, 19.94901], "size": [3, 1, 4.5], "inflate": -0.001, "pivot": [0.5, 10.48796, 20.44901], "rotation": [20, 0, 0], "uv": [124, 56]},
						{"origin": [-1.5, 11.98796, 18.84901], "size": [3, 2, 4], "uv": [208, 140]},
						{"origin": [-1.5, 11.88796, 23.34901], "size": [3, 1, 1], "uv": [210, 124]},
						{"origin": [-1.5, 12.68796, 22.84901], "size": [3, 1.3, 1.8], "inflate": -0.001, "pivot": [0.5, 13.98796, 22.84901], "rotation": [-35, 0, 0], "uv": [210, 85]},
						{"origin": [-1.5, 9.98796, 18.84901], "size": [3, 2, 1.5], "inflate": 0.001, "uv": [212, 186]},
						{"origin": [-1.5, 10.98796, 20.34901], "size": [3, 1, 1.4], "uv": [98, 203]},
						{"origin": [-1.5, 8.98939, 20.48358], "size": [3, 2, 1.5], "inflate": 0.002, "pivot": [0.5, 8.98939, 20.48358], "rotation": [90, 0, 0], "uv": [212, 183]}
					]
				},
				{
					"name": "bullet",
					"parent": "magazine",
					"pivot": [-0.15, 21.4, -15.7],
					"cubes": [
						{"origin": [-0.25, 23.1, 13.6], "size": [1, 1, 5], "pivot": [0.25, 23.6, 16.6], "rotation": [0, 0, 72.5], "uv": [210, 42]}
					]
				},
				{
					"name": "rightarm",
					"parent": "main",
					"pivot": [-1, 13.8, 1.8],
					"rotation": [-105.86146, -19.3347, 2.55919],
					"cubes": [
						{"origin": [-5, 10.8, -2.2], "size": [8, 24, 8], "uv": [0, 130]}
					]
				},
				{
					"name": "leftarm",
					"parent": "main",
					"pivot": [2.7, 12.3, -24.6],
					"rotation": [-115.42056, 16.93195, -19.46396],
					"cubes": [
						{"origin": [-1.3, 9.3, -28.6], "size": [8, 24, 8], "uv": [32, 130]}
					]
				},
				{
					"name": "muzzleflash",
					"parent": "main",
					"pivot": [0, 23.15, -53.15],
					"cubes": [
						{"origin": [-0.5, 22.65, -53.65], "size": [1, 1, 1], "inflate": -0.4, "uv": [27, 69]}
					]
				},
				{
					"name": "scope",
					"parent": "main",
					"pivot": [8, 32.05, -5.05],
					"cubes": [
						{"origin": [7.5, 31.55, -5.55], "size": [1, 1, 1], "inflate": -0.4, "uv": [27, 69]}
					]
				},
				{
					"name": "reticle",
					"parent": "main",
					"pivot": [8, 32.05, -11.5],
					"cubes": [
						{"origin": [7.5, 31.55, -12], "size": [1, 1, 1], "uv": [2, 1]}
					]
				},
				{
					"name": "_camera_",
					"pivot": [8, 32, 15]
				}
			]
		}
	]
}