{
	"format_version": "1.12.0",
	"minecraft:geometry": [
		{
			"description": {
				"identifier": "geometry.unknown",
				"texture_width": 256,
				"texture_height": 256,
				"visible_bounds_width": 8,
				"visible_bounds_height": 6,
				"visible_bounds_offset": [0, 2, 0]
			},
			"bones": [
				{
					"name": "main",
					"pivot": [0, 14, 2]
				},
				{
					"name": "gun",
					"parent": "main",
					"pivot": [1, 11, -1],
					"cubes": [
						{"origin": [-1.5, 23.1, -61], "size": [3, 3.5, 2], "uv": [172, 203]},
						{"origin": [-2.5, 23.1, -61], "size": [1, 3.6, 2], "inflate": -0.0001, "pivot": [-2.5, 23.1, -60], "rotation": [0, 0, 15], "uv": [56, 139]},
						{"origin": [-2.23175, 24.92267, -63], "size": [1, 1.8, 2], "pivot": [-2.23175, 23.12267, -62], "rotation": [0, 0, 15], "uv": [78, 207]},
						{"origin": [-2.5, 23.1, -64], "size": [1, 3.6, 1], "inflate": -0.0001, "pivot": [-2.5, 23.1, -63], "rotation": [0, 0, 15], "uv": [146, 193]},
						{"origin": [-1.3, 24.6, -63], "size": [2.6, 2, 2], "uv": [56, 126]},
						{"origin": [-1.5, 23.1, -64], "size": [3, 3.5, 1], "uv": [56, 122]},
						{"origin": [-2.5, 18.6, -60], "size": [5, 4.5, 1], "uv": [172, 208]},
						{"origin": [-1.5, 18.6, -59], "size": [3, 3.6, 1], "uv": [56, 130]},
						{"origin": [-2.5, 18.6, -64], "size": [5, 4.5, 1], "uv": [184, 208]},
						{"origin": [-2.5, 22.1, -63], "size": [5, 1, 3], "uv": [64, 113]},
						{"origin": [-2.5, 18.1, -63], "size": [5, 1, 3], "uv": [64, 113]},
						{"origin": [-1.5, 12.6, -63], "size": [3, 1, 4], "uv": [52, 204]},
						{"origin": [0.5, 12.6, -60], "size": [1, 6.1, 1], "inflate": -0.0001, "pivot": [1.5, 12.6, -59], "rotation": [0, 0, 9.5], "uv": [124, 161]},
						{"origin": [-1.5, 12.6, -60], "size": [1, 6.1, 1], "inflate": -0.0001, "pivot": [-1.5, 12.6, -59], "rotation": [0, 0, -9.5], "uv": [44, 181]},
						{"origin": [0.5, 12.8, -63], "size": [1, 6, 1], "inflate": -0.0001, "pivot": [1.5, 12.6, -62], "rotation": [9.5, 0, 9.5], "uv": [44, 174]},
						{"origin": [-1.5, 12.6, -63], "size": [1, 6, 1], "inflate": -0.0001, "pivot": [-1.5, 12.6, -63], "rotation": [9.5, 0, -9.5], "uv": [48, 174]},
						{"origin": [-1.5, 13.6, -63], "size": [3, 5, 5.5], "uv": [64, 103]},
						{"origin": [1.5, 23.1, -61], "size": [1, 3.6, 2], "inflate": -0.0001, "pivot": [2.5, 23.1, -60], "rotation": [0, 0, -15], "uv": [56, 134]},
						{"origin": [1.23175, 24.92267, -63], "size": [1, 1.8, 2], "pivot": [2.23175, 23.12267, -62], "rotation": [0, 0, -15], "uv": [78, 204]},
						{"origin": [1.5, 23.1, -64], "size": [1, 3.6, 1], "inflate": -0.0001, "pivot": [2.5, 23.1, -63], "rotation": [0, 0, -15], "uv": [48, 181]},
						{"origin": [-2, 21.2, 7.7], "size": [2, 2, 22.6], "inflate": -0.0001, "pivot": [-2, 23.2, 28.2], "rotation": [0, 0, 35], "uv": [164, 0]},
						{"origin": [-0.02843, 21.2, 7.7], "size": [2, 2, 22.6], "inflate": -0.0001, "pivot": [1.97157, 23.2, 29.2], "rotation": [0, 0, -35], "uv": [152, 54]},
						{"origin": [-2, 22.2, 0], "size": [4, 2, 30.3], "uv": [80, 86]},
						{"origin": [-2, 22.2, -1], "size": [4, 2, 1], "uv": [202, 141]},
						{"origin": [-2, 24.2, -1], "size": [1, 1.65, 1], "inflate": -0.0001, "pivot": [-2, 24.2, 0], "rotation": [0, 0, 37.5], "uv": [76, 212]},
						{"origin": [1, 24.2, -1], "size": [1, 1.65, 1], "inflate": -0.0001, "pivot": [2, 24.2, 0], "rotation": [0, 0, -37.5], "uv": [212, 141]},
						{"origin": [-1, 24.2, -1], "size": [2, 1.3, 1], "uv": [74, 210]},
						{"origin": [-1, 25.2, -1.2], "size": [2, 1, 1.2], "pivot": [-1, 26.2, 0], "rotation": [35, 0, 0], "uv": [68, 210]},
						{"origin": [-3.25, 25.2, 0], "size": [2.25, 1, 30.3], "inflate": -0.0001, "pivot": [-1, 26.2, 0], "rotation": [0, 0, -63.5], "uv": [64, 118]},
						{"origin": [0.97231, 25.15525, 0], "size": [2.25, 1, 30.3], "inflate": -0.0001, "pivot": [1.02231, 26.15525, 0], "rotation": [0, 0, 63.5], "uv": [100, 0]},
						{"origin": [-1, 24.2, 0], "size": [2, 2, 30.3], "uv": [0, 90]},
						{"origin": [-1.5, 17.15579, 19.93156], "size": [3, 3, 6], "inflate": -0.0002, "pivot": [0, 17.15579, 20.93156], "rotation": [-50, 0, 0], "uv": [84, 182]},
						{"origin": [-1.5, 18.2, 13], "size": [3, 2, 8], "inflate": -0.0001, "pivot": [0, 18.2, 13], "rotation": [-7.5, 0, 0], "uv": [102, 161]},
						{"origin": [-1.5, 13.2, 27], "size": [3, 9, 3.3], "uv": [140, 31]},
						{"origin": [-1.5, 13.2, 24], "size": [3, 5, 3], "uv": [160, 203]},
						{"origin": [-1.5, 18.2, 11], "size": [3, 4, 16], "inflate": 0.0001, "uv": [0, 194]},
						{"origin": [-1, 19.6, 7], "size": [2, 2, 5], "inflate": -0.2, "pivot": [0, 20.6, 10], "rotation": [0, 0, 45], "uv": [38, 202]},
						{
							"origin": [-2.6, 25.2, -18.5],
							"size": [1.2, 0.5, 8.7],
							"inflate": -0.0001,
							"pivot": [-1, 25.7, -9.8],
							"rotation": [0, 0, -71.5],
							"uv": {
								"north": {"uv": [55, 148], "uv_size": [1, 1]},
								"east": {"uv": [64, 117], "uv_size": [9, 1]},
								"south": {"uv": [57, 213], "uv_size": [1, 1]},
								"west": {"uv": [140, 49], "uv_size": [9, 1]},
								"up": {"uv": [34, 216], "uv_size": [1, 9]},
								"down": {"uv": [35, 225], "uv_size": [1, -9]}
							}
						},
						{
							"origin": [1.4, 25.2, -18.5],
							"size": [1.2, 0.5, 8.7],
							"inflate": -0.0001,
							"pivot": [1, 25.7, -9.8],
							"rotation": [0, 0, 71.5],
							"uv": {
								"north": {"uv": [133, 214], "uv_size": [1, 1]},
								"east": {"uv": [168, 85], "uv_size": [9, 1]},
								"south": {"uv": [160, 217], "uv_size": [1, 1]},
								"west": {"uv": [184, 143], "uv_size": [9, 1]},
								"up": {"uv": [36, 216], "uv_size": [1, 9]},
								"down": {"uv": [37, 225], "uv_size": [1, -9]}
							}
						},
						{
							"origin": [1, 25.2, -19.8],
							"size": [1.6, 0.5, 1.3],
							"inflate": -0.0001,
							"pivot": [1, 25.7, -12.5],
							"rotation": [0, 0, 71.5],
							"uv": {
								"north": {"uv": [144, 216], "uv_size": [2, 1]},
								"east": {"uv": [163, 217], "uv_size": [1, 1]},
								"south": {"uv": [146, 216], "uv_size": [2, 1]},
								"west": {"uv": [166, 217], "uv_size": [1, 1]},
								"up": {"uv": [148, 216], "uv_size": [2, 1]},
								"down": {"uv": [150, 217], "uv_size": [2, -1]}
							}
						},
						{
							"origin": [1, 25.2, -9.8],
							"size": [1.6, 0.5, 7.3],
							"inflate": -0.0001,
							"pivot": [1, 25.7, -2.5],
							"rotation": [0, 0, 71.5],
							"uv": {
								"north": {"uv": [158, 214], "uv_size": [2, 1]},
								"east": {"uv": [54, 214], "uv_size": [7, 1]},
								"south": {"uv": [216, 136], "uv_size": [2, 1]},
								"west": {"uv": [61, 214], "uv_size": [7, 1]},
								"up": {"uv": [216, 17], "uv_size": [2, 7]},
								"down": {"uv": [20, 223], "uv_size": [2, -7]}
							}
						},
						{
							"origin": [-2.6, 25.2, -19.8],
							"size": [1.6, 0.5, 1.3],
							"inflate": -0.0001,
							"pivot": [-1, 25.7, -12.5],
							"rotation": [0, 0, -71.5],
							"uv": {
								"north": {"uv": [152, 216], "uv_size": [2, 1]},
								"east": {"uv": [167, 217], "uv_size": [1, 1]},
								"south": {"uv": [154, 216], "uv_size": [2, 1]},
								"west": {"uv": [168, 217], "uv_size": [1, 1]},
								"up": {"uv": [156, 216], "uv_size": [2, 1]},
								"down": {"uv": [158, 217], "uv_size": [2, -1]}
							}
						},
						{
							"origin": [-2.6, 25.2, -9.8],
							"size": [1.6, 0.5, 7.3],
							"inflate": -0.0001,
							"pivot": [-1, 25.7, -2.5],
							"rotation": [0, 0, -71.5],
							"uv": {
								"north": {"uv": [216, 137], "uv_size": [2, 1]},
								"east": {"uv": [68, 214], "uv_size": [7, 1]},
								"south": {"uv": [216, 138], "uv_size": [2, 1]},
								"west": {"uv": [75, 214], "uv_size": [7, 1]},
								"up": {"uv": [22, 216], "uv_size": [2, 7]},
								"down": {"uv": [24, 223], "uv_size": [2, -7]}
							}
						},
						{
							"origin": [-1, 25.2, -19.8],
							"size": [2, 0.5, 1.3],
							"uv": {
								"north": {"uv": [216, 139], "uv_size": [2, 1]},
								"east": {"uv": [161, 217], "uv_size": [1, 1]},
								"south": {"uv": [216, 140], "uv_size": [2, 1]},
								"west": {"uv": [162, 217], "uv_size": [1, 1]},
								"up": {"uv": [216, 141], "uv_size": [2, 1]},
								"down": {"uv": [216, 143], "uv_size": [2, -1]}
							}
						},
						{
							"origin": [-1, 25.2, -9.8],
							"size": [2, 0.5, 7.3],
							"uv": {
								"north": {"uv": [198, 85], "uv_size": [2, 1]},
								"east": {"uv": [73, 117], "uv_size": [7, 1]},
								"south": {"uv": [82, 214], "uv_size": [2, 1]},
								"west": {"uv": [177, 85], "uv_size": [7, 1]},
								"up": {"uv": [62, 136], "uv_size": [2, 7]},
								"down": {"uv": [198, 85], "uv_size": [2, -7]}
							}
						},
						{
							"origin": [-1.5, 22.2, -19.8],
							"size": [0.5, 2, 17.3],
							"uv": {
								"north": {"uv": [133, 216], "uv_size": [1, 2]},
								"east": {"uv": [0, 216], "uv_size": [17, 2]},
								"south": {"uv": [216, 134], "uv_size": [1, 2]},
								"west": {"uv": [216, 0], "uv_size": [17, 2]},
								"up": {"uv": [18, 216], "uv_size": [1, 17]},
								"down": {"uv": [19, 233], "uv_size": [1, -17]}
							}
						},
						{
							"origin": [1, 22.2, -19.8],
							"size": [0.5, 2, 17.3],
							"uv": {
								"north": {"uv": [131, 216], "uv_size": [1, 2]},
								"east": {"uv": [182, 215], "uv_size": [17, 2]},
								"south": {"uv": [132, 216], "uv_size": [1, 2]},
								"west": {"uv": [199, 215], "uv_size": [17, 2]},
								"up": {"uv": [141, 215], "uv_size": [1, 17]},
								"down": {"uv": [17, 233], "uv_size": [1, -17]}
							}
						},
						{"origin": [-1, 22.2, -19.8], "size": [2, 3, 1.3], "uv": [44, 188]},
						{"origin": [-1, 22.2, -9.8], "size": [2, 3, 7.3], "uv": [84, 172]},
						{"origin": [0.5, 24.2, -2.5], "size": [1.3, 1, 1.5], "inflate": -0.0001, "pivot": [0.5, 25.2, -2.3], "rotation": [0, 0, 48], "uv": [68, 212]},
						{"origin": [-0.5, 24.2, -2.5], "size": [1, 1, 1.5], "uv": [146, 201]},
						{"origin": [-1.8, 24.2, -2.5], "size": [1.3, 1, 1.5], "inflate": -0.0001, "pivot": [-0.5, 25.2, -2.3], "rotation": [0, 0, -48], "uv": [72, 212]},
						{"origin": [-1.4, 22.2, -2.5], "size": [2.8, 2, 1.5], "uv": [196, 24]},
						{"origin": [-1.5, 14, -14.5], "size": [3, 8.2, 7.5], "uv": [126, 193]},
						{
							"origin": [-1, 14, -7],
							"size": [2, 0.5, 6],
							"uv": {
								"north": {"uv": [62, 143], "uv_size": [2, 1]},
								"east": {"uv": [196, 30], "uv_size": [6, 1]},
								"south": {"uv": [126, 160], "uv_size": [2, 1]},
								"west": {"uv": [216, 49], "uv_size": [6, 1]},
								"up": {"uv": [26, 216], "uv_size": [2, 6]},
								"down": {"uv": [28, 222], "uv_size": [2, -6]}
							}
						},
						{
							"origin": [-1.5, 17.5, -7],
							"size": [3, 0.5, 6],
							"uv": {
								"north": {"uv": [52, 148], "uv_size": [3, 1]},
								"east": {"uv": [216, 50], "uv_size": [6, 1]},
								"south": {"uv": [149, 49], "uv_size": [3, 1]},
								"west": {"uv": [216, 51], "uv_size": [6, 1]},
								"up": {"uv": [138, 215], "uv_size": [3, 6]},
								"down": {"uv": [216, 8], "uv_size": [3, -6]}
							}
						},
						{"origin": [-1.5, 14, -1], "size": [3, 4, 5], "uv": [202, 39]},
						{"origin": [-1.5, 6, -1], "size": [3, 8, 5], "inflate": 0.001, "pivot": [1.5, 14, -1], "rotation": [27.5, 0, 0], "uv": [64, 90]},
						{"origin": [-1.5, 8.21266, 1.52904], "size": [3, 1, 5.6], "pivot": [1.5, 9.21266, 7.12904], "rotation": [27.5, 0, 0], "uv": [148, 112]},
						{"origin": [-1.5, 17, 2], "size": [3, 2, 2], "inflate": -0.001, "pivot": [0, 17, 4], "rotation": [-50, 0, 0], "uv": [38, 209]},
						{"origin": [-1.5, 17.28558, 2.53209], "size": [3, 3, 3], "inflate": -0.002, "pivot": [0, 18.28558, 5.53209], "rotation": [-60, 0, 0], "uv": [140, 43]},
						{"origin": [-1.5, 19.28558, 5.26414], "size": [3, 2.2, 2], "inflate": -0.001, "pivot": [0, 19.28558, 7.26414], "rotation": [-27.5, 0, 0], "uv": [48, 209]},
						{"origin": [-1.5, 18, -7], "size": [3, 4.2, 11], "uv": [202, 24]},
						{"origin": [-1.5, 20.8, 4], "size": [3, 1.4, 4], "uv": [202, 48]},
						{"origin": [-0.5, 14.8, -3.7], "size": [1, 3, 1], "pivot": [0.5, 14.8, -2.7], "rotation": [-12.5, 0, 0], "uv": [180, 112]},
						{"origin": [-1.5, 18.2, -39.5], "size": [3, 1, 25], "uv": [0, 122]},
						{"origin": [-1.5, 21.2, -39.5], "size": [3, 1, 25], "uv": [128, 118]},
						{"origin": [-1, 19.2, -39.5], "size": [2, 2, 25], "uv": [128, 144]},
						{"origin": [-0.5, 17.2, -31.5], "size": [1, 1, 17], "uv": [200, 90]},
						{"origin": [-1.9, 17.2, -39.5], "size": [1.4, 1, 25], "inflate": -0.0001, "pivot": [-0.5, 17.2, -14.5], "rotation": [0, 0, 45], "uv": [148, 86]},
						{"origin": [0.5, 17.2, -39.5], "size": [1.4, 1, 25], "inflate": -0.0001, "pivot": [0.5, 17.2, -14.5], "rotation": [0, 0, -45], "uv": [0, 148]},
						{"origin": [-1, 15.3, -64], "size": [2, 2, 38], "inflate": -0.1, "pivot": [0, 16.3, -45], "rotation": [0, 0, 45], "uv": [0, 50]},
						{"origin": [-1, 19.3, -65.9], "size": [2, 2, 34.5], "inflate": -0.1, "pivot": [0, 20.3, -47], "rotation": [0, 0, 45], "uv": [80, 50]},
						{"origin": [-1, 23.1, -66.9], "size": [2, 2, 48], "inflate": -0.1, "pivot": [0, 24.1, -59.4], "rotation": [0, 0, 45], "uv": [0, 0]},
						{"origin": [-1, 23.1, -70.9], "size": [2, 2, 4], "inflate": 0.15, "pivot": [0, 24.1, -63.2], "rotation": [0, 0, 45], "uv": [66, 204]},
						{
							"origin": [-1, 23.1, -65.5],
							"size": [2, 2, 0.5],
							"inflate": 0.15,
							"pivot": [0, 24.1, -61.3],
							"rotation": [0, 0, 45],
							"uv": {
								"north": {"uv": [126, 158], "uv_size": [2, 2]},
								"east": {"uv": [164, 216], "uv_size": [1, 2]},
								"south": {"uv": [50, 188], "uv_size": [2, 2]},
								"west": {"uv": [165, 216], "uv_size": [1, 2]},
								"up": {"uv": [166, 216], "uv_size": [2, 1]},
								"down": {"uv": [168, 217], "uv_size": [2, -1]}
							}
						},
						{"origin": [-1, 19.3, -71.7], "size": [2, 2, 6], "pivot": [0, 20.3, -52.8], "rotation": [0, 0, 45], "uv": [152, 78]},
						{"origin": [-1, 15.3, -69], "size": [2, 2, 5], "inflate": 0.2, "pivot": [0, 16.3, -66.5], "rotation": [0, 0, 45], "uv": [202, 134]},
						{
							"origin": [-0.5, 25.7, -64.2],
							"size": [1, 1, 38],
							"uv": {
								"north": {"uv": [169, 217], "uv_size": [1, 1]},
								"east": {"uv": [0, 214], "uv_size": [38, 1]},
								"south": {"uv": [178, 217], "uv_size": [1, 1]},
								"west": {"uv": [144, 215], "uv_size": [38, 1]},
								"up": {"uv": [40, 215], "uv_size": [1, 38]},
								"down": {"uv": [41, 253], "uv_size": [1, -38]}
							}
						},
						{
							"origin": [-1.3, 24.9, -59.2],
							"size": [2.6, 1, 40],
							"uv": {
								"north": {"uv": [125, 216], "uv_size": [3, 1]},
								"east": {"uv": [100, 49], "uv_size": [40, 1]},
								"south": {"uv": [128, 216], "uv_size": [3, 1]},
								"west": {"uv": [202, 53], "uv_size": [40, 1]},
								"up": {"uv": [42, 213], "uv_size": [3, 40]},
								"down": {"uv": [45, 253], "uv_size": [3, -40]}
							}
						},
						{
							"origin": [-3.3, 24.9, -59.2],
							"size": [2, 1, 40],
							"inflate": -0.0001,
							"pivot": [-1.3, 25.9, -39.2],
							"rotation": [0, 0, -71.5],
							"uv": {
								"north": {"uv": [111, 217], "uv_size": [2, 1]},
								"east": {"uv": [54, 215], "uv_size": [40, 1]},
								"south": {"uv": [113, 217], "uv_size": [2, 1]},
								"west": {"uv": [94, 215], "uv_size": [40, 1]},
								"up": {"uv": [50, 213], "uv_size": [2, 40]},
								"down": {"uv": [52, 253], "uv_size": [2, -40]}
							}
						},
						{
							"origin": [1.3, 24.9, -59.2],
							"size": [2, 1, 40],
							"inflate": -0.0001,
							"pivot": [1.3, 25.9, -39.2],
							"rotation": [0, 0, 71.5],
							"uv": {
								"north": {"uv": [105, 217], "uv_size": [2, 1]},
								"east": {"uv": [212, 143], "uv_size": [40, 1]},
								"south": {"uv": [109, 217], "uv_size": [2, 1]},
								"west": {"uv": [0, 215], "uv_size": [40, 1]},
								"up": {"uv": [142, 211], "uv_size": [2, 40]},
								"down": {"uv": [48, 253], "uv_size": [2, -40]}
							}
						},
						{
							"origin": [0.93461, 22.20335, -59.2],
							"size": [1, 1.8, 40],
							"uv": {
								"north": {"uv": [117, 217], "uv_size": [1, 2]},
								"east": {"uv": [172, 213], "uv_size": [40, 2]},
								"south": {"uv": [118, 217], "uv_size": [1, 2]},
								"west": {"uv": [212, 213], "uv_size": [40, 2]},
								"up": {"uv": [134, 213], "uv_size": [1, 40]},
								"down": {"uv": [135, 253], "uv_size": [1, -40]}
							}
						},
						{
							"origin": [-1.93461, 22.20335, -59.2],
							"size": [1, 1.8, 40],
							"uv": {
								"north": {"uv": [119, 217], "uv_size": [1, 2]},
								"east": {"uv": [214, 108], "uv_size": [40, 2]},
								"south": {"uv": [120, 217], "uv_size": [1, 2]},
								"west": {"uv": [214, 110], "uv_size": [40, 2]},
								"up": {"uv": [136, 213], "uv_size": [1, 40]},
								"down": {"uv": [137, 253], "uv_size": [1, -40]}
							}
						},
						{
							"origin": [0.5, 26.7, -63],
							"size": [0.5, 2, 2],
							"uv": {
								"north": {"uv": [170, 216], "uv_size": [1, 2]},
								"east": {"uv": [50, 190], "uv_size": [2, 2]},
								"south": {"uv": [171, 216], "uv_size": [1, 2]},
								"west": {"uv": [100, 191], "uv_size": [2, 2]},
								"up": {"uv": [172, 216], "uv_size": [1, 2]},
								"down": {"uv": [173, 218], "uv_size": [1, -2]}
							}
						},
						{
							"origin": [0.5, 26.7, -64.2],
							"size": [0.5, 1, 1.2],
							"uv": {
								"north": {"uv": [183, 218], "uv_size": [1, 1]},
								"east": {"uv": [184, 218], "uv_size": [1, 1]},
								"south": {"uv": [185, 218], "uv_size": [1, 1]},
								"west": {"uv": [186, 218], "uv_size": [1, 1]},
								"up": {"uv": [187, 218], "uv_size": [1, 1]},
								"down": {"uv": [188, 219], "uv_size": [1, -1]}
							}
						},
						{
							"origin": [0.5, 27.7, -64.55],
							"size": [0.5, 1, 1.55],
							"inflate": -0.0001,
							"pivot": [1.3, 28.7, -63],
							"rotation": [40, 0, 0],
							"uv": {
								"north": {"uv": [195, 218], "uv_size": [1, 1]},
								"east": {"uv": [178, 216], "uv_size": [2, 1]},
								"south": {"uv": [196, 218], "uv_size": [1, 1]},
								"west": {"uv": [180, 216], "uv_size": [2, 1]},
								"up": {"uv": [216, 215], "uv_size": [1, 2]},
								"down": {"uv": [62, 219], "uv_size": [1, -2]}
							}
						},
						{
							"origin": [-1, 27.7, -64.55],
							"size": [0.5, 1, 1.55],
							"inflate": -0.0001,
							"pivot": [-0.8, 28.7, -63],
							"rotation": [40, 0, 0],
							"uv": {
								"north": {"uv": [197, 218], "uv_size": [1, 1]},
								"east": {"uv": [63, 217], "uv_size": [2, 1]},
								"south": {"uv": [198, 218], "uv_size": [1, 1]},
								"west": {"uv": [65, 217], "uv_size": [2, 1]},
								"up": {"uv": [67, 217], "uv_size": [1, 2]},
								"down": {"uv": [68, 219], "uv_size": [1, -2]}
							}
						},
						{
							"origin": [-1, 26.7, -64.2],
							"size": [0.5, 1, 1.2],
							"uv": {
								"north": {"uv": [189, 218], "uv_size": [1, 1]},
								"east": {"uv": [190, 218], "uv_size": [1, 1]},
								"south": {"uv": [191, 218], "uv_size": [1, 1]},
								"west": {"uv": [192, 218], "uv_size": [1, 1]},
								"up": {"uv": [193, 218], "uv_size": [1, 1]},
								"down": {"uv": [194, 219], "uv_size": [1, -1]}
							}
						},
						{
							"origin": [0.5, 26.7, -61],
							"size": [0.5, 1, 4.5],
							"uv": {
								"north": {"uv": [179, 218], "uv_size": [1, 1]},
								"east": {"uv": [209, 111], "uv_size": [5, 1]},
								"south": {"uv": [180, 218], "uv_size": [1, 1]},
								"west": {"uv": [216, 52], "uv_size": [5, 1]},
								"up": {"uv": [60, 216], "uv_size": [1, 5]},
								"down": {"uv": [61, 221], "uv_size": [1, -5]}
							}
						},
						{
							"origin": [-1, 26.7, -61],
							"size": [0.5, 1, 4.5],
							"uv": {
								"north": {"uv": [181, 218], "uv_size": [1, 1]},
								"east": {"uv": [62, 216], "uv_size": [5, 1]},
								"south": {"uv": [182, 218], "uv_size": [1, 1]},
								"west": {"uv": [67, 216], "uv_size": [5, 1]},
								"up": {"uv": [72, 216], "uv_size": [1, 5]},
								"down": {"uv": [73, 221], "uv_size": [1, -5]}
							}
						},
						{
							"origin": [0.5, 27.7, -61],
							"size": [0.5, 1, 7],
							"inflate": -0.0001,
							"pivot": [1.05, 28.7, -61],
							"rotation": [-12, 0, 0],
							"uv": {
								"north": {"uv": [175, 218], "uv_size": [1, 1]},
								"east": {"uv": [126, 214], "uv_size": [7, 1]},
								"south": {"uv": [176, 218], "uv_size": [1, 1]},
								"west": {"uv": [144, 214], "uv_size": [7, 1]},
								"up": {"uv": [54, 216], "uv_size": [1, 7]},
								"down": {"uv": [55, 223], "uv_size": [1, -7]}
							}
						},
						{
							"origin": [-1, 27.7, -61],
							"size": [0.5, 1, 7],
							"inflate": -0.0001,
							"pivot": [-1.05, 28.7, -61],
							"rotation": [-12, 0, 0],
							"uv": {
								"north": {"uv": [177, 218], "uv_size": [1, 1]},
								"east": {"uv": [151, 214], "uv_size": [7, 1]},
								"south": {"uv": [178, 218], "uv_size": [1, 1]},
								"west": {"uv": [216, 48], "uv_size": [7, 1]},
								"up": {"uv": [56, 216], "uv_size": [1, 7]},
								"down": {"uv": [57, 223], "uv_size": [1, -7]}
							}
						},
						{
							"origin": [-0.5, 26.7, -64],
							"size": [1, 1, 7.5],
							"uv": {
								"north": {"uv": [173, 218], "uv_size": [1, 1]},
								"east": {"uv": [58, 209], "uv_size": [8, 1]},
								"south": {"uv": [174, 218], "uv_size": [1, 1]},
								"west": {"uv": [126, 213], "uv_size": [8, 1]},
								"up": {"uv": [38, 216], "uv_size": [1, 8]},
								"down": {"uv": [39, 224], "uv_size": [1, -8]}
							}
						},
						{
							"origin": [-1, 26.7, -63],
							"size": [0.5, 2, 2],
							"uv": {
								"north": {"uv": [174, 216], "uv_size": [1, 2]},
								"east": {"uv": [144, 208], "uv_size": [2, 2]},
								"south": {"uv": [175, 216], "uv_size": [1, 2]},
								"west": {"uv": [86, 216], "uv_size": [2, 2]},
								"up": {"uv": [176, 216], "uv_size": [1, 2]},
								"down": {"uv": [177, 218], "uv_size": [1, -2]}
							}
						},
						{
							"origin": [-0.5, 26.7, -28],
							"size": [1, 0.5, 0.5],
							"uv": {
								"north": {"uv": [179, 217], "uv_size": [1, 1]},
								"east": {"uv": [180, 217], "uv_size": [1, 1]},
								"south": {"uv": [181, 217], "uv_size": [1, 1]},
								"west": {"uv": [182, 217], "uv_size": [1, 1]},
								"up": {"uv": [183, 217], "uv_size": [1, 1]},
								"down": {"uv": [184, 218], "uv_size": [1, -1]}
							}
						},
						{
							"origin": [-0.5, 26.7, -29],
							"size": [1, 0.5, 0.5],
							"uv": {
								"north": {"uv": [185, 217], "uv_size": [1, 1]},
								"east": {"uv": [186, 217], "uv_size": [1, 1]},
								"south": {"uv": [187, 217], "uv_size": [1, 1]},
								"west": {"uv": [188, 217], "uv_size": [1, 1]},
								"up": {"uv": [189, 217], "uv_size": [1, 1]},
								"down": {"uv": [190, 218], "uv_size": [1, -1]}
							}
						},
						{
							"origin": [-0.5, 26.7, -31],
							"size": [1, 0.5, 0.5],
							"uv": {
								"north": {"uv": [197, 217], "uv_size": [1, 1]},
								"east": {"uv": [198, 217], "uv_size": [1, 1]},
								"south": {"uv": [199, 217], "uv_size": [1, 1]},
								"west": {"uv": [200, 217], "uv_size": [1, 1]},
								"up": {"uv": [201, 217], "uv_size": [1, 1]},
								"down": {"uv": [202, 218], "uv_size": [1, -1]}
							}
						},
						{
							"origin": [-0.5, 26.7, -30],
							"size": [1, 0.5, 0.5],
							"uv": {
								"north": {"uv": [191, 217], "uv_size": [1, 1]},
								"east": {"uv": [192, 217], "uv_size": [1, 1]},
								"south": {"uv": [193, 217], "uv_size": [1, 1]},
								"west": {"uv": [194, 217], "uv_size": [1, 1]},
								"up": {"uv": [195, 217], "uv_size": [1, 1]},
								"down": {"uv": [196, 218], "uv_size": [1, -1]}
							}
						},
						{
							"origin": [-0.5, 26.7, -35],
							"size": [1, 0.5, 0.5],
							"uv": {
								"north": {"uv": [1, 218], "uv_size": [1, 1]},
								"east": {"uv": [2, 218], "uv_size": [1, 1]},
								"south": {"uv": [3, 218], "uv_size": [1, 1]},
								"west": {"uv": [4, 218], "uv_size": [1, 1]},
								"up": {"uv": [5, 218], "uv_size": [1, 1]},
								"down": {"uv": [6, 219], "uv_size": [1, -1]}
							}
						},
						{
							"origin": [-0.5, 26.7, -34],
							"size": [1, 0.5, 0.5],
							"uv": {
								"north": {"uv": [215, 217], "uv_size": [1, 1]},
								"east": {"uv": [217, 215], "uv_size": [1, 1]},
								"south": {"uv": [216, 217], "uv_size": [1, 1]},
								"west": {"uv": [217, 216], "uv_size": [1, 1]},
								"up": {"uv": [217, 217], "uv_size": [1, 1]},
								"down": {"uv": [0, 219], "uv_size": [1, -1]}
							}
						},
						{
							"origin": [-0.5, 26.7, -32],
							"size": [1, 0.5, 0.5],
							"uv": {
								"north": {"uv": [209, 217], "uv_size": [1, 1]},
								"east": {"uv": [210, 217], "uv_size": [1, 1]},
								"south": {"uv": [211, 217], "uv_size": [1, 1]},
								"west": {"uv": [212, 217], "uv_size": [1, 1]},
								"up": {"uv": [213, 217], "uv_size": [1, 1]},
								"down": {"uv": [214, 218], "uv_size": [1, -1]}
							}
						},
						{
							"origin": [-0.5, 26.7, -33],
							"size": [1, 0.5, 0.5],
							"uv": {
								"north": {"uv": [203, 217], "uv_size": [1, 1]},
								"east": {"uv": [204, 217], "uv_size": [1, 1]},
								"south": {"uv": [205, 217], "uv_size": [1, 1]},
								"west": {"uv": [206, 217], "uv_size": [1, 1]},
								"up": {"uv": [207, 217], "uv_size": [1, 1]},
								"down": {"uv": [208, 218], "uv_size": [1, -1]}
							}
						},
						{
							"origin": [-0.5, 26.7, -43],
							"size": [1, 0.5, 0.5],
							"uv": {
								"north": {"uv": [82, 218], "uv_size": [1, 1]},
								"east": {"uv": [86, 218], "uv_size": [1, 1]},
								"south": {"uv": [87, 218], "uv_size": [1, 1]},
								"west": {"uv": [88, 218], "uv_size": [1, 1]},
								"up": {"uv": [89, 218], "uv_size": [1, 1]},
								"down": {"uv": [90, 219], "uv_size": [1, -1]}
							}
						},
						{
							"origin": [-0.5, 26.7, -42],
							"size": [1, 0.5, 0.5],
							"uv": {
								"north": {"uv": [64, 218], "uv_size": [1, 1]},
								"east": {"uv": [65, 218], "uv_size": [1, 1]},
								"south": {"uv": [66, 218], "uv_size": [1, 1]},
								"west": {"uv": [79, 218], "uv_size": [1, 1]},
								"up": {"uv": [80, 218], "uv_size": [1, 1]},
								"down": {"uv": [81, 219], "uv_size": [1, -1]}
							}
						},
						{
							"origin": [-0.5, 26.7, -40],
							"size": [1, 0.5, 0.5],
							"uv": {
								"north": {"uv": [218, 43], "uv_size": [1, 1]},
								"east": {"uv": [218, 44], "uv_size": [1, 1]},
								"south": {"uv": [218, 45], "uv_size": [1, 1]},
								"west": {"uv": [218, 46], "uv_size": [1, 1]},
								"up": {"uv": [218, 47], "uv_size": [1, 1]},
								"down": {"uv": [63, 219], "uv_size": [1, -1]}
							}
						},
						{
							"origin": [-0.5, 26.7, -41],
							"size": [1, 0.5, 0.5],
							"uv": {
								"north": {"uv": [218, 22], "uv_size": [1, 1]},
								"east": {"uv": [218, 23], "uv_size": [1, 1]},
								"south": {"uv": [218, 39], "uv_size": [1, 1]},
								"west": {"uv": [218, 40], "uv_size": [1, 1]},
								"up": {"uv": [218, 41], "uv_size": [1, 1]},
								"down": {"uv": [218, 43], "uv_size": [1, -1]}
							}
						},
						{
							"origin": [-0.5, 26.7, -39],
							"size": [1, 0.5, 0.5],
							"uv": {
								"north": {"uv": [218, 16], "uv_size": [1, 1]},
								"east": {"uv": [218, 17], "uv_size": [1, 1]},
								"south": {"uv": [218, 18], "uv_size": [1, 1]},
								"west": {"uv": [218, 19], "uv_size": [1, 1]},
								"up": {"uv": [218, 20], "uv_size": [1, 1]},
								"down": {"uv": [218, 22], "uv_size": [1, -1]}
							}
						},
						{
							"origin": [-0.5, 26.7, -38],
							"size": [1, 0.5, 0.5],
							"uv": {
								"north": {"uv": [218, 13], "uv_size": [1, 1]},
								"east": {"uv": [14, 218], "uv_size": [1, 1]},
								"south": {"uv": [218, 14], "uv_size": [1, 1]},
								"west": {"uv": [15, 218], "uv_size": [1, 1]},
								"up": {"uv": [218, 15], "uv_size": [1, 1]},
								"down": {"uv": [16, 219], "uv_size": [1, -1]}
							}
						},
						{
							"origin": [-0.5, 26.7, -37],
							"size": [1, 0.5, 0.5],
							"uv": {
								"north": {"uv": [218, 10], "uv_size": [1, 1]},
								"east": {"uv": [11, 218], "uv_size": [1, 1]},
								"south": {"uv": [218, 11], "uv_size": [1, 1]},
								"west": {"uv": [12, 218], "uv_size": [1, 1]},
								"up": {"uv": [218, 12], "uv_size": [1, 1]},
								"down": {"uv": [13, 219], "uv_size": [1, -1]}
							}
						},
						{
							"origin": [-0.5, 26.7, -36],
							"size": [1, 0.5, 0.5],
							"uv": {
								"north": {"uv": [7, 218], "uv_size": [1, 1]},
								"east": {"uv": [8, 218], "uv_size": [1, 1]},
								"south": {"uv": [218, 8], "uv_size": [1, 1]},
								"west": {"uv": [9, 218], "uv_size": [1, 1]},
								"up": {"uv": [218, 9], "uv_size": [1, 1]},
								"down": {"uv": [10, 219], "uv_size": [1, -1]}
							}
						},
						{
							"origin": [-0.5, 26.7, -51],
							"size": [1, 0.5, 0.5],
							"uv": {
								"north": {"uv": [153, 218], "uv_size": [1, 1]},
								"east": {"uv": [156, 218], "uv_size": [1, 1]},
								"south": {"uv": [157, 218], "uv_size": [1, 1]},
								"west": {"uv": [158, 218], "uv_size": [1, 1]},
								"up": {"uv": [159, 218], "uv_size": [1, 1]},
								"down": {"uv": [160, 219], "uv_size": [1, -1]}
							}
						},
						{
							"origin": [-0.5, 26.7, -50],
							"size": [1, 0.5, 0.5],
							"uv": {
								"north": {"uv": [218, 142], "uv_size": [1, 1]},
								"east": {"uv": [148, 218], "uv_size": [1, 1]},
								"south": {"uv": [149, 218], "uv_size": [1, 1]},
								"west": {"uv": [150, 218], "uv_size": [1, 1]},
								"up": {"uv": [151, 218], "uv_size": [1, 1]},
								"down": {"uv": [152, 219], "uv_size": [1, -1]}
							}
						},
						{
							"origin": [-0.5, 26.7, -48],
							"size": [1, 0.5, 0.5],
							"uv": {
								"north": {"uv": [218, 136], "uv_size": [1, 1]},
								"east": {"uv": [218, 137], "uv_size": [1, 1]},
								"south": {"uv": [218, 138], "uv_size": [1, 1]},
								"west": {"uv": [218, 139], "uv_size": [1, 1]},
								"up": {"uv": [218, 140], "uv_size": [1, 1]},
								"down": {"uv": [218, 142], "uv_size": [1, -1]}
							}
						},
						{
							"origin": [-0.5, 26.7, -49],
							"size": [1, 0.5, 0.5],
							"uv": {
								"north": {"uv": [126, 218], "uv_size": [1, 1]},
								"east": {"uv": [129, 218], "uv_size": [1, 1]},
								"south": {"uv": [130, 218], "uv_size": [1, 1]},
								"west": {"uv": [131, 218], "uv_size": [1, 1]},
								"up": {"uv": [132, 218], "uv_size": [1, 1]},
								"down": {"uv": [133, 219], "uv_size": [1, -1]}
							}
						},
						{
							"origin": [-0.5, 26.7, -47],
							"size": [1, 0.5, 0.5],
							"uv": {
								"north": {"uv": [112, 218], "uv_size": [1, 1]},
								"east": {"uv": [113, 218], "uv_size": [1, 1]},
								"south": {"uv": [114, 218], "uv_size": [1, 1]},
								"west": {"uv": [121, 218], "uv_size": [1, 1]},
								"up": {"uv": [122, 218], "uv_size": [1, 1]},
								"down": {"uv": [125, 219], "uv_size": [1, -1]}
							}
						},
						{
							"origin": [-0.5, 26.7, -46],
							"size": [1, 0.5, 0.5],
							"uv": {
								"north": {"uv": [103, 218], "uv_size": [1, 1]},
								"east": {"uv": [105, 218], "uv_size": [1, 1]},
								"south": {"uv": [106, 218], "uv_size": [1, 1]},
								"west": {"uv": [109, 218], "uv_size": [1, 1]},
								"up": {"uv": [110, 218], "uv_size": [1, 1]},
								"down": {"uv": [111, 219], "uv_size": [1, -1]}
							}
						},
						{
							"origin": [-0.5, 26.7, -45],
							"size": [1, 0.5, 0.5],
							"uv": {
								"north": {"uv": [97, 218], "uv_size": [1, 1]},
								"east": {"uv": [98, 218], "uv_size": [1, 1]},
								"south": {"uv": [99, 218], "uv_size": [1, 1]},
								"west": {"uv": [100, 218], "uv_size": [1, 1]},
								"up": {"uv": [101, 218], "uv_size": [1, 1]},
								"down": {"uv": [102, 219], "uv_size": [1, -1]}
							}
						},
						{
							"origin": [-0.5, 26.7, -44],
							"size": [1, 0.5, 0.5],
							"uv": {
								"north": {"uv": [91, 218], "uv_size": [1, 1]},
								"east": {"uv": [92, 218], "uv_size": [1, 1]},
								"south": {"uv": [93, 218], "uv_size": [1, 1]},
								"west": {"uv": [94, 218], "uv_size": [1, 1]},
								"up": {"uv": [95, 218], "uv_size": [1, 1]},
								"down": {"uv": [96, 219], "uv_size": [1, -1]}
							}
						},
						{
							"origin": [-0.5, 26.7, -53],
							"size": [1, 0.5, 0.5],
							"uv": {
								"north": {"uv": [167, 218], "uv_size": [1, 1]},
								"east": {"uv": [168, 218], "uv_size": [1, 1]},
								"south": {"uv": [169, 218], "uv_size": [1, 1]},
								"west": {"uv": [170, 218], "uv_size": [1, 1]},
								"up": {"uv": [171, 218], "uv_size": [1, 1]},
								"down": {"uv": [172, 219], "uv_size": [1, -1]}
							}
						},
						{
							"origin": [-0.5, 26.7, -52],
							"size": [1, 0.5, 0.5],
							"uv": {
								"north": {"uv": [161, 218], "uv_size": [1, 1]},
								"east": {"uv": [162, 218], "uv_size": [1, 1]},
								"south": {"uv": [163, 218], "uv_size": [1, 1]},
								"west": {"uv": [164, 218], "uv_size": [1, 1]},
								"up": {"uv": [165, 218], "uv_size": [1, 1]},
								"down": {"uv": [166, 219], "uv_size": [1, -1]}
							}
						},
						{
							"origin": [-0.25, 27.7, -29.2],
							"size": [0.5, 1, 5],
							"uv": {
								"north": {"uv": [201, 218], "uv_size": [1, 1]},
								"east": {"uv": [74, 216], "uv_size": [5, 1]},
								"south": {"uv": [202, 218], "uv_size": [1, 1]},
								"west": {"uv": [79, 216], "uv_size": [5, 1]},
								"up": {"uv": [84, 216], "uv_size": [1, 5]},
								"down": {"uv": [85, 221], "uv_size": [1, -5]}
							}
						},
						{
							"origin": [-0.25, 28.2, -26.4],
							"size": [0.5, 1, 1],
							"inflate": -0.0001,
							"uv": {
								"north": {"uv": [213, 218], "uv_size": [1, 1]},
								"east": {"uv": [214, 218], "uv_size": [1, 1]},
								"south": {"uv": [215, 218], "uv_size": [1, 1]},
								"west": {"uv": [218, 215], "uv_size": [1, 1]},
								"up": {"uv": [216, 218], "uv_size": [1, 1]},
								"down": {"uv": [218, 217], "uv_size": [1, -1]}
							}
						},
						{
							"origin": [-0.25, 28.4, -25.4],
							"size": [0.5, 1, 0.5],
							"inflate": -0.0001,
							"uv": {
								"north": {"uv": [217, 218], "uv_size": [1, 1]},
								"east": {"uv": [218, 217], "uv_size": [1, 1]},
								"south": {"uv": [218, 218], "uv_size": [1, 1]},
								"west": {"uv": [0, 219], "uv_size": [1, 1]},
								"up": {"uv": [1, 219], "uv_size": [1, 1]},
								"down": {"uv": [2, 220], "uv_size": [1, -1]}
							}
						},
						{
							"origin": [-0.25, 28.4, -25.4],
							"size": [0.5, 1, 0.5],
							"inflate": -0.0002,
							"pivot": [0.2, 29.4, -24.9],
							"rotation": [27.5, 0, 0],
							"uv": {
								"north": {"uv": [219, 5], "uv_size": [1, 1]},
								"east": {"uv": [6, 219], "uv_size": [1, 1]},
								"south": {"uv": [219, 6], "uv_size": [1, 1]},
								"west": {"uv": [7, 219], "uv_size": [1, 1]},
								"up": {"uv": [219, 7], "uv_size": [1, 1]},
								"down": {"uv": [8, 220], "uv_size": [1, -1]}
							}
						},
						{
							"origin": [-0.25, 28.4, -26.9],
							"size": [0.5, 1, 0.5],
							"inflate": -0.0001,
							"uv": {
								"north": {"uv": [219, 2], "uv_size": [1, 1]},
								"east": {"uv": [3, 219], "uv_size": [1, 1]},
								"south": {"uv": [219, 3], "uv_size": [1, 1]},
								"west": {"uv": [4, 219], "uv_size": [1, 1]},
								"up": {"uv": [219, 4], "uv_size": [1, 1]},
								"down": {"uv": [5, 220], "uv_size": [1, -1]}
							}
						},
						{
							"origin": [0.5, 26.7, -26.2],
							"size": [0.5, 2, 2],
							"uv": {
								"north": {"uv": [69, 217], "uv_size": [1, 2]},
								"east": {"uv": [88, 216], "uv_size": [2, 2]},
								"south": {"uv": [70, 217], "uv_size": [1, 2]},
								"west": {"uv": [90, 216], "uv_size": [2, 2]},
								"up": {"uv": [71, 217], "uv_size": [1, 2]},
								"down": {"uv": [74, 219], "uv_size": [1, -2]}
							}
						},
						{"origin": [-1, 25.7, -26.2], "size": [2, 1, 4], "uv": [126, 208]},
						{"origin": [-0.5, 25.7, -22.2], "size": [1, 1, 1], "uv": [38, 213]},
						{
							"origin": [-0.4, 25.26712, -21.24741],
							"size": [0.8, 1, 2],
							"uv": {
								"north": {"uv": [207, 218], "uv_size": [1, 1]},
								"east": {"uv": [79, 217], "uv_size": [2, 1]},
								"south": {"uv": [208, 218], "uv_size": [1, 1]},
								"west": {"uv": [81, 217], "uv_size": [2, 1]},
								"up": {"uv": [83, 217], "uv_size": [1, 2]},
								"down": {"uv": [104, 219], "uv_size": [1, -2]}
							}
						},
						{"origin": [-0.5, 25.7, -21.2], "size": [1, 1, 2], "pivot": [0, 26.7, -21.2], "rotation": [-12.5, 0, 0], "uv": [196, 27]},
						{
							"origin": [-0.25, 25.3, -25],
							"size": [0.5, 1.4, 2.8],
							"inflate": -0.0001,
							"pivot": [0.2, 26.7, -22.2],
							"rotation": [-44.5, 0, 0],
							"uv": {
								"north": {"uv": [199, 218], "uv_size": [1, 1]},
								"east": {"uv": [54, 213], "uv_size": [3, 1]},
								"south": {"uv": [200, 218], "uv_size": [1, 1]},
								"west": {"uv": [104, 216], "uv_size": [3, 1]},
								"up": {"uv": [107, 216], "uv_size": [1, 3]},
								"down": {"uv": [108, 219], "uv_size": [1, -3]}
							}
						},
						{
							"origin": [0.5, 25.3, -25],
							"size": [0.5, 1.4, 2.8],
							"inflate": -0.0001,
							"pivot": [1, 26.7, -22.2],
							"rotation": [-44.5, 0, 0],
							"uv": {
								"north": {"uv": [203, 218], "uv_size": [1, 1]},
								"east": {"uv": [109, 216], "uv_size": [3, 1]},
								"south": {"uv": [204, 218], "uv_size": [1, 1]},
								"west": {"uv": [112, 216], "uv_size": [3, 1]},
								"up": {"uv": [115, 216], "uv_size": [1, 3]},
								"down": {"uv": [116, 219], "uv_size": [1, -3]}
							}
						},
						{
							"origin": [-1, 26.7, -26.2],
							"size": [0.5, 2, 2],
							"uv": {
								"north": {"uv": [75, 217], "uv_size": [1, 2]},
								"east": {"uv": [92, 216], "uv_size": [2, 2]},
								"south": {"uv": [76, 217], "uv_size": [1, 2]},
								"west": {"uv": [94, 216], "uv_size": [2, 2]},
								"up": {"uv": [77, 217], "uv_size": [1, 2]},
								"down": {"uv": [78, 219], "uv_size": [1, -2]}
							}
						},
						{
							"origin": [-1, 25.3, -25],
							"size": [0.5, 1.4, 2.8],
							"inflate": -0.0001,
							"pivot": [-0.8, 26.7, -22.2],
							"rotation": [-44.5, 0, 0],
							"uv": {
								"north": {"uv": [205, 218], "uv_size": [1, 1]},
								"east": {"uv": [117, 216], "uv_size": [3, 1]},
								"south": {"uv": [206, 218], "uv_size": [1, 1]},
								"west": {"uv": [120, 216], "uv_size": [3, 1]},
								"up": {"uv": [123, 216], "uv_size": [1, 3]},
								"down": {"uv": [124, 219], "uv_size": [1, -3]}
							}
						},
						{
							"origin": [-1, 26, 21.7],
							"size": [2, 1.5, 0.5],
							"uv": {
								"north": {"uv": [96, 216], "uv_size": [2, 2]},
								"east": {"uv": [146, 217], "uv_size": [1, 2]},
								"south": {"uv": [98, 216], "uv_size": [2, 2]},
								"west": {"uv": [147, 217], "uv_size": [1, 2]},
								"up": {"uv": [217, 135], "uv_size": [2, 1]},
								"down": {"uv": [148, 218], "uv_size": [2, -1]}
							}
						},
						{
							"origin": [-1, 26, 28.2],
							"size": [2, 1.5, 0.5],
							"uv": {
								"north": {"uv": [100, 216], "uv_size": [2, 2]},
								"east": {"uv": [154, 217], "uv_size": [1, 2]},
								"south": {"uv": [102, 216], "uv_size": [2, 2]},
								"west": {"uv": [155, 217], "uv_size": [1, 2]},
								"up": {"uv": [156, 217], "uv_size": [2, 1]},
								"down": {"uv": [158, 218], "uv_size": [2, -1]}
							}
						},
						{
							"origin": [-1, 27, 21.7],
							"size": [2, 6, 0.5],
							"pivot": [0, 27, 22.2],
							"rotation": [-90, 0, 0],
							"uv": {
								"north": {"uv": [30, 216], "uv_size": [2, 6]},
								"east": {"uv": [58, 216], "uv_size": [1, 6]},
								"south": {"uv": [32, 216], "uv_size": [2, 6]},
								"west": {"uv": [59, 216], "uv_size": [1, 6]},
								"up": {"uv": [150, 217], "uv_size": [2, 1]},
								"down": {"uv": [152, 218], "uv_size": [2, -1]}
							}
						}
					]
				},
				{
					"name": "pump",
					"parent": "gun",
					"pivot": [0, 13.15, -38.8],
					"cubes": [
						{"origin": [-2.5, 16.15, -27.8], "size": [5, 4, 3], "uv": [164, 24]},
						{"origin": [-2.5, 16.15, -30.8], "size": [5, 4, 1], "uv": [196, 208]},
						{"origin": [-2.5, 19.15, -29.8], "size": [5, 1, 2], "uv": [200, 108]},
						{"origin": [-2.2, 16.15, -29.8], "size": [4.4, 3, 2], "uv": [208, 208]},
						{"origin": [-1.2, 14.65, -30.8], "size": [2.4, 1.5, 6], "uv": [180, 24]},
						{"origin": [1.5, 14.15, -30.8], "size": [1, 2, 6], "pivot": [2.5, 16.15, -25.8], "rotation": [0, 0, 41], "uv": [184, 78]},
						{"origin": [-2.5, 14.15, -30.8], "size": [1, 2, 6], "pivot": [-2.5, 16.15, -25.8], "rotation": [0, 0, -41], "uv": [38, 194]},
						{"origin": [-1.5, 13.15, -47.8], "size": [3, 1.5, 17], "uv": [100, 31]},
						{"origin": [-3.5, 13.15, -47.8], "size": [2, 1, 17], "inflate": -0.0001, "pivot": [-1.5, 13.15, -30.8], "rotation": [0, 0, 65], "uv": [200, 72]},
						{"origin": [1.5, 13.15, -47.8], "size": [2, 1, 17], "inflate": -0.0001, "pivot": [1.5, 13.15, -30.8], "rotation": [0, 0, -65], "uv": [200, 54]},
						{"origin": [2.34524, 14.96262, -52.8], "size": [3.3, 1, 22], "pivot": [2.34524, 14.96262, -30.8], "rotation": [0, 0, -90], "uv": [52, 149]},
						{"origin": [1.34524, 18.26262, -50.8], "size": [1, 2.3, 20], "pivot": [2.34524, 18.26262, -30.8], "rotation": [0, 0, -22.5], "uv": [182, 164]},
						{"origin": [0.46506, 19.38754, -50.8], "size": [1, 2.8, 20], "pivot": [1.46506, 20.38754, -30.8], "rotation": [0, 0, 12.5], "uv": [182, 186]},
						{"origin": [-1.65476, 15.26262, -52.8], "size": [3.6, 2.7, 1], "pivot": [-0.00476, 16.61262, -52.3], "rotation": [0, 0, -90], "uv": [56, 144]},
						{"origin": [-1.34524, 14.96262, -52.8], "size": [3.3, 1, 22], "pivot": [-1.34524, 14.96262, -30.8], "rotation": [0, 0, -90], "uv": [152, 31]},
						{"origin": [-2.34524, 18.26262, -50.8], "size": [1, 2.3, 20], "pivot": [-2.34524, 18.26262, -30.8], "rotation": [0, 0, 22.5], "uv": [184, 112]},
						{"origin": [-1.46506, 19.38754, -50.8], "size": [1, 2.8, 20], "pivot": [-1.46506, 20.38754, -30.8], "rotation": [0, 0, -12.5], "uv": [84, 193]},
						{"origin": [-1.5, 13.15, -52.8], "size": [3, 2, 5], "pivot": [0, 13.15, -47.8], "rotation": [-12.5, 0, 0], "uv": [168, 78]},
						{"origin": [-1.7, 18.15, -50.6], "size": [3.4, 1, 19.8], "uv": [0, 174]},
						{"origin": [-1.5, 19.15, -50.6], "size": [3, 1, 19.8], "uv": [182, 144]},
						{"origin": [-2, 16.15, -50.8], "size": [4, 2, 20], "uv": [102, 171]},
						{"origin": [-1.5, 16.95, -52.9], "size": [3, 2, 2.5], "inflate": -0.0001, "pivot": [2, 18.95, -52.4], "rotation": [42.5, 0, 0], "uv": [58, 210]},
						{"origin": [1.7, 14.65, -35.8], "size": [1, 3, 1.5], "uv": [146, 197]},
						{"origin": [-2.7, 14.65, -35.8], "size": [1, 3, 1.5], "uv": [80, 210]},
						{"origin": [-2.7, 12.65, -35.8], "size": [1, 2, 1.5], "pivot": [-2.7, 14.65, -35.05], "rotation": [0, 0, -25], "uv": [48, 185]},
						{"origin": [-1.84524, 12.83738, -35.8], "size": [3.7, 1, 1.5], "uv": [56, 147]},
						{"origin": [1.7, 12.65, -35.8], "size": [1, 2, 1.5], "pivot": [2.7, 14.65, -35.3], "rotation": [0, 0, 25], "uv": [124, 168]},
						{"origin": [-2.7, 14.65, -38.3], "size": [1, 3, 1.5], "uv": [148, 210]},
						{"origin": [-2.7, 12.65, -38.3], "size": [1, 2, 1.5], "pivot": [-2.7, 14.65, -37.55], "rotation": [0, 0, -25], "uv": [212, 3]},
						{"origin": [1.7, 14.65, -38.3], "size": [1, 3, 1.5], "uv": [144, 210]},
						{"origin": [1.7, 12.65, -38.3], "size": [1, 2, 1.5], "pivot": [2.7, 14.65, -37.8], "rotation": [0, 0, 25], "uv": [212, 0]},
						{"origin": [-1.84524, 12.83738, -38.3], "size": [3.7, 1, 1.5], "uv": [176, 116]},
						{"origin": [-2.7, 14.65, -43.3], "size": [1, 3, 1.5], "uv": [160, 211]},
						{"origin": [-2.7, 12.65, -43.3], "size": [1, 2, 1.5], "pivot": [-2.7, 14.65, -42.55], "rotation": [0, 0, -25], "uv": [212, 15]},
						{"origin": [1.7, 14.65, -43.3], "size": [1, 3, 1.5], "uv": [138, 211]},
						{"origin": [1.7, 12.65, -43.3], "size": [1, 2, 1.5], "pivot": [2.7, 14.65, -42.8], "rotation": [0, 0, 25], "uv": [212, 12]},
						{"origin": [-1.84524, 12.83738, -43.3], "size": [3.7, 1, 1.5], "uv": [92, 191]},
						{"origin": [1.7, 14.65, -45.8], "size": [1, 3, 1.5], "uv": [168, 211]},
						{"origin": [1.7, 12.65, -45.8], "size": [1, 2, 1.5], "pivot": [2.7, 14.65, -45.3], "rotation": [0, 0, 25], "uv": [212, 21]},
						{"origin": [-1.84524, 12.83738, -45.8], "size": [3.7, 1, 1.5], "uv": [44, 192]},
						{"origin": [-2.7, 12.65, -45.8], "size": [1, 2, 1.5], "pivot": [-2.7, 14.65, -45.05], "rotation": [0, 0, -25], "uv": [212, 18]},
						{"origin": [-2.7, 14.65, -45.8], "size": [1, 3, 1.5], "uv": [164, 211]},
						{"origin": [1.7, 12.65, -40.8], "size": [1, 2, 1.5], "pivot": [2.7, 14.65, -40.3], "rotation": [0, 0, 25], "uv": [212, 9]},
						{"origin": [1.7, 14.65, -40.8], "size": [1, 3, 1.5], "uv": [156, 210]},
						{"origin": [-2.7, 14.65, -40.8], "size": [1, 3, 1.5], "uv": [152, 210]},
						{"origin": [-2.7, 12.65, -40.8], "size": [1, 2, 1.5], "pivot": [-2.7, 14.65, -40.05], "rotation": [0, 0, -25], "uv": [212, 6]},
						{"origin": [-1.84524, 12.83738, -40.8], "size": [3.7, 1, 1.5], "uv": [84, 191]},
						{"origin": [2, 20.15, -56.4], "size": [3, 3, 6], "inflate": -0.4, "pivot": [4, 21.15, -55.4], "rotation": [0, 0, 45], "uv": [184, 134]},
						{"origin": [2.5, 20.35711, -51.5], "size": [3, 3, 9], "inflate": -0.7, "pivot": [4, 21.85711, -48.5], "rotation": [0, 0, 45], "uv": [102, 149]},
						{"origin": [-0.5, 20.95711, -46.8], "size": [5.4, 1.8, 1], "pivot": [4, 21.85711, -46.3], "rotation": [0, 0, -45], "uv": [164, 116]},
						{"origin": [1.5, 20.15711, -46.8], "size": [2, 2, 1], "uv": [138, 208]}
					]
				},
				{
					"name": "feeder",
					"parent": "pump",
					"pivot": [0, 25.15, -9.8],
					"cubes": [
						{
							"origin": [-1, 24.9, -18.5],
							"size": [2, 0.5, 9],
							"uv": {
								"north": {"uv": [160, 216], "uv_size": [2, 1]},
								"east": {"uv": [193, 143], "uv_size": [9, 1]},
								"south": {"uv": [162, 216], "uv_size": [2, 1]},
								"west": {"uv": [200, 111], "uv_size": [9, 1]},
								"up": {"uv": [126, 149], "uv_size": [2, 9]},
								"down": {"uv": [216, 17], "uv_size": [2, -9]}
							}
						}
					]
				},
				{
					"name": "glowy",
					"parent": "pump",
					"pivot": [0, 17.65, -28.79289],
					"cubes": [
						{"origin": [-3, 16.65, -29.79289], "size": [6, 2, 2], "inflate": -0.5, "pivot": [0, 17.65, -28.79289], "rotation": [-45, 0, 0], "uv": [164, 112]}
					]
				},
				{
					"name": "glow",
					"parent": "gun",
					"pivot": [1, 26.9, -22.1],
					"cubes": [
						{
							"origin": [-1, 25.5, -24.6],
							"size": [0.5, 1.4, 2.2],
							"inflate": -0.1,
							"pivot": [-0.5, 26.9, -22.1],
							"rotation": [-44.5, 0, 0],
							"uv": {
								"north": {"uv": [211, 218], "uv_size": [1, 1]},
								"east": {"uv": [129, 217], "uv_size": [2, 1]},
								"south": {"uv": [212, 218], "uv_size": [1, 1]},
								"west": {"uv": [217, 134], "uv_size": [2, 1]},
								"up": {"uv": [144, 217], "uv_size": [1, 2]},
								"down": {"uv": [145, 219], "uv_size": [1, -2]}
							}
						},
						{
							"origin": [0.5, 25.5, -24.6],
							"size": [0.5, 1.4, 2.2],
							"inflate": -0.1,
							"pivot": [1, 26.9, -22.1],
							"rotation": [-44.5, 0, 0],
							"uv": {
								"north": {"uv": [209, 218], "uv_size": [1, 1]},
								"east": {"uv": [121, 217], "uv_size": [2, 1]},
								"south": {"uv": [210, 218], "uv_size": [1, 1]},
								"west": {"uv": [125, 217], "uv_size": [2, 1]},
								"up": {"uv": [127, 217], "uv_size": [1, 2]},
								"down": {"uv": [128, 219], "uv_size": [1, -2]}
							}
						}
					]
				},
				{
					"name": "shell",
					"parent": "main",
					"pivot": [0, 24, -17.5],
					"cubes": [
						{"origin": [-1, 23, -22.5], "size": [2, 2, 5], "pivot": [0, 24, -18.5], "rotation": [0, 0, 22.5], "uv": [146, 203]}
					]
				},
				{
					"name": "shell2",
					"parent": "main",
					"pivot": [0, 24, -17.5],
					"cubes": [
						{"origin": [-1, 23, -22.5], "size": [2, 2, 5], "pivot": [0, 24, -18.5], "rotation": [0, 0, 22.5], "uv": [146, 203]}
					]
				},
				{
					"name": "rightarm",
					"parent": "main",
					"pivot": [-4.3, 8.8, 21.8],
					"rotation": [-101.81106, -12.40003, -2.46982],
					"cubes": [
						{"origin": [-8.3, -15.2, 17.8], "size": [8, 24, 8], "uv": [150, 171]}
					]
				},
				{
					"name": "leftarm",
					"parent": "main",
					"pivot": [10.7, 6.3, -18.6],
					"rotation": [-119.61483, 1.67666, -38.31282],
					"cubes": [
						{"origin": [6.7, -17.7, -22.6], "size": [8, 24, 8], "uv": [52, 172]}
					]
				},
				{
					"name": "muzzleflash",
					"parent": "main",
					"pivot": [0, 20.35, -71.85],
					"cubes": [
						{"origin": [-0.5, 19.85, -72.35], "size": [1, 1, 1], "inflate": -0.4, "uv": [27, 69]}
					]
				},
				{
					"name": "scope",
					"parent": "main",
					"pivot": [8, 33, -13.85],
					"cubes": [
						{"origin": [7.5, 32.5, -14.35], "size": [1, 1, 1], "inflate": -0.4, "uv": [27, 69]}
					]
				},
				{
					"name": "reticle",
					"parent": "main",
					"pivot": [8, 33, -31],
					"cubes": [
						{"origin": [7.2, 32.2, -31], "size": [1.6, 1.6, 1], "uv": [3, 1]}
					]
				},
				{
					"name": "_camera_",
					"pivot": [8, 33, 7]
				}
			]
		}
	]
}