{
	"format_version": "1.12.0",
	"minecraft:geometry": [
		{
			"description": {
				"identifier": "geometry.unknown",
				"texture_width": 256,
				"texture_height": 256,
				"visible_bounds_width": 8,
				"visible_bounds_height": 4,
				"visible_bounds_offset": [0, 1, 0]
			},
			"bones": [
				{
					"name": "main",
					"pivot": [1, 14, -2]
				},
				{
					"name": "gun",
					"parent": "main",
					"pivot": [1, 11, -1],
					"cubes": [
						{"origin": [3, 18.6, -11.6], "size": [1.4, 2, 2], "inflate": -0.4, "pivot": [3.8, 19.6, -10.6], "rotation": [70, 0, 0], "uv": [50, 92]},
						{
							"origin": [3.3, 18.5, -11.8],
							"size": [0.8, 9, 2.4],
							"inflate": -0.2,
							"pivot": [3.3, 19.6, -10.6],
							"rotation": [70, 0, 0],
							"uv": {
								"north": {"uv": [110, 161], "uv_size": [1, 9]},
								"east": {"uv": [142, 160], "uv_size": [2, 9]},
								"south": {"uv": [111, 161], "uv_size": [1, 9]},
								"west": {"uv": [144, 160], "uv_size": [2, 9]},
								"up": {"uv": [164, 162], "uv_size": [1, 2]},
								"down": {"uv": [163, 166], "uv_size": [1, -2]}
							}
						},
						{"origin": [4.5, 20.7, -17.6], "size": [2.1, 2, 2], "pivot": [5.5, 21.7, -16.6], "rotation": [45, 0, 0], "uv": [142, 156]},
						{"origin": [3.9, 22.9, -18.3], "size": [1.5, 2, 4.5], "inflate": 0.001, "uv": [58, 151]},
						{"origin": [5.4, 23.9, -18.3], "size": [1.8, 1, 4.5], "pivot": [5.4, 24.9, -16.05], "rotation": [0, 0, 56], "uv": [0, 154]},
						{
							"origin": [6.6, 23.9, -13.8],
							"size": [0.6, 1, 1],
							"pivot": [5.4, 24.9, -16.05],
							"rotation": [0, 0, 56],
							"uv": {
								"north": {"uv": [24, 166], "uv_size": [1, 1]},
								"east": {"uv": [166, 24], "uv_size": [1, 1]},
								"south": {"uv": [25, 166], "uv_size": [1, 1]},
								"west": {"uv": [166, 25], "uv_size": [1, 1]},
								"up": {"uv": [26, 166], "uv_size": [1, 1]},
								"down": {"uv": [166, 27], "uv_size": [1, -1]}
							}
						},
						{"origin": [3.9, 23.9, -13.8], "size": [1.5, 1, 2.1], "pivot": [4.4, 24.9, -13.8], "rotation": [-45, 0, 0], "uv": [68, 154]},
						{"origin": [4.4, 23.9, -13.8], "size": [1, 1, 2.3], "inflate": -0.002, "pivot": [5.4, 24.9, -13.8], "rotation": [-47.93106, 17.72311, -18.63784], "uv": [28, 158]},
						{
							"origin": [3.9, 19.8, -15.7],
							"size": [0.5, 2, 5],
							"uv": {
								"north": {"uv": [164, 164], "uv_size": [1, 2]},
								"east": {"uv": [161, 105], "uv_size": [5, 2]},
								"south": {"uv": [165, 7], "uv_size": [1, 2]},
								"west": {"uv": [161, 107], "uv_size": [5, 2]},
								"up": {"uv": [162, 152], "uv_size": [1, 5]},
								"down": {"uv": [154, 167], "uv_size": [1, -5]}
							}
						},
						{
							"origin": [5.9, 19.8, -15.7],
							"size": [0.5, 2, 5],
							"uv": {
								"north": {"uv": [165, 9], "uv_size": [1, 2]},
								"east": {"uv": [161, 109], "uv_size": [5, 2]},
								"south": {"uv": [28, 165], "uv_size": [1, 2]},
								"west": {"uv": [161, 111], "uv_size": [5, 2]},
								"up": {"uv": [155, 162], "uv_size": [1, 5]},
								"down": {"uv": [156, 167], "uv_size": [1, -5]}
							}
						},
						{"origin": [3.9, 21.8, -16.7], "size": [2.5, 1, 5], "uv": [144, 133]},
						{
							"origin": [3.9, 22.8, -18.3],
							"size": [2.5, 0.6, 5.9],
							"uv": {
								"north": {"uv": [163, 156], "uv_size": [3, 1]},
								"east": {"uv": [162, 122], "uv_size": [6, 1]},
								"south": {"uv": [164, 45], "uv_size": [3, 1]},
								"west": {"uv": [162, 123], "uv_size": [6, 1]},
								"up": {"uv": [146, 160], "uv_size": [3, 6]},
								"down": {"uv": [39, 167], "uv_size": [3, -6]}
							}
						},
						{"origin": [3.9, 21.8, -11.7], "size": [2.5, 2.3, 1], "inflate": -0.001, "pivot": [4.9, 21.8, -10.7], "rotation": [45, 0, 0], "uv": [68, 151]},
						{"origin": [4.2, 19.8, -12.3], "size": [2, 2, 2], "inflate": -0.5, "pivot": [5.2, 20.8, -11.3], "rotation": [0, 0, -45], "uv": [56, 157]},
						{"origin": [4.6, 18.4, -13.2], "size": [2, 2, 3], "inflate": -0.7, "pivot": [5.6, 19.4, -11.2], "rotation": [0, 0, -45], "uv": [10, 154]},
						{
							"origin": [3.7, 19.5, -11.4],
							"size": [0.3, 0.3, 0.5],
							"pivot": [4.7, 20.6, -11.4],
							"rotation": [0, 0, -45],
							"uv": {
								"north": {"uv": [27, 166], "uv_size": [1, 1]},
								"east": {"uv": [166, 27], "uv_size": [1, 1]},
								"south": {"uv": [166, 28], "uv_size": [1, 1]},
								"west": {"uv": [29, 166], "uv_size": [1, 1]},
								"up": {"uv": [166, 29], "uv_size": [1, 1]},
								"down": {"uv": [30, 167], "uv_size": [1, -1]}
							}
						},
						{"origin": [4.1, 18.1, -19.6], "size": [1, 3, 2], "inflate": 0.001, "pivot": [4.8, 21.1, -19.6], "rotation": [62.5, 0, 0], "uv": [50, 87]},
						{"origin": [4.1, 18.9, -15.4], "size": [1, 3, 4.4], "uv": [74, 143]},
						{"origin": [5.1, 19.9, -15.4], "size": [1, 2, 4.4], "uv": [94, 152]},
						{"origin": [5.1, 18.9, -15.4], "size": [1, 1, 3.4], "uv": [64, 157]},
						{"origin": [4.1, 19.7, -16.9], "size": [1, 1.4, 1.5], "uv": [158, 46]},
						{"origin": [4.1, 21.1, -19.6], "size": [1, 2.5, 4], "uv": [84, 152]},
						{"origin": [-2.2, 18.6, -11.6], "size": [6.4, 2, 2], "inflate": -0.6, "pivot": [1.05, 19.6, -10.6], "rotation": [-45, 0, 0], "uv": [142, 42]},
						{"origin": [-0.4, 18, -21.2], "size": [2.8, 2, 5.2], "uv": [146, 80]},
						{"origin": [-0.7, 18, -22.2], "size": [3.4, 2, 2], "inflate": -0.301, "pivot": [1, 19, -21.2], "rotation": [45, 0, 0], "uv": [148, 122]},
						{
							"origin": [1.9, 14, -11],
							"size": [0.5, 1.9, 2.5],
							"uv": {
								"north": {"uv": [164, 151], "uv_size": [1, 2]},
								"east": {"uv": [101, 162], "uv_size": [3, 2]},
								"south": {"uv": [164, 153], "uv_size": [1, 2]},
								"west": {"uv": [113, 162], "uv_size": [3, 2]},
								"up": {"uv": [64, 164], "uv_size": [1, 3]},
								"down": {"uv": [65, 167], "uv_size": [1, -3]}
							}
						},
						{
							"origin": [-0.4, 14, -11],
							"size": [0.5, 1.9, 2.5],
							"uv": {
								"north": {"uv": [161, 164], "uv_size": [1, 2]},
								"east": {"uv": [116, 162], "uv_size": [3, 2]},
								"south": {"uv": [162, 164], "uv_size": [1, 2]},
								"west": {"uv": [119, 162], "uv_size": [3, 2]},
								"up": {"uv": [66, 164], "uv_size": [1, 3]},
								"down": {"uv": [67, 167], "uv_size": [1, -3]}
							}
						},
						{
							"origin": [1.9, 14, -22],
							"size": [0.5, 2, 11],
							"inflate": -0.001,
							"pivot": [1.9, 14, -11],
							"rotation": [-21.5, 0, 0],
							"uv": {
								"north": {"uv": [157, 164], "uv_size": [1, 2]},
								"east": {"uv": [113, 160], "uv_size": [11, 2]},
								"south": {"uv": [164, 157], "uv_size": [1, 2]},
								"west": {"uv": [160, 117], "uv_size": [11, 2]},
								"up": {"uv": [106, 161], "uv_size": [1, 11]},
								"down": {"uv": [107, 172], "uv_size": [1, -11]}
							}
						},
						{
							"origin": [0.1, 14, -22],
							"size": [1.8, 1.5, 11],
							"pivot": [1, 14, -11],
							"rotation": [-21.5, 0, 0],
							"uv": {
								"north": {"uv": [70, 163], "uv_size": [2, 2]},
								"east": {"uv": [28, 161], "uv_size": [11, 2]},
								"south": {"uv": [72, 163], "uv_size": [2, 2]},
								"west": {"uv": [56, 161], "uv_size": [11, 2]},
								"up": {"uv": [124, 160], "uv_size": [2, 11]},
								"down": {"uv": [126, 171], "uv_size": [2, -11]}
							}
						},
						{
							"origin": [-0.4, 14, -22],
							"size": [0.5, 2, 11],
							"inflate": -0.001,
							"pivot": [-0.4, 14, -11],
							"rotation": [-21.5, 0, 0],
							"uv": {
								"north": {"uv": [158, 164], "uv_size": [1, 2]},
								"east": {"uv": [160, 119], "uv_size": [11, 2]},
								"south": {"uv": [164, 160], "uv_size": [1, 2]},
								"west": {"uv": [152, 160], "uv_size": [11, 2]},
								"up": {"uv": [108, 161], "uv_size": [1, 11]},
								"down": {"uv": [109, 172], "uv_size": [1, -11]}
							}
						},
						{
							"origin": [1.4, 21.1, -20.5],
							"size": [1.5, 0.8, 12.1],
							"inflate": -0.001,
							"pivot": [2.4, 21.1, -15.25],
							"rotation": [0, 0, -22],
							"uv": {
								"north": {"uv": [164, 94], "uv_size": [2, 1]},
								"east": {"uv": [160, 121], "uv_size": [12, 1]},
								"south": {"uv": [164, 95], "uv_size": [2, 1]},
								"west": {"uv": [161, 98], "uv_size": [12, 1]},
								"up": {"uv": [46, 160], "uv_size": [2, 12]},
								"down": {"uv": [48, 172], "uv_size": [2, -12]}
							}
						},
						{
							"origin": [2.86359, 21.2873, -20.5],
							"size": [1, 0.8, 12.1],
							"pivot": [2.86359, 21.2873, -20.5],
							"rotation": [0, 0, -45],
							"uv": {
								"north": {"uv": [166, 18], "uv_size": [1, 1]},
								"east": {"uv": [161, 101], "uv_size": [12, 1]},
								"south": {"uv": [166, 19], "uv_size": [1, 1]},
								"west": {"uv": [161, 102], "uv_size": [12, 1]},
								"up": {"uv": [149, 160], "uv_size": [1, 12]},
								"down": {"uv": [83, 173], "uv_size": [1, -12]}
							}
						},
						{
							"origin": [-0.9, 21.1, -20.5],
							"size": [1.5, 0.8, 12.1],
							"inflate": -0.001,
							"pivot": [-0.4, 21.1, -15.25],
							"rotation": [0, 0, 22],
							"uv": {
								"north": {"uv": [101, 164], "uv_size": [2, 1]},
								"east": {"uv": [161, 99], "uv_size": [12, 1]},
								"south": {"uv": [113, 164], "uv_size": [2, 1]},
								"west": {"uv": [161, 100], "uv_size": [12, 1]},
								"up": {"uv": [50, 160], "uv_size": [2, 12]},
								"down": {"uv": [52, 172], "uv_size": [2, -12]}
							}
						},
						{
							"origin": [-1.86359, 21.2873, -20.5],
							"size": [1, 0.8, 12.1],
							"pivot": [-0.86359, 21.2873, -20.5],
							"rotation": [0, 0, 45],
							"uv": {
								"north": {"uv": [20, 166], "uv_size": [1, 1]},
								"east": {"uv": [161, 103], "uv_size": [12, 1]},
								"south": {"uv": [166, 20], "uv_size": [1, 1]},
								"west": {"uv": [161, 104], "uv_size": [12, 1]},
								"up": {"uv": [104, 161], "uv_size": [1, 12]},
								"down": {"uv": [105, 173], "uv_size": [1, -12]}
							}
						},
						{
							"origin": [-1.86359, 21.2873, -7],
							"size": [2, 0.8, 4],
							"inflate": -0.001,
							"pivot": [-0.86359, 21.2873, -15.1],
							"rotation": [0, 0, 45],
							"uv": {
								"north": {"uv": [119, 164], "uv_size": [2, 1]},
								"east": {"uv": [62, 163], "uv_size": [4, 1]},
								"south": {"uv": [164, 124], "uv_size": [2, 1]},
								"west": {"uv": [66, 163], "uv_size": [4, 1]},
								"up": {"uv": [162, 42], "uv_size": [2, 4]},
								"down": {"uv": [84, 166], "uv_size": [2, -4]}
							}
						},
						{
							"origin": [1.86359, 21.2873, -7],
							"size": [2, 0.8, 4],
							"inflate": -0.001,
							"pivot": [2.86359, 21.2873, -15.1],
							"rotation": [0, 0, -45],
							"uv": {
								"north": {"uv": [115, 164], "uv_size": [2, 1]},
								"east": {"uv": [162, 127], "uv_size": [4, 1]},
								"south": {"uv": [117, 164], "uv_size": [2, 1]},
								"west": {"uv": [58, 163], "uv_size": [4, 1]},
								"up": {"uv": [24, 162], "uv_size": [2, 4]},
								"down": {"uv": [26, 166], "uv_size": [2, -4]}
							}
						},
						{"origin": [-0.4, 19, -8], "size": [2.8, 2, 14], "uv": [110, 32]},
						{"origin": [0, 21.6, 1], "size": [2, 1, 4], "uv": [148, 107]},
						{"origin": [2, 21.6, 1], "size": [1.05, 1, 4], "pivot": [2, 22.6, 3], "rotation": [0, 0, 74], "uv": [114, 153]},
						{"origin": [-1.05, 21.6, 1], "size": [1.05, 1, 4], "pivot": [0, 22.6, 3], "rotation": [0, 0, -74], "uv": [124, 153]},
						{"origin": [-0.5, 24.7, -7], "size": [3, 1, 4], "uv": [24, 148]},
						{"origin": [0, 24.7, -3], "size": [2, 1, 6], "pivot": [1, 25.7, -3], "rotation": [-31.5, 0, 0], "uv": [144, 0]},
						{"origin": [2, 24.7, -3], "size": [1, 1, 6], "pivot": [2, 25.7, -3], "rotation": [-17.03509, 26.904, 55.8968], "uv": [144, 23]},
						{"origin": [-1, 24.7, -3], "size": [1, 1, 6], "pivot": [0, 25.7, -3], "rotation": [-17.0351, -26.904, -55.8968], "uv": [144, 126]},
						{"origin": [2.5, 24.7, -7], "size": [1.5, 1, 4], "inflate": -0.001, "pivot": [2.5, 25.7, -3], "rotation": [0, 0, 42], "uv": [152, 149]},
						{"origin": [-2, 24.7, -7], "size": [1.5, 1, 4], "inflate": -0.001, "pivot": [-0.5, 25.7, -3], "rotation": [0, 0, -42], "uv": [24, 153]},
						{"origin": [-0.3, 20.6, 1], "size": [2.6, 1, 4], "uv": [148, 112]},
						{"origin": [-1.6, 22, -7], "size": [5.2, 2.7, 4], "uv": [60, 48]},
						{"origin": [-0.5, 21, -3], "size": [3, 1, 5], "uv": [78, 48]},
						{"origin": [-0.5, 21, -4.3], "size": [3, 1, 5.4], "inflate": -0.001, "pivot": [1, 21, 1.1], "rotation": [-31.5, 0, 0], "uv": [140, 74]},
						{"origin": [-0.5, 22, -3], "size": [3, 1, 2.5], "uv": [156, 13]},
						{"origin": [-0.5, 23, -3], "size": [3, 1, 1], "uv": [142, 46]},
						{"origin": [-0.4, 21, 5], "size": [2.8, 2.5, 1], "inflate": -0.001, "pivot": [1, 21, 6], "rotation": [30, 0, 0], "uv": [108, 146]},
						{"origin": [-0.4, 20, -10], "size": [2.8, 1, 2], "uv": [158, 24]},
						{"origin": [-0.4, 20, -22.5], "size": [2.8, 1, 12.5], "uv": [140, 48]},
						{"origin": [0.5, 20.5, -20.5], "size": [1, 1, 12.5], "uv": [140, 61]},
						{"origin": [-0.4, 17.4, -1], "size": [2.8, 3, 2], "inflate": -0.001, "pivot": [1, 17.4, -1], "rotation": [52.5, 0, 0], "uv": [34, 156]},
						{"origin": [-0.4, 14, -1], "size": [2.8, 5, 4], "inflate": 0.001, "uv": [144, 7]},
						{"origin": [-0.4, 17.5, 2], "size": [2.8, 2, 1], "inflate": -0.001, "pivot": [1, 17.5, 3], "rotation": [-32.5, 0, 0], "uv": [108, 143]},
						{
							"origin": [0, 14, -8],
							"size": [2, 0.8, 7],
							"uv": {
								"north": {"uv": [110, 31], "uv_size": [2, 1]},
								"east": {"uv": [161, 113], "uv_size": [7, 1]},
								"south": {"uv": [46, 142], "uv_size": [2, 1]},
								"west": {"uv": [161, 114], "uv_size": [7, 1]},
								"up": {"uv": [110, 24], "uv_size": [2, 7]},
								"down": {"uv": [48, 126], "uv_size": [2, -7]}
							}
						},
						{
							"origin": [0, 17.8, -8],
							"size": [2, 2, 7],
							"uv": {
								"north": {"uv": [106, 78], "uv_size": [2, 2]},
								"east": {"uv": [67, 161], "uv_size": [7, 2]},
								"south": {"uv": [56, 155], "uv_size": [2, 2]},
								"west": {"uv": [74, 161], "uv_size": [7, 2]},
								"up": {"uv": [81, 161], "uv_size": [2, 7]},
								"down": {"uv": [161, 98], "uv_size": [2, -7]}
							}
						},
						{
							"origin": [0, 18.6, -22.5],
							"size": [2, 2, 13.5],
							"uv": {
								"north": {"uv": [36, 163], "uv_size": [2, 2]},
								"east": {"uv": [160, 81], "uv_size": [14, 2]},
								"south": {"uv": [56, 163], "uv_size": [2, 2]},
								"west": {"uv": [160, 83], "uv_size": [14, 2]},
								"up": {"uv": [48, 105], "uv_size": [2, 14]},
								"down": {"uv": [46, 142], "uv_size": [2, -14]}
							}
						},
						{
							"origin": [0, 14.8, -2],
							"size": [2, 3, 1],
							"uv": {
								"north": {"uv": [86, 162], "uv_size": [2, 3]},
								"east": {"uv": [164, 39], "uv_size": [1, 3]},
								"south": {"uv": [88, 162], "uv_size": [2, 3]},
								"west": {"uv": [164, 42], "uv_size": [1, 3]},
								"up": {"uv": [146, 101], "uv_size": [2, 1]},
								"down": {"uv": [68, 165], "uv_size": [2, -1]}
							}
						},
						{
							"origin": [0, 14.8, -8],
							"size": [2, 3, 1],
							"uv": {
								"north": {"uv": [97, 162], "uv_size": [2, 3]},
								"east": {"uv": [62, 164], "uv_size": [1, 3]},
								"south": {"uv": [99, 162], "uv_size": [2, 3]},
								"west": {"uv": [63, 164], "uv_size": [1, 3]},
								"up": {"uv": [164, 77], "uv_size": [2, 1]},
								"down": {"uv": [90, 165], "uv_size": [2, -1]}
							}
						},
						{
							"origin": [0, 14, -11],
							"size": [2, 2, 3],
							"inflate": -0.001,
							"uv": {
								"north": {"uv": [156, 30], "uv_size": [2, 2]},
								"east": {"uv": [162, 46], "uv_size": [3, 2]},
								"south": {"uv": [157, 162], "uv_size": [2, 2]},
								"west": {"uv": [90, 162], "uv_size": [3, 2]},
								"up": {"uv": [93, 162], "uv_size": [2, 3]},
								"down": {"uv": [95, 165], "uv_size": [2, -3]}
							}
						},
						{
							"origin": [0, 16, -9],
							"size": [2, 4, 1],
							"uv": {
								"north": {"uv": [20, 162], "uv_size": [2, 4]},
								"east": {"uv": [159, 162], "uv_size": [1, 4]},
								"south": {"uv": [22, 162], "uv_size": [2, 4]},
								"west": {"uv": [160, 162], "uv_size": [1, 4]},
								"up": {"uv": [164, 92], "uv_size": [2, 1]},
								"down": {"uv": [164, 94], "uv_size": [2, -1]}
							}
						},
						{
							"origin": [0, 18, -9],
							"size": [2, 2, 2],
							"inflate": -0.001,
							"pivot": [1, 18, -9],
							"rotation": [50, 0, 0],
							"uv": {
								"north": {"uv": [162, 157], "uv_size": [2, 2]},
								"east": {"uv": [161, 162], "uv_size": [2, 2]},
								"south": {"uv": [28, 163], "uv_size": [2, 2]},
								"west": {"uv": [30, 163], "uv_size": [2, 2]},
								"up": {"uv": [32, 163], "uv_size": [2, 2]},
								"down": {"uv": [34, 165], "uv_size": [2, -2]}
							}
						},
						{
							"origin": [0.5, 15.06815, -4.51764],
							"size": [1, 3.3, 1],
							"pivot": [1, 16.71815, -4.01764],
							"rotation": [-15, 0, 0],
							"uv": {
								"north": {"uv": [58, 164], "uv_size": [1, 3]},
								"east": {"uv": [59, 164], "uv_size": [1, 3]},
								"south": {"uv": [60, 164], "uv_size": [1, 3]},
								"west": {"uv": [61, 164], "uv_size": [1, 3]},
								"up": {"uv": [102, 165], "uv_size": [1, 1]},
								"down": {"uv": [115, 166], "uv_size": [1, -1]}
							}
						},
						{
							"origin": [0.5, 15.06815, -13.51764],
							"size": [1, 4.3, 1],
							"inflate": -0.2,
							"pivot": [1, 17.71815, -13.01764],
							"rotation": [-27.5, 0, 0],
							"uv": {
								"north": {"uv": [38, 163], "uv_size": [1, 4]},
								"east": {"uv": [74, 163], "uv_size": [1, 4]},
								"south": {"uv": [75, 163], "uv_size": [1, 4]},
								"west": {"uv": [76, 163], "uv_size": [1, 4]},
								"up": {"uv": [23, 166], "uv_size": [1, 1]},
								"down": {"uv": [166, 24], "uv_size": [1, -1]}
							}
						},
						{"origin": [-0.4, 6, -1], "size": [2.8, 8, 4.8], "inflate": 0.002, "pivot": [1, 14, -1], "rotation": [27.5, 0, 0], "uv": [46, 143]},
						{"origin": [-0.4, 14, 2.6], "size": [2.8, 1, 1.2], "inflate": -0.001, "pivot": [1, 14, -1], "rotation": [27.5, 0, 0], "uv": [144, 30]},
						{"origin": [-0.4, 5, 3.5], "size": [2.8, 5, 1], "inflate": -0.001, "pivot": [1, 14, -1], "rotation": [27.5, 0, 0], "uv": [50, 81]},
						{"origin": [-0.4, 5, -1.5], "size": [2.8, 2.5, 5], "inflate": -0.001, "pivot": [1, 14, -1], "rotation": [27.5, 0, 0], "uv": [144, 16]},
						{"origin": [0, 11, -2], "size": [2, 1.5, 1], "pivot": [1, 14, -1], "rotation": [27.5, 0, 0], "uv": [50, 100]},
						{"origin": [-0.4, 12.99157, 4.72555], "size": [2.8, 2, 1], "inflate": -0.001, "pivot": [2, 12.99157, 5.72555], "rotation": [55, 0, 0], "uv": [108, 140]},
						{"origin": [-1.8, 21, -8.4], "size": [5.6, 4.5, 2], "uv": [94, 48]},
						{"origin": [-2.1, 20, -8.4], "size": [6.2, 2, 2], "inflate": -0.301, "pivot": [1, 21, -7.4], "rotation": [-45, 0, 0], "uv": [124, 98]},
						{"origin": [-2.5, 20, -8.4], "size": [7, 2, 2], "inflate": -0.6, "pivot": [1, 21, -7.4], "rotation": [-45, 0, 0], "uv": [106, 98]},
						{"origin": [1.4, 25.5, -8.4], "size": [1.2, 3, 1], "uv": [24, 142]},
						{"origin": [2.6, 25.5, -8.4], "size": [1.2, 3.2, 1], "inflate": -0.001, "pivot": [3.8, 25.5, -7.4], "rotation": [0, 0, -22], "uv": [42, 156]},
						{"origin": [-1.8, 25.5, -8.4], "size": [1.2, 3.2, 1], "inflate": -0.001, "pivot": [-1.8, 25.5, -7.4], "rotation": [0, 0, 22], "uv": [80, 157]},
						{"origin": [1.4, 25.5, -7.4], "size": [1.2, 3.1, 1], "pivot": [1, 25.5, -6.4], "rotation": [18.5, 0, 0], "uv": [20, 154]},
						{"origin": [1.5, 27.5, -7], "size": [1, 1, 1], "inflate": -0.3, "pivot": [1, 25.5, -6.4], "rotation": [18.5, 0, 0], "uv": [24, 146]},
						{"origin": [2.1, 25.83908, -7.18809], "size": [1, 1, 1], "inflate": -0.4, "pivot": [2.6, 26.33908, -6.68809], "rotation": [13.3111, 12.96573, -43.48067], "uv": [154, 46]},
						{"origin": [-1.1, 25.83908, -7.18809], "size": [1, 1, 1], "inflate": -0.4, "pivot": [-0.6, 26.33908, -6.68809], "rotation": [13.3111, 12.96573, -43.48067], "uv": [156, 78]},
						{"origin": [-0.5, 27.5, -7], "size": [1, 1, 1], "inflate": -0.3, "pivot": [-1, 25.5, -6.4], "rotation": [18.5, 0, 0], "uv": [150, 46]},
						{"origin": [-0.6, 25.5, -7.4], "size": [1.2, 3.1, 1], "pivot": [-1, 25.5, -6.4], "rotation": [18.5, 0, 0], "uv": [92, 158]},
						{"origin": [0.4, 25.5, -7.4], "size": [1.2, 2.5, 1.2], "pivot": [0, 25, -6.4], "rotation": [18.5, 0, 0], "uv": [108, 158]},
						{"origin": [-0.6, 25.5, -8.4], "size": [1.2, 3, 1], "uv": [88, 158]},
						{"origin": [0.5, 25.5, -8.3], "size": [1, 2.5, 1], "uv": [104, 158]},
						{"origin": [2.6, 25.5, -7.4], "size": [1.2, 3.4, 1], "pivot": [3.8, 25.5, -6.4], "rotation": [17.28921, 4.61998, -20.60105], "uv": [158, 42]},
						{"origin": [-1.8, 25.5, -7.4], "size": [1.2, 3.4, 1], "pivot": [-1.8, 25.5, -6.4], "rotation": [17.28918, -4.61995, 20.60106], "uv": [84, 158]},
						{"origin": [0.5, 22.8, 0.3], "size": [1, 1.1, 2], "inflate": -0.3, "pivot": [0.5, 22.8, 0.3], "rotation": [55, 0, 0], "uv": [108, 149]},
						{"origin": [0.3, 22.3, 0.4], "size": [1.4, 2, 1.1], "inflate": -0.3, "pivot": [0.5, 22.8, 0.4], "rotation": [58, 0, 0], "uv": [34, 153]},
						{"origin": [0, 25.3, -6.6], "size": [2, 2, 2], "inflate": -0.3, "pivot": [1, 25.3, -5.6], "rotation": [0, -45, 0], "uv": [156, 74]},
						{
							"origin": [0.8, 25.9, -3.5],
							"size": [0.4, 1, 2],
							"uv": {
								"north": {"uv": [21, 166], "uv_size": [1, 1]},
								"east": {"uv": [164, 125], "uv_size": [2, 1]},
								"south": {"uv": [166, 21], "uv_size": [1, 1]},
								"west": {"uv": [164, 126], "uv_size": [2, 1]},
								"up": {"uv": [80, 164], "uv_size": [1, 2]},
								"down": {"uv": [92, 166], "uv_size": [1, -2]}
							}
						},
						{
							"origin": [0.8, 25.9, -5.5],
							"size": [0.4, 0.6, 2],
							"uv": {
								"north": {"uv": [22, 166], "uv_size": [1, 1]},
								"east": {"uv": [164, 149], "uv_size": [2, 1]},
								"south": {"uv": [166, 22], "uv_size": [1, 1]},
								"west": {"uv": [164, 150], "uv_size": [2, 1]},
								"up": {"uv": [103, 164], "uv_size": [1, 2]},
								"down": {"uv": [121, 166], "uv_size": [1, -2]}
							}
						},
						{"origin": [-1.1, 18.6, -11.6], "size": [4.2, 3, 2], "inflate": -0.4, "uv": [148, 117]},
						{"origin": [-1, 18, -22], "size": [4, 2, 2], "inflate": -0.5, "pivot": [1, 19, -21], "rotation": [45, 0, 0], "uv": [0, 4]},
						{"origin": [-1, 13.9, -10.4], "size": [4, 2, 2], "inflate": -0.5, "pivot": [1, 14.9, -9.4], "rotation": [45, 0, 0], "uv": [0, 8]}
					]
				},
				{
					"name": "tube",
					"parent": "gun",
					"pivot": [1, 19.4, -21.9],
					"cubes": [
						{
							"origin": [0.50272, 21, -56.4],
							"size": [0.99456, 1, 48],
							"pivot": [1, 23.5, -32.4],
							"rotation": [0, 0, -45],
							"uv": {
								"north": {"uv": [116, 165], "uv_size": [1, 1]},
								"east": {"uv": [158, 128], "uv_size": [48, 1]},
								"south": {"uv": [117, 165], "uv_size": [1, 1]},
								"west": {"uv": [158, 129], "uv_size": [48, 1]},
								"up": {"uv": [150, 156], "uv_size": [1, 48]},
								"down": {"uv": [151, 204], "uv_size": [1, -48]}
							}
						},
						{
							"origin": [0.50272, 21, -56.4],
							"size": [0.99456, 1, 48],
							"inflate": -0.001,
							"pivot": [1, 23.5, -32.4],
							"rotation": [0, 0, -22.5],
							"uv": {
								"north": {"uv": [118, 165], "uv_size": [1, 1]},
								"east": {"uv": [158, 130], "uv_size": [48, 1]},
								"south": {"uv": [119, 165], "uv_size": [1, 1]},
								"west": {"uv": [158, 131], "uv_size": [48, 1]},
								"up": {"uv": [128, 158], "uv_size": [1, 48]},
								"down": {"uv": [129, 206], "uv_size": [1, -48]}
							}
						},
						{
							"origin": [0.50272, 21, -56.4],
							"size": [0.99456, 1, 48],
							"uv": {
								"north": {"uv": [120, 165], "uv_size": [1, 1]},
								"east": {"uv": [158, 132], "uv_size": [48, 1]},
								"south": {"uv": [122, 165], "uv_size": [1, 1]},
								"west": {"uv": [158, 133], "uv_size": [48, 1]},
								"up": {"uv": [130, 158], "uv_size": [1, 48]},
								"down": {"uv": [131, 206], "uv_size": [1, -48]}
							}
						},
						{
							"origin": [0.50272, 21, -56.4],
							"size": [0.99456, 1, 48],
							"inflate": -0.001,
							"pivot": [1, 23.5, -32.4],
							"rotation": [0, 0, 22.5],
							"uv": {
								"north": {"uv": [123, 165], "uv_size": [1, 1]},
								"east": {"uv": [158, 134], "uv_size": [48, 1]},
								"south": {"uv": [165, 151], "uv_size": [1, 1]},
								"west": {"uv": [158, 135], "uv_size": [48, 1]},
								"up": {"uv": [132, 158], "uv_size": [1, 48]},
								"down": {"uv": [133, 206], "uv_size": [1, -48]}
							}
						},
						{
							"origin": [0.50272, 21, -56.4],
							"size": [0.99456, 1, 48],
							"pivot": [1, 23.5, -32.4],
							"rotation": [0, 0, 45],
							"uv": {
								"north": {"uv": [152, 165], "uv_size": [1, 1]},
								"east": {"uv": [158, 136], "uv_size": [48, 1]},
								"south": {"uv": [165, 152], "uv_size": [1, 1]},
								"west": {"uv": [158, 137], "uv_size": [48, 1]},
								"up": {"uv": [0, 159], "uv_size": [1, 48]},
								"down": {"uv": [1, 207], "uv_size": [1, -48]}
							}
						},
						{
							"origin": [0.50272, 25, -56.4],
							"size": [0.99456, 1, 48],
							"pivot": [1, 23.5, -32.4],
							"rotation": [0, 0, -45],
							"uv": {
								"north": {"uv": [153, 165], "uv_size": [1, 1]},
								"east": {"uv": [158, 138], "uv_size": [48, 1]},
								"south": {"uv": [165, 153], "uv_size": [1, 1]},
								"west": {"uv": [158, 139], "uv_size": [48, 1]},
								"up": {"uv": [2, 159], "uv_size": [1, 48]},
								"down": {"uv": [3, 207], "uv_size": [1, -48]}
							}
						},
						{
							"origin": [0.50272, 25, -56.4],
							"size": [0.99456, 1, 48],
							"inflate": -0.001,
							"pivot": [1, 23.5, -32.4],
							"rotation": [0, 0, -22.5],
							"uv": {
								"north": {"uv": [165, 154], "uv_size": [1, 1]},
								"east": {"uv": [158, 140], "uv_size": [48, 1]},
								"south": {"uv": [165, 157], "uv_size": [1, 1]},
								"west": {"uv": [158, 141], "uv_size": [48, 1]},
								"up": {"uv": [4, 159], "uv_size": [1, 48]},
								"down": {"uv": [5, 207], "uv_size": [1, -48]}
							}
						},
						{
							"origin": [0.50272, 25, -56.4],
							"size": [0.99456, 1, 48],
							"uv": {
								"north": {"uv": [165, 158], "uv_size": [1, 1]},
								"east": {"uv": [158, 142], "uv_size": [48, 1]},
								"south": {"uv": [165, 160], "uv_size": [1, 1]},
								"west": {"uv": [158, 143], "uv_size": [48, 1]},
								"up": {"uv": [6, 159], "uv_size": [1, 48]},
								"down": {"uv": [7, 207], "uv_size": [1, -48]}
							}
						},
						{
							"origin": [0.50272, 25, -56.4],
							"size": [0.99456, 1, 48],
							"inflate": -0.001,
							"pivot": [1, 23.5, -32.4],
							"rotation": [0, 0, 22.5],
							"uv": {
								"north": {"uv": [165, 161], "uv_size": [1, 1]},
								"east": {"uv": [158, 144], "uv_size": [48, 1]},
								"south": {"uv": [165, 162], "uv_size": [1, 1]},
								"west": {"uv": [158, 145], "uv_size": [48, 1]},
								"up": {"uv": [8, 159], "uv_size": [1, 48]},
								"down": {"uv": [9, 207], "uv_size": [1, -48]}
							}
						},
						{
							"origin": [0.50272, 25, -56.4],
							"size": [0.99456, 1, 48],
							"pivot": [1, 23.5, -32.4],
							"rotation": [0, 0, 45],
							"uv": {
								"north": {"uv": [165, 163], "uv_size": [1, 1]},
								"east": {"uv": [158, 146], "uv_size": [48, 1]},
								"south": {"uv": [165, 164], "uv_size": [1, 1]},
								"west": {"uv": [158, 147], "uv_size": [48, 1]},
								"up": {"uv": [10, 159], "uv_size": [1, 48]},
								"down": {"uv": [11, 207], "uv_size": [1, -48]}
							}
						},
						{
							"origin": [2.5, 23.00272, -56.4],
							"size": [1, 0.99456, 48],
							"inflate": -0.001,
							"pivot": [1, 23.5, -32.4],
							"rotation": [0, 0, -22.5],
							"uv": {
								"north": {"uv": [165, 165], "uv_size": [1, 1]},
								"east": {"uv": [158, 148], "uv_size": [48, 1]},
								"south": {"uv": [166, 7], "uv_size": [1, 1]},
								"west": {"uv": [152, 159], "uv_size": [48, 1]},
								"up": {"uv": [12, 159], "uv_size": [1, 48]},
								"down": {"uv": [13, 207], "uv_size": [1, -48]}
							}
						},
						{
							"origin": [2.5, 23.00272, -56.4],
							"size": [1, 0.99456, 48],
							"uv": {
								"north": {"uv": [166, 8], "uv_size": [1, 1]},
								"east": {"uv": [160, 0], "uv_size": [48, 1]},
								"south": {"uv": [166, 9], "uv_size": [1, 1]},
								"west": {"uv": [160, 1], "uv_size": [48, 1]},
								"up": {"uv": [14, 159], "uv_size": [1, 48]},
								"down": {"uv": [15, 207], "uv_size": [1, -48]}
							}
						},
						{
							"origin": [2.5, 23.00272, -56.4],
							"size": [1, 0.99456, 48],
							"inflate": -0.001,
							"pivot": [1, 23.5, -32.4],
							"rotation": [0, 0, 22.5],
							"uv": {
								"north": {"uv": [166, 10], "uv_size": [1, 1]},
								"east": {"uv": [160, 2], "uv_size": [48, 1]},
								"south": {"uv": [166, 11], "uv_size": [1, 1]},
								"west": {"uv": [160, 3], "uv_size": [48, 1]},
								"up": {"uv": [16, 159], "uv_size": [1, 48]},
								"down": {"uv": [17, 207], "uv_size": [1, -48]}
							}
						},
						{
							"origin": [-1.5, 23.00272, -56.4],
							"size": [1, 0.99456, 48],
							"inflate": -0.001,
							"pivot": [1, 23.5, -32.4],
							"rotation": [0, 0, -22.5],
							"uv": {
								"north": {"uv": [166, 12], "uv_size": [1, 1]},
								"east": {"uv": [160, 4], "uv_size": [48, 1]},
								"south": {"uv": [166, 13], "uv_size": [1, 1]},
								"west": {"uv": [160, 5], "uv_size": [48, 1]},
								"up": {"uv": [18, 159], "uv_size": [1, 48]},
								"down": {"uv": [19, 207], "uv_size": [1, -48]}
							}
						},
						{
							"origin": [-1.5, 23.00272, -56.4],
							"size": [1, 0.99456, 48],
							"uv": {
								"north": {"uv": [166, 14], "uv_size": [1, 1]},
								"east": {"uv": [160, 6], "uv_size": [48, 1]},
								"south": {"uv": [166, 15], "uv_size": [1, 1]},
								"west": {"uv": [160, 78], "uv_size": [48, 1]},
								"up": {"uv": [134, 159], "uv_size": [1, 48]},
								"down": {"uv": [135, 207], "uv_size": [1, -48]}
							}
						},
						{
							"origin": [-1.5, 23.00272, -56.4],
							"size": [1, 0.99456, 48],
							"inflate": -0.001,
							"pivot": [1, 23.5, -32.4],
							"rotation": [0, 0, 22.5],
							"uv": {
								"north": {"uv": [166, 16], "uv_size": [1, 1]},
								"east": {"uv": [160, 79], "uv_size": [48, 1]},
								"south": {"uv": [166, 17], "uv_size": [1, 1]},
								"west": {"uv": [160, 80], "uv_size": [48, 1]},
								"up": {"uv": [136, 159], "uv_size": [1, 48]},
								"down": {"uv": [137, 207], "uv_size": [1, -48]}
							}
						},
						{
							"origin": [-1.86359, 21.2873, -44.2],
							"size": [1, 0.8, 23.5],
							"pivot": [-0.86359, 21.2873, -32.7],
							"rotation": [0, 0, 45],
							"uv": {
								"north": {"uv": [166, 30], "uv_size": [1, 1]},
								"east": {"uv": [160, 85], "uv_size": [24, 1]},
								"south": {"uv": [31, 166], "uv_size": [1, 1]},
								"west": {"uv": [160, 86], "uv_size": [24, 1]},
								"up": {"uv": [54, 160], "uv_size": [1, 24]},
								"down": {"uv": [55, 184], "uv_size": [1, -24]}
							}
						},
						{
							"origin": [-0.9, 21.1, -44.2],
							"size": [1.5, 0.8, 23.5],
							"pivot": [-0.4, 21.1, -27.45],
							"rotation": [0, 0, 22],
							"uv": {
								"north": {"uv": [164, 155], "uv_size": [2, 1]},
								"east": {"uv": [160, 87], "uv_size": [24, 1]},
								"south": {"uv": [29, 165], "uv_size": [2, 1]},
								"west": {"uv": [160, 88], "uv_size": [24, 1]},
								"up": {"uv": [138, 159], "uv_size": [2, 24]},
								"down": {"uv": [140, 183], "uv_size": [2, -24]}
							}
						},
						{
							"origin": [2.86359, 21.2873, -44.2],
							"size": [1, 0.8, 23.5],
							"pivot": [2.86359, 21.2873, -32.7],
							"rotation": [0, 0, -45],
							"uv": {
								"north": {"uv": [166, 31], "uv_size": [1, 1]},
								"east": {"uv": [160, 89], "uv_size": [24, 1]},
								"south": {"uv": [32, 166], "uv_size": [1, 1]},
								"west": {"uv": [160, 90], "uv_size": [24, 1]},
								"up": {"uv": [160, 91], "uv_size": [1, 24]},
								"down": {"uv": [112, 184], "uv_size": [1, -24]}
							}
						},
						{
							"origin": [1.4, 21.1, -44.2],
							"size": [1.5, 0.8, 23.5],
							"pivot": [2.4, 21.1, -27.45],
							"rotation": [0, 0, -22],
							"uv": {
								"north": {"uv": [31, 165], "uv_size": [2, 1]},
								"east": {"uv": [160, 115], "uv_size": [24, 1]},
								"south": {"uv": [33, 165], "uv_size": [2, 1]},
								"west": {"uv": [160, 116], "uv_size": [24, 1]},
								"up": {"uv": [42, 160], "uv_size": [2, 24]},
								"down": {"uv": [44, 184], "uv_size": [2, -24]}
							}
						},
						{"origin": [0.5, 20.5, -44.2], "size": [1, 1, 23.5], "uv": [100, 102]},
						{"origin": [-0.7, 16.4, -23.6], "size": [3.4, 5, 1], "uv": [134, 153]},
						{"origin": [-0.7, 19.4, -44.6], "size": [3.4, 2, 21], "uv": [0, 105]},
						{"origin": [-0.7, 16.4, -23.6], "size": [3.4, 5, 1], "inflate": -0.001, "pivot": [1, 16.4, -23.6], "rotation": [10, 0, 0], "uv": [156, 7]},
						{"origin": [-0.5, 17.3, -39.5], "size": [3, 2, 15], "inflate": 0.001, "uv": [48, 126]},
						{"origin": [1.97815, 17.4038, -39.5], "size": [1, 2.3, 8], "pivot": [2.47815, 18.5538, -35.5], "rotation": [0, 0, 22.5], "uv": [28, 128]},
						{"origin": [2.20776, 17.35813, -31.5], "size": [1, 3.5, 7], "pivot": [2.70776, 19.10813, -28], "rotation": [0, 0, 22.5], "uv": [142, 32]},
						{"origin": [2.20776, 17.35813, -44.2], "size": [1, 3.5, 4.7], "inflate": 0.001, "pivot": [2.70776, 19.10813, -41.85], "rotation": [0, 0, 22.5], "uv": [142, 149]},
						{"origin": [1.15538, 15.56746, -43.2], "size": [1, 2, 2.7], "pivot": [1.65538, 16.56746, -41.85], "rotation": [0, 0, 22.5], "uv": [50, 96]},
						{"origin": [-0.97815, 17.4038, -39.5], "size": [1, 2.3, 8], "pivot": [-0.47815, 18.5538, -35.5], "rotation": [0, 0, -22.5], "uv": [28, 138]},
						{"origin": [-1.20776, 17.35813, -31.5], "size": [1, 3.5, 7], "pivot": [-0.70776, 19.10813, -28], "rotation": [0, 0, -22.5], "uv": [142, 139]},
						{"origin": [-1.20776, 17.35813, -44.2], "size": [1, 3.5, 4.7], "inflate": 0.001, "pivot": [-0.70776, 19.10813, -41.85], "rotation": [0, 0, -22.5], "uv": [74, 150]},
						{"origin": [-0.15538, 15.56746, -43.2], "size": [1, 2, 2.7], "pivot": [0.34462, 16.56746, -41.85], "rotation": [0, 0, -22.5], "uv": [140, 98]},
						{"origin": [0, 14.8, -44.2], "size": [2, 3.5, 3.5], "uv": [104, 152]},
						{"origin": [0, 16.6, -40.7], "size": [2, 1.7, 1.6], "uv": [150, 30]},
						{"origin": [0, 14.8, -40.7], "size": [2, 1.3, 2.4], "inflate": -0.001, "pivot": [1, 14.8, -40.7], "rotation": [47.5, 0, 0], "uv": [158, 27]},
						{"origin": [0, 15.8, -47.1], "size": [2, 2, 3], "inflate": -0.1, "pivot": [1, 16.8, -45.6], "rotation": [0, 0, 45], "uv": [152, 154]},
						{"origin": [0, 15.8, -56.6], "size": [2, 2, 10], "inflate": 0.1, "pivot": [1, 16.8, -48.1], "rotation": [0, 0, 45], "uv": [84, 140]},
						{"origin": [0, 26.7, -56.4], "size": [2, 1, 13], "uv": [84, 126]},
						{"origin": [-0.5, 25.9, -43.6], "size": [3, 1.8, 12.5], "inflate": -0.2, "uv": [114, 126]},
						{"origin": [0, 18.7, -56.4], "size": [2, 1, 26.5], "uv": [0, 54]},
						{"origin": [0, 26.7, -56.4], "size": [2, 1, 23.5], "pivot": [1, 23.2, -49.9], "rotation": [0, 0, -90], "uv": [60, 24]},
						{"origin": [0, 18.7, -56.4], "size": [2, 1, 23.5], "pivot": [1, 23.2, -49.9], "rotation": [0, 0, -90], "uv": [56, 78]},
						{"origin": [5, 22.7, -57.4], "size": [2, 1, 23.5], "pivot": [6, 23.2, -45.65], "rotation": [0, 0, -90], "uv": [0, 81]},
						{"origin": [-5, 22.7, -57.4], "size": [2, 1, 23.5], "pivot": [-4, 23.2, -45.65], "rotation": [0, 0, -90], "uv": [50, 102]},
						{"origin": [0, 18.7, -32.9], "size": [1, 1, 1.5], "pivot": [1, 23.2, -26.4], "rotation": [0, 0, -90], "uv": [112, 158]},
						{"origin": [-8, 18.7, -32.9], "size": [1, 1, 1.5], "pivot": [-7, 23.2, -26.4], "rotation": [0, 0, -90], "uv": [116, 158]},
						{
							"origin": [4.5, 22.2, -33.5],
							"size": [1, 0.5, 3.6],
							"pivot": [5.5, 22.2, -29.9],
							"rotation": [-23.4399, -25.36395, -44.6544],
							"uv": {
								"north": {"uv": [166, 32], "uv_size": [1, 1]},
								"east": {"uv": [77, 163], "uv_size": [4, 1]},
								"south": {"uv": [33, 166], "uv_size": [1, 1]},
								"west": {"uv": [163, 91], "uv_size": [4, 1]},
								"up": {"uv": [163, 92], "uv_size": [1, 4]},
								"down": {"uv": [163, 156], "uv_size": [1, -4]}
							}
						},
						{
							"origin": [-3.5, 22.2, -33.5],
							"size": [1, 0.5, 3.6],
							"pivot": [-3.5, 22.2, -29.9],
							"rotation": [-23.4399, 25.3639, 44.6544],
							"uv": {
								"north": {"uv": [166, 33], "uv_size": [1, 1]},
								"east": {"uv": [163, 96], "uv_size": [4, 1]},
								"south": {"uv": [34, 166], "uv_size": [1, 1]},
								"west": {"uv": [163, 97], "uv_size": [4, 1]},
								"up": {"uv": [163, 160], "uv_size": [1, 4]},
								"down": {"uv": [164, 11], "uv_size": [1, -4]}
							}
						},
						{"origin": [-1.38952, 19.27556, -56.4], "size": [3.9, 1, 23.5], "pivot": [1.03536, 23.16464, -49.9], "rotation": [0, 0, -135], "uv": [60, 0]},
						{"origin": [-0.18952, 18.27556, -44.4], "size": [1.5, 1, 3.5], "pivot": [1.03536, 23.16464, -47.9], "rotation": [0, 0, -135], "uv": [72, 157]},
						{
							"origin": [1.81048, 18.77556, -53.8],
							"size": [0.5, 0.5, 0.5],
							"pivot": [1.03536, 23.16464, -57.3],
							"rotation": [0, 0, -135],
							"uv": {
								"north": {"uv": [166, 34], "uv_size": [1, 1]},
								"east": {"uv": [35, 166], "uv_size": [1, 1]},
								"south": {"uv": [166, 35], "uv_size": [1, 1]},
								"west": {"uv": [36, 166], "uv_size": [1, 1]},
								"up": {"uv": [166, 36], "uv_size": [1, 1]},
								"down": {"uv": [166, 38], "uv_size": [1, -1]}
							}
						},
						{
							"origin": [1.81048, 18.77556, -49],
							"size": [0.5, 0.5, 0.5],
							"pivot": [1.03536, 23.16464, -52.5],
							"rotation": [0, 0, -135],
							"uv": {
								"north": {"uv": [166, 38], "uv_size": [1, 1]},
								"east": {"uv": [166, 40], "uv_size": [1, 1]},
								"south": {"uv": [166, 41], "uv_size": [1, 1]},
								"west": {"uv": [56, 166], "uv_size": [1, 1]},
								"up": {"uv": [57, 166], "uv_size": [1, 1]},
								"down": {"uv": [166, 62], "uv_size": [1, -1]}
							}
						},
						{
							"origin": [-0.31048, 18.77556, -53.8],
							"size": [0.5, 0.5, 0.5],
							"pivot": [0.96464, 23.16464, -57.3],
							"rotation": [0, 0, 135],
							"uv": {
								"north": {"uv": [166, 62], "uv_size": [1, 1]},
								"east": {"uv": [166, 63], "uv_size": [1, 1]},
								"south": {"uv": [166, 64], "uv_size": [1, 1]},
								"west": {"uv": [166, 65], "uv_size": [1, 1]},
								"up": {"uv": [166, 66], "uv_size": [1, 1]},
								"down": {"uv": [166, 68], "uv_size": [1, -1]}
							}
						},
						{"origin": [0.68952, 18.27556, -44.4], "size": [1.5, 1, 3.5], "pivot": [0.96464, 23.16464, -47.9], "rotation": [0, 0, 135], "uv": [158, 16]},
						{"origin": [0.78952, 18.27556, -49.7], "size": [1.2, 1, 1.5], "pivot": [0.96464, 23.16464, -47.2], "rotation": [0, 0, 135], "uv": [158, 122]},
						{"origin": [-0.42487, 19.31091, -56.4], "size": [3.9, 1, 23.5], "pivot": [1, 23.2, -49.9], "rotation": [0, 0, 135], "uv": [56, 54]},
						{"origin": [-1.47487, 19.31091, -56.4], "size": [1.05, 1, 13], "pivot": [1, 23.2, -49.9], "rotation": [0, 0, 135], "uv": [0, 128]},
						{"origin": [0.61048, 19.34627, -56.4], "size": [1, 1.05, 13], "pivot": [3.03536, 23.23536, -49.9], "rotation": [0, 0, 135], "uv": [114, 139]},
						{"origin": [-1.47487, 19.31091, -56.4], "size": [4.95, 1, 26.5], "pivot": [1, 23.2, -49.9], "rotation": [0, 0, 45], "uv": [0, 0]},
						{"origin": [-1.47487, 19.31091, -56.4], "size": [4.95, 1, 26.5], "pivot": [1, 23.2, -49.9], "rotation": [0, 0, -45], "uv": [0, 27]},
						{"origin": [-0.5, 26, -31.7], "size": [3, 1.6, 17.5], "inflate": -0.4, "uv": [106, 80]},
						{"origin": [-0.3, 25.2, -14.6], "size": [2.6, 2.5, 6.2], "inflate": 0.001, "uv": [58, 143]},
						{"origin": [-0.5, 25.2, -11.6], "size": [3, 3, 2], "uv": [46, 155]},
						{"origin": [0.5, 27.5, -10.4], "size": [1, 1, 3.1], "uv": [20, 158]},
						{
							"origin": [0.4, 27.97929, -9.05],
							"size": [1.2, 0.3, 0.3],
							"pivot": [1, 28.12929, -8.9],
							"rotation": [-45, 0, 0],
							"uv": {
								"north": {"uv": [166, 72], "uv_size": [1, 1]},
								"east": {"uv": [166, 73], "uv_size": [1, 1]},
								"south": {"uv": [166, 77], "uv_size": [1, 1]},
								"west": {"uv": [80, 166], "uv_size": [1, 1]},
								"up": {"uv": [84, 166], "uv_size": [1, 1]},
								"down": {"uv": [85, 167], "uv_size": [1, -1]}
							}
						},
						{
							"origin": [0.4, 27.87929, -7.35],
							"size": [1.2, 0.3, 0.3],
							"pivot": [1, 28.02929, -7.2],
							"rotation": [-45, 0, 0],
							"uv": {
								"north": {"uv": [92, 166], "uv_size": [1, 1]},
								"east": {"uv": [166, 92], "uv_size": [1, 1]},
								"south": {"uv": [166, 93], "uv_size": [1, 1]},
								"west": {"uv": [166, 94], "uv_size": [1, 1]},
								"up": {"uv": [166, 95], "uv_size": [1, 1]},
								"down": {"uv": [100, 167], "uv_size": [1, -1]}
							}
						},
						{"origin": [0.5, 28.5, -7.8], "size": [1, 1, 1], "inflate": -0.001, "pivot": [1.5, 28.5, -6.8], "rotation": [53, 0, 0], "uv": [120, 158]},
						{
							"origin": [0.5, 28.5, -9.2],
							"size": [1, 0.6, 1.6],
							"uv": {
								"north": {"uv": [71, 166], "uv_size": [1, 1]},
								"east": {"uv": [35, 165], "uv_size": [2, 1]},
								"south": {"uv": [166, 71], "uv_size": [1, 1]},
								"west": {"uv": [165, 39], "uv_size": [2, 1]},
								"up": {"uv": [37, 165], "uv_size": [1, 2]},
								"down": {"uv": [165, 42], "uv_size": [1, -2]}
							}
						},
						{
							"origin": [0.5, 27.1, -7.3],
							"size": [1, 1.4, 0.5],
							"uv": {
								"north": {"uv": [68, 166], "uv_size": [1, 1]},
								"east": {"uv": [166, 68], "uv_size": [1, 1]},
								"south": {"uv": [69, 166], "uv_size": [1, 1]},
								"west": {"uv": [166, 69], "uv_size": [1, 1]},
								"up": {"uv": [70, 166], "uv_size": [1, 1]},
								"down": {"uv": [166, 71], "uv_size": [1, -1]}
							}
						},
						{
							"origin": [0, 27.7, -56.4],
							"size": [2, 0.7, 2],
							"uv": {
								"north": {"uv": [165, 42], "uv_size": [2, 1]},
								"east": {"uv": [165, 43], "uv_size": [2, 1]},
								"south": {"uv": [165, 44], "uv_size": [2, 1]},
								"west": {"uv": [165, 46], "uv_size": [2, 1]},
								"up": {"uv": [164, 11], "uv_size": [2, 2]},
								"down": {"uv": [164, 35], "uv_size": [2, -2]}
							}
						},
						{
							"origin": [1.4, 28.4, -56.3],
							"size": [0.5, 2, 1],
							"uv": {
								"north": {"uv": [72, 165], "uv_size": [1, 2]},
								"east": {"uv": [73, 165], "uv_size": [1, 2]},
								"south": {"uv": [77, 165], "uv_size": [1, 2]},
								"west": {"uv": [78, 165], "uv_size": [1, 2]},
								"up": {"uv": [101, 166], "uv_size": [1, 1]},
								"down": {"uv": [102, 167], "uv_size": [1, -1]}
							}
						},
						{
							"origin": [1.4, 28.4, -55.3],
							"size": [0.5, 2.2, 1],
							"inflate": -0.001,
							"pivot": [1.65, 28.4, -54.3],
							"rotation": [27, 0, 0],
							"uv": {
								"north": {"uv": [89, 165], "uv_size": [1, 2]},
								"east": {"uv": [90, 165], "uv_size": [1, 2]},
								"south": {"uv": [91, 165], "uv_size": [1, 2]},
								"west": {"uv": [93, 165], "uv_size": [1, 2]},
								"up": {"uv": [166, 106], "uv_size": [1, 1]},
								"down": {"uv": [166, 108], "uv_size": [1, -1]}
							}
						},
						{
							"origin": [0.1, 28.4, -55.3],
							"size": [0.5, 2.2, 1],
							"inflate": -0.001,
							"pivot": [0.35, 28.4, -54.3],
							"rotation": [27, 0, 0],
							"uv": {
								"north": {"uv": [94, 165], "uv_size": [1, 2]},
								"east": {"uv": [95, 165], "uv_size": [1, 2]},
								"south": {"uv": [96, 165], "uv_size": [1, 2]},
								"west": {"uv": [97, 165], "uv_size": [1, 2]},
								"up": {"uv": [166, 108], "uv_size": [1, 1]},
								"down": {"uv": [166, 110], "uv_size": [1, -1]}
							}
						},
						{
							"origin": [0.1, 28.4, -56.3],
							"size": [0.5, 2, 1],
							"uv": {
								"north": {"uv": [79, 165], "uv_size": [1, 2]},
								"east": {"uv": [86, 165], "uv_size": [1, 2]},
								"south": {"uv": [87, 165], "uv_size": [1, 2]},
								"west": {"uv": [88, 165], "uv_size": [1, 2]},
								"up": {"uv": [103, 166], "uv_size": [1, 1]},
								"down": {"uv": [166, 106], "uv_size": [1, -1]}
							}
						},
						{
							"origin": [0, 27.7, -54.4],
							"size": [2, 0.3, 3],
							"uv": {
								"north": {"uv": [165, 47], "uv_size": [2, 1]},
								"east": {"uv": [164, 74], "uv_size": [3, 1]},
								"south": {"uv": [56, 165], "uv_size": [2, 1]},
								"west": {"uv": [164, 75], "uv_size": [3, 1]},
								"up": {"uv": [122, 162], "uv_size": [2, 3]},
								"down": {"uv": [162, 127], "uv_size": [2, -3]}
							}
						},
						{
							"origin": [0, 27.6, -54.5],
							"size": [2, 0.4, 3.1],
							"pivot": [1, 28, -51.4],
							"rotation": [-7.5, 0, 0],
							"uv": {
								"north": {"uv": [68, 165], "uv_size": [2, 1]},
								"east": {"uv": [164, 76], "uv_size": [3, 1]},
								"south": {"uv": [70, 165], "uv_size": [2, 1]},
								"west": {"uv": [77, 164], "uv_size": [3, 1]},
								"up": {"uv": [162, 149], "uv_size": [2, 3]},
								"down": {"uv": [152, 165], "uv_size": [2, -3]}
							}
						},
						{"origin": [-0.5, 25.8, -35.2], "size": [3, 2, 1.5], "uv": [158, 30]},
						{"origin": [-0.5, 27.1, -35], "size": [3, 7.5, 1], "inflate": -0.3, "uv": [38, 148]},
						{"origin": [1.5, 27.6, -35], "size": [1, 3, 1], "inflate": -0.2, "uv": [96, 158]},
						{"origin": [-0.5, 27.6, -35], "size": [1, 3, 1], "inflate": -0.2, "uv": [100, 158]},
						{"origin": [0.1, 27.6, -35], "size": [1.8, 1, 1], "inflate": -0.2, "uv": [158, 124]},
						{"origin": [0.2, 19.4, -22.9], "size": [1.6, 2, 2], "uv": [7, 0]}
					]
				},
				{
					"name": "magazine",
					"parent": "tube",
					"pivot": [1, 23.5, -11.6],
					"cubes": [
						{"origin": [-0.5, 22, -11.6], "size": [3, 3, 4], "inflate": -0.8, "pivot": [1, 23.5, -8.6], "rotation": [0, 0, -45], "uv": [146, 87]},
						{"origin": [-0.5, 22, -14.1], "size": [3, 3, 4], "inflate": -0.5, "pivot": [1, 23.5, -11.1], "rotation": [0, 0, -45], "uv": [146, 94]}
					]
				},
				{
					"name": "glow2",
					"parent": "magazine",
					"pivot": [1, 23.5, -9.1],
					"cubes": [
						{
							"origin": [0.2, 22.7, -10.1],
							"size": [1.6, 1.6, 0.5],
							"pivot": [1, 23.5, -9.1],
							"rotation": [0, 0, -45],
							"uv": {
								"north": {"uv": [164, 35], "uv_size": [2, 2]},
								"east": {"uv": [98, 165], "uv_size": [1, 2]},
								"south": {"uv": [164, 37], "uv_size": [2, 2]},
								"west": {"uv": [99, 165], "uv_size": [1, 2]},
								"up": {"uv": [100, 165], "uv_size": [2, 1]},
								"down": {"uv": [113, 166], "uv_size": [2, -1]}
							}
						}
					]
				},
				{
					"name": "handle",
					"parent": "tube",
					"pivot": [-2.2, 25.7, -48.9],
					"rotation": [0, 0, -45],
					"cubes": [
						{"origin": [-2.69133, 24.27472, -49.38686], "size": [1, 1, 5], "inflate": -0.1, "pivot": [-1.79133, 25.17472, -49.28686], "rotation": [90, 0, 0], "uv": [148, 101]},
						{"origin": [-2.69133, 27.8336, -44.68972], "size": [1, 1, 2.4], "inflate": -0.101, "pivot": [-1.39133, 20.37472, -49.28686], "rotation": [29.5, 0, 0], "uv": [158, 33]},
						{"origin": [-2.69133, 30.14623, -47.5], "size": [1, 1, 1], "inflate": -0.1, "uv": [124, 158]},
						{"origin": [-3.19133, 29.64623, -46.8], "size": [2, 2, 2.5], "inflate": -0.2, "uv": [158, 20]},
						{"origin": [-3.19133, 29.64623, -44.5], "size": [2, 2, 10], "uv": [0, 142]}
					]
				},
				{
					"name": "glow",
					"parent": "gun",
					"pivot": [5.4, 24.68787, -13.58787],
					"cubes": [
						{"origin": [4.1, 23.9, -13.5], "size": [1.3, 1.1, 1.8], "pivot": [4.4, 24.9, -13.8], "rotation": [-45, 0, 0], "uv": [158, 126]},
						{"origin": [4.1, 22, -11.7], "size": [2.1, 2.1, 1.1], "pivot": [4.9, 21.8, -10.7], "rotation": [45, 0, 0], "uv": [158, 36]},
						{"origin": [4.4, 23.68787, -13.58787], "size": [1, 1.1, 2], "inflate": -0.001, "pivot": [5.4, 24.68787, -13.58787], "rotation": [-47.47731, 16.37711, -17.09051], "uv": [158, 39]}
					]
				},
				{
					"name": "rightarm",
					"parent": "main",
					"pivot": [-4.3, 8.8, 21.8],
					"rotation": [-101.81106, -12.40003, -2.46982],
					"cubes": [
						{"origin": [-8.3, -15.2, 17.8], "size": [8, 24, 8], "uv": [108, 48]}
					]
				},
				{
					"name": "leftarm",
					"parent": "main",
					"pivot": [11.7, 7.3, -14.6],
					"rotation": [-119.61483, 1.67666, -38.31282],
					"cubes": [
						{"origin": [7.7, -16.7, -18.6], "size": [8, 24, 8], "uv": [112, 0]}
					]
				},
				{
					"name": "muzzleflash",
					"parent": "main",
					"pivot": [1, 23.5, -57.05],
					"cubes": [
						{"origin": [0.5, 23, -57.55], "size": [1, 1, 1], "inflate": -0.4, "uv": [27, 69]}
					]
				},
				{
					"name": "scope",
					"parent": "main",
					"pivot": [1, 31.8, -9.05],
					"cubes": [
						{"origin": [0.5, 31.3, -9.55], "size": [1, 1, 1], "inflate": -0.4, "uv": [27, 69]}
					]
				},
				{
					"name": "reticle",
					"parent": "main",
					"pivot": [1, 31.8, -23.5],
					"cubes": [
						{"origin": [-0.1, 30.7, -35], "size": [2.2, 2.2, 1], "uv": [1, 1]}
					]
				},
				{
					"name": "_camera_",
					"pivot": [10, 34, 10]
				}
			]
		}
	]
}