{
	"format_version": "1.12.0",
	"minecraft:geometry": [
		{
			"description": {
				"identifier": "geometry.unknown",
				"texture_width": 512,
				"texture_height": 512,
				"visible_bounds_width": 8,
				"visible_bounds_height": 4,
				"visible_bounds_offset": [0, 1, 0]
			},
			"bones": [
				{
					"name": "main",
					"pivot": [0, 15, 0]
				},
				{
					"name": "gun",
					"parent": "main",
					"pivot": [0, 8, -1],
					"cubes": [
						{
							"origin": [-1.7, 22, -6.7],
							"size": [0.8, 2.5, 41],
							"uv": {
								"north": {"uv": [19, 219], "uv_size": [1, 3]},
								"east": {"uv": [214, 184], "uv_size": [41, 3]},
								"south": {"uv": [20, 219], "uv_size": [1, 3]},
								"west": {"uv": [214, 187], "uv_size": [41, 3]},
								"up": {"uv": [158, 215], "uv_size": [1, 41]},
								"down": {"uv": [159, 256], "uv_size": [1, -41]}
							}
						},
						{
							"origin": [-1.9, 23.7, -6.7],
							"size": [0.2, 0.8, 41],
							"uv": {
								"north": {"uv": [86, 222], "uv_size": [1, 1]},
								"east": {"uv": [216, 15], "uv_size": [41, 1]},
								"south": {"uv": [222, 86], "uv_size": [1, 1]},
								"west": {"uv": [216, 16], "uv_size": [41, 1]},
								"up": {"uv": [156, 215], "uv_size": [1, 41]},
								"down": {"uv": [157, 256], "uv_size": [1, -41]}
							}
						},
						{
							"origin": [-1.9, 22.7, 32.3],
							"size": [0.2, 1, 2],
							"uv": {
								"north": {"uv": [85, 222], "uv_size": [1, 1]},
								"east": {"uv": [220, 192], "uv_size": [2, 1]},
								"south": {"uv": [222, 85], "uv_size": [1, 1]},
								"west": {"uv": [193, 220], "uv_size": [2, 1]},
								"up": {"uv": [191, 220], "uv_size": [1, 2]},
								"down": {"uv": [220, 198], "uv_size": [1, -2]}
							}
						},
						{
							"origin": [-1.9, 22.8, -6.5],
							"size": [0.2, 0.9, 2.5],
							"inflate": -0.001,
							"pivot": [-1.8, 23.7, -5],
							"rotation": [45, 0, 0],
							"uv": {
								"north": {"uv": [84, 222], "uv_size": [1, 1]},
								"east": {"uv": [0, 219], "uv_size": [3, 1]},
								"south": {"uv": [222, 84], "uv_size": [1, 1]},
								"west": {"uv": [15, 219], "uv_size": [3, 1]},
								"up": {"uv": [3, 219], "uv_size": [1, 3]},
								"down": {"uv": [18, 222], "uv_size": [1, -3]}
							}
						},
						{
							"origin": [-1.9, 22.8, -6.7],
							"size": [0.2, 0.9, 1.2],
							"inflate": -0.001,
							"pivot": [-1.8, 23.7, -6.7],
							"rotation": [-45, 0, 0],
							"uv": {
								"north": {"uv": [81, 222], "uv_size": [1, 1]},
								"east": {"uv": [222, 81], "uv_size": [1, 1]},
								"south": {"uv": [82, 222], "uv_size": [1, 1]},
								"west": {"uv": [222, 82], "uv_size": [1, 1]},
								"up": {"uv": [83, 222], "uv_size": [1, 1]},
								"down": {"uv": [222, 84], "uv_size": [1, -1]}
							}
						},
						{
							"origin": [-1.9, 22.8, -2.5],
							"size": [0.2, 0.9, 2.5],
							"inflate": -0.001,
							"pivot": [-1.8, 23.7, -1],
							"rotation": [45, 0, 0],
							"uv": {
								"north": {"uv": [80, 222], "uv_size": [1, 1]},
								"east": {"uv": [218, 212], "uv_size": [3, 1]},
								"south": {"uv": [222, 80], "uv_size": [1, 1]},
								"west": {"uv": [217, 218], "uv_size": [3, 1]},
								"up": {"uv": [212, 218], "uv_size": [1, 3]},
								"down": {"uv": [213, 221], "uv_size": [1, -3]}
							}
						},
						{
							"origin": [-1.9, 23, -3.7],
							"size": [0.2, 0.8, 2.2],
							"inflate": -0.001,
							"pivot": [-1.8, 23.7, -2.7],
							"rotation": [-45, 0, 0],
							"uv": {
								"north": {"uv": [79, 222], "uv_size": [1, 1]},
								"east": {"uv": [179, 220], "uv_size": [2, 1]},
								"south": {"uv": [222, 79], "uv_size": [1, 1]},
								"west": {"uv": [188, 220], "uv_size": [2, 1]},
								"up": {"uv": [181, 220], "uv_size": [1, 2]},
								"down": {"uv": [190, 222], "uv_size": [1, -2]}
							}
						},
						{
							"origin": [-1.9, 23, 0.3],
							"size": [0.2, 0.8, 2.2],
							"inflate": -0.001,
							"pivot": [-1.8, 23.7, 1.3],
							"rotation": [-45, 0, 0],
							"uv": {
								"north": {"uv": [78, 222], "uv_size": [1, 1]},
								"east": {"uv": [220, 175], "uv_size": [2, 1]},
								"south": {"uv": [222, 78], "uv_size": [1, 1]},
								"west": {"uv": [176, 220], "uv_size": [2, 1]},
								"up": {"uv": [220, 176], "uv_size": [1, 2]},
								"down": {"uv": [178, 222], "uv_size": [1, -2]}
							}
						},
						{
							"origin": [-1.9, 22.8, 1.5],
							"size": [0.2, 0.9, 2.5],
							"inflate": -0.001,
							"pivot": [-1.8, 23.7, 3],
							"rotation": [45, 0, 0],
							"uv": {
								"north": {"uv": [77, 222], "uv_size": [1, 1]},
								"east": {"uv": [208, 218], "uv_size": [3, 1]},
								"south": {"uv": [222, 77], "uv_size": [1, 1]},
								"west": {"uv": [218, 208], "uv_size": [3, 1]},
								"up": {"uv": [218, 209], "uv_size": [1, 3]},
								"down": {"uv": [211, 221], "uv_size": [1, -3]}
							}
						},
						{
							"origin": [-1.9, 23, 4.3],
							"size": [0.2, 0.8, 2.2],
							"inflate": -0.001,
							"pivot": [-1.8, 23.7, 5.3],
							"rotation": [-45, 0, 0],
							"uv": {
								"north": {"uv": [76, 222], "uv_size": [1, 1]},
								"east": {"uv": [220, 169], "uv_size": [2, 1]},
								"south": {"uv": [222, 76], "uv_size": [1, 1]},
								"west": {"uv": [220, 170], "uv_size": [2, 1]},
								"up": {"uv": [220, 171], "uv_size": [1, 2]},
								"down": {"uv": [220, 175], "uv_size": [1, -2]}
							}
						},
						{
							"origin": [-1.9, 22.8, 5.5],
							"size": [0.2, 0.9, 2.5],
							"inflate": -0.001,
							"pivot": [-1.8, 23.7, 7],
							"rotation": [45, 0, 0],
							"uv": {
								"north": {"uv": [75, 222], "uv_size": [1, 1]},
								"east": {"uv": [218, 203], "uv_size": [3, 1]},
								"south": {"uv": [222, 75], "uv_size": [1, 1]},
								"west": {"uv": [204, 218], "uv_size": [3, 1]},
								"up": {"uv": [218, 205], "uv_size": [1, 3]},
								"down": {"uv": [207, 221], "uv_size": [1, -3]}
							}
						},
						{
							"origin": [-1.9, 23, 8.3],
							"size": [0.2, 0.8, 2.2],
							"inflate": -0.001,
							"pivot": [-1.8, 23.7, 9.3],
							"rotation": [-45, 0, 0],
							"uv": {
								"north": {"uv": [74, 222], "uv_size": [1, 1]},
								"east": {"uv": [165, 220], "uv_size": [2, 1]},
								"south": {"uv": [222, 74], "uv_size": [1, 1]},
								"west": {"uv": [220, 166], "uv_size": [2, 1]},
								"up": {"uv": [167, 220], "uv_size": [1, 2]},
								"down": {"uv": [220, 169], "uv_size": [1, -2]}
							}
						},
						{
							"origin": [-1.9, 22.8, 9.5],
							"size": [0.2, 0.9, 2.5],
							"inflate": -0.001,
							"pivot": [-1.8, 23.7, 11],
							"rotation": [45, 0, 0],
							"uv": {
								"north": {"uv": [73, 222], "uv_size": [1, 1]},
								"east": {"uv": [218, 199], "uv_size": [3, 1]},
								"south": {"uv": [222, 73], "uv_size": [1, 1]},
								"west": {"uv": [200, 218], "uv_size": [3, 1]},
								"up": {"uv": [218, 200], "uv_size": [1, 3]},
								"down": {"uv": [203, 221], "uv_size": [1, -3]}
							}
						},
						{
							"origin": [-1.9, 23, 12.3],
							"size": [0.2, 0.8, 2.2],
							"inflate": -0.001,
							"pivot": [-1.8, 23.7, 13.3],
							"rotation": [-45, 0, 0],
							"uv": {
								"north": {"uv": [72, 222], "uv_size": [1, 1]},
								"east": {"uv": [162, 220], "uv_size": [2, 1]},
								"south": {"uv": [222, 72], "uv_size": [1, 1]},
								"west": {"uv": [220, 163], "uv_size": [2, 1]},
								"up": {"uv": [164, 220], "uv_size": [1, 2]},
								"down": {"uv": [220, 166], "uv_size": [1, -2]}
							}
						},
						{
							"origin": [-1.9, 22.8, 13.5],
							"size": [0.2, 0.9, 2.5],
							"inflate": -0.001,
							"pivot": [-1.8, 23.7, 15],
							"rotation": [45, 0, 0],
							"uv": {
								"north": {"uv": [71, 222], "uv_size": [1, 1]},
								"east": {"uv": [220, 157], "uv_size": [2, 1]},
								"south": {"uv": [222, 71], "uv_size": [1, 1]},
								"west": {"uv": [220, 158], "uv_size": [2, 1]},
								"up": {"uv": [220, 159], "uv_size": [1, 2]},
								"down": {"uv": [220, 163], "uv_size": [1, -2]}
							}
						},
						{
							"origin": [-1.9, 23, 16.3],
							"size": [0.2, 0.8, 2.2],
							"inflate": -0.001,
							"pivot": [-1.8, 23.7, 17.3],
							"rotation": [-45, 0, 0],
							"uv": {
								"north": {"uv": [70, 222], "uv_size": [1, 1]},
								"east": {"uv": [220, 151], "uv_size": [2, 1]},
								"south": {"uv": [222, 70], "uv_size": [1, 1]},
								"west": {"uv": [220, 152], "uv_size": [2, 1]},
								"up": {"uv": [220, 153], "uv_size": [1, 2]},
								"down": {"uv": [220, 157], "uv_size": [1, -2]}
							}
						},
						{
							"origin": [-1.9, 22.8, 17.5],
							"size": [0.2, 0.9, 2.5],
							"inflate": -0.001,
							"pivot": [-1.8, 23.7, 19],
							"rotation": [45, 0, 0],
							"uv": {
								"north": {"uv": [69, 222], "uv_size": [1, 1]},
								"east": {"uv": [218, 195], "uv_size": [3, 1]},
								"south": {"uv": [222, 69], "uv_size": [1, 1]},
								"west": {"uv": [196, 218], "uv_size": [3, 1]},
								"up": {"uv": [218, 196], "uv_size": [1, 3]},
								"down": {"uv": [199, 221], "uv_size": [1, -3]}
							}
						},
						{
							"origin": [-1.9, 23, 20.3],
							"size": [0.2, 0.8, 2.2],
							"inflate": -0.001,
							"pivot": [-1.8, 23.7, 21.3],
							"rotation": [-45, 0, 0],
							"uv": {
								"north": {"uv": [68, 222], "uv_size": [1, 1]},
								"east": {"uv": [220, 147], "uv_size": [2, 1]},
								"south": {"uv": [222, 68], "uv_size": [1, 1]},
								"west": {"uv": [220, 148], "uv_size": [2, 1]},
								"up": {"uv": [146, 220], "uv_size": [1, 2]},
								"down": {"uv": [220, 151], "uv_size": [1, -2]}
							}
						},
						{
							"origin": [-1.9, 22.8, 21.5],
							"size": [0.2, 0.9, 2.5],
							"inflate": -0.001,
							"pivot": [-1.8, 23.7, 23],
							"rotation": [45, 0, 0],
							"uv": {
								"north": {"uv": [67, 222], "uv_size": [1, 1]},
								"east": {"uv": [218, 191], "uv_size": [3, 1]},
								"south": {"uv": [222, 67], "uv_size": [1, 1]},
								"west": {"uv": [192, 218], "uv_size": [3, 1]},
								"up": {"uv": [218, 192], "uv_size": [1, 3]},
								"down": {"uv": [195, 221], "uv_size": [1, -3]}
							}
						},
						{
							"origin": [-1.9, 23, 24.3],
							"size": [0.2, 0.8, 2.2],
							"inflate": -0.001,
							"pivot": [-1.8, 23.7, 25.3],
							"rotation": [-45, 0, 0],
							"uv": {
								"north": {"uv": [66, 222], "uv_size": [1, 1]},
								"east": {"uv": [220, 140], "uv_size": [2, 1]},
								"south": {"uv": [222, 66], "uv_size": [1, 1]},
								"west": {"uv": [220, 144], "uv_size": [2, 1]},
								"up": {"uv": [145, 220], "uv_size": [1, 2]},
								"down": {"uv": [220, 147], "uv_size": [1, -2]}
							}
						},
						{
							"origin": [-1.9, 22.8, 25.5],
							"size": [0.2, 0.9, 2.5],
							"inflate": -0.001,
							"pivot": [-1.8, 23.7, 27],
							"rotation": [45, 0, 0],
							"uv": {
								"north": {"uv": [65, 222], "uv_size": [1, 1]},
								"east": {"uv": [145, 218], "uv_size": [3, 1]},
								"south": {"uv": [222, 65], "uv_size": [1, 1]},
								"west": {"uv": [218, 190], "uv_size": [3, 1]},
								"up": {"uv": [148, 218], "uv_size": [1, 3]},
								"down": {"uv": [149, 221], "uv_size": [1, -3]}
							}
						},
						{
							"origin": [-1.9, 23, 28.3],
							"size": [0.2, 0.8, 2.2],
							"inflate": -0.001,
							"pivot": [-1.8, 23.7, 29.3],
							"rotation": [-45, 0, 0],
							"uv": {
								"north": {"uv": [64, 222], "uv_size": [1, 1]},
								"east": {"uv": [220, 139], "uv_size": [2, 1]},
								"south": {"uv": [222, 64], "uv_size": [1, 1]},
								"west": {"uv": [140, 220], "uv_size": [2, 1]},
								"up": {"uv": [142, 220], "uv_size": [1, 2]},
								"down": {"uv": [220, 144], "uv_size": [1, -2]}
							}
						},
						{
							"origin": [-1.9, 22.8, 29.5],
							"size": [0.2, 0.9, 2.5],
							"inflate": -0.001,
							"pivot": [-1.8, 23.7, 31],
							"rotation": [45, 0, 0],
							"uv": {
								"north": {"uv": [63, 222], "uv_size": [1, 1]},
								"east": {"uv": [137, 218], "uv_size": [3, 1]},
								"south": {"uv": [222, 63], "uv_size": [1, 1]},
								"west": {"uv": [140, 218], "uv_size": [3, 1]},
								"up": {"uv": [143, 218], "uv_size": [1, 3]},
								"down": {"uv": [144, 221], "uv_size": [1, -3]}
							}
						},
						{
							"origin": [-1.9, 22, -6.7],
							"size": [0.2, 0.7, 41],
							"uv": {
								"north": {"uv": [62, 222], "uv_size": [1, 1]},
								"east": {"uv": [216, 13], "uv_size": [41, 1]},
								"south": {"uv": [222, 62], "uv_size": [1, 1]},
								"west": {"uv": [216, 14], "uv_size": [41, 1]},
								"up": {"uv": [154, 215], "uv_size": [1, 41]},
								"down": {"uv": [155, 256], "uv_size": [1, -41]}
							}
						},
						{
							"origin": [1.7, 22, -6.7],
							"size": [0.2, 0.7, 41],
							"uv": {
								"north": {"uv": [222, 35], "uv_size": [1, 1]},
								"east": {"uv": [216, 11], "uv_size": [41, 1]},
								"south": {"uv": [36, 222], "uv_size": [1, 1]},
								"west": {"uv": [216, 12], "uv_size": [41, 1]},
								"up": {"uv": [111, 215], "uv_size": [1, 41]},
								"down": {"uv": [153, 256], "uv_size": [1, -41]}
							}
						},
						{
							"origin": [1.7, 22.8, 29.5],
							"size": [0.2, 0.9, 2.5],
							"inflate": -0.001,
							"pivot": [1.8, 23.7, 31],
							"rotation": [45, 0, 0],
							"uv": {
								"north": {"uv": [222, 57], "uv_size": [1, 1]},
								"east": {"uv": [129, 218], "uv_size": [3, 1]},
								"south": {"uv": [58, 222], "uv_size": [1, 1]},
								"west": {"uv": [132, 218], "uv_size": [3, 1]},
								"up": {"uv": [135, 218], "uv_size": [1, 3]},
								"down": {"uv": [136, 221], "uv_size": [1, -3]}
							}
						},
						{
							"origin": [1.7, 23, 28.3],
							"size": [0.2, 0.8, 2.2],
							"inflate": -0.001,
							"pivot": [1.8, 23.7, 29.3],
							"rotation": [-45, 0, 0],
							"uv": {
								"north": {"uv": [222, 58], "uv_size": [1, 1]},
								"east": {"uv": [132, 220], "uv_size": [2, 1]},
								"south": {"uv": [222, 59], "uv_size": [1, 1]},
								"west": {"uv": [220, 133], "uv_size": [2, 1]},
								"up": {"uv": [134, 220], "uv_size": [1, 2]},
								"down": {"uv": [220, 136], "uv_size": [1, -2]}
							}
						},
						{
							"origin": [1.7, 22.8, 25.5],
							"size": [0.2, 0.9, 2.5],
							"inflate": -0.001,
							"pivot": [1.8, 23.7, 27],
							"rotation": [45, 0, 0],
							"uv": {
								"north": {"uv": [222, 55], "uv_size": [1, 1]},
								"east": {"uv": [218, 120], "uv_size": [3, 1]},
								"south": {"uv": [56, 222], "uv_size": [1, 1]},
								"west": {"uv": [124, 218], "uv_size": [3, 1]},
								"up": {"uv": [127, 218], "uv_size": [1, 3]},
								"down": {"uv": [128, 221], "uv_size": [1, -3]}
							}
						},
						{
							"origin": [1.7, 23, 24.3],
							"size": [0.2, 0.8, 2.2],
							"inflate": -0.001,
							"pivot": [1.8, 23.7, 25.3],
							"rotation": [-45, 0, 0],
							"uv": {
								"north": {"uv": [222, 56], "uv_size": [1, 1]},
								"east": {"uv": [129, 220], "uv_size": [2, 1]},
								"south": {"uv": [57, 222], "uv_size": [1, 1]},
								"west": {"uv": [220, 130], "uv_size": [2, 1]},
								"up": {"uv": [131, 220], "uv_size": [1, 2]},
								"down": {"uv": [220, 133], "uv_size": [1, -2]}
							}
						},
						{
							"origin": [1.7, 22.8, 21.5],
							"size": [0.2, 0.9, 2.5],
							"inflate": -0.001,
							"pivot": [1.8, 23.7, 23],
							"rotation": [45, 0, 0],
							"uv": {
								"north": {"uv": [222, 53], "uv_size": [1, 1]},
								"east": {"uv": [218, 113], "uv_size": [3, 1]},
								"south": {"uv": [54, 222], "uv_size": [1, 1]},
								"west": {"uv": [218, 114], "uv_size": [3, 1]},
								"up": {"uv": [122, 218], "uv_size": [1, 3]},
								"down": {"uv": [123, 221], "uv_size": [1, -3]}
							}
						},
						{
							"origin": [1.7, 23, 20.3],
							"size": [0.2, 0.8, 2.2],
							"inflate": -0.001,
							"pivot": [1.8, 23.7, 21.3],
							"rotation": [-45, 0, 0],
							"uv": {
								"north": {"uv": [222, 54], "uv_size": [1, 1]},
								"east": {"uv": [124, 220], "uv_size": [2, 1]},
								"south": {"uv": [55, 222], "uv_size": [1, 1]},
								"west": {"uv": [220, 125], "uv_size": [2, 1]},
								"up": {"uv": [220, 126], "uv_size": [1, 2]},
								"down": {"uv": [220, 130], "uv_size": [1, -2]}
							}
						},
						{
							"origin": [1.7, 22.8, 17.5],
							"size": [0.2, 0.9, 2.5],
							"inflate": -0.001,
							"pivot": [1.8, 23.7, 19],
							"rotation": [45, 0, 0],
							"uv": {
								"north": {"uv": [222, 51], "uv_size": [1, 1]},
								"east": {"uv": [218, 108], "uv_size": [3, 1]},
								"south": {"uv": [52, 222], "uv_size": [1, 1]},
								"west": {"uv": [218, 109], "uv_size": [3, 1]},
								"up": {"uv": [218, 110], "uv_size": [1, 3]},
								"down": {"uv": [218, 120], "uv_size": [1, -3]}
							}
						},
						{
							"origin": [1.7, 23, 16.3],
							"size": [0.2, 0.8, 2.2],
							"inflate": -0.001,
							"pivot": [1.8, 23.7, 17.3],
							"rotation": [-45, 0, 0],
							"uv": {
								"north": {"uv": [222, 52], "uv_size": [1, 1]},
								"east": {"uv": [220, 121], "uv_size": [2, 1]},
								"south": {"uv": [53, 222], "uv_size": [1, 1]},
								"west": {"uv": [220, 122], "uv_size": [2, 1]},
								"up": {"uv": [121, 220], "uv_size": [1, 2]},
								"down": {"uv": [220, 125], "uv_size": [1, -2]}
							}
						},
						{
							"origin": [1.7, 22.8, 13.5],
							"size": [0.2, 0.9, 2.5],
							"inflate": -0.001,
							"pivot": [1.8, 23.7, 15],
							"rotation": [45, 0, 0],
							"uv": {
								"north": {"uv": [222, 49], "uv_size": [1, 1]},
								"east": {"uv": [89, 220], "uv_size": [2, 1]},
								"south": {"uv": [50, 222], "uv_size": [1, 1]},
								"west": {"uv": [93, 220], "uv_size": [2, 1]},
								"up": {"uv": [86, 220], "uv_size": [1, 2]},
								"down": {"uv": [95, 222], "uv_size": [1, -2]}
							}
						},
						{
							"origin": [1.7, 23, 12.3],
							"size": [0.2, 0.8, 2.2],
							"inflate": -0.001,
							"pivot": [1.8, 23.7, 13.3],
							"rotation": [-45, 0, 0],
							"uv": {
								"north": {"uv": [222, 50], "uv_size": [1, 1]},
								"east": {"uv": [114, 220], "uv_size": [2, 1]},
								"south": {"uv": [51, 222], "uv_size": [1, 1]},
								"west": {"uv": [116, 220], "uv_size": [2, 1]},
								"up": {"uv": [96, 220], "uv_size": [1, 2]},
								"down": {"uv": [120, 222], "uv_size": [1, -2]}
							}
						},
						{
							"origin": [1.7, 22.8, 9.5],
							"size": [0.2, 0.9, 2.5],
							"inflate": -0.001,
							"pivot": [1.8, 23.7, 11],
							"rotation": [45, 0, 0],
							"uv": {
								"north": {"uv": [222, 46], "uv_size": [1, 1]},
								"east": {"uv": [218, 95], "uv_size": [3, 1]},
								"south": {"uv": [47, 222], "uv_size": [1, 1]},
								"west": {"uv": [218, 107], "uv_size": [3, 1]},
								"up": {"uv": [101, 218], "uv_size": [1, 3]},
								"down": {"uv": [102, 221], "uv_size": [1, -3]}
							}
						},
						{
							"origin": [1.7, 23, 8.3],
							"size": [0.2, 0.8, 2.2],
							"inflate": -0.001,
							"pivot": [1.8, 23.7, 9.3],
							"rotation": [-45, 0, 0],
							"uv": {
								"north": {"uv": [222, 47], "uv_size": [1, 1]},
								"east": {"uv": [81, 220], "uv_size": [2, 1]},
								"south": {"uv": [222, 48], "uv_size": [1, 1]},
								"west": {"uv": [220, 81], "uv_size": [2, 1]},
								"up": {"uv": [83, 220], "uv_size": [1, 2]},
								"down": {"uv": [85, 222], "uv_size": [1, -2]}
							}
						},
						{
							"origin": [1.7, 22.8, 5.5],
							"size": [0.2, 0.9, 2.5],
							"inflate": -0.001,
							"pivot": [1.8, 23.7, 7],
							"rotation": [45, 0, 0],
							"uv": {
								"north": {"uv": [222, 44], "uv_size": [1, 1]},
								"east": {"uv": [218, 93], "uv_size": [3, 1]},
								"south": {"uv": [45, 222], "uv_size": [1, 1]},
								"west": {"uv": [218, 94], "uv_size": [3, 1]},
								"up": {"uv": [99, 218], "uv_size": [1, 3]},
								"down": {"uv": [100, 221], "uv_size": [1, -3]}
							}
						},
						{
							"origin": [1.7, 23, 4.3],
							"size": [0.2, 0.8, 2.2],
							"inflate": -0.001,
							"pivot": [1.8, 23.7, 5.3],
							"rotation": [-45, 0, 0],
							"uv": {
								"north": {"uv": [222, 45], "uv_size": [1, 1]},
								"east": {"uv": [78, 220], "uv_size": [2, 1]},
								"south": {"uv": [46, 222], "uv_size": [1, 1]},
								"west": {"uv": [220, 78], "uv_size": [2, 1]},
								"up": {"uv": [220, 79], "uv_size": [1, 2]},
								"down": {"uv": [80, 222], "uv_size": [1, -2]}
							}
						},
						{
							"origin": [1.7, 22.8, 1.5],
							"size": [0.2, 0.9, 2.5],
							"inflate": -0.001,
							"pivot": [1.8, 23.7, 3],
							"rotation": [45, 0, 0],
							"uv": {
								"north": {"uv": [222, 42], "uv_size": [1, 1]},
								"east": {"uv": [89, 218], "uv_size": [3, 1]},
								"south": {"uv": [43, 222], "uv_size": [1, 1]},
								"west": {"uv": [218, 89], "uv_size": [3, 1]},
								"up": {"uv": [218, 90], "uv_size": [1, 3]},
								"down": {"uv": [92, 221], "uv_size": [1, -3]}
							}
						},
						{
							"origin": [1.7, 23, 0.3],
							"size": [0.2, 0.8, 2.2],
							"inflate": -0.001,
							"pivot": [1.8, 23.7, 1.3],
							"rotation": [-45, 0, 0],
							"uv": {
								"north": {"uv": [222, 43], "uv_size": [1, 1]},
								"east": {"uv": [220, 74], "uv_size": [2, 1]},
								"south": {"uv": [44, 222], "uv_size": [1, 1]},
								"west": {"uv": [220, 75], "uv_size": [2, 1]},
								"up": {"uv": [75, 220], "uv_size": [1, 2]},
								"down": {"uv": [220, 78], "uv_size": [1, -2]}
							}
						},
						{
							"origin": [1.7, 23, -3.7],
							"size": [0.2, 0.8, 2.2],
							"inflate": -0.001,
							"pivot": [1.8, 23.7, -2.7],
							"rotation": [-45, 0, 0],
							"uv": {
								"north": {"uv": [222, 40], "uv_size": [1, 1]},
								"east": {"uv": [220, 71], "uv_size": [2, 1]},
								"south": {"uv": [41, 222], "uv_size": [1, 1]},
								"west": {"uv": [72, 220], "uv_size": [2, 1]},
								"up": {"uv": [220, 72], "uv_size": [1, 2]},
								"down": {"uv": [74, 222], "uv_size": [1, -2]}
							}
						},
						{
							"origin": [1.7, 22.8, -2.5],
							"size": [0.2, 0.9, 2.5],
							"inflate": -0.001,
							"pivot": [1.8, 23.7, -1],
							"rotation": [45, 0, 0],
							"uv": {
								"north": {"uv": [222, 41], "uv_size": [1, 1]},
								"east": {"uv": [85, 218], "uv_size": [3, 1]},
								"south": {"uv": [42, 222], "uv_size": [1, 1]},
								"west": {"uv": [218, 85], "uv_size": [3, 1]},
								"up": {"uv": [218, 86], "uv_size": [1, 3]},
								"down": {"uv": [88, 221], "uv_size": [1, -3]}
							}
						},
						{
							"origin": [1.7, 22.8, -6.7],
							"size": [0.2, 0.9, 1.2],
							"inflate": -0.001,
							"pivot": [1.8, 23.7, -6.7],
							"rotation": [-45, 0, 0],
							"uv": {
								"north": {"uv": [222, 36], "uv_size": [1, 1]},
								"east": {"uv": [37, 222], "uv_size": [1, 1]},
								"south": {"uv": [222, 37], "uv_size": [1, 1]},
								"west": {"uv": [38, 222], "uv_size": [1, 1]},
								"up": {"uv": [222, 38], "uv_size": [1, 1]},
								"down": {"uv": [39, 223], "uv_size": [1, -1]}
							}
						},
						{
							"origin": [1.7, 22.8, -6.5],
							"size": [0.2, 0.9, 2.5],
							"inflate": -0.001,
							"pivot": [1.8, 23.7, -5],
							"rotation": [45, 0, 0],
							"uv": {
								"north": {"uv": [222, 39], "uv_size": [1, 1]},
								"east": {"uv": [78, 218], "uv_size": [3, 1]},
								"south": {"uv": [40, 222], "uv_size": [1, 1]},
								"west": {"uv": [81, 218], "uv_size": [3, 1]},
								"up": {"uv": [218, 82], "uv_size": [1, 3]},
								"down": {"uv": [84, 221], "uv_size": [1, -3]}
							}
						},
						{
							"origin": [1.7, 22.7, 32.3],
							"size": [0.2, 1, 2],
							"uv": {
								"north": {"uv": [222, 60], "uv_size": [1, 1]},
								"east": {"uv": [220, 136], "uv_size": [2, 1]},
								"south": {"uv": [222, 61], "uv_size": [1, 1]},
								"west": {"uv": [137, 220], "uv_size": [2, 1]},
								"up": {"uv": [220, 137], "uv_size": [1, 2]},
								"down": {"uv": [139, 222], "uv_size": [1, -2]}
							}
						},
						{
							"origin": [1.7, 23.7, -6.7],
							"size": [0.2, 0.8, 41],
							"uv": {
								"north": {"uv": [222, 33], "uv_size": [1, 1]},
								"east": {"uv": [212, 141], "uv_size": [41, 1]},
								"south": {"uv": [222, 34], "uv_size": [1, 1]},
								"west": {"uv": [214, 204], "uv_size": [41, 1]},
								"up": {"uv": [118, 214], "uv_size": [1, 41]},
								"down": {"uv": [119, 255], "uv_size": [1, -41]}
							}
						},
						{
							"origin": [0.9, 22, -6.7],
							"size": [0.8, 2.5, 41],
							"uv": {
								"north": {"uv": [76, 218], "uv_size": [1, 3]},
								"east": {"uv": [214, 178], "uv_size": [41, 3]},
								"south": {"uv": [77, 218], "uv_size": [1, 3]},
								"west": {"uv": [214, 181], "uv_size": [41, 3]},
								"up": {"uv": [48, 214], "uv_size": [1, 41]},
								"down": {"uv": [49, 255], "uv_size": [1, -41]}
							}
						},
						{"origin": [0.9, 22, -11.7], "size": [1, 2.5, 5], "uv": [150, 207]},
						{"origin": [-1.4, 26.15, -30.15], "size": [2.8, 1, 1], "inflate": -0.2, "pivot": [0, 26.65, -29.65], "rotation": [-45, 0, 0], "uv": [132, 214]},
						{
							"origin": [-1.1, 26.1, -33.6],
							"size": [0.1, 1.2, 5.3],
							"uv": {
								"north": {"uv": [18, 222], "uv_size": [1, 1]},
								"east": {"uv": [67, 217], "uv_size": [5, 1]},
								"south": {"uv": [19, 222], "uv_size": [1, 1]},
								"west": {"uv": [72, 217], "uv_size": [5, 1]},
								"up": {"uv": [26, 217], "uv_size": [1, 5]},
								"down": {"uv": [27, 222], "uv_size": [1, -5]}
							}
						},
						{
							"origin": [-1.1, 26.5, -28.3],
							"size": [0.1, 0.8, 5.8],
							"uv": {
								"north": {"uv": [20, 222], "uv_size": [1, 1]},
								"east": {"uv": [0, 217], "uv_size": [6, 1]},
								"south": {"uv": [21, 222], "uv_size": [1, 1]},
								"west": {"uv": [6, 217], "uv_size": [6, 1]},
								"up": {"uv": [215, 216], "uv_size": [1, 6]},
								"down": {"uv": [12, 223], "uv_size": [1, -6]}
							}
						},
						{
							"origin": [1, 26.5, -28.3],
							"size": [0.1, 0.8, 5.8],
							"uv": {
								"north": {"uv": [16, 222], "uv_size": [1, 1]},
								"east": {"uv": [188, 184], "uv_size": [6, 1]},
								"south": {"uv": [17, 222], "uv_size": [1, 1]},
								"west": {"uv": [62, 209], "uv_size": [6, 1]},
								"up": {"uv": [216, 213], "uv_size": [1, 6]},
								"down": {"uv": [214, 222], "uv_size": [1, -6]}
							}
						},
						{
							"origin": [1, 26.1, -33.6],
							"size": [0.1, 1.2, 5.3],
							"uv": {
								"north": {"uv": [14, 222], "uv_size": [1, 1]},
								"east": {"uv": [50, 217], "uv_size": [5, 1]},
								"south": {"uv": [15, 222], "uv_size": [1, 1]},
								"west": {"uv": [62, 217], "uv_size": [5, 1]},
								"up": {"uv": [135, 209], "uv_size": [1, 5]},
								"down": {"uv": [25, 222], "uv_size": [1, -5]}
							}
						},
						{"origin": [-1.4, 26.15, -33.15], "size": [2.8, 1, 1], "inflate": -0.2, "pivot": [0, 26.65, -32.65], "rotation": [-45, 0, 0], "uv": [112, 214]},
						{"origin": [-1.5, 27.55, -14.45], "size": [3, 1, 1], "inflate": -0.2, "pivot": [0, 28.05, -13.95], "rotation": [-45, 0, 0], "uv": [168, 213]},
						{"origin": [-1.8, 19.95, 6.05], "size": [3.6, 1, 1], "inflate": -0.2, "pivot": [0, 20.45, 6.55], "rotation": [-45, 0, 0], "uv": [184, 213]},
						{"origin": [-1.3, 25.75, -4.65], "size": [2.6, 1, 1], "inflate": -0.2, "pivot": [0, 26.25, -4.15], "rotation": [-45, 0, 0], "uv": [98, 214]},
						{"origin": [-1.8, 17.75, -15.05], "size": [3.6, 2, 1.5], "uv": [212, 173]},
						{"origin": [-2.2, 22.05, -28.35], "size": [4.4, 1, 1], "inflate": -0.2, "pivot": [0, 22.55, -27.85], "rotation": [45, 0, 0], "uv": [212, 57]},
						{"origin": [-2.2, 22.05, -12.75], "size": [4.4, 1, 1], "inflate": -0.2, "pivot": [0, 22.55, -12.25], "rotation": [45, 0, 0], "uv": [70, 199]},
						{
							"origin": [-2, 19.7, -0.4],
							"size": [4, 0.5, 2.3],
							"uv": {
								"north": {"uv": [218, 2], "uv_size": [4, 1]},
								"east": {"uv": [5, 220], "uv_size": [2, 1]},
								"south": {"uv": [218, 3], "uv_size": [4, 1]},
								"west": {"uv": [220, 6], "uv_size": [2, 1]},
								"up": {"uv": [216, 165], "uv_size": [4, 2]},
								"down": {"uv": [192, 218], "uv_size": [4, -2]}
							}
						},
						{"origin": [-1, 22, -44.9], "size": [4.7, 2, 2.1], "inflate": -0.2, "pivot": [0, 23, -43.8], "rotation": [0, 0, 45], "uv": [210, 65]},
						{"origin": [0.9, 20.1, -48.5], "size": [2, 2, 10.8], "inflate": -0.3, "pivot": [1.9, 21.1, -47.4], "rotation": [0, 0, 45], "uv": [188, 167]},
						{"origin": [-1, 22, -39.9], "size": [4.7, 2, 1.7], "inflate": -0.2, "pivot": [0, 23, -38.8], "rotation": [0, 0, 45], "uv": [204, 46]},
						{"origin": [-2.7, 22, -35.7], "size": [5.4, 2.5, 7.4], "inflate": -0.4, "uv": [194, 22]},
						{"origin": [-1.4, 16, -2], "size": [2.8, 3, 5], "inflate": 0.002, "uv": [184, 205]},
						{"origin": [-1.4, 16, 2], "size": [2.8, 3, 1], "pivot": [0, 16, 3], "rotation": [-17.5, 0, 0], "uv": [84, 210]},
						{"origin": [-1.4, 7.5, -2], "size": [2.8, 8.5, 5], "inflate": 0.001, "pivot": [0, 16, -2], "rotation": [15, 0, 0], "uv": [34, 168]},
						{"origin": [-1.4, 9.08373, 3.02959], "size": [2.8, 1.5, 2], "pivot": [0, 9.08373, 5.02959], "rotation": [-22.5, 0, 0], "uv": [212, 129]},
						{"origin": [-1.4, 10.46955, 3.60362], "size": [2.8, 3, 2], "inflate": 0.0001, "pivot": [1, 10.46955, 5.60362], "rotation": [10, 0, 0], "uv": [210, 82]},
						{"origin": [-1.4, 13.42397, 3.08267], "size": [2.8, 3, 2], "pivot": [1, 13.42397, 5.08267], "rotation": [37.5, 0, 0], "uv": [210, 87]},
						{"origin": [-1.5, 18.9, -11.7], "size": [3, 4.6, 46], "uv": [0, 0]},
						{"origin": [-1.36576, 24.79343, -11.7], "size": [2.73, 1, 45.6], "uv": [0, 50]},
						{"origin": [-1.36576, 24.89343, 9.3], "size": [2.73, 1, 2], "uv": [212, 138]},
						{"origin": [-1.36576, 24.49343, -28.5], "size": [2.73, 1.3, 16.8], "uv": [84, 167]},
						{"origin": [-1.46576, 24.99343, -35.2], "size": [2.93, 1, 6.7], "uv": [204, 142]},
						{"origin": [0.46424, 24.39343, -35.2], "size": [1, 1.6, 6.7], "pivot": [1.46424, 25.99343, -35.2], "rotation": [0, 0, -19.5], "uv": [162, 206]},
						{"origin": [-1.46424, 24.39343, -35.2], "size": [1, 1.6, 6.7], "pivot": [-1.46424, 25.99343, -35.2], "rotation": [0, 0, 19.5], "uv": [136, 207]},
						{"origin": [0.9, 21, -11.7], "size": [1, 1, 45.6], "pivot": [1.9, 22, 11.3], "rotation": [0, 0, 45], "uv": [0, 96]},
						{"origin": [1.1, 20.9, -11.2], "size": [1, 1, 2.6], "inflate": -0.001, "pivot": [2.1, 21.9, 11.8], "rotation": [0, 0, 45], "uv": [198, 213]},
						{"origin": [-2.1, 20.9, -11.2], "size": [1, 1, 2.6], "inflate": -0.001, "pivot": [-2.1, 21.9, -9.2], "rotation": [0, 0, -45], "uv": [204, 213]},
						{"origin": [-1.9, 21, -11.7], "size": [1, 1, 45.6], "pivot": [-1.9, 22, 11.3], "rotation": [0, 0, -45], "uv": [92, 96]},
						{"origin": [-1.9, 23.3, -28.5], "size": [3.8, 1.2, 16.8], "uv": [98, 32]},
						{"origin": [-2, 21.8, -35.5], "size": [4, 2.7, 7], "uv": [162, 197]},
						{"origin": [1, 20.6, -35.7], "size": [1, 1.2, 7.2], "pivot": [2, 21.8, -31.9], "rotation": [0, 0, 45], "uv": [120, 201]},
						{"origin": [-2, 20.6, -35.7], "size": [1, 1.2, 7.2], "pivot": [-2, 21.8, -31.9], "rotation": [0, 0, -45], "uv": [20, 204]},
						{
							"origin": [-1.9, 22.8, -27],
							"size": [3.8, 0.5, 13.8],
							"uv": {
								"north": {"uv": [85, 217], "uv_size": [4, 1]},
								"east": {"uv": [172, 49], "uv_size": [14, 1]},
								"south": {"uv": [89, 217], "uv_size": [4, 1]},
								"west": {"uv": [216, 97], "uv_size": [14, 1]},
								"up": {"uv": [214, 190], "uv_size": [4, 14]},
								"down": {"uv": [104, 229], "uv_size": [4, -14]}
							}
						},
						{
							"origin": [-1.6, 21.8, -27],
							"size": [3.2, 1, 13.8],
							"uv": {
								"north": {"uv": [218, 22], "uv_size": [3, 1]},
								"east": {"uv": [216, 98], "uv_size": [14, 1]},
								"south": {"uv": [218, 23], "uv_size": [3, 1]},
								"west": {"uv": [216, 99], "uv_size": [14, 1]},
								"up": {"uv": [108, 215], "uv_size": [3, 14]},
								"down": {"uv": [150, 229], "uv_size": [3, -14]}
							}
						},
						{
							"origin": [-1, 21.2, -28.5],
							"size": [2, 0.6, 16.8],
							"uv": {
								"north": {"uv": [219, 26], "uv_size": [2, 1]},
								"east": {"uv": [98, 49], "uv_size": [17, 1]},
								"south": {"uv": [219, 27], "uv_size": [2, 1]},
								"west": {"uv": [115, 49], "uv_size": [17, 1]},
								"up": {"uv": [160, 215], "uv_size": [2, 17]},
								"down": {"uv": [168, 232], "uv_size": [2, -17]}
							}
						},
						{
							"origin": [0.5, 21.2, -28.5],
							"size": [0.5, 0.8, 16.8],
							"pivot": [1, 21.2, -20.1],
							"rotation": [0, 0, 45],
							"uv": {
								"north": {"uv": [8, 221], "uv_size": [1, 1]},
								"east": {"uv": [12, 216], "uv_size": [17, 1]},
								"south": {"uv": [9, 221], "uv_size": [1, 1]},
								"west": {"uv": [216, 17], "uv_size": [17, 1]},
								"up": {"uv": [170, 215], "uv_size": [1, 17]},
								"down": {"uv": [171, 232], "uv_size": [1, -17]}
							}
						},
						{
							"origin": [-1, 21.2, -28.5],
							"size": [0.5, 0.8, 16.8],
							"pivot": [-1, 21.2, -20.1],
							"rotation": [0, 0, -45],
							"uv": {
								"north": {"uv": [10, 221], "uv_size": [1, 1]},
								"east": {"uv": [216, 18], "uv_size": [17, 1]},
								"south": {"uv": [221, 10], "uv_size": [1, 1]},
								"west": {"uv": [216, 19], "uv_size": [17, 1]},
								"up": {"uv": [172, 215], "uv_size": [1, 17]},
								"down": {"uv": [173, 232], "uv_size": [1, -17]}
							}
						},
						{
							"origin": [-1.9, 21.8, -13.2],
							"size": [3.8, 1.5, 1.5],
							"uv": {
								"north": {"uv": [80, 199], "uv_size": [4, 2]},
								"east": {"uv": [50, 197], "uv_size": [2, 2]},
								"south": {"uv": [136, 205], "uv_size": [4, 2]},
								"west": {"uv": [46, 217], "uv_size": [2, 2]},
								"up": {"uv": [216, 121], "uv_size": [4, 2]},
								"down": {"uv": [122, 218], "uv_size": [4, -2]}
							}
						},
						{
							"origin": [-1.9, 21.8, -28.5],
							"size": [3.8, 1.5, 1.5],
							"uv": {
								"north": {"uv": [216, 123], "uv_size": [4, 2]},
								"east": {"uv": [93, 217], "uv_size": [2, 2]},
								"south": {"uv": [126, 216], "uv_size": [4, 2]},
								"west": {"uv": [95, 217], "uv_size": [2, 2]},
								"up": {"uv": [130, 216], "uv_size": [4, 2]},
								"down": {"uv": [134, 218], "uv_size": [4, -2]}
							}
						},
						{"origin": [0.9, 24.5, -11.7], "size": [1, 1.4, 11.7], "pivot": [1.9, 24.5, -5.7], "rotation": [0, 0, -22.5], "uv": [186, 73]},
						{
							"origin": [0.67018, 24.25537, -28.5],
							"size": [1, 0.5, 16.8],
							"pivot": [1.17018, 24.95537, -20.1],
							"rotation": [0, 0, -22.5],
							"uv": {
								"north": {"uv": [14, 221], "uv_size": [1, 1]},
								"east": {"uv": [216, 20], "uv_size": [17, 1]},
								"south": {"uv": [15, 221], "uv_size": [1, 1]},
								"west": {"uv": [216, 21], "uv_size": [17, 1]},
								"up": {"uv": [174, 215], "uv_size": [1, 17]},
								"down": {"uv": [175, 232], "uv_size": [1, -17]}
							}
						},
						{
							"origin": [0.57451, 24.73634, -12.5],
							"size": [1, 0.9, 0.8],
							"pivot": [1.07451, 25.18634, -12.1],
							"rotation": [0, 0, -22.5],
							"uv": {
								"north": {"uv": [221, 22], "uv_size": [1, 1]},
								"east": {"uv": [23, 221], "uv_size": [1, 1]},
								"south": {"uv": [221, 23], "uv_size": [1, 1]},
								"west": {"uv": [24, 221], "uv_size": [1, 1]},
								"up": {"uv": [221, 24], "uv_size": [1, 1]},
								"down": {"uv": [221, 26], "uv_size": [1, -1]}
							}
						},
						{
							"origin": [0.57451, 24.73634, -13.8],
							"size": [1, 0.9, 0.8],
							"pivot": [1.07451, 25.18634, -13.4],
							"rotation": [0, 0, -22.5],
							"uv": {
								"north": {"uv": [221, 26], "uv_size": [1, 1]},
								"east": {"uv": [221, 27], "uv_size": [1, 1]},
								"south": {"uv": [28, 221], "uv_size": [1, 1]},
								"west": {"uv": [29, 221], "uv_size": [1, 1]},
								"up": {"uv": [30, 221], "uv_size": [1, 1]},
								"down": {"uv": [221, 31], "uv_size": [1, -1]}
							}
						},
						{
							"origin": [0.57451, 24.73634, -16.4],
							"size": [1, 0.9, 0.8],
							"pivot": [1.07451, 25.18634, -16],
							"rotation": [0, 0, -22.5],
							"uv": {
								"north": {"uv": [36, 221], "uv_size": [1, 1]},
								"east": {"uv": [37, 221], "uv_size": [1, 1]},
								"south": {"uv": [38, 221], "uv_size": [1, 1]},
								"west": {"uv": [39, 221], "uv_size": [1, 1]},
								"up": {"uv": [221, 39], "uv_size": [1, 1]},
								"down": {"uv": [40, 222], "uv_size": [1, -1]}
							}
						},
						{
							"origin": [0.57451, 24.73634, -15.1],
							"size": [1, 0.9, 0.8],
							"pivot": [1.07451, 25.18634, -14.7],
							"rotation": [0, 0, -22.5],
							"uv": {
								"north": {"uv": [31, 221], "uv_size": [1, 1]},
								"east": {"uv": [221, 31], "uv_size": [1, 1]},
								"south": {"uv": [32, 221], "uv_size": [1, 1]},
								"west": {"uv": [221, 32], "uv_size": [1, 1]},
								"up": {"uv": [221, 33], "uv_size": [1, 1]},
								"down": {"uv": [221, 35], "uv_size": [1, -1]}
							}
						},
						{
							"origin": [0.57451, 24.73634, -21.6],
							"size": [1, 0.9, 0.8],
							"pivot": [1.07451, 25.18634, -21.2],
							"rotation": [0, 0, -22.5],
							"uv": {
								"north": {"uv": [221, 52], "uv_size": [1, 1]},
								"east": {"uv": [53, 221], "uv_size": [1, 1]},
								"south": {"uv": [221, 53], "uv_size": [1, 1]},
								"west": {"uv": [54, 221], "uv_size": [1, 1]},
								"up": {"uv": [221, 54], "uv_size": [1, 1]},
								"down": {"uv": [221, 56], "uv_size": [1, -1]}
							}
						},
						{
							"origin": [0.57451, 24.73634, -17.7],
							"size": [1, 0.9, 0.8],
							"pivot": [1.07451, 25.18634, -17.3],
							"rotation": [0, 0, -22.5],
							"uv": {
								"north": {"uv": [221, 46], "uv_size": [1, 1]},
								"east": {"uv": [47, 221], "uv_size": [1, 1]},
								"south": {"uv": [50, 221], "uv_size": [1, 1]},
								"west": {"uv": [51, 221], "uv_size": [1, 1]},
								"up": {"uv": [221, 51], "uv_size": [1, 1]},
								"down": {"uv": [52, 222], "uv_size": [1, -1]}
							}
						},
						{
							"origin": [0.57451, 24.73634, -19],
							"size": [1, 0.9, 0.8],
							"pivot": [1.07451, 25.18634, -18.6],
							"rotation": [0, 0, -22.5],
							"uv": {
								"north": {"uv": [221, 43], "uv_size": [1, 1]},
								"east": {"uv": [44, 221], "uv_size": [1, 1]},
								"south": {"uv": [221, 44], "uv_size": [1, 1]},
								"west": {"uv": [45, 221], "uv_size": [1, 1]},
								"up": {"uv": [221, 45], "uv_size": [1, 1]},
								"down": {"uv": [46, 222], "uv_size": [1, -1]}
							}
						},
						{
							"origin": [0.57451, 24.73634, -20.3],
							"size": [1, 0.9, 0.8],
							"pivot": [1.07451, 25.18634, -19.9],
							"rotation": [0, 0, -22.5],
							"uv": {
								"north": {"uv": [221, 40], "uv_size": [1, 1]},
								"east": {"uv": [41, 221], "uv_size": [1, 1]},
								"south": {"uv": [221, 41], "uv_size": [1, 1]},
								"west": {"uv": [42, 221], "uv_size": [1, 1]},
								"up": {"uv": [221, 42], "uv_size": [1, 1]},
								"down": {"uv": [43, 222], "uv_size": [1, -1]}
							}
						},
						{
							"origin": [0.57451, 24.73634, -28.5],
							"size": [1, 0.9, 1.2],
							"pivot": [1.07451, 25.18634, -27.7],
							"rotation": [0, 0, -22.5],
							"uv": {
								"north": {"uv": [221, 80], "uv_size": [1, 1]},
								"east": {"uv": [81, 221], "uv_size": [1, 1]},
								"south": {"uv": [82, 221], "uv_size": [1, 1]},
								"west": {"uv": [221, 82], "uv_size": [1, 1]},
								"up": {"uv": [221, 83], "uv_size": [1, 1]},
								"down": {"uv": [84, 222], "uv_size": [1, -1]}
							}
						},
						{
							"origin": [0.57451, 24.73634, -26.8],
							"size": [1, 0.9, 0.8],
							"pivot": [1.07451, 25.18634, -26.4],
							"rotation": [0, 0, -22.5],
							"uv": {
								"north": {"uv": [221, 76], "uv_size": [1, 1]},
								"east": {"uv": [77, 221], "uv_size": [1, 1]},
								"south": {"uv": [221, 77], "uv_size": [1, 1]},
								"west": {"uv": [78, 221], "uv_size": [1, 1]},
								"up": {"uv": [79, 221], "uv_size": [1, 1]},
								"down": {"uv": [221, 80], "uv_size": [1, -1]}
							}
						},
						{
							"origin": [0.57451, 24.73634, -25.5],
							"size": [1, 0.9, 0.8],
							"pivot": [1.07451, 25.18634, -25.1],
							"rotation": [0, 0, -22.5],
							"uv": {
								"north": {"uv": [221, 70], "uv_size": [1, 1]},
								"east": {"uv": [72, 221], "uv_size": [1, 1]},
								"south": {"uv": [221, 72], "uv_size": [1, 1]},
								"west": {"uv": [73, 221], "uv_size": [1, 1]},
								"up": {"uv": [221, 73], "uv_size": [1, 1]},
								"down": {"uv": [76, 222], "uv_size": [1, -1]}
							}
						},
						{
							"origin": [0.57451, 24.73634, -24.2],
							"size": [1, 0.9, 0.8],
							"pivot": [1.07451, 25.18634, -23.8],
							"rotation": [0, 0, -22.5],
							"uv": {
								"north": {"uv": [65, 221], "uv_size": [1, 1]},
								"east": {"uv": [66, 221], "uv_size": [1, 1]},
								"south": {"uv": [67, 221], "uv_size": [1, 1]},
								"west": {"uv": [68, 221], "uv_size": [1, 1]},
								"up": {"uv": [69, 221], "uv_size": [1, 1]},
								"down": {"uv": [221, 70], "uv_size": [1, -1]}
							}
						},
						{
							"origin": [0.57451, 24.73634, -22.9],
							"size": [1, 0.9, 0.8],
							"pivot": [1.07451, 25.18634, -22.5],
							"rotation": [0, 0, -22.5],
							"uv": {
								"north": {"uv": [56, 221], "uv_size": [1, 1]},
								"east": {"uv": [221, 56], "uv_size": [1, 1]},
								"south": {"uv": [57, 221], "uv_size": [1, 1]},
								"west": {"uv": [62, 221], "uv_size": [1, 1]},
								"up": {"uv": [63, 221], "uv_size": [1, 1]},
								"down": {"uv": [64, 222], "uv_size": [1, -1]}
							}
						},
						{
							"origin": [0.67018, 24.25537, 0],
							"size": [1, 0.5, 8.6],
							"pivot": [1.17018, 24.95537, 4.3],
							"rotation": [0, 0, -22.5],
							"uv": {
								"north": {"uv": [5, 221], "uv_size": [1, 1]},
								"east": {"uv": [194, 31], "uv_size": [9, 1]},
								"south": {"uv": [221, 5], "uv_size": [1, 1]},
								"west": {"uv": [50, 216], "uv_size": [9, 1]},
								"up": {"uv": [33, 216], "uv_size": [1, 9]},
								"down": {"uv": [34, 225], "uv_size": [1, -9]}
							}
						},
						{
							"origin": [1.17018, 25.45537, 0],
							"size": [0.5, 0.2, 8.6],
							"pivot": [1.17018, 24.95537, 4.3],
							"rotation": [0, 0, -22.5],
							"uv": {
								"north": {"uv": [6, 221], "uv_size": [1, 1]},
								"east": {"uv": [216, 100], "uv_size": [9, 1]},
								"south": {"uv": [7, 221], "uv_size": [1, 1]},
								"west": {"uv": [216, 101], "uv_size": [9, 1]},
								"up": {"uv": [35, 216], "uv_size": [1, 9]},
								"down": {"uv": [59, 225], "uv_size": [1, -9]}
							}
						},
						{"origin": [0.9, 24.5, 8.6], "size": [1, 1.4, 25.3], "pivot": [1.9, 24.5, 14.6], "rotation": [0, 0, -22.5], "uv": [0, 142]},
						{"origin": [0.9, 25, 9.3], "size": [1, 1, 2], "inflate": -0.001, "pivot": [1.9, 24.6, 15.3], "rotation": [0, 0, -22.5], "uv": [36, 214]},
						{"origin": [-1.9, 24.5, -11.7], "size": [1, 1.4, 45.6], "pivot": [-1.9, 24.5, -5.7], "rotation": [0, 0, 22.5], "uv": [94, 50]},
						{"origin": [-1.36576, 24.89343, 9.3], "size": [1, 1, 2], "inflate": -0.001, "pivot": [-1.36576, 25.89343, 11.3], "rotation": [0, 0, 22.5], "uv": [6, 214]},
						{"origin": [-1.36576, 24.89343, -2.4], "size": [2.73, 1, 2], "uv": [212, 167]},
						{"origin": [0.9, 25, -2.4], "size": [1, 1, 2], "inflate": -0.001, "pivot": [1.9, 24.6, 3.6], "rotation": [0, 0, -22.5], "uv": [214, 46]},
						{"origin": [-1.36576, 24.89343, -2.4], "size": [1, 1, 2], "inflate": -0.001, "pivot": [-1.36576, 25.89343, -0.4], "rotation": [0, 0, 22.5], "uv": [42, 214]},
						{"origin": [0.4, 24.3, 32.6], "size": [1, 1.7, 3.5], "inflate": -0.001, "pivot": [1.4, 26, 36.1], "rotation": [0, 0, -24.5], "uv": [28, 212]},
						{"origin": [-1.4, 24.3, 32.6], "size": [1, 1.7, 3.5], "inflate": -0.001, "pivot": [-1.4, 26, 36.1], "rotation": [0, 0, 24.5], "uv": [20, 212]},
						{"origin": [-2.1, 21, 33.6], "size": [1, 1, 1.6], "inflate": -0.001, "pivot": [-2.1, 22, 14], "rotation": [0, 0, -45], "uv": [48, 178]},
						{"origin": [1.1, 21, 33.6], "size": [1, 1, 1.6], "inflate": -0.001, "pivot": [2.1, 22, 14.3], "rotation": [0, 0, 45], "uv": [48, 176]},
						{
							"origin": [-1.67018, 24.25537, -28.5],
							"size": [1, 0.5, 16.8],
							"pivot": [-1.17018, 24.95537, -20.1],
							"rotation": [0, 0, 22.5],
							"uv": {
								"north": {"uv": [21, 221], "uv_size": [1, 1]},
								"east": {"uv": [86, 216], "uv_size": [17, 1]},
								"south": {"uv": [22, 221], "uv_size": [1, 1]},
								"west": {"uv": [216, 96], "uv_size": [17, 1]},
								"up": {"uv": [184, 215], "uv_size": [1, 17]},
								"down": {"uv": [185, 232], "uv_size": [1, -17]}
							}
						},
						{"origin": [-1.9, 22, -11.7], "size": [1, 2.5, 5], "uv": [120, 209]},
						{"origin": [-2.1, 22, 33.6], "size": [1.2, 2.5, 1.6], "uv": [48, 171]},
						{"origin": [0.9, 22, 33.6], "size": [1.2, 2.5, 1.6], "uv": [48, 168]},
						{
							"origin": [-2.1, 23.4, 35.2],
							"size": [4.2, 1.1, 0.9],
							"uv": {
								"north": {"uv": [217, 217], "uv_size": [4, 1]},
								"east": {"uv": [11, 222], "uv_size": [1, 1]},
								"south": {"uv": [0, 218], "uv_size": [4, 1]},
								"west": {"uv": [13, 222], "uv_size": [1, 1]},
								"up": {"uv": [218, 0], "uv_size": [4, 1]},
								"down": {"uv": [218, 2], "uv_size": [4, -1]}
							}
						},
						{
							"origin": [-1.57451, 24.73634, -28.5],
							"size": [1, 0.9, 1.2],
							"pivot": [-1.07451, 25.18634, -27.7],
							"rotation": [0, 0, 22.5],
							"uv": {
								"north": {"uv": [221, 142], "uv_size": [1, 1]},
								"east": {"uv": [143, 221], "uv_size": [1, 1]},
								"south": {"uv": [221, 143], "uv_size": [1, 1]},
								"west": {"uv": [144, 221], "uv_size": [1, 1]},
								"up": {"uv": [221, 145], "uv_size": [1, 1]},
								"down": {"uv": [221, 147], "uv_size": [1, -1]}
							}
						},
						{
							"origin": [-1.57451, 24.73634, -26.8],
							"size": [1, 0.9, 0.8],
							"pivot": [-1.07451, 25.18634, -26.4],
							"rotation": [0, 0, 22.5],
							"uv": {
								"north": {"uv": [137, 221], "uv_size": [1, 1]},
								"east": {"uv": [221, 137], "uv_size": [1, 1]},
								"south": {"uv": [138, 221], "uv_size": [1, 1]},
								"west": {"uv": [221, 138], "uv_size": [1, 1]},
								"up": {"uv": [140, 221], "uv_size": [1, 1]},
								"down": {"uv": [141, 222], "uv_size": [1, -1]}
							}
						},
						{
							"origin": [-1.57451, 24.73634, -25.5],
							"size": [1, 0.9, 0.8],
							"pivot": [-1.07451, 25.18634, -25.1],
							"rotation": [0, 0, 22.5],
							"uv": {
								"north": {"uv": [221, 132], "uv_size": [1, 1]},
								"east": {"uv": [133, 221], "uv_size": [1, 1]},
								"south": {"uv": [221, 134], "uv_size": [1, 1]},
								"west": {"uv": [135, 221], "uv_size": [1, 1]},
								"up": {"uv": [221, 135], "uv_size": [1, 1]},
								"down": {"uv": [136, 222], "uv_size": [1, -1]}
							}
						},
						{
							"origin": [-1.57451, 24.73634, -24.2],
							"size": [1, 0.9, 0.8],
							"pivot": [-1.07451, 25.18634, -23.8],
							"rotation": [0, 0, 22.5],
							"uv": {
								"north": {"uv": [221, 128], "uv_size": [1, 1]},
								"east": {"uv": [129, 221], "uv_size": [1, 1]},
								"south": {"uv": [221, 129], "uv_size": [1, 1]},
								"west": {"uv": [130, 221], "uv_size": [1, 1]},
								"up": {"uv": [221, 131], "uv_size": [1, 1]},
								"down": {"uv": [132, 222], "uv_size": [1, -1]}
							}
						},
						{
							"origin": [-1.57451, 24.73634, -22.9],
							"size": [1, 0.9, 0.8],
							"pivot": [-1.07451, 25.18634, -22.5],
							"rotation": [0, 0, 22.5],
							"uv": {
								"north": {"uv": [125, 221], "uv_size": [1, 1]},
								"east": {"uv": [126, 221], "uv_size": [1, 1]},
								"south": {"uv": [221, 126], "uv_size": [1, 1]},
								"west": {"uv": [127, 221], "uv_size": [1, 1]},
								"up": {"uv": [221, 127], "uv_size": [1, 1]},
								"down": {"uv": [128, 222], "uv_size": [1, -1]}
							}
						},
						{
							"origin": [-1.57451, 24.73634, -21.6],
							"size": [1, 0.9, 0.8],
							"pivot": [-1.07451, 25.18634, -21.2],
							"rotation": [0, 0, 22.5],
							"uv": {
								"north": {"uv": [221, 120], "uv_size": [1, 1]},
								"east": {"uv": [122, 221], "uv_size": [1, 1]},
								"south": {"uv": [123, 221], "uv_size": [1, 1]},
								"west": {"uv": [221, 123], "uv_size": [1, 1]},
								"up": {"uv": [124, 221], "uv_size": [1, 1]},
								"down": {"uv": [221, 125], "uv_size": [1, -1]}
							}
						},
						{
							"origin": [-1.57451, 24.73634, -20.3],
							"size": [1, 0.9, 0.8],
							"pivot": [-1.07451, 25.18634, -19.9],
							"rotation": [0, 0, 22.5],
							"uv": {
								"north": {"uv": [115, 221], "uv_size": [1, 1]},
								"east": {"uv": [116, 221], "uv_size": [1, 1]},
								"south": {"uv": [117, 221], "uv_size": [1, 1]},
								"west": {"uv": [221, 117], "uv_size": [1, 1]},
								"up": {"uv": [221, 118], "uv_size": [1, 1]},
								"down": {"uv": [221, 120], "uv_size": [1, -1]}
							}
						},
						{
							"origin": [-1.57451, 24.73634, -19],
							"size": [1, 0.9, 0.8],
							"pivot": [-1.07451, 25.18634, -18.6],
							"rotation": [0, 0, 22.5],
							"uv": {
								"north": {"uv": [221, 110], "uv_size": [1, 1]},
								"east": {"uv": [221, 111], "uv_size": [1, 1]},
								"south": {"uv": [221, 112], "uv_size": [1, 1]},
								"west": {"uv": [221, 113], "uv_size": [1, 1]},
								"up": {"uv": [114, 221], "uv_size": [1, 1]},
								"down": {"uv": [221, 115], "uv_size": [1, -1]}
							}
						},
						{
							"origin": [-1.57451, 24.73634, -17.7],
							"size": [1, 0.9, 0.8],
							"pivot": [-1.07451, 25.18634, -17.3],
							"rotation": [0, 0, 22.5],
							"uv": {
								"north": {"uv": [101, 221], "uv_size": [1, 1]},
								"east": {"uv": [102, 221], "uv_size": [1, 1]},
								"south": {"uv": [221, 106], "uv_size": [1, 1]},
								"west": {"uv": [221, 107], "uv_size": [1, 1]},
								"up": {"uv": [221, 108], "uv_size": [1, 1]},
								"down": {"uv": [221, 110], "uv_size": [1, -1]}
							}
						},
						{
							"origin": [-1.57451, 24.73634, -16.4],
							"size": [1, 0.9, 0.8],
							"pivot": [-1.07451, 25.18634, -16],
							"rotation": [0, 0, 22.5],
							"uv": {
								"north": {"uv": [221, 94], "uv_size": [1, 1]},
								"east": {"uv": [221, 95], "uv_size": [1, 1]},
								"south": {"uv": [97, 221], "uv_size": [1, 1]},
								"west": {"uv": [98, 221], "uv_size": [1, 1]},
								"up": {"uv": [99, 221], "uv_size": [1, 1]},
								"down": {"uv": [100, 222], "uv_size": [1, -1]}
							}
						},
						{
							"origin": [-1.57451, 24.73634, -15.1],
							"size": [1, 0.9, 0.8],
							"pivot": [-1.07451, 25.18634, -14.7],
							"rotation": [0, 0, 22.5],
							"uv": {
								"north": {"uv": [221, 91], "uv_size": [1, 1]},
								"east": {"uv": [92, 221], "uv_size": [1, 1]},
								"south": {"uv": [221, 92], "uv_size": [1, 1]},
								"west": {"uv": [93, 221], "uv_size": [1, 1]},
								"up": {"uv": [221, 93], "uv_size": [1, 1]},
								"down": {"uv": [94, 222], "uv_size": [1, -1]}
							}
						},
						{
							"origin": [-1.57451, 24.73634, -13.8],
							"size": [1, 0.9, 0.8],
							"pivot": [-1.07451, 25.18634, -13.4],
							"rotation": [0, 0, 22.5],
							"uv": {
								"north": {"uv": [221, 88], "uv_size": [1, 1]},
								"east": {"uv": [89, 221], "uv_size": [1, 1]},
								"south": {"uv": [221, 89], "uv_size": [1, 1]},
								"west": {"uv": [90, 221], "uv_size": [1, 1]},
								"up": {"uv": [221, 90], "uv_size": [1, 1]},
								"down": {"uv": [91, 222], "uv_size": [1, -1]}
							}
						},
						{
							"origin": [-1.57451, 24.73634, -12.5],
							"size": [1, 0.9, 0.8],
							"pivot": [-1.07451, 25.18634, -12.1],
							"rotation": [0, 0, 22.5],
							"uv": {
								"north": {"uv": [221, 84], "uv_size": [1, 1]},
								"east": {"uv": [221, 85], "uv_size": [1, 1]},
								"south": {"uv": [221, 86], "uv_size": [1, 1]},
								"west": {"uv": [87, 221], "uv_size": [1, 1]},
								"up": {"uv": [221, 87], "uv_size": [1, 1]},
								"down": {"uv": [88, 222], "uv_size": [1, -1]}
							}
						},
						{
							"origin": [-1.4, 18, 3],
							"size": [2.8, 0.9, 4],
							"inflate": -0.001,
							"uv": {
								"north": {"uv": [132, 213], "uv_size": [3, 1]},
								"east": {"uv": [132, 49], "uv_size": [4, 1]},
								"south": {"uv": [218, 10], "uv_size": [3, 1]},
								"west": {"uv": [48, 180], "uv_size": [4, 1]},
								"up": {"uv": [136, 201], "uv_size": [3, 4]},
								"down": {"uv": [132, 213], "uv_size": [3, -4]}
							}
						},
						{
							"origin": [-1.4, 18.2, -5.5],
							"size": [2.8, 0.7, 3.5],
							"uv": {
								"north": {"uv": [70, 218], "uv_size": [3, 1]},
								"east": {"uv": [217, 215], "uv_size": [4, 1]},
								"south": {"uv": [73, 218], "uv_size": [3, 1]},
								"west": {"uv": [217, 216], "uv_size": [4, 1]},
								"up": {"uv": [186, 215], "uv_size": [3, 4]},
								"down": {"uv": [189, 219], "uv_size": [3, -4]}
							}
						},
						{"origin": [-1.5, 18.5, 5.5], "size": [3, 6, 11.5], "inflate": -0.001, "pivot": [0, 18.5, 6], "rotation": [-55, 0, 0], "uv": [184, 125]},
						{"origin": [-1.5, 9.5, 12.3], "size": [3, 9.4, 4], "uv": [90, 201]},
						{"origin": [-1.5, 10.5, 15.3], "size": [3, 2, 1], "inflate": -0.0001, "pivot": [0, 10.5, 16.3], "rotation": [-47.5, 0, 0], "uv": [212, 132]},
						{"origin": [-1.5, 11.5, 23.8], "size": [3, 5, 1.5], "inflate": -0.001, "pivot": [0, 11.5, 25.3], "rotation": [-20, 0, 0], "uv": [12, 210]},
						{"origin": [-1.5, 11.5, 16.3], "size": [3, 7.4, 9], "uv": [116, 185]},
						{"origin": [-1.5, 15.5, 25.3], "size": [3, 3.4, 9], "uv": [186, 61]},
						{"origin": [-1.5, 11.5, 30.3], "size": [3, 4, 4], "uv": [198, 205]},
						{"origin": [-1.5, 10, 30.9], "size": [3, 1.5, 2], "uv": [184, 202]},
						{"origin": [-1, 7.8, -5.8], "size": [2, 1, 6], "pivot": [0, 7.8, 0.2], "rotation": [5, 0, 0], "uv": [204, 39]},
						{"origin": [-1, 8.66231, -16.4382], "size": [2, 1, 8], "pivot": [0, 8.66231, -8.4382], "rotation": [-70, 0, 0], "uv": [70, 201]},
						{"origin": [-1, 7.27707, -8.77717], "size": [2, 1, 3], "pivot": [0, 7.27707, -5.77717], "rotation": [-27.5, 0, 0], "uv": [20, 200]},
						{
							"origin": [-1, 15.2, -5],
							"size": [2, 0.5, 3.5],
							"uv": {
								"north": {"uv": [68, 209], "uv_size": [2, 1]},
								"east": {"uv": [116, 184], "uv_size": [4, 1]},
								"south": {"uv": [212, 178], "uv_size": [2, 1]},
								"west": {"uv": [55, 217], "uv_size": [4, 1]},
								"up": {"uv": [114, 216], "uv_size": [2, 4]},
								"down": {"uv": [116, 220], "uv_size": [2, -4]}
							}
						},
						{
							"origin": [-1, 15.2, -9.5],
							"size": [2, 0.5, 4],
							"pivot": [0, 15.2, -5.5],
							"rotation": [-90, 0, 0],
							"uv": {
								"north": {"uv": [219, 24], "uv_size": [2, 1]},
								"east": {"uv": [77, 217], "uv_size": [4, 1]},
								"south": {"uv": [219, 25], "uv_size": [2, 1]},
								"west": {"uv": [81, 217], "uv_size": [4, 1]},
								"up": {"uv": [216, 117], "uv_size": [2, 4]},
								"down": {"uv": [120, 220], "uv_size": [2, -4]}
							}
						},
						{
							"origin": [-0.5, 19, -5.5],
							"size": [1, 1, 3],
							"pivot": [0, 19, -2.5],
							"rotation": [82.5, 0, 0],
							"uv": {
								"north": {"uv": [203, 31], "uv_size": [1, 1]},
								"east": {"uv": [15, 218], "uv_size": [3, 1]},
								"south": {"uv": [220, 193], "uv_size": [1, 1]},
								"west": {"uv": [18, 218], "uv_size": [3, 1]},
								"up": {"uv": [21, 218], "uv_size": [1, 3]},
								"down": {"uv": [22, 221], "uv_size": [1, -3]}
							}
						},
						{"origin": [-1, 22, -51.5], "size": [2, 2, 2], "pivot": [0, 23, -50.5], "rotation": [0, 0, 45], "uv": [210, 92]},
						{"origin": [-1, 22, -42.3], "size": [2, 2, 2.1], "inflate": 0.001, "pivot": [0, 23, -41.2], "rotation": [0, 0, 45], "uv": [112, 210]},
						{"origin": [-1, 19.3, -42.3], "size": [2, 2, 2.1], "inflate": 0.001, "pivot": [0, 20.3, -41.2], "rotation": [0, 0, 45], "uv": [212, 53]},
						{"origin": [-1, 22, -61.5], "size": [2, 2, 30], "inflate": -0.4, "pivot": [0, 23, -49.5], "rotation": [0, 0, 45], "uv": [98, 0]},
						{"origin": [-0.5, 26.19289, -34.7], "size": [1, 1, 2], "inflate": -0.1, "pivot": [0, 26.69289, -19.7], "rotation": [0, 0, 45], "uv": [192, 213]},
						{"origin": [-1, 19.3, -49.5], "size": [2, 2, 15], "inflate": -0.4, "pivot": [0, 20.3, -49.5], "rotation": [0, 0, 45], "uv": [0, 168]},
						{"origin": [-3.7, 20.3, -42.5], "size": [4.7, 2, 2.5], "inflate": -0.2, "pivot": [0, 21.3, -42.5], "rotation": [0, 0, 90], "uv": [204, 163]},
						{"origin": [-7, 23.8, -42.4], "size": [8, 1, 1.4], "inflate": -0.2, "pivot": [0, 24.3, -42.1], "rotation": [0, 0, 90], "uv": [34, 181]},
						{
							"origin": [-0.1, 30.9, -42.2],
							"size": [0.2, 0.6, 0.4],
							"pivot": [0, 31.2, -42],
							"rotation": [0, 0, 90],
							"uv": {
								"north": {"uv": [197, 220], "uv_size": [1, 1]},
								"east": {"uv": [198, 220], "uv_size": [1, 1]},
								"south": {"uv": [200, 220], "uv_size": [1, 1]},
								"west": {"uv": [201, 220], "uv_size": [1, 1]},
								"up": {"uv": [204, 220], "uv_size": [1, 1]},
								"down": {"uv": [205, 221], "uv_size": [1, -1]}
							}
						},
						{
							"origin": [-0.1, 30.9, -41.6],
							"size": [0.2, 0.6, 0.4],
							"pivot": [0, 31.2, -41.4],
							"rotation": [0, 0, 90],
							"uv": {
								"north": {"uv": [216, 220], "uv_size": [1, 1]},
								"east": {"uv": [217, 220], "uv_size": [1, 1]},
								"south": {"uv": [220, 218], "uv_size": [1, 1]},
								"west": {"uv": [220, 219], "uv_size": [1, 1]},
								"up": {"uv": [220, 220], "uv_size": [1, 1]},
								"down": {"uv": [221, 5], "uv_size": [1, -1]}
							}
						},
						{"origin": [-2, 24, -41.6], "size": [2.5, 1, 1.4], "inflate": -0.201, "pivot": [0.3, 24.8, -40.4], "rotation": [0, -22.5, 90], "uv": [86, 214]},
						{"origin": [-1, 15.6, -20.5], "size": [2, 2, 9], "uv": [194, 11]},
						{"origin": [0, 15.6, -20.5], "size": [1, 4.6, 9], "pivot": [1, 15.6, -12.5], "rotation": [0, 0, 11], "uv": [194, 179]},
						{"origin": [0, 17.9, -35.5], "size": [1, 2.3, 15], "pivot": [1, 15.6, -21.5], "rotation": [0, 0, 11], "uv": [172, 32]},
						{"origin": [0, 15.6, -36.9], "size": [1, 2.3, 16.4], "inflate": -0.001, "pivot": [1, 15.6, -20.5], "rotation": [-8.5, 0, 11], "uv": [120, 167]},
						{"origin": [-1, 15.6, -36.9], "size": [1, 2.3, 16.4], "inflate": -0.001, "pivot": [-1, 15.6, -20.5], "rotation": [-8.5, 0, -11], "uv": [154, 167]},
						{"origin": [-1, 15.6, -20.5], "size": [1, 4.6, 9], "pivot": [-1, 15.6, -12.5], "rotation": [0, 0, -11], "uv": [194, 192]},
						{"origin": [-1, 17.9, -35.5], "size": [1, 2.3, 15], "pivot": [-1, 15.6, -21.5], "rotation": [0, 0, -11], "uv": [84, 184]},
						{"origin": [-1.4, 20.2, -36.3], "size": [2.8, 1, 24.8], "inflate": -0.001, "uv": [52, 142]},
						{"origin": [1.4, 20.2, -36.3], "size": [1.1, 1, 24.8], "pivot": [1.4, 21.2, -23.9], "rotation": [0, 0, 63.5], "uv": [104, 142]},
						{"origin": [-2.5, 20.2, -36.3], "size": [1.1, 1, 24.8], "pivot": [-1.4, 21.2, -23.9], "rotation": [0, 0, -63.5], "uv": [154, 142]},
						{"origin": [-1, 15.6, -37], "size": [2, 3.2, 1], "pivot": [0, 15.6, -20.5], "rotation": [-8.5, 0, 0], "uv": [212, 205]},
						{"origin": [-1.4, 21.20371, -36.14577], "size": [2.8, 4.88, 1], "inflate": 0.0001, "pivot": [1, 21.20371, -36.14577], "rotation": [-11, 0, 0], "uv": [188, 179]},
						{
							"origin": [1, 21.89085, -36.01221],
							"size": [1, 2.65, 0.5],
							"inflate": -0.001,
							"pivot": [2, 21.89085, -36.01221],
							"rotation": [-11, 0, 0],
							"uv": {
								"north": {"uv": [23, 218], "uv_size": [1, 3]},
								"east": {"uv": [24, 218], "uv_size": [1, 3]},
								"south": {"uv": [218, 24], "uv_size": [1, 3]},
								"west": {"uv": [218, 27], "uv_size": [1, 3]},
								"up": {"uv": [147, 221], "uv_size": [1, 1]},
								"down": {"uv": [148, 222], "uv_size": [1, -1]}
							}
						},
						{
							"origin": [1, 24.49216, -35.50656],
							"size": [1, 1.62, 0.5],
							"inflate": -0.001,
							"pivot": [2, 24.49216, -35.50656],
							"rotation": [-10.41418, -3.56158, -18.67532],
							"uv": {
								"north": {"uv": [219, 28], "uv_size": [1, 2]},
								"east": {"uv": [46, 219], "uv_size": [1, 2]},
								"south": {"uv": [47, 219], "uv_size": [1, 2]},
								"west": {"uv": [50, 219], "uv_size": [1, 2]},
								"up": {"uv": [165, 221], "uv_size": [1, 1]},
								"down": {"uv": [221, 166], "uv_size": [1, -1]}
							}
						},
						{
							"origin": [-2, 24.49216, -35.50656],
							"size": [1, 1.62, 0.5],
							"inflate": -0.001,
							"pivot": [-2, 24.49216, -35.50656],
							"rotation": [-10.41418, 3.56158, 18.67532],
							"uv": {
								"north": {"uv": [51, 219], "uv_size": [1, 2]},
								"east": {"uv": [52, 219], "uv_size": [1, 2]},
								"south": {"uv": [53, 219], "uv_size": [1, 2]},
								"west": {"uv": [54, 219], "uv_size": [1, 2]},
								"up": {"uv": [166, 221], "uv_size": [1, 1]},
								"down": {"uv": [221, 168], "uv_size": [1, -1]}
							}
						},
						{
							"origin": [1, 20.59085, -36.01221],
							"size": [1, 1.3, 0.5],
							"inflate": -0.001,
							"pivot": [2, 21.89085, -36.01221],
							"rotation": [-7.82613, 7.75413, 44.46879],
							"uv": {
								"north": {"uv": [221, 150], "uv_size": [1, 1]},
								"east": {"uv": [221, 153], "uv_size": [1, 1]},
								"south": {"uv": [221, 154], "uv_size": [1, 1]},
								"west": {"uv": [221, 155], "uv_size": [1, 1]},
								"up": {"uv": [221, 156], "uv_size": [1, 1]},
								"down": {"uv": [221, 160], "uv_size": [1, -1]}
							}
						},
						{
							"origin": [-2, 20.59085, -36.01221],
							"size": [1, 1.3, 0.5],
							"inflate": -0.001,
							"pivot": [-2, 21.89085, -36.01221],
							"rotation": [-7.82613, -7.75413, -44.46879],
							"uv": {
								"north": {"uv": [221, 160], "uv_size": [1, 1]},
								"east": {"uv": [221, 161], "uv_size": [1, 1]},
								"south": {"uv": [162, 221], "uv_size": [1, 1]},
								"west": {"uv": [221, 162], "uv_size": [1, 1]},
								"up": {"uv": [163, 221], "uv_size": [1, 1]},
								"down": {"uv": [221, 165], "uv_size": [1, -1]}
							}
						},
						{
							"origin": [-2, 21.89085, -36.01221],
							"size": [1, 2.65, 0.5],
							"inflate": -0.001,
							"pivot": [-2, 21.89085, -36.01221],
							"rotation": [-11, 0, 0],
							"uv": {
								"north": {"uv": [36, 218], "uv_size": [1, 3]},
								"east": {"uv": [37, 218], "uv_size": [1, 3]},
								"south": {"uv": [38, 218], "uv_size": [1, 3]},
								"west": {"uv": [39, 218], "uv_size": [1, 3]},
								"up": {"uv": [149, 221], "uv_size": [1, 1]},
								"down": {"uv": [221, 150], "uv_size": [1, -1]}
							}
						},
						{"origin": [-1, 15.6, -36.9], "size": [2, 2, 16.4], "pivot": [0, 15.6, -20.5], "rotation": [-8.5, 0, 0], "uv": [136, 32]},
						{"origin": [-1.5, 25.8, 15], "size": [3, 1, 11], "uv": [140, 185]},
						{"origin": [-3.5, 25.8, 15], "size": [2, 1, 11], "inflate": -0.001, "pivot": [-1.5, 26.8, 16], "rotation": [0, 0, -67.5], "uv": [186, 49]},
						{"origin": [1.5, 25.8, 15], "size": [2, 1, 11], "inflate": -0.001, "pivot": [1.5, 26.8, 15], "rotation": [0, 0, 67.5], "uv": [168, 185]},
						{"origin": [2.26537, 23.95224, 16], "size": [2, 1, 10], "pivot": [2.26537, 24.95224, 16], "rotation": [0, 0, 90], "uv": [186, 85]},
						{"origin": [-1.26537, 23.95224, 16], "size": [2, 1, 10], "pivot": [-1.26537, 24.95224, 16], "rotation": [0, 0, 90], "uv": [194, 0]},
						{"origin": [-1.5, 25.8, 26], "size": [3, 1, 3], "pivot": [0, 26.8, 26], "rotation": [-15, 0, 0], "uv": [210, 61]},
						{"origin": [1.5, 25.8, 26], "size": [2, 1, 3], "inflate": -0.001, "pivot": [1.5, 26.8, 26], "rotation": [-5.58141, 14.15191, 68.39002], "uv": [74, 210]},
						{"origin": [-3.5, 25.8, 26], "size": [2, 1, 3], "inflate": -0.001, "pivot": [-1.5, 26.8, 26], "rotation": [-5.58141, -14.15191, -68.39002], "uv": [210, 74]},
						{"origin": [-1, 25.7, -34], "size": [2, 2.3, 6.7], "uv": [204, 31]},
						{"origin": [-1, 26.4, -27.3], "size": [2, 1.6, 14.8], "uv": [184, 96]},
						{
							"origin": [-1, 25.7, -13.8],
							"size": [2, 0.7, 0.8],
							"uv": {
								"north": {"uv": [55, 219], "uv_size": [2, 1]},
								"east": {"uv": [221, 168], "uv_size": [1, 1]},
								"south": {"uv": [57, 219], "uv_size": [2, 1]},
								"west": {"uv": [221, 171], "uv_size": [1, 1]},
								"up": {"uv": [64, 219], "uv_size": [2, 1]},
								"down": {"uv": [66, 220], "uv_size": [2, -1]}
							}
						},
						{
							"origin": [-1, 25.7, -15.1],
							"size": [2, 0.7, 0.8],
							"uv": {
								"north": {"uv": [68, 219], "uv_size": [2, 1]},
								"east": {"uv": [221, 172], "uv_size": [1, 1]},
								"south": {"uv": [70, 219], "uv_size": [2, 1]},
								"west": {"uv": [221, 173], "uv_size": [1, 1]},
								"up": {"uv": [72, 219], "uv_size": [2, 1]},
								"down": {"uv": [74, 220], "uv_size": [2, -1]}
							}
						},
						{
							"origin": [-1, 25.7, -17.7],
							"size": [2, 0.7, 0.8],
							"uv": {
								"north": {"uv": [219, 83], "uv_size": [2, 1]},
								"east": {"uv": [221, 176], "uv_size": [1, 1]},
								"south": {"uv": [219, 84], "uv_size": [2, 1]},
								"west": {"uv": [177, 221], "uv_size": [1, 1]},
								"up": {"uv": [85, 219], "uv_size": [2, 1]},
								"down": {"uv": [219, 87], "uv_size": [2, -1]}
							}
						},
						{
							"origin": [-1, 25.7, -16.4],
							"size": [2, 0.7, 0.8],
							"uv": {
								"north": {"uv": [78, 219], "uv_size": [2, 1]},
								"east": {"uv": [221, 174], "uv_size": [1, 1]},
								"south": {"uv": [80, 219], "uv_size": [2, 1]},
								"west": {"uv": [176, 221], "uv_size": [1, 1]},
								"up": {"uv": [82, 219], "uv_size": [2, 1]},
								"down": {"uv": [219, 83], "uv_size": [2, -1]}
							}
						},
						{
							"origin": [-1, 25.7, -22.9],
							"size": [2, 0.7, 0.8],
							"uv": {
								"north": {"uv": [219, 118], "uv_size": [2, 1]},
								"east": {"uv": [187, 221], "uv_size": [1, 1]},
								"south": {"uv": [219, 119], "uv_size": [2, 1]},
								"west": {"uv": [188, 221], "uv_size": [1, 1]},
								"up": {"uv": [124, 219], "uv_size": [2, 1]},
								"down": {"uv": [129, 220], "uv_size": [2, -1]}
							}
						},
						{
							"origin": [-1, 25.7, -21.6],
							"size": [2, 0.7, 0.8],
							"uv": {
								"north": {"uv": [219, 110], "uv_size": [2, 1]},
								"east": {"uv": [183, 221], "uv_size": [1, 1]},
								"south": {"uv": [219, 111], "uv_size": [2, 1]},
								"west": {"uv": [186, 221], "uv_size": [1, 1]},
								"up": {"uv": [219, 112], "uv_size": [2, 1]},
								"down": {"uv": [219, 118], "uv_size": [2, -1]}
							}
						},
						{
							"origin": [-1, 25.7, -20.3],
							"size": [2, 0.7, 0.8],
							"uv": {
								"north": {"uv": [219, 91], "uv_size": [2, 1]},
								"east": {"uv": [180, 221], "uv_size": [1, 1]},
								"south": {"uv": [219, 92], "uv_size": [2, 1]},
								"west": {"uv": [182, 221], "uv_size": [1, 1]},
								"up": {"uv": [93, 219], "uv_size": [2, 1]},
								"down": {"uv": [95, 220], "uv_size": [2, -1]}
							}
						},
						{
							"origin": [-1, 25.7, -19],
							"size": [2, 0.7, 0.8],
							"uv": {
								"north": {"uv": [219, 87], "uv_size": [2, 1]},
								"east": {"uv": [221, 177], "uv_size": [1, 1]},
								"south": {"uv": [219, 88], "uv_size": [2, 1]},
								"west": {"uv": [179, 221], "uv_size": [1, 1]},
								"up": {"uv": [89, 219], "uv_size": [2, 1]},
								"down": {"uv": [219, 91], "uv_size": [2, -1]}
							}
						},
						{
							"origin": [-1, 25.7, -26.8],
							"size": [2, 0.7, 0.8],
							"uv": {
								"north": {"uv": [166, 219], "uv_size": [2, 1]},
								"east": {"uv": [193, 221], "uv_size": [1, 1]},
								"south": {"uv": [176, 219], "uv_size": [2, 1]},
								"west": {"uv": [221, 193], "uv_size": [1, 1]},
								"up": {"uv": [178, 219], "uv_size": [2, 1]},
								"down": {"uv": [180, 220], "uv_size": [2, -1]}
							}
						},
						{
							"origin": [-1, 25.7, -25.5],
							"size": [2, 0.7, 0.8],
							"uv": {
								"north": {"uv": [141, 219], "uv_size": [2, 1]},
								"east": {"uv": [221, 191], "uv_size": [1, 1]},
								"south": {"uv": [145, 219], "uv_size": [2, 1]},
								"west": {"uv": [192, 221], "uv_size": [1, 1]},
								"up": {"uv": [162, 219], "uv_size": [2, 1]},
								"down": {"uv": [164, 220], "uv_size": [2, -1]}
							}
						},
						{
							"origin": [-1, 25.7, -24.2],
							"size": [2, 0.7, 0.8],
							"uv": {
								"north": {"uv": [131, 219], "uv_size": [2, 1]},
								"east": {"uv": [189, 221], "uv_size": [1, 1]},
								"south": {"uv": [133, 219], "uv_size": [2, 1]},
								"west": {"uv": [221, 190], "uv_size": [1, 1]},
								"up": {"uv": [137, 219], "uv_size": [2, 1]},
								"down": {"uv": [139, 220], "uv_size": [2, -1]}
							}
						},
						{"origin": [-1, 25.7, -12.5], "size": [2, 1.2, 9.6], "uv": [140, 197]},
						{"origin": [-1, 26.9, -5.4], "size": [2, 1.5, 2.5], "uv": [212, 135]},
						{
							"origin": [0.7, 26.8, -6.2],
							"size": [0.5, 2, 3.5],
							"uv": {
								"north": {"uv": [87, 219], "uv_size": [1, 2]},
								"east": {"uv": [138, 216], "uv_size": [4, 2]},
								"south": {"uv": [91, 219], "uv_size": [1, 2]},
								"west": {"uv": [142, 216], "uv_size": [4, 2]},
								"up": {"uv": [139, 201], "uv_size": [1, 4]},
								"down": {"uv": [28, 221], "uv_size": [1, -4]}
							}
						},
						{
							"origin": [0.7, 26.8, -7.7],
							"size": [0.5, 1, 1.5],
							"inflate": -0.001,
							"pivot": [1.2, 26.8, -6.2],
							"rotation": [-45, 0, 0],
							"uv": {
								"north": {"uv": [221, 206], "uv_size": [1, 1]},
								"east": {"uv": [204, 219], "uv_size": [2, 1]},
								"south": {"uv": [207, 221], "uv_size": [1, 1]},
								"west": {"uv": [219, 205], "uv_size": [2, 1]},
								"up": {"uv": [202, 219], "uv_size": [1, 2]},
								"down": {"uv": [206, 221], "uv_size": [1, -2]}
							}
						},
						{
							"origin": [-1.2, 26.8, -7.7],
							"size": [0.5, 1, 1.5],
							"inflate": -0.001,
							"pivot": [-0.7, 26.8, -6.2],
							"rotation": [-45, 0, 0],
							"uv": {
								"north": {"uv": [221, 207], "uv_size": [1, 1]},
								"east": {"uv": [219, 206], "uv_size": [2, 1]},
								"south": {"uv": [208, 221], "uv_size": [1, 1]},
								"west": {"uv": [219, 207], "uv_size": [2, 1]},
								"up": {"uv": [208, 219], "uv_size": [1, 2]},
								"down": {"uv": [209, 221], "uv_size": [1, -2]}
							}
						},
						{
							"origin": [0.7, 27.3, -14.7],
							"size": [0.5, 1.5, 3],
							"uv": {
								"north": {"uv": [182, 219], "uv_size": [1, 2]},
								"east": {"uv": [196, 216], "uv_size": [3, 2]},
								"south": {"uv": [183, 219], "uv_size": [1, 2]},
								"west": {"uv": [199, 216], "uv_size": [3, 2]},
								"up": {"uv": [40, 218], "uv_size": [1, 3]},
								"down": {"uv": [41, 221], "uv_size": [1, -3]}
							}
						},
						{
							"origin": [0.7, 27.3, -11.7],
							"size": [0.5, 0.5, 0.7],
							"inflate": -0.001,
							"pivot": [1.2, 27.3, -11.7],
							"rotation": [47.5, 0, 0],
							"uv": {
								"north": {"uv": [200, 221], "uv_size": [1, 1]},
								"east": {"uv": [221, 200], "uv_size": [1, 1]},
								"south": {"uv": [201, 221], "uv_size": [1, 1]},
								"west": {"uv": [221, 201], "uv_size": [1, 1]},
								"up": {"uv": [202, 221], "uv_size": [1, 1]},
								"down": {"uv": [221, 203], "uv_size": [1, -1]}
							}
						},
						{
							"origin": [-1.2, 27.3, -11.7],
							"size": [0.5, 0.5, 0.7],
							"inflate": -0.001,
							"pivot": [-0.7, 27.3, -11.7],
							"rotation": [47.5, 0, 0],
							"uv": {
								"north": {"uv": [203, 221], "uv_size": [1, 1]},
								"east": {"uv": [221, 203], "uv_size": [1, 1]},
								"south": {"uv": [204, 221], "uv_size": [1, 1]},
								"west": {"uv": [205, 221], "uv_size": [1, 1]},
								"up": {"uv": [221, 205], "uv_size": [1, 1]},
								"down": {"uv": [206, 222], "uv_size": [1, -1]}
							}
						},
						{
							"origin": [-1.2, 27.8, -11.7],
							"size": [2.4, 1, 5.5],
							"uv": {
								"north": {"uv": [219, 201], "uv_size": [2, 1]},
								"east": {"uv": [36, 217], "uv_size": [5, 1]},
								"south": {"uv": [219, 202], "uv_size": [2, 1]},
								"west": {"uv": [41, 217], "uv_size": [5, 1]},
								"up": {"uv": [29, 216], "uv_size": [2, 5]},
								"down": {"uv": [31, 221], "uv_size": [2, -5]}
							}
						},
						{
							"origin": [0.7, 27.3, -16.5],
							"size": [0.5, 1, 1.8],
							"uv": {
								"north": {"uv": [198, 221], "uv_size": [1, 1]},
								"east": {"uv": [188, 219], "uv_size": [2, 1]},
								"south": {"uv": [221, 198], "uv_size": [1, 1]},
								"west": {"uv": [190, 219], "uv_size": [2, 1]},
								"up": {"uv": [192, 219], "uv_size": [1, 2]},
								"down": {"uv": [219, 194], "uv_size": [1, -2]}
							}
						},
						{
							"origin": [-1.2, 28.3, -16.5],
							"size": [2.4, 0.5, 1.8],
							"inflate": -0.001,
							"pivot": [1.2, 28.8, -14.7],
							"rotation": [15.5, 0, 0],
							"uv": {
								"north": {"uv": [197, 219], "uv_size": [2, 1]},
								"east": {"uv": [219, 198], "uv_size": [2, 1]},
								"south": {"uv": [200, 219], "uv_size": [2, 1]},
								"west": {"uv": [219, 200], "uv_size": [2, 1]},
								"up": {"uv": [162, 217], "uv_size": [2, 2]},
								"down": {"uv": [164, 219], "uv_size": [2, -2]}
							}
						},
						{
							"origin": [-1.2, 27.3, -16.5],
							"size": [0.5, 1, 1.8],
							"uv": {
								"north": {"uv": [199, 221], "uv_size": [1, 1]},
								"east": {"uv": [193, 219], "uv_size": [2, 1]},
								"south": {"uv": [221, 199], "uv_size": [1, 1]},
								"west": {"uv": [219, 194], "uv_size": [2, 1]},
								"up": {"uv": [196, 219], "uv_size": [1, 2]},
								"down": {"uv": [219, 198], "uv_size": [1, -2]}
							}
						},
						{
							"origin": [-1.2, 27.3, -14.7],
							"size": [0.5, 1.5, 3],
							"uv": {
								"north": {"uv": [186, 219], "uv_size": [1, 2]},
								"east": {"uv": [202, 216], "uv_size": [3, 2]},
								"south": {"uv": [187, 219], "uv_size": [1, 2]},
								"west": {"uv": [205, 216], "uv_size": [3, 2]},
								"up": {"uv": [42, 218], "uv_size": [1, 3]},
								"down": {"uv": [43, 221], "uv_size": [1, -3]}
							}
						},
						{
							"origin": [-0.7, 28.3, -14.7],
							"size": [1.4, 0.5, 3],
							"uv": {
								"north": {"uv": [221, 208], "uv_size": [1, 1]},
								"east": {"uv": [218, 30], "uv_size": [3, 1]},
								"south": {"uv": [209, 221], "uv_size": [1, 1]},
								"west": {"uv": [50, 218], "uv_size": [3, 1]},
								"up": {"uv": [44, 218], "uv_size": [1, 3]},
								"down": {"uv": [45, 221], "uv_size": [1, -3]}
							}
						},
						{
							"origin": [-1.2, 26.8, -6.2],
							"size": [0.5, 2, 3.5],
							"uv": {
								"north": {"uv": [126, 219], "uv_size": [1, 2]},
								"east": {"uv": [146, 216], "uv_size": [4, 2]},
								"south": {"uv": [147, 219], "uv_size": [1, 2]},
								"west": {"uv": [216, 163], "uv_size": [4, 2]},
								"up": {"uv": [97, 217], "uv_size": [1, 4]},
								"down": {"uv": [98, 221], "uv_size": [1, -4]}
							}
						},
						{
							"origin": [-0.7, 27.9, -6.2],
							"size": [1.4, 0.9, 3.5],
							"uv": {
								"north": {"uv": [194, 221], "uv_size": [1, 1]},
								"east": {"uv": [99, 217], "uv_size": [4, 1]},
								"south": {"uv": [221, 194], "uv_size": [1, 1]},
								"west": {"uv": [217, 106], "uv_size": [4, 1]},
								"up": {"uv": [217, 107], "uv_size": [1, 4]},
								"down": {"uv": [217, 115], "uv_size": [1, -4]}
							}
						},
						{
							"origin": [0.4, 28.8, -14.3],
							"size": [0.3, 0.6, 9.3],
							"uv": {
								"north": {"uv": [221, 209], "uv_size": [1, 1]},
								"east": {"uv": [216, 102], "uv_size": [9, 1]},
								"south": {"uv": [210, 221], "uv_size": [1, 1]},
								"west": {"uv": [216, 103], "uv_size": [9, 1]},
								"up": {"uv": [60, 216], "uv_size": [1, 9]},
								"down": {"uv": [61, 225], "uv_size": [1, -9]}
							}
						},
						{
							"origin": [0.4, 28.6, -5],
							"size": [0.3, 0.8, 1],
							"inflate": -0.001,
							"pivot": [0.7, 29.4, -5],
							"rotation": [-47.5, 0, 0],
							"uv": {
								"north": {"uv": [221, 211], "uv_size": [1, 1]},
								"east": {"uv": [212, 221], "uv_size": [1, 1]},
								"south": {"uv": [221, 212], "uv_size": [1, 1]},
								"west": {"uv": [213, 221], "uv_size": [1, 1]},
								"up": {"uv": [221, 213], "uv_size": [1, 1]},
								"down": {"uv": [221, 215], "uv_size": [1, -1]}
							}
						},
						{
							"origin": [-0.7, 28.8, -14.3],
							"size": [0.3, 0.6, 9.3],
							"uv": {
								"north": {"uv": [221, 218], "uv_size": [1, 1]},
								"east": {"uv": [216, 115], "uv_size": [9, 1]},
								"south": {"uv": [219, 221], "uv_size": [1, 1]},
								"west": {"uv": [216, 116], "uv_size": [9, 1]},
								"up": {"uv": [112, 216], "uv_size": [1, 9]},
								"down": {"uv": [113, 225], "uv_size": [1, -9]}
							}
						},
						{
							"origin": [-0.7, 28.6, -5],
							"size": [0.3, 0.8, 1],
							"inflate": -0.001,
							"pivot": [-0.4, 29.4, -5],
							"rotation": [-47.5, 0, 0],
							"uv": {
								"north": {"uv": [221, 215], "uv_size": [1, 1]},
								"east": {"uv": [216, 221], "uv_size": [1, 1]},
								"south": {"uv": [221, 216], "uv_size": [1, 1]},
								"west": {"uv": [217, 221], "uv_size": [1, 1]},
								"up": {"uv": [221, 217], "uv_size": [1, 1]},
								"down": {"uv": [218, 222], "uv_size": [1, -1]}
							}
						},
						{
							"origin": [-0.4, 28.5, -5],
							"size": [0.8, 0.8, 1],
							"pivot": [0, 29.3, -5],
							"rotation": [-47.5, 0, 0],
							"uv": {
								"north": {"uv": [221, 219], "uv_size": [1, 1]},
								"east": {"uv": [220, 221], "uv_size": [1, 1]},
								"south": {"uv": [221, 220], "uv_size": [1, 1]},
								"west": {"uv": [221, 221], "uv_size": [1, 1]},
								"up": {"uv": [0, 222], "uv_size": [1, 1]},
								"down": {"uv": [222, 1], "uv_size": [1, -1]}
							}
						},
						{
							"origin": [-0.4, 28.8, -14.3],
							"size": [0.8, 0.5, 9.3],
							"uv": {
								"north": {"uv": [221, 210], "uv_size": [1, 1]},
								"east": {"uv": [216, 104], "uv_size": [9, 1]},
								"south": {"uv": [211, 221], "uv_size": [1, 1]},
								"west": {"uv": [216, 105], "uv_size": [9, 1]},
								"up": {"uv": [103, 216], "uv_size": [1, 9]},
								"down": {"uv": [216, 115], "uv_size": [1, -9]}
							}
						},
						{
							"origin": [-0.4, 27.7, -33.7],
							"size": [0.8, 0.5, 2.8],
							"uv": {
								"north": {"uv": [1, 222], "uv_size": [1, 1]},
								"east": {"uv": [53, 218], "uv_size": [3, 1]},
								"south": {"uv": [222, 1], "uv_size": [1, 1]},
								"west": {"uv": [56, 218], "uv_size": [3, 1]},
								"up": {"uv": [62, 218], "uv_size": [1, 3]},
								"down": {"uv": [63, 221], "uv_size": [1, -3]}
							}
						},
						{
							"origin": [-0.4, 27.7, -28.9],
							"size": [0.8, 0.5, 1.4],
							"uv": {
								"north": {"uv": [8, 222], "uv_size": [1, 1]},
								"east": {"uv": [222, 8], "uv_size": [1, 1]},
								"south": {"uv": [9, 222], "uv_size": [1, 1]},
								"west": {"uv": [222, 9], "uv_size": [1, 1]},
								"up": {"uv": [10, 222], "uv_size": [1, 1]},
								"down": {"uv": [222, 11], "uv_size": [1, -1]}
							}
						},
						{
							"origin": [-0.4, 27.7, -30.5],
							"size": [0.8, 0.5, 0.5],
							"uv": {
								"north": {"uv": [2, 222], "uv_size": [1, 1]},
								"east": {"uv": [222, 2], "uv_size": [1, 1]},
								"south": {"uv": [3, 222], "uv_size": [1, 1]},
								"west": {"uv": [222, 3], "uv_size": [1, 1]},
								"up": {"uv": [4, 222], "uv_size": [1, 1]},
								"down": {"uv": [222, 5], "uv_size": [1, -1]}
							}
						},
						{
							"origin": [-0.4, 27.7, -29.7],
							"size": [0.8, 0.5, 0.5],
							"uv": {
								"north": {"uv": [5, 222], "uv_size": [1, 1]},
								"east": {"uv": [222, 5], "uv_size": [1, 1]},
								"south": {"uv": [6, 222], "uv_size": [1, 1]},
								"west": {"uv": [222, 6], "uv_size": [1, 1]},
								"up": {"uv": [7, 222], "uv_size": [1, 1]},
								"down": {"uv": [222, 8], "uv_size": [1, -1]}
							}
						},
						{
							"origin": [-0.6, 28.2, -3.4],
							"size": [1.2, 0.2, 1],
							"uv": {
								"north": {"uv": [195, 221], "uv_size": [1, 1]},
								"east": {"uv": [221, 195], "uv_size": [1, 1]},
								"south": {"uv": [196, 221], "uv_size": [1, 1]},
								"west": {"uv": [221, 196], "uv_size": [1, 1]},
								"up": {"uv": [197, 221], "uv_size": [1, 1]},
								"down": {"uv": [221, 198], "uv_size": [1, -1]}
							}
						},
						{"origin": [-1, 27, -12.5], "size": [2, 1, 1.6], "inflate": -0.001, "pivot": [0, 28, -12.5], "rotation": [-46.5, 0, 0], "uv": [92, 214]},
						{"origin": [-0.8, 25.7, -27.3], "size": [1.6, 1.2, 14.8], "uv": [0, 185]},
						{
							"origin": [-1.2, 26, -10.7],
							"size": [2.4, 1.1, 1.6],
							"uv": {
								"north": {"uv": [219, 209], "uv_size": [2, 1]},
								"east": {"uv": [219, 210], "uv_size": [2, 1]},
								"south": {"uv": [219, 211], "uv_size": [2, 1]},
								"west": {"uv": [219, 213], "uv_size": [2, 1]},
								"up": {"uv": [166, 217], "uv_size": [2, 2]},
								"down": {"uv": [176, 219], "uv_size": [2, -2]}
							}
						},
						{
							"origin": [-1.5, 25.8, -10.7],
							"size": [3, 0.2, 1.6],
							"uv": {
								"north": {"uv": [64, 218], "uv_size": [3, 1]},
								"east": {"uv": [219, 214], "uv_size": [2, 1]},
								"south": {"uv": [67, 218], "uv_size": [3, 1]},
								"west": {"uv": [216, 219], "uv_size": [2, 1]},
								"up": {"uv": [208, 216], "uv_size": [3, 2]},
								"down": {"uv": [211, 218], "uv_size": [3, -2]}
							}
						},
						{"origin": [-2.1, 21.9, -11.2], "size": [4.2, 2.6, 2.6], "uv": [0, 210]},
						{
							"origin": [1.59082, 24.43796, -10.7],
							"size": [0.2, 1.6, 1.6],
							"inflate": -0.001,
							"pivot": [1.74082, 25.28796, -9.9],
							"rotation": [0, 0, -22.5],
							"uv": {
								"north": {"uv": [210, 219], "uv_size": [1, 2]},
								"east": {"uv": [178, 217], "uv_size": [2, 2]},
								"south": {"uv": [218, 219], "uv_size": [1, 2]},
								"west": {"uv": [180, 217], "uv_size": [2, 2]},
								"up": {"uv": [219, 219], "uv_size": [1, 2]},
								"down": {"uv": [0, 222], "uv_size": [1, -2]}
							}
						},
						{
							"origin": [-2.04337, 24.4683, -10.7],
							"size": [0.2, 1.6, 1.6],
							"inflate": -0.001,
							"pivot": [-1.94337, 24.6683, -4.7],
							"rotation": [0, 0, 22.5],
							"uv": {
								"north": {"uv": [1, 220], "uv_size": [1, 2]},
								"east": {"uv": [182, 217], "uv_size": [2, 2]},
								"south": {"uv": [2, 220], "uv_size": [1, 2]},
								"west": {"uv": [217, 213], "uv_size": [2, 2]},
								"up": {"uv": [4, 220], "uv_size": [1, 2]},
								"down": {"uv": [220, 6], "uv_size": [1, -2]}
							}
						},
						{"origin": [-1.7, 10.8, 33.6], "size": [3.4, 3, 2], "uv": [184, 197]},
						{"origin": [-1.7, 13.8, 33.6], "size": [3.4, 10, 1.6], "uv": [176, 206]},
						{"origin": [-1.4, 24.5, 32.6], "size": [2.8, 1.5, 3.5], "uv": [210, 78]},
						{"origin": [-2.1, 21.9, 35.1], "size": [4.2, 1.5, 1], "inflate": -0.001, "pivot": [0, 23.4, 36.1], "rotation": [-45, 0, 0], "uv": [34, 183]},
						{"origin": [-2.4, 26, 18.5], "size": [4.8, 2, 2], "inflate": -0.5, "pivot": [0, 27, 19.5], "rotation": [-45, 0, 0], "uv": [62, 210]},
						{"origin": [-1, 25.7, 19.2], "size": [2, 2, 1.2], "uv": [210, 213]},
						{"origin": [-0.5, 25.7, 29.5], "size": [1, 1, 2], "uv": [62, 214]},
						{"origin": [-0.6, 25.3, 30], "size": [1.2, 1, 2], "uv": [68, 214]},
						{"origin": [-1, 25.7, 20.4], "size": [2, 2, 1.7], "inflate": -0.0001, "pivot": [0, 27.7, 20.4], "rotation": [-22.5, 0, 0], "uv": [0, 214]},
						{"origin": [-1.7, 18, -11], "size": [3.4, 2.5, 5], "uv": [204, 149]},
						{"origin": [-1.7, 20.5, -8.5], "size": [3.4, 1.5, 1.4], "uv": [212, 176]},
						{"origin": [-1.4, 16.2, -9.6], "size": [2.8, 1.8, 2.5], "uv": [212, 170]},
						{"origin": [-1.1, 15.8, -11.5], "size": [2.2, 3.1, 1.9], "uv": [162, 213]},
						{"origin": [-1.4, 15.1, -7.1], "size": [2.8, 3.8, 1.6], "uv": [212, 209]},
						{"origin": [-1.7, 17, -9.5], "size": [3.4, 1, 1], "uv": [44, 183]},
						{"origin": [-1, 14.6, -9.2], "size": [2, 2, 2], "inflate": -0.4, "pivot": [0, 15.6, -8.2], "rotation": [0, -45, 0], "uv": [212, 49]}
					]
				},
				{
					"name": "bolt",
					"parent": "gun",
					"pivot": [3, 26.2, 0.6],
					"cubes": [
						{"origin": [1, 24.7, 0.1], "size": [2, 1, 1], "inflate": -0.3, "pivot": [1.3, 25.2, 0.6], "rotation": [45, 0, -30], "uv": [138, 214]},
						{"origin": [1.8, 24.7, 0.1], "size": [2, 1, 1], "inflate": -0.2, "pivot": [1.3, 25.2, 0.6], "rotation": [45, 0, -30], "uv": [144, 214]},
						{"origin": [0.3, 24.7, 0], "size": [1, 1, 9], "pivot": [1.3, 25.7, 1], "rotation": [0, 0, -23.5], "uv": [50, 199]}
					]
				},
				{
					"name": "glow",
					"parent": "gun",
					"pivot": [0, 18.15, -9.05],
					"cubes": [
						{"origin": [-2, 17.65, -9.55], "size": [4, 1, 1], "inflate": -0.2, "pivot": [0, 18.15, -9.05], "rotation": [-45, 0, 0], "uv": [212, 59]}
					]
				},
				{
					"name": "glowy",
					"parent": "gun",
					"pivot": [0, 25.9, -2.8],
					"cubes": [
						{"origin": [-0.6, 25.9, -3.8], "size": [1.2, 1.9, 1], "uv": [48, 174]}
					]
				},
				{
					"name": "magazine",
					"parent": "main",
					"pivot": [0, 10, 23],
					"cubes": [
						{"origin": [-1.5, 9.4, 16.4], "size": [3, 1.8, 13.5], "uv": [184, 111]},
						{"origin": [-1.5, 11.2, 26.9], "size": [3, 4, 3], "uv": [50, 209]},
						{"origin": [-1.5, 10.7, 26.9], "size": [3, 4.5, 1.5], "inflate": -0.001, "pivot": [0, 15.2, 26.9], "rotation": [-20, 0, 0], "uv": [104, 210]},
						{"origin": [-1.2, 11, 16.9], "size": [2.4, 11, 8], "uv": [30, 185]},
						{"origin": [-1.2, 12, 24.9], "size": [2.4, 5, 5], "inflate": -0.001, "pivot": [0, 17, 24.9], "rotation": [-40, 0, 0], "uv": [36, 204]}
					]
				},
				{
					"name": "bullet",
					"parent": "magazine",
					"pivot": [0, 22, 24.9],
					"cubes": [
						{"origin": [-1.2, 20.9, 16.9], "size": [2, 2, 8], "inflate": -0.4, "pivot": [-0.2, 21.9, 23.9], "rotation": [0, 0, 22.5], "uv": [0, 200]}
					]
				},
				{
					"name": "rightarm",
					"parent": "main",
					"pivot": [-1, 14, 1],
					"rotation": [-100.88852, -16.41371, 6.15491],
					"cubes": [
						{"origin": [-5, 10, -3], "size": [8, 24, 8], "uv": [162, 0]}
					]
				},
				{
					"name": "leftarm",
					"parent": "main",
					"pivot": [2, 14, -25],
					"rotation": [-114.98681, 16.63638, -18.37806],
					"cubes": [
						{"origin": [-2, 10, -29], "size": [8, 24, 8], "uv": [52, 167]}
					]
				},
				{
					"name": "muzzleflash",
					"parent": "main",
					"pivot": [0, 23, -61.2],
					"cubes": [
						{"origin": [-0.5, 22.5, -61.7], "size": [1, 1, 1], "inflate": -0.4, "uv": [27, 69]}
					]
				},
				{
					"name": "scope",
					"parent": "main",
					"pivot": [8, 32, 0.9],
					"cubes": [
						{"origin": [7.5, 31.5, 0.4], "size": [1, 1, 1], "inflate": -0.4, "uv": [27, 69]}
					]
				},
				{
					"name": "_cb_scope",
					"parent": "main",
					"pivot": [0, 29, -10],
					"cubes": [
						{"origin": [-1, 28, -11], "size": [2, 2, 2], "uv": [0, 4]}
					]
				},
				{
					"name": "reticle",
					"parent": "main",
					"pivot": [8, 32, -24.5],
					"cubes": [
						{"origin": [7.5, 31.5, -25], "size": [1, 1, 1], "uv": [2, 5]}
					]
				},
				{
					"name": "_camera_",
					"pivot": [8, 32, 15]
				}
			]
		}
	]
}