{
  "name": "ggo_kagemitsu",
  "type": "Gun",
  "maxAmmoCapacity" : "infinite",
  "compatibleAmmo" : [
    "ammocreative"
  ],
  "drawCooldownDuration" : 1270,
  "fireSound" : "ggo_kagemitsu_swing",
  "damage": 21.0,
  "rpm": 214,
  "gunRecoilInitialAmplitude" : 0.0,
  "shakeRecoilAmplitude" : 0.0,
  "shakeRecoilSpeed" : 0.0,
  "viewRecoilAmplitude" : 0,
  "inspectCooldownDuration": 2330,
  "aimingEnabled": false,
  "completeFireCooldownDuration": 570,
  "glowingParts": [
    {
      "name": "glowy",
      "texture": "textures/effect/ggo_purpleblade.png",
      "direction": "north"
    },
    {
      "name": "glowy2",
      "texture": "textures/effect/ggo_purpleblade.png",
      "direction": "north"
    }
  ],
  "idleAnimations": [
    {
      "name": "animation.model.idle",
      "duration": 820
    }
  ],
  "features": [
    {
      "type": "FireMode",
      "fireModes": [
        {
          "name": "ggo_melee",
          "displayName": "label.pointblank.fireMode.ggo_melee",
          "type": "AUTOMATIC",
          "rpm": 214,
          "damage": 7.0,
          "maxShootingDistance": 4.5,
          "prepareFireAnimations": [
            {
              "name": "animation.model.preparefire",
              "duration": 170
            }
          ],
          "fireAnimations": [
            {
              "name": "animation.model.fire",
              "condition": "random"
            },
            {
              "name": "animation.model.fire2",
              "condition": "random"
            },
            {
              "name": "animation.model.fire3",
              "condition": "random"
            },
            {
              "name": "animation.model.fire4",
              "condition": "random"
            },
            {
              "name": "animation.model.fire5",
              "condition": "random"
            }
          ]
        }
      ]
    }
  ]
}