{
  "name": "ggo_fiveseven",
  "type": "Gun",
  "maxAmmoCapacity": 20,
  "compatibleAmmo": [
    "ammocreative",
    "ammo57"
  ],
  "damage": 5.5,
  "fireSound": "ggo_fiveseven",
  "fireModes" : ["SINGLE"],
  "rpm": 750,
  "gunRecoilInitialAmplitude": 0.8,
  "shakeRecoilAmplitude": 0.35,
  "shakeRecoilSpeed": 3,
  "viewRecoilAmplitude": 3,
  "glowingParts": [
    {
      "name": "glowy"
    }
  ],
  "compatibleAttachmentGroups": [
    "smg_suppressors",
    "smg_muzzle",
    "hg_sights"
  ],
  "features": [
    {
      "type": "MuzzleFlash",
      "effects": [
        {
          "phase": "firing",
          "name": "muzzle_flash"
        }
      ],
      "condition": {
        "allOf": [
          {
            "isUsingDefaultMuzzle": true
          },
          {
            "doesNotHaveAttachmentGroup": "smg_suppressors"
          }
        ]
      }
    },
    {
      "type": "PartVisibility",
      "parts": [
        {
          "name": "sightmount",
          "visible": true,
          "condition": {
            "hasAttachmentGroup": "hg_sights"
          }
        }
      ]
    },
    {
      "type": "Aiming",
      "zoom": 0.25,
      "condition": {
        "doesNotHaveAttachmentGroup": "hg_sights"
      }
    },
    {
      "type": "Sound",
      "fireSounds": [
        {
          "sound": "ggo_fivesevensilenced",
          "volume": 1,
          "condition": {
                "hasAttachmentGroup": "smg_suppressors"
          }
        }
      ]
    }
  ],
  "phasedReloads": [
    {
      "phase": "RELOADING",
      "condition": "reloadIterationIndex > 0",
      "duration": 1550,
      "animation": "animation.model.reload"
    },
    {
      "phase": "RELOADING",
      "condition": "reloadIterationIndex == 0",
      "duration": 1880,
      "animation": "animation.model.reloadempty"
    }
  ],
  "effects": [
    {
      "phase": "hit_scan_acquired",
      "name": "tracer"
    }
  ],
  "fireAnimations": [
    {
      "name": "animation.model.fire",
      "condition": "random"
    },
    {
      "name": "animation.model.fireright",
      "condition": "random"
    },
    {
      "name": "animation.model.fireleft",
      "condition": "random"
    }
  ],
  "inspectAnimations": [
    {
      "name": "animation.model.inspect",
      "duration": 4370,
      "condition": "ammoCount > 0"
    },
    {
      "name": "animation.model.inspectempty",
      "duration": 4370,
      "condition": "ammoCount == 0"
    }
  ],
  "idleAnimations": [
    {
      "name": "animation.model.idle",
      "duration": 100,
      "condition": "ammoCount > 0"
    },
    {
      "name": "animation.model.idleempty",
      "duration": 100,
      "condition": "ammoCount == 0"
    }
  ],
  "drawAnimations": [
    {
      "name": "animation.model.draw",
      "duration": 570,
      "condition": "ammoCount > 0"
    },
    {
      "name": "animation.model.drawempty",
      "duration": 570,
      "condition": "ammoCount == 0"
    }
  ]
}