{
  "name": "ggo_pchan",
  "type": "Gun",
  "maxAmmoCapacity": 50,
  "compatibleAmmo": [
    "ammocreative",
    "ammo57"
  ],
  "damage": 3.5,
  "fireSound": "p90",
  "fireModes": [
    "SINGLE"
  ],
  "rpm": 800,
  "drawCooldownDuration": 570,
  "gunRecoilInitialAmplitude": 0.5,
  "shakeRecoilAmplitude": 0.35,
  "shakeRecoilSpeed": 2,
  "viewRecoilAmplitude": 1.2,
  "compatibleAttachmentGroups": [
    "cantedrail",
    "ar_sightsandscopes",
    "underbarrel",
    "smg_muzzle"
  ],
  "compatibleAttachments": [
    "cantedrail"
  ],
  "features": [
    {
      "type": "Reticle",
      "texture": "textures/item/ggo_reddot.png",
      "parallax": true,
      "maxAngularOffset": 5,
      "condition": {
            "doesNotHaveAttachmentGroup": "m16_sightsandscopes"
          }
    },
    {
      "type": "MuzzleFlash",
      "effects": [
        {
          "phase": "firing",
          "name": "muzzle_flash_big"
        }
      ],
      "condition": {
        "allOf": [
          {
            "isUsingDefaultMuzzle": true
          },
          {
            "doesNotHaveAttachmentGroup": "smg_suppressors"
          }
        ]
      }
    },
    {
      "type": "Sound",
      "fireSounds": [
        {
          "sound": "p90_silenced",
          "volume": 1,
          "condition": {
            "allOf": [
              {
                "unselectedFireMode": "grenade"
              },
              {
                "hasAttachmentGroup": "smg_suppressors"
              }
            ]
          }
        }
      ]
    },
    {
      "type": "PartVisibility",
      "parts": [
        {
          "name": "upperrail",
          "visible": true,
          "condition": {
            "hasAttachmentGroup": "m16_sightsandscopes"
          }
        },
        {
          "name": "underrail",
          "visible": true,
          "condition": {
            "hasAttachmentGroup": "underbarrel"
          }
        },
        {
          "name": "reddotsight",
          "visible": false,
          "condition": {
            "hasAttachmentGroup": "m16_sightsandscopes"
          }
        },
        {
          "name": "p90grip",
          "visible": false,
          "condition": {
            "hasAttachmentGroup": "underbarrel"
          }
        }
      ]
    },
    {
      "type": "Aiming",
      "zoom": 0.3,
      "condition": {
        "doesNotHaveAttachmentGroup": "m16_sightsandscopes"
      }
    },
    {
      "type": "FireMode",
      "fireModes": [
        {
          "name": "automatic",
          "displayName": "label.pointblank.fireMode.automatic",
          "type": "AUTOMATIC",
          "rpm": 950,
          "damage": 3,
          "animationName": "animation.model.fire",
          "shakeRecoilAmplitude": 0.35,
          "shakeRecoilSpeed": 2.0,
          "shakeRecoilDuration": 350,
          "enableFireModeAnimations": [
            {
              "name": "animation.model.switch",
              "duration": 470
            }
          ]
        },
        {
          "name": "single",
          "displayName": "label.pointblank.fireMode.single",
          "type": "SINGLE",
          "rpm": 950,
          "damage": 3,
          "animationName": "animation.model.fire",
          "shakeRecoilAmplitude": 0.35,
          "shakeRecoilSpeed": 2.0,
          "shakeRecoilDuration": 350,
          "enableFireModeAnimations": [
            {
              "name": "animation.model.switch",
              "duration": 470
            }
          ]
        }
      ]
    }
  ],
  "phasedReloads": [
    {
      "phase": "RELOADING",
      "condition": "reloadIterationIndex > 0",
      "duration": 1970,
      "animation": "animation.model.reload"
    },
    {
      "phase": "RELOADING",
      "condition": "reloadIterationIndex == 0",
      "duration": 2530,
      "animation": "animation.model.reloadempty"
    }
  ],
  "effects": [
    {
      "phase": "hit_scan_acquired",
      "name": "tracer"
    }
  ],
  "inspectAnimations": [
    {
      "name": "animation.model.inspect",
      "duration": 3870
    }
  ]
}