{
  "name": "ggo_migita",
  "type": "Gun",
  "maxAmmoCapacity": 6,
  "maxAmmoPerReloadIteration": 1,
  "compatibleAmmo": [
    "ammocreative",
    "grenade40mm"
  ],
  "damage": 5,
  "rpm": 111,
  "fireModes": [
    "SINGLE"
  ],
  "fireSound": "mgl_shoot",
  "drawCooldownDuration": 820,
  "aimingZoom": 0.25,
  "gunRecoilInitialAmplitude": 0.1,
  "shakeRecoilAmplitude": 2,
  "shakeRecoilSpeed": 2,
  "viewRecoilAmplitude": 3,
  "inspectCooldownDuration": 3870,
  "compatibleAttachmentGroups": [
    "ar_sightsandscopes"
  ],
  "features": [
    {
      "type": "PartVisibility",
      "parts": [
        {
          "name": "rail",
          "visible": true,
          "condition": {
            "hasAttachmentGroup": "ar_sightsandscopes"
          }
        }
      ]
    },
    {
      "type": "Aiming",
      "zoom": 0.25,
      "condition": {
        "doesNotHaveAttachmentGroup": "ar_sightsandscopes"
      }
    }
  ],
  "phasedReloads": [
    {
      "phase": "PREPARING",
      "duration": 1380,
      "animation": "animation.model.prepare"
    },
    {
      "phase": "RELOADING",
      "condition": "reloadIterationIndex == 0",
      "duration": 970,
      "animation": "animation.model.load1"
    },
    {
      "phase": "RELOADING",
      "condition": "reloadIterationIndex == 1",
      "duration": 970,
      "animation": "animation.model.load2"
    },
    {
      "phase": "RELOADING",
      "condition": "reloadIterationIndex == 2",
      "duration": 970,
      "animation": "animation.model.load3"
    },
    {
      "phase": "RELOADING",
      "condition": "reloadIterationIndex == 3",
      "duration": 970,
      "animation": "animation.model.load4"
    },
    {
      "phase": "RELOADING",
      "condition": "reloadIterationIndex == 4",
      "duration": 970,
      "animation": "animation.model.load5"
    },
    {
      "phase": "RELOADING",
      "condition": "reloadIterationIndex == 5",
      "duration": 970,
      "animation": "animation.model.load6"
    },
    {
      "phase": "COMPLETETING",
      "condition": "reloadIterationIndex >= 0",
      "duration": 1150,
      "animation": "animation.model.finish"
    }
  ],
  "effects": [
    {
      "phase": "firing",
      "name": "launcher_muzzle"
    }
  ]
}