{
  "name": "ggo_sirius2",
  "type": "Gun",
  "maxAmmoCapacity": 22,
  "compatibleAmmo": [
    "ammocreative",
    "ammolasercharge"
  ],
  "damage": 8,
  "fireSound": "ggo_sirius2",
  "fireModes": [
    "AUTOMATIC"
  ],
  "rpm": 350,
  "gunRecoilInitialAmplitude": 0.3,
  "shakeRecoilAmplitude": 0.4,
  "shakeRecoilSpeed": 3,
  "viewRecoilAmplitude": 1,
  "compatibleAttachments": [
    "cantedrail",
    "ggo_sirius2silencer"
  ],
  "compatibleAttachmentGroups": [
    "ar_sightsandscopes"
  ],
  "features": [
    {
      "type": "Aiming",
      "zoom": 0.3,
      "condition": {
        "doesNotHaveAttachmentGroup": "m16_sightsandscopes"
      }
    },
    {
      "type": "PartVisibility",
      "parts": [
        {
          "name": "rail",
          "visible": true,
          "condition": {
            "hasAttachmentGroup": "m16_sightsandscopes"
          }
        },
        {
          "name": "holosight",
          "visible": false,
          "condition": {
            "hasAttachmentGroup": "m16_sightsandscopes"
          }
        }
      ]
    },
    {
      "type": "Reticle",
      "texture": "textures/item/ggo_sirius2reticle.png",
      "parallax": true,
      "maxAngularOffset": 5,
      "condition": {
            "doesNotHaveAttachmentGroup": "m16_sightsandscopes"
          }
    },
    {
      "type": "Sound",
      "fireSounds": [
        {
          "sound": "ggo_sirius2silenced",
          "volume": 1,
          "condition": {
            "hasAttachment": "ggo_sirius2silencer"
          }
        }
      ]
    },
    {
      "type": "MuzzleFlash",
      "effects": [
        {
          "phase": "firing",
          "name": "ggo_blue_flash"
        }
      ],
      "condition": {
        "allOf": [
          {
            "isUsingDefaultMuzzle": true
          },
          {
            "doesNotHaveAttachment": "ggo_sirius2silencer"
          }
        ]
      }
    }
  ],
  "phasedReloads": [
    {
      "phase": "RELOADING",
      "duration": 2380,
      "animation": "animation.model.reload"
    }
  ],
  "fireAnimations": [
    {
      "name": "animation.model.fire",
      "condition": "random"
    }
  ],
  "inspectAnimations": [
    {
      "name": "animation.model.inspect",
      "duration": 4720
    }
  ],
  "drawAnimations": [
    {
      "name": "animation.model.draw",
      "duration": 1070
    }
  ],
  "effects": [
    {
      "phase": "hit_scan_acquired",
      "name": "ggo_bluetracer"
    }
  ]
}