{
	"format_version": "1.12.0",
	"minecraft:geometry": [
		{
			"description": {
				"identifier": "geometry.unknown",
				"texture_width": 40,
				"texture_height": 40,
				"visible_bounds_width": 8,
				"visible_bounds_height": 5,
				"visible_bounds_offset": [0, 0.5, 0]
			},
			"bones": [
				{
					"name": "main",
					"pivot": [0, 20, 0],
					"cubes": [
						{"origin": [-0.7, 24.5, -4.75], "size": [2, 1, 9.55], "inflate": -0.2, "uv": [0, 10]},
						{"origin": [-0.9, 23.85, -4.5], "size": [1.75, 1, 9], "uv": [13, 1]},
						{"origin": [-1.3, 24.5, -4.75], "size": [2, 1, 9.55], "inflate": -0.201, "uv": [0, 0]}
					]
				},
				{
					"name": "_cb_scope",
					"parent": "main",
					"pivot": [0, 27.375, 11.75],
					"cubes": [
						{"origin": [-0.5, 24.8, -0.375], "size": [1, 1, 1], "uv": [0, 0]}
					]
				},
				{
					"name": "_ca_scope",
					"parent": "main",
					"pivot": [0, 26.325, 12.75],
					"cubes": [
						{"origin": [-0.5, 23.75, 0.625], "size": [1, 1, 1], "uv": [0, 2]}
					]
				}
			]
		}
	]
}