{
	"format_version": "1.12.0",
	"minecraft:geometry": [
		{
			"description": {
				"identifier": "geometry.unknown",
				"texture_width": 180,
				"texture_height": 180,
				"visible_bounds_width": 13,
				"visible_bounds_height": 3.5,
				"visible_bounds_offset": [0, 1.25, 0]
			},
			"bones": [
				{
					"name": "bb_main",
					"pivot": [0, 0, 0]
				},
				{
					"name": "main",
					"pivot": [0, 21, 0]
				},
				{
					"name": "gun",
					"parent": "main",
					"pivot": [1, 12, -1],
					"cubes": [
						{"origin": [-1.75, 14.5, -1.5], "size": [3.5, 4.5, 4.75], "uv": [72, 53]},
						{"origin": [-1.75, 14.5, -1.5], "size": [3.5, 1, 2.75], "inflate": -0.001, "pivot": [1, 14.5, -1.5], "rotation": [-18.75, 0, 0], "uv": [0, 30]},
						{"origin": [-1.75, 6.25, -0.25], "size": [3.5, 8.25, 3.75], "inflate": 0.001, "pivot": [1, 14.5, -0.25], "rotation": [22.5, 0, 0], "uv": [90, 93]},
						{"origin": [-1.75, 6.3, 3.375], "size": [3.5, 1.75, 1.25], "inflate": -0.001, "pivot": [1, 9.55, 3.375], "rotation": [-31.5, 0, 0], "uv": [41, 32]},
						{"origin": [-1.75, 5.6, 1.75], "size": [3.5, 8.25, 1.75], "pivot": [1, 13.85, -0.25], "rotation": [33, 0, 0], "uv": [0, 0]},
						{"origin": [-1.75, 5.6, -2.5], "size": [3.5, 1.25, 4.25], "pivot": [1, 13.85, -0.25], "rotation": [33, 0, 0], "uv": [16, 85]},
						{"origin": [-1.75, 17.5, 3.25], "size": [3.5, 1.5, 2.25], "uv": [13, 36]},
						{"origin": [-1.75, 17.5, 2.5], "size": [3.5, 1.5, 2], "inflate": -0.001, "pivot": [1, 17.5, 4.5], "rotation": [41.5, 0, 0], "uv": [13, 18]},
						{"origin": [-1.5, 13.9, -2.6], "size": [3, 4.2, 1.25], "inflate": -0.1, "uv": [25, 36]},
						{"origin": [-1.5, 15.15, -9.45], "size": [3, 2.95, 2.65], "inflate": -0.099, "uv": [12, 6]},
						{"origin": [-2, 17.9, -11.2], "size": [4, 1.25, 9.8], "inflate": -0.1, "uv": [93, 66]},
						{"origin": [-2, 17.4, -30.7], "size": [4, 1.75, 8.35], "inflate": -0.1, "uv": [55, 42]},
						{"origin": [-1.75, 18.9, -42.2], "size": [4.5, 3, 40.8], "inflate": -0.1, "uv": [0, 53]},
						{"origin": [-2.75, 20.65, -4.7], "size": [1.25, 1.25, 3.3], "inflate": -0.1, "uv": [27, 15]},
						{"origin": [-2.75, 18.9, -42.2], "size": [1.75, 2, 40.8], "inflate": -0.1, "uv": [55, 0]},
						{"origin": [-2.5, 17.2, 7.8], "size": [5, 4.3, 24.55], "inflate": -0.101, "uv": [0, 96]},
						{"origin": [1.5, 21.3, 26.2], "size": [1, 4.1, 6.15], "inflate": -0.099, "pivot": [2.5, 21.4, 26.3], "rotation": [0, 0, -11], "uv": [0, 96]},
						{"origin": [1.5, 21.3, 24.75], "size": [1, 1.1, 1.65], "inflate": -0.099, "pivot": [2.5, 21.4, 24.85], "rotation": [0, 0, -11], "uv": [6, 26]},
						{"origin": [1.5, 21.3, 23], "size": [1, 4.1, 1.15], "inflate": -0.1, "pivot": [2.5, 21.4, 23.1], "rotation": [-60, 0, -11], "uv": [55, 0]},
						{"origin": [-2.5, 21.3, 23], "size": [1, 1.35, 3.4], "inflate": -0.1, "pivot": [-2.5, 21.4, 24.85], "rotation": [0, 0, 11], "uv": [41, 28]},
						{"origin": [-2.5, 21.3, 26.2], "size": [1, 4.1, 6.15], "inflate": -0.099, "pivot": [-2.5, 21.4, 26.3], "rotation": [0, 0, 11], "uv": [26, 79]},
						{"origin": [1.5, 16.5, 10.8], "size": [1, 1, 7.25], "inflate": -0.1, "pivot": [2.5, 17.3, 7.9], "rotation": [0, 0, 13], "uv": [76, 11]},
						{"origin": [1.5, 16, 12.8], "size": [1, 1, 5.25], "inflate": -0.102, "pivot": [2.5, 17.3, 7.9], "rotation": [0, 0, 13], "uv": [8, 96]},
						{"origin": [1.5, 15.4, 14.8], "size": [1, 1, 3.25], "inflate": -0.101, "pivot": [2.5, 17.3, 7.9], "rotation": [0, 0, 13], "uv": [42, 4]},
						{"origin": [0.75, 14.65, 17.8], "size": [1.75, 2.85, 14.55], "inflate": -0.1, "pivot": [2.5, 17.3, 7.9], "rotation": [0, 0, 13], "uv": [132, 39]},
						{"origin": [1.5, 14.1, 20.55], "size": [1, 1.1, 2.05], "inflate": -0.102, "pivot": [2.5, 17.3, 7.9], "rotation": [0, 0, 13], "uv": [45, 14]},
						{"origin": [1.5, 11.15, 24.3], "size": [1, 3.7, 8.05], "inflate": -0.098, "pivot": [2.5, 17.3, 7.9], "rotation": [0, 0, 13], "uv": [76, 0]},
						{"origin": [1.5, 3.225, 18.475], "size": [1, 4.45, 2.15], "inflate": -0.101, "pivot": [2.5, 17.3, 7.9], "rotation": [32.5, 0, 13], "uv": [0, 53]},
						{"origin": [-1, 3.425, 18.475], "size": [2, 4.45, 2.15], "inflate": -0.1, "pivot": [1, 17.5, 7.9], "rotation": [32.5, 0, 0], "uv": [27, 0]},
						{"origin": [1.5, 17.2, 7.8], "size": [1, 1, 17.55], "inflate": -0.099, "pivot": [2.5, 17.3, 7.9], "rotation": [-14.5, 0, 13], "uv": [63, 124]},
						{"origin": [-1.4, 17.2, 7.8], "size": [2.8, 1, 17.55], "inflate": -0.1, "pivot": [1.5, 17.3, 7.9], "rotation": [-14.5, 0, 0], "uv": [55, 22]},
						{"origin": [-2.5, 14.65, 17.8], "size": [1.75, 2.85, 14.55], "inflate": -0.1, "pivot": [-2.5, 17.3, 7.9], "rotation": [0, 0, -13], "uv": [58, 96]},
						{"origin": [-2.5, 11.15, 24.3], "size": [1, 3.7, 8.05], "inflate": -0.098, "pivot": [-2.5, 17.3, 7.9], "rotation": [0, 0, -13], "uv": [55, 0]},
						{"origin": [-2.5, 17.2, 7.8], "size": [1, 1, 17.55], "inflate": -0.099, "pivot": [-2.5, 17.3, 7.9], "rotation": [-14.5, 0, -13], "uv": [124, 21]},
						{"origin": [-2.5, 16.5, 10.8], "size": [1, 1, 7.25], "inflate": -0.1, "pivot": [-2.5, 17.3, 7.9], "rotation": [0, 0, -13], "uv": [24, 53]},
						{"origin": [-2.5, 16, 12.8], "size": [1, 1, 5.25], "inflate": -0.102, "pivot": [-2.5, 17.3, 7.9], "rotation": [0, 0, -13], "uv": [75, 80]},
						{"origin": [-2.5, 15.4, 14.8], "size": [1, 1, 3.25], "inflate": -0.101, "pivot": [-2.5, 17.3, 7.9], "rotation": [0, 0, -13], "uv": [42, 0]},
						{"origin": [-2.5, 3.225, 18.475], "size": [1, 4.45, 2.15], "inflate": -0.101, "pivot": [-2.5, 17.3, 7.9], "rotation": [32.5, 0, -13], "uv": [42, 36]},
						{"origin": [-2.5, 14.1, 20.55], "size": [1, 1.1, 2.05], "inflate": -0.102, "pivot": [-2.5, 17.3, 7.9], "rotation": [0, 0, -13], "uv": [42, 42]},
						{"origin": [-2.25, 18.9, -1.6], "size": [4.2, 2.6, 9.8], "inflate": -0.1, "uv": [25, 36]},
						{"origin": [-1.6, 21.3, 6.6], "size": [3.6, 2.1, 19.8], "inflate": -0.099, "uv": [121, 100]},
						{"origin": [-2.6, 21.3, 6.6], "size": [1.6, 2.1, 16.8], "inflate": -0.1, "uv": [103, 126]},
						{"origin": [-2.6, 21.3, 23.2], "size": [1.6, 1.175, 3.2], "inflate": -0.1, "pivot": [-2.6, 21.4, 23.3], "rotation": [21.25, 0, 0], "uv": [41, 24]},
						{"origin": [-2.6, 22.3, 23.2], "size": [1.6, 1.1, 3.2], "inflate": -0.1, "uv": [25, 41]},
						{"origin": [-1.35, 25.1, 6.6], "size": [2.1, 1, 19.8], "inflate": -0.1, "uv": [0, 124]},
						{"origin": [-1.725, 23.05, 6.6], "size": [2.85, 2.25, 1.05], "inflate": -0.098, "uv": [26, 133]},
						{"origin": [-1.75, 21.275, 26.2], "size": [3.5, 4.05, 6.15], "inflate": -0.1, "uv": [76, 22]},
						{"origin": [-1.15, 11.3, 24.375], "size": [2.25, 1.05, 7.925], "inflate": -0.1, "uv": [55, 11]},
						{"origin": [-1.75, 19.275, 32.15], "size": [3.5, 6.05, 1.15], "inflate": -0.1, "pivot": [-0.75, 25.225, 32.25], "rotation": [-9, 0, 0], "uv": [0, 12]},
						{"origin": [-1.1, 11.325, 32.15], "size": [2.25, 6.05, 1.15], "inflate": -0.1, "pivot": [-0.6, 11.425, 32.25], "rotation": [9, 0, 0], "uv": [0, 36]},
						{"origin": [-2.6, 23.2, 6.6], "size": [1, 3.2, 19.8], "inflate": -0.101, "pivot": [-2.6, 23.3, 6.7], "rotation": [0, 0, 24], "uv": [42, 124]},
						{"origin": [1, 23.2, 6.6], "size": [1, 3.2, 19.8], "inflate": -0.101, "pivot": [2, 23.3, 6.7], "rotation": [0, 0, -24], "uv": [55, 0]},
						{"origin": [1.75, 21.7, -42.2], "size": [1, 1.25, 39], "inflate": -0.1, "uv": [51, 53]},
						{"origin": [-2.75, 20.7, -42.2], "size": [2, 2.25, 35.55], "inflate": -0.1, "uv": [93, 42]},
						{"origin": [0.75, 21.8, -23.9], "size": [1.5, 2, 21.8], "uv": [97, 0]},
						{"origin": [-2.25, 21.8, -10.9], "size": [1, 2, 4.15], "uv": [0, 24]},
						{"origin": [1.425, 23.3, -6.35], "size": [1, 1, 3.5], "uv": [40, 14]},
						{"origin": [1.15, 23.3, -2.85], "size": [1.425, 1, 1.125], "uv": [6, 24]},
						{"origin": [-1.825, 20.8, -5.1], "size": [3.65, 2.775, 3.25], "uv": [43, 96]},
						{"origin": [1.625, 23.3, -6.85], "size": [1, 1, 1], "inflate": -0.2, "uv": [19, 24]},
						{"origin": [-2.25, 22.55, -34.6], "size": [4.5, 2, 10.7], "uv": [93, 79]},
						{"origin": [-1.5, 24.525, -34.6], "size": [3, 2.1, 10.7], "uv": [25, 24]},
						{"origin": [-1.3, 25.075, -25.15], "size": [2.6, 1.25, 23.25], "inflate": -0.199, "uv": [0, 0]},
						{"origin": [-0.2, 23.35, -25.15], "size": [1.5, 2.975, 23.25], "inflate": -0.2, "pivot": [1.1, 26.125, -24.95], "rotation": [0, 0, -26.5], "uv": [0, 24]},
						{"origin": [-1.3, 23.35, -11.1], "size": [1.25, 2.075, 4.55], "inflate": -0.2, "pivot": [-1.1, 26.125, -24.95], "rotation": [0, 0, 26.5], "uv": [12, 0]},
						{"origin": [-1.3, 25.025, -24.15], "size": [1, 1.3, 22.25], "inflate": -0.2, "pivot": [-1.1, 26.125, -37.95], "rotation": [0, 0, 26.5], "uv": [34, 96]},
						{"origin": [1.25, 24.55, -34.6], "size": [1, 2.2, 10.7], "pivot": [2.25, 24.55, -34.6], "rotation": [0, 0, -20], "uv": [0, 24]},
						{"origin": [-2.25, 24.55, -34.6], "size": [1, 2.2, 10.7], "pivot": [-2.25, 24.55, -34.6], "rotation": [0, 0, 20], "uv": [0, 0]},
						{"origin": [-2.25, 21.8, -23.9], "size": [1, 1.5, 13], "uv": [90, 107]},
						{"origin": [-2, 13.65, -11.2], "size": [4, 4.45, 1.95], "inflate": -0.1, "uv": [12, 29]},
						{"origin": [-2, 15.4, -27.2], "size": [4, 2.2, 4.85], "inflate": -0.1, "uv": [48, 85]},
						{"origin": [-1.5, 14.725, -7.8], "size": [3, 1, 1], "inflate": -0.1, "uv": [0, 19]},
						{"origin": [-1.5, 13.9, -6.95], "size": [3, 1, 4.55], "inflate": -0.1, "uv": [55, 34]},
						{"origin": [-1.5, 13.9, -6.95], "size": [3, 1.375, 1], "inflate": -0.101, "pivot": [1.4, 14, -6.85], "rotation": [46, 0, 0], "uv": [27, 6]},
						{"origin": [0.5, 14.875, -4.975], "size": [1, 4, 1], "inflate": -0.1, "pivot": [-0.25, 14.875, -3.975], "rotation": [-13, 0, 0], "uv": [55, 11]},
						{"origin": [-1, 13.5, -9.4], "size": [2, 2.25, 1], "inflate": -0.3, "pivot": [-0.75, 13.5, -8.4], "rotation": [5.25, 0, 0], "uv": [55, 5]},
						{"origin": [-1.5, 22.45, -97.65], "size": [2, 2, 51], "inflate": 0.1, "pivot": [-1, 23.9, -97.65], "rotation": [0, 0, -20], "uv": [0, 0]},
						{"origin": [-1.2, 26.95, -48.15], "size": [2, 2, 9.5], "inflate": -0.1, "pivot": [-0.7, 28.4, -45.65], "rotation": [0, 0, -20], "uv": [0, 36]},
						{"origin": [-0.75, 20.45, -47.15], "size": [1.5, 7.5, 5.1], "uv": [55, 22]},
						{"origin": [-1.2, 16, -39.775], "size": [2.5, 2.5, 3], "inflate": 0.1, "uv": [25, 24]},
						{"origin": [-0.95, 17.5, -39.775], "size": [2, 3.75, 3], "inflate": -0.001, "uv": [13, 12]},
						{"origin": [-1.1, 20.95, -46.5], "size": [2.2, 1, 1], "inflate": -0.2, "pivot": [0.9, 20.95, -46.5], "rotation": [-27.75, 0, 0], "uv": [0, 49]},
						{"origin": [-1.1, 20.95, -44.3], "size": [2.2, 1, 1], "inflate": -0.2, "pivot": [0.9, 20.95, -44.3], "rotation": [-27.75, 0, 0], "uv": [13, 43]},
						{"origin": [-0.75, 25.7, -41.4], "size": [1.5, 2.25, 2.1], "uv": [48, 53]},
						{"origin": [-1.2, 26.95, -47.65], "size": [2, 2, 5.45], "inflate": 0.1, "pivot": [-0.7, 28.4, -47.65], "rotation": [0, 0, -20], "uv": [34, 96]},
						{"origin": [0.3, 26.75, -47.95], "size": [2, 1, 1], "inflate": -0.3, "pivot": [-0.7, 28.4, -47.65], "rotation": [0, 0, -20], "uv": [12, 49]},
						{"origin": [0.3, 28.15, -47.95], "size": [2, 1, 1], "inflate": -0.3, "pivot": [-0.7, 28.4, -47.65], "rotation": [0, 0, -20], "uv": [6, 49]},
						{"origin": [1.7, 26.75, -47.95], "size": [1, 2.4, 1], "inflate": -0.3, "pivot": [-0.7, 28.4, -47.65], "rotation": [0, 0, -20], "uv": [0, 24]},
						{"origin": [-2, 21.825, -47.15], "size": [4, 4, 12.4], "inflate": 0.2, "pivot": [-0.5, 24.275, -47.15], "rotation": [0, 0, -5.25], "uv": [121, 126]},
						{"origin": [-2.4, 24.9, -107.85], "size": [4, 1, 6.95], "inflate": 0.001, "uv": [0, 85]},
						{"origin": [-2.4, 21.5, -107.85], "size": [4, 1, 6.95], "inflate": 0.001, "uv": [71, 42]},
						{"origin": [-2.4, 22, -101.9], "size": [4, 3.4, 1], "uv": [58, 96]},
						{"origin": [-2.4, 22, -100.9], "size": [4, 3.4, 3.75], "uv": [76, 32]},
						{"origin": [-2.4, 22, -107.85], "size": [4, 3.4, 1], "inflate": 0.002, "uv": [73, 86]},
						{"origin": [-2.4, 23.45, -106.45], "size": [4, 2.15, 1], "pivot": [2.6, 25.6, -106.45], "rotation": [-38.25, 0, 0], "uv": [93, 53]},
						{"origin": [-2.4, 21.5, -106.45], "size": [4, 2.15, 1], "pivot": [2.6, 21.5, -106.45], "rotation": [38.25, 0, 0], "uv": [22, 90]},
						{"origin": [-1.3, 26.75, -23.25], "size": [2, 1, 20.3], "inflate": -0.201, "uv": [121, 79]},
						{"origin": [-0.7, 26.75, -23.25], "size": [2, 1, 20.3], "inflate": -0.2, "uv": [120, 0]},
						{"origin": [-0.9, 26.1, -23], "size": [1.75, 1, 19.75], "uv": [82, 126]},
						{"origin": [-5.05, 22.05, -41.125], "size": [2, 2, 12], "inflate": -0.1, "pivot": [-5.05, 23.05, -39.125], "rotation": [0, 0, -25.25], "uv": [90, 93]},
						{"origin": [-3.325, 23.525, -40.375], "size": [5.25, 1, 1.5], "pivot": [-3.325, 23.525, -40.375], "rotation": [0, 0, -54.01267], "uv": [27, 21]}
					]
				},
				{
					"name": "bipod",
					"parent": "gun",
					"pivot": [0, 17.3, -38.225],
					"cubes": [
						{"origin": [-2.45, 15.7, -66.225], "size": [1, 2, 29], "inflate": -0.2, "pivot": [-2.45, 17.7, -47.225], "rotation": [5.13268, 3.55283, 12.21762], "uv": [90, 95]},
						{"origin": [-3.825, 16.8, -66.825], "size": [2.5, 4, 1], "pivot": [2.45, 17.7, -47.225], "rotation": [11.08657, -16.25011, -13.39603], "uv": [33, 53]},
						{"origin": [-2.45, 15.7, -66.825], "size": [1.5, 2, 3.25], "inflate": -0.1, "pivot": [-2.45, 17.7, -47.225], "rotation": [5.13268, 3.55283, 12.21762], "uv": [25, 29]},
						{"origin": [1.325, 16.8, -66.825], "size": [2.5, 4, 1], "pivot": [-2.45, 17.7, -47.225], "rotation": [11.08657, 16.25011, 13.39603], "uv": [24, 53]},
						{"origin": [1.45, 15.7, -66.225], "size": [1, 2, 29], "inflate": -0.2, "pivot": [2.45, 17.7, -47.225], "rotation": [5.13268, -3.55283, -12.21762], "uv": [59, 93]},
						{"origin": [0.95, 15.7, -66.825], "size": [1.5, 2, 3.25], "inflate": -0.1, "pivot": [2.45, 17.7, -47.225], "rotation": [5.13268, -3.55283, -12.21762], "uv": [27, 10]}
					]
				},
				{
					"name": "boltaction",
					"parent": "gun",
					"pivot": [-1.1, 23.425, -7],
					"cubes": [
						{"origin": [-1.1, 23.35, -23.95], "size": [2, 2, 16.95], "pivot": [-1.1, 23.425, -7], "rotation": [0, 0, 12.25], "uv": [23, 124]},
						{"origin": [-1.1, 23.3, -4.725], "size": [2, 2, 3], "inflate": 0.1, "pivot": [-1.1, 23.425, -7.375], "rotation": [0, 0, 5], "uv": [12, 24]},
						{"origin": [-0.5, 22.675, -2.375], "size": [1, 2, 1], "inflate": -0.1, "uv": [12, 0]}
					]
				},
				{
					"name": "boltaction2",
					"parent": "boltaction",
					"pivot": [-0.25, 23.5, -6.575],
					"cubes": [
						{"origin": [-1.1, 23.35, -7.275], "size": [2, 2, 2.775], "inflate": -0.1, "pivot": [-1.1, 23.425, -7], "rotation": [0, 0, 12.25], "uv": [13, 39]},
						{"origin": [-1.725, 22.4, -6.675], "size": [1, 2, 1.45], "pivot": [-1.725, 22.4, -5.075], "rotation": [0, 0, 6.75], "uv": [18, 0]},
						{"origin": [-3.625, 21.925, -6.575], "size": [2.2, 1, 1.25], "inflate": 0.1, "pivot": [-1.625, 22.925, -5.075], "rotation": [0, 0, -45.25], "uv": [0, 43]},
						{"origin": [-7.45, 21.225, -6.95], "size": [4.2, 1, 1.25], "inflate": -0.1, "pivot": [-2.325, 22.225, -6.575], "rotation": [0, 23, -45.25], "uv": [39, 21]},
						{"origin": [-8.575, 20.725, -7.325], "size": [2, 2, 2], "inflate": 0.1, "pivot": [-2.325, 22.225, -6.575], "rotation": [0, 23, -45.25], "uv": [40, 10]}
					]
				},
				{
					"name": "bullet",
					"parent": "gun",
					"pivot": [-0.9, 24.375, -20],
					"cubes": [
						{"origin": [-0.9, 23.225, -20], "size": [2, 2, 9], "inflate": -0.3, "pivot": [-0.9, 24.975, -20], "rotation": [0, 0, 12], "uv": [27, 10]}
					]
				},
				{
					"name": "inner",
					"parent": "bullet",
					"pivot": [-0.9, 24.975, -28],
					"cubes": [
						{"origin": [-0.9, 23.225, -24], "size": [2, 2, 5], "inflate": -0.5, "pivot": [-0.9, 24.975, -28], "rotation": [0, 0, 12], "uv": [88, 44]}
					]
				},
				{
					"name": "magazine",
					"parent": "gun",
					"pivot": [1.75, 13, -24.6],
					"cubes": [
						{"origin": [-1.75, 11.9, -24.7], "size": [3.5, 10.45, 14.45], "inflate": -0.099, "uv": [93, 42]},
						{"origin": [-1.75, 11.3, -19.7], "size": [3.5, 1.05, 9.45], "inflate": -0.101, "uv": [27, 0]},
						{"origin": [-1.75, 11.9, -24.7], "size": [3.5, 1.45, 14.4], "inflate": -0.1, "pivot": [1.75, 12, -24.6], "rotation": [-7.25, 0, 0], "uv": [97, 23]}
					]
				},
				{
					"name": "bullet2",
					"parent": "magazine",
					"pivot": [-0.9, 22.375, -20],
					"cubes": [
						{"origin": [-0.9, 21.225, -24], "size": [2, 2, 5], "inflate": -0.5, "pivot": [-0.9, 22.975, -28], "rotation": [0, 0, 12], "uv": [64, 85]},
						{"origin": [-0.9, 21.225, -20], "size": [2, 2, 9], "inflate": -0.3, "pivot": [-0.9, 22.975, -20], "rotation": [0, 0, 12], "uv": [0, 12]}
					]
				},
				{
					"name": "ironsights",
					"parent": "gun",
					"pivot": [1.25, 27.35, 18.875],
					"cubes": [
						{"origin": [-1.3, 27.15, -6.275], "size": [2.6, 1, 2], "inflate": 0.002, "pivot": [-1.5, 27.15, -5.275], "rotation": [17, 0, 0], "uv": [124, 131]},
						{"origin": [0.55, 26.95, -5.575], "size": [1, 1, 1], "inflate": -0.102, "pivot": [0.5, 26.95, -5.575], "rotation": [12, 0, 0], "uv": [151, 134]},
						{"origin": [-2.625, 26.75, -5.025], "size": [1.75, 2, 2], "inflate": -0.4, "pivot": [-1.375, 26.75, -3.125], "rotation": [-3, 0, 0], "uv": [151, 147]},
						{"origin": [-1.5, 27.25, -4.525], "size": [2.75, 1, 1], "inflate": -0.1, "pivot": [1.25, 27.25, -3.625], "rotation": [-3, 0, 0], "uv": [140, 144]},
						{"origin": [-0.65, 27.675, -4.675], "size": [1.3, 2.3, 1], "inflate": -0.2, "uv": [123, 150]},
						{"origin": [-0.9, 29.45, -5.425], "size": [1.8, 1, 1], "inflate": -0.3, "pivot": [0.325, 28.35, -4.825], "rotation": [-33, 0, 0], "uv": [123, 150]},
						{"origin": [-0.675, 28.975, -4.575], "size": [1, 1.6, 1.2], "inflate": -0.399, "pivot": [-0.175, 29.95, -4.075], "rotation": [0, 0, -90], "uv": [137, 161]},
						{"origin": [-0.325, 28.825, -4.575], "size": [1.15, 1, 1.2], "inflate": -0.399, "pivot": [-0.175, 29.8, -4.075], "rotation": [0, 0, -90], "uv": [130, 149]},
						{"origin": [-0.325, 29.425, -4.575], "size": [1.15, 1, 1.2], "inflate": -0.399, "pivot": [-0.175, 29.8, -4.075], "rotation": [0, 0, -90], "uv": [140, 166]},
						{"origin": [-0.9, 29.425, -22.1], "size": [1.8, 1, 1], "inflate": -0.3, "pivot": [0.325, 28.325, -21.5], "rotation": [-33, 0, 0], "uv": [123, 150]},
						{"origin": [-0.65, 27.675, -21.275], "size": [1.3, 2.3, 1], "inflate": -0.2, "uv": [123, 150]},
						{"origin": [-0.675, 28.95, -21.25], "size": [1, 1.6, 1.2], "inflate": -0.399, "pivot": [-0.175, 29.925, -20.75], "rotation": [0, 0, -90], "uv": [137, 161]},
						{"origin": [-0.125, 29.425, -21.25], "size": [1.25, 1, 1.2], "inflate": -0.45, "pivot": [0.125, 29.8, -20.75], "rotation": [0, 0, -90], "uv": [139, 166]},
						{"origin": [-1.5, 27.25, -21.2], "size": [2.75, 1, 1], "inflate": -0.1, "pivot": [1.25, 27.25, -20.3], "rotation": [-3, 0, 0], "uv": [140, 144]},
						{"origin": [-2.625, 26.75, -21.7], "size": [1.75, 2, 2], "inflate": -0.4, "pivot": [-1.375, 26.75, -19.8], "rotation": [-3, 0, 0], "uv": [151, 147]},
						{"origin": [0.55, 26.95, -22.275], "size": [1, 1, 1], "inflate": -0.102, "pivot": [0.5, 26.95, -22.275], "rotation": [12, 0, 0], "uv": [151, 134]},
						{"origin": [-1.3, 27.15, -22.975], "size": [2.6, 1, 2], "inflate": 0.002, "pivot": [-1.5, 27.15, -21.975], "rotation": [17, 0, 0], "uv": [124, 131]}
					]
				},
				{
					"name": "rightarm",
					"parent": "main",
					"pivot": [-4.3, 9.8, 21.8],
					"rotation": [-101.81106, -12.40003, -2.46982],
					"cubes": [
						{"origin": [-8.3, -14.2, 17.8], "size": [8, 24, 8], "uv": [48, 53]}
					]
				},
				{
					"name": "leftarm",
					"parent": "main",
					"pivot": [11.6, 4.425, -13],
					"rotation": [-129.61483, 1.67666, -38.31282],
					"cubes": [
						{"origin": [7.6, -19.575, -17], "size": [8, 24, 8], "uv": [0, 53]}
					]
				},
				{
					"name": "muzzleflash",
					"parent": "main",
					"pivot": [0, 23.6, -109.1],
					"cubes": [
						{"origin": [-0.5, 23.1, -109.4], "size": [1, 1, 1], "inflate": -0.4, "uv": [27, 69]}
					]
				},
				{
					"name": "_cb_scope",
					"parent": "main",
					"pivot": [0, 30.375, -15.375],
					"cubes": [
						{"origin": [-0.5, 27.05, -13.5], "size": [1, 1, 1], "uv": [27, 9]}
					]
				},
				{
					"name": "_cb_canted",
					"parent": "main",
					"pivot": [0, 27.35, -13.9],
					"cubes": [
						{"origin": [-0.5, 27.05, -6.75], "size": [1, 1, 1], "uv": [35, 105]}
					]
				},
				{
					"name": "_cb_suppressor",
					"parent": "main",
					"pivot": [0.025, 23.725, -95.75],
					"cubes": [
						{"origin": [-0.475, 23.225, -96.25], "size": [1, 1, 1], "uv": [0, 0]}
					]
				},
				{
					"name": "scope",
					"parent": "main",
					"pivot": [0, 30.35, -5.95],
					"cubes": [
						{"origin": [-0.5, 29.85, -6.25], "size": [1, 1, 1], "inflate": -0.4, "uv": [30, 41]}
					]
				},
				{
					"name": "_camera_",
					"pivot": [10.3119, 37.8579, 40.0827]
				}
			]
		}
	]
}