{
	"format_version": "1.12.0",
	"minecraft:geometry": [
		{
			"description": {
				"identifier": "geometry.unknown",
				"texture_width": 100,
				"texture_height": 100,
				"visible_bounds_width": 11,
				"visible_bounds_height": 8,
				"visible_bounds_offset": [0, 3, 0]
			},
			"bones": [
				{
					"name": "bb_main",
					"pivot": [0, 0, 0]
				},
				{
					"name": "main",
					"pivot": [0, 20, 0]
				},
				{
					"name": "rightarm",
					"parent": "main",
					"pivot": [-5.75, 8.8, 22.8],
					"rotation": [-101.978, -15.58029, -1.77957],
					"cubes": [
						{"origin": [-9.75, -15.2, 18.8], "size": [8, 24, 8], "uv": [24, 24]}
					]
				},
				{
					"name": "leftarm",
					"parent": "main",
					"pivot": [32.75, 3.125, 13.65],
					"rotation": [-32.28528, 37.19448, -7.13669],
					"cubes": [
						{"origin": [28.75, -20.875, 9.65], "size": [8, 24, 8], "uv": [0, 0]}
					]
				},
				{
					"name": "grip",
					"parent": "main",
					"pivot": [0, 10, 2],
					"cubes": [
						{"origin": [-1.15, -1.175, 2.525], "size": [3.95, 22.6, 3.85], "pivot": [2.9, 1.575, 3.475], "rotation": [6.93574, -14.4038, -5.65284], "uv": [0, 32]},
						{"origin": [-1.35, 21.175, 2.325], "size": [4.35, 1.4, 4.25], "pivot": [2.9, 1.575, 3.475], "rotation": [6.93574, -14.4038, -5.65284], "uv": [44, 10]},
						{"origin": [3.475, 19.15, 4.85], "size": [1.6, 3.8, 2], "inflate": -0.2, "pivot": [2.9, 1.575, 3.475], "rotation": [9.4975, -44.86012, -10.64985], "uv": [53, 20]},
						{"origin": [-1.875, 19.15, 4.05], "size": [1.6, 3.8, 2], "inflate": -0.2, "pivot": [2.9, 1.575, 3.475], "rotation": [9.4975, -44.86012, -10.64985], "uv": [49, 17]},
						{"origin": [1.175, 19.15, 2.125], "size": [2, 4.55, 1.95], "inflate": -0.2, "pivot": [2.9, 1.575, 3.475], "rotation": [13.97469, -61.03197, -16.20258], "uv": [56, 26]},
						{"origin": [-1.35, -1.575, 2.325], "size": [4.35, 1.4, 4.25], "pivot": [2.9, 1.575, 3.475], "rotation": [6.93574, -14.4038, -5.65284], "uv": [40, 0]},
						{"origin": [-1.35, -3.325, 2.325], "size": [4.35, 1.65, 4.25], "inflate": -0.2, "pivot": [2.9, 1.575, 3.475], "rotation": [6.93574, -14.4038, -5.65284], "uv": [32, 17]},
						{"origin": [2.25, -6.85, 3.75], "size": [1, 4.65, 1.5], "inflate": -0.2, "pivot": [2.9, 1.575, 3.475], "rotation": [6.93574, -14.4038, -5.65284], "uv": [12, 44]},
						{"origin": [-1.5, -6.85, 3.75], "size": [1, 4.65, 1.5], "inflate": -0.2, "pivot": [2.9, 1.575, 3.475], "rotation": [6.93574, -14.4038, -5.65284], "uv": [12, 39]},
						{"origin": [-1.5, -7.45, 3.75], "size": [4.75, 1, 1.5], "inflate": -0.2, "pivot": [2.9, 1.575, 3.475], "rotation": [6.93574, -14.4038, -5.65284], "uv": [24, 6]},
						{"origin": [-1.35, -2.575, 2.325], "size": [4.35, 1.65, 4.25], "inflate": -0.3, "pivot": [2.9, 1.575, 3.475], "rotation": [6.93574, -14.4038, -5.65284], "uv": [32, 12]},
						{"origin": [-1.5, 19.25, 2.175], "size": [4.65, 1.15, 4.55], "pivot": [2.9, 1.575, 3.475], "rotation": [6.93574, -14.4038, -5.65284], "uv": [44, 5]},
						{"origin": [2.15, 13.375, 3.475], "size": [1.15, 2, 2], "inflate": -0.3, "pivot": [2.9, 1.575, 3.475], "rotation": [6.93574, -14.4038, -5.65284], "uv": [36, 0]},
						{"origin": [-1.5, 16.2, 2.175], "size": [4.65, 2.9, 4.55], "pivot": [2.9, 1.575, 3.475], "rotation": [6.93574, -14.4038, -5.65284], "uv": [32, 6]},
						{"origin": [-1.5, -0.05, 2.175], "size": [4.65, 2.9, 4.55], "pivot": [2.9, 1.575, 3.475], "rotation": [6.93574, -14.4038, -5.65284], "uv": [24, 0]},
						{"origin": [-0.5, 11.2, 5.675], "size": [2.65, 5, 1.05], "pivot": [2.9, 1.575, 3.475], "rotation": [6.93574, -14.4038, -5.65284], "uv": [17, 38]},
						{"origin": [-0.5, 11.2, 2.175], "size": [2.65, 5, 1.05], "pivot": [2.9, 1.575, 3.475], "rotation": [6.93574, -14.4038, -5.65284], "uv": [18, 32]},
						{"origin": [-0.5, 2.8, 2.175], "size": [2.65, 6.9, 1.05], "pivot": [2.9, 1.575, 3.475], "rotation": [6.93574, -14.4038, -5.65284], "uv": [0, 0]},
						{"origin": [-0.5, 2.8, 5.675], "size": [2.65, 6.9, 1.05], "pivot": [2.9, 1.575, 3.475], "rotation": [6.93574, -14.4038, -5.65284], "uv": [12, 32]}
					]
				},
				{
					"name": "glowy",
					"parent": "grip",
					"pivot": [-0.81556, 23.72462, 1.23876],
					"rotation": [16.15134, -65.13682, -18.64201],
					"cubes": [
						{"origin": [-1.16556, 21.77462, -3.98624], "size": [1.05, 67, 11], "inflate": -0.5, "uv": [63, 3]}
					]
				},
				{
					"name": "_camera_",
					"pivot": [6.825, 33.725, 26.45]
				}
			]
		}
	]
}