{
	"format_version": "1.12.0",
	"minecraft:geometry": [
		{
			"description": {
				"identifier": "geometry.unknown",
				"texture_width": 256,
				"texture_height": 256,
				"visible_bounds_width": 13,
				"visible_bounds_height": 3.5,
				"visible_bounds_offset": [0, 1.25, 0]
			},
			"bones": [
				{
					"name": "bb_main",
					"pivot": [0, 0, 0]
				},
				{
					"name": "main",
					"pivot": [0, 21, 0]
				},
				{
					"name": "gun",
					"parent": "main",
					"pivot": [1, 12, -1],
					"cubes": [
						{"origin": [-1.75, 15.25, -2.5], "size": [3.5, 4, 5.5], "uv": [92, 45]},
						{"origin": [-1.75, 15.25, -2.5], "size": [3.5, 1, 2.75], "inflate": -0.001, "pivot": [1, 15.25, -2.5], "rotation": [-18.75, 0, 0], "uv": [58, 53]},
						{"origin": [-1.75, 6.675, -1.35], "size": [3.5, 8.6, 3.75], "inflate": 0.001, "pivot": [1, 15.275, -1.35], "rotation": [33.25, 0, 0], "uv": [13, 0]},
						{"origin": [-1.75, 6.625, 3.025], "size": [3.5, 2.5, 1.25], "pivot": [1, 10.625, 3.025], "rotation": [-10.75, 0, 0], "uv": [0, 60]},
						{"origin": [-1.75, 6.95, 1.35], "size": [3.5, 7.75, 1.75], "inflate": -0.001, "pivot": [1, 14.7, -0.65], "rotation": [42, 0, 0], "uv": [31, 0]},
						{"origin": [-1.75, 10.075, 6.35], "size": [3.5, 1.375, 1], "uv": [68, 2]},
						{"origin": [-1.75, 5.75, -2.75], "size": [3.5, 1.25, 5.25], "inflate": -0.001, "pivot": [1, 14, -0.5], "rotation": [43.5, 0, 0], "uv": [31, 19]},
						{"origin": [-1.75, 18.25, 1.75], "size": [3.5, 1, 2.25], "inflate": -0.001, "uv": [85, 38]},
						{"origin": [-1.75, 18.25, 2], "size": [3.5, 1.5, 2], "inflate": -0.002, "pivot": [1, 18.25, 4], "rotation": [41.5, 0, 0], "uv": [41, 52]},
						{"origin": [-1.5, 14.725, -7.775], "size": [3, 3.375, 1], "inflate": -0.098, "uv": [58, 32]},
						{"origin": [-1.5, 16.05, -7.775], "size": [3, 2.8, 1], "inflate": -0.099, "pivot": [1.4, 16, -7.1], "rotation": [34, 0, 0], "uv": [58, 36]},
						{"origin": [-2, 17.05, -21.2], "size": [4, 4.25, 19.3], "inflate": -0.099, "uv": [58, 22]},
						{"origin": [0.5, 16.3, -59.2], "size": [1.5, 5.15, 37.05], "inflate": -0.1, "pivot": [2, 16.4, -59.1], "rotation": [-0.96815, 0.25037, 10.99788], "uv": [0, 102]},
						{"origin": [-2, 16.3, -59.2], "size": [4, 5.15, 37.05], "inflate": -0.1, "pivot": [2, 16.4, -59.1], "rotation": [-0.96815, 0, 0], "uv": [0, 149]},
						{"origin": [-1.5, 15.425, -60], "size": [3, 5.15, 5.8], "inflate": -0.1, "pivot": [1.5, 15.525, -59.9], "rotation": [-2, 0, 0], "uv": [89, 0]},
						{"origin": [-1.5, 16.575, -65.525], "size": [3, 5.15, 5.8], "inflate": -0.1, "pivot": [1.5, 16.675, -65.425], "rotation": [-2, 0, 0], "uv": [88, 64]},
						{"origin": [-1.5, 16.575, -65.525], "size": [3, 5.15, 1.575], "inflate": -0.101, "pivot": [1.5, 16.675, -65.425], "rotation": [45.5, 0, 0], "uv": [13, 38]},
						{"origin": [-1.5, 15.425, -60], "size": [3, 5.15, 3.125], "inflate": -0.101, "pivot": [1.5, 15.525, -59.9], "rotation": [56, 0, 0], "uv": [13, 12]},
						{"origin": [1.425, 23.1, -25.85], "size": [1, 2.1, 7.25], "inflate": -0.1, "pivot": [2.325, 25.1, -57.1], "rotation": [4, -0.49863, -0.03706], "uv": [89, 10]},
						{"origin": [1.425, 25.8, -17.525], "size": [1, 3.2, 6.125], "inflate": -0.1, "pivot": [2.325, 25.1, -57.1], "rotation": [0, -0.49863, -0.03706], "uv": [88, 86]},
						{"origin": [-1.5, 24.875, -56.35], "size": [3, 2, 25.275], "inflate": -0.1, "pivot": [1.5, 26.775, -56.275], "rotation": [0, 0, -0.03706], "uv": [0, 0]},
						{"origin": [-1.5, 23.375, -56.35], "size": [3, 3.5, 1.9], "inflate": -0.101, "pivot": [1.5, 26.775, -56.275], "rotation": [-50, 0, -0.03706], "uv": [58, 4]},
						{"origin": [1.425, 4.175, -27.375], "size": [1, 2.45, 5.625], "inflate": -0.099, "pivot": [2.325, 25.1, -57.1], "rotation": [33.25, -0.49863, -0.03706], "uv": [101, 22]},
						{"origin": [-2.425, 25.8, -17.525], "size": [1, 3.2, 6.125], "inflate": -0.1, "pivot": [-2.325, 25.1, -57.1], "rotation": [0, 0.49863, 0.03706], "uv": [26, 86]},
						{"origin": [-2.425, 4.175, -27.375], "size": [1, 2.45, 5.625], "inflate": -0.099, "pivot": [-2.325, 25.1, -57.1], "rotation": [33.25, 0.49863, 0.03706], "uv": [85, 22]},
						{"origin": [-0.225, 22.85, -66.6], "size": [2.65, 2.35, 40.95], "inflate": -0.099, "pivot": [2.325, 25.1, -57.1], "rotation": [4, -0.49863, -0.03706], "uv": [44, 64]},
						{"origin": [-1.725, 23.525, -26.875], "size": [3.4, 1.1, 15.15], "inflate": -0.1, "pivot": [1.825, 24.525, -41.375], "rotation": [4, 0, 0], "uv": [88, 86]},
						{"origin": [-2.475, 22.55, -66.6], "size": [4.9, 2, 1.05], "inflate": -0.099, "pivot": [2.325, 24.45, -66.5], "rotation": [-61, -0.49863, -0.03706], "uv": [46, 6]},
						{"origin": [0.575, 18.625, -66.6], "size": [1.85, 5.925, 1.05], "inflate": -0.1, "pivot": [2.325, 24.45, -66.5], "rotation": [-60.56334, -9.45022, -5.0543], "uv": [24, 60]},
						{"origin": [-2.425, 18.625, -66.6], "size": [1.85, 5.925, 1.05], "inflate": -0.1, "pivot": [-2.325, 24.45, -66.5], "rotation": [-60.56334, 9.45022, 5.0543], "uv": [51, 41]},
						{"origin": [-2.425, 22.85, -66.6], "size": [2.65, 2.35, 40.95], "inflate": -0.1, "pivot": [-2.325, 25.1, -57.1], "rotation": [4, 0.49863, 0.03706], "uv": [0, 60]},
						{"origin": [-2.425, 23.1, -25.85], "size": [1, 2.1, 7.25], "inflate": -0.1, "pivot": [-2.325, 25.1, -57.1], "rotation": [4, 0.49863, 0.03706], "uv": [88, 74]},
						{"origin": [0.81559, 20.09927, -71.36405], "size": [1.1, 2.425, 4.95], "inflate": -0.099, "pivot": [1.8, 20.475, -70.6], "rotation": [31.5, 0, 0], "uv": [97, 74]},
						{"origin": [-1.91559, 20.09927, -71.36405], "size": [1.1, 2.425, 4.95], "inflate": -0.099, "pivot": [-1.8, 20.475, -70.6], "rotation": [31.5, 0, 0], "uv": [46, 0]},
						{"origin": [-1.04059, 21.52427, -67.46405], "size": [2.1, 1, 1.05], "inflate": -0.1, "pivot": [-0.925, 20.475, -70.6], "rotation": [31.5, 0, 0], "uv": [0, 43]},
						{"origin": [-1.90941, 23.24927, -68.23905], "size": [3.825, 1.125, 4.95], "inflate": -0.1, "pivot": [1.8, 22.325, -67.475], "rotation": [0, 0, 0], "uv": [42, 19]},
						{"origin": [0.81559, 19.79927, -71.08905], "size": [1.1, 2.425, 4.95], "inflate": -0.1, "pivot": [1.8, 20.175, -70.325], "rotation": [0, 0, 0], "uv": [45, 34]},
						{"origin": [-1.91559, 19.79927, -71.08905], "size": [1.1, 2.425, 4.95], "inflate": -0.1, "pivot": [-1.8, 20.175, -70.325], "rotation": [0, 0, 0], "uv": [12, 27]},
						{"origin": [0.5, 43.475, -37.925], "size": [1.5, 7.575, 3.8], "inflate": -0.101, "pivot": [2, 16.4, -59.1], "rotation": [-48.46815, 0.25037, 10.99788], "uv": [44, 60]},
						{"origin": [0.5, 16.3, -59.2], "size": [1.5, 4.4, 2.05], "inflate": -0.101, "pivot": [2, 16.4, -59.1], "rotation": [54.78185, 0.25037, 10.99788], "uv": [32, 27]},
						{"origin": [0.5, 24.375, -62.55], "size": [1.5, 3.15, 2.05], "inflate": -0.101, "pivot": [2, 16.4, -59.1], "rotation": [54.78185, 0.25037, 10.99788], "uv": [32, 42]},
						{"origin": [0.5, 18.05, -67.75], "size": [1.5, 2.2, 8.75], "inflate": -0.1, "pivot": [2, 16.4, -59.1], "rotation": [-0.96815, 0.25037, 10.99788], "uv": [58, 22]},
						{"origin": [-2, 24.375, -62.55], "size": [1.5, 3.15, 2.05], "inflate": -0.101, "pivot": [-2, 16.4, -59.1], "rotation": [54.78185, -0.25037, -10.99788], "uv": [0, 38]},
						{"origin": [-2, 18.05, -67.75], "size": [1.5, 2.2, 8.75], "inflate": -0.1, "pivot": [-2, 16.4, -59.1], "rotation": [-0.96815, -0.25037, -10.99788], "uv": [58, 0]},
						{"origin": [-2, 16.3, -59.2], "size": [1.5, 4.4, 2.05], "inflate": -0.101, "pivot": [-2, 16.4, -59.1], "rotation": [54.78185, -0.25037, -10.99788], "uv": [0, 27]},
						{"origin": [-2, 16.3, -59.2], "size": [1.5, 5.15, 37.05], "inflate": -0.1, "pivot": [-2, 16.4, -59.1], "rotation": [-0.96815, -0.25037, -10.99788], "uv": [91, 69]},
						{"origin": [-2, 43.475, -37.925], "size": [1.5, 7.575, 3.8], "inflate": -0.101, "pivot": [-2, 16.4, -59.1], "rotation": [-48.46815, -0.25037, -10.99788], "uv": [0, 12]},
						{"origin": [-2, 19.05, -2.1], "size": [4, 2.25, 6.3], "inflate": -0.101, "uv": [72, 47]},
						{"origin": [-2.5, 20.35, -18.1], "size": [5, 3, 22.55], "inflate": -0.099, "uv": [0, 27]},
						{"origin": [-1.5, 26.025, -12.1], "size": [3, 1.375, 11.55], "inflate": -0.099, "uv": [116, 126]},
						{"origin": [-1.5, 25.875, -1.05], "size": [1, 1.825, 4.95], "inflate": -0.299, "uv": [100, 0]},
						{"origin": [0.45, 25.875, -1.05], "size": [1, 1.825, 4.95], "inflate": -0.299, "uv": [86, 45]},
						{"origin": [-1, 26.075, -0.85], "size": [2, 1, 4.55], "inflate": -0.1, "uv": [26, 95]},
						{"origin": [-1.225, 23.2, -12.1], "size": [2.4, 3.45, 15.775], "inflate": -0.099, "uv": [0, 102]},
						{"origin": [-1.225, 23.375, 3.475], "size": [2.4, 2.925, 4.025], "inflate": -0.101, "pivot": [2.175, 26.2, 3.575], "rotation": [-32.25, 0, 0], "uv": [10, 92]},
						{"origin": [-1.225, 22.65, 5.5], "size": [2.4, 1.85, 1.825], "inflate": -0.1, "uv": [5, 12]},
						{"origin": [-1.5, 27.15, -11.35], "size": [3, 1.25, 9.55], "inflate": -0.1, "uv": [31, 0]},
						{"origin": [0.45, 27.025, -0.1], "size": [1, 2.1, 2.3], "inflate": -0.3, "uv": [58, 45]},
						{"origin": [0.45, 25.875, 0.9], "size": [1, 3.125, 1.3], "inflate": -0.301, "pivot": [1.2, 28.7, 1.2], "rotation": [-56.75, 0, 0], "uv": [18, 27]},
						{"origin": [0.45, 26.325, 0.4], "size": [1, 2.8, 1.8], "inflate": -0.301, "pivot": [1.2, 28.825, 1.9], "rotation": [50.25, 0, 0], "uv": [42, 42]},
						{"origin": [-1.5, 27.025, -0.1], "size": [1, 2.1, 2.3], "inflate": -0.3, "uv": [50, 27]},
						{"origin": [-1.5, 26.325, 0.4], "size": [1, 2.8, 1.8], "inflate": -0.301, "pivot": [-1.25, 28.825, 1.9], "rotation": [50.25, 0, 0], "uv": [42, 19]},
						{"origin": [-1.5, 25.875, 0.9], "size": [1, 3.125, 1.3], "inflate": -0.301, "pivot": [-1.25, 28.7, 1.2], "rotation": [-56.75, 0, 0], "uv": [12, 27]},
						{"origin": [-1.5, 27.2, -2.075], "size": [3, 1.8, 1.525], "inflate": -0.101, "pivot": [2, 27.3, -0.65], "rotation": [50.75, 0, 0], "uv": [68, 0]},
						{"origin": [1.35, 23.1, -12.1], "size": [1, 3, 12.8], "inflate": -0.099, "pivot": [2.35, 23.2, -12], "rotation": [0, 0, -15.75], "uv": [80, 126]},
						{"origin": [1.35, 23.1, 0.425], "size": [1, 2.075, 1.375], "inflate": -0.101, "pivot": [2.35, 23.2, -12], "rotation": [0, 0, -15.75], "uv": [52, 0]},
						{"origin": [1.35, 23.1, 1.475], "size": [1, 1.175, 1.375], "inflate": -0.102, "pivot": [2.35, 23.2, -12], "rotation": [0, 0, -15.75], "uv": [7, 21]},
						{"origin": [0.95, 23.1, 3.025], "size": [1.5, 4.725, 1.175], "inflate": -0.2, "pivot": [2.35, 23.2, 4], "rotation": [50.5, 0, -15.75], "uv": [18, 33]},
						{"origin": [-2.35, 23.1, 0.425], "size": [1, 2.075, 1.375], "inflate": -0.101, "pivot": [-2.35, 23.2, -12], "rotation": [0, 0, 15.75], "uv": [51, 34]},
						{"origin": [-2.35, 23.1, 1.475], "size": [1, 1.175, 1.375], "inflate": -0.102, "pivot": [-2.35, 23.2, -12], "rotation": [0, 0, 15.75], "uv": [7, 9]},
						{"origin": [-2.45, 23.1, 3.025], "size": [1.5, 4.725, 1.175], "inflate": -0.2, "pivot": [-2.35, 23.2, 4], "rotation": [50.5, 0, 15.75], "uv": [31, 19]},
						{"origin": [-2.35, 23.1, -12.1], "size": [1, 3, 12.8], "inflate": -0.099, "pivot": [-2.35, 23.2, -12], "rotation": [0, 0, 15.75], "uv": [39, 123]},
						{"origin": [-2.5, 20.35, 4.25], "size": [5, 2, 1.3], "inflate": -0.1, "uv": [13, 20]},
						{"origin": [-2.5, 22.15, 4.25], "size": [5, 1.7, 1.3], "inflate": -0.101, "pivot": [2.5, 22.25, 5.45], "rotation": [47.75, 0, 0], "uv": [0, 46]},
						{"origin": [-2, 18.225, -2.1], "size": [4, 1.25, 1.8], "inflate": -0.102, "uv": [93, 38]},
						{"origin": [-2, 17.05, -2.1], "size": [4, 1.25, 4.3], "inflate": -0.1, "pivot": [2, 17.15, -2], "rotation": [31, 0, 0], "uv": [19, 102]},
						{"origin": [-1.5, 13.9, -6.95], "size": [3, 1, 3.55], "inflate": -0.099, "uv": [12, 52]},
						{"origin": [-1.5, 13.9, -3.6], "size": [3, 1, 3.55], "inflate": -0.1, "pivot": [1.4, 14, -3.5], "rotation": [34.5, 0, 0], "uv": [0, 52]},
						{"origin": [-1.5, 13.9, -6.95], "size": [3, 1.375, 1], "inflate": -0.101, "pivot": [1.4, 14, -6.85], "rotation": [44.5, 0, 0], "uv": [68, 4]},
						{"origin": [-0.5, 14.65, -4.7], "size": [1, 4, 2.25], "inflate": -0.1, "pivot": [-1.25, 14.65, -3.7], "rotation": [-3.25, 0, 0], "uv": [32, 34]}
					]
				},
				{
					"name": "forward",
					"parent": "gun",
					"pivot": [4, 20.475, -70.6]
				},
				{
					"name": "bone",
					"parent": "forward",
					"pivot": [-4, 20.475, -70.6],
					"rotation": [0, -1.25, 0],
					"cubes": [
						{"origin": [-4.1, 20.375, -70.7], "size": [1.9, 1.75, 6.95], "inflate": -0.1, "pivot": [-4, 20.475, -70.6], "rotation": [0, 0, 22.75], "uv": [0, 102]},
						{"origin": [-4.1, 21.15, -66.35], "size": [1, 4.4, 56.7], "inflate": -0.099, "pivot": [-4, 20.475, -57.1], "rotation": [4.25, 0, 22.75], "uv": [58, 4]},
						{"origin": [-4.1, 20.375, -63.95], "size": [1.9, 4.65, 34.55], "inflate": -0.1, "pivot": [-4, 20.475, -63.85], "rotation": [0, 0, 22.75], "uv": [80, 114]},
						{"origin": [-4.1, 20.375, -29.6], "size": [1.9, 2.925, 6.55], "inflate": -0.101, "pivot": [-4, 20.475, -29.5], "rotation": [34.5, 0, 22.75], "uv": [70, 90]},
						{"origin": [-4.1, 41.325, -16.225], "size": [1, 1.875, 3.975], "inflate": -0.101, "pivot": [-4, 20.475, -57.1], "rotation": [-19.75, 0, 22.75], "uv": [58, 26]},
						{"origin": [-4.1, 50.125, -20.975], "size": [1, 1.4, 5.55], "inflate": -0.1, "pivot": [-4, 20.475, -57.1], "rotation": [-30.25, 0, 22.75], "uv": [80, 106]},
						{"origin": [-4.1, 21.15, -10.25], "size": [1, 1.4, 5.05], "inflate": -0.098, "pivot": [-4, 20.475, -57.1], "rotation": [4.25, 0, 22.75], "uv": [19, 107]},
						{"origin": [-4.1, 20.375, -70.7], "size": [1.9, 1.75, 5.875], "inflate": -0.098, "pivot": [-4, 20.475, -70.6], "rotation": [31.5, 0, 22.75], "uv": [57, 106]},
						{"origin": [-4.1, 21.575, -69.1], "size": [1.4, 1.75, 3.75], "inflate": -0.101, "pivot": [-4, 20.475, -70.6], "rotation": [0, 0, 22.75], "uv": [58, 22]}
					]
				},
				{
					"name": "bone2",
					"parent": "forward",
					"pivot": [4, 20.475, -70.6],
					"rotation": [0, 1.25, 0],
					"cubes": [
						{"origin": [1.95, 20.375, -70.7], "size": [2.15, 1.75, 6.95], "inflate": -0.1, "pivot": [4, 20.475, -70.6], "rotation": [0, 0, -22.75], "uv": [32, 42]},
						{"origin": [3.1, 21.15, -66.35], "size": [1, 4.4, 56.7], "inflate": -0.099, "pivot": [4, 20.475, -57.1], "rotation": [4.25, 0, -22.75], "uv": [0, 0]},
						{"origin": [1.95, 20.375, -63.95], "size": [2.15, 4.65, 34.55], "inflate": -0.1, "pivot": [4, 20.475, -63.85], "rotation": [0, 0, -22.75], "uv": [42, 110]},
						{"origin": [1.95, 20.375, -29.6], "size": [2.15, 2.925, 6.55], "inflate": -0.101, "pivot": [4, 20.475, -29.5], "rotation": [34.5, 0, -22.75], "uv": [0, 92]},
						{"origin": [3.1, 41.325, -16.225], "size": [1, 1.875, 3.975], "inflate": -0.101, "pivot": [4, 20.475, -57.1], "rotation": [-19.75, 0, -22.75], "uv": [58, 14]},
						{"origin": [3.1, 50.125, -20.975], "size": [1, 1.4, 5.55], "inflate": -0.1, "pivot": [4, 20.475, -57.1], "rotation": [-30.25, 0, -22.75], "uv": [39, 106]},
						{"origin": [2.18792, 48.47994, -21.83929], "size": [1.5, 1.4, 3.95], "inflate": -0.1, "pivot": [4, 20.475, -57.1], "rotation": [-30.25, 0, -22.75], "uv": [58, 0]},
						{"origin": [-6.11775, 47.56954, -21.37781], "size": [1.5, 1.4, 3.95], "inflate": -0.1, "pivot": [-4, 20.475, -57.1], "rotation": [-30.25, 0, 22.75], "uv": [48, 52]},
						{"origin": [3.1, 21.15, -10.25], "size": [1, 1.4, 5.05], "inflate": -0.098, "pivot": [4, 20.475, -57.1], "rotation": [4.25, 0, -22.75], "uv": [88, 95]},
						{"origin": [1.9, 20.375, -70.7], "size": [2.2, 1.75, 5.875], "inflate": -0.098, "pivot": [4, 20.475, -70.6], "rotation": [31.5, 0, -22.75], "uv": [42, 42]},
						{"origin": [2.7, 21.575, -69.1], "size": [1.4, 1.75, 3.75], "inflate": -0.101, "pivot": [4, 20.475, -70.6], "rotation": [0, 0, -22.75], "uv": [58, 10]}
					]
				},
				{
					"name": "bone4",
					"parent": "forward",
					"pivot": [-3.4, 20.4, -10.95],
					"cubes": [
						{"origin": [-3.4, 20.3, -30.2], "size": [1, 3.65, 19.35], "inflate": -0.099, "pivot": [-3.4, 20.4, -30.1], "rotation": [0, 0, -2.5], "uv": [88, 64]},
						{"origin": [-3.4, 20.3, -11.05], "size": [1, 1.45, 6.675], "inflate": -0.101, "pivot": [-3.4, 20.4, -10.95], "rotation": [31.75, 0, -2.5], "uv": [16, 92]},
						{"origin": [-3.4, 22, -16.95], "size": [1, 1.375, 11.8], "inflate": -0.1, "pivot": [-3.4, 20.4, -30.1], "rotation": [4, 0, -2.5], "uv": [0, 0]},
						{"origin": [-3.4, 21.625, -11.05], "size": [1, 1.775, 4.7], "inflate": -0.102, "pivot": [-3.4, 20.4, -10.95], "rotation": [20.75, 0, -2.5], "uv": [101, 29]},
						{"origin": [-3.1, 20.5, -33.2], "size": [6, 3.65, 19.35], "inflate": -0.1, "uv": [58, 0]},
						{"origin": [-3.1, 20.5, -14.05], "size": [6, 1.45, 6.675], "inflate": -0.1, "pivot": [2.9, 20.6, -13.95], "rotation": [31.75, 0, 0], "uv": [32, 27]},
						{"origin": [-3.1, 22.2, -19.95], "size": [6, 1.375, 11.8], "inflate": -0.1, "pivot": [2.9, 20.6, -33.1], "rotation": [4, 0, 0], "uv": [116, 36]}
					]
				},
				{
					"name": "bone3",
					"parent": "forward",
					"pivot": [3.4, 20.4, -30.1],
					"cubes": [
						{"origin": [2.4, 20.3, -11.05], "size": [1, 1.45, 6.675], "inflate": -0.101, "pivot": [3.4, 20.4, -10.95], "rotation": [31.75, 0, 2.5], "uv": [98, 10]},
						{"origin": [2.4, 20.3, -30.2], "size": [1, 3.65, 19.35], "inflate": -0.099, "pivot": [3.4, 20.4, -30.1], "rotation": [0, 0, 2.5], "uv": [116, 0]},
						{"origin": [2.4, 21.625, -11.05], "size": [1, 1.775, 4.7], "inflate": -0.102, "pivot": [3.4, 20.4, -10.95], "rotation": [20.75, 0, 2.5], "uv": [104, 38]},
						{"origin": [2.4, 22, -16.95], "size": [1, 1.375, 11.8], "inflate": -0.1, "pivot": [3.4, 20.4, -30.1], "rotation": [4, 0, 2.5], "uv": [0, 12]}
					]
				},
				{
					"name": "part",
					"parent": "gun",
					"pivot": [0, 15.85, -35.025],
					"cubes": [
						{"origin": [-1.5, 14.55, -29.2], "size": [3, 5.15, 6.975], "inflate": -0.1, "pivot": [1.5, 14.65, -29.1], "rotation": [-2, 0, 0], "uv": [0, 27]},
						{"origin": [-1.5, 14.55, -29.2], "size": [3, 4.075, 2.9], "inflate": -0.101, "pivot": [1.5, 14.65, -29.1], "rotation": [62, 0, 0], "uv": [103, 43]}
					]
				},
				{
					"name": "stock",
					"parent": "gun",
					"pivot": [1.35, 18.35, 15.275],
					"cubes": [
						{"origin": [-1.55, 19.825, 2.65], "size": [3, 3.5, 12.8], "inflate": -0.1, "uv": [116, 111]},
						{"origin": [-1.1, 19.175, 2.65], "size": [2.1, 4.8, 12.8], "inflate": -0.1, "uv": [85, 22]},
						{"origin": [-1.975, 23.15, 15.175], "size": [3.8, 1.5, 14.45], "inflate": -0.099, "pivot": [1.375, 24.55, 15.275], "rotation": [2, 0, 0], "uv": [80, 111]},
						{"origin": [-1.975, 18.25, 15.475], "size": [3.8, 1.5, 7.275], "inflate": -0.099, "pivot": [1.375, 19.65, 15.275], "rotation": [-13, 0, 0], "uv": [58, 45]},
						{"origin": [-1.975, 16.6, 22.375], "size": [3.8, 1.5, 7.575], "inflate": -0.101, "pivot": [1.375, 18, 22.475], "rotation": [-25.25, 0, 0], "uv": [0, 38]},
						{"origin": [-1.975, 16.6, 22.375], "size": [3.8, 1.5, 7.575], "inflate": -0.1, "pivot": [1.375, 18, 22.475], "rotation": [-34, 0, 0], "uv": [32, 34]},
						{"origin": [-1.975, 18.25, 15.175], "size": [3.8, 6.4, 1.7], "inflate": -0.1, "uv": [31, 10]},
						{"origin": [-1.975, 14.225, 29.2], "size": [3.8, 9.75, 1.625], "inflate": -0.101, "pivot": [1.375, 23.875, 30.725], "rotation": [3.25, 0, 0], "uv": [0, 0]},
						{"origin": [-1.975, 22.475, 28.95], "size": [3.8, 1.5, 1.875], "inflate": -0.1, "pivot": [1.375, 23.875, 30.725], "rotation": [-43.75, 0, 0], "uv": [0, 65]},
						{"origin": [-1.975, 12.725, 27.775], "size": [3.8, 2.35, 3.575], "inflate": -0.099, "pivot": [1.375, 14.4, 31.25], "rotation": [0.25, 0, 0], "uv": [85, 29]},
						{"origin": [-1.75, 22.85, 15.175], "size": [3.35, 1.8, 1.7], "inflate": -0.1, "pivot": [1.35, 24.55, 15.275], "rotation": [-33, 0, 0], "uv": [0, 63]},
						{"origin": [-1.75, 18.25, 15.175], "size": [3.35, 1.8, 1.7], "inflate": -0.1, "pivot": [1.35, 18.35, 15.275], "rotation": [33, 0, 0], "uv": [49, 60]}
					]
				},
				{
					"name": "magazine",
					"parent": "gun",
					"pivot": [1.75, 16.125, -20.675],
					"cubes": [
						{"origin": [-2.25, 14.05, -22.2], "size": [4.5, 1.5, 13.3], "inflate": -0.099, "uv": [116, 22]},
						{"origin": [-2.25, 13.05, -20.2], "size": [4.5, 1.25, 11.3], "inflate": -0.099, "uv": [0, 120]},
						{"origin": [-2.25, 13.05, -20.2], "size": [4.5, 2.425, 1.3], "inflate": -0.1, "pivot": [1.75, 13.15, -20.1], "rotation": [63.25, 0, 0], "uv": [31, 52]},
						{"origin": [-2.25, 15.35, -20.2], "size": [4.5, 1.9, 11.8], "inflate": -0.099, "uv": [116, 48]},
						{"origin": [-1.25, 14.475, -22.575], "size": [2.5, 3.15, 14.05], "inflate": -0.1, "uv": [39, 106]},
						{"origin": [-2.25, 15.35, -22.2], "size": [4.5, 2.825, 1.55], "inflate": -0.1, "pivot": [1.75, 15.45, -22.1], "rotation": [-49.75, 0, 0], "uv": [21, 52]},
						{"origin": [-2.25, 14.75, -9.1], "size": [4.5, 1.2, 1.525], "inflate": -0.098, "uv": [91, 54]},
						{"origin": [-2.25, 14.95, -9.325], "size": [4.5, 1, 1.75], "inflate": -0.1, "pivot": [1.75, 15.85, -7.675], "rotation": [-57.5, 0, 0], "uv": [71, 45]},
						{"origin": [-2.25, 12.6, -8.85], "size": [4.5, 2.35, 1.275], "inflate": -0.1, "pivot": [1.75, 14.85, -7.675], "rotation": [-38, 0, 0], "uv": [12, 46]}
					]
				},
				{
					"name": "holosight",
					"parent": "gun",
					"pivot": [-0.75, 29.575, -9],
					"cubes": [
						{"origin": [-2, 28, -11.55], "size": [4, 1.25, 8.65], "inflate": -0.299, "uv": [31, 10]},
						{"origin": [-2, 28.65, -11.55], "size": [1.2, 1.875, 7.8], "inflate": -0.3, "uv": [68, 64]},
						{"origin": [0.8, 28.65, -11.55], "size": [1.2, 1.875, 7.8], "inflate": -0.3, "uv": [24, 60]},
						{"origin": [0.8, 28.65, -4.5], "size": [1.2, 2.125, 1.6], "inflate": -0.301, "pivot": [1.75, 28.95, -3.2], "rotation": [33.75, 0, 0], "uv": [46, 0]},
						{"origin": [-2, 28.65, -4.5], "size": [1.2, 2.125, 1.6], "inflate": -0.301, "pivot": [-1.75, 28.95, -3.2], "rotation": [33.75, 0, 0], "uv": [45, 34]},
						{"origin": [0.65, 27.25, -11.55], "size": [1.325, 1.3, 8.65], "inflate": -0.3, "pivot": [1.725, 28.25, -11.25], "rotation": [0, 0, 60], "uv": [58, 32]},
						{"origin": [-1.975, 27.25, -11.55], "size": [1.325, 1.3, 8.65], "inflate": -0.3, "pivot": [-1.725, 28.25, -11.25], "rotation": [0, 0, -60], "uv": [58, 10]},
						{"origin": [-0.425, 28.75, -8.8], "size": [1.625, 1.35, 3.9], "inflate": -0.3, "pivot": [1.425, 29.35, -11.25], "rotation": [0, 0, -20.75], "uv": [47, 14]},
						{"origin": [-1.2, 28.75, -8.8], "size": [1.625, 1.35, 3.9], "inflate": -0.3, "pivot": [-1.425, 29.35, -11.25], "rotation": [0, 0, 20.75], "uv": [47, 10]},
						{"origin": [-1, 29.85, -7.4], "size": [2, 1.35, 1.6], "inflate": -0.3, "pivot": [-1, 30.45, -9.85], "rotation": [-19.5, 0, 0], "uv": [63, 159]},
						{"origin": [-1.2, 29.7, -6.7], "size": [1, 1.45, 1.1], "inflate": -0.4, "pivot": [-1.2, 30.4, -9.65], "rotation": [-12.11166, -1.84967, -8.55375], "uv": [74, 162]},
						{"origin": [0.2, 29.7, -6.7], "size": [1, 1.45, 1.1], "inflate": -0.4, "pivot": [1.2, 30.4, -9.65], "rotation": [-12.11166, 1.84967, 8.55375], "uv": [75, 169], "mirror": true},
						{"origin": [-0.5, 28.975, -6.55], "size": [1, 1.35, 1.8], "inflate": -0.3, "pivot": [-0.75, 29.575, -9], "rotation": [-5.75, 0, 0], "uv": [57, 170]}
					]
				},
				{
					"name": "rail",
					"parent": "gun",
					"pivot": [-1.1, 29.55, -23.25],
					"cubes": [
						{"origin": [-0.7, 28.75, -23.25], "size": [2, 1, 20.3], "inflate": -0.2, "uv": [176, 20]},
						{"origin": [-0.9, 28.1, -23], "size": [1.75, 1, 19.75], "uv": [138, 146]},
						{"origin": [-1.65, 27.7, -9], "size": [3.25, 1, 4.75], "uv": [159, 132]},
						{"origin": [-0.9, 25.1, -23], "size": [1.75, 4.5, 2], "inflate": 0.001, "pivot": [-0.9, 29.1, -23], "rotation": [-37, 0, 0], "uv": [167, 148]},
						{"origin": [-1.3, 28.75, -23.25], "size": [2, 1, 20.3], "inflate": -0.201, "uv": [177, 99]}
					]
				},
				{
					"name": "rightarm",
					"parent": "main",
					"pivot": [-4.3, 9.8, 21.8],
					"rotation": [-101.81106, -12.40003, -2.46982],
					"cubes": [
						{"origin": [-8.3, -14.2, 17.8], "size": [8, 24, 8], "uv": [44, 64]}
					]
				},
				{
					"name": "leftarm",
					"parent": "main",
					"pivot": [11.85, 2.75, -11.5],
					"rotation": [-131.10324, 1.09885, -37.83452],
					"cubes": [
						{"origin": [7.85, -21.25, -15.5], "size": [8, 24, 8], "uv": [0, 60]}
					]
				},
				{
					"name": "muzzleflash",
					"parent": "main",
					"pivot": [0, 21.7, -73.575],
					"cubes": [
						{"origin": [-0.5, 21.2, -73.875], "size": [1, 1, 1], "inflate": -0.4, "uv": [27, 69]}
					]
				},
				{
					"name": "scope",
					"parent": "main",
					"pivot": [0, 30.975, 1.05],
					"cubes": [
						{"origin": [-0.5, 30.475, 0.75], "size": [1, 1, 1], "inflate": -0.4, "uv": [30, 41]}
					]
				},
				{
					"name": "reticle",
					"parent": "main",
					"pivot": [0, 30.975, 0.2],
					"cubes": [
						{"origin": [-0.5, 30.475, -1.5], "size": [1, 1, 1], "uv": [32, 34]}
					]
				},
				{
					"name": "_cb_suppressor",
					"parent": "main",
					"pivot": [0, 24.15, -55.425],
					"cubes": [
						{"origin": [-0.5, 21.575, -67.55], "size": [1, 1, 1], "uv": [52, 5]}
					]
				},
				{
					"name": "_cb_scope",
					"parent": "main",
					"pivot": [0, 32.375, -15.375],
					"cubes": [
						{"origin": [-0.5, 29.05, -13.5], "size": [1, 1, 1], "uv": [27, 9]}
					]
				},
				{
					"name": "_cb_canted",
					"parent": "main",
					"pivot": [0, 29.35, -13.9],
					"cubes": [
						{"origin": [-0.5, 29.05, -6.75], "size": [1, 1, 1], "uv": [35, 105]}
					]
				},
				{
					"name": "_camera_",
					"pivot": [10.3119, 37.8579, 40.0827]
				}
			]
		}
	]
}