{
	"format_version": "1.12.0",
	"minecraft:geometry": [
		{
			"description": {
				"identifier": "geometry.unknown",
				"texture_width": 128,
				"texture_height": 128,
				"visible_bounds_width": 8,
				"visible_bounds_height": 5,
				"visible_bounds_offset": [0, 0.5, 0]
			},
			"bones": [
				{
					"name": "bb_main",
					"pivot": [0, 0, 0]
				},
				{
					"name": "main",
					"pivot": [0, 20, 0]
				},
				{
					"name": "gun",
					"parent": "main",
					"pivot": [1, 11, -1],
					"cubes": [
						{"origin": [-1.65, 5.075, -2.75], "size": [3.3, 13.4, 4.75], "pivot": [1.35, 19.075, -2.75], "rotation": [17.25, 0, 0], "uv": [0, 72]},
						{"origin": [-1.65, 6.25, -0.75], "size": [3.3, 5.5, 1.75], "inflate": -0.001, "pivot": [1.35, 11.75, -0.75], "rotation": [17.25, 0, 0], "uv": [29, 18]},
						{"origin": [-1.65, 10.75, -0.75], "size": [3.3, 1, 1.425], "inflate": -0.002, "pivot": [1.35, 11.75, -0.75], "rotation": [86.75, 0, 0], "uv": [29, 45]},
						{"origin": [-1.65, 13.325, -2.1], "size": [3.3, 1, 1.25], "inflate": 0.001, "pivot": [1.35, 14.325, -2.1], "rotation": [15.75, 0, 0], "uv": [29, 49]},
						{"origin": [-1.8, 13.475, -1.7], "size": [1, 1, 1.65], "inflate": 0.001, "pivot": [-0.8, 14.475, -1.7], "rotation": [15.94702, -8.89983, -2.53122], "uv": [52, 1]},
						{"origin": [0.8, 13.475, -1.7], "size": [1, 1, 1.65], "inflate": 0.001, "pivot": [0.8, 14.475, -1.7], "rotation": [15.94702, 8.89983, 2.53122], "uv": [51, 25]},
						{"origin": [-1.65, 11.35, -1.825], "size": [3.3, 2, 1.25], "inflate": -0.001, "pivot": [1.35, 13.35, -1.825], "rotation": [74.5, 0, 0], "uv": [40, 31]},
						{"origin": [-1.65, 15.95, -3.825], "size": [3.3, 2.25, 1.25], "inflate": -0.001, "pivot": [1.35, 18.2, -3.525], "rotation": [59.25, 0, 0], "uv": [40, 28]},
						{"origin": [-1.65, 13.325, -2.1], "size": [3.3, 1, 2.25], "inflate": -0.001, "pivot": [1.35, 14.325, -2.1], "rotation": [70.5, 0, 0], "uv": [0, 19]},
						{"origin": [0.85, 18.875, -11.4], "size": [1, 1.675, 15.7], "inflate": -0.198, "uv": [67, 0]},
						{"origin": [0.45, 19.725, -20.25], "size": [1.2, 1.175, 27.175], "inflate": -0.3, "uv": [0, 28]},
						{"origin": [-1.65, 19.725, -20.25], "size": [1.2, 1.175, 27.175], "inflate": -0.3, "uv": [0, 0]},
						{"origin": [-1.85, 18.875, -11.4], "size": [1, 1.675, 15.7], "inflate": -0.198, "uv": [0, 56]},
						{"origin": [-2.1, 18.3, -5.55], "size": [4.2, 2.5, 2.5], "inflate": -0.4, "pivot": [-2, 19.2, -5.35], "rotation": [-16, 0, 0], "uv": [13, 7]},
						{"origin": [-1.9, 17.8, -9.725], "size": [3.8, 1, 1], "inflate": -0.2, "pivot": [-4, 18.7, -9.525], "rotation": [-16, 0, 0], "uv": [8, 25]},
						{"origin": [-1.9, 17.8, -2.825], "size": [3.8, 1, 1], "inflate": -0.2, "pivot": [-4, 18.7, -2.625], "rotation": [-16, 0, 0], "uv": [0, 25]},
						{"origin": [-1.9, 19.35, 7.325], "size": [3.8, 1, 1], "inflate": -0.2, "pivot": [-4, 20.25, 7.525], "rotation": [-16, 0, 0], "uv": [18, 20]},
						{"origin": [-1.9, 19.35, 4.85], "size": [3.8, 1, 1], "inflate": -0.2, "pivot": [-4, 20.25, 5.05], "rotation": [-16, 0, 0], "uv": [0, 9]},
						{"origin": [-2.5, 18.05, -6.7], "size": [1.3, 1.575, 2.75], "inflate": -0.3, "pivot": [-2.4, 18.2, -6.5], "rotation": [-4.14525, 9.71677, -3.59893], "uv": [20, 13]},
						{"origin": [1.2, 18.05, -6.7], "size": [1.3, 1.575, 2.75], "inflate": -0.3, "pivot": [2.4, 18.2, -6.5], "rotation": [-4.14525, -9.71677, 3.59893], "uv": [12, 16]},
						{"origin": [-1.55, 21.3, -9.45], "size": [1, 1.575, 6.3], "inflate": -0.198, "uv": [29, 36]},
						{"origin": [-0.925, 22.375, -9.45], "size": [1.25, 1.175, 6.3], "inflate": -0.198, "uv": [12, 13]},
						{"origin": [-0.925, 22.225, -9.45], "size": [1.25, 1.325, 6.3], "inflate": -0.198, "pivot": [-0.725, 23.35, -9.25], "rotation": [0, 0, 42.75], "uv": [13, 0]},
						{"origin": [0.55, 18.825, -20.25], "size": [1.2, 1.35, 9.7], "inflate": -0.3, "pivot": [1.45, 19.875, -19.95], "rotation": [0, 0, 42.5], "uv": [80, 63]},
						{"origin": [-1.75, 18.825, -20.25], "size": [1.2, 1.35, 9.7], "inflate": -0.3, "pivot": [-1.45, 19.875, -19.95], "rotation": [0, 0, -42.5], "uv": [80, 26]},
						{"origin": [0.45, 19.575, -20.25], "size": [1.3, 1.075, 9.7], "inflate": -0.298, "uv": [80, 53]},
						{"origin": [-1.25, 19.025, -20.25], "size": [2.5, 1.325, 9.7], "inflate": -0.299, "uv": [29, 43]},
						{"origin": [-1.75, 19.575, -20.25], "size": [1.3, 1.075, 9.7], "inflate": -0.298, "uv": [7, 39]},
						{"origin": [-1.65, 17.525, -9.6], "size": [3.3, 1.6, 13.75], "inflate": 0.001, "uv": [19, 71]},
						{"origin": [-1.65, 17.525, -9.6], "size": [3.3, 1.65, 1.5], "pivot": [1.35, 17.525, -9.6], "rotation": [59, 0, 0], "uv": [29, 47]},
						{"origin": [-1.65, 18.375, -11], "size": [3.3, 1.675, 1.275], "inflate": -0.001, "pivot": [1.35, 18.375, -11], "rotation": [16.25, 0, 0], "uv": [18, 43]},
						{"origin": [0.75, 18.275, -11.1], "size": [1, 1.875, 1.075], "inflate": -0.1, "pivot": [1.65, 18.375, -11], "rotation": [18.04004, 25.3643, 7.9425], "uv": [38, 4]},
						{"origin": [-0.95, 18.225, -18], "size": [1.9, 2, 10.7], "inflate": 0.001, "uv": [0, 13]},
						{"origin": [-0.95, 18.225, -18], "size": [1.9, 1.825, 1], "pivot": [1.2, 18.225, -18], "rotation": [16.25, 0, 0], "uv": [52, 3]},
						{"origin": [-1.65, 17.675, 3.55], "size": [3.3, 1, 4.675], "inflate": -0.003, "pivot": [1.35, 17.675, 7.55], "rotation": [19.75, 0, 0], "uv": [10, 50]},
						{"origin": [-1.65, 18.35, 3.575], "size": [3.3, 2, 4.625], "inflate": -0.004, "uv": [10, 28]},
						{"origin": [-1.65, 17.9, 8.175], "size": [3.3, 1, 1], "inflate": -0.002, "pivot": [1.65, 17.9, 8.175], "rotation": [66.5, 0, 0], "uv": [18, 45]},
						{"origin": [-1.65, 18.8, 8.575], "size": [3.3, 1, 1.575], "inflate": -0.003, "pivot": [1.65, 18.8, 8.575], "rotation": [103.25, 0, 0], "uv": [29, 43]},
						{"origin": [-0.9, 18.8, 9.65], "size": [1.8, 1.1, 1.075], "inflate": -0.004, "pivot": [1.65, 18.8, 8.575], "rotation": [103.25, 0, 0], "uv": [41, 1]},
						{"origin": [-1.55, 18.8, 9.05], "size": [3.1, 1.1, 1.55], "inflate": -0.003, "pivot": [1.6, 18.8, 7.975], "rotation": [103.25, 0, 0], "uv": [29, 24]},
						{"origin": [-1.65, 17.875, 1.775], "size": [3.3, 3.5, 4], "inflate": -0.001, "pivot": [1.35, 18.875, 5.775], "rotation": [61, 0, 0], "uv": [31, 56]},
						{"origin": [-1.65, 5.575, 0.8], "size": [3.3, 1.5, 4.55], "inflate": -0.002, "uv": [0, 49]},
						{"origin": [-1.65, 5.975, 4.7], "size": [3.3, 4, 2.95], "inflate": -0.001, "pivot": [1.35, 9.975, 7.65], "rotation": [9, 0, 0], "uv": [0, 13]},
						{"origin": [-1.65, 9.975, 4.9], "size": [3.3, 7, 2.75], "inflate": -0.002, "pivot": [1.35, 9.975, 7.65], "rotation": [19.75, 0, 0], "uv": [0, 0]},
						{"origin": [-0.5, 14.65, -5.05], "size": [1, 4, 1], "inflate": -0.1, "pivot": [0.5, 14.65, -4.05], "rotation": [-12.5, 0, 0], "uv": [0, 28]},
						{"origin": [-1.25, 13.3, -9.075], "size": [2.5, 1, 4.5], "inflate": -0.2, "pivot": [1.25, 13.5, -4.775], "rotation": [-9, 0, 0], "uv": [67, 10]},
						{"origin": [-1.25, 13.3, -4.975], "size": [2.5, 1, 4.5], "inflate": -0.201, "pivot": [1.25, 13.5, -4.775], "rotation": [1.25, 0, 0], "uv": [67, 0]},
						{"origin": [-1.25, 13.975, -12.65], "size": [2.5, 1.1, 4], "inflate": -0.201, "pivot": [1.25, 14.175, -8.85], "rotation": [-81, 0, 0], "uv": [67, 5]},
						{"origin": [-1.25, 13.975, -12.55], "size": [2.5, 1, 4], "inflate": -0.202, "pivot": [1.25, 14.175, -8.75], "rotation": [-76.5, 0, 0], "uv": [17, 66]},
						{"origin": [-1.25, 16.3, -11.9], "size": [2.5, 2.75, 3], "inflate": -0.2, "pivot": [1.25, 16.5, -9.1], "rotation": [-47.25, 0, 0], "uv": [16, 34]},
						{"origin": [-1.3, 17.625, -18.15], "size": [2, 1, 7], "inflate": -0.201, "uv": [29, 28]},
						{"origin": [-0.7, 17.625, -18.15], "size": [2, 1, 7], "inflate": -0.2, "uv": [14, 72]},
						{"origin": [0.325, 16.5, 1.2], "size": [1.3, 1.2, 1.25], "inflate": -0.2, "pivot": [1.825, 17, 1.575], "rotation": [88.73836, 0.8114, 32.74107], "uv": [39, 9]},
						{"origin": [0.325, 16.5, 0.725], "size": [1.3, 1.2, 1.25], "inflate": -0.2, "pivot": [1.825, 17, 0.825], "rotation": [88.73836, 0.8114, 32.74107], "uv": [39, 11]},
						{"origin": [0.325, 16.5, 2.225], "size": [1.3, 1.2, 1.25], "inflate": -0.2, "pivot": [1.825, 17, 2.325], "rotation": [88.73836, 0.8114, 32.74107], "uv": [39, 13]},
						{"origin": [1.35, 18.175, 0.15], "size": [1, 1.075, 2.675], "inflate": -0.2, "pivot": [2.35, 18.15, 0.15], "rotation": [-6.40502, -5.38475, -2.01964], "uv": [12, 13]},
						{"origin": [1.025, 18.925, -8.975], "size": [1, 1.075, 1.85], "inflate": -0.2, "pivot": [2.075, 18.5, -8.975], "rotation": [91.59498, -5.38475, -2.01964], "uv": [38, 2]},
						{"origin": [0.954, 19.325, -6.6], "size": [1, 1, 1], "inflate": -0.3, "uv": [29, 38]},
						{"origin": [-1.425, 21.3, -20.5], "size": [2, 2, 16], "inflate": -0.3, "pivot": [0.575, 23.3, -20.5], "rotation": [0, 0, -20.75], "uv": [29, 0]}
					]
				},
				{
					"name": "magazine",
					"parent": "gun",
					"pivot": [0, 4.9, 4.425],
					"cubes": [
						{"origin": [-1.4, 4.275, -2.125], "size": [2.8, 14.55, 6], "pivot": [1.6, 17.775, -1.375], "rotation": [17.25, 0, 0], "uv": [0, 28]},
						{"origin": [-1.4, 3.275, 0.95], "size": [2.8, 1, 2.975], "pivot": [1.6, 17.775, -1.325], "rotation": [17.25, 0, 0], "uv": [12, 20]},
						{"origin": [-1.9, 4.375, 0.1], "size": [3.8, 1.375, 8.1], "inflate": -0.2, "uv": [29, 18]}
					]
				},
				{
					"name": "shell",
					"parent": "magazine",
					"pivot": [-0.6, 19.175, -0.175],
					"rotation": [5.35987, 1.23543, -12.94217],
					"cubes": [
						{"origin": [-0.6, 18.675, -0.175], "size": [1.5, 1.5, 3], "uv": [18, 39]}
					]
				},
				{
					"name": "bullet",
					"parent": "shell",
					"pivot": [-0.6, 19.175, -0.175],
					"cubes": [
						{"origin": [-0.6, 18.675, -2.2], "size": [1.5, 1.5, 3.525], "inflate": -0.2, "uv": [37, 36]}
					]
				},
				{
					"name": "slide",
					"parent": "gun",
					"pivot": [1, 11, -1],
					"cubes": [
						{"origin": [0.75, 20.475, -11.35], "size": [1, 2.35, 11.6], "uv": [0, 0]},
						{"origin": [-1.85, 20.375, -0.125], "size": [1, 2.8, 7.8], "inflate": -0.099, "uv": [49, 0]},
						{"origin": [0.85, 20.375, -0.125], "size": [1, 2.8, 7.8], "inflate": -0.099, "uv": [29, 0]},
						{"origin": [0.75, 20.475, -1.4], "size": [1, 1.35, 1.3], "pivot": [1.75, 20.475, -0.1], "rotation": [-71, 0, 0], "uv": [20, 51]},
						{"origin": [-1.5, 20.475, -20.05], "size": [3, 2.35, 8.75], "uv": [17, 56]},
						{"origin": [0.325, 19.825, -20.25], "size": [1, 1.05, 1], "inflate": -0.201, "uv": [29, 5]},
						{"origin": [-1.325, 19.825, -20.25], "size": [1, 1.05, 1], "inflate": -0.201, "uv": [23, 7]},
						{"origin": [0.75, 22.825, -10.25], "size": [1, 1.225, 16.1], "pivot": [1.75, 22.825, 7.25], "rotation": [0, 0, -36.5], "uv": [49, 2]},
						{"origin": [-1.75, 22.825, -3.35], "size": [1, 1.225, 9.2], "pivot": [-1.75, 22.825, 7.25], "rotation": [0, 0, 36.5], "uv": [5, 80]},
						{"origin": [-2.05, 23.15, -11.725], "size": [1, 1.65, 1.2], "inflate": -0.299, "pivot": [-1.75, 22.825, -11.4], "rotation": [-43.5, 0, 36.5], "uv": [43, 22]},
						{"origin": [-2.15, 22.75, -12.175], "size": [1, 1.8, 1.225], "inflate": -0.401, "pivot": [-1.75, 22.825, -11.35], "rotation": [-90, 0, 36.5], "uv": [23, 35]},
						{"origin": [-2.15, 22.625, -11.825], "size": [1, 1.225, 1.1], "inflate": -0.4, "pivot": [-1.75, 22.825, -11.4], "rotation": [-43.5, 0, 36.5], "uv": [29, 36]},
						{"origin": [1.05, 23.15, -11.725], "size": [1, 1.65, 1.2], "inflate": -0.299, "pivot": [1.75, 22.825, -11.4], "rotation": [-43.5, 0, -36.5], "uv": [32, 31]},
						{"origin": [1.15, 22.75, -12.175], "size": [1, 1.8, 1.225], "inflate": -0.401, "pivot": [1.75, 22.825, -11.35], "rotation": [-90, 0, -36.5], "uv": [23, 33]},
						{"origin": [1.15, 22.625, -11.825], "size": [1, 1.225, 1.1], "inflate": -0.4, "pivot": [1.75, 22.825, -11.4], "rotation": [-43.5, 0, -36.5], "uv": [32, 33]},
						{"origin": [-1.75, 22.825, -10.25], "size": [1, 1.225, 1], "pivot": [-1.75, 22.825, 7.25], "rotation": [0, 0, 36.5], "uv": [38, 0]},
						{"origin": [-1.85, 22.975, 0.75], "size": [1, 1.1, 6.2], "inflate": -0.099, "pivot": [-1.75, 23.075, 7.25], "rotation": [0, 0, 33.75], "uv": [0, 56]},
						{"origin": [-2.05, 22.875, 6.825], "size": [1, 1.45, 1], "inflate": -0.3, "pivot": [-1.75, 23.075, 7.25], "rotation": [40.25, 0, 33.75], "uv": [49, 11]},
						{"origin": [1.05, 22.875, 6.825], "size": [1, 1.45, 1], "inflate": -0.3, "pivot": [1.75, 23.075, 7.25], "rotation": [40.25, 0, -33.75], "uv": [10, 49]},
						{"origin": [-2.05, 22.775, 6.55], "size": [1, 1, 1], "inflate": -0.301, "pivot": [-1.75, 23.075, 7.75], "rotation": [0, 0, 33.75], "uv": [20, 49]},
						{"origin": [1.05, 22.775, 6.55], "size": [1, 1, 1], "inflate": -0.301, "pivot": [1.75, 23.075, 7.75], "rotation": [0, 0, -33.75], "uv": [49, 13]},
						{"origin": [-1.95, 23.475, -0.3], "size": [1, 1.1, 1], "inflate": -0.201, "pivot": [-1.75, 23.075, -0.1], "rotation": [-46, 0, 33.75], "uv": [10, 51]},
						{"origin": [-2.15, 22.975, -0.775], "size": [1, 1.5, 1.075], "inflate": -0.402, "pivot": [-1.75, 23.075, -0.1], "rotation": [-90, 0, 33.75], "uv": [23, 50]},
						{"origin": [-2.15, 22.775, -0.5], "size": [1, 1.3, 1], "inflate": -0.4, "pivot": [-1.75, 23.075, -0.1], "rotation": [-46, 0, 33.75], "uv": [42, 50]},
						{"origin": [0.95, 23.475, -0.3], "size": [1, 1.1, 1], "inflate": -0.201, "pivot": [1.75, 23.075, -0.1], "rotation": [-46, 0, -33.75], "uv": [0, 50]},
						{"origin": [1.15, 22.775, -0.5], "size": [1, 1.3, 1], "inflate": -0.4, "pivot": [1.75, 23.075, -0.1], "rotation": [-46, 0, -33.75], "uv": [50, 19]},
						{"origin": [1.15, 22.975, -0.775], "size": [1, 1.5, 1.075], "inflate": -0.402, "pivot": [1.75, 23.075, -0.1], "rotation": [-90, 0, -33.75], "uv": [50, 21]},
						{"origin": [0.85, 22.975, 0.75], "size": [1, 1.1, 6.2], "inflate": -0.099, "pivot": [1.75, 23.075, 7.25], "rotation": [0, 0, -33.75], "uv": [49, 9]},
						{"origin": [-1.75, 20.475, -3.35], "size": [1, 2.35, 3.6], "uv": [19, 22]},
						{"origin": [-1.75, 20.475, -9.25], "size": [1, 1.05, 5.9], "uv": [0, 63]},
						{"origin": [-1.75, 20.475, -11.35], "size": [1, 2.35, 2.1], "uv": [13, 0]},
						{"origin": [-1.75, 32.4, -13.85], "size": [1, 1.35, 1.1], "inflate": -0.001, "pivot": [-1.75, 32.4, 3.75], "rotation": [42, 0, 0], "uv": [43, 20]},
						{"origin": [-1.75, 32.4, 0.1], "size": [1, 1.35, 1.1], "inflate": -0.001, "pivot": [-1.75, 32.4, -16.4], "rotation": [-42, 0, 0], "uv": [43, 18]},
						{"origin": [-1, 22.825, -3.35], "size": [2, 1, 4.2], "uv": [35, 63]},
						{"origin": [0, 22.825, -9.25], "size": [1, 1, 5.9], "uv": [43, 19]},
						{"origin": [-1, 22.825, -10.25], "size": [2, 1, 1], "uv": [13, 4]},
						{"origin": [-1.25, 22.825, 0.85], "size": [2.5, 1, 6], "uv": [29, 9]},
						{"origin": [-1.25, 22.75, 5.85], "size": [2.5, 1.075, 1], "inflate": 0.001, "pivot": [1.25, 23.825, 6.85], "rotation": [44.75, 0, 0], "uv": [29, 0]},
						{"origin": [0.45, 22.7, 6.05], "size": [1, 1.325, 1], "inflate": -0.2, "pivot": [1.25, 23.825, 6.85], "rotation": [42.10853, 16.8072, -17.74026], "uv": [49, 9]},
						{"origin": [-1.45, 22.7, 6.05], "size": [1, 1.325, 1], "inflate": -0.2, "pivot": [-1.25, 23.825, 6.85], "rotation": [42.10853, -16.8072, 17.74026], "uv": [42, 46]},
						{"origin": [-1.85, 21.2, 6.7], "size": [3.7, 1.975, 1], "inflate": -0.098, "pivot": [1.75, 23.075, 7.6], "rotation": [13.25, 0, 0], "uv": [37, 40]},
						{"origin": [-2.15, 20.5, 6.3], "size": [1, 2.275, 1], "inflate": -0.2, "pivot": [-1.95, 22.575, 7.1], "rotation": [13.25, 0, 0], "uv": [29, 2]},
						{"origin": [1.15, 20.5, 6.3], "size": [1, 2.275, 1], "inflate": -0.2, "pivot": [1.95, 22.575, 7.1], "rotation": [13.25, 0, 0], "uv": [10, 28]},
						{"origin": [-2.15, 21.7, 6.3], "size": [1, 1.075, 1], "inflate": -0.2, "pivot": [-1.95, 22.575, 7.1], "rotation": [7.78619, 10.75417, -53.76601], "uv": [29, 40]},
						{"origin": [1.15, 21.7, 6.3], "size": [1, 1.075, 1], "inflate": -0.2, "pivot": [1.95, 22.575, 7.1], "rotation": [7.78619, -10.75417, 53.76601], "uv": [23, 39]},
						{"origin": [0.85, 20.275, 6.6], "size": [1.2, 1.475, 1.3], "inflate": -0.3, "pivot": [1.75, 23.075, 7.6], "rotation": [13.25, 0, 0], "uv": [42, 42]},
						{"origin": [0.15, 20.6, 6.9], "size": [1.3, 1.075, 1], "inflate": -0.3, "pivot": [1.75, 23.075, 7.6], "rotation": [13.25, 0, 0], "uv": [41, 5]},
						{"origin": [-1.45, 20.6, 6.9], "size": [1.3, 1.075, 1], "inflate": -0.3, "pivot": [-1.75, 23.075, 7.6], "rotation": [13.25, 0, 0], "uv": [41, 3]},
						{"origin": [-2.05, 20.275, 6.6], "size": [1.2, 1.475, 1.3], "inflate": -0.3, "pivot": [-1.75, 23.075, 7.6], "rotation": [13.25, 0, 0], "uv": [42, 36]},
						{"origin": [-0.75, 22.825, -20.05], "size": [1.5, 1, 9.9], "uv": [72, 43]},
						{"origin": [0.5, 22.825, -20.05], "size": [1, 1.25, 9.9], "inflate": -0.001, "pivot": [1.5, 22.825, -2.65], "rotation": [0, 0, -36.5], "uv": [74, 16]},
						{"origin": [-1.5, 22.825, -20.05], "size": [1, 1.25, 9.9], "inflate": -0.001, "pivot": [-1.5, 22.825, -2.65], "rotation": [0, 0, 36.5], "uv": [71, 75]},
						{"origin": [-0.5, 22.6, -19.175], "size": [1, 2, 1.55], "inflate": -0.3, "pivot": [0.2, 24.3, -18.875], "rotation": [19, 0, 0], "uv": [29, 12]},
						{"origin": [-0.5, 22.6, -19.175], "size": [1, 2, 1.05], "inflate": -0.301, "pivot": [0.2, 24.3, -18.875], "rotation": [-25.5, 0, 0], "uv": [29, 9]},
						{"origin": [-0.025, 23.65, 5.525], "size": [1.225, 1.25, 1.45], "inflate": -0.299, "uv": [49, 4]},
						{"origin": [-0.675, 23.575, 5.45], "size": [1.35, 1, 1.625], "inflate": -0.4, "uv": [49, 4]},
						{"origin": [-1.2, 23.6, 5.525], "size": [1.225, 1.3, 1.45], "inflate": -0.299, "uv": [49, 2]},
						{"origin": [-1.35, 23.6, 5.525], "size": [1.025, 1.075, 1.45], "inflate": -0.3, "uv": [32, 29]},
						{"origin": [-1.46, 24.15, 5.425], "size": [1.07, 1.075, 1.65], "inflate": -0.4, "pivot": [-0.65, 24.6, 4.45], "rotation": [0, 0, -58.75], "uv": [20, 30]},
						{"origin": [0.39, 24.15, 5.425], "size": [1.07, 1.075, 1.65], "inflate": -0.4, "pivot": [0.65, 24.6, 4.45], "rotation": [0, 0, 58.75], "uv": [29, 28]},
						{"origin": [0.325, 23.6, 5.525], "size": [1.025, 1.075, 1.45], "inflate": -0.3, "uv": [29, 32]},
						{"origin": [-1.05, 23.775, 3.55], "size": [1.075, 1.05, 2.6], "inflate": -0.301, "pivot": [-0.75, 24.525, 5.85], "rotation": [12, 0, 0], "uv": [21, 3]},
						{"origin": [-0.025, 23.775, 3.55], "size": [1.075, 1.05, 2.6], "inflate": -0.301, "pivot": [0.75, 24.525, 5.85], "rotation": [12, 0, 0], "uv": [20, 16]},
						{"origin": [0.25, 23.75, 6.175], "size": [1.15, 1.35, 1.65], "inflate": -0.5, "pivot": [0.65, 24.6, 6.675], "rotation": [-65.5, 0, 0], "uv": [42, 44]},
						{"origin": [-1.4, 23.75, 6.175], "size": [1.15, 1.35, 1.65], "inflate": -0.5, "pivot": [-0.65, 24.6, 6.675], "rotation": [-65.5, 0, 0], "uv": [44, 39]},
						{"origin": [-1.55, 23.75, 6.45], "size": [1.15, 1.35, 1.375], "inflate": -0.499, "pivot": [-0.65, 24.6, 6.675], "rotation": [-65.5, 0, 0], "uv": [32, 4]},
						{"origin": [0.4, 23.75, 6.45], "size": [1.15, 1.35, 1.375], "inflate": -0.499, "pivot": [0.65, 24.6, 6.675], "rotation": [-65.5, 0, 0], "uv": [29, 30]},
						{"origin": [-1.25, 23.75, 6.65], "size": [2.5, 1.35, 1.175], "inflate": -0.5, "pivot": [-0.75, 24.6, 6.675], "rotation": [-65.5, 0, 0], "uv": [20, 28]},
						{"origin": [-0.95, 23.275, 3.7], "size": [1.9, 1.025, 2.35], "inflate": -0.2, "uv": [21, 0]}
					]
				},
				{
					"name": "glowy",
					"parent": "slide",
					"pivot": [0.2, 24.6, -17.95],
					"cubes": [
						{"origin": [-0.975, 23.945, 5.88], "size": [1, 1, 1.2], "inflate": -0.4, "uv": [49, 0]},
						{"origin": [-0.025, 23.945, 5.88], "size": [1, 1, 1.2], "inflate": -0.4, "uv": [42, 48]},
						{"origin": [-0.5, 23.925, -18.25], "size": [1, 1, 1], "inflate": -0.35, "pivot": [0.2, 24.575, -17.95], "rotation": [-71.75, 0, 0], "uv": [0, 48]}
					]
				},
				{
					"name": "sightmount",
					"parent": "slide",
					"pivot": [0.25, 23.75, -1.325],
					"cubes": [
						{"origin": [-1.5, 23.35, -1.925], "size": [3, 1, 5.2], "inflate": -0.099, "uv": [4, 105]}
					]
				},
				{
					"name": "_cb_scope",
					"parent": "slide",
					"pivot": [0, 26.325, 12.75],
					"cubes": [
						{"origin": [-0.5, 23.75, 0.625], "size": [1, 1, 1], "uv": [27, 9]}
					]
				},
				{
					"name": "_cb_suppressor",
					"parent": "gun",
					"pivot": [0, 24.15, -8.425],
					"cubes": [
						{"origin": [-0.5, 21.575, -20.55], "size": [1, 1, 1], "uv": [52, 5]}
					]
				},
				{
					"name": "rightarm",
					"parent": "main",
					"pivot": [-4.8, 8.525, 20.9],
					"rotation": [-104.56106, -12.40003, -2.46982],
					"cubes": [
						{"origin": [-8.8, -15.475, 16.9], "size": [8, 24, 8], "uv": [48, 52]}
					]
				},
				{
					"name": "leftarm",
					"parent": "main",
					"pivot": [16.275, 2, 19.4],
					"rotation": [-21.45832, 6.70101, -29.35181],
					"cubes": [
						{"origin": [12.275, -22, 15.4], "size": [8, 24, 8], "uv": [48, 20]}
					]
				},
				{
					"name": "muzzleflash",
					"parent": "main",
					"pivot": [0, 21.9, -20.925],
					"cubes": [
						{"origin": [-0.5, 21.4, -21.225], "size": [1, 1, 1], "inflate": -0.4, "uv": [36, 35]}
					]
				},
				{
					"name": "scope",
					"parent": "main",
					"pivot": [0, 24.6, 22.75],
					"cubes": [
						{"origin": [-0.5, 24.1, 22.45], "size": [1, 1, 1], "inflate": -0.4, "uv": [0, 20]}
					]
				},
				{
					"name": "_camera_",
					"pivot": [6.825, 33.725, 26.45]
				}
			]
		}
	]
}