{
	"format_version": "1.12.0",
	"minecraft:geometry": [
		{
			"description": {
				"identifier": "geometry.unknown",
				"texture_width": 200,
				"texture_height": 200,
				"visible_bounds_width": 8,
				"visible_bounds_height": 3.5,
				"visible_bounds_offset": [0, 1.25, 0]
			},
			"bones": [
				{
					"name": "bb_main",
					"pivot": [0, 0, 0]
				},
				{
					"name": "main",
					"pivot": [0, 20, 0]
				},
				{
					"name": "gun",
					"parent": "main",
					"pivot": [1, 11, -1],
					"cubes": [
						{"origin": [2.25, 18.35, -26], "size": [6.75, 7, 2], "inflate": 0.001, "pivot": [9, 18.35, -28], "rotation": [0, 0, -65.5], "uv": [124, 18]},
						{"origin": [2.25, 14.4, -26], "size": [6.75, 4, 2], "pivot": [9, 18.4, -28], "rotation": [0, 0, 65.5], "uv": [144, 140]},
						{"origin": [-5, 9.35, -26], "size": [5, 6.75, 2], "pivot": [0, 9.35, -28], "rotation": [0, 0, 65.5], "uv": [137, 67]},
						{"origin": [0, 9.35, -26], "size": [8, 6.75, 2], "inflate": 0.002, "pivot": [0, 9.35, -28], "rotation": [0, 0, -65.5], "uv": [45, 9]},
						{"origin": [-9, 20.6, -26], "size": [9, 6.75, 2], "inflate": 0.003, "pivot": [0, 27.35, -28], "rotation": [0, 0, -65.5], "uv": [60, 23]},
						{"origin": [-2.175, 16, -11.5], "size": [4, 4, 1], "pivot": [-0.175, 18, -10.5], "rotation": [0, 0, -35], "uv": [11, 40]},
						{"origin": [0, 20.6, -26], "size": [4, 6.75, 2], "pivot": [0, 27.35, -28], "rotation": [0, 0, 65.5], "uv": [60, 66]},
						{"origin": [-9, 18.35, -26], "size": [6.75, 4, 2], "pivot": [-9, 18.35, -28], "rotation": [0, 0, 65.5], "uv": [77, 150]},
						{"origin": [-9, 12.4, -26], "size": [6.75, 6, 2], "inflate": 0.001, "pivot": [-9, 18.4, -28], "rotation": [0, 0, -65.5], "uv": [125, 149]},
						{"origin": [-9.25, 12.4, -28], "size": [7, 6, 2], "inflate": 0.001, "pivot": [-9.25, 18.4, -30], "rotation": [0, 0, -65.5], "uv": [140, 107]},
						{"origin": [-9.25, 18.35, -28], "size": [7, 4, 2], "pivot": [-9.25, 18.35, -30], "rotation": [0, 0, 65.5], "uv": [0, 55]},
						{"origin": [0, 20.6, -28], "size": [4, 7, 2], "pivot": [0, 27.6, -30], "rotation": [0, 0, 65.5], "uv": [46, 66]},
						{"origin": [-9, 20.6, -28], "size": [9, 7, 2], "inflate": 0.003, "pivot": [0, 27.6, -30], "rotation": [0, 0, -65.5], "uv": [144, 32]},
						{"origin": [0, 9.1, -28], "size": [8, 7, 2], "inflate": 0.002, "pivot": [0, 9.1, -30], "rotation": [0, 0, -65.5], "uv": [45, 0]},
						{"origin": [-5, 9.1, -28], "size": [5, 7, 2], "pivot": [0, 9.1, -30], "rotation": [0, 0, 65.5], "uv": [127, 32]},
						{"origin": [2.25, 14.4, -28], "size": [7, 4, 2], "pivot": [9.25, 18.4, -30], "rotation": [0, 0, 65.5], "uv": [77, 55]},
						{"origin": [2.25, 18.35, -28], "size": [7, 6, 2], "inflate": 0.001, "pivot": [9.25, 18.35, -30], "rotation": [0, 0, -65.5], "uv": [144, 132]},
						{"origin": [-1.025, 27.625, -26.55], "size": [3, 3, 21.55], "inflate": -0.5, "pivot": [-1.025, 30.625, -26.55], "rotation": [0, 0, 16], "uv": [0, 40]},
						{"origin": [-2.625, 20.925, -62.55], "size": [5, 5, 35.25], "pivot": [-0.1, 23.3, -62.55], "rotation": [0, 0, 16], "uv": [0, 0]},
						{"origin": [-3.125, 20.425, -46.55], "size": [6, 6, 6.25], "pivot": [-0.1, 23.3, -62.55], "rotation": [0, 0, 16], "uv": [17, 162]},
						{"origin": [-2.625, 20.925, -62.55], "size": [5, 5, 2], "inflate": 0.1, "pivot": [-0.1, 23.3, -62.55], "rotation": [0, 0, 16], "uv": [150, 149]},
						{"origin": [-1.025, 27.625, -26.55], "size": [3, 3, 2.5], "inflate": -0.3, "pivot": [-1.025, 30.625, -26.55], "rotation": [0, 0, 16], "uv": [57, 100]},
						{"origin": [-1.5, 15.975, -29.45], "size": [3, 14.75, 3.25], "inflate": 0.001, "uv": [27, 40]},
						{"origin": [1.5, 15.975, -29.45], "size": [6, 1, 3.25], "pivot": [1.5, 15.975, -29.45], "rotation": [0, 0, -84.25], "uv": [52, 57]},
						{"origin": [-1.25, 7.975, -29.45], "size": [2.5, 8, 2.25], "pivot": [-1.25, 15.975, -29.45], "rotation": [9.5, 0, 0], "uv": [19, 89]},
						{"origin": [-1.45, 7.075, -25.65], "size": [2.9, 1.1, 6.25], "inflate": -0.2, "pivot": [-1.25, 7.275, -25.45], "rotation": [1.25, 0, 0], "uv": [118, 103]},
						{"origin": [-1.45, 8.4, -25.65], "size": [2.9, 1.2, 6.25], "inflate": -0.2, "pivot": [-1.25, 7.1, -25.45], "rotation": [1.25, 0, 0], "uv": [112, 48]},
						{"origin": [-1.45, 7.65, -25.65], "size": [2.9, 1.2, 2.5], "inflate": -0.2, "pivot": [-1.25, 7.1, -25.45], "rotation": [1.25, 0, 0], "uv": [0, 32]},
						{"origin": [-1.25, 7.25, -25.45], "size": [2.5, 2.775, 2.25], "inflate": 0.001, "pivot": [-1.25, 7.275, -25.45], "rotation": [73.5, 0, 0], "uv": [71, 31]},
						{"origin": [-7.5, 15.975, -29.45], "size": [6, 1, 3.25], "pivot": [-1.5, 15.975, -29.45], "rotation": [0, 0, 84.25], "uv": [45, 17]},
						{"origin": [-3.5, 24.975, -28.45], "size": [7, 2.5, 2.25], "uv": [70, 17]},
						{"origin": [-0.5, 24.975, -28.45], "size": [4, 2.5, 2.25], "inflate": -0.001, "pivot": [3.5, 27.475, -28.45], "rotation": [0, 0, 54], "uv": [81, 86]},
						{"origin": [-3.5, 24.975, -28.45], "size": [4, 2.5, 2.25], "inflate": -0.001, "pivot": [-3.5, 27.475, -28.45], "rotation": [0, 0, -54], "uv": [60, 74]},
						{"origin": [-1.1, 6.1, -44.4], "size": [2.2, 11.75, 2.7], "inflate": 0.001, "uv": [73, 86]},
						{"origin": [-1.1, 7.1, -44.875], "size": [2.2, 3.75, 1], "pivot": [1.1, 10.85, -44.875], "rotation": [5.5, 0, 0], "uv": [82, 23]},
						{"origin": [-1.1, 10.85, -44.875], "size": [2.2, 6, 1], "inflate": -0.001, "pivot": [1.1, 10.85, -44.875], "rotation": [-5.5, 0, 0], "uv": [0, 64]},
						{"origin": [-1.1, 7.1, -42.225], "size": [2.2, 3.75, 1], "pivot": [1.1, 10.85, -41.225], "rotation": [-5.5, 0, 0], "uv": [23, 75]},
						{"origin": [-1.1, 10.85, -42.225], "size": [2.2, 6, 1], "inflate": -0.001, "pivot": [1.1, 10.85, -41.225], "rotation": [5.5, 0, 0], "uv": [52, 40]},
						{"origin": [-1.1, 15.675, -41.4], "size": [2.2, 2, 1], "pivot": [1.1, 17.675, -40.4], "rotation": [-53.5, 0, 0], "uv": [67, 57]},
						{"origin": [-1.1, 15.675, -45.9], "size": [2.2, 2, 1], "pivot": [1.1, 17.675, -45.9], "rotation": [53.5, 0, 0], "uv": [60, 31]},
						{"origin": [-1.35, 17.7, -46], "size": [2.7, 3, 5.7], "uv": [48, 167]}
					]
				},
				{
					"name": "rotatey",
					"parent": "gun",
					"pivot": [0, 29, -4.625],
					"cubes": [
						{"origin": [-1.75, 14.75, -1.5], "size": [3.5, 4.5, 5.5], "uv": [35, 145]},
						{"origin": [-1.75, 4.75, 0.125], "size": [3.5, 10.5, 5], "inflate": 0.001, "pivot": [1.75, 13.5, 0.125], "rotation": [30.25, 0, 0], "uv": [0, 40]},
						{"origin": [-1.5, 13.2, -9.1], "size": [3, 1, 7.2], "inflate": -0.2, "uv": [52, 40]},
						{"origin": [-1.75, 8.15, -18.775], "size": [3.5, 1, 8.825], "inflate": -0.2, "pivot": [1.75, 8.35, -10.15], "rotation": [3.5, 0, 0], "uv": [38, 89]},
						{"origin": [-1.75, 8.15, -10.95], "size": [3.5, 1.975, 1], "inflate": -0.199, "pivot": [1.75, 8.35, -10.15], "rotation": [-53, 0, 0], "uv": [6, 32]},
						{"origin": [-1.75, 9.075, -9.7], "size": [3.5, 10, 1], "inflate": -0.2, "uv": [70, 0]},
						{"origin": [-1.75, 9.075, -9.7], "size": [3.5, 10.25, 1], "inflate": -0.199, "pivot": [1.75, 9.275, -8.9], "rotation": [-3, 0, 0], "uv": [45, 23]},
						{"origin": [-1.75, 7.925, -23.15], "size": [3.5, 1, 4.825], "inflate": -0.2, "pivot": [1.75, 8.125, -18.525], "rotation": [1, 0, 0], "uv": [91, 18]},
						{"origin": [-0.5, 22.75, 29], "size": [1, 1, 1], "uv": [16, 52]},
						{"origin": [-1, 14.325, -6.15], "size": [2, 5, 1], "inflate": -0.1, "pivot": [1, 14.325, -5.15], "rotation": [-21, 0, 0], "uv": [23, 66]},
						{"origin": [-1.5, 14, -2.15], "size": [3, 5.7, 1], "inflate": -0.2, "uv": [52, 48]},
						{"origin": [-1.5, 14, -2.65], "size": [3, 1, 1.5], "inflate": -0.2, "pivot": [1.5, 14.2, -1.35], "rotation": [47, 0, 0], "uv": [22, 32]},
						{"origin": [-1.75, 3, 2.7], "size": [3.5, 11.75, 2.25], "pivot": [1.75, 14, -0.05], "rotation": [32.5, 0, 0], "uv": [77, 63]},
						{"origin": [-1.75, 5.325, 3.95], "size": [3.5, 1, 6.5], "inflate": 0.002, "pivot": [1.75, 6.325, 3.95], "rotation": [11.25, 0, 0], "uv": [96, 69]},
						{"origin": [-1.75, 4.75, 1.55], "size": [3.5, 1.5, 3], "inflate": -0.001, "pivot": [1.75, 13.5, 1.55], "rotation": [31, 0, 0], "uv": [92, 97]},
						{"origin": [-1.75, 19.25, 1.7], "size": [3.5, 3.25, 2.5], "inflate": 0.001, "pivot": [0.75, 19.25, 1.7], "rotation": [-25, 0, 0], "uv": [0, 101]},
						{"origin": [-1.65, 18.75, -9.5], "size": [3.3, 3.1, 12.5], "uv": [119, 65]},
						{"origin": [-1.65, 21.85, -9.5], "size": [3.3, 4.35, 1], "uv": [65, 40]},
						{"origin": [-1.65, 26.2, -8.5], "size": [3.3, 12.35, 2.25], "inflate": 0.001, "pivot": [1.65, 26.2, -8.5], "rotation": [-110.75, 0, 0], "uv": [51, 149]},
						{"origin": [-1.65, 24.05, -8.5], "size": [3.3, 6.35, 2.25], "inflate": -0.001, "pivot": [1.65, 24.05, -8.5], "rotation": [-110.75, 0, 0], "uv": [24, 0]},
						{"origin": [2, 18.35, -10.5], "size": [6, 5, 1], "inflate": 0.001, "pivot": [8, 18.35, -10.5], "rotation": [0, 0, -65.5], "uv": [151, 59]},
						{"origin": [2, 14.4, -10.5], "size": [6, 4, 1], "pivot": [8, 18.4, -10.5], "rotation": [0, 0, 65.5], "uv": [142, 26]},
						{"origin": [-5, 10.35, -10.5], "size": [5, 6, 1], "pivot": [0, 10.35, -10.5], "rotation": [0, 0, 65.5], "uv": [0, 87]},
						{"origin": [0, 10.35, -10.5], "size": [7, 6, 1], "inflate": 0.002, "pivot": [0, 10.35, -10.5], "rotation": [0, 0, -65.5], "uv": [61, 150]},
						{"origin": [-8, 20.35, -10.5], "size": [8, 6, 1], "inflate": 0.003, "pivot": [0, 26.35, -10.5], "rotation": [0, 0, -65.5], "uv": [77, 77]},
						{"origin": [0, 20.35, -10.5], "size": [4, 6, 1], "pivot": [0, 26.35, -10.5], "rotation": [0, 0, 65.5], "uv": [11, 64]},
						{"origin": [-8, 18.35, -10.5], "size": [6, 4, 1], "pivot": [-8, 18.35, -10.5], "rotation": [0, 0, 65.5], "uv": [126, 94]},
						{"origin": [-8, 13.4, -10.5], "size": [6, 5, 1], "inflate": 0.001, "pivot": [-8, 18.4, -10.5], "rotation": [0, 0, -65.5], "uv": [95, 55]},
						{"origin": [-1.025, 25.375, -4.825], "size": [3, 3, 4.25], "pivot": [-1.025, 28.375, -4.575], "rotation": [-2.16292, 0.62004, 15.9883], "uv": [151, 52]},
						{"origin": [-1.9, 20.725, -0.375], "size": [3.8, 1, 1], "pivot": [1.9, 20.725, -0.375], "rotation": [-120.75, 0, 0], "uv": [14, 32]},
						{"origin": [0.6, 20.375, 0.375], "size": [1.3, 2, 1], "pivot": [1.9, 20.375, 0.375], "rotation": [-143.0553, 8.13544, -7.79658], "uv": [16, 45]},
						{"origin": [-1.9, 20.375, 0.375], "size": [1.3, 2, 1], "pivot": [-1.9, 20.375, 0.375], "rotation": [-143.0553, -8.13544, 7.79658], "uv": [36, 40]},
						{"origin": [-1.025, 27.625, -6], "size": [3, 3, 1.7], "inflate": -0.4, "pivot": [-1.025, 30.625, -26.55], "rotation": [0, 0, 16], "uv": [38, 89]},
						{"origin": [-0.75, 26.875, -9.25], "size": [1.75, 1, 4.45], "uv": [46, 82]},
						{"origin": [-1, 24.875, -10.3], "size": [2.25, 3.25, 1], "inflate": -0.2, "uv": [0, 73]},
						{"origin": [-0.5, 24.775, -9.5], "size": [1.25, 3, 4.7], "uv": [62, 48]},
						{"origin": [-0.75, 26.125, -7.25], "size": [1.75, 1, 2.45], "inflate": -0.001, "uv": [28, 32]},
						{"origin": [-0.75, 26.875, -9.25], "size": [1.75, 1, 4.75], "inflate": 0.001, "pivot": [1, 26.875, -9.25], "rotation": [-22.75, 0, 0], "uv": [34, 75]}
					]
				},
				{
					"name": "stock",
					"parent": "rotatey",
					"pivot": [2.02, 24.25, 9.25],
					"rotation": [-7, 0, 0],
					"cubes": [
						{"origin": [0, 25, 9.25], "size": [2, 2, 21], "pivot": [0, 27, 9.25], "rotation": [0, 0, 22], "uv": [52, 63]},
						{"origin": [-0.7, 24.15, -0.9], "size": [2, 2, 10], "inflate": 0.2, "pivot": [-0.7, 26.15, 5.1], "rotation": [0, 0, 16], "uv": [141, 81]},
						{"origin": [-2, 25, 9.25], "size": [2, 2, 21], "inflate": -0.001, "pivot": [0, 27, 9.25], "rotation": [0, 0, -22], "uv": [52, 40]},
						{"origin": [1.85, 24.25, 9.25], "size": [2, 2, 21], "inflate": 0.001, "pivot": [1.85, 26.25, 9.25], "rotation": [0, 0, 85], "uv": [45, 0]},
						{"origin": [-3.85, 24.25, 9.25], "size": [2, 2, 21], "inflate": 0.001, "pivot": [-1.85, 26.25, 9.25], "rotation": [0, 0, -85], "uv": [27, 43]},
						{"origin": [0.1, 11.35, 29.5], "size": [2, 15, 1], "pivot": [2.1, 24.25, 30.5], "rotation": [-8.99461, 0.31281, 1.9754], "uv": [93, 150]},
						{"origin": [-1.5, 10.95, 29.5], "size": [3, 16, 1], "inflate": 0.001, "pivot": [1.5, 24.25, 30.5], "rotation": [-9, 0, 0], "uv": [0, 147]},
						{"origin": [-0.5, 20.25, 13.5], "size": [1, 4, 12], "uv": [46, 66]},
						{"origin": [-0.5, 20.25, 18.5], "size": [1, 2, 11], "inflate": -0.001, "pivot": [0.5, 20.25, 18.5], "rotation": [-30, 0, 0], "uv": [142, 13]},
						{"origin": [-0.5, 22.25, 21.7], "size": [1, 2, 7], "inflate": -0.001, "pivot": [0.5, 20.25, 18.5], "rotation": [-30, 0, 0], "uv": [32, 50]},
						{"origin": [-0.5, 24.25, 24.2], "size": [1, 2, 4], "inflate": -0.001, "pivot": [0.5, 20.25, 18.5], "rotation": [-30, 0, 0], "uv": [11, 73]},
						{"origin": [-0.5, 20.75, 25.5], "size": [1, 2, 4], "uv": [34, 66]},
						{"origin": [-0.5, 20.25, 13.5], "size": [1, 4, 1], "inflate": -0.001, "pivot": [0.5, 20.25, 13.5], "rotation": [15, 0, 0], "uv": [0, 40]},
						{"origin": [-3.02, 22.25, 9.25], "size": [1, 2, 21], "pivot": [-2.02, 24.25, 9.25], "rotation": [0, 0, -94], "uv": [23, 66]},
						{"origin": [-1, 19.75, 13.75], "size": [2, 2, 6], "uv": [24, 150]},
						{"origin": [-1, 19.75, 19.75], "size": [2, 2, 5], "inflate": -0.001, "pivot": [1, 21.75, 19.75], "rotation": [-46, 0, 0], "uv": [99, 153]},
						{"origin": [-1, 19, 15.75], "size": [2, 5, 2], "inflate": -0.2, "uv": [0, 0]},
						{"origin": [-2.1, 11.35, 29.5], "size": [2, 15, 1], "pivot": [-2.1, 24.25, 30.5], "rotation": [-8.99461, -0.31281, -1.9754], "uv": [41, 40]},
						{"origin": [0.5, 11.35, 20.45], "size": [1, 1, 7], "pivot": [1.5, 11.35, 27.45], "rotation": [-54.14954, 3.52249, -4.86023], "uv": [8, 150]},
						{"origin": [-1.5, 11.35, 20.45], "size": [1, 1, 7], "inflate": 0.001, "pivot": [-1.5, 11.35, 27.45], "rotation": [-54.14954, -3.52249, 4.86023], "uv": [141, 149]},
						{"origin": [-1.6, 14.25, 23.25], "size": [1, 1, 5], "inflate": 0.001, "pivot": [-1.7, 14.85, 28.05], "rotation": [-30.62516, -9.89244, 2.25229], "uv": [96, 61]},
						{"origin": [-0.5, 11.35, 20.45], "size": [1, 1, 7], "inflate": 0.002, "pivot": [0.5, 11.35, 27.45], "rotation": [-54, 0, 0], "uv": [149, 44]},
						{"origin": [0.7, 14.25, 23.25], "size": [1, 1, 5], "inflate": 0.001, "pivot": [1.7, 14.85, 28.05], "rotation": [-30.66518, 10.89166, -2.25951], "uv": [0, 94]},
						{"origin": [-1.6, 12.35, 24.95], "size": [1, 1, 5], "inflate": 0.001, "pivot": [-1.7, 14.85, 28.05], "rotation": [-53.51463, -10.29809, 1.44076], "uv": [92, 91]},
						{"origin": [-1.4, 13.15, 26.25], "size": [1, 1, 3], "inflate": 0.2, "pivot": [-1.7, 14.85, 28.05], "rotation": [-53.51463, -10.29809, 1.44076], "uv": [38, 93]},
						{"origin": [0.6, 12.35, 24.95], "size": [1, 1, 5], "inflate": 0.001, "pivot": [1.7, 14.85, 28.05], "rotation": [-53.51463, 10.29809, -1.44076], "uv": [92, 6]},
						{"origin": [0.4, 13.15, 26.25], "size": [1, 1, 3], "inflate": 0.2, "pivot": [1.7, 14.85, 28.05], "rotation": [-53.51463, 10.29809, -1.44076], "uv": [27, 57]},
						{"origin": [0.6, 14.25, 23.25], "size": [1, 1, 5], "inflate": 0.001, "pivot": [1.7, 14.85, 28.05], "rotation": [-30.62516, 9.89244, -2.25229], "uv": [92, 0]},
						{"origin": [2.02, 22.25, 9.25], "size": [1, 2, 21], "pivot": [2.02, 24.25, 9.25], "rotation": [0, 0, 94], "uv": [0, 64]}
					]
				},
				{
					"name": "pulley",
					"parent": "gun",
					"pivot": [1.5, 15.975, -32.45],
					"cubes": [
						{"origin": [-0.625, 17.075, -31.45], "size": [2, 2, 5.25], "inflate": -0.2, "pivot": [0.375, 19.075, -31.45], "rotation": [0, 0, 23], "uv": [28, 136]},
						{"origin": [-0.625, 18.675, -34.2], "size": [2, 1, 3.75], "inflate": -0.2, "pivot": [0.375, 19.075, -34.2], "rotation": [0, 0, 23], "uv": [38, 98]},
						{"origin": [-0.625, 16.575, -34.4], "size": [2, 2.5, 1], "inflate": -0.2, "pivot": [0.375, 19.075, -34.2], "rotation": [0, 0, 23], "uv": [60, 17]}
					]
				},
				{
					"name": "chamber",
					"parent": "gun",
					"pivot": [0, 18, -11],
					"cubes": [
						{"origin": [-2.325, 22.1, -24.2], "size": [1, 4.4, 13.4], "inflate": -0.2, "pivot": [-1.525, 26.3, -24], "rotation": [0, 0, -75.5], "uv": [15, 119]},
						{"origin": [-5.725, 22.1, -24.2], "size": [1, 4.4, 13.4], "inflate": -0.2, "pivot": [-1.525, 26.3, -24], "rotation": [0, 0, -75.5], "uv": [53, 118]},
						{"origin": [-5.125, 22.1, -24.2], "size": [3.2, 1, 13.4], "inflate": -0.2, "pivot": [-1.525, 26.3, -24], "rotation": [0, 0, -75.5], "uv": [19, 103]},
						{"origin": [-5.125, 25.5, -24.2], "size": [3.2, 1, 13.4], "inflate": -0.2, "pivot": [-1.525, 26.3, -24], "rotation": [0, 0, -75.5], "uv": [0, 101]},
						{"origin": [-7.9, 19.875, -24.2], "size": [1, 4.4, 13.4], "inflate": -0.2, "pivot": [-7.7, 20.075, -24], "rotation": [0, 0, 35], "uv": [115, 48]},
						{"origin": [-4.5, 19.875, -24.2], "size": [1, 4.4, 13.4], "inflate": -0.2, "pivot": [-7.7, 20.075, -24], "rotation": [0, 0, 35], "uv": [0, 115]},
						{"origin": [-7.3, 23.275, -24.2], "size": [3.2, 1, 13.4], "inflate": -0.2, "pivot": [-7.7, 20.075, -24], "rotation": [0, 0, 35], "uv": [38, 100]},
						{"origin": [-7.3, 19.875, -24.2], "size": [3.2, 1, 13.4], "inflate": -0.2, "pivot": [-7.7, 20.075, -24], "rotation": [0, 0, 35], "uv": [96, 55]},
						{"origin": [4.1, 19.875, -24.2], "size": [3.2, 1, 13.4], "inflate": -0.2, "pivot": [7.7, 20.075, -24], "rotation": [0, 0, -35], "uv": [92, 92]},
						{"origin": [6.9, 19.875, -24.2], "size": [1, 4.4, 13.4], "inflate": -0.2, "pivot": [7.7, 20.075, -24], "rotation": [0, 0, -35], "uv": [38, 114]},
						{"origin": [3.5, 19.875, -24.2], "size": [1, 4.4, 13.4], "inflate": -0.2, "pivot": [7.7, 20.075, -24], "rotation": [0, 0, -35], "uv": [112, 31]},
						{"origin": [4.1, 23.275, -24.2], "size": [3.2, 1, 13.4], "inflate": -0.2, "pivot": [7.7, 20.075, -24], "rotation": [0, 0, -35], "uv": [73, 91]},
						{"origin": [6.1, 16.3, -24.2], "size": [1, 4.4, 13.4], "inflate": -0.2, "pivot": [6.9, 16.5, -24], "rotation": [0, 0, -63.25], "uv": [111, 86]},
						{"origin": [2.7, 16.3, -24.2], "size": [1, 4.4, 13.4], "inflate": -0.2, "pivot": [6.9, 16.5, -24], "rotation": [0, 0, -63.25], "uv": [107, 110]},
						{"origin": [3.3, 16.3, -24.2], "size": [3.2, 1, 13.4], "inflate": -0.2, "pivot": [6.9, 16.5, -24], "rotation": [0, 0, -63.25], "uv": [91, 4]},
						{"origin": [3.3, 19.7, -24.2], "size": [3.2, 1, 13.4], "inflate": -0.2, "pivot": [6.9, 16.5, -24], "rotation": [0, 0, -63.25], "uv": [19, 89]},
						{"origin": [-4.825, 22.9, -24], "size": [1.1, 3, 12.9], "pivot": [-4.825, 22.9, -24], "rotation": [0, 0, 57], "uv": [130, 134]},
						{"origin": [-3.7, 16.3, -24.2], "size": [1, 4.4, 13.4], "inflate": -0.2, "pivot": [-6.9, 16.5, -24], "rotation": [0, 0, 63.25], "uv": [110, 0]},
						{"origin": [-6.5, 16.3, -24.2], "size": [3.2, 1, 13.4], "inflate": -0.2, "pivot": [-6.9, 16.5, -24], "rotation": [0, 0, 63.25], "uv": [0, 87]},
						{"origin": [-7.1, 16.3, -24.2], "size": [1, 4.4, 13.4], "inflate": -0.2, "pivot": [-6.9, 16.5, -24], "rotation": [0, 0, 63.25], "uv": [92, 106]},
						{"origin": [-6.5, 19.7, -24.2], "size": [3.2, 1, 13.4], "inflate": -0.2, "pivot": [-6.9, 16.5, -24], "rotation": [0, 0, 63.25], "uv": [54, 86]},
						{"origin": [-5.025, 25.7, -24.2], "size": [1, 1, 13.3], "inflate": -0.2, "pivot": [-4.825, 22.9, -24], "rotation": [0, 0, 57], "uv": [127, 18]},
						{"origin": [3.825, 22.9, -24], "size": [1, 3.2, 12.9], "pivot": [4.825, 22.9, -24], "rotation": [0, 0, -57], "uv": [0, 132]},
						{"origin": [3.825, 10.15, -24], "size": [1, 3, 12.9], "pivot": [4.825, 13.35, -24], "rotation": [0, 0, 57], "uv": [116, 131]},
						{"origin": [-4.825, 10.35, -24], "size": [1, 2.8, 12.9], "pivot": [-4.825, 13.35, -24], "rotation": [0, 0, -57], "uv": [137, 53]},
						{"origin": [-5.025, 9.55, -24.3], "size": [1, 1, 13.4], "inflate": -0.2, "pivot": [-4.825, 13.35, -24], "rotation": [0, 0, -57], "uv": [126, 80]},
						{"origin": [5.125, 16.55, -24], "size": [1, 2.5, 12.9], "pivot": [6.425, 16.75, -24], "rotation": [0, 0, 15.25], "uv": [14, 136]},
						{"origin": [5.325, 18.85, -24.2], "size": [1, 1, 13.3], "inflate": -0.2, "pivot": [6.425, 16.75, -24], "rotation": [0, 0, 15.25], "uv": [125, 4]},
						{"origin": [-6.325, 18.85, -24.2], "size": [1, 1, 13.3], "inflate": -0.2, "pivot": [-6.425, 16.75, -24], "rotation": [0, 0, -15.25], "uv": [86, 123]},
						{"origin": [-6.125, 16.55, -24], "size": [1, 2.5, 12.9], "pivot": [-6.425, 16.75, -24], "rotation": [0, 0, -15.25], "uv": [47, 135]},
						{"origin": [0.825, 23.275, -24], "size": [3, 2.4, 12.9], "inflate": -0.001, "pivot": [4.825, 22.9, -24], "rotation": [0, 0, -55], "uv": [122, 103]},
						{"origin": [-3.825, 22.9, -24], "size": [2.75, 2, 12.9], "inflate": -0.001, "pivot": [-4.825, 22.9, -24], "rotation": [0, 0, 45], "uv": [123, 117]},
						{"origin": [-5.125, 16.8, -24], "size": [2.75, 1.25, 12.9], "pivot": [-6.425, 16.75, -24], "rotation": [0, 0, -15.25], "uv": [31, 131]},
						{"origin": [-5.6, 17.175, -24], "size": [1, 1.25, 12.9], "inflate": -0.001, "pivot": [-6.425, 16.75, -24], "rotation": [0, 0, -15.25], "uv": [140, 94]},
						{"origin": [4.6, 17.175, -24], "size": [1, 1.25, 12.9], "inflate": -0.001, "pivot": [6.425, 16.75, -24], "rotation": [0, 0, 15.25], "uv": [140, 0]},
						{"origin": [1.875, 16.8, -24], "size": [3.25, 1.25, 12.9], "pivot": [6.425, 16.75, -24], "rotation": [0, 0, 15.25], "uv": [69, 123]},
						{"origin": [2.325, 10.7, -24], "size": [1.5, 1.95, 12.9], "inflate": -0.001, "pivot": [4.825, 13.35, -24], "rotation": [0, 0, 48.75], "uv": [139, 119]},
						{"origin": [-3.825, 12.175, -24], "size": [4, 1.05, 12.9], "inflate": -0.001, "pivot": [-4.825, 13.35, -24], "rotation": [0, 0, -29.5], "uv": [73, 106]},
						{"origin": [1.05, 11.075, -24], "size": [1.5, 1.05, 12.9], "inflate": -0.002, "pivot": [4.825, 13.35, -24], "rotation": [0, 0, 48.75], "uv": [87, 137]},
						{"origin": [-2.925, 16.275, -24], "size": [5.85, 5.8, 12.9], "inflate": 0.002, "uv": [70, 0]},
						{"origin": [-2.325, 14.575, -24], "size": [4.65, 1.7, 12.9], "inflate": 0.001, "uv": [104, 18]},
						{"origin": [1.075, 17.775, -24], "size": [1.85, 3.5, 12.9], "inflate": 0.001, "pivot": [2.825, 20.4, -24], "rotation": [0, 0, -28], "uv": [130, 36]},
						{"origin": [-2.925, 17.775, -24], "size": [1.85, 3.5, 12.9], "inflate": 0.001, "pivot": [-2.825, 20.4, -24], "rotation": [0, 0, 28], "uv": [102, 127]},
						{"origin": [-5.125, 10, -24.2], "size": [3.2, 1, 13.4], "inflate": -0.2, "pivot": [-1.525, 10.2, -24], "rotation": [0, 0, 75.5], "uv": [85, 77]},
						{"origin": [-5.725, 10, -24.2], "size": [1, 4.4, 13.4], "inflate": -0.2, "pivot": [-1.525, 10.2, -24], "rotation": [0, 0, 75.5], "uv": [104, 69]},
						{"origin": [-5.125, 13.4, -24.2], "size": [3.2, 1, 13.4], "inflate": -0.2, "pivot": [-1.525, 10.2, -24], "rotation": [0, 0, 75.5], "uv": [77, 63]},
						{"origin": [-2.325, 10, -24.2], "size": [1, 4.4, 13.4], "inflate": -0.2, "pivot": [-1.525, 10.2, -24], "rotation": [0, 0, 75.5], "uv": [57, 101]},
						{"origin": [-4.3, 11.375, -24], "size": [1, 1.05, 12.9], "inflate": -0.002, "pivot": [-4.3, 13.625, -24], "rotation": [0, 0, -57], "uv": [61, 137]}
					]
				},
				{
					"name": "grenade1",
					"parent": "chamber",
					"pivot": [0, 24.3, -10.6],
					"cubes": [
						{"origin": [-4.925, 22.9, -17.8], "size": [2.8, 2.8, 7.1], "pivot": [-1.525, 26.3, -23.6], "rotation": [0, 0, -75.5], "uv": [130, 51]}
					]
				},
				{
					"name": "grenade2",
					"parent": "chamber",
					"pivot": [-4.9, 20.65, -10.6],
					"cubes": [
						{"origin": [-5.375, 20.4, -17.8], "size": [2.8, 2.8, 7.1], "pivot": [-6.425, 22.65, -23.6], "rotation": [0, 0, 35], "uv": [30, 117]}
					]
				},
				{
					"name": "grenade3",
					"parent": "chamber",
					"pivot": [4.9, 20.65, -10.6],
					"cubes": [
						{"origin": [2.575, 20.4, -17.8], "size": [2.8, 2.8, 7.1], "pivot": [6.425, 22.65, -23.6], "rotation": [0, 0, -35], "uv": [23, 75]}
					]
				},
				{
					"name": "grenade4",
					"parent": "chamber",
					"pivot": [4.05, 15.75, -10.6],
					"cubes": [
						{"origin": [1.65, 16.6, -17.8], "size": [2.8, 2.8, 7.1], "pivot": [5.575, 17.75, -23.6], "rotation": [0, 0, -63.25], "uv": [0, 73]}
					]
				},
				{
					"name": "grenade5",
					"parent": "chamber",
					"pivot": [-4.05, 15.75, -10.6],
					"cubes": [
						{"origin": [-4.45, 16.6, -17.8], "size": [2.8, 2.8, 7.1], "pivot": [-5.575, 17.75, -23.6], "rotation": [0, 0, 63.25], "uv": [23, 66]}
					]
				},
				{
					"name": "grenade6",
					"parent": "chamber",
					"pivot": [0, 12.2, -10.6],
					"cubes": [
						{"origin": [-4.925, 10.8, -17.8], "size": [2.8, 2.8, 7.1], "pivot": [-1.525, 10.2, -23.6], "rotation": [0, 0, 75.5], "uv": [0, 64]}
					]
				},
				{
					"name": "rail",
					"parent": "gun",
					"pivot": [-1.1, 31.325, -23.75],
					"cubes": [
						{"origin": [-0.7, 30.525, -23.75], "size": [2, 1, 11], "inflate": -0.2, "uv": [45, 23]},
						{"origin": [-0.9, 30.225, -23.45], "size": [1.8, 1, 10.4], "uv": [103, 142]},
						{"origin": [-0.9, 28.725, -22.45], "size": [1.8, 1.5, 8.4], "uv": [52, 48]},
						{"origin": [-1.3, 30.525, -23.75], "size": [2, 1, 11], "inflate": -0.201, "uv": [141, 69]}
					]
				},
				{
					"name": "_cb_scope",
					"parent": "gun",
					"pivot": [0, 27.225, -19.15],
					"cubes": [
						{"origin": [-0.5, 30.825, -19.225], "size": [1, 1, 1], "uv": [39, 40]}
					]
				},
				{
					"name": "rightarm",
					"parent": "main",
					"pivot": [-4.3, 8.8, 21.8],
					"rotation": [-101.81106, -12.40003, -2.46982],
					"cubes": [
						{"origin": [-8.3, -15.2, 17.8], "size": [8, 24, 8], "uv": [80, 23]}
					]
				},
				{
					"name": "leftarm",
					"parent": "main",
					"pivot": [9.7, 3.8, -24.6],
					"rotation": [-119.61483, 1.67666, -38.31282],
					"cubes": [
						{"origin": [5.7, -20.2, -28.6], "size": [8, 24, 8], "uv": [0, 0]}
					]
				},
				{
					"name": "scope",
					"parent": "main",
					"pivot": [0, 36.625, -5.25],
					"cubes": [
						{"origin": [-0.5, 36.15, -5.55], "size": [1, 1, 1], "inflate": -0.4, "uv": [16, 50]}
					]
				},
				{
					"name": "muzzleflash",
					"parent": "main",
					"pivot": [-0.225, 23.525, -63.9],
					"cubes": [
						{"origin": [-0.725, 23.025, -64.2], "size": [1, 1, 1], "inflate": -0.4, "uv": [16, 48]}
					]
				},
				{
					"name": "muzzle",
					"parent": "main",
					"pivot": [-0.225, 31.6, -63.925],
					"cubes": [
						{"origin": [-0.725, 31.1, -64.225], "size": [1, 1, 1], "inflate": -0.4, "uv": [47, 40]}
					]
				},
				{
					"name": "_camera_",
					"pivot": [10.3119, 37.8579, 40.0827]
				}
			]
		}
	]
}