{
	"format_version": "1.12.0",
	"minecraft:geometry": [
		{
			"description": {
				"identifier": "geometry.unknown",
				"texture_width": 64,
				"texture_height": 64,
				"visible_bounds_width": 13,
				"visible_bounds_height": 3.5,
				"visible_bounds_offset": [0, 1.25, 0]
			},
			"bones": [
				{
					"name": "main",
					"pivot": [0, 21, 0]
				},
				{
					"name": "_ca_suppressor",
					"parent": "main",
					"pivot": [0, 24.15, -55.425],
					"cubes": [
						{"origin": [-0.5, 21.575, -67.55], "size": [1, 1, 1], "uv": [0, 0]}
					]
				},
				{
					"name": "silencer",
					"parent": "main",
					"pivot": [1.8, 22.325, -69.225],
					"cubes": [
						{"origin": [-1.90941, 23.24927, -82.23905], "size": [3.825, 1.125, 12], "inflate": -0.1, "pivot": [1.8, 22.325, -74.475], "rotation": [0, 0, 0], "uv": [0, 13]},
						{"origin": [-1.90941, 19.89927, -84.33905], "size": [3.825, 1.125, 12.05], "inflate": -0.1, "pivot": [1.8, 18.975, -74.475], "rotation": [0, 0, 0], "uv": [0, 0]},
						{"origin": [-1.90941, 21.09927, -72.86405], "size": [3.825, 1.125, 4.175], "inflate": -0.099, "pivot": [1.8, 20.475, -73.35], "rotation": [31.5, 0, 0], "uv": [0, 26]},
						{"origin": [-1.90941, 19.47427, -72.86405], "size": [3.825, 1.85, 1.175], "inflate": -0.099, "pivot": [1.8, 20.475, -73.35], "rotation": [31.5, 0, 0], "uv": [0, 10]},
						{"origin": [-1.90941, 21.09927, -84.71405], "size": [1.025, 1.125, 4.175], "inflate": -0.099, "pivot": [1.8, 20.475, -85.2], "rotation": [31.5, 0, 0], "uv": [0, 5]},
						{"origin": [-1.10941, 21.09927, -81.61405], "size": [2.225, 1.125, 1.075], "inflate": -0.099, "pivot": [2.6, 20.475, -85.2], "rotation": [31.5, 0, 0], "uv": [6, 13]},
						{"origin": [-1.90941, 19.47427, -84.71405], "size": [1.025, 1.85, 2.475], "inflate": -0.099, "pivot": [1.8, 20.475, -85.2], "rotation": [31.5, 0, 0], "uv": [6, 5]},
						{"origin": [-1.10941, 19.47427, -84.71405], "size": [2.225, 1.05, 1.075], "inflate": -0.099, "pivot": [2.6, 20.475, -85.2], "rotation": [31.5, 0, 0], "uv": [0, 13]},
						{"origin": [0.88441, 19.47427, -84.71405], "size": [1.025, 1.85, 2.975], "inflate": -0.099, "pivot": [-1.8, 20.475, -85.2], "rotation": [31.5, 0, 0], "uv": [6, 0]},
						{"origin": [0.88441, 21.09927, -84.71405], "size": [1.025, 1.125, 4.175], "inflate": -0.099, "pivot": [-1.8, 20.475, -85.2], "rotation": [31.5, 0, 0], "uv": [0, 0]},
						{"origin": [0.89059, 20.74927, -83.33905], "size": [1.025, 2.725, 10.9], "inflate": -0.1, "pivot": [1.8, 22.325, -76.675], "rotation": [0, 0, 0], "uv": [18, 13]},
						{"origin": [0.89059, 22.64927, -72.83905], "size": [1.025, 1.025, 1.3], "inflate": -0.101, "pivot": [1.8, 22.325, -76.675], "rotation": [0, 0, 0], "uv": [0, 5]},
						{"origin": [-1.91559, 22.64927, -72.83905], "size": [1.025, 1.025, 1.3], "inflate": -0.101, "pivot": [-1.8, 22.325, -76.675], "rotation": [0, 0, 0], "uv": [0, 2]},
						{"origin": [-1.91559, 20.74927, -83.33905], "size": [1.025, 2.725, 10.9], "inflate": -0.1, "pivot": [-1.8, 22.325, -76.675], "rotation": [0, 0, 0], "uv": [18, 0]},
						{"origin": [-1.80941, 19.99927, -72.73905], "size": [3.625, 4.275, 5.25], "inflate": -0.1, "pivot": [1.8, 22.325, -69.225], "rotation": [0, 0, 0], "uv": [25, 25]}
					]
				},
				{
					"name": "muzzleflash",
					"parent": "main",
					"pivot": [0, 22.125, -86.45],
					"cubes": [
						{"origin": [-0.5, 21.625, -86.75], "size": [1, 1, 1], "inflate": -0.4, "uv": [27, 69]}
					]
				}
			]
		}
	]
}