{
	"format_version": "1.12.0",
	"minecraft:geometry": [
		{
			"description": {
				"identifier": "geometry.unknown",
				"texture_width": 150,
				"texture_height": 150,
				"visible_bounds_width": 8,
				"visible_bounds_height": 4,
				"visible_bounds_offset": [0, 1, 0]
			},
			"bones": [
				{
					"name": "bb_main",
					"pivot": [0, 0, 0]
				},
				{
					"name": "main",
					"pivot": [0, 20, 0]
				},
				{
					"name": "gun",
					"parent": "main",
					"pivot": [1, 11, -1],
					"cubes": [
						{"origin": [-2, 14, -1.75], "size": [4, 5.5, 5.5], "uv": [98, 0]},
						{"origin": [-2, 18.5, -18.75], "size": [4, 1, 17.5], "uv": [0, 76]},
						{"origin": [-1.9, 19.5, -17.65], "size": [3.8, 1.5, 15.75], "uv": [0, 0]},
						{"origin": [-1.8, 21, -17.65], "size": [3.6, 1.5, 3.2], "inflate": 0.001, "uv": [55, 21]},
						{"origin": [-1.8, 21.9, -18.4], "size": [3.6, 3.5, 3.95], "inflate": 0.002, "uv": [0, 38]},
						{"origin": [-3.05, 22.3, -2.125], "size": [1, 1.35, 4.35], "inflate": -0.201, "pivot": [-2.25, 22.5, -1.925], "rotation": [0, 0, -39.5], "uv": [80, 40]},
						{"origin": [-3.515, 22.65, -2.125], "size": [1, 1.95, 4.35], "inflate": -0.2, "uv": [80, 35]},
						{"origin": [-3.515, 24.2, -2.125], "size": [1, 3.35, 4.35], "inflate": -0.199, "pivot": [-2.715, 24.4, 2.025], "rotation": [23, 0, 0], "uv": [26, 54]},
						{"origin": [-3.515, 25.8, -2.925], "size": [1, 1.55, 4.1], "inflate": -0.2, "pivot": [-2.715, 26.1, 0.975], "rotation": [6.5, 0, 0], "uv": [65, 76]},
						{"origin": [-3.515, 25.55, -3.025], "size": [1, 1.55, 1], "inflate": -0.201, "pivot": [-2.715, 25.85, -2.225], "rotation": [23, 0, 0], "uv": [33, 0]},
						{"origin": [-3.515, 26.925, -3.5], "size": [1, 1.55, 4.3], "inflate": -0.2, "pivot": [-3.315, 27.125, 0.825], "rotation": [3.87709, -5.22109, 53.32316], "uv": [6, 70]},
						{"origin": [2.515, 26.925, -3.5], "size": [1, 1.55, 4.3], "inflate": -0.2, "pivot": [3.315, 27.125, 0.825], "rotation": [3.87709, 5.22109, -53.32316], "uv": [26, 61]},
						{"origin": [1.565, 27.6, -3.575], "size": [1, 5.15, 4.3], "inflate": -0.2, "pivot": [2.365, 27.8, 0.75], "rotation": [0, 6.49776, -90], "uv": [0, 16]},
						{"origin": [1.56, 28, -4.45], "size": [1, 3.975, 4.3], "inflate": -0.2, "pivot": [2.365, 27.625, -0.125], "rotation": [0, 0, -90], "uv": [39, 38]},
						{"origin": [1.565, 30.225, -4.45], "size": [1.2, 2.55, 4.3], "inflate": -0.2, "pivot": [2.365, 29.125, -0.125], "rotation": [0, 0, -90], "uv": [25, 47]},
						{"origin": [-3.515, 27.05, 0.075], "size": [1, 1.45, 1], "inflate": -0.201, "pivot": [-3.315, 27.125, 0.825], "rotation": [18.12709, -5.22109, 53.32316], "uv": [31, 13]},
						{"origin": [2.515, 27.05, 0.075], "size": [1, 1.45, 1], "inflate": -0.201, "pivot": [3.315, 27.125, 0.825], "rotation": [18.12709, 5.22109, -53.32316], "uv": [10, 29]},
						{"origin": [2.05, 22.3, -2.125], "size": [1, 1.35, 4.35], "inflate": -0.201, "pivot": [2.25, 22.5, -1.925], "rotation": [0, 0, 39.5], "uv": [47, 62]},
						{"origin": [2.515, 24.2, -2.125], "size": [1, 3.35, 4.35], "inflate": -0.199, "pivot": [2.715, 24.4, 2.025], "rotation": [23, 0, 0], "uv": [39, 51]},
						{"origin": [2.515, 22.65, -2.125], "size": [1, 1.95, 4.35], "inflate": -0.2, "uv": [57, 62]},
						{"origin": [2.515, 25.8, -2.925], "size": [1, 1.55, 4.1], "inflate": -0.2, "pivot": [2.715, 26.1, 0.975], "rotation": [6.5, 0, 0], "uv": [0, 69]},
						{"origin": [2.515, 25.55, -3.025], "size": [1, 1.55, 1], "inflate": -0.201, "pivot": [2.715, 25.85, -2.225], "rotation": [23, 0, 0], "uv": [31, 20]},
						{"origin": [-3.05, 20.85, -2.125], "size": [6.1, 1.85, 4.35], "inflate": -0.198, "uv": [17, 26]},
						{"origin": [-1.8, 25.4, -15.5], "size": [3.6, 1, 1.05], "uv": [55, 35]},
						{"origin": [-1.8, 25.95, -15.5], "size": [3.6, 3.35, 6.05], "inflate": 0.001, "uv": [99, 11]},
						{"origin": [-1.8, 29.325, -4.1], "size": [3.6, 1, 3.55], "inflate": 0.001, "uv": [16, 54]},
						{"origin": [-2.5, 29.525, -0.725], "size": [5, 1, 3.55], "inflate": -0.2, "pivot": [2.3, 30.325, -0.525], "rotation": [-66.75, 0, 0], "uv": [21, 9]},
						{"origin": [1.45, 29.525, -0.725], "size": [1.05, 1, 3.475], "inflate": -0.201, "pivot": [2.3, 30.325, -0.525], "rotation": [-67.16848, 4.5138, -10.58811], "uv": [61, 44]},
						{"origin": [-2.5, 29.525, -0.725], "size": [1.05, 1, 3.475], "inflate": -0.201, "pivot": [-2.3, 30.325, -0.525], "rotation": [-67.16848, -4.5138, 10.58811], "uv": [16, 58]},
						{"origin": [-1.8, 25.95, -9.45], "size": [3.6, 3.35, 6.05], "pivot": [1.8, 25.95, -9.45], "rotation": [10.25, 0, 0], "uv": [97, 51]},
						{"origin": [-1.8, 25.4, -18.4], "size": [3.6, 4.75, 1], "inflate": -0.001, "pivot": [1.8, 25.4, -18.4], "rotation": [-7, 0, 0], "uv": [0, 54]},
						{"origin": [-1.8, 25.4, -17.8], "size": [3.6, 4.725, 2.5], "uv": [55, 38]},
						{"origin": [1.15, 28, -17.65], "size": [1.1, 2.4, 2.4], "inflate": -0.2, "pivot": [2.05, 30.125, -17.45], "rotation": [7, 0, 0], "uv": [45, 13]},
						{"origin": [-2.25, 28, -17.65], "size": [1.1, 2.4, 2.4], "inflate": -0.2, "pivot": [-2.05, 30.125, -17.45], "rotation": [7, 0, 0], "uv": [45, 0]},
						{"origin": [-1.8, 28.9, -15.3], "size": [3.6, 1.225, 2.5], "inflate": -0.001, "pivot": [1.8, 30.125, -15.3], "rotation": [-23.5, 0, 0], "uv": [39, 58]},
						{"origin": [-1.8, 21, -11.65], "size": [3.6, 1.5, 10], "uv": [82, 0]},
						{"origin": [-1.8, 20.75, -11.65], "size": [3.6, 1.75, 1], "inflate": -0.001, "pivot": [1.8, 22.5, -11.65], "rotation": [-57.5, 0, 0], "uv": [63, 35]},
						{"origin": [-1.8, 20.75, -14.65], "size": [3.6, 1, 3], "uv": [55, 8]},
						{"origin": [-1.6, 21.7, -13.15], "size": [3.2, 1.1, 1.5], "uv": [17, 51]},
						{"origin": [-1.6, 21.15, -14.15], "size": [3.2, 1.1, 1], "uv": [39, 35]},
						{"origin": [-1.6, 25.45, -13.15], "size": [3.2, 1, 1], "uv": [47, 35]},
						{"origin": [-1.6, 25.45, -12.15], "size": [3.2, 1, 3], "inflate": -0.001, "pivot": [1.6, 25.45, -12.15], "rotation": [14.5, 0, 0], "uv": [0, 48]},
						{"origin": [-1.6, 21.7, -15.15], "size": [3.2, 4.55, 1], "uv": [29, 38]},
						{"origin": [-1.3, 13.15, -5.725], "size": [2.6, 1.75, 4.75], "uv": [24, 32]},
						{"origin": [0.125, 14.05, -4.975], "size": [1.35, 1, 2.75], "pivot": [1.475, 15.05, -4.975], "rotation": [0, 21, 0], "uv": [45, 38]},
						{"origin": [-1.475, 14.05, -4.975], "size": [1.35, 1, 2.75], "pivot": [-1.475, 15.05, -4.975], "rotation": [0, -21, 0], "uv": [9, 38]},
						{"origin": [-2, 14, -1.75], "size": [4, 5, 4.5], "inflate": 0.001, "pivot": [2, 14, -1.75], "rotation": [-43.25, 0, 0], "uv": [21, 0]},
						{"origin": [-2, 10.925, 1.525], "size": [4, 4.8, 4.5], "pivot": [2, 10.925, 1.525], "rotation": [-24.25, 0, 0], "uv": [25, 84]},
						{"origin": [-2, 14.725, 6.025], "size": [4, 1, 1], "pivot": [2, 10.925, 1.525], "rotation": [-24.25, 0, 0], "uv": [0, 29]},
						{"origin": [-2, 9.05, 5.625], "size": [4, 4.2, 6.5], "inflate": 0.001, "uv": [17, 16]},
						{"origin": [-2, 9.05, 12.125], "size": [4, 4.5, 8.5], "pivot": [2, 9.05, 12.125], "rotation": [21.25, 0, 0], "uv": [84, 71]},
						{"origin": [-2, 12.05, 12.025], "size": [4, 7.5, 8.5], "inflate": 0.002, "uv": [0, 54]},
						{"origin": [-2, 16.55, 12.15], "size": [4, 3, 2.5], "inflate": 0.001, "pivot": [2, 16.55, 12.15], "rotation": [41.75, 0, 0], "uv": [39, 20]},
						{"origin": [-2, 13.275, 11.7], "size": [4, 1, 3.25], "inflate": -0.001, "pivot": [2, 11.275, 12.45], "rotation": [43, 0, 0], "uv": [14, 32]},
						{"origin": [-2, 17.05, 3.45], "size": [4, 1, 2.5], "inflate": 0.001, "pivot": [2, 17.05, 3.45], "rotation": [41.75, 0, 0], "uv": [39, 62]},
						{"origin": [-2.45, 11.3, 20.525], "size": [4.9, 8.25, 15], "uv": [61, 71]},
						{"origin": [-2.7, 12.8, 29.025], "size": [5.4, 6.75, 3], "uv": [57, 109]},
						{"origin": [-3.2, 19.55, 29.025], "size": [6.4, 4.25, 3], "uv": [33, 111]},
						{"origin": [-1.95, 24.7, 29.025], "size": [3.9, 1, 3], "uv": [16, 117]},
						{"origin": [-2.95, 19.45, 2.025], "size": [5.9, 2.5, 33.5], "uv": [39, 0]},
						{"origin": [-2.025, 21.05, 13.275], "size": [2.9, 1.75, 3.5], "pivot": [-2.025, 20.3, 13.275], "rotation": [0, -29.25, 0], "uv": [26, 71]},
						{"origin": [-0.875, 21.05, 13.275], "size": [2.9, 1.75, 3.5], "pivot": [2.025, 20.3, 13.275], "rotation": [0, 29.25, 0], "uv": [39, 65]},
						{"origin": [-2.4, 21.8, 2.025], "size": [4.8, 1, 15.5], "inflate": 0.001, "uv": [80, 35]},
						{"origin": [1.95, 21.95, 2.025], "size": [1, 1, 15.5], "inflate": -0.001, "pivot": [2.95, 21.95, 2.025], "rotation": [0, 0, -33.25], "uv": [0, 38]},
						{"origin": [-2.95, 21.95, 2.025], "size": [1, 1, 15.5], "inflate": -0.001, "pivot": [-2.95, 21.95, 2.025], "rotation": [0, 0, 33.25], "uv": [0, 16]},
						{"origin": [-1.75, 18.525, 5.025], "size": [3.5, 2.5, 5.5], "uv": [39, 26]},
						{"origin": [1.95, 17.95, -1.975], "size": [1, 1.5, 37.5], "inflate": -0.001, "pivot": [2.95, 19.45, -1.975], "rotation": [0, 0, 50.75], "uv": [0, 38]},
						{"origin": [-2.95, 17.95, -1.975], "size": [1, 1.5, 37.5], "inflate": -0.001, "pivot": [-2.95, 19.45, -1.975], "rotation": [0, 0, -50.75], "uv": [0, 0]},
						{"origin": [-2.95, 21.95, 17.525], "size": [5.9, 2.6, 7.5], "uv": [48, 76]},
						{"origin": [2.05, 22.225, 17.275], "size": [1, 2, 2.2], "pivot": [3.05, 22.225, 17.275], "rotation": [0, 16, 0], "uv": [31, 16]},
						{"origin": [-3.05, 22.225, 17.275], "size": [1, 2, 2.2], "pivot": [-3.05, 22.225, 17.275], "rotation": [0, -16, 0], "uv": [17, 16]},
						{"origin": [1.95, 24.55, 17.525], "size": [1, 1.35, 7.675], "inflate": -0.002, "pivot": [2.95, 24.55, 17.525], "rotation": [0, 0, -47.5], "uv": [0, 84]},
						{"origin": [-1.95, 22.85, 18.025], "size": [3.9, 2.6, 17.5], "inflate": -0.001, "uv": [25, 77]},
						{"origin": [-2.95, 22.8, 25.025], "size": [5.9, 1.75, 7.5], "inflate": -0.001, "pivot": [2.95, 24.55, 25.025], "rotation": [-11.75, 0, 0], "uv": [82, 22]},
						{"origin": [1.95, 24.55, 25.025], "size": [1, 1.375, 7.5], "inflate": -0.001, "pivot": [2.95, 24.55, 25.025], "rotation": [-7.96132, -8.66977, -47.14554], "uv": [25, 76]},
						{"origin": [-2.95, 24.55, 25.025], "size": [1, 1.375, 7.5], "inflate": -0.001, "pivot": [-2.95, 24.55, 25.025], "rotation": [-7.96132, 8.66977, 47.14554], "uv": [55, 13]},
						{"origin": [-2.95, 24.55, 17.525], "size": [1, 1.35, 7.675], "inflate": -0.002, "pivot": [-2.95, 24.55, 17.525], "rotation": [0, 0, 47.5], "uv": [0, 76]},
						{"origin": [-2.95, 21.95, 25.025], "size": [5.9, 1.1, 10.5], "uv": [39, 51]},
						{"origin": [1.95, 23.05, 25.025], "size": [1, 2.6, 10.5], "inflate": -0.002, "pivot": [2.95, 23.05, 25.025], "rotation": [0, 0, -22.5], "uv": [12, 96]},
						{"origin": [2.2, 23.8, 29.025], "size": [1, 2.275, 3], "inflate": -0.002, "pivot": [3.2, 23.8, 29.025], "rotation": [0, 0, -33.25], "uv": [10, 110]},
						{"origin": [-3.2, 23.8, 29.025], "size": [1, 2.275, 3], "inflate": -0.002, "pivot": [-3.2, 23.8, 29.025], "rotation": [0, 0, 33.25], "uv": [20, 109], "mirror": true},
						{"origin": [-3.2, 17.275, 29.025], "size": [1, 2.275, 3], "inflate": -0.002, "pivot": [-3.2, 19.55, 29.025], "rotation": [0, 0, -33.25], "uv": [33, 119], "mirror": true},
						{"origin": [2.2, 17.275, 29.025], "size": [1, 2.275, 3], "inflate": -0.002, "pivot": [3.2, 19.55, 29.025], "rotation": [0, 0, 33.25], "uv": [43, 119]},
						{"origin": [-2.95, 23.05, 25.025], "size": [1, 2.6, 10.5], "inflate": -0.002, "pivot": [-2.95, 23.05, 25.025], "rotation": [0, 0, 22.5], "uv": [77, 94]},
						{"origin": [-2.95, 19.45, -1.975], "size": [5.9, 1.6, 4], "uv": [0, 32]},
						{"origin": [-0.75, 14.475, -4.2], "size": [1.5, 4.75, 3.25], "inflate": -0.1, "pivot": [0.75, 14.725, -3.2], "rotation": [10.25, 0, 0], "uv": [17, 38]},
						{"origin": [-2.25, 27.25, -14.4], "size": [4.5, 2, 9.5], "inflate": -0.003, "uv": [80, 51]},
						{"origin": [-1, 19.9, -23.2], "size": [2, 2, 6.5], "pivot": [0, 20.9, -23.2], "rotation": [0, 0, -20], "uv": [55, 0]},
						{"origin": [-2.8, 26.95, -14.65], "size": [1, 2, 10], "inflate": -0.2, "uv": [55, 94]},
						{"origin": [-2.8, 27.55, -14.65], "size": [1, 2, 10], "inflate": -0.201, "uv": [0, 94]},
						{"origin": [1.8, 27.55, -14.65], "size": [1, 2, 10], "inflate": -0.201, "uv": [14, 59]},
						{"origin": [1.8, 26.95, -14.65], "size": [1, 2, 10], "inflate": -0.2, "uv": [89, 84]}
					]
				},
				{
					"name": "upperrail",
					"parent": "gun",
					"pivot": [-1.1, 30.95, -15],
					"cubes": [
						{"origin": [-0.7, 31.15, -19.9], "size": [2, 1, 20.5], "inflate": -0.2, "uv": [84, 107]},
						{"origin": [-1, 30.45, -19.7], "size": [2, 1, 20.1], "inflate": -0.003, "uv": [52, 129]},
						{"origin": [-1.1, 30.1, -19.7], "size": [2.2, 1, 20.1], "uv": [98, 129]},
						{"origin": [-1.1, 28.1, -19.7], "size": [2.2, 2, 2], "uv": [111, 109]},
						{"origin": [-1.1, 26.1, -19.7], "size": [2.2, 2, 2], "inflate": -0.001, "pivot": [-1.1, 28.1, -19.7], "rotation": [51, 0, 0], "uv": [87, 114]},
						{"origin": [-1.1, 28.95, -15], "size": [2.2, 2, 2], "inflate": -0.001, "pivot": [-1.1, 30.95, -15], "rotation": [-23.25, 0, 0], "uv": [84, 136]},
						{"origin": [-1.3, 31.15, -19.9], "size": [2, 1, 20.5], "inflate": -0.201, "uv": [60, 106]}
					]
				},
				{
					"name": "reddotsight",
					"parent": "gun",
					"pivot": [0, 31, -13],
					"cubes": [
						{"origin": [-1.25, 29.3, -16], "size": [2.5, 1, 12.025], "uv": [39, 0]},
						{"origin": [-1.55, 30, -13.3], "size": [1, 3.1, 8.025], "inflate": -0.3, "uv": [98, 22]},
						{"origin": [-1.55, 29.75, -13.3], "size": [1, 3.35, 1.525], "inflate": -0.301, "pivot": [-1.25, 32.8, -13], "rotation": [-15.25, 0, 0], "uv": [10, 20]},
						{"origin": [0.55, 29.75, -13.3], "size": [1, 3.35, 1.525], "inflate": -0.301, "pivot": [1.25, 32.8, -13], "rotation": [-15.25, 0, 0], "uv": [0, 16]},
						{"origin": [-1.55, 30, -5.875], "size": [1, 3.1, 4.025], "inflate": -0.301, "pivot": [-1.25, 32.8, -5.575], "rotation": [-43.25, 0, 0], "uv": [39, 13]},
						{"origin": [-1.55, 30.3, -4.675], "size": [1, 1.5, 4.025], "inflate": -0.302, "pivot": [-1.25, 31.5, -4.375], "rotation": [-22.5, 0, 0], "uv": [59, 51]},
						{"origin": [0.55, 30.3, -4.675], "size": [1, 1.5, 4.025], "inflate": -0.302, "pivot": [1.25, 31.5, -4.375], "rotation": [-22.5, 0, 0], "uv": [55, 44]},
						{"origin": [0.55, 30, -5.875], "size": [1, 3.1, 4.025], "inflate": -0.301, "pivot": [1.25, 32.8, -5.575], "rotation": [-43.25, 0, 0], "uv": [39, 0]},
						{"origin": [-1.15, 32.1, -13.3], "size": [2.3, 1, 8.025], "inflate": -0.3, "uv": [67, 94]},
						{"origin": [-1.15, 30, -13.3], "size": [2.3, 1, 8.025], "inflate": -0.3, "uv": [17, 38]},
						{"origin": [-1.275, 29.775, -4.225], "size": [2, 1.4, 2.025], "inflate": -0.5, "pivot": [-0.975, 30.475, -3.925], "rotation": [0, 35.5, 0], "uv": [29, 43]},
						{"origin": [0.55, 30, -13.3], "size": [1, 3.1, 8.025], "inflate": -0.3, "uv": [34, 96]}
					]
				},
				{
					"name": "p90grip",
					"parent": "gun",
					"pivot": [2, 16.5, -18.5],
					"cubes": [
						{"origin": [-1.75, 13.5, -18], "size": [3.5, 3.05, 1.75], "inflate": 0.001, "uv": [64, 13]},
						{"origin": [-2, 16.5, -18.5], "size": [4, 2, 9.5], "uv": [82, 11]},
						{"origin": [0.25, 13.5, -18], "size": [1.5, 3.05, 1.75], "pivot": [1.75, 13.5, -18], "rotation": [0, 0, 4.7], "uv": [32, 31]},
						{"origin": [0.25, 13.5, -18], "size": [1.5, 3.05, 1], "inflate": -0.001, "pivot": [1.75, 13.5, -18], "rotation": [9, 0, 4.7], "uv": [21, 0]},
						{"origin": [-1.75, 13.5, -18], "size": [3.5, 3.05, 1], "inflate": 0.001, "pivot": [-1.25, 13.5, -18], "rotation": [9, 0, 0], "uv": [53, 62]},
						{"origin": [-1.75, 13.5, -18], "size": [1.5, 3.05, 1], "inflate": -0.001, "pivot": [-1.25, 13.5, -18], "rotation": [9, 0, -4.7], "uv": [17, 26]},
						{"origin": [-1.75, 13.5, -18], "size": [1.5, 3.05, 1.75], "pivot": [-1.25, 13.5, -18], "rotation": [0, 0, -4.7], "uv": [0, 32]},
						{"origin": [-2, 16.5, -18.5], "size": [4, 2, 1], "inflate": -0.001, "pivot": [2, 16.5, -18.5], "rotation": [7.25, 0, 0], "uv": [26, 66]},
						{"origin": [-2, 12.5, -12.65], "size": [4, 4, 3.5], "inflate": 0.002, "pivot": [2, 12.5, -12.65], "rotation": [3, 0, 0], "uv": [0, 8]},
						{"origin": [-2, 7.25, -12.65], "size": [4, 5.25, 3.75], "inflate": 0.001, "pivot": [2, 12.5, -12.65], "rotation": [48, 0, 0], "uv": [0, 0]},
						{"origin": [-2, 9, -8.725], "size": [4, 3.75, 4.75], "uv": [55, 26]},
						{"origin": [-2, 9, -3.975], "size": [4, 3, 1], "inflate": -0.001, "pivot": [2, 9, -3.975], "rotation": [19.5, 0, 0], "uv": [16, 71]},
						{"origin": [-2, 16.5, -9], "size": [4, 1.25, 3.05], "inflate": -0.001, "pivot": [2, 16.5, -9], "rotation": [41.5, 0, 0], "uv": [0, 44]},
						{"origin": [-2, 17.05, -9], "size": [4, 1.25, 1.8], "inflate": -0.002, "pivot": [2, 17.05, -9], "rotation": [41.5, 0, 0], "uv": [21, 13]},
						{"origin": [-1.3, 12, -8.725], "size": [2.6, 1.75, 4.75], "inflate": 0.001, "uv": [39, 7]},
						{"origin": [-1.3, 13.15, -5.725], "size": [2.6, 1.75, 1], "inflate": -0.002, "pivot": [1.3, 14.9, -5.725], "rotation": [-46, 0, 0], "uv": [17, 20]}
					]
				},
				{
					"name": "underrail",
					"parent": "gun",
					"pivot": [2, 16.5, -18.5],
					"cubes": [
						{"origin": [-2, 16.5, -20.5], "size": [4, 2, 11.5], "uv": [119, 61]},
						{"origin": [-2, 16.5, -20.5], "size": [4, 2, 1.5], "inflate": -0.001, "pivot": [2, 18.5, -20.5], "rotation": [-32.25, 0, 0], "uv": [119, 99]},
						{"origin": [-0.7, 15.45, -19.9], "size": [2, 1, 9.75], "inflate": -0.2, "uv": [123, 110]},
						{"origin": [-1, 15.95, -19.7], "size": [2, 1, 9.35], "inflate": -0.003, "uv": [125, 122]},
						{"origin": [-1.3, 15.45, -19.9], "size": [2, 1, 9.75], "inflate": -0.201, "uv": [126, 80]},
						{"origin": [-1.3, 12.9, -5.725], "size": [2.6, 2, 1.25], "inflate": -0.001, "pivot": [1.3, 14.9, -5.725], "rotation": [-38.5, 0, 0], "uv": [123, 109]},
						{"origin": [-1.3, 13.225, -9.175], "size": [2.6, 1, 3.25], "pivot": [1.3, 13.225, -9.175], "rotation": [-11.5, 0, 0], "uv": [124, 52]},
						{"origin": [-1.3, 13.225, -9.175], "size": [2.6, 4, 1], "pivot": [1.3, 13.225, -9.175], "rotation": [13.25, 0, 0], "uv": [117, 80]}
					]
				},
				{
					"name": "action",
					"parent": "main",
					"pivot": [0, 21, -15],
					"cubes": [
						{"origin": [-2.5, 19.575, -14], "size": [2, 1.5, 12], "uv": [39, 38]},
						{"origin": [0.5, 19.575, -14], "size": [2, 1.5, 12], "uv": [39, 13]},
						{"origin": [0.875, 19.325, -14.35], "size": [2, 2, 2.25], "pivot": [1.875, 19.325, -13.35], "rotation": [0, -13.25, 0], "uv": [50, 26]},
						{"origin": [-2.875, 19.325, -14.35], "size": [2, 2, 2.25], "pivot": [-1.875, 19.325, -13.35], "rotation": [0, 13.25, 0], "uv": [6, 16]}
					]
				},
				{
					"name": "magazine",
					"parent": "main",
					"pivot": [0, 23.3, -13.5],
					"cubes": [
						{"origin": [-2.5, 23, -14.075], "size": [5, 2.4, 31], "inflate": 0.001, "uv": [39, 38]},
						{"origin": [-2.55, 22.3, -14.15], "size": [5.1, 3.6, 1], "inflate": 0.001, "uv": [17, 47]},
						{"origin": [0, 23, 16.75], "size": [3, 2.4, 1.25], "inflate": -0.001, "pivot": [0, 22.8, 18], "rotation": [0, 18.25, 0], "uv": [64, 8]},
						{"origin": [-3, 23, 16.75], "size": [3, 2.4, 1.25], "inflate": -0.002, "pivot": [0, 22.8, 18], "rotation": [0, -18.25, 0], "uv": [0, 59]},
						{"origin": [-2.875, 23, 14.3], "size": [5.75, 2.4, 2.75], "uv": [0, 25]},
						{"origin": [-1.225, 22.825, 13.3], "size": [3.75, 1, 3.75], "pivot": [0.275, 22.825, 16.55], "rotation": [0, 22, 0], "uv": [39, 45]},
						{"origin": [1.875, 23, 13.05], "size": [1, 2.4, 1.25], "inflate": -0.001, "pivot": [2.875, 22.8, 14.3], "rotation": [0, 36, 0], "uv": [11, 8]},
						{"origin": [-2.875, 23, 13.05], "size": [1, 2.4, 1.25], "inflate": -0.001, "pivot": [-2.875, 22.8, 14.3], "rotation": [0, -36, 0], "uv": [11, 0]}
					]
				},
				{
					"name": "bullet",
					"parent": "magazine",
					"pivot": [0.5, 2.625, 15.625],
					"cubes": [
						{"origin": [-0.5, 22.375, 13.125], "size": [1.25, 1.25, 4], "inflate": -0.2, "pivot": [0, 22.875, 11.125], "rotation": [0, 0, 21], "uv": [59, 56]}
					]
				},
				{
					"name": "rightarm",
					"parent": "main",
					"pivot": [-4.3, 9.375, 21.8],
					"rotation": [-101.81106, -12.40003, -2.46982],
					"cubes": [
						{"origin": [-8.3, -14.625, 17.8], "size": [8, 24, 8], "uv": [0, 38]}
					]
				},
				{
					"name": "leftarm",
					"parent": "main",
					"pivot": [10.7, 0.875, 5.525],
					"rotation": [-127.86483, 1.67666, -38.31282],
					"cubes": [
						{"origin": [6.7, -23.125, 1.525], "size": [8, 24, 8], "uv": [0, 0]}
					]
				},
				{
					"name": "muzzleflash",
					"parent": "main",
					"pivot": [0, 21, -23.675],
					"cubes": [
						{"origin": [-0.5, 20.5, -23.975], "size": [1, 1, 1], "inflate": -0.4, "uv": [32, 48]}
					]
				},
				{
					"name": "scope",
					"parent": "main",
					"pivot": [0, 31.525, 2],
					"cubes": [
						{"origin": [-0.5, 31.025, 1.7], "size": [1, 1, 1], "inflate": -0.4, "uv": [46, 45]}
					]
				},
				{
					"name": "reticle",
					"parent": "main",
					"pivot": [0, 31.525, -3.8],
					"cubes": [
						{"origin": [-0.5, 31.025, -5.5], "size": [1, 1, 1], "uv": [32, 34]}
					]
				},
				{
					"name": "_cb_scope",
					"parent": "main",
					"pivot": [0, 27.85, -10.65],
					"cubes": [
						{"origin": [-0.5, 31.45, -10.725], "size": [1, 1, 1], "uv": [39, 40]}
					]
				},
				{
					"name": "_cb_canted",
					"parent": "main",
					"pivot": [0, 27.85, -3.9],
					"cubes": [
						{"origin": [-0.5, 31.45, -3.975], "size": [1, 1, 1], "uv": [39, 38]}
					]
				},
				{
					"name": "_cb_suppressor",
					"parent": "main",
					"pivot": [0, 20.975, -26.1],
					"cubes": [
						{"origin": [-0.5, 20.475, -21.1], "size": [1, 1, 1], "uv": [39, 18]}
					]
				},
				{
					"name": "_cb_grip",
					"parent": "main",
					"pivot": [0, 15.65, -14.1],
					"cubes": [
						{"origin": [-0.5, 15.15, -14.6], "size": [1, 1, 1], "uv": [39, 16]}
					]
				},
				{
					"name": "_camera_",
					"pivot": [10.3119, 37.8579, 40.0827]
				}
			]
		}
	]
}