{
	"format_version": "1.12.0",
	"minecraft:geometry": [
		{
			"description": {
				"identifier": "geometry.unknown",
				"texture_width": 120,
				"texture_height": 120,
				"visible_bounds_width": 157,
				"visible_bounds_height": 4,
				"visible_bounds_offset": [0, 1, 0]
			},
			"bones": [
				{
					"name": "bb_main",
					"pivot": [0, 0, 0]
				},
				{
					"name": "main",
					"pivot": [0, 20, 0]
				},
				{
					"name": "gun",
					"parent": "main",
					"pivot": [1, 11, -1],
					"cubes": [
						{"origin": [-1.25, 18.15, 0.5], "size": [1, 2.74, 1.875], "inflate": -0.201, "pivot": [-0.5, 20.325, 2.25], "rotation": [-33, 0, 0], "uv": [56, 67]},
						{"origin": [-1.7, 16.925, -0.9], "size": [3.4, 4.425, 1.225], "inflate": -0.12, "uv": [32, 8]},
						{"origin": [-2.4, 18.35, -0.85], "size": [4.8, 2.2, 1.525], "inflate": -0.101, "uv": [32, 21]},
						{"origin": [1.375, 20.35, -0.85], "size": [1.025, 1.7, 1.525], "inflate": -0.1, "pivot": [2.3, 20.45, 0.075], "rotation": [0, 0, -58.25], "uv": [50, 75]},
						{"origin": [1.075, 18.35, -0.35], "size": [1.325, 2.2, 1.025], "inflate": -0.1, "pivot": [2.3, 20.7, 0.575], "rotation": [0, 36.5, 0], "uv": [37, 67]},
						{"origin": [-2.4, 18.35, -0.35], "size": [1.325, 2.2, 1.025], "inflate": -0.1, "pivot": [-2.3, 20.7, 0.575], "rotation": [0, -36.5, 0], "uv": [30, 66]},
						{"origin": [-2.4, 20.35, -0.85], "size": [1.025, 1.7, 1.525], "inflate": -0.1, "pivot": [-2.3, 20.45, 0.075], "rotation": [0, 0, 58.25], "uv": [42, 75]},
						{"origin": [-2.4, 16.85, -0.85], "size": [1.025, 1.7, 1.525], "inflate": -0.1, "pivot": [-2.3, 18.45, 0.075], "rotation": [0, 0, -58.25], "uv": [28, 75]},
						{"origin": [1.375, 16.85, -0.85], "size": [1.025, 1.7, 1.525], "inflate": -0.1, "pivot": [2.3, 18.45, 0.075], "rotation": [0, 0, 58.25], "uv": [35, 75]},
						{"origin": [-0.54, 19.375, -0.875], "size": [2.24, 1.975, 1], "inflate": -0.12, "pivot": [1.575, 21.225, 0], "rotation": [0, 0, 81.45], "uv": [9, 68]},
						{"origin": [-1.7, 19.375, -0.9], "size": [2.24, 1.975, 1.025], "inflate": -0.119, "pivot": [-1.575, 21.225, 0], "rotation": [0, 0, -81.45], "uv": [65, 67]},
						{"origin": [-1.7, 20.35, 0], "size": [2.24, 1, 1.025], "inflate": -0.12, "pivot": [-1.575, 21.225, 0.9], "rotation": [0, 30, -81.45], "uv": [66, 55]},
						{"origin": [-1.3, 20.35, 0.525], "size": [2.615, 1, 1.025], "inflate": -0.2, "pivot": [-1.075, 21.15, 0.9], "rotation": [-2.13791, 30.46553, -89.7], "uv": [64, 62]},
						{"origin": [-1.315, 20.35, 0.525], "size": [2.615, 1, 1.025], "inflate": -0.2, "pivot": [1.075, 21.15, 0.9], "rotation": [-2.13791, -30.46553, 89.7], "uv": [63, 10]},
						{"origin": [-1.8, 20.45, 0.675], "size": [2.59, 1, 1.05], "inflate": -0.22, "pivot": [-1.575, 21.225, 0.9], "rotation": [-47.25, 30, -81.45], "uv": [66, 23]},
						{"origin": [-0.54, 20.35, 0], "size": [2.24, 1, 1.025], "inflate": -0.12, "pivot": [1.575, 21.225, 0.9], "rotation": [0, -30, 81.45], "uv": [66, 21]},
						{"origin": [-1.375, 18.45, 1.125], "size": [1, 1.925, 3.15], "inflate": -0.119, "pivot": [-1.25, 20.25, 4.15], "rotation": [-13.32216, 6.07684, -1.54994], "uv": [78, 38]},
						{"origin": [0.375, 18.45, 1.125], "size": [1, 1.925, 3.15], "inflate": -0.119, "pivot": [1.25, 20.25, 4.15], "rotation": [-13.32216, -6.07684, 1.54994], "uv": [68, 38]},
						{"origin": [0.525, 17.875, 0.65], "size": [1, 1.5, 1.125], "inflate": -0.119, "pivot": [1.25, 20.25, 4.15], "rotation": [-34.41144, -3.19182, -0.43836], "uv": [58, 29]},
						{"origin": [-1.525, 17.875, 0.65], "size": [1, 1.5, 1.125], "inflate": -0.119, "pivot": [-1.25, 20.25, 4.15], "rotation": [-34.41144, 3.19182, 0.43836], "uv": [58, 17]},
						{"origin": [0.32, 18.875, 1.125], "size": [1, 1.5, 3.15], "inflate": -0.119, "pivot": [1.2, 20.25, 4.15], "rotation": [-13.32216, 0, 1.54994], "uv": [64, 58]},
						{"origin": [-1.32, 18.875, 1.125], "size": [1, 1.5, 3.15], "inflate": -0.119, "pivot": [-1.2, 20.25, 4.15], "rotation": [-13.32216, 0, -1.54994], "uv": [8, 57]},
						{"origin": [-0.57, 18.9, 2.125], "size": [1.15, 1.5, 2.15], "inflate": -0.119, "pivot": [-0.45, 20.275, 4.15], "rotation": [-13.32216, 0, 0], "uv": [37, 58]},
						{"origin": [-0.79, 20.45, 0.675], "size": [2.59, 1, 1.05], "inflate": -0.22, "pivot": [1.575, 21.225, 0.9], "rotation": [-47.25, -30, 81.45], "uv": [9, 66]},
						{"origin": [0.65, 19.55, 0.3], "size": [1, 1, 2.075], "inflate": -0.22, "pivot": [1.575, 20.325, 2.25], "rotation": [-29.74747, 13.93901, 29.84674], "uv": [63, 0]},
						{"origin": [-1.65, 19.55, 0.3], "size": [1, 1, 2.075], "inflate": -0.22, "pivot": [-1.575, 20.325, 2.25], "rotation": [-29.74747, -13.93901, -29.84674], "uv": [0, 60]},
						{"origin": [0.25, 18.15, 0.5], "size": [1, 2.74, 1.875], "inflate": -0.201, "pivot": [0.5, 20.325, 2.25], "rotation": [-33, 0, 0], "uv": [47, 67]},
						{"origin": [-1.25, 7.25, 2.725], "size": [2.5, 5.475, 2], "inflate": -0.002, "pivot": [1.45, 7.175, 2.975], "rotation": [5.75, 0, 0], "uv": [0, 0]},
						{"origin": [-1.25, 7.175, 2.725], "size": [2.5, 1.775, 5.7], "inflate": -0.001, "uv": [56, 67]},
						{"origin": [-1.25, 8.775, 5.3], "size": [2.5, 5.8, 1.75], "pivot": [1.45, 14.575, 7.05], "rotation": [13.75, 0, 0], "uv": [48, 21]},
						{"origin": [-1.25, 14.575, 5.3], "size": [2.5, 3.5, 1.75], "inflate": -0.001, "pivot": [1.45, 14.575, 7.05], "rotation": [41.75, 0, 0], "uv": [54, 8]},
						{"origin": [-1.25, 15.525, -0.65], "size": [2.5, 4.875, 5.15], "inflate": 0.002, "pivot": [1.45, 20.225, 4.625], "rotation": [16.75, 0, 0], "uv": [6, 75]},
						{"origin": [0.275, 18.775, 3.125], "size": [1, 1.5, 1.1], "pivot": [0.975, 20.225, 4.625], "rotation": [-7.41315, -6.35135, -13.89752], "uv": [59, 24]},
						{"origin": [-1.275, 18.775, 3.125], "size": [1, 1.5, 1.1], "pivot": [-0.975, 20.225, 4.625], "rotation": [-7.41315, 6.35135, 13.89752], "uv": [52, 29]},
						{"origin": [-1.575, 18.25, 3.525], "size": [1.1, 1, 1], "inflate": -0.301, "pivot": [-0.975, 20.225, 4.625], "rotation": [-7.41315, 6.35135, 13.89752], "uv": [15, 52]},
						{"origin": [0.475, 18.25, 3.525], "size": [1.1, 1, 1], "inflate": -0.301, "pivot": [0.975, 20.225, 4.625], "rotation": [-7.41315, -6.35135, -13.89752], "uv": [48, 17]},
						{"origin": [-0.5, 22.7, 0.175], "size": [1, 1, 2.975], "inflate": -0.099, "pivot": [0.5, 22.8, 3.05], "rotation": [53.25, 0, 0], "uv": [56, 61]},
						{"origin": [-0.5, 22.275, 1.5], "size": [1, 1.1, 1], "inflate": -0.1, "pivot": [0.5, 23.275, 2.4], "rotation": [74.5, 0, 0], "uv": [22, 75]},
						{"origin": [-0.5, 21.675, 0.35], "size": [1, 1, 1.975], "inflate": -0.1, "pivot": [0.5, 21.775, 2.225], "rotation": [14, 0, 0], "uv": [76, 55]},
						{"origin": [-0.5, 21.625, -0.175], "size": [1, 1, 1.075], "inflate": -0.099, "pivot": [0.5, 21.725, 0.8], "rotation": [-2, 0, 0], "uv": [76, 31]},
						{"origin": [-0.5, 21.825, 0.375], "size": [1, 1, 1.075], "inflate": -0.101, "pivot": [0.5, 21.925, 1.35], "rotation": [41.25, 0, 0], "uv": [76, 29]},
						{"origin": [-0.5, 21.9, 0.5], "size": [1, 1, 1.975], "inflate": -0.1, "pivot": [0.5, 22, 2.375], "rotation": [74.75, 0, 0], "uv": [76, 34]},
						{"origin": [-1.25, 15.95, -6.8], "size": [2.5, 1, 7.225], "inflate": 0.001, "uv": [0, 41]},
						{"origin": [-2, 18, -28.775], "size": [4, 1.7, 16.825], "inflate": 0.004, "uv": [54, 0]},
						{"origin": [-0.3, 17.9, -11.95], "size": [2.5, 1.05, 1.8], "inflate": 0.004, "pivot": [2.2, 18.95, -11.975], "rotation": [0, 0, 68.75], "uv": [8, 61]},
						{"origin": [-1.75, 18.1, -10.2], "size": [3.5, 1.7, 2.3], "inflate": 0.004, "uv": [32, 17]},
						{"origin": [-1.75, 18.1, -7.9], "size": [1, 1.7, 1.1], "inflate": 0.004, "uv": [15, 45]},
						{"origin": [-2.2, 17.9, -11.95], "size": [2.5, 1.05, 1.8], "inflate": 0.004, "pivot": [-2.2, 18.95, -11.975], "rotation": [0, 0, -68.75], "uv": [60, 55]},
						{"origin": [-2.2, 18.95, -11.95], "size": [2.5, 1.05, 1.8], "inflate": 0.004, "pivot": [-2.2, 18.95, -11.975], "rotation": [0, 0, 68.75], "uv": [0, 38]},
						{"origin": [-0.3, 18.95, -11.95], "size": [2.5, 1.05, 1.8], "inflate": 0.004, "pivot": [2.2, 18.95, -11.975], "rotation": [0, 0, -68.75], "uv": [44, 6]},
						{"origin": [-1.3, 18.95, -10.15], "size": [1.6, 1.75, 3.35], "inflate": 0.004, "pivot": [-2.2, 18.95, -10.175], "rotation": [0, 0, 68.75], "uv": [78, 0]},
						{"origin": [-0.3, 18.95, -10.15], "size": [1.6, 1.75, 2.25], "inflate": 0.004, "pivot": [2.2, 18.95, -10.175], "rotation": [0, 0, -68.75], "uv": [20, 60]},
						{"origin": [-0.3, 17.9, -10.15], "size": [1.6, 1.05, 2.25], "inflate": 0.004, "pivot": [2.2, 18.95, -10.175], "rotation": [0, 0, 68.75], "uv": [28, 60]},
						{"origin": [-1.3, 17.9, -10.15], "size": [1.6, 1.05, 3.35], "inflate": 0.004, "pivot": [-2.2, 18.95, -10.175], "rotation": [0, 0, -68.75], "uv": [78, 4]},
						{"origin": [1, 16.8, -28.775], "size": [1, 1.2, 16.825], "inflate": 0.003, "pivot": [2, 18, -11.95], "rotation": [0, 0, 60.5], "uv": [60, 38]},
						{"origin": [-2, 16.8, -28.775], "size": [1, 1.2, 16.825], "inflate": 0.003, "pivot": [-2, 18, -11.95], "rotation": [0, 0, -60.5], "uv": [56, 59]},
						{"origin": [-1, 0.65, -28.8], "size": [2, 16.75, 1.025], "inflate": 0.004, "pivot": [1, 17.4, -28.8], "rotation": [86.5, 0, 0], "uv": [0, 75]},
						{"origin": [0, 0.65, -28.8], "size": [1, 16.75, 1.875], "inflate": 0.004, "pivot": [1, 17.4, -28.8], "rotation": [87.01475, 1.82792, 31.45237], "uv": [66, 76]},
						{"origin": [0, -3.5, -31.6], "size": [1, 4.35, 2.5], "inflate": 0.004, "pivot": [1, 17.4, -28.8], "rotation": [89.62338, 1.80819, 11.4422], "uv": [0, 41]},
						{"origin": [-0.9, 14.425, -12.275], "size": [1.8, 1.1, 6.45], "inflate": 0.004, "pivot": [0.9, 14.425, -12.275], "rotation": [-0.5, 0, 0], "uv": [0, 49]},
						{"origin": [0, 1.1, -36.15], "size": [1, 1, 3.35], "inflate": 0.004, "pivot": [1, 17.4, -28.95], "rotation": [105.37338, 1.80819, 11.4422], "uv": [75, 77]},
						{"origin": [-1, 1.1, -36.15], "size": [1, 1, 3.35], "inflate": 0.004, "pivot": [-1, 17.4, -28.95], "rotation": [105.37338, -1.80819, -11.4422], "uv": [70, 76]},
						{"origin": [0, -5.5, -31.6], "size": [1, 2, 1.775], "inflate": 0.004, "pivot": [1, 17.4, -28.8], "rotation": [89.62338, 1.80819, 11.4422], "uv": [20, 66]},
						{"origin": [0.825, -9.55, -29.9], "size": [1, 6.8, 1.075], "inflate": 0.004, "pivot": [1.825, 18.15, -27.7], "rotation": [90, 0, 11.4422], "uv": [54, 0]},
						{"origin": [-1.825, -9.55, -29.9], "size": [1, 7.9, 1.075], "inflate": 0.004, "pivot": [-1.825, 18.15, -27.7], "rotation": [90, 0, -11.4422], "uv": [66, 27]},
						{"origin": [0.775, -25.475, -19.35], "size": [1, 3.45, 1.075], "inflate": 0.004, "pivot": [1.775, 1.05, -17.15], "rotation": [135.92542, -8.27354, 7.93164], "uv": [47, 0]},
						{"origin": [1.075, 18.325, 1], "size": [1, 2.125, 1.075], "inflate": 0.004, "pivot": [2.075, 18.325, 1], "rotation": [0, -29, 0], "uv": [60, 47]},
						{"origin": [1.075, 20.225, 1], "size": [1, 1.425, 1.075], "inflate": 0.004, "pivot": [2.075, 20.325, 1], "rotation": [55.67298, -29.41933, -35.72897], "uv": [74, 58]},
						{"origin": [1.075, 17.05, 1], "size": [1, 1.425, 1.075], "inflate": 0.004, "pivot": [2.075, 18.375, 1], "rotation": [-55.67298, -29.41933, 35.72897], "uv": [72, 42]},
						{"origin": [1.075, 16.65, 0.1], "size": [1, 1, 1.075], "inflate": 0.004, "pivot": [2.075, 17.525, 0.1], "rotation": [-90, 0, 45], "uv": [68, 70]},
						{"origin": [1.075, 21.1, 0.1], "size": [1, 1, 1.075], "inflate": 0.004, "pivot": [2.075, 21.225, 0.1], "rotation": [90, 0, -45], "uv": [70, 49]},
						{"origin": [-2.075, 21.1, 0.1], "size": [1, 1, 1.075], "inflate": 0.004, "pivot": [-2.075, 21.225, 0.1], "rotation": [90, 0, 45], "uv": [70, 47]},
						{"origin": [-2.075, 16.65, 0.1], "size": [1, 1, 1.075], "inflate": 0.004, "pivot": [-2.075, 17.525, 0.1], "rotation": [-90, 0, -45], "uv": [56, 70]},
						{"origin": [-2.075, 17.05, 1], "size": [1, 1.425, 1.075], "inflate": 0.004, "pivot": [-2.075, 18.375, 1], "rotation": [-55.67298, 29.41933, -35.72897], "uv": [72, 17]},
						{"origin": [-2.075, 20.225, 1], "size": [1, 1.425, 1.075], "inflate": 0.004, "pivot": [-2.075, 20.325, 1], "rotation": [55.67298, 29.41933, 35.72897], "uv": [72, 55]},
						{"origin": [-2.075, 18.325, 1], "size": [1, 2.125, 1.075], "inflate": 0.004, "pivot": [-2.075, 18.325, 1], "rotation": [0, 29, 0], "uv": [59, 21]},
						{"origin": [-1.775, -25.475, -19.35], "size": [1, 3.45, 1.075], "inflate": 0.004, "pivot": [-1.775, 1.05, -17.15], "rotation": [135.92542, 8.27354, -7.93164], "uv": [20, 32]},
						{"origin": [-1, -3.5, -31.6], "size": [1, 4.35, 2.5], "inflate": 0.004, "pivot": [-1, 17.4, -28.8], "rotation": [89.62338, -1.80819, -11.4422], "uv": [24, 0]},
						{"origin": [-1, -5.5, -31.6], "size": [1, 2, 1.775], "inflate": 0.004, "pivot": [-1, 17.4, -28.8], "rotation": [89.62338, -1.80819, -11.4422], "uv": [0, 66]},
						{"origin": [-1, 0.65, -28.8], "size": [1, 16.75, 1.875], "inflate": 0.004, "pivot": [-1, 17.4, -28.8], "rotation": [87.01475, -1.82792, -31.45237], "uv": [62, 76]},
						{"origin": [-1.3, 19.7, -28.775], "size": [2.6, 2.75, 16.825], "inflate": 0.004, "uv": [0, 57]},
						{"origin": [-1.3, 21.675, -11.95], "size": [2.6, 1, 5.15], "inflate": 0.004, "uv": [0, 66]},
						{"origin": [-1.4, 19.8, -11.95], "size": [2.8, 1.875, 4.05], "inflate": 0.004, "uv": [42, 75]},
						{"origin": [-1.4, 19.8, -7.9], "size": [1, 1.875, 1.1], "inflate": 0.004, "uv": [40, 17]},
						{"origin": [-0.3, 18.5, -28.775], "size": [2.3, 1.2, 16.825], "pivot": [2, 19.7, -11.95], "rotation": [0, 0, 59.5], "uv": [36, 58]},
						{"origin": [-2, 18.5, -28.775], "size": [2.3, 1.2, 16.825], "pivot": [-2, 19.7, -11.95], "rotation": [0, 0, -59.5], "uv": [56, 21]},
						{"origin": [-1, 22.4, -29.125], "size": [2, 1.2, 19.775], "uv": [37, 38]},
						{"origin": [-1, 22.45, -7.975], "size": [2, 1.8, 7.225], "uv": [48, 21]},
						{"origin": [0.2, 22.65, -0.95], "size": [1, 1.8, 1.1], "inflate": -0.2, "pivot": [0.9, 24.25, -0.75], "rotation": [-46.5, 0, 0], "uv": [69, 18]},
						{"origin": [-1, 23.2, -10.2], "size": [2, 1.05, 2.225], "pivot": [0.9, 24.25, -7.975], "rotation": [22.75, 0, 0], "uv": [32, 13]},
						{"origin": [-0.45, 22.825, -9.9], "size": [1.9, 1, 1.925], "inflate": 0.002, "pivot": [1.45, 23.825, -7.975], "rotation": [22.75, 0, -3.75], "uv": [75, 18]},
						{"origin": [-1.45, 22.825, -9.9], "size": [1.9, 1, 1.925], "inflate": 0.002, "pivot": [-1.45, 23.825, -7.975], "rotation": [22.75, 0, 3.75], "uv": [6, 75]},
						{"origin": [0.2, 23.425, -8.175], "size": [1, 1.025, 7.625], "inflate": -0.2, "pivot": [1, 24.25, -0.75], "rotation": [0, 0, -46.75], "uv": [54, 8]},
						{"origin": [0.2, 23.425, -10.4], "size": [1, 1.025, 2.625], "inflate": -0.2, "pivot": [1, 24.25, -7.975], "rotation": [16.56687, 15.11653, -44.27446], "uv": [60, 41]},
						{"origin": [-1.2, 23.425, -10.4], "size": [1, 1.025, 2.625], "inflate": -0.2, "pivot": [-1, 24.25, -7.975], "rotation": [16.56687, -15.11653, 44.27446], "uv": [60, 38]},
						{"origin": [0.2, 22.725, -29.325], "size": [1, 1.075, 20.175], "inflate": -0.2, "pivot": [1, 23.6, -9.35], "rotation": [0, 0, -46.75], "uv": [0, 36]},
						{"origin": [-1.2, 22.725, -29.325], "size": [1, 1.075, 20.175], "inflate": -0.2, "pivot": [-1, 23.6, -9.35], "rotation": [0, 0, 46.75], "uv": [32, 0]},
						{"origin": [0.2, 22.3, -8.175], "size": [1.45, 1.725, 8.125], "inflate": -0.199, "pivot": [1.45, 23.825, -0.25], "rotation": [0, 0, -3.75], "uv": [32, 8]},
						{"origin": [0.1, 22.925, -1.075], "size": [1.65, 1.2, 1.125], "inflate": -0.301, "pivot": [1.45, 23.825, -0.25], "rotation": [39.25, 0, -3.75], "uv": [65, 69]},
						{"origin": [-1.2, 22.65, -0.95], "size": [1, 1.8, 1.1], "inflate": -0.2, "pivot": [-0.9, 24.25, -0.75], "rotation": [-46.5, 0, 0], "uv": [68, 42]},
						{"origin": [-0.575, 23.05, -0.725], "size": [1.15, 1.3, 2.025], "inflate": -0.2, "pivot": [-0.275, 24.15, -0.525], "rotation": [-63.25, 0, 0], "uv": [60, 17]},
						{"origin": [-1.75, 22.925, -1.075], "size": [1.65, 1.2, 1.125], "inflate": -0.301, "pivot": [-1.45, 23.825, -0.25], "rotation": [39.25, 0, 3.75], "uv": [0, 69]},
						{"origin": [0.2, 21.55, -0.975], "size": [1.45, 2.025, 1.3], "inflate": -0.2, "pivot": [1.45, 23.825, 0.125], "rotation": [0, 0, -3.75], "uv": [15, 49]},
						{"origin": [-1.65, 21.55, -0.975], "size": [1.45, 2.025, 1.3], "inflate": -0.2, "pivot": [-1.45, 23.825, 0.125], "rotation": [0, 0, 3.75], "uv": [16, 41]},
						{"origin": [0.65, 21.7, -9.375], "size": [1, 1.625, 2.775], "inflate": -0.2, "pivot": [1.45, 23.825, -6.6], "rotation": [0, 0, -3.75], "uv": [45, 61]},
						{"origin": [0.65, 21.9, -14], "size": [1, 1.425, 5.025], "inflate": -0.2, "pivot": [1.45, 23.825, -9.175], "rotation": [0, 0, -3.75], "uv": [28, 75]},
						{"origin": [-1.65, 21.7, -9.375], "size": [1, 1.625, 2.775], "inflate": -0.2, "pivot": [-1.45, 23.825, -6.6], "rotation": [0, 0, 3.75], "uv": [37, 61]},
						{"origin": [-1.65, 21.9, -14], "size": [1, 1.425, 5.025], "inflate": -0.2, "pivot": [-1.45, 23.825, -9.175], "rotation": [0, 0, 3.75], "uv": [74, 64]},
						{"origin": [0.65, 21.7, -29.325], "size": [1, 1.625, 15.725], "inflate": -0.2, "pivot": [1.45, 23.825, -13.8], "rotation": [0, 0, -3.75], "uv": [74, 55]},
						{"origin": [-1.65, 21.7, -29.325], "size": [1, 1.625, 15.725], "inflate": -0.2, "pivot": [-1.45, 23.825, -13.8], "rotation": [0, 0, 3.75], "uv": [20, 57]},
						{"origin": [-1.65, 22.3, -8.175], "size": [1.45, 1.725, 8.125], "inflate": -0.199, "pivot": [-1.45, 23.825, -0.25], "rotation": [0, 0, 3.75], "uv": [0, 32]},
						{"origin": [-1.2, 23.425, -8.175], "size": [1, 1.025, 7.625], "inflate": -0.2, "pivot": [-1, 24.25, -0.75], "rotation": [0, 0, 46.75], "uv": [54, 0]},
						{"origin": [-1.25, 8.45, -0.65], "size": [2.5, 9.325, 3.975], "pivot": [1.45, 16.85, 0.8], "rotation": [33.25, 0, 0], "uv": [76, 17]},
						{"origin": [-0.5, 13.775, -2.725], "size": [1, 3.5, 1], "inflate": -0.1, "pivot": [0.5, 13.775, -2.725], "rotation": [-14.25, 0, 0], "uv": [8, 49]},
						{"origin": [-1.25, 12.725, -6.675], "size": [2.5, 1, 4.025], "inflate": -0.2, "pivot": [1.25, 12.925, -2.85], "rotation": [-24.75, 0, 0], "uv": [76, 29]},
						{"origin": [-1.25, 13.75, -7.8], "size": [2.5, 1.625, 2.225], "inflate": -0.199, "pivot": [1.25, 14.325, -5.5], "rotation": [-82, 0, 0], "uv": [42, 17]},
						{"origin": [-1.25, 14.25, -6.2], "size": [2.5, 1.125, 1.025], "inflate": -0.201, "pivot": [1.25, 14.325, -5.5], "rotation": [-82, 0, 0], "uv": [63, 8]},
						{"origin": [-1.25, 15.55, -7.6], "size": [2.5, 1.25, 1.95], "inflate": -0.201, "pivot": [1.25, 14.75, -5.85], "rotation": [-49.5, 0, 0], "uv": [64, 17]},
						{"origin": [-1.25, 12.175, -3.9], "size": [2.5, 1, 3.5], "inflate": -0.2, "pivot": [1.25, 12.975, -0.6], "rotation": [-137.75, 0, 0], "uv": [15, 75]},
						{"origin": [-1.25, 10.525, -1.4], "size": [2.5, 2.65, 1], "inflate": -0.199, "pivot": [1.25, 12.975, -0.6], "rotation": [-88.75, 0, 0], "uv": [63, 3]},
						{"origin": [-1.75, 10.6, 0.575], "size": [3.5, 5.675, 2.825], "pivot": [1.95, 16.25, 0.575], "rotation": [31.25, 0, 0], "uv": [10, 32]},
						{"origin": [-1.75, 10.65, 2.6], "size": [3.5, 3.575, 4.225], "inflate": 0.002, "pivot": [1.95, 14.2, 7.075], "rotation": [17.25, 0, 0], "uv": [60, 47]},
						{"origin": [-1.75, 8.675, 4], "size": [3.5, 2.275, 4.225], "pivot": [1.95, 9.15, 6.65], "rotation": [14.25, 0, 0], "uv": [20, 66]},
						{"origin": [-1.75, 14.3, 5.575], "size": [3.5, 3.5, 1.275], "pivot": [1.95, 14.2, 7.075], "rotation": [39.75, 0, 0], "uv": [78, 12]},
						{"origin": [-1.75, 12.275, 2.375], "size": [3.5, 5.675, 1.825], "inflate": 0.001, "pivot": [1.95, 17.925, 1.875], "rotation": [24, 0, 0], "uv": [0, 32]},
						{"origin": [-1.75, 15.275, 0.575], "size": [3.5, 1, 4.225], "inflate": 0.002, "pivot": [1.95, 16.25, 0.575], "rotation": [50.75, 0, 0], "uv": [37, 67]},
						{"origin": [-1.675, 14.7, -13.2], "size": [2, 2, 2.65], "inflate": -0.2, "pivot": [-0.175, 17.2, -24.775], "rotation": [0, 0, -20.75], "uv": [78, 8]},
						{"origin": [-0.5, 22.8, -28.375], "size": [1, 1.825, 2.275], "inflate": -0.299, "uv": [56, 58]},
						{"origin": [-0.5, 23.125, -28.375], "size": [1, 1.075, 2.675], "inflate": -0.301, "pivot": [0.2, 23.9, -28.075], "rotation": [0, 0, -39.25], "uv": [11, 45]},
						{"origin": [-0.5, 23.125, -28.375], "size": [1, 1.075, 2.675], "inflate": -0.301, "pivot": [-0.2, 23.9, -28.075], "rotation": [0, 0, 39.25], "uv": [42, 21]},
						{"origin": [0.2, 23.45, -5.675], "size": [1, 1.825, 2.075], "inflate": -0.299, "uv": [28, 57]},
						{"origin": [-1.3, 23.6, -6.075], "size": [2.6, 1.025, 5.475], "inflate": -0.299, "uv": [38, 0]},
						{"origin": [-0.8, 22.925, -28.375], "size": [1.6, 1.025, 3.475], "inflate": -0.3, "uv": [11, 41]},
						{"origin": [0.4, 23.7, -6.175], "size": [1, 1.025, 5.675], "inflate": -0.4, "pivot": [1, 24.325, -5.775], "rotation": [0, 0, -47.75], "uv": [59, 21]},
						{"origin": [-1.4, 23.7, -6.175], "size": [1, 1.025, 5.675], "inflate": -0.4, "pivot": [-1, 24.325, -5.775], "rotation": [0, 0, 47.75], "uv": [8, 49]},
						{"origin": [0.2, 23.75, -3.425], "size": [1, 1.025, 2.825], "inflate": -0.299, "uv": [54, 12]},
						{"origin": [-1.2, 23.75, -3.425], "size": [1, 1.025, 2.825], "inflate": -0.299, "uv": [48, 29]},
						{"origin": [0.2, 23.45, -4.2], "size": [1, 1.825, 2.075], "inflate": -0.3, "pivot": [0.9, 24.975, -3.9], "rotation": [-30, 0, 0], "uv": [0, 57]},
						{"origin": [-1.2, 23.45, -4.2], "size": [1, 1.825, 2.075], "inflate": -0.3, "pivot": [-0.9, 24.975, -3.9], "rotation": [-30, 0, 0], "uv": [56, 32]},
						{"origin": [0.2, 23.45, -7.15], "size": [1, 1.825, 2.075], "inflate": -0.3, "pivot": [0.9, 24.975, -5.375], "rotation": [66.75, 0, 0], "uv": [54, 17]},
						{"origin": [-1.2, 23.45, -7.15], "size": [1, 1.825, 2.075], "inflate": -0.3, "pivot": [-0.9, 24.975, -5.375], "rotation": [66.75, 0, 0], "uv": [54, 29]},
						{"origin": [-1.2, 23.45, -5.675], "size": [1, 1.825, 2.075], "inflate": -0.299, "uv": [20, 57]},
						{"origin": [-0.5, 22.8, -26.7], "size": [1, 1.825, 2.425], "inflate": -0.3, "pivot": [0.2, 24.325, -26.4], "rotation": [-44.5, 0, 0], "uv": [45, 58]}
					]
				},
				{
					"name": "chamber",
					"parent": "main",
					"pivot": [0.625, 15.725, -8.125],
					"cubes": [
						{"origin": [-0.05, 16.875, -7.9], "size": [1, 4.775, 1.1], "inflate": 0.002, "pivot": [-1.6, 17.075, -7.05], "rotation": [0, 0, 0], "uv": [38, 0]},
						{"origin": [-1.075, 16.15, -7.9], "size": [1.05, 5.5, 1.1], "inflate": 0.002, "pivot": [-1.6, 17.075, -7.05], "rotation": [0, 0, 0], "uv": [0, 49]},
						{"origin": [0.35, 18.175, -7.9], "size": [1, 1.15, 1.1], "pivot": [-1.2, 18.375, -7.05], "rotation": [0, 0, 0], "uv": [6, 77]},
						{"origin": [-0.95, 19.725, -8], "size": [2.4, 1.2, 1.3], "inflate": -0.1, "uv": [63, 12]},
						{"origin": [0.05, 19.725, -8], "size": [1.4, 1.2, 1.3], "inflate": -0.101, "pivot": [1.35, 20.825, -6.85], "rotation": [0, 0, 33.75], "uv": [56, 76]},
						{"origin": [1.775, 20.8, -8.45], "size": [1, 1, 1.75], "inflate": -0.101, "pivot": [1.875, 21.7, -6.8], "rotation": [0, 0, 33.75], "uv": [74, 66]},
						{"origin": [0.775, 20.8, -7.975], "size": [1.2, 1, 1.275], "inflate": -0.101, "uv": [74, 64]}
					]
				},
				{
					"name": "cartridge",
					"parent": "chamber",
					"pivot": [-2.175, 15.975, -7.4],
					"cubes": [
						{"origin": [-2.325, 18.4, -6.6], "size": [4.625, 2.65, 6.15], "inflate": -0.3, "uv": [24, 0]},
						{"origin": [0.65, 20.45, -6.6], "size": [1.65, 2.925, 6.15], "inflate": -0.301, "pivot": [2, 20.75, -0.825], "rotation": [0, 0, -60], "uv": [48, 75]},
						{"origin": [-2.325, 20.45, -6.6], "size": [1.65, 2.925, 6.15], "inflate": -0.302, "pivot": [-2.025, 20.75, -0.825], "rotation": [0, 0, 60], "uv": [34, 75]},
						{"origin": [0.65, 16.075, -6.6], "size": [1.65, 2.925, 6.15], "inflate": -0.301, "pivot": [2, 18.7, -0.825], "rotation": [0, 0, 60], "uv": [56, 29]},
						{"origin": [-2.325, 16.075, -6.6], "size": [1.65, 2.925, 6.15], "inflate": -0.302, "pivot": [-2.025, 18.7, -0.825], "rotation": [0, 0, -60], "uv": [20, 75]}
					]
				},
				{
					"name": "rotatey",
					"parent": "chamber",
					"pivot": [-0.015, 19.73, -1.4]
				},
				{
					"name": "bone",
					"parent": "rotatey",
					"pivot": [2.15, 18.475, -7.4],
					"cubes": [
						{"origin": [1.7, 18.075, -7.05], "size": [1, 3.3, 6.425], "inflate": -0.3, "uv": [74, 55]},
						{"origin": [-2.4, 18.175, -7.05], "size": [4.75, 3.1, 1.075], "inflate": -0.302, "uv": [42, 8]},
						{"origin": [1.7, 20.775, -7.05], "size": [1, 3.375, 6.425], "inflate": -0.301, "pivot": [2.4, 21.075, -7.4], "rotation": [0, 0, -60], "uv": [60, 38]}
					]
				},
				{
					"name": "bone4",
					"parent": "rotatey",
					"pivot": [2.15, 18.475, -7.4],
					"rotation": [0, 0, 60],
					"cubes": [
						{"origin": [1.6616, 15.56651, -7.05], "size": [1, 3.375, 6.425], "inflate": -0.301, "uv": [56, 58]},
						{"origin": [1.6616, 13.00849, -7.05], "size": [1, 3.375, 6.425], "inflate": -0.3, "pivot": [2.15, 15.975, -7.4], "rotation": [0, 0, 60], "uv": [37, 58]}
					]
				},
				{
					"name": "bone2",
					"parent": "rotatey",
					"pivot": [-2.175, 18.475, -7.4],
					"rotation": [0, 0, -180],
					"cubes": [
						{"origin": [-2.625, 15.575, -7.05], "size": [1, 3.3, 6.425], "inflate": -0.301, "uv": [20, 57]},
						{"origin": [-2.6634, 13.06651, -7.05], "size": [1, 3.375, 6.425], "inflate": -0.3, "pivot": [-2.175, 15.975, -7.4], "rotation": [0, 0, 60], "uv": [0, 57]},
						{"origin": [-6.625, 13.175, -7.05], "size": [4.55, 3.1, 1.075], "inflate": -0.303, "pivot": [-2.175, 15.975, -7.4], "rotation": [0, 0, 60], "uv": [74, 71]},
						{"origin": [-8.275, 10.31712, -7.05], "size": [4.55, 3.1, 1.075], "inflate": -0.299, "pivot": [-9.825, 15.975, -7.4], "rotation": [0, 0, -60], "uv": [42, 12]}
					]
				},
				{
					"name": "rightarm",
					"parent": "main",
					"pivot": [-4.55, 8.525, 21.65],
					"rotation": [-104.56106, -12.40003, -2.46982],
					"cubes": [
						{"origin": [-8.55, -15.475, 17.65], "size": [8, 24, 8], "uv": [24, 24]}
					]
				},
				{
					"name": "leftarm",
					"parent": "main",
					"pivot": [10.2, 2.25, 20.15],
					"rotation": [-118.95832, 6.70101, -29.35181],
					"cubes": [
						{"origin": [6.2, -21.75, 16.15], "size": [8, 24, 8], "uv": [0, 0]}
					]
				},
				{
					"name": "scope",
					"parent": "main",
					"pivot": [0, 25.5, 16.75],
					"cubes": [
						{"origin": [-0.5, 25, 16.45], "size": [1, 1, 1], "inflate": -0.4, "uv": [47, 25]}
					]
				},
				{
					"name": "muzzleflash",
					"parent": "main",
					"pivot": [0, 19.975, -29.6],
					"cubes": [
						{"origin": [-0.5, 19.475, -29.9], "size": [1, 1, 1], "inflate": -0.4, "uv": [47, 42]}
					]
				},
				{
					"name": "reticle",
					"parent": "main",
					"pivot": [0, 25.5, 12.05],
					"cubes": [
						{"origin": [-0.5, 25, 10.35], "size": [1, 1, 1], "uv": [32, 34]}
					]
				},
				{
					"name": "_camera_",
					"pivot": [6.825, 33.725, 26.45]
				}
			]
		}
	]
}