{
	"format_version": "1.12.0",
	"minecraft:geometry": [
		{
			"description": {
				"identifier": "geometry.unknown",
				"texture_width": 256,
				"texture_height": 256,
				"visible_bounds_width": 9,
				"visible_bounds_height": 7,
				"visible_bounds_offset": [0, 1.5, 0]
			},
			"bones": [
				{
					"name": "bb_main",
					"pivot": [0, 0, 0]
				},
				{
					"name": "main",
					"pivot": [0, 20, 0]
				},
				{
					"name": "gun",
					"parent": "main",
					"pivot": [1, 11, -1],
					"cubes": [
						{"origin": [-1.55, 13.5, -1], "size": [3.1, 4.5, 4.65], "inflate": -0.001, "uv": [102, 52]},
						{"origin": [-2, 3.5, -1], "size": [4, 10, 5], "inflate": 0.001, "pivot": [1, 13.5, -1], "rotation": [35, 0, 0], "uv": [0, 22]},
						{"origin": [-2, 4.9, 4.4], "size": [4, 1, 5.75], "pivot": [1, 5.9, 3.3], "rotation": [9, 0, 0], "uv": [84, 124]},
						{"origin": [-1.5, 4.9, -7.6], "size": [3, 1, 12], "inflate": -0.001, "pivot": [1, 5.9, 3.3], "rotation": [9, 0, 0], "uv": [55, 32]},
						{"origin": [-1.5, 3.15, -11.45], "size": [3, 1.05, 4.15], "uv": [47, 125]},
						{"origin": [-1.5, 4.2, -11.45], "size": [3, 10.65, 2.25], "uv": [55, 32]},
						{"origin": [-1.25, 9.9, -9.2], "size": [2.5, 3.4, 3.1], "uv": [85, 78]},
						{"origin": [-1.25, 9.9, -9.375], "size": [2.5, 1.05, 3.275], "inflate": -0.001, "pivot": [0.25, 9.9, -6.1], "rotation": [12, 0, 0], "uv": [35, 102]},
						{"origin": [-1.5, 3.625, -9.725], "size": [3, 5.65, 1.25], "inflate": -0.001, "pivot": [0.5, 4.625, -10.725], "rotation": [9.25, 0, 0], "uv": [37, 0]},
						{"origin": [-2, 5.9, 5.65], "size": [4, 4.425, 4.5], "pivot": [1, 5.9, 3.3], "rotation": [9, 0, 0], "uv": [89, 132]},
						{"origin": [-2, 13.9, 3.25], "size": [4, 2.675, 8.05], "inflate": -0.001, "pivot": [1, 16.575, 3.25], "rotation": [-40.5, 0, 0], "uv": [84, 111]},
						{"origin": [-1.6, 13.9, -2.1], "size": [3.2, 5, 2], "inflate": -0.102, "uv": [22, 70]},
						{"origin": [-1.5, 16.9, -16.1], "size": [3, 1.25, 19], "uv": [0, 50]},
						{"origin": [-1.5, 17.9, -1.1], "size": [3, 2.75, 4.75], "inflate": 0.001, "uv": [102, 60]},
						{"origin": [1, 21.35, -4.35], "size": [1, 1, 7.35], "uv": [79, 87]},
						{"origin": [-1.5, 19, 3.65], "size": [3, 1.65, 3.75], "uv": [102, 88]},
						{"origin": [-1.25, 19, 7.4], "size": [2.5, 1.65, 3.75], "inflate": 0.001, "uv": [102, 92]},
						{"origin": [-1.25, 18.15, 10.15], "size": [2.5, 1, 1], "uv": [119, 0]},
						{"origin": [-1.25, 17.15, 10.15], "size": [2.5, 1, 1.25], "inflate": -0.001, "pivot": [1.25, 18.15, 10.15], "rotation": [125, 0, 0], "uv": [118, 77]},
						{"origin": [-1.5, 17.35, 5.6], "size": [3, 1.65, 3.75], "inflate": -0.001, "pivot": [1.5, 19, 5.6], "rotation": [-153, 0, 0], "uv": [102, 84]},
						{"origin": [-1.4, 17.2, -23.35], "size": [2.8, 4.8, 26.75], "uv": [138, 84]},
						{"origin": [-1.4, 17.4, -27.6], "size": [2.8, 1.3, 7.8], "pivot": [1.4, 17.4, -27.6], "rotation": [-17, 0, 0], "uv": [75, 52]},
						{"origin": [-1.95, 17.9, -19.35], "size": [1.1, 3, 1], "uv": [36, 22]},
						{"origin": [-1.95, 19.9, -18.35], "size": [1.1, 1, 7.75], "uv": [117, 124]},
						{"origin": [-1.95, 16.9, -18.35], "size": [1.1, 1.5, 7.75], "uv": [62, 118]},
						{"origin": [-1.95, 14.9, -10.6], "size": [1.1, 6, 1], "uv": [75, 52]},
						{"origin": [-1.4, 18.4, -55.35], "size": [2.8, 4, 42], "inflate": -0.002, "uv": [92, 99]},
						{"origin": [-2.65, 24.15, -12.1], "size": [5.3, 2.5, 24], "uv": [138, 114]},
						{"origin": [1.35, 22.65, -12.1], "size": [1.3, 1.5, 24], "pivot": [2.65, 24.15, -12.1], "rotation": [0, 0, 37.25], "uv": [28, 144]},
						{"origin": [-2, 22.65, -12.1], "size": [4, 1.5, 24], "uv": [164, 140]},
						{"origin": [-2, 21.9, 11.9], "size": [4, 2.25, 14], "uv": [102, 33]},
						{"origin": [-1.75, 18.65, 17.4], "size": [3.5, 3.25, 12.25], "inflate": 0.001, "uv": [102, 15]},
						{"origin": [-1.15, 20.4, 10.15], "size": [2.3, 1.5, 8.75], "uv": [25, 60]},
						{"origin": [-1.75, 10, 20.325], "size": [3.5, 10, 5], "pivot": [1.25, 20, 21.575], "rotation": [59, 0, 0], "uv": [25, 22]},
						{"origin": [-2.65, 13.4, 29.9], "size": [5.3, 8.5, 2.25], "uv": [102, 33]},
						{"origin": [-2.75, 13.4, 32.15], "size": [5.5, 11.25, 2], "inflate": 0.001, "uv": [0, 50]},
						{"origin": [1.25, 24.65, 32.15], "size": [1.5, 2.5, 2], "inflate": -0.001, "pivot": [2.75, 24.65, 32.15], "rotation": [0, 0, -24.25], "uv": [71, 99]},
						{"origin": [-2.75, 24.65, 32.15], "size": [1.5, 2.5, 2], "inflate": -0.001, "pivot": [-2.75, 24.65, 32.15], "rotation": [0, 0, 24.25], "uv": [60, 99]},
						{"origin": [-1.75, 24.6, 32.15], "size": [3.5, 2.35, 2], "uv": [51, 90]},
						{"origin": [-1.25, 26.85, 32.15], "size": [2.5, 2.35, 2], "inflate": -0.001, "uv": [73, 32]},
						{"origin": [-0.75, 26.85, 29.15], "size": [1.5, 2.35, 3], "inflate": 0.001, "uv": [51, 52]},
						{"origin": [-0.75, 26.125, 29.15], "size": [1.5, 3.075, 2], "pivot": [0.75, 29.2, 29.15], "rotation": [-51.5, 0, 0], "uv": [12, 0]},
						{"origin": [1.6, 13.4, 27.15], "size": [1.05, 3.5, 2.75], "inflate": -0.001, "pivot": [2.65, 16.9, 29.9], "rotation": [0, 15.25, 0], "uv": [25, 12]},
						{"origin": [-1.9, 13.4, 27.15], "size": [3.8, 3.5, 2.75], "uv": [110, 116]},
						{"origin": [-2.65, 13.4, 27.15], "size": [1.05, 3.5, 2.75], "inflate": -0.001, "pivot": [-2.65, 16.9, 29.9], "rotation": [0, -15.25, 0], "uv": [13, 22]},
						{"origin": [-2.65, 16.85, 28.15], "size": [5.3, 5, 2.25], "inflate": -0.001, "pivot": [2.65, 20.35, 28.15], "rotation": [37.25, 0, 0], "uv": [118, 52]},
						{"origin": [1.5, 24.6, 7.9], "size": [1.15, 1.05, 23.5], "pivot": [2.65, 25.65, -12.1], "rotation": [0, 0, 40.5], "uv": [82, 145]},
						{"origin": [-2.65, 24.6, 10.9], "size": [1.15, 1.05, 20.5], "pivot": [-2.65, 25.65, -12.1], "rotation": [0, 0, -40.5], "uv": [168, 65]},
						{"origin": [-2.65, 21.15, 25.9], "size": [5.3, 4.5, 5.5], "inflate": 0.001, "uv": [0, 118]},
						{"origin": [-1.8, 23.4, 11.9], "size": [3.6, 3, 19.5], "uv": [0, 0]},
						{"origin": [-1.5, 26.2, 11.9], "size": [3, 1.25, 19.5], "uv": [0, 22]},
						{"origin": [-1.25, 21.65, 30.65], "size": [2.5, 5.8, 1.5], "inflate": -0.001, "uv": [0, 0]},
						{"origin": [-1.5, 26.95, 10.9], "size": [3, 1, 1], "uv": [88, 91]},
						{"origin": [-2, 26.95, 4.25], "size": [4, 2, 7], "uv": [22, 108]},
						{"origin": [-0.5, 28.45, 9.25], "size": [1, 1, 2.7], "uv": [110, 77]},
						{"origin": [-0.5, 29.075, 8.725], "size": [1, 1, 1.6], "inflate": 0.001, "uv": [16, 87]},
						{"origin": [-0.5, 29.075, 8.725], "size": [1, 1, 1], "pivot": [0.5, 30.075, 8.725], "rotation": [-20.25, 0, 0], "uv": [57, 86]},
						{"origin": [0.9, 25.65, 10.9], "size": [1.75, 1, 1], "inflate": -0.001, "pivot": [2.65, 26.65, 10.9], "rotation": [0, 0, 48.75], "uv": [92, 52]},
						{"origin": [-2.65, 25.65, 10.9], "size": [1.75, 1, 1], "inflate": -0.001, "pivot": [-2.65, 26.65, 10.9], "rotation": [0, 0, -48.75], "uv": [91, 60]},
						{"origin": [-2.5, 22.775, -60.35], "size": [5, 5.25, 45.9], "inflate": 0.002, "uv": [0, 0]},
						{"origin": [-2.825, 24.075, -18.85], "size": [5.65, 2.75, 4.65], "uv": [0, 63]},
						{"origin": [-2.25, 18.275, -54.85], "size": [4.5, 3.25, 9.25], "uv": [73, 32]},
						{"origin": [-2.25, 18.275, -56.85], "size": [4.5, 1, 2], "inflate": 0.001, "uv": [14, 42]},
						{"origin": [-0.825, 16.775, -56.85], "size": [1.65, 1.5, 26.75], "inflate": 0.001, "uv": [108, 145]},
						{"origin": [-2.25, 17.75, -56.85], "size": [4.5, 1.525, 3], "inflate": -0.001, "pivot": [2.25, 19.275, -56.85], "rotation": [48.75, 0, 0], "uv": [25, 37]},
						{"origin": [-2.25, 18.275, -42.1], "size": [4.5, 3.25, 11], "uv": [136, 50]},
						{"origin": [-2.25, 18.275, -45.6], "size": [4.5, 2.45, 3.5], "uv": [124, 40]},
						{"origin": [-2.25, 18.275, -31.1], "size": [4.5, 1.7, 1], "uv": [33, 91]},
						{"origin": [-2.25, 18.975, -31.7], "size": [4.5, 1, 1.6], "inflate": -0.001, "pivot": [2.25, 19.975, -30.1], "rotation": [-32.75, 0, 0], "uv": [90, 39]},
						{"origin": [1.125, 16.2, -56.85], "size": [1.125, 2.075, 26.75], "inflate": -0.001, "pivot": [2.25, 18.275, -56.85], "rotation": [0, 0, 43.75], "uv": [54, 144]},
						{"origin": [-2.25, 16.2, -56.85], "size": [1.125, 2.075, 26.75], "inflate": -0.001, "pivot": [-2.25, 18.275, -56.85], "rotation": [0, 0, -43.75], "uv": [0, 144]},
						{"origin": [1.4, 26.775, -60.35], "size": [1, 2.25, 45.9], "pivot": [2.4, 29.025, -60.35], "rotation": [0, 0, -10.75], "uv": [0, 97]},
						{"origin": [1.5, 27.15, -50.35], "size": [1, 2, 2.7], "pivot": [2.5, 29.15, -50.35], "rotation": [0, 0, -10.75], "uv": [22, 97]},
						{"origin": [2.6, 26.475, -18.35], "size": [2, 2, 3.7], "inflate": -0.099, "pivot": [4.6, 28.475, -18.35], "rotation": [0, 0, -27.25], "uv": [84, 104]},
						{"origin": [1.9, 26.45, -18.35], "size": [2.75, 2, 3.7], "inflate": -0.101, "pivot": [4.55, 28.35, -18.35], "rotation": [0, 0, 7.25], "uv": [84, 99]},
						{"origin": [1.575, 24.4, -18.35], "size": [2.75, 1.45, 3.7], "inflate": -0.102, "pivot": [4.225, 25.75, -18.35], "rotation": [0, 0, 7.25], "uv": [34, 76]},
						{"origin": [1.15, 25.825, -18.35], "size": [2.75, 2, 3.7], "inflate": -0.1, "pivot": [3.8, 25.925, -18.35], "rotation": [0, 0, -7.25], "uv": [35, 97]},
						{"origin": [2.5, 24.475, -18.65], "size": [2, 2, 3.7], "inflate": -0.4, "pivot": [4.5, 26.475, -18.65], "rotation": [0, 0, -27.25], "uv": [98, 99]},
						{"origin": [2.6, 26.475, -19.55], "size": [2, 2, 5.4], "inflate": -0.3, "pivot": [4.6, 28.475, -19.55], "rotation": [0, 0, -27.25], "uv": [102, 67]},
						{"origin": [-2.5, 27.15, -50.35], "size": [1, 2, 2.7], "pivot": [-2.5, 29.15, -50.35], "rotation": [0, 0, 10.75], "uv": [11, 97]},
						{"origin": [0.9, 29.275, -7.6], "size": [1, 3, 10.5], "inflate": 0.001, "pivot": [1.9, 32.275, -7.6], "rotation": [0, 0, -10.75], "uv": [73, 74]},
						{"origin": [0.7, 32.125, -7.6], "size": [1, 1, 10.75], "pivot": [1.7, 33.125, -7.6], "rotation": [0, 0, -10.75], "uv": [116, 84]},
						{"origin": [-1.7, 32.125, -7.6], "size": [1, 1, 10.75], "pivot": [-1.7, 33.125, -7.6], "rotation": [0, 0, 10.75], "uv": [110, 111]},
						{"origin": [-1.7, 32.125, -7.6], "size": [3.4, 1, 10.75], "uv": [0, 144]},
						{"origin": [-2.1, 32.525, 2.75], "size": [4.2, 1, 1], "inflate": -0.4, "pivot": [-1.7, 33.125, 3.15], "rotation": [-59.75, 0, 0], "uv": [90, 5]},
						{"origin": [-2.1, 32.025, 2.95], "size": [1, 1.5, 1.55], "inflate": -0.4, "pivot": [-1.7, 33.125, 3.15], "rotation": [-59.75, 0, 0], "uv": [59, 0]},
						{"origin": [-1.85, 32.025, 3.475], "size": [1.4, 1.5, 1], "inflate": -0.399, "pivot": [-1.7, 33.125, 3.15], "rotation": [-60.63583, -7.61456, 13.25216], "uv": [51, 50]},
						{"origin": [-1.25, 32.125, 6.45], "size": [2.5, 1.4, 1], "inflate": -0.399, "pivot": [-1.7, 33.125, 3.15], "rotation": [-59.75, 0, 0], "uv": [12, 37]},
						{"origin": [-1.775, 32.125, 3.75], "size": [1, 1.4, 3.775], "inflate": -0.4, "pivot": [-1.7, 33.125, 3.15], "rotation": [-59.96378, 3.77024, -6.48815], "uv": [37, 64]},
						{"origin": [1.1, 32.025, 2.95], "size": [1, 1.5, 1.55], "inflate": -0.4, "pivot": [1.7, 33.125, 3.15], "rotation": [-59.75, 0, 0], "uv": [14, 39]},
						{"origin": [0.45, 32.025, 3.475], "size": [1.4, 1.5, 1], "inflate": -0.399, "pivot": [1.7, 33.125, 3.15], "rotation": [-60.63583, 7.61456, -13.25216], "uv": [12, 42]},
						{"origin": [0.775, 32.125, 3.75], "size": [1, 1.4, 3.775], "inflate": -0.4, "pivot": [1.7, 33.125, 3.15], "rotation": [-59.96378, -3.77024, 6.48815], "uv": [37, 60]},
						{"origin": [-1.9, 29.275, -7.6], "size": [1, 3, 10.5], "inflate": 0.001, "pivot": [-1.9, 32.275, -7.6], "rotation": [0, 0, 10.75], "uv": [22, 70]},
						{"origin": [0.9, 30.625, 2.9], "size": [1, 1.65, 2.525], "inflate": -0.001, "pivot": [1.9, 32.275, 2.9], "rotation": [-57, 0, -10.75], "uv": [118, 74]},
						{"origin": [0.6, 31.5, 5.1], "size": [1.6, 1.075, 1.325], "inflate": -0.3, "pivot": [1.9, 32.275, 2.9], "rotation": [-57, 0, -10.75], "uv": [92, 77]},
						{"origin": [0.6, 28.975, 2.625], "size": [1.6, 1.225, 2.1], "inflate": -0.299, "pivot": [1.9, 32.275, 2.9], "rotation": [0, 0, -10.75], "uv": [11, 113]},
						{"origin": [-2.2, 28.975, 2.625], "size": [1.6, 1.225, 2.1], "inflate": -0.299, "pivot": [-1.9, 32.275, 2.9], "rotation": [0, 0, 10.75], "uv": [0, 113]},
						{"origin": [-2.2, 31.5, 5.1], "size": [1.6, 1.075, 1.325], "inflate": -0.3, "pivot": [-1.9, 32.275, 2.9], "rotation": [-57, 0, 10.75], "uv": [92, 54]},
						{"origin": [-1.9, 30.625, 2.9], "size": [1, 1.65, 2.525], "inflate": -0.001, "pivot": [-1.9, 32.275, 2.9], "rotation": [-57, 0, 10.75], "uv": [118, 70]},
						{"origin": [-1.75, 30.5, 2.9], "size": [3.5, 1.775, 4.075], "pivot": [-1.75, 32.275, 2.9], "rotation": [-57, 0, 0], "uv": [66, 132]},
						{"origin": [0.9, 30.325, -12.1], "size": [1, 1.95, 4.5], "pivot": [1.9, 32.275, -12.1], "rotation": [0, 0, -10.75], "uv": [120, 15]},
						{"origin": [-2.4, 27.1, -12.1], "size": [4.8, 1, 14.75], "uv": [135, 65]},
						{"origin": [-1.4, 28.25, -57.175], "size": [2.8, 2, 31.075], "inflate": 0.001, "uv": [102, 0]},
						{"origin": [-1.9, 26.75, -61.275], "size": [3.8, 2.5, 31.075], "uv": [47, 99]},
						{"origin": [-0.75, 30.975, -54.975], "size": [1.5, 2.95, 1.825], "uv": [5, 70]},
						{"origin": [-1.4, 33.475, -55.175], "size": [2.8, 1.2, 2.225], "inflate": -0.199, "uv": [25, 56]},
						{"origin": [0.2, 32.675, -54.975], "size": [1, 1, 1.825], "inflate": -0.001, "pivot": [1.2, 33.675, -54.975], "rotation": [0, 0, 41.25], "uv": [40, 83]},
						{"origin": [-1.2, 32.675, -54.975], "size": [1, 1, 1.825], "inflate": -0.001, "pivot": [-1.2, 33.675, -54.975], "rotation": [0, 0, -41.25], "uv": [34, 83]},
						{"origin": [-1, 30.1, -55.275], "size": [2, 1.8, 2.075], "inflate": 0.001, "uv": [36, 56]},
						{"origin": [-1, 30.9, -53.2], "size": [2, 1, 1.25], "inflate": -0.001, "pivot": [1, 31.9, -53.2], "rotation": [-46, 0, 0], "uv": [22, 87]},
						{"origin": [-1, 30, -53.4], "size": [2, 1, 1.075], "uv": [79, 91]},
						{"origin": [-1.9, 21.35, -59.975], "size": [3.8, 2.5, 3.975], "uv": [102, 21]},
						{"origin": [0.4, 29.25, -57.175], "size": [1, 1, 31.075], "pivot": [1.4, 30.25, -57.175], "rotation": [0, 0, -20.25], "uv": [135, 33]},
						{"origin": [-0.7, 28.9, -25.675], "size": [2, 2, 10.075], "inflate": -0.2, "pivot": [1.3, 30.9, -25.675], "rotation": [0, 0, -20.25], "uv": [110, 99]},
						{"origin": [-1.25, 28.15, -21.675], "size": [2.5, 4.75, 8.075], "inflate": -0.2, "uv": [25, 0]},
						{"origin": [-0.425, 29.2, -16.425], "size": [1, 1, 2.075], "inflate": 0.2, "pivot": [0.575, 31.2, -16.425], "rotation": [0, 0, -20.25], "uv": [100, 111]},
						{"origin": [-0.575, 29.2, -16.425], "size": [1, 1, 2.075], "inflate": 0.2, "pivot": [-0.575, 31.2, -16.425], "rotation": [0, 0, 20.25], "uv": [84, 111]},
						{"origin": [-1.3, 28.9, -25.675], "size": [2, 2, 10.075], "inflate": -0.2, "pivot": [-1.3, 30.9, -25.675], "rotation": [0, 0, 20.25], "uv": [84, 99]},
						{"origin": [-1.4, 29.25, -57.175], "size": [1, 1, 31.075], "pivot": [-1.4, 30.25, -57.175], "rotation": [0, 0, 20.25], "uv": [102, 52]},
						{"origin": [1.45, 28.05, -7.7], "size": [1.1, 1.4, 12.225], "inflate": -0.1, "pivot": [2.5, 29.35, -7.6], "rotation": [0, 0, 15], "uv": [138, 97]},
						{"origin": [1.225, 28.875, -12.2], "size": [1.325, 1, 4.7], "inflate": -0.1, "pivot": [2.5, 29.775, -12.1], "rotation": [0, 0, 64.25], "uv": [116, 89]},
						{"origin": [2.15, 29.075, -8.9], "size": [1.025, 1, 1.6], "inflate": -0.3, "pivot": [2.5, 29.775, -8.9], "rotation": [0, 0, 64.25], "uv": [51, 86]},
						{"origin": [2.15, 28.45, -8.9], "size": [1.025, 1, 1.6], "inflate": -0.3, "pivot": [2.5, 29.15, -8.9], "rotation": [0, 0, 64.25], "uv": [40, 85]},
						{"origin": [2.15, 27.9, -8.9], "size": [1.025, 1, 1.6], "inflate": -0.3, "pivot": [2.5, 28.6, -8.9], "rotation": [0, 0, 64.25], "uv": [34, 85]},
						{"origin": [-3.175, 27.9, -8.9], "size": [1.025, 1, 1.6], "inflate": -0.3, "pivot": [-2.5, 28.6, -8.9], "rotation": [0, 0, -64.25], "uv": [15, 84]},
						{"origin": [-3.175, 28.45, -8.9], "size": [1.025, 1, 1.6], "inflate": -0.3, "pivot": [-2.5, 29.15, -8.9], "rotation": [0, 0, -64.25], "uv": [51, 84]},
						{"origin": [-3.175, 29.075, -8.9], "size": [1.025, 1, 1.6], "inflate": -0.3, "pivot": [-2.5, 29.775, -8.9], "rotation": [0, 0, -64.25], "uv": [57, 84]},
						{"origin": [1.225, 28.25, -12.2], "size": [1.325, 1, 4.7], "inflate": -0.1, "pivot": [2.5, 29.15, -12.1], "rotation": [0, 0, 64.25], "uv": [116, 84]},
						{"origin": [1.225, 27.7, -12.2], "size": [1.325, 1, 4.7], "inflate": -0.1, "pivot": [2.5, 28.6, -12.1], "rotation": [0, 0, 64.25], "uv": [110, 111]},
						{"origin": [-2.55, 27.7, -12.2], "size": [1.325, 1, 4.7], "inflate": -0.1, "pivot": [-2.5, 28.6, -12.1], "rotation": [0, 0, -64.25], "uv": [98, 104]},
						{"origin": [-2.55, 28.875, -12.2], "size": [1.325, 1, 4.7], "inflate": -0.1, "pivot": [-2.5, 29.775, -12.1], "rotation": [0, 0, -64.25], "uv": [110, 99]},
						{"origin": [-2.55, 28.25, -12.2], "size": [1.325, 1, 4.7], "inflate": -0.1, "pivot": [-2.5, 29.15, -12.1], "rotation": [0, 0, -64.25], "uv": [110, 104]},
						{"origin": [-2.55, 28.05, -7.7], "size": [1.1, 1.4, 12.225], "inflate": -0.1, "pivot": [-2.5, 29.35, -7.6], "rotation": [0, 0, -15], "uv": [128, 84]},
						{"origin": [1.475, 27.725, 3.75], "size": [1.1, 1.5, 1], "inflate": -0.1, "pivot": [2.5, 29.35, 3.825], "rotation": [32.86606, -7.80684, 9.57201], "uv": [86, 54]},
						{"origin": [-2.575, 27.725, 3.75], "size": [1.1, 1.5, 1], "inflate": -0.1, "pivot": [-2.5, 29.35, 3.825], "rotation": [32.86606, 7.80684, -9.57201], "uv": [86, 52]},
						{"origin": [1.4, 27.1, -12.1], "size": [1, 1, 14.75], "pivot": [2.4, 28.1, -12.1], "rotation": [0, 0, 30], "uv": [172, 0]},
						{"origin": [1.4, 26.1, -12.1], "size": [1, 1, 14.75], "pivot": [2.4, 27.1, -12.1], "rotation": [0, 0, 46.5], "uv": [157, 66]},
						{"origin": [-1.9, 30.325, -12.1], "size": [1, 1.95, 4.5], "pivot": [-1.9, 32.275, -12.1], "rotation": [0, 0, 10.75], "uv": [32, 118]},
						{"origin": [-2.4, 27.1, -12.1], "size": [1, 1, 14.75], "pivot": [-2.4, 28.1, -12.1], "rotation": [0, 0, -30], "uv": [102, 52]},
						{"origin": [-2.4, 26.1, -12.1], "size": [1, 1, 14.75], "pivot": [-2.4, 27.1, -12.1], "rotation": [0, 0, -46.5], "uv": [102, 67]},
						{"origin": [0.7, 31.95, -11.35], "size": [1, 1.5, 12.85], "pivot": [1.7, 33.45, -11.35], "rotation": [0, 0, -13], "uv": [140, 33]},
						{"origin": [-1.7, 32.45, -11.35], "size": [3.4, 1, 1], "uv": [0, 87]},
						{"origin": [0.125, 27.75, -14.45], "size": [1.75, 5.775, 2.35], "inflate": 0.001, "pivot": [1.875, 33.525, -14.45], "rotation": [0, 0, -11], "uv": [25, 60]},
						{"origin": [0.975, 32.625, -14.55], "size": [1, 1, 2.55], "inflate": -0.1, "pivot": [1.875, 33.525, -14.45], "rotation": [0, 0, 44.75], "uv": [118, 67]},
						{"origin": [-1.875, 27.75, -14.45], "size": [1.75, 5.775, 2.35], "inflate": 0.001, "pivot": [-1.875, 33.525, -14.45], "rotation": [0, 0, 11], "uv": [55, 0]},
						{"origin": [-1.3, 33.025, -14.45], "size": [2.6, 1.075, 2.35], "inflate": 0.001, "uv": [0, 84]},
						{"origin": [-1.975, 32.625, -14.55], "size": [1, 1, 2.55], "inflate": -0.1, "pivot": [-1.875, 33.525, -14.45], "rotation": [0, 0, -44.75], "uv": [118, 62]},
						{"origin": [-2.975, 26.125, -14.45], "size": [5.95, 1.75, 2.35], "uv": [0, 42]},
						{"origin": [1.975, 15.45, -17.1], "size": [1, 1.7, 8.1], "uv": [47, 132]},
						{"origin": [-2, 15.2, -20.15], "size": [4, 1.7, 10.9], "uv": [51, 84]},
						{"origin": [1.975, 13.95, -17.1], "size": [1, 1.5, 8.1], "inflate": -0.001, "pivot": [2.975, 15.45, -17.1], "rotation": [0, 0, 50.75], "uv": [22, 127]},
						{"origin": [2.275, 13.65, -19.6], "size": [1, 1.5, 2.8], "inflate": -0.3, "pivot": [2.975, 15.45, -17.1], "rotation": [0, 0, 50.75], "uv": [22, 118]},
						{"origin": [2.275, 13.65, -28.15], "size": [1, 1.5, 9.35], "inflate": -0.3, "pivot": [2.975, 15.45, -19.3], "rotation": [-8.19912, 15.63952, 49.56622], "uv": [0, 107]},
						{"origin": [2, 14.6, -28.025], "size": [1, 1.7, 9.1], "inflate": -0.3, "pivot": [2.975, 15.45, -19.3], "rotation": [-14.4887, 10.12, 21.90442], "uv": [0, 97]},
						{"origin": [2.275, 14.425, -19.675], "size": [1, 1.325, 2.875], "inflate": -0.3, "pivot": [2.975, 15.45, -17.1], "rotation": [15.25, 0, 50.75], "uv": [100, 114]},
						{"origin": [2.275, 15.125, -19.675], "size": [1, 1.525, 2.875], "inflate": -0.3, "pivot": [2.975, 15.45, -17.1], "rotation": [9.2646, 12.16659, -1.5105], "uv": [84, 114]},
						{"origin": [1.975, 18.675, -27.65], "size": [1, 2.675, 4.7], "uv": [86, 52]},
						{"origin": [1.975, 16.675, -27.65], "size": [1, 2.025, 4.7], "inflate": -0.001, "pivot": [2.975, 18.7, -27.65], "rotation": [0, 0, 41], "uv": [34, 83]},
						{"origin": [-2.975, 16.675, -27.65], "size": [1, 2.025, 4.7], "inflate": -0.001, "pivot": [-2.975, 18.7, -27.65], "rotation": [0, 0, -41], "uv": [34, 70]},
						{"origin": [1.975, 15.45, -17.1], "size": [1, 11.025, 2.3], "inflate": 0.001, "pivot": [-2.975, 15.45, -17.1], "rotation": [73, 0, 0], "uv": [71, 108]},
						{"origin": [-2, 12.7, -15.85], "size": [4, 10.025, 1.05], "pivot": [-3.975, 15.2, -17.1], "rotation": [73, 0, 0], "uv": [90, 23]},
						{"origin": [1.975, 15.45, -18.6], "size": [1, 10.325, 1.5], "pivot": [2.975, 15.45, -17.1], "rotation": [79.05207, 13.08583, 49.49055], "uv": [47, 97]},
						{"origin": [-3.275, 13.65, -28.15], "size": [1, 1.5, 9.35], "inflate": -0.3, "pivot": [-2.975, 15.45, -19.3], "rotation": [-8.19912, -15.63952, -49.56622], "uv": [25, 50]},
						{"origin": [-3, 14.6, -28.025], "size": [1, 1.7, 9.1], "inflate": -0.3, "pivot": [-2.975, 15.45, -19.3], "rotation": [-14.4887, -10.12, -21.90442], "uv": [0, 70]},
						{"origin": [-2.975, 15.45, -18.6], "size": [1, 10.325, 1.5], "pivot": [-2.975, 15.45, -17.1], "rotation": [79.05207, -13.08583, -49.49055], "uv": [95, 8]},
						{"origin": [-2.975, 13.95, -17.1], "size": [1, 1.5, 8.1], "inflate": -0.001, "pivot": [-2.975, 15.45, -17.1], "rotation": [0, 0, -50.75], "uv": [0, 127]},
						{"origin": [-3.275, 14.425, -19.675], "size": [1, 1.325, 2.875], "inflate": -0.3, "pivot": [-2.975, 15.45, -17.1], "rotation": [15.25, 0, -50.75], "uv": [22, 111]},
						{"origin": [-3.275, 13.65, -19.6], "size": [1, 1.5, 2.8], "inflate": -0.3, "pivot": [-2.975, 15.45, -17.1], "rotation": [0, 0, -50.75], "uv": [37, 111]},
						{"origin": [1.975, 12.95, -15.85], "size": [1, 2.5, 1.05], "inflate": -0.001, "pivot": [2.975, 15.45, -17.1], "rotation": [73, 0, 0], "uv": [5, 74]},
						{"origin": [-2.975, 12.95, -15.85], "size": [1, 2.5, 1.05], "inflate": -0.001, "pivot": [-2.975, 15.45, -17.1], "rotation": [73, 0, 0], "uv": [40, 70]},
						{"origin": [-2.975, 15.45, -17.1], "size": [1, 1.7, 8.1], "uv": [22, 118]},
						{"origin": [-2.975, 15.45, -17.1], "size": [1, 11.025, 2.3], "inflate": 0.001, "pivot": [2.975, 15.45, -17.1], "rotation": [73, 0, 0], "uv": [106, 0]},
						{"origin": [-2.975, 18.675, -27.65], "size": [1, 2.675, 4.7], "uv": [51, 84]},
						{"origin": [1.975, 26.45, -7.1], "size": [1, 1.5, 18.5], "inflate": 0.001, "uv": [0, 172]},
						{"origin": [-2.975, 26.45, -7.1], "size": [1, 1.5, 18.5], "inflate": 0.001, "uv": [168, 86]},
						{"origin": [-1.5, 28.2, 5.35], "size": [1, 1, 6.05], "uv": [118, 59]},
						{"origin": [0.5, 28.2, 5.35], "size": [1, 1, 6.05], "uv": [102, 74]},
						{"origin": [-0.5, 28.2, 5.35], "size": [1, 1, 3.9], "uv": [11, 74]},
						{"origin": [0.475, 27.9, 5.35], "size": [1, 1.3, 6.05], "inflate": -0.001, "pivot": [1.475, 29.2, 5.35], "rotation": [0, 0, -71.75], "uv": [118, 74]},
						{"origin": [-1.475, 27.9, 5.35], "size": [1, 1.3, 6.05], "inflate": -0.001, "pivot": [-1.475, 29.2, 5.35], "rotation": [0, 0, 71.75], "uv": [118, 67]},
						{"origin": [-2.975, 23.7, 2.65], "size": [5.95, 2.5, 25.5], "inflate": 0.001, "uv": [137, 0]},
						{"origin": [1.975, 25.2, 7.4], "size": [1, 1, 20.75], "pivot": [2.975, 26.2, 7.4], "rotation": [0, 0, 22.5], "uv": [168, 27]},
						{"origin": [1.975, 23.7, 7.4], "size": [1, 1, 20.75], "pivot": [2.975, 23.7, 7.4], "rotation": [0, 0, -79.75], "uv": [0, 118]},
						{"origin": [-2.975, 23.7, 7.4], "size": [1, 1, 20.75], "pivot": [-2.975, 23.7, 7.4], "rotation": [0, 0, 79.75], "uv": [0, 70]},
						{"origin": [-2.975, 25.2, 7.4], "size": [1, 1, 20.75], "pivot": [-2.975, 26.2, 7.4], "rotation": [0, 0, -22.5], "uv": [0, 97]},
						{"origin": [1.225, 20.95, -11.6], "size": [1, 1.75, 7.25], "uv": [73, 132]},
						{"origin": [-2.225, 20.95, -11.6], "size": [1, 1.75, 24], "uv": [84, 99]},
						{"origin": [0.95, 20.7, -13.6], "size": [1.25, 1, 26], "pivot": [2.2, 21.7, -13.6], "rotation": [0, 0, -18], "uv": [164, 165]},
						{"origin": [-2.2, 20.7, -13.6], "size": [1.25, 1, 26], "pivot": [-2.2, 21.7, -13.6], "rotation": [0, 0, 18], "uv": [136, 146]},
						{"origin": [1.225, 20.95, 2.9], "size": [1, 1.75, 9.5], "uv": [0, 80]},
						{"origin": [1.525, 22, -4.65], "size": [1, 1, 7.85], "inflate": -0.3, "uv": [57, 132]},
						{"origin": [-2.975, 23.95, -6.6], "size": [5.95, 2, 2.25], "inflate": 0.001, "uv": [0, 37]},
						{"origin": [1.975, 21.95, -6.6], "size": [1, 2, 2.25], "pivot": [2.975, 23.95, -6.6], "rotation": [0, 0, 42.25], "uv": [11, 101]},
						{"origin": [-2.975, 21.95, -6.6], "size": [1, 2, 2.25], "pivot": [-2.975, 23.95, -6.6], "rotation": [0, 0, -42.25], "uv": [0, 101]},
						{"origin": [-2.975, 23.65, -14.45], "size": [5.95, 2.7, 3.7], "inflate": 0.001, "uv": [90, 0]},
						{"origin": [1.975, 22.65, -14.45], "size": [1, 1, 3.7], "pivot": [2.975, 23.65, -14.45], "rotation": [0, 0, 44.5], "uv": [0, 74]},
						{"origin": [-2.975, 22.65, -14.45], "size": [1, 1, 3.7], "pivot": [-2.975, 23.65, -14.45], "rotation": [0, 0, -44.5], "uv": [73, 36]},
						{"origin": [-2.475, 21.65, -14.45], "size": [4.95, 2.2, 3.7], "uv": [119, 7]},
						{"origin": [-2.975, 25.35, -10.775], "size": [5.95, 1, 1], "inflate": -0.001, "uv": [24, 42]},
						{"origin": [-1.975, 31.15, -17.2], "size": [3.95, 1.7, 2.45], "uv": [34, 42]},
						{"origin": [-1.325, 29.15, -36.95], "size": [2.6, 1.7, 7.95], "uv": [79, 0]},
						{"origin": [0.975, 32.85, -17.2], "size": [1, 1.65, 2.45], "pivot": [1.975, 32.85, -17.2], "rotation": [0, 0, -24.75], "uv": [118, 59]},
						{"origin": [-1.975, 27.65, -36.95], "size": [3.95, 1.7, 6.2], "uv": [25, 12]},
						{"origin": [0.975, 29.35, -36.95], "size": [1, 1.65, 6.2], "pivot": [1.975, 29.35, -36.95], "rotation": [0, 0, -24.75], "uv": [124, 33]},
						{"origin": [-1.975, 29.35, -36.95], "size": [1, 1.65, 6.2], "pivot": [-1.975, 29.35, -36.95], "rotation": [0, 0, 24.75], "uv": [119, 0]},
						{"origin": [-1.975, 32.85, -17.2], "size": [1, 1.65, 2.45], "pivot": [-1.975, 32.85, -17.2], "rotation": [0, 0, 24.75], "uv": [38, 118]},
						{"origin": [-1.325, 32.65, -17.2], "size": [2.6, 1.7, 2.45], "uv": [51, 57]},
						{"origin": [-1.325, 18.175, -17.2], "size": [2.6, 16.175, 2.45], "pivot": [1.275, 34.35, -17.2], "rotation": [-75.75, 0, 0], "uv": [85, 60]},
						{"origin": [-1.975, 18, -17.2], "size": [3.95, 14.85, 1.7], "inflate": 0.001, "pivot": [1.975, 32.85, -17.2], "rotation": [-75.75, 0, 0], "uv": [87, 8]},
						{"origin": [0.925, 18, -18.8], "size": [1.05, 14.85, 1.6], "pivot": [1.975, 32.85, -17.2], "rotation": [-77.11537, 6.13896, -25.05616], "uv": [14, 50]},
						{"origin": [-1.975, 18, -18.8], "size": [1.05, 14.85, 1.6], "pivot": [-1.975, 32.85, -17.2], "rotation": [-77.11537, -6.13896, 25.05616], "uv": [41, 22]},
						{"origin": [-2.975, 22.85, -7.1], "size": [5.95, 5.1, 1.35], "pivot": [2.975, 27.95, -7.1], "rotation": [-61.75, 0, 0], "uv": [102, 15]},
						{"origin": [0.7, 27.75, -5.1], "size": [1, 1, 16.5], "pivot": [1.7, 33.45, -11.35], "rotation": [0, 0, -13], "uv": [99, 124]},
						{"origin": [0.7, 28.75, -5.1], "size": [1, 3.2, 3.85], "pivot": [1.7, 33.45, -11.35], "rotation": [0, 0, -13], "uv": [37, 12]},
						{"origin": [0.7, 26.925, -7.125], "size": [1, 3.275, 1.35], "inflate": -0.001, "pivot": [1.7, 33.45, -11.35], "rotation": [22.75, 0, -13], "uv": [0, 63]},
						{"origin": [0.7, 26.625, 0.675], "size": [1, 2.375, 1.35], "inflate": -0.001, "pivot": [1.7, 33.45, 5.575], "rotation": [-41.5, 0, -13], "uv": [16, 74]},
						{"origin": [0.7, 24.725, -4.6], "size": [1, 2.2, 1.35], "inflate": -0.001, "pivot": [1.7, 33.45, -11.35], "rotation": [22.75, 0, -13], "uv": [41, 76]},
						{"origin": [-1.7, 27.75, -5.1], "size": [1, 1, 16.5], "pivot": [-1.7, 33.45, -11.35], "rotation": [0, 0, 13], "uv": [122, 33]},
						{"origin": [-1.7, 28.75, -5.1], "size": [1, 3.2, 3.85], "pivot": [-1.7, 33.45, -11.35], "rotation": [0, 0, 13], "uv": [25, 0]},
						{"origin": [-1.7, 24.725, -4.6], "size": [1, 2.2, 1.35], "inflate": -0.001, "pivot": [-1.7, 33.45, -11.35], "rotation": [22.75, 0, 13], "uv": [16, 70]},
						{"origin": [-1.7, 26.625, 0.675], "size": [1, 2.375, 1.35], "inflate": -0.001, "pivot": [-1.7, 33.45, 5.575], "rotation": [-41.5, 0, 13], "uv": [34, 70]},
						{"origin": [-1.7, 26.925, -7.125], "size": [1, 3.275, 1.35], "inflate": -0.001, "pivot": [-1.7, 33.45, -11.35], "rotation": [22.75, 0, 13], "uv": [25, 22]},
						{"origin": [-1.7, 31.95, -11.35], "size": [1, 1.5, 12.85], "pivot": [-1.7, 33.45, -11.35], "rotation": [0, 0, 13], "uv": [102, 84]},
						{"origin": [-0.6, 21.875, -60.35], "size": [3, 2.25, 45.9], "inflate": -0.001, "pivot": [2.4, 21.875, -60.35], "rotation": [0, 0, 10.75], "uv": [51, 52]},
						{"origin": [1.5, 21.65, -50.35], "size": [1, 2.625, 2.7], "pivot": [2.5, 21.65, -50.35], "rotation": [0, 0, 10.75], "uv": [0, 97]},
						{"origin": [1.725, 23.725, -50.35], "size": [1, 2.175, 2.7], "uv": [88, 87]},
						{"origin": [-2.725, 23.725, -50.35], "size": [1, 2.175, 2.7], "uv": [79, 87]},
						{"origin": [-2.5, 21.65, -50.35], "size": [1, 2.625, 2.7], "pivot": [-2.5, 21.65, -50.35], "rotation": [0, 0, -10.75], "uv": [69, 89]},
						{"origin": [-2.4, 26.775, -60.35], "size": [1, 2.25, 45.9], "pivot": [-2.4, 29.025, -60.35], "rotation": [0, 0, 10.75], "uv": [55, 5]},
						{"origin": [-2.4, 21.875, -60.35], "size": [3, 2.25, 45.9], "pivot": [-2.4, 21.875, -60.35], "rotation": [0, 0, -10.75], "uv": [0, 50]},
						{"origin": [-1.5, 17.65, -3.35], "size": [3, 1.75, 2.25], "inflate": 0.001, "uv": [22, 77]},
						{"origin": [-1.5, 13.625, -3.35], "size": [3, 5.775, 1.25], "inflate": -0.002, "pivot": [1.5, 19.4, -3.35], "rotation": [-76.75, 0, 0], "uv": [25, 50]},
						{"origin": [-1.6, 13.675, -3.45], "size": [3.2, 1, 1.85], "inflate": -0.101, "uv": [22, 103]},
						{"origin": [-1.6, 13.675, -4.05], "size": [3.2, 1, 1.4], "inflate": -0.1, "pivot": [1.5, 13.675, -3.05], "rotation": [38, 0, 0], "uv": [22, 101]},
						{"origin": [-1.6, 13.175, -8.35], "size": [3.2, 1, 5.2], "inflate": -0.101, "uv": [117, 132]},
						{"origin": [-1.6, 12.475, -8.3], "size": [3.2, 1, 3.25], "inflate": -0.1, "uv": [102, 43]},
						{"origin": [-1.85, 11.95, -9.35], "size": [3.7, 1.25, 4], "inflate": -0.1, "uv": [97, 124]},
						{"origin": [-1.6, 13.85, -6.85], "size": [3.2, 1, 6.75], "inflate": -0.099, "pivot": [1.5, 13.85, -1.1], "rotation": [19.5, 0, 0], "uv": [22, 83]},
						{"origin": [-0.75, 14.225, -4.9], "size": [1.5, 4, 1], "inflate": -0.1, "pivot": [1, 14.225, -3.9], "rotation": [-21, 0, 0], "uv": [0, 22]},
						{"origin": [-1.6, 12.65, -9.35], "size": [3.2, 5, 1.25], "inflate": -0.101, "uv": [36, 50]},
						{"origin": [-0.7, 32.975, -10.45], "size": [2, 1, 13.475], "inflate": -0.2, "uv": [50, 172]},
						{"origin": [-1.3, 32.975, -10.45], "size": [2, 1, 13.475], "inflate": -0.201, "uv": [20, 172]},
						{"origin": [-1, 32.175, -12.25], "size": [2, 1, 15.075], "inflate": -0.001, "uv": [168, 48]},
						{"origin": [-1, 23.9, -64.475], "size": [2, 2, 7], "inflate": 0.15, "pivot": [0, 24.9, -64.475], "rotation": [0, 0, -20], "uv": [60, 99]},
						{"origin": [-1, 23.9, -73.525], "size": [2, 2, 9.5], "inflate": -0.2, "pivot": [0, 24.9, -73.525], "rotation": [0, 0, -20], "uv": [22, 97]},
						{"origin": [-1, 18.35, -67.35], "size": [2, 2, 13], "inflate": -0.1, "pivot": [0, 19.35, -67.35], "rotation": [0, 0, -20], "uv": [102, 0]},
						{"origin": [-1.6, 34.35, -54.55], "size": [3.2, 1, 1], "inflate": -0.301, "pivot": [1.1, 34.85, -54.25], "rotation": [-18.5, 0, 0], "uv": [37, 6]},
						{"origin": [-0.85, 34.475, -54.375], "size": [1.7, 1, 1.3], "inflate": -0.301, "pivot": [0.35, 34.975, -54.075], "rotation": [-53.25, 0, 0], "uv": [16, 80]},
						{"origin": [-1.6, 34.075, -55.375], "size": [1, 1.75, 2.625], "inflate": -0.4, "uv": [110, 74]},
						{"origin": [0.6, 34.075, -55.375], "size": [1, 1.75, 2.625], "inflate": -0.4, "uv": [0, 110]}
					]
				},
				{
					"name": "glowy",
					"parent": "gun",
					"pivot": [-1.7, 33.125, 3.15],
					"cubes": [
						{"origin": [0.075, 32.125, 3.95], "size": [1.3, 1, 3.275], "inflate": -0.1, "pivot": [1.7, 33.125, 3.15], "rotation": [-59.96378, -3.77024, 6.48815], "uv": [0, 80]},
						{"origin": [-1.375, 32.125, 3.95], "size": [1.4, 1, 3.275], "inflate": -0.101, "pivot": [-1.7, 33.125, 3.15], "rotation": [-59.96378, 3.77024, -6.48815], "uv": [11, 80]},
						{"origin": [-1.7, 32.125, 3.15], "size": [3.4, 1, 1], "inflate": -0.099, "pivot": [-1.7, 33.125, 3.15], "rotation": [-59.75, 0, 0], "uv": [36, 93]}
					]
				},
				{
					"name": "ironsight",
					"parent": "gun",
					"pivot": [0.9, 36.85, -54.975],
					"cubes": [
						{"origin": [-1.4, 34.625, -55.275], "size": [1, 2.55, 2.425], "inflate": -0.4, "uv": [69, 85]},
						{"origin": [-1.4, 36.375, -55.275], "size": [1, 1.35, 2.425], "inflate": -0.401, "pivot": [-1, 36.775, -54.975], "rotation": [0, 0, 25.75], "uv": [11, 110]},
						{"origin": [0.4, 34.625, -55.275], "size": [1, 2.55, 2.425], "inflate": -0.4, "uv": [11, 84]},
						{"origin": [0.4, 36.375, -55.275], "size": [1, 1.35, 2.425], "inflate": -0.401, "pivot": [1, 36.775, -54.975], "rotation": [0, 0, -25.75], "uv": [37, 108]},
						{"origin": [0.4, 34.125, -55.275], "size": [1, 1.3, 2.425], "inflate": -0.401, "pivot": [1, 35.025, -54.975], "rotation": [0, 0, 36.75], "uv": [102, 77]},
						{"origin": [-1.4, 34.125, -55.275], "size": [1, 1.3, 2.425], "inflate": -0.401, "pivot": [-1, 35.025, -54.975], "rotation": [0, 0, -36.75], "uv": [60, 103]},
						{"origin": [0.4, 33.975, -55.125], "size": [1.025, 1.525, 1.925], "inflate": -0.45, "uv": [29, 60]},
						{"origin": [-1.425, 33.975, -55.125], "size": [1.025, 1.525, 1.925], "inflate": -0.45, "uv": [63, 32]}
					]
				},
				{
					"name": "action",
					"parent": "main",
					"pivot": [3.05, 22.5, -4.175],
					"cubes": [
						{"origin": [3.3, 21.475, -3.075], "size": [1, 1, 1.8], "inflate": -0.1, "pivot": [4.2, 22.375, -2.975], "rotation": [0, -63.25, 0], "uv": [83, 60]},
						{"origin": [2.3, 21.475, -4.175], "size": [2, 1, 1.3], "inflate": -0.099, "uv": [100, 117]},
						{"origin": [1.05, 21.5, -4.175], "size": [2, 1, 1.875], "inflate": -0.2, "uv": [84, 117]}
					]
				},
				{
					"name": "magazine",
					"parent": "main",
					"pivot": [1.9, 14.4, -18.175],
					"cubes": [
						{"origin": [-1.3, 2.15, -21.425], "size": [2.6, 17.25, 9.75], "inflate": -0.001, "uv": [47, 99]},
						{"origin": [-1.9, 2.15, -18.175], "size": [3.8, 12.25, 6.75], "inflate": 0.001, "uv": [0, 0]},
						{"origin": [-1.9, 0.9, -18.175], "size": [3.8, 1.25, 3.5], "uv": [24, 91]},
						{"origin": [-1.65, 0.9, -22.025], "size": [3.3, 1.25, 3.85], "uv": [0, 91]},
						{"origin": [-1.4, 2.15, -21.675], "size": [2.8, 2.5, 3.5], "uv": [90, 34]},
						{"origin": [-1.9, 0.9, -14.675], "size": [3.8, 1.3, 3.475], "inflate": -0.001, "pivot": [1.9, 0.9, -14.675], "rotation": [21.25, 0, 0], "uv": [12, 91]}
					]
				},
				{
					"name": "rightarm",
					"parent": "main",
					"pivot": [-4.3, 8.8, 21.8],
					"rotation": [-101.81106, -12.40003, -2.46982],
					"cubes": [
						{"origin": [-8.3, -15.2, 17.8], "size": [8, 24, 8], "uv": [55, 0]}
					]
				},
				{
					"name": "leftarm",
					"parent": "main",
					"pivot": [10.3, 4.3, -17.375],
					"rotation": [-134.1508, -1.1848, -33.1648],
					"cubes": [
						{"origin": [6.3, -19.7, -21.375], "size": [8, 24, 8], "uv": [51, 52]}
					]
				},
				{
					"name": "scope",
					"parent": "main",
					"pivot": [0, 36.35, 9.25],
					"cubes": [
						{"origin": [-0.5, 35.85, 8.95], "size": [1, 1, 1], "inflate": -0.4, "uv": [27, 69]}
					]
				},
				{
					"name": "muzzleflash",
					"parent": "main",
					"pivot": [0, 24.8, -73.875],
					"cubes": [
						{"origin": [-0.5, 24.3, -74.175], "size": [1, 1, 1], "inflate": -0.4, "uv": [45, 62]}
					]
				},
				{
					"name": "_cb_canted",
					"parent": "main",
					"pivot": [0, 33.55, -6.9],
					"cubes": [
						{"origin": [-0.5, 33.25, 0.25], "size": [1, 1, 1], "uv": [35, 105]}
					]
				},
				{
					"name": "_cb_scope",
					"parent": "main",
					"pivot": [0, 36.575, -8.375],
					"cubes": [
						{"origin": [-0.5, 33.25, -6.5], "size": [1, 1, 1], "uv": [27, 9]}
					]
				},
				{
					"name": "_camera_",
					"pivot": [6.825, 33.725, 26.45]
				}
			]
		}
	]
}