{
	"format_version": "1.12.0",
	"minecraft:geometry": [
		{
			"description": {
				"identifier": "geometry.unknown",
				"texture_width": 128,
				"texture_height": 128,
				"visible_bounds_width": 157,
				"visible_bounds_height": 4,
				"visible_bounds_offset": [0, 1, 0]
			},
			"bones": [
				{
					"name": "bb_main",
					"pivot": [0, 0, 0]
				},
				{
					"name": "main",
					"pivot": [0, 20, 0]
				},
				{
					"name": "gun",
					"parent": "main",
					"pivot": [-0.2, 23.45, -5.675],
					"cubes": [
						{"origin": [-1.25, 18.15, 0.5], "size": [1, 2.74, 1.875], "inflate": -0.201, "pivot": [-0.5, 20.325, 2.25], "rotation": [-33, 0, 0], "uv": [65, 49]},
						{"origin": [-1.7, 17.125, -0.9], "size": [3.4, 4.225, 1.225], "inflate": -0.12, "uv": [0, 48]},
						{"origin": [-1.315, 20.35, 0.525], "size": [2.615, 1, 1.025], "inflate": -0.2, "pivot": [1.075, 21.15, 0.9], "rotation": [-2.13791, -30.46553, 89.7], "uv": [35, 55]},
						{"origin": [-1.3, 20.35, 0.525], "size": [2.615, 1, 1.025], "inflate": -0.2, "pivot": [-1.075, 21.15, 0.9], "rotation": [-2.13791, 30.46553, -89.7], "uv": [12, 31]},
						{"origin": [-2.3, 20.45, 0.675], "size": [3.29, 1, 1.05], "inflate": -0.22, "pivot": [-1.575, 21.225, 0.9], "rotation": [-47.40758, 28.25542, -85.52671], "uv": [28, 30]},
						{"origin": [-1.5, 20.35, 0], "size": [2.39, 1, 1.025], "inflate": -0.12, "pivot": [-1.575, 21.225, 0.9], "rotation": [3.09242, 28.25542, -85.52671], "uv": [58, 46]},
						{"origin": [-0.99, 20.45, 0.675], "size": [3.29, 1, 1.05], "inflate": -0.22, "pivot": [1.575, 21.225, 0.9], "rotation": [-47.40758, -28.25542, 85.52671], "uv": [0, 15]},
						{"origin": [-0.89, 20.35, 0], "size": [2.39, 1, 1.025], "inflate": -0.12, "pivot": [1.575, 21.225, 0.9], "rotation": [3.09242, -28.25542, 85.52671], "uv": [52, 46]},
						{"origin": [0.375, 17.65, 1.125], "size": [1, 2.725, 3.15], "inflate": -0.119, "pivot": [1.25, 20.25, 4.15], "rotation": [-13.32216, -6.07684, 1.54994], "uv": [28, 34]},
						{"origin": [-1.375, 17.65, 1.125], "size": [1, 2.725, 3.15], "inflate": -0.119, "pivot": [-1.25, 20.25, 4.15], "rotation": [-13.32216, 6.07684, -1.54994], "uv": [0, 25]},
						{"origin": [0.525, 17.175, 0.65], "size": [1, 2.2, 1.525], "inflate": -0.119, "pivot": [1.25, 20.25, 4.15], "rotation": [-34.41144, -3.19182, -0.43836], "uv": [61, 39]},
						{"origin": [-1.525, 17.175, 0.65], "size": [1, 2.2, 1.525], "inflate": -0.119, "pivot": [-1.25, 20.25, 4.15], "rotation": [-34.41144, 3.19182, 0.43836], "uv": [55, 0]},
						{"origin": [0.32, 19.225, 0.825], "size": [1.1, 1.5, 2.9], "inflate": -0.119, "pivot": [1.2, 20.6, 4.15], "rotation": [-13.32216, 0, 1.54994], "uv": [88, 53]},
						{"origin": [-1.42, 19.225, 0.825], "size": [1.1, 1.5, 2.9], "inflate": -0.119, "pivot": [-1.2, 20.6, 4.15], "rotation": [-13.32216, 0, -1.54994], "uv": [87, 73]},
						{"origin": [-1.3, 19.175, 3.325], "size": [2.6, 1.5, 1.15], "inflate": -0.119, "pivot": [-1.2, 20.25, 4.15], "rotation": [-22.07216, 0, 0], "uv": [35, 20]},
						{"origin": [-0.525, 20.025, 1.375], "size": [1.05, 1.5, 2.15], "inflate": -0.119, "pivot": [-0.45, 20.275, 4.15], "rotation": [12.17784, 0, 0], "uv": [86, 36]},
						{"origin": [0.25, 18.15, 0.5], "size": [1, 2.74, 1.875], "inflate": -0.201, "pivot": [0.5, 20.325, 2.25], "rotation": [-33, 0, 0], "uv": [18, 64]},
						{"origin": [-1.25, 7.25, 2.725], "size": [2.5, 5.475, 2], "inflate": -0.002, "pivot": [1.45, 7.175, 2.975], "rotation": [5.75, 0, 0], "uv": [0, 0]},
						{"origin": [-1.25, 7.175, 2.775], "size": [2.5, 1.775, 5.7], "inflate": -0.001, "pivot": [1.45, 7.175, 5.025], "rotation": [6.5, 0, 0], "uv": [64, 81]},
						{"origin": [-0.75, 5.65, 1.3], "size": [1.5, 1.15, 4.7], "inflate": -0.199, "pivot": [1.45, 5.85, 2.4], "rotation": [3.5, 0, 0], "uv": [34, 58]},
						{"origin": [-0.75, 5.65, 2.2], "size": [1.5, 1.15, 3.8], "inflate": -0.2, "pivot": [1.45, 5.85, 2.4], "rotation": [22, 0, 0], "uv": [49, 49]},
						{"origin": [-0.75, 5.85, 5.6], "size": [1.5, 2.05, 3.3], "inflate": -0.201, "pivot": [1.45, 6.05, 5.8], "rotation": [34.75, 0, 0], "uv": [14, 0]},
						{"origin": [-0.75, 6.55, 4.8], "size": [1.5, 1.35, 1.8], "inflate": -0.202, "pivot": [1.45, 6.05, 5.8], "rotation": [34.75, 0, 0], "uv": [55, 3]},
						{"origin": [-1.25, 8.775, 5.3], "size": [2.5, 5.8, 1.75], "pivot": [1.45, 14.575, 7.05], "rotation": [13.75, 0, 0], "uv": [52, 23]},
						{"origin": [-1.25, 14.575, 5.3], "size": [2.5, 3.5, 1.75], "inflate": -0.001, "pivot": [1.45, 14.575, 7.05], "rotation": [41.75, 0, 0], "uv": [82, 0]},
						{"origin": [-1.25, 15.525, -0.65], "size": [2.5, 4.875, 5.15], "inflate": 0.002, "pivot": [1.45, 20.225, 4.625], "rotation": [16.75, 0, 0], "uv": [55, 0]},
						{"origin": [0.275, 18.775, 3.125], "size": [1, 1.5, 1.1], "pivot": [0.975, 20.225, 4.625], "rotation": [-7.41315, -6.35135, -13.89752], "uv": [69, 28]},
						{"origin": [-1.275, 18.775, 3.125], "size": [1, 1.5, 1.1], "pivot": [-0.975, 20.225, 4.625], "rotation": [-7.41315, 6.35135, 13.89752], "uv": [69, 25]},
						{"origin": [-1.575, 18.25, 3.525], "size": [1.1, 1, 1], "inflate": -0.301, "pivot": [-0.975, 20.225, 4.625], "rotation": [-7.41315, 6.35135, 13.89752], "uv": [69, 23]},
						{"origin": [0.475, 18.25, 3.525], "size": [1.1, 1, 1], "inflate": -0.301, "pivot": [0.975, 20.225, 4.625], "rotation": [-7.41315, -6.35135, -13.89752], "uv": [7, 69]},
						{"origin": [-0.5, 22.7, -0.1], "size": [1, 1, 2.975], "inflate": -0.099, "pivot": [0.5, 22.8, 2.775], "rotation": [53.25, 0, 0], "uv": [69, 88]},
						{"origin": [-0.5, 22.275, 1.225], "size": [1, 1.1, 1], "inflate": -0.1, "pivot": [0.5, 23.275, 2.125], "rotation": [79.25, 0, 0], "uv": [69, 38]},
						{"origin": [-0.5, 20.425, 0.35], "size": [1, 2.25, 1.7], "inflate": -0.1, "pivot": [0.5, 21.775, 2.225], "rotation": [14, 0, 0], "uv": [63, 23]},
						{"origin": [-0.5, 21.75, -0.1], "size": [1, 1, 1.075], "inflate": -0.099, "pivot": [0.5, 21.85, 0.875], "rotation": [-2, 0, 0], "uv": [70, 36]},
						{"origin": [-0.5, 21.95, 0.45], "size": [1, 1, 1.075], "inflate": -0.101, "pivot": [0.5, 22.05, 1.425], "rotation": [41.25, 0, 0], "uv": [69, 40]},
						{"origin": [-1.25, 15.95, -6.8], "size": [2.5, 1, 7.225], "inflate": 0.001, "uv": [52, 23]},
						{"origin": [-1.25, 18.45, -16.825], "size": [3.3, 1.5, 8.225], "inflate": 0.003, "pivot": [2.05, 20.95, -8.6], "rotation": [0, 0, -5], "uv": [0, 0]},
						{"origin": [-0.25, 18.45, -18.525], "size": [2, 1.5, 8.225], "inflate": 0.004, "pivot": [2.05, 20.95, -8.6], "rotation": [0, 0, -5], "uv": [0, 25]},
						{"origin": [-1.75, 18.45, -18.525], "size": [2, 1.5, 8.225], "inflate": 0.004, "pivot": [-2.05, 20.95, -8.6], "rotation": [0, 0, 5], "uv": [0, 9]},
						{"origin": [-2.05, 18.45, -16.825], "size": [1.7, 1.5, 8.225], "inflate": 0.004, "pivot": [-2.05, 20.95, -8.6], "rotation": [0, 0, 5], "uv": [28, 25]},
						{"origin": [-0.45, 19.95, -34.85], "size": [2.5, 1, 2.925], "inflate": 0.003, "pivot": [2.05, 20.95, -31.925], "rotation": [63, 0, -5], "uv": [27, 5]},
						{"origin": [0.05, 18.25, -30.925], "size": [2, 2.7, 22.325], "inflate": 0.005, "pivot": [2.05, 20.95, -8.6], "rotation": [0, 0, 40.25], "uv": [48, 49]},
						{"origin": [-0.15, 19.95, -31.9], "size": [1.9, 1, 1], "inflate": 0.003, "pivot": [2.05, 20.95, -31.9], "rotation": [0, 24.5, 40.25], "uv": [68, 46]},
						{"origin": [-2.05, 19.95, -34.85], "size": [2.5, 1, 2.925], "inflate": 0.003, "pivot": [-2.05, 20.95, -31.925], "rotation": [63, 0, 5], "uv": [14, 5]},
						{"origin": [-1.75, 19.95, -31.9], "size": [1.9, 1, 1], "inflate": 0.003, "pivot": [-2.05, 20.95, -31.9], "rotation": [0, -24.5, -40.25], "uv": [68, 34]},
						{"origin": [-2.05, 19.65, -30.925], "size": [2, 1.3, 22.325], "inflate": 0.004, "pivot": [-2.05, 20.95, -8.6], "rotation": [0, 0, -40.25], "uv": [52, 23]},
						{"origin": [-2.05, 19.95, -8.525], "size": [2, 1, 1.325], "inflate": 0.004, "pivot": [-2.05, 20.95, -7.2], "rotation": [0, 0, -40.25], "uv": [0, 62]},
						{"origin": [1.05, 19.95, -31.925], "size": [1, 1, 23.325], "inflate": 0.004, "pivot": [2.05, 20.95, -8.6], "rotation": [0, 0, -5], "uv": [27, 25]},
						{"origin": [-2.05, 19.95, -31.925], "size": [1.6, 1, 23.325], "inflate": 0.004, "pivot": [-2.05, 20.95, -8.6], "rotation": [0, 0, 5], "uv": [0, 48]},
						{"origin": [-2.05, 17.65, -8.525], "size": [1, 3.3, 1.325], "inflate": 0.004, "pivot": [-2.05, 20.95, -7.2], "rotation": [0, 0, 5], "uv": [17, 34]},
						{"origin": [-2.325, 16.65, -8.525], "size": [1, 1, 1.325], "inflate": 0.004, "pivot": [-2.325, 17.65, -7.2], "rotation": [0, 0, -48.5], "uv": [18, 67]},
						{"origin": [-1.175, 17.55, -30.725], "size": [3, 1, 22.125], "pivot": [1.825, 19.95, -8.6], "rotation": [0.58262, -2.1733, -15.01105], "uv": [27, 0]},
						{"origin": [0.825, 17.55, -22.825], "size": [1, 1, 14.225], "inflate": -0.001, "pivot": [1.825, 19.95, -8.6], "rotation": [-9.16738, -2.1733, -15.01105], "uv": [74, 0]},
						{"origin": [0.825, 15.95, -22.125], "size": [1, 1.6, 1.725], "inflate": -0.001, "pivot": [1.825, 19.95, -8.6], "rotation": [-9.16738, -2.1733, -15.01105], "uv": [4, 53]},
						{"origin": [0.825, 14.65, -29.675], "size": [1, 2.675, 1.425], "inflate": -0.001, "pivot": [1.825, 19.95, -8.6], "rotation": [-9.16738, -2.1733, -15.01105], "uv": [52, 39]},
						{"origin": [0.825, 15.175, -26.225], "size": [1, 2.675, 1], "inflate": -0.001, "pivot": [1.825, 19.95, -8.6], "rotation": [-9.16738, -2.1733, -15.01105], "uv": [35, 49]},
						{"origin": [0.15, 15.175, -28.35], "size": [1, 2.675, 2.975], "inflate": -0.001, "pivot": [1.825, 19.95, -8.6], "rotation": [-9.16738, -2.1733, -15.01105], "uv": [49, 58]},
						{"origin": [-1.15, 15.175, -28.35], "size": [1, 2.675, 2.975], "inflate": -0.001, "pivot": [-1.825, 19.95, -8.6], "rotation": [-9.16738, 2.1733, 15.01105], "uv": [43, 18]},
						{"origin": [-1.475, 13.25, -28.5], "size": [1, 1.325, 2.5], "inflate": -0.001, "pivot": [1.825, 19.95, -8.6], "rotation": [-14.22695, -6.0572, -41.55244], "uv": [17, 60]},
						{"origin": [0.475, 13.25, -28.5], "size": [1, 1.325, 2.5], "inflate": -0.001, "pivot": [-1.825, 19.95, -8.6], "rotation": [-14.22695, 6.0572, 41.55244], "uv": [0, 53]},
						{"origin": [0.825, 15.175, -25.35], "size": [1, 1.45, 1.65], "inflate": -0.002, "pivot": [1.825, 19.95, -8.6], "rotation": [-9.16738, -2.1733, -15.01105], "uv": [10, 51]},
						{"origin": [-1.825, 15.175, -25.35], "size": [1, 1.45, 1.65], "inflate": -0.002, "pivot": [-1.825, 19.95, -8.6], "rotation": [-9.16738, 2.1733, 15.01105], "uv": [46, 41]},
						{"origin": [-1.825, 15.175, -26.225], "size": [1, 2.675, 1], "inflate": -0.001, "pivot": [-1.825, 19.95, -8.6], "rotation": [-9.16738, 2.1733, 15.01105], "uv": [10, 48]},
						{"origin": [-1.825, 15.95, -22.125], "size": [1, 1.6, 1.725], "inflate": -0.001, "pivot": [-1.825, 19.95, -8.6], "rotation": [-9.16738, 2.1733, 15.01105], "uv": [52, 42]},
						{"origin": [-1.825, 17.55, -22.825], "size": [1, 1, 14.225], "inflate": -0.001, "pivot": [-1.825, 19.95, -8.6], "rotation": [-9.16738, 2.1733, 15.01105], "uv": [64, 73]},
						{"origin": [-1.175, 19.85, -30.725], "size": [3, 1.1, 2.125], "pivot": [1.825, 19.95, -8.6], "rotation": [0.58262, -2.1733, -15.01105], "uv": [64, 31]},
						{"origin": [-1.825, 19.85, -30.725], "size": [3, 1.1, 2.125], "pivot": [-1.825, 19.95, -8.6], "rotation": [0.58262, 2.1733, 15.01105], "uv": [59, 54]},
						{"origin": [-0.175, 30.075, -33.05], "size": [2, 1, 5.325], "inflate": -0.002, "pivot": [1.825, 19.95, -8.6], "rotation": [28.08262, -2.1733, -15.01105], "uv": [55, 9]},
						{"origin": [1.025, 20.625, -29.225], "size": [1, 1, 3.625], "pivot": [2.025, 21.625, -25.6], "rotation": [0.58262, -2.1733, -15.01105], "uv": [72, 88]},
						{"origin": [0.225, 20.225, -29.225], "size": [1.8, 1.4, 3.625], "inflate": -0.001, "pivot": [2.025, 21.625, -25.6], "rotation": [-0.73287, -2.12736, 19.01361], "uv": [88, 62]},
						{"origin": [-2.025, 20.225, -29.225], "size": [1.8, 1.4, 3.625], "inflate": -0.001, "pivot": [-2.025, 21.625, -25.6], "rotation": [-0.73287, 2.12736, -19.01361], "uv": [88, 58]},
						{"origin": [1.025, 18.225, -26.625], "size": [1, 3.4, 1.025], "inflate": -0.001, "pivot": [2.025, 21.625, -25.6], "rotation": [76.83262, -2.1733, -15.01105], "uv": [45, 25]},
						{"origin": [1.025, 17.3, -27.475], "size": [1, 3.875, 1.025], "inflate": -0.001, "pivot": [2.025, 21.625, -25.6], "rotation": [56.33262, -2.1733, -15.01105], "uv": [12, 25]},
						{"origin": [-2.025, 17.3, -27.475], "size": [1, 3.875, 1.025], "inflate": -0.001, "pivot": [-2.025, 21.625, -25.6], "rotation": [56.33262, 2.1733, 15.01105], "uv": [0, 18]},
						{"origin": [-2.025, 18.225, -26.625], "size": [1, 3.4, 1.025], "inflate": -0.001, "pivot": [-2.025, 21.625, -25.6], "rotation": [76.83262, 2.1733, 15.01105], "uv": [44, 0]},
						{"origin": [-2.025, 20.625, -29.225], "size": [1, 1, 3.625], "pivot": [-2.025, 21.625, -25.6], "rotation": [0.58262, 2.1733, 15.01105], "uv": [64, 88]},
						{"origin": [-0.175, 17.55, -35.425], "size": [2, 1, 4.7], "pivot": [1.825, 19.95, -8.575], "rotation": [0.58262, -2.1733, -15.01105], "uv": [61, 39]},
						{"origin": [-1.175, 17.55, -33.425], "size": [1, 1, 2.7], "pivot": [1.825, 19.95, -8.575], "rotation": [0.58262, -2.1733, -15.01105], "uv": [86, 25]},
						{"origin": [0.175, 17.55, -33.425], "size": [1, 1, 2.7], "pivot": [-1.825, 19.95, -8.575], "rotation": [0.58262, 2.1733, 15.01105], "uv": [86, 17]},
						{"origin": [-1.525, 17.125, -35.375], "size": [3, 1, 1], "pivot": [1.475, 17.125, -35.375], "rotation": [7.27628, 58.47735, 3.24402], "uv": [0, 30]},
						{"origin": [-1.475, 17.125, -35.375], "size": [3, 1, 1], "pivot": [-1.475, 17.125, -35.375], "rotation": [7.27628, -58.47735, -3.24402], "uv": [27, 20]},
						{"origin": [0.825, 21.475, -33.2], "size": [1, 1.525, 3.525], "inflate": -0.002, "pivot": [1.825, 19.95, -8.575], "rotation": [8.58262, -2.1733, -15.01105], "uv": [78, 41]},
						{"origin": [-1.825, 14.65, -29.675], "size": [1, 2.675, 1.425], "inflate": -0.001, "pivot": [-1.825, 19.95, -8.6], "rotation": [-9.16738, 2.1733, 15.01105], "uv": [41, 49]},
						{"origin": [-1.825, 21.475, -33.2], "size": [1, 1.525, 3.525], "inflate": -0.002, "pivot": [-1.825, 19.95, -8.575], "rotation": [8.58262, 2.1733, 15.01105], "uv": [25, 49]},
						{"origin": [-1.825, 30.075, -33.05], "size": [2, 1, 5.325], "inflate": -0.002, "pivot": [-1.825, 19.95, -8.6], "rotation": [28.08262, 2.1733, 15.01105], "uv": [52, 39]},
						{"origin": [-1.825, 17.55, -35.425], "size": [2, 1, 4.7], "pivot": [-1.825, 19.95, -8.575], "rotation": [0.58262, 2.1733, 15.01105], "uv": [55, 17]},
						{"origin": [-1.825, 17.55, -30.725], "size": [3, 1, 22.125], "pivot": [-1.825, 19.95, -8.6], "rotation": [0.58262, 2.1733, 15.01105], "uv": [0, 25]},
						{"origin": [0.675, 19.05, 0.6], "size": [1, 2.05, 2.075], "inflate": 0.001, "pivot": [1.675, 19.05, 1.6], "rotation": [121.17542, -8.27354, 7.93164], "uv": [24, 72]},
						{"origin": [0.675, 21.725, -0.4], "size": [1, 1.225, 2.35], "inflate": 0.001, "pivot": [1.675, 21.6, 0.875], "rotation": [121.93716, 3.88194, -11.64534], "uv": [49, 66]},
						{"origin": [0.425, 21.7, -2.1], "size": [1, 1.025, 2.35], "inflate": 0.001, "pivot": [1.675, 21.6, 0.875], "rotation": [169.20816, -8.89945, -23.33988], "uv": [25, 66]},
						{"origin": [-1.425, 21.7, -2.1], "size": [1, 1.025, 2.35], "inflate": 0.001, "pivot": [-1.675, 21.6, 0.875], "rotation": [169.20816, 8.89945, 23.33988], "uv": [5, 66]},
						{"origin": [0.675, 22.05, -0.925], "size": [1, 1.2, 2.275], "pivot": [1.675, 21.6, 0.875], "rotation": [89.43716, 3.88194, -11.64534], "uv": [31, 66]},
						{"origin": [-1.675, 21.725, -0.4], "size": [1, 1.225, 2.35], "inflate": 0.001, "pivot": [-1.675, 21.6, 0.875], "rotation": [121.93716, -3.88194, 11.64534], "uv": [49, 62]},
						{"origin": [-1.675, 22.05, -0.925], "size": [1, 1.2, 2.275], "pivot": [-1.675, 21.6, 0.875], "rotation": [89.43716, -3.88194, 11.64534], "uv": [64, 34]},
						{"origin": [0.675, 20.25, -0.325], "size": [1, 1.1, 1.725], "pivot": [1.675, 19.05, 1.6], "rotation": [89.42542, -8.27354, 7.93164], "uv": [41, 55]},
						{"origin": [-1.675, 19.05, 0.6], "size": [1, 2.05, 2.075], "inflate": 0.001, "pivot": [-1.675, 19.05, 1.6], "rotation": [121.17542, 8.27354, -7.93164], "uv": [39, 64]},
						{"origin": [-1.675, 20.25, -0.325], "size": [1, 1.1, 1.725], "pivot": [-1.675, 19.05, 1.6], "rotation": [89.42542, 8.27354, -7.93164], "uv": [55, 12]},
						{"origin": [-1, 21.75, -30.85], "size": [2, 2.15, 23.85], "inflate": -0.3, "uv": [0, 0]},
						{"origin": [-1.5, 21.775, -8.825], "size": [3, 1.775, 1.925], "inflate": -0.3, "uv": [27, 15]},
						{"origin": [-1, 16.05, -34.1], "size": [2, 2.45, 20.175], "inflate": -0.3, "uv": [25, 49]},
						{"origin": [-0.5, 22.725, -8.05], "size": [1, 2.3, 7.95], "inflate": -0.3, "pivot": [0.2, 24.725, -0.75], "rotation": [-2.25, 0, 0], "uv": [0, 57]},
						{"origin": [-0.5, 22.725, -1.175], "size": [1, 2.3, 1.075], "inflate": -0.301, "pivot": [0.2, 24.725, -0.375], "rotation": [25.25, 0, 0], "uv": [19, 0]},
						{"origin": [-0.6, 23.125, -18.325], "size": [1.2, 1.4, 8.125], "inflate": -0.299, "pivot": [0.2, 24.225, -10.5], "rotation": [0.75, 0, 0], "uv": [0, 34]},
						{"origin": [-0.7, 23.4, -22.05], "size": [1.4, 1, 3.4], "inflate": -0.4, "pivot": [0.2, 24, -19.05], "rotation": [-4.75, 0, 0], "uv": [49, 53]},
						{"origin": [-0.7, 22.825, -31.625], "size": [1.4, 1.4, 5.775], "inflate": -0.399, "pivot": [0.2, 23.825, -26.25], "rotation": [-4.75, 0, 0], "uv": [65, 73]},
						{"origin": [-0.7, 23.3, -31.875], "size": [1.4, 1.35, 1.075], "inflate": -0.4, "pivot": [0.2, 24.25, -31.2], "rotation": [20.75, 0, 0], "uv": [34, 63]},
						{"origin": [-0.7, 22.825, -26.65], "size": [1.4, 1.4, 2.5], "inflate": -0.4, "pivot": [0.2, 23.825, -26.25], "rotation": [-9.75, 0, 0], "uv": [55, 66]},
						{"origin": [-0.7, 23.675, -17.525], "size": [1.4, 1.35, 3.4], "inflate": -0.4, "pivot": [0.2, 24.625, -17.125], "rotation": [-10.5, 0, 0], "uv": [25, 53]},
						{"origin": [-0.7, 23.425, -18.05], "size": [1.4, 1.35, 1.2], "inflate": -0.401, "pivot": [0.2, 24.375, -17.65], "rotation": [34.25, 0, 0], "uv": [64, 46]},
						{"origin": [-0.7, 23.975, -19.125], "size": [1.4, 1.05, 2.4], "inflate": -0.399, "pivot": [0.2, 24.625, -17.125], "rotation": [2.5, 0, 0], "uv": [24, 76]},
						{"origin": [-0.7, 22.05, -21.55], "size": [1.4, 1.05, 1.825], "inflate": -0.401, "pivot": [0.2, 24, -19.05], "rotation": [-36.5, 0, 0], "uv": [65, 58]},
						{"origin": [-0.7, 22.9, -21.6], "size": [1.4, 1.3, 2.95], "inflate": -0.399, "pivot": [0.2, 24, -19.05], "rotation": [-4.75, 0, 0], "uv": [33, 76]},
						{"origin": [-0.6, 22.9, -19.925], "size": [1.2, 1.4, 1.175], "inflate": -0.3, "pivot": [0.2, 24, -19.05], "rotation": [68.5, 0, 0], "uv": [9, 66]},
						{"origin": [-0.6, 23.025, -18.325], "size": [1.2, 1.4, 1.175], "inflate": -0.301, "pivot": [0.2, 24.125, -18.025], "rotation": [-67.75, 0, 0], "uv": [65, 60]},
						{"origin": [-0.5, 24.3, -9.45], "size": [1, 1, 2], "inflate": -0.301, "pivot": [0.2, 25, -7.75], "rotation": [42.25, 0, 0], "uv": [56, 77]},
						{"origin": [-0.7, 22.425, -8.05], "size": [1.2, 2.3, 8.075], "inflate": -0.299, "pivot": [0.2, 24.425, -0.75], "rotation": [-2.10634, -1.27517, -46.70692], "uv": [27, 10]},
						{"origin": [-0.7, 22.375, -1.325], "size": [1.2, 2.35, 1.35], "inflate": -0.3, "pivot": [0.2, 24.425, -0.75], "rotation": [21.39366, -1.27517, -46.70692], "uv": [40, 58]},
						{"origin": [-0.5, 22.375, -1.325], "size": [1.2, 2.35, 1.35], "inflate": -0.3, "pivot": [-0.2, 24.425, -0.75], "rotation": [21.39366, 1.27517, 46.70692], "uv": [34, 58]},
						{"origin": [-0.35, 22.575, -1.05], "size": [1.2, 2.15, 1.05], "inflate": -0.3, "pivot": [-0.2, 24.425, -0.75], "rotation": [22.31295, -16.14946, 39.69536], "uv": [55, 17]},
						{"origin": [-0.85, 22.575, -1.05], "size": [1.2, 2.15, 1.05], "inflate": -0.3, "pivot": [0.2, 24.425, -0.75], "rotation": [22.31295, 16.14946, -39.69536], "uv": [55, 9]},
						{"origin": [-0.975, 22.475, -1.05], "size": [1.95, 1.475, 1.05], "inflate": -0.3, "pivot": [0.2, 24.425, -0.75], "rotation": [27.24532, 0, 0], "uv": [58, 61]},
						{"origin": [-4.075, 23.425, -8.025], "size": [1.2, 1.8, 1.6], "inflate": -0.3, "pivot": [-0.2, 24.425, -0.75], "rotation": [8.04155, -29.51447, 49.40245], "uv": [59, 66]},
						{"origin": [2.875, 23.425, -8.025], "size": [1.2, 1.8, 1.6], "inflate": -0.3, "pivot": [0.2, 24.425, -0.75], "rotation": [8.04155, 29.51447, -49.40245], "uv": [53, 66]},
						{"origin": [2.875, 26.25, -7.65], "size": [1.2, 1.075, 1.775], "inflate": -0.299, "pivot": [0.2, 24.425, -0.75], "rotation": [24.04155, 29.51447, -49.40245], "uv": [35, 66]},
						{"origin": [-4.075, 26.25, -7.65], "size": [1.2, 1.075, 1.775], "inflate": -0.299, "pivot": [-0.2, 24.425, -0.75], "rotation": [24.04155, -29.51447, 49.40245], "uv": [29, 66]},
						{"origin": [-0.5, 22.425, -8.05], "size": [1.2, 2.3, 8.075], "inflate": -0.299, "pivot": [-0.2, 24.425, -0.75], "rotation": [-2.10634, 1.27517, 46.70692], "uv": [27, 0]},
						{"origin": [-1.25, 8.45, -0.65], "size": [2.5, 9.325, 3.975], "pivot": [1.45, 16.85, 0.8], "rotation": [33.25, 0, 0], "uv": [80, 73]},
						{"origin": [-0.5, 13.775, -2.725], "size": [1, 3.5, 1], "inflate": -0.1, "pivot": [0.5, 13.775, -2.725], "rotation": [-14.25, 0, 0], "uv": [45, 33]},
						{"origin": [-1, 12.275, -4.425], "size": [2, 1, 1.775], "inflate": -0.2, "pivot": [1.25, 12.475, -2.85], "rotation": [-20, 0, 0], "uv": [63, 28]},
						{"origin": [-1, 12.275, -6.925], "size": [2, 1, 1.775], "inflate": -0.2, "pivot": [1.25, 12.475, -2.85], "rotation": [-18.5, 0, 0], "uv": [25, 63]},
						{"origin": [-1.25, 14.475, -7.775], "size": [2.5, 2.475, 1.95], "inflate": -0.201, "pivot": [1.25, 14.65, -6.025], "rotation": [-49.5, 0, 0], "uv": [88, 88]},
						{"origin": [-0.45, 11.725, -10.3], "size": [1, 3.675, 1], "inflate": -0.202, "pivot": [0.35, 11.9, -9.5], "rotation": [-24.94652, 1.68934, 13.62628], "uv": [38, 34]},
						{"origin": [-0.45, 11.725, -10.3], "size": [1, 3.675, 1], "inflate": -0.203, "pivot": [0.35, 11.9, -9.5], "rotation": [15.55348, 1.68934, 13.62628], "uv": [38, 25]},
						{"origin": [-0.5, 11.725, -10.3], "size": [1, 3.675, 1], "inflate": -0.203, "pivot": [0.35, 11.9, -9.5], "rotation": [14.88948, 0, 0], "uv": [18, 25]},
						{"origin": [-1.05, 13.3, -10.3], "size": [1.6, 2.7, 5.025], "inflate": -0.199, "pivot": [0.35, 11.9, -9.5], "rotation": [1.05348, 1.68934, 13.62628], "uv": [11, 64]},
						{"origin": [-1.35, 12.375, -14.825], "size": [1.9, 2.475, 3.925], "inflate": -0.2, "pivot": [0.35, 11.9, -9.5], "rotation": [-43.44652, 1.68934, 13.62628], "uv": [0, 34]},
						{"origin": [-1.55, 15.525, -19.55], "size": [2.1, 2.475, 10.9], "inflate": -0.201, "pivot": [0.35, 11.9, -9.5], "rotation": [-2.44652, 1.68934, 13.62628], "uv": [74, 58]},
						{"origin": [-0.85, 11.35, -23.35], "size": [1.4, 2.1, 3.5], "inflate": -0.2, "pivot": [0.35, 11.9, -9.5], "rotation": [-25.69652, 1.68934, 13.62628], "uv": [27, 10]},
						{"origin": [-0.45, 19.9, -23.35], "size": [1, 2.1, 4.825], "inflate": -0.201, "pivot": [0.35, 11.9, -9.5], "rotation": [16.30348, 1.68934, 13.62628], "uv": [35, 49]},
						{"origin": [-0.55, 19.9, -23.35], "size": [1, 2.1, 4.825], "inflate": -0.201, "pivot": [-0.35, 11.9, -9.5], "rotation": [16.30348, -1.68934, -13.62628], "uv": [12, 25]},
						{"origin": [-0.55, 11.35, -23.35], "size": [1.4, 2.1, 3.5], "inflate": -0.2, "pivot": [-0.35, 11.9, -9.5], "rotation": [-25.69652, -1.68934, -13.62628], "uv": [27, 0]},
						{"origin": [-0.75, 12.175, -9.725], "size": [1.3, 1.8, 3.975], "inflate": -0.201, "pivot": [0.35, 11.9, -9.5], "rotation": [24.55348, 1.68934, 13.62628], "uv": [0, 76]},
						{"origin": [-0.55, 11.725, -10.3], "size": [1, 3.675, 1], "inflate": -0.203, "pivot": [-0.35, 11.9, -9.5], "rotation": [15.55348, -1.68934, -13.62628], "uv": [37, 0]},
						{"origin": [-0.55, 12.375, -14.825], "size": [1.9, 2.475, 3.925], "inflate": -0.2, "pivot": [-0.35, 11.9, -9.5], "rotation": [-43.44652, -1.68934, -13.62628], "uv": [28, 25]},
						{"origin": [-0.55, 15.525, -19.55], "size": [2.1, 2.475, 10.9], "inflate": -0.201, "pivot": [-0.35, 11.9, -9.5], "rotation": [-2.44652, -1.68934, -13.62628], "uv": [74, 46]},
						{"origin": [-0.55, 15.725, -7.275], "size": [1, 1.975, 6.95], "inflate": -0.2, "pivot": [-0.35, 11.9, -9.5], "rotation": [1.05348, -1.68934, -13.62628], "uv": [86, 36]},
						{"origin": [-0.55, 15.575, -8.625], "size": [1, 2.025, 1.875], "inflate": -0.203, "pivot": [-0.35, 11.9, -9.5], "rotation": [1.05348, -1.68934, -13.62628], "uv": [59, 49]},
						{"origin": [-0.55, 13.3, -10.3], "size": [1.6, 2.7, 5.025], "inflate": -0.199, "pivot": [-0.35, 11.9, -9.5], "rotation": [1.05348, -1.68934, -13.62628], "uv": [58, 58]},
						{"origin": [-0.55, 12.8, -6.325], "size": [1, 1.9, 4], "inflate": -0.201, "pivot": [-0.35, 11.9, -9.5], "rotation": [27.80348, -1.68934, -13.62628], "uv": [63, 23]},
						{"origin": [-0.45, 12.8, -6.325], "size": [1, 1.9, 4], "inflate": -0.201, "pivot": [0.35, 11.9, -9.5], "rotation": [27.80348, 1.68934, 13.62628], "uv": [59, 49]},
						{"origin": [-0.45, 15.725, -7.275], "size": [1, 1.975, 6.95], "inflate": -0.2, "pivot": [0.35, 11.9, -9.5], "rotation": [1.05348, 1.68934, 13.62628], "uv": [86, 29]},
						{"origin": [-0.55, 12.175, -9.725], "size": [1.3, 1.8, 3.975], "inflate": -0.201, "pivot": [-0.35, 11.9, -9.5], "rotation": [24.55348, -1.68934, -13.62628], "uv": [75, 17]},
						{"origin": [-0.55, 11.725, -10.3], "size": [1, 3.675, 1], "inflate": -0.202, "pivot": [-0.35, 11.9, -9.5], "rotation": [-24.94652, -1.68934, -13.62628], "uv": [37, 10]},
						{"origin": [-1, 11.725, -3.9], "size": [2, 1, 3.5], "inflate": -0.2, "pivot": [1.25, 12.525, -0.6], "rotation": [-137.75, 0, 0], "uv": [63, 17]},
						{"origin": [-1, 10.075, -1.4], "size": [2, 2.65, 1], "inflate": -0.199, "pivot": [1.25, 12.525, -0.6], "rotation": [-88.75, 0, 0], "uv": [90, 0]},
						{"origin": [-1.75, 10.6, 0.575], "size": [3.5, 5.675, 2.825], "pivot": [1.95, 16.25, 0.575], "rotation": [31.25, 0, 0], "uv": [12, 9]},
						{"origin": [-1.75, 10.65, 2.6], "size": [3.5, 3.575, 4.225], "inflate": 0.002, "pivot": [1.95, 14.2, 7.075], "rotation": [17.25, 0, 0], "uv": [88, 46]},
						{"origin": [-1.75, 8.675, 4], "size": [3.5, 2.275, 4.225], "pivot": [1.95, 9.15, 6.65], "rotation": [14.25, 0, 0], "uv": [74, 8]},
						{"origin": [-1.75, 14.3, 5.575], "size": [3.5, 3.5, 1.275], "pivot": [1.95, 14.2, 7.075], "rotation": [39.75, 0, 0], "uv": [80, 88]},
						{"origin": [-1.75, 12.275, 2.375], "size": [3.5, 5.675, 1.825], "inflate": 0.001, "pivot": [1.95, 17.925, 1.875], "rotation": [24, 0, 0], "uv": [0, 9]},
						{"origin": [-1.75, 15.275, 0.575], "size": [3.5, 1, 4.225], "inflate": 0.002, "pivot": [1.95, 16.25, 0.575], "rotation": [50.75, 0, 0], "uv": [0, 18]},
						{"origin": [-1, 19.35, -32.625], "size": [2, 2, 15.975], "inflate": -0.1, "pivot": [0, 20.35, -26.925], "rotation": [0, 0, -20], "uv": [55, 0]},
						{"origin": [0.9, 22.125, -9.475], "size": [1, 1.225, 8.975], "inflate": -0.298, "uv": [49, 49]},
						{"origin": [0.9, 22.1, -1.475], "size": [1, 1.225, 3.075], "inflate": -0.299, "pivot": [1.6, 22.4, -0.775], "rotation": [-66.25, 0, 1], "uv": [74, 46]},
						{"origin": [-0.4, 22.075, -1.475], "size": [2.3, 1.125, 3.075], "inflate": -0.3, "pivot": [1.6, 22.4, -0.775], "rotation": [-89, 0, 1], "uv": [0, 43]},
						{"origin": [-1.9, 22.075, -1.475], "size": [2.4, 1.125, 3.075], "inflate": -0.3, "pivot": [-1.6, 22.4, -0.775], "rotation": [-89, 0, -1], "uv": [10, 18]},
						{"origin": [-1.9, 22.1, -1.475], "size": [1, 1.225, 3.075], "inflate": -0.299, "pivot": [-1.6, 22.4, -0.775], "rotation": [-66.25, 0, -1], "uv": [0, 72]},
						{"origin": [0.9, 22.125, -16.775], "size": [1, 1.225, 7.9], "inflate": -0.297, "pivot": [1.6, 22.425, -9.175], "rotation": [-23.75, 0, 0], "uv": [56, 73]},
						{"origin": [0.9, 22.55, -12.15], "size": [1, 1.225, 3.275], "inflate": -0.301, "pivot": [1.6, 22.85, -9.175], "rotation": [-23.75, 0, 0], "uv": [74, 50]},
						{"origin": [0.9, 23.025, -15.125], "size": [1, 1.225, 7.225], "inflate": -0.3, "pivot": [1.6, 23.325, -9.175], "rotation": [-15.5, 0, 0], "uv": [24, 72]},
						{"origin": [0.9, 22.75, -9.475], "size": [1, 1.225, 3.475], "inflate": -0.299, "uv": [74, 62]},
						{"origin": [0.9, 23.375, -9.475], "size": [1, 1.225, 3.5], "inflate": -0.299, "pivot": [1.6, 23.675, -9.175], "rotation": [0, 0, -36.75], "uv": [74, 58]},
						{"origin": [1, 23.275, -16.35], "size": [1, 1.125, 8.75], "inflate": -0.4, "pivot": [1.6, 23.675, -8.075], "rotation": [-12.32251, -9.05474, -35.77052], "uv": [25, 49]},
						{"origin": [0.9, 22.75, -6.6], "size": [1, 1.225, 6.55], "inflate": -0.3, "pivot": [1.6, 23.675, -6.3], "rotation": [-6.25, 0, 0], "uv": [86, 22]},
						{"origin": [0.9, 23.375, -6.625], "size": [1, 1.225, 6.55], "inflate": -0.299, "pivot": [1.6, 23.675, -6.3], "rotation": [-5.01495, -3.73476, -36.58639], "uv": [86, 15]},
						{"origin": [-1.9, 22.55, -12.15], "size": [1, 1.225, 3.275], "inflate": -0.301, "pivot": [-1.6, 22.85, -9.175], "rotation": [-23.75, 0, 0], "uv": [62, 65]},
						{"origin": [-1.9, 23.025, -15.125], "size": [1, 1.225, 7.225], "inflate": -0.3, "pivot": [-1.6, 23.325, -9.175], "rotation": [-15.5, 0, 0], "uv": [25, 58]},
						{"origin": [-1.9, 22.75, -9.475], "size": [1, 1.225, 3.475], "inflate": -0.299, "uv": [0, 66]},
						{"origin": [-1.9, 22.125, -16.775], "size": [1, 1.225, 7.9], "inflate": -0.297, "pivot": [-1.6, 22.425, -9.175], "rotation": [-23.75, 0, 0], "uv": [49, 58]},
						{"origin": [-1.9, 22.125, -9.475], "size": [1, 1.225, 8.975], "inflate": -0.298, "uv": [28, 34]},
						{"origin": [-1.9, 23.375, -9.475], "size": [1, 1.225, 3.5], "inflate": -0.299, "pivot": [-1.6, 23.675, -9.175], "rotation": [0, 0, 36.75], "uv": [70, 18]},
						{"origin": [-2, 23.275, -16.35], "size": [1, 1.125, 8.75], "inflate": -0.4, "pivot": [-1.6, 23.675, -8.075], "rotation": [-12.32251, 9.05474, 35.77052], "uv": [0, 48]},
						{"origin": [-1.9, 23.375, -6.625], "size": [1, 1.225, 6.55], "inflate": -0.299, "pivot": [-1.6, 23.675, -6.3], "rotation": [-5.01495, 3.73476, 36.58639], "uv": [9, 57]},
						{"origin": [-1.9, 22.75, -6.6], "size": [1, 1.225, 6.55], "inflate": -0.3, "pivot": [-1.6, 23.675, -6.3], "rotation": [-6.25, 0, 0], "uv": [84, 79]}
					]
				},
				{
					"name": "glowy",
					"parent": "gun",
					"pivot": [1.825, 19.95, -8.75],
					"cubes": [
						{"origin": [-2.9, 15.7, -28.475], "size": [1, 2, 2], "inflate": -0.3, "pivot": [-1.825, 19.95, -8.75], "rotation": [-9.4035, -0.54828, -1.5196], "uv": [64, 0]},
						{"origin": [1.9, 15.7, -28.475], "size": [1, 2, 2], "inflate": -0.3, "pivot": [1.825, 19.95, -8.75], "rotation": [-9.4035, 0.54828, 1.5196], "uv": [64, 9]},
						{"origin": [1.85, 18.5, -27.225], "size": [1, 1.2, 1.2], "inflate": -0.3, "pivot": [1.825, 19.95, -8.75], "rotation": [-2.1535, 0.54828, 1.5196], "uv": [45, 37]},
						{"origin": [1.575, 17.8, -18.6], "size": [1, 1.2, 2.2], "inflate": -0.3, "pivot": [1.825, 19.95, -8.75], "rotation": [-2.1535, 0.54828, 1.5196], "uv": [28, 39]},
						{"origin": [-2.575, 17.8, -18.6], "size": [1, 1.2, 2.2], "inflate": -0.3, "pivot": [-1.825, 19.95, -8.75], "rotation": [-2.1535, -0.54828, -1.5196], "uv": [0, 39]},
						{"origin": [-2.85, 18.5, -27.225], "size": [1, 1.2, 1.2], "inflate": -0.3, "pivot": [-1.825, 19.95, -8.75], "rotation": [-2.1535, -0.54828, -1.5196], "uv": [18, 41]},
						{"origin": [-0.25, 22.875, -1], "size": [1.05, 1.8, 1.05], "inflate": -0.3, "pivot": [-0.2, 24.425, -0.75], "rotation": [22.31295, -16.14946, 39.69536], "uv": [4, 39]},
						{"origin": [-0.8, 22.875, -1], "size": [1.05, 1.8, 1.05], "inflate": -0.3, "pivot": [0.2, 24.425, -0.75], "rotation": [22.31295, 16.14946, -39.69536], "uv": [18, 31]},
						{"origin": [-0.8, 22.775, -0.975], "size": [1.6, 1.075, 1.05], "inflate": -0.3, "pivot": [0.2, 24.425, -0.675], "rotation": [27.24532, 0, 0], "uv": [32, 39]},
						{"origin": [-0.625, 22.85, -0.975], "size": [1.25, 1.15, 1.05], "inflate": -0.301, "pivot": [0.2, 24.425, -0.675], "rotation": [27.24532, 0, 0], "uv": [19, 21]}
					]
				},
				{
					"name": "chamber",
					"parent": "main",
					"pivot": [0.625, 15.725, -8.125],
					"cubes": [
						{"origin": [0.275, 19.85, -8.525], "size": [1.775, 1.1, 1.325], "inflate": 0.004, "pivot": [2.05, 20.95, -7.2], "rotation": [0, 0, 36], "uv": [12, 67]},
						{"origin": [1.225, 15.15, -8.525], "size": [1.1, 2.5, 1.325], "inflate": 0.004, "pivot": [2.325, 17.65, -7.2], "rotation": [0, 0, 48.5], "uv": [58, 58]},
						{"origin": [0.15, 17.65, -8.525], "size": [1.9, 3.3, 1.325], "inflate": 0.004, "pivot": [2.05, 20.95, -7.2], "rotation": [0, 0, -5], "uv": [10, 34]},
						{"origin": [-0.475, 15.675, -8.6], "size": [1, 6.075, 1.3], "inflate": 0.002, "pivot": [-2.025, 17.075, -7.05], "rotation": [0, 0, 0], "uv": [45, 7]}
					]
				},
				{
					"name": "cartridge",
					"parent": "chamber",
					"pivot": [-2.175, 16.175, -7.4],
					"cubes": [
						{"origin": [-1.725, 18.75, -6.6], "size": [3.425, 2.35, 6.15], "inflate": -0.3, "uv": [52, 31]},
						{"origin": [0.65, 20.85, -6.6], "size": [1.65, 2.225, 6.15], "inflate": -0.301, "pivot": [2, 20.45, -0.825], "rotation": [0, 0, -60], "uv": [78, 33]},
						{"origin": [-2.325, 20.85, -6.6], "size": [1.65, 2.225, 6.15], "inflate": -0.302, "pivot": [-2.025, 20.45, -0.825], "rotation": [0, 0, 60], "uv": [78, 25]},
						{"origin": [0.65, 16.775, -6.6], "size": [1.65, 2.225, 6.15], "inflate": -0.301, "pivot": [2, 19.4, -0.825], "rotation": [0, 0, 60], "uv": [74, 0]},
						{"origin": [-2.325, 16.775, -6.6], "size": [1.65, 2.225, 6.15], "inflate": -0.302, "pivot": [-2.025, 19.4, -0.825], "rotation": [0, 0, -60], "uv": [78, 17]}
					]
				},
				{
					"name": "glowy2",
					"parent": "cartridge",
					"pivot": [1.85, 20.4, -0.8],
					"cubes": [
						{"origin": [-0.35, 20.775, -1.595], "size": [2.5, 2.5, 1.15], "inflate": -0.301, "pivot": [1.85, 20.375, -0.8], "rotation": [0, 0, -73.25], "uv": [17, 18]}
					]
				},
				{
					"name": "rotatey",
					"parent": "chamber",
					"pivot": [-0.015, 19.73, -1.4]
				},
				{
					"name": "bone",
					"parent": "rotatey",
					"pivot": [2.15, 18.475, -7.4],
					"cubes": [
						{"origin": [1.5, 18.375, -7.05], "size": [1, 3.1, 2.925], "inflate": -0.3, "uv": [25, 58]},
						{"origin": [-2.4, 18.375, -7.05], "size": [4.75, 3.1, 1.075], "inflate": -0.302, "uv": [10, 43]},
						{"origin": [1.7, 21, -7.05], "size": [1, 3.15, 2.925], "inflate": -0.301, "pivot": [2.4, 21.075, -7.4], "rotation": [0, 0, -60], "uv": [9, 57]},
						{"origin": [1.3, 18.45, -7.5], "size": [1, 2.95, 5.2], "inflate": -0.3, "uv": [10, 34]},
						{"origin": [1.7, 21.025, -7.5], "size": [1, 2.925, 5.2], "inflate": -0.301, "pivot": [2.4, 20.875, -5.075], "rotation": [0, 0, -60], "uv": [37, 0]},
						{"origin": [1.7, 21.075, -3.025], "size": [1, 2.675, 2.425], "inflate": -0.301, "pivot": [2.4, 20.675, -3.375], "rotation": [0, 0, -60], "uv": [78, 25]},
						{"origin": [1.1, 18.525, -3.025], "size": [1, 2.8, 2.425], "inflate": -0.3, "uv": [78, 33]}
					]
				},
				{
					"name": "bone4",
					"parent": "rotatey",
					"pivot": [2.15, 18.475, -7.4],
					"rotation": [0, 0, 60],
					"cubes": [
						{"origin": [1.31519, 15.76651, -7.05], "size": [1, 3.15, 2.925], "inflate": -0.301, "uv": [0, 57]},
						{"origin": [1.31519, 13.05849, -7.05], "size": [1, 3.125, 2.925], "inflate": -0.3, "pivot": [2.15, 15.975, -7.4], "rotation": [0, 0, 60], "uv": [17, 55]},
						{"origin": [1.14199, 15.86651, -7.5], "size": [1, 2.9, 5.2], "inflate": -0.301, "uv": [37, 10]},
						{"origin": [1.14199, 13.18349, -7.5], "size": [1, 2.9, 5.2], "inflate": -0.3, "pivot": [2.15, 15.975, -7.4], "rotation": [0, 0, 60], "uv": [38, 25]},
						{"origin": [0.96878, 13.30849, -3.025], "size": [1, 2.675, 2.425], "inflate": -0.3, "pivot": [2.15, 15.975, -7.4], "rotation": [0, 0, 60], "uv": [72, 73]},
						{"origin": [0.96878, 15.96651, -3.025], "size": [1, 2.675, 2.425], "inflate": -0.301, "uv": [74, 0]}
					]
				},
				{
					"name": "bone2",
					"parent": "rotatey",
					"pivot": [-2.175, 18.475, -7.4],
					"rotation": [0, 0, -180],
					"cubes": [
						{"origin": [-2.825, 15.475, -7.05], "size": [1, 3.125, 2.925], "inflate": -0.301, "uv": [52, 31]},
						{"origin": [-2.6634, 13.06651, -7.05], "size": [1, 3.15, 2.925], "inflate": -0.3, "pivot": [-2.175, 15.975, -7.4], "rotation": [0, 0, 60], "uv": [17, 48]},
						{"origin": [-3.025, 15.55, -7.5], "size": [1, 2.95, 5.2], "inflate": -0.301, "uv": [38, 34]},
						{"origin": [-2.8366, 13.16651, -7.5], "size": [1, 2.925, 5.2], "inflate": -0.3, "pivot": [-2.175, 15.975, -7.4], "rotation": [0, 0, 60], "uv": [10, 48]},
						{"origin": [-3.00981, 13.26651, -3.025], "size": [1, 2.675, 2.425], "inflate": -0.3, "pivot": [-2.175, 15.975, -7.4], "rotation": [0, 0, 60], "uv": [33, 72]},
						{"origin": [-3.225, 15.625, -3.025], "size": [1, 2.8, 2.425], "inflate": -0.301, "uv": [56, 73]},
						{"origin": [-6.325, 13.175, -7.05], "size": [4.35, 3, 1.075], "inflate": -0.303, "pivot": [-2.175, 15.975, -7.4], "rotation": [0, 0, 60], "uv": [38, 43]},
						{"origin": [-8.44821, 10.21712, -7.05], "size": [4.55, 3.1, 1.075], "inflate": -0.299, "pivot": [-9.825, 15.975, -7.4], "rotation": [0, 0, -60], "uv": [28, 43]}
					]
				},
				{
					"name": "rightarm",
					"parent": "main",
					"pivot": [-4.55, 8.525, 21.65],
					"rotation": [-104.56106, -12.40003, -2.46982],
					"cubes": [
						{"origin": [-8.55, -15.475, 17.65], "size": [8, 24, 8], "uv": [32, 73]}
					]
				},
				{
					"name": "leftarm",
					"parent": "main",
					"pivot": [10.2, 2.25, 20.15],
					"rotation": [-118.95832, 6.70101, -29.35181],
					"cubes": [
						{"origin": [6.2, -21.75, 16.15], "size": [8, 24, 8], "uv": [0, 72]}
					]
				},
				{
					"name": "scope",
					"parent": "main",
					"pivot": [0, 25.5, 16.75],
					"cubes": [
						{"origin": [-0.5, 25, 16.45], "size": [1, 1, 1], "inflate": -0.4, "uv": [47, 25]}
					]
				},
				{
					"name": "muzzleflash",
					"parent": "main",
					"pivot": [0, 19.975, -29.6],
					"cubes": [
						{"origin": [-0.5, 19.475, -29.9], "size": [1, 1, 1], "inflate": -0.4, "uv": [47, 42]}
					]
				},
				{
					"name": "reticle",
					"parent": "main",
					"pivot": [0, 25.5, 12.05],
					"cubes": [
						{"origin": [-0.5, 25, 10.35], "size": [1, 1, 1], "uv": [32, 34]}
					]
				},
				{
					"name": "_camera_",
					"pivot": [6.825, 33.725, 26.45]
				}
			]
		}
	]
}