{
	"format_version": "1.12.0",
	"minecraft:geometry": [
		{
			"description": {
				"identifier": "geometry.unknown",
				"texture_width": 400,
				"texture_height": 400,
				"visible_bounds_width": 11,
				"visible_bounds_height": 7,
				"visible_bounds_offset": [0, 1.5, 0]
			},
			"bones": [
				{
					"name": "bb_main",
					"pivot": [0, 0, 0]
				},
				{
					"name": "main",
					"pivot": [0, 20, 0]
				},
				{
					"name": "gun",
					"parent": "main",
					"pivot": [1, 11, -1],
					"cubes": [
						{"origin": [-1.75, 14.325, -1.3], "size": [3.5, 5.05, 4.9], "inflate": -0.001, "uv": [33, 74]},
						{"origin": [-1.75, 4.325, 0.175], "size": [3.5, 10.325, 4.225], "pivot": [1, 13.725, 0.175], "rotation": [27.25, 0, 0], "uv": [74, 26]},
						{"origin": [-1.75, 10.35, 8], "size": [3.5, 2.275, 5.825], "inflate": -0.001, "pivot": [1, 12.625, 8.025], "rotation": [-66.25, 0, 0], "uv": [92, 28]},
						{"origin": [-1.75, 1.525, -7.975], "size": [3.5, 1.475, 17], "inflate": -0.002, "pivot": [1, 1.525, -7.975], "rotation": [16.75, 0, 0], "uv": [39, 89]},
						{"origin": [-1.75, 1.525, -9.825], "size": [3.5, 17.575, 1.85], "inflate": 0.001, "uv": [80, 40]},
						{"origin": [-1.75, 10.325, -8.875], "size": [3.5, 9.775, 1.85], "inflate": -0.001, "uv": [21, 74]},
						{"origin": [-1.75, 13.175, -6.55], "size": [3.5, 1.175, 2.925], "inflate": -0.003, "pivot": [1, 14.775, -3.625], "rotation": [6.25, 0, 0], "uv": [58, 33]},
						{"origin": [-1.75, 12.7, -6.925], "size": [3.5, 1.175, 1.875], "inflate": -0.001, "pivot": [1, 14.3, -3.625], "rotation": [16.75, 0, 0], "uv": [80, 58]},
						{"origin": [-1.75, 7.875, -7.3], "size": [3.5, 6.1, 1.05], "inflate": -0.002, "uv": [0, 0]},
						{"origin": [-1.75, 17.45, -7.05], "size": [3.5, 1.9, 5.775], "inflate": -0.001, "uv": [62, 100]},
						{"origin": [-1.75, 3.225, -8.1], "size": [3.5, 7.825, 2.975], "pivot": [1, 3.225, -5.125], "rotation": [12.5, 0, 0], "uv": [51, 37]},
						{"origin": [-1.75, 9.3, 1.875], "size": [3.5, 3.325, 6.125], "inflate": -0.002, "pivot": [1, 12.625, 8.025], "rotation": [-40.75, 0, 0], "uv": [38, 63]},
						{"origin": [-0.75, 15.05, -5.55], "size": [1.5, 4, 1], "inflate": -0.1, "pivot": [1, 15.05, -4.55], "rotation": [-21, 0, 0], "uv": [24, 0]},
						{"origin": [-1.95, 13.65, -8.4], "size": [3.9, 1.25, 6.5], "inflate": -0.2, "uv": [56, 63]},
						{"origin": [-1.95, 13.6, -8.55], "size": [3.9, 1.3, 8.35], "inflate": -0.199, "pivot": [1.5, 14, -2.1], "rotation": [33.25, 0, 0], "uv": [38, 26]},
						{"origin": [-1.95, 17.275, -2.3], "size": [3.9, 1.1, 2.1], "inflate": -0.2, "pivot": [1.5, 18.175, -2.1], "rotation": [-38.75, 0, 0], "uv": [10, 69]},
						{"origin": [-1.95, 17.275, -8.275], "size": [3.9, 1.1, 2.1], "inflate": -0.2, "pivot": [1.5, 18.175, -6.375], "rotation": [38.75, 0, 0], "uv": [0, 69]},
						{"origin": [-1.95, 13.8, -8.275], "size": [3.9, 1.1, 2.1], "inflate": -0.202, "pivot": [1.5, 14, -6.375], "rotation": [-33.25, 0, 0], "uv": [20, 69]},
						{"origin": [-1.6, 14.65, -22.5], "size": [3.2, 5.25, 1.075], "inflate": 0.001, "uv": [66, 26]},
						{"origin": [-0.55, 19.35, -90.95], "size": [1, 2.3, 52.85], "inflate": 0.002, "pivot": [-0.55, 19.35, -90.95], "rotation": [-0.65477, -1.3, -11.00129], "uv": [0, 267]},
						{"origin": [-0.55, 20.65, -90.95], "size": [1, 1.25, 52.95], "pivot": [-0.55, 19.35, -90.95], "rotation": [0.09523, -1.3, -11.00129], "uv": [269, 263]},
						{"origin": [-0.85, 21.2, -95.125], "size": [1, 1, 4.475], "inflate": -0.299, "pivot": [-0.55, 19.35, -90.95], "rotation": [0.09718, -11, -11.01858], "uv": [0, 97]},
						{"origin": [-0.85, 20.3, -93.725], "size": [1, 1.5, 2.975], "inflate": -0.301, "pivot": [-0.55, 19.35, -90.95], "rotation": [-3.90282, -11, -11.01858], "uv": [82, 92]},
						{"origin": [-0.15, 20.3, -93.725], "size": [1, 1.5, 2.975], "inflate": -0.301, "pivot": [0.55, 19.35, -90.95], "rotation": [-3.90282, 11, 11.01858], "uv": [74, 92]},
						{"origin": [-0.15, 21.2, -95.125], "size": [1, 1, 4.475], "inflate": -0.299, "pivot": [0.55, 19.35, -90.95], "rotation": [0.09718, 11, 11.01858], "uv": [94, 21]},
						{"origin": [-0.65, 21.2, -93.6], "size": [1.125, 1, 3.1], "inflate": -0.301, "pivot": [0.55, 19.35, -90.95], "rotation": [0.09552, 3.00001, 11.00504], "uv": [26, 97]},
						{"origin": [-0.475, 21.2, -93.6], "size": [1.125, 1, 3.1], "inflate": -0.301, "pivot": [-0.55, 19.35, -90.95], "rotation": [0.09552, -3.00001, -11.00504], "uv": [6, 97]},
						{"origin": [-0.55, 19.35, -90.95], "size": [1, 2.3, 46.75], "inflate": 0.001, "pivot": [-0.55, 19.35, -90.95], "rotation": [-2.40477, -1.3, -11.00129], "uv": [162, 295]},
						{"origin": [-0.05, 17.8, -91.25], "size": [1, 1.95, 45.55], "inflate": -0.4, "pivot": [0.55, 19.35, -90.95], "rotation": [-2.04299, 1.81646, 24.24618], "uv": [300, 0]},
						{"origin": [-0.825, 18.525, -81.525], "size": [1.6, 1.95, 35.825], "inflate": -0.399, "pivot": [-0.025, 20.075, -90.95], "rotation": [-3.54299, 0, 0], "uv": [92, 0]},
						{"origin": [-0.775, 18.525, -63.525], "size": [1.6, 1.95, 17.825], "inflate": -0.4, "pivot": [0.025, 20.075, -90.95], "rotation": [-3.54299, -0.3, 0], "uv": [111, 67]},
						{"origin": [-0.825, 18.525, -63.525], "size": [1.6, 1.95, 17.825], "inflate": -0.4, "pivot": [-0.025, 20.075, -90.95], "rotation": [-3.54299, 0.3, 0], "uv": [92, 66]},
						{"origin": [-0.95, 17.8, -91.25], "size": [1, 1.95, 45.55], "inflate": -0.4, "pivot": [-0.55, 19.35, -90.95], "rotation": [-2.04299, -1.81646, -24.24618], "uv": [297, 55]},
						{"origin": [-0.475, 17.95, -96.325], "size": [1, 1.275, 5.85], "inflate": -0.4, "pivot": [-0.075, 18.35, -90.95], "rotation": [-39.4498, -7.40802, -11.39936], "uv": [0, 80]},
						{"origin": [-0.475, 18.325, -95.925], "size": [1, 1.275, 5.45], "inflate": -0.399, "pivot": [-0.075, 18.35, -90.95], "rotation": [-39.4498, -7.40802, -11.39936], "uv": [76, 76]},
						{"origin": [-0.525, 18.325, -95.925], "size": [1, 1.275, 5.45], "inflate": -0.399, "pivot": [0.075, 18.35, -90.95], "rotation": [-39.4498, 7.40802, 11.39936], "uv": [75, 18]},
						{"origin": [-0.55, 17.95, -96.325], "size": [1.025, 1.275, 5.85], "inflate": -0.4, "pivot": [0.075, 18.35, -90.95], "rotation": [-39.4498, 7.40802, 11.39936], "uv": [76, 63]},
						{"origin": [-0.05, 18.95, -95.1], "size": [1, 1.275, 4.55], "inflate": -0.4, "pivot": [0.55, 19.35, -90.95], "rotation": [-35.38181, 10.68022, 8.65277], "uv": [20, 97]},
						{"origin": [-0.95, 18.95, -95.1], "size": [1, 1.275, 4.55], "inflate": -0.4, "pivot": [-0.55, 19.35, -90.95], "rotation": [-35.38181, -10.68022, -8.65277], "uv": [92, 56]},
						{"origin": [-0.4, 18.95, -94.1], "size": [1.35, 1.275, 3.75], "inflate": -0.4, "pivot": [0.55, 19.35, -90.95], "rotation": [-30.49384, -21.59737, -37.9795], "uv": [62, 95]},
						{"origin": [-0.95, 18.95, -94.1], "size": [1.35, 1.275, 3.75], "inflate": -0.4, "pivot": [-0.55, 19.35, -90.95], "rotation": [-30.49384, 21.59737, 37.9795], "uv": [92, 84]},
						{"origin": [-0.05, 19.35, -93.375], "size": [1, 1.525, 2.5], "inflate": -0.399, "pivot": [0.55, 19.35, -90.95], "rotation": [-35.38181, 10.68022, 8.65277], "uv": [59, 83]},
						{"origin": [-0.95, 19.35, -93.375], "size": [1, 1.525, 2.5], "inflate": -0.399, "pivot": [-0.55, 19.35, -90.95], "rotation": [-35.38181, -10.68022, -8.65277], "uv": [41, 83]},
						{"origin": [-0.75, 64.6, -89.3], "size": [1.2, 1.375, 3.725], "inflate": -0.201, "pivot": [-0.55, 19.35, -90.95], "rotation": [-90, -1.3, -11.00129], "uv": [70, 56]},
						{"origin": [-0.45, 64.6, -89.3], "size": [1.2, 1.375, 3.725], "inflate": -0.201, "pivot": [0.55, 19.35, -90.95], "rotation": [-90, 1.3, 11.00129], "uv": [27, 69]},
						{"origin": [-0.55, 62.275, -110.175], "size": [1.275, 1.3, 4.15], "inflate": 0.002, "pivot": [-0.55, 19.35, -90.95], "rotation": [-115.15477, -1.3, -11.00129], "uv": [73, 100]},
						{"origin": [-0.55, 7.075, -46.175], "size": [1.75, 2.3, 6.6], "pivot": [-0.55, 19.35, -90.95], "rotation": [12.59523, -1.3, -11.00129], "uv": [107, 51]},
						{"origin": [-0.45, 19.35, -90.95], "size": [1, 2.3, 52.85], "inflate": 0.002, "pivot": [0.55, 19.35, -90.95], "rotation": [-0.65477, 1.3, 11.00129], "uv": [215, 261]},
						{"origin": [-0.45, 19.35, -90.95], "size": [1, 2.3, 46.75], "inflate": 0.001, "pivot": [0.55, 19.35, -90.95], "rotation": [-2.40477, 1.3, 11.00129], "uv": [114, 293]},
						{"origin": [-0.45, 20.65, -90.95], "size": [1, 1.25, 52.95], "pivot": [0.55, 19.35, -90.95], "rotation": [0.09523, 1.3, 11.00129], "uv": [54, 269]},
						{"origin": [-0.675, 21.35, -88.375], "size": [1.225, 1, 50.375], "inflate": -0.3, "pivot": [0.45, 19.35, -90.95], "rotation": [0, 1, 0], "uv": [270, 204]},
						{"origin": [-0.55, 21.35, -88.375], "size": [1.225, 1, 50.375], "inflate": -0.3, "pivot": [-0.45, 19.35, -90.95], "rotation": [0, -1, 0], "uv": [270, 113]},
						{"origin": [-0.55, 21.35, -94.6], "size": [1.125, 1, 56.6], "inflate": -0.299, "uv": [212, 147]},
						{"origin": [-1.2, 7.075, -45.975], "size": [1.75, 2.3, 6.4], "pivot": [0.55, 19.35, -90.95], "rotation": [12.59523, 1.3, 11.00129], "uv": [107, 36]},
						{"origin": [-0.725, 62.175, -110.175], "size": [1.275, 1.4, 4.15], "inflate": 0.002, "pivot": [0.55, 19.35, -90.95], "rotation": [-115.15477, 1.3, 11.00129], "uv": [90, 98]},
						{"origin": [-0.65, 58, -70.675], "size": [1.2, 1.425, 4.175], "pivot": [0.55, 19.35, -90.95], "rotation": [-64.15477, 1.3, 11.00129], "uv": [99, 66]},
						{"origin": [-0.55, 58, -70.675], "size": [1.2, 1.425, 4.175], "pivot": [-0.55, 19.35, -90.95], "rotation": [-64.15477, -1.3, -11.00129], "uv": [92, 51]},
						{"origin": [-1.625, 18.425, -38.2], "size": [3.25, 1, 15.425], "pivot": [1.125, 18.425, -38.2], "rotation": [-2.1, 0, 0], "uv": [129, 90]},
						{"origin": [-2.25, 22.1, -38.05], "size": [3.125, 1, 15.875], "pivot": [-2.25, 22.1, -54.95], "rotation": [-0.40987, 2.05963, 78.74263], "uv": [129, 106]},
						{"origin": [-1.6, 12.95, -29.35], "size": [3.2, 8.925, 2.425], "pivot": [1.25, 20.65, -28.125], "rotation": [64.75, 0, 0], "uv": [50, 50]},
						{"origin": [1.425, 19.6, -20.35], "size": [1.3, 1, 10.75], "pivot": [2.725, 19.6, -9.75], "rotation": [-17.23009, -19.15151, -52.41339], "uv": [55, 76]},
						{"origin": [1.725, 19.6, -9.95], "size": [1, 1, 13.8], "pivot": [2.725, 19.6, -9.75], "rotation": [0, 0, -54.75], "uv": [139, 144]},
						{"origin": [-2.725, 19.6, -9.95], "size": [1, 1, 13.8], "pivot": [-2.725, 19.6, -9.75], "rotation": [0, 0, 54.75], "uv": [0, 139]},
						{"origin": [1.7, 19.6, 3.65], "size": [1, 1, 30.125], "pivot": [2.7, 19.6, 3.75], "rotation": [6.5, 7.65, -54.42524], "uv": [180, 147]},
						{"origin": [-2.7, 19.6, 3.65], "size": [1, 1, 30.125], "pivot": [-2.7, 19.6, 3.75], "rotation": [6.5, -7.65, 54.42524], "uv": [0, 125]},
						{"origin": [-2, 23.65, -9.75], "size": [4, 1.45, 13.5], "uv": [92, 14]},
						{"origin": [-2, 24.15, -21.35], "size": [4, 1.45, 13.5], "uv": [92, 0]},
						{"origin": [-2, 24.6, -7.85], "size": [4, 1, 1.5], "pivot": [2, 25.6, -7.85], "rotation": [-40, 0, 0], "uv": [70, 19]},
						{"origin": [-2, 26, -7.85], "size": [4, 1, 1], "pivot": [2, 26, -7.85], "rotation": [40, 0, 0], "uv": [51, 46]},
						{"origin": [-2, 26.025, 1.025], "size": [4, 1, 1], "pivot": [2, 26.025, 2.025], "rotation": [-40, 0, 0], "uv": [51, 46]},
						{"origin": [-2, 24.625, 0.525], "size": [4, 1, 1.5], "pivot": [2, 25.625, 2.025], "rotation": [40, 0, 0], "uv": [70, 19]},
						{"origin": [-2, 26, -21.35], "size": [4, 1.45, 13.5], "uv": [0, 74]},
						{"origin": [-2, 25.2, -21.725], "size": [4, 1.05, 1], "uv": [24, 43]},
						{"origin": [-2, 25.225, 1.95], "size": [4, 1.05, 1], "uv": [24, 43]},
						{"origin": [-2, 26.6, -9.75], "size": [4, 1, 13.5], "uv": [34, 74]},
						{"origin": [-2, 26.175, 7], "size": [4, 1, 22.3], "uv": [32, 125]},
						{"origin": [-2, 25.575, 6.9], "size": [4, 1, 1], "inflate": 0.001, "pivot": [2, 25.575, 6.9], "rotation": [40, 0, 0], "uv": [56, 70]},
						{"origin": [-2, 21.65, 8.35], "size": [4, 1, 1.5], "inflate": 0.001, "pivot": [2, 22.65, 8.35], "rotation": [-40, 0, 0], "uv": [67, 84]},
						{"origin": [-2, 23.05, 28.35], "size": [4, 1.575, 2.35], "inflate": -0.001, "pivot": [2, 24.05, 28.35], "rotation": [-40, 0, 0], "uv": [0, 32]},
						{"origin": [-2, 16.95, 30.6], "size": [4, 1.725, 1.525], "inflate": -0.001, "pivot": [2, 18.1, 30.05], "rotation": [-40, 0, 0], "uv": [70, 21]},
						{"origin": [-2, 20.975, 5.925], "size": [4, 4.95, 1], "inflate": -0.001, "pivot": [2, 25.925, 5.925], "rotation": [24, 0, 0], "uv": [46, 89]},
						{"origin": [-2, 21.7, 15.65], "size": [4, 4.95, 1], "inflate": -0.001, "pivot": [2, 26.65, 16.65], "rotation": [-24, 0, 0], "uv": [76, 69]},
						{"origin": [-2, 23.7, 22.95], "size": [4, 2.95, 1], "inflate": -0.001, "uv": [22, 32]},
						{"origin": [-2, 14.4, 29.25], "size": [4, 9.65, 1.7], "uv": [38, 50]},
						{"origin": [-2, 17.725, 32.05], "size": [4, 9.95, 1], "uv": [38, 37]},
						{"origin": [-2, 13.8, 32.05], "size": [4, 3.925, 1], "inflate": 0.001, "pivot": [2, 17.725, 33.05], "rotation": [-32, 0, 0], "uv": [12, 32]},
						{"origin": [-2, 20.4, 8.675], "size": [4, 1.45, 15.225], "pivot": [2, 20.4, 8.675], "rotation": [10, 0, 0], "uv": [39, 107]},
						{"origin": [-1.7, 18.85, 3.35], "size": [3.4, 1, 29.8], "inflate": 0.001, "pivot": [2, 19.6, 3.75], "rotation": [10, 0, 0], "uv": [92, 36]},
						{"origin": [0.425, 24, -54.7], "size": [1.9, 1, 36.125], "pivot": [2.325, 24, -54.25], "rotation": [0, 0, -54.75], "uv": [0, 37]},
						{"origin": [-2.325, 24, -54.7], "size": [1.9, 1, 36.125], "pivot": [-2.325, 24, -54.25], "rotation": [0, 0, 54.75], "uv": [0, 0]},
						{"origin": [-2.725, 19.6, -20.35], "size": [1.3, 1, 10.75], "pivot": [-2.725, 19.6, -9.75], "rotation": [-17.23009, 19.15151, 52.41339], "uv": [38, 50]},
						{"origin": [-1.25, 27.525, -54.8], "size": [2.5, 1.075, 88.4], "inflate": -0.101, "uv": [0, 0]},
						{"origin": [0.15, 27.225, -54.8], "size": [1.1, 1.375, 88.4], "inflate": -0.1, "pivot": [1.15, 28.5, -54.7], "rotation": [0, 0, -46.7], "uv": [92, 1]},
						{"origin": [-1.25, 27.225, -54.8], "size": [1.1, 1.375, 88.4], "inflate": -0.1, "pivot": [-1.15, 28.5, -54.7], "rotation": [0, 0, 46.7], "uv": [90, 90]},
						{"origin": [-0.7, 29.425, -51.6], "size": [2, 1, 56.8], "inflate": -0.2, "uv": [182, 0]},
						{"origin": [-1.3, 27.77, -52.5], "size": [2.6, 1, 58.025], "inflate": -0.2, "uv": [90, 179]},
						{"origin": [-1.3, 29.425, -51.6], "size": [2, 1, 56.8], "inflate": -0.201, "uv": [180, 90]},
						{"origin": [-1, 28.125, -51.575], "size": [2, 2.125, 1.025], "inflate": -0.001, "pivot": [1, 29.925, -51.575], "rotation": [-24, 0, 0], "uv": [28, 92]},
						{"origin": [-1, 28.125, -49.85], "size": [2, 2.125, 1.025], "inflate": -0.001, "pivot": [1, 29.925, -48.825], "rotation": [24, 0, 0], "uv": [20, 92]},
						{"origin": [-1, 28.125, -45.35], "size": [2, 2.125, 1.025], "inflate": -0.001, "pivot": [1, 29.925, -44.325], "rotation": [24, 0, 0], "uv": [8, 92]},
						{"origin": [-1, 28.125, -40.55], "size": [2, 2.125, 1.025], "inflate": -0.001, "pivot": [1, 29.925, -39.525], "rotation": [24, 0, 0], "uv": [0, 92]},
						{"origin": [-1, 28.125, -35.95], "size": [2, 2.125, 1.025], "inflate": -0.001, "pivot": [1, 29.925, -34.925], "rotation": [24, 0, 0], "uv": [90, 90]},
						{"origin": [-1, 28.125, -31.15], "size": [2, 2.125, 1.025], "inflate": -0.001, "pivot": [1, 29.925, -30.125], "rotation": [24, 0, 0], "uv": [82, 89]},
						{"origin": [-1, 28.125, -26.35], "size": [2, 2.125, 1.025], "inflate": -0.001, "pivot": [1, 29.925, -25.325], "rotation": [24, 0, 0], "uv": [74, 89]},
						{"origin": [-1, 28.125, -21.55], "size": [2, 2.125, 1.025], "inflate": -0.001, "pivot": [1, 29.925, -20.525], "rotation": [24, 0, 0], "uv": [28, 89]},
						{"origin": [-1, 28.125, -16.75], "size": [2, 2.125, 1.025], "inflate": -0.001, "pivot": [1, 29.925, -15.725], "rotation": [24, 0, 0], "uv": [20, 89]},
						{"origin": [-1, 28.125, -11.95], "size": [2, 2.125, 1.025], "inflate": -0.001, "pivot": [1, 29.925, -10.925], "rotation": [24, 0, 0], "uv": [8, 89]},
						{"origin": [-1, 28.125, -7.15], "size": [2, 2.125, 1.025], "inflate": -0.001, "pivot": [1, 29.925, -6.125], "rotation": [24, 0, 0], "uv": [0, 89]},
						{"origin": [-1, 28.125, -2.35], "size": [2, 2.125, 1.025], "inflate": -0.001, "pivot": [1, 29.925, -1.325], "rotation": [24, 0, 0], "uv": [82, 18]},
						{"origin": [-1, 28.025, 2.45], "size": [2, 1.625, 1.825], "inflate": -0.001, "pivot": [1, 29.925, 3.475], "rotation": [24, 0, 0], "uv": [21, 85]},
						{"origin": [0.3, 27.925, 3.875], "size": [1, 2.6, 1.425], "inflate": -0.3, "pivot": [1, 30.225, 5], "rotation": [26, 0, 0], "uv": [32, 48]},
						{"origin": [-1.3, 27.925, 3.875], "size": [1, 2.6, 1.425], "inflate": -0.3, "pivot": [-1, 30.225, 5], "rotation": [26, 0, 0], "uv": [32, 30]},
						{"origin": [-1.4, 29.425, 4.3], "size": [2.8, 1.1, 1], "inflate": -0.301, "pivot": [-1.1, 30.225, 5], "rotation": [26, 0, 0], "uv": [82, 21]},
						{"origin": [-1, 28.5, -51.575], "size": [2, 1.425, 2.925], "uv": [92, 61]},
						{"origin": [-1.1, 29.125, -49.475], "size": [2.2, 1, 54.55], "inflate": -0.1, "uv": [242, 0]},
						{"origin": [-0.65, 28.425, -51.425], "size": [1, 1, 56.65], "inflate": -0.1, "pivot": [-0.65, 29.425, -51.425], "rotation": [0, 0, -20], "uv": [212, 204]},
						{"origin": [-1, 24.5, -54.375], "size": [2, 2, 56.5], "inflate": -0.15, "pivot": [0, 25.5, -54.375], "rotation": [0, 0, -20], "uv": [152, 179]},
						{"origin": [0.875, 24.6, -21.375], "size": [1, 2, 24.5], "inflate": -0.4, "pivot": [0.875, 25.6, -54.375], "rotation": [0, 0, -20], "uv": [38, 37]},
						{"origin": [0.975, 24.325, -44.075], "size": [1, 2, 6.4], "inflate": -0.1, "pivot": [0.975, 25.325, -77.075], "rotation": [0, 0, -20], "uv": [90, 90]},
						{"origin": [-1.975, 24.325, -44.075], "size": [1, 2, 6.4], "inflate": -0.1, "pivot": [-0.975, 25.325, -77.075], "rotation": [0, 0, 20], "uv": [74, 89]},
						{"origin": [-1.875, 24.6, -21.375], "size": [1, 2, 24.5], "inflate": -0.4, "pivot": [-0.875, 25.6, -54.375], "rotation": [0, 0, 20], "uv": [38, 0]}
					]
				},
				{
					"name": "bone3",
					"parent": "gun",
					"pivot": [2.25, 21.4, -55],
					"rotation": [0, 0.6, 0],
					"cubes": [
						{"origin": [1.25, 21.075, -26.4], "size": [1, 1.075, 7], "uv": [15, 104]},
						{"origin": [-0.25, 22.1, -54.95], "size": [2.5, 1, 35.725], "uv": [90, 90]},
						{"origin": [1.25, 19.2, -24.15], "size": [1, 1.9, 4.2], "inflate": -0.002, "pivot": [2.25, 21.1, -19.425], "rotation": [-11.25, 0, 0], "uv": [103, 28]},
						{"origin": [1.25, 13.3, -29.35], "size": [1, 9.925, 1.225], "inflate": -0.001, "pivot": [2.25, 23, -28.125], "rotation": [64.75, 0, 0], "uv": [32, 16]},
						{"origin": [1.25, 22.1, -54.95], "size": [1, 1, 28.725], "inflate": 0.001, "pivot": [2.25, 22.1, -54.95], "rotation": [-2.1, 0, 0], "uv": [90, 208]},
						{"origin": [1.25, 12.7, -24.35], "size": [1, 10.4, 5.125], "inflate": 0.001, "pivot": [2.25, 23.1, -19.225], "rotation": [64.75, 0, 0], "uv": [92, 66]},
						{"origin": [1.25, 14.65, -22.7], "size": [1, 4.25, 2.7], "pivot": [2.25, 1.4, -20], "rotation": [0, 21.8, 0], "uv": [52, 26]},
						{"origin": [1.25, 12.65, -30.475], "size": [1, 9.225, 2.35], "pivot": [2.25, 21.65, -28.125], "rotation": [66.89842, 10.484, 23.10158], "uv": [92, 14]},
						{"origin": [-0.875, 22.1, -38.05], "size": [3.125, 1, 15.875], "pivot": [2.25, 22.1, -54.95], "rotation": [-0.40987, -2.05963, -78.74263], "uv": [129, 16]},
						{"origin": [-0.75, 1.4, -12.175], "size": [3, 17.25, 2.35], "uv": [77, 105]},
						{"origin": [0.15, 20.8, -54.95], "size": [2.1, 1.3, 28.725], "pivot": [2.25, 22.1, -54.95], "rotation": [-1.89967, 1, 27.97604], "uv": [150, 239]}
					]
				},
				{
					"name": "bone4",
					"parent": "gun",
					"pivot": [-2.25, 21.4, -55],
					"rotation": [0, -0.6, 0],
					"cubes": [
						{"origin": [-2.25, 21.075, -26.4], "size": [1, 1.075, 7], "uv": [67, 76]},
						{"origin": [-2.25, 22.1, -54.95], "size": [2.5, 1, 35.725], "uv": [0, 89]},
						{"origin": [-2.25, 19.2, -24.15], "size": [1, 1.9, 4.2], "inflate": -0.002, "pivot": [-2.25, 21.1, -19.425], "rotation": [-11.25, 0, 0], "uv": [74, 56]},
						{"origin": [-2.25, 13.3, -29.35], "size": [1, 9.925, 1.225], "inflate": -0.001, "pivot": [-2.25, 23, -28.125], "rotation": [64.75, 0, 0], "uv": [32, 6]},
						{"origin": [-2.25, 22.1, -54.95], "size": [1, 1, 28.725], "inflate": 0.001, "pivot": [-2.25, 22.1, -54.95], "rotation": [-2.1, 0, 0], "uv": [90, 179]},
						{"origin": [-2.25, 12.7, -24.35], "size": [1, 10.4, 5.125], "inflate": 0.001, "pivot": [-2.25, 23.1, -19.225], "rotation": [64.75, 0, 0], "uv": [39, 89]},
						{"origin": [-2.25, 1.4, -12.175], "size": [3, 17.25, 2.35], "uv": [72, 124]},
						{"origin": [-2.25, 14.65, -22.7], "size": [1, 4.25, 2.7], "pivot": [-2.25, 1.4, -20], "rotation": [0, -21.8, 0], "uv": [38, 0]},
						{"origin": [-2.25, 22.1, -38.05], "size": [3.125, 1, 15.875], "pivot": [-2.25, 22.1, -54.95], "rotation": [-0.40987, 2.05963, 78.74263], "uv": [129, 0]},
						{"origin": [-2.25, 20.8, -54.95], "size": [2.1, 1.3, 28.725], "pivot": [-2.25, 22.1, -54.95], "rotation": [-1.89967, -1, -27.97604], "uv": [214, 57]},
						{"origin": [-2.25, 12.65, -30.475], "size": [1, 9.225, 2.35], "pivot": [-2.25, 21.65, -28.125], "rotation": [66.89842, -10.484, -23.10158], "uv": [55, 74]}
					]
				},
				{
					"name": "bone",
					"parent": "gun",
					"pivot": [2, 27.7, 8.175],
					"rotation": [0, 0, -5],
					"cubes": [
						{"origin": [1, 19.6, -9.75], "size": [1, 2.7, 13.5], "uv": [0, 104]},
						{"origin": [1, 22.25, -9.75], "size": [1, 2.8, 6.5], "uv": [0, 89]},
						{"origin": [1, 23.25, -3.25], "size": [1, 1.8, 5.25], "uv": [24, 0]},
						{"origin": [1, 19.6, 3.75], "size": [1, 1, 30.1], "inflate": 0.001, "pivot": [2, 19.6, 3.75], "rotation": [10, 0, 0], "uv": [0, 209]},
						{"origin": [1, 26.7, -54.7], "size": [1, 1, 88.2], "inflate": 0.001, "uv": [0, 178]},
						{"origin": [1, 19.55, -20.125], "size": [1, 1.675, 10.375], "inflate": 0.002, "pivot": [2, 19.55, -9.75], "rotation": [-25.75, 0, 0], "uv": [62, 89]},
						{"origin": [1, 24, -38.4], "size": [1, 1.6, 30.525], "inflate": 0.001, "uv": [182, 57]},
						{"origin": [1, 25.25, -38.4], "size": [1, 1.6, 17.6], "uv": [127, 36]},
						{"origin": [1, 24, -54.7], "size": [1, 2.7, 11.125], "inflate": 0.001, "uv": [63, 63]},
						{"origin": [1, 19.2, 6], "size": [1, 6.775, 2.875], "pivot": [2, 19.6, 3.75], "rotation": [24, 0, 0], "uv": [96, 105]},
						{"origin": [1, 23.25, 2], "size": [1, 3.5, 2.5], "inflate": 0.002, "uv": [68, 63]},
						{"origin": [1, 23.85, 23.5], "size": [1, 2.4, 4.3], "uv": [92, 36]},
						{"origin": [1, 24.85, 27.8], "size": [1, 1.4, 5.7], "uv": [92, 0]},
						{"origin": [1, 25.85, 23.5], "size": [1, 1, 1.55], "inflate": -0.001, "uv": [76, 65]},
						{"origin": [1, 25.85, 28.9], "size": [1, 1, 4.6], "inflate": -0.001, "uv": [0, 104]},
						{"origin": [1, 24.6, -7.875], "size": [1, 1, 1.025], "inflate": -0.001, "pivot": [2, 25.6, -7.875], "rotation": [-40.75, 0, 0], "uv": [76, 63]},
						{"origin": [1, 24.6, 1.05], "size": [1, 1, 1.025], "inflate": -0.001, "pivot": [2, 25.6, 2.075], "rotation": [40.75, 0, 0], "uv": [61, 76]},
						{"origin": [1, 26.1, -7.875], "size": [1, 1, 1.025], "inflate": -0.001, "pivot": [2, 26.1, -7.875], "rotation": [40.75, 0, 0], "uv": [43, 76]},
						{"origin": [1, 26.1, 1.05], "size": [1, 1, 1.025], "pivot": [2, 26.1, 2.075], "rotation": [-40.75, 0, 0], "uv": [33, 76]},
						{"origin": [1, 26.1, -20.875], "size": [1, 1, 13.025], "uv": [141, 126]},
						{"origin": [1, 25.75, 6.425], "size": [1, 1, 1.35], "inflate": -0.001, "pivot": [2, 25.75, 6.425], "rotation": [54.25, 0, 0], "uv": [0, 76]},
						{"origin": [1, 25.8, -39.575], "size": [1, 1, 1.35], "inflate": -0.001, "pivot": [2, 25.8, -38.225], "rotation": [-52.25, 0, 0], "uv": [43, 74]},
						{"origin": [1, 20.95, -15.725], "size": [1, 2.775, 6.65], "inflate": -0.001, "pivot": [2, 21.3, -9.075], "rotation": [-16.75, 0, 0], "uv": [62, 107]},
						{"origin": [-0.8, 21.35, -93.075], "size": [1, 1, 55.075], "inflate": -0.3, "pivot": [-0.8, 19.35, -90.95], "rotation": [0, -1.2, 0], "uv": [240, 57]},
						{"origin": [1, 20.6, 3.175], "size": [1, 3.15, 3], "inflate": -0.001, "uv": [80, 82]},
						{"origin": [1, 21.125, 8.175], "size": [1, 1, 1.025], "inflate": -0.001, "pivot": [2, 22.125, 8.175], "rotation": [-40.75, 0, 0], "uv": [59, 74]},
						{"origin": [0.9, 24.7, -43.8], "size": [1.2, 1, 1.525], "inflate": -0.101, "pivot": [2, 25.6, -43.8], "rotation": [-47.5, 0, 0], "uv": [33, 74]},
						{"origin": [0.8, 23.8, -43.9], "size": [1.4, 1, 5.775], "inflate": -0.2, "uv": [92, 6]},
						{"origin": [1, 23.825, 5.75], "size": [1, 1, 1.025], "inflate": -0.002, "pivot": [2, 19.4, 7.875], "rotation": [40.75, 0, 0], "uv": [32, 53]},
						{"origin": [1, 23.825, -6.825], "size": [1, 1, 1.025], "inflate": -0.001, "pivot": [2, 19.4, -7.875], "rotation": [-40.75, 0, 0], "uv": [32, 55]},
						{"origin": [1, 20.675, -6.825], "size": [1, 1, 1.025], "inflate": -0.001, "pivot": [2, 26.1, -7.875], "rotation": [40.75, 0, 0], "uv": [32, 57]},
						{"origin": [1, 20.675, 5.75], "size": [1, 1, 1.025], "inflate": -0.002, "pivot": [2, 26.1, 7.875], "rotation": [-40.75, 0, 0], "uv": [58, 0]}
					]
				},
				{
					"name": "bone2",
					"parent": "gun",
					"pivot": [-2, 27.7, 8.175],
					"rotation": [0, 0, 5],
					"cubes": [
						{"origin": [-2, 19.6, -9.75], "size": [1, 2.7, 13.5], "uv": [92, 36]},
						{"origin": [-2, 22.25, -9.75], "size": [1, 2.8, 6.5], "uv": [20, 89]},
						{"origin": [-2, 23.25, -3.25], "size": [1, 1.8, 5.25], "uv": [24, 37]},
						{"origin": [-2, 19.6, 3.75], "size": [1, 1, 30.1], "inflate": 0.001, "pivot": [-2, 19.6, 3.75], "rotation": [10, 0, 0], "uv": [0, 178]},
						{"origin": [-2, 26.7, -54.7], "size": [1, 1, 88.2], "inflate": 0.001, "uv": [0, 89]},
						{"origin": [-2, 19.55, -20.125], "size": [1, 1.675, 10.375], "inflate": 0.002, "pivot": [-2, 19.55, -9.75], "rotation": [-25.75, 0, 0], "uv": [21, 74]},
						{"origin": [-2, 24, -38.4], "size": [1, 1.6, 30.525], "inflate": 0.001, "uv": [90, 126]},
						{"origin": [-2, 25.25, -38.4], "size": [1, 1.6, 17.6], "uv": [122, 126]},
						{"origin": [-2, 24, -54.7], "size": [1, 2.7, 11.125], "inflate": 0.001, "uv": [38, 37]},
						{"origin": [-2, 19.2, 6], "size": [1, 6.775, 2.875], "pivot": [-2, 19.6, 3.75], "rotation": [24, 0, 0], "uv": [90, 105]},
						{"origin": [-2, 23.25, 2], "size": [1, 3.5, 2.5], "inflate": 0.002, "uv": [64, 37]},
						{"origin": [-2, 23.85, 23.5], "size": [1, 2.4, 4.3], "uv": [62, 89]},
						{"origin": [-2, 24.85, 27.8], "size": [1, 1.4, 5.7], "uv": [0, 74]},
						{"origin": [-2, 25.85, 23.5], "size": [1, 1, 1.55], "inflate": -0.001, "uv": [74, 28]},
						{"origin": [-2, 25.85, 28.9], "size": [1, 1, 4.6], "inflate": -0.001, "uv": [92, 42]},
						{"origin": [-2, 24.6, -7.875], "size": [1, 1, 1.025], "inflate": -0.001, "pivot": [-2, 25.6, -7.875], "rotation": [-40.75, 0, 0], "uv": [74, 26]},
						{"origin": [-2, 24.6, 1.05], "size": [1, 1, 1.025], "inflate": -0.001, "pivot": [-2, 25.6, 2.075], "rotation": [40.75, 0, 0], "uv": [0, 74]},
						{"origin": [-2, 26.1, -7.875], "size": [1, 1, 1.025], "inflate": -0.001, "pivot": [-2, 26.1, -7.875], "rotation": [40.75, 0, 0], "uv": [70, 70]},
						{"origin": [-2, 20.675, -6.825], "size": [1, 1, 1.025], "inflate": -0.001, "pivot": [-2, 26.1, -7.875], "rotation": [40.75, 0, 0], "uv": [32, 63]},
						{"origin": [-2, 20.675, 5.75], "size": [1, 1, 1.025], "inflate": -0.002, "pivot": [-2, 26.1, 7.875], "rotation": [-40.75, 0, 0], "uv": [32, 61]},
						{"origin": [-2, 23.825, 5.75], "size": [1, 1, 1.025], "inflate": -0.002, "pivot": [-2, 19.4, 7.875], "rotation": [40.75, 0, 0], "uv": [58, 50]},
						{"origin": [-2, 23.825, -6.825], "size": [1, 1, 1.025], "inflate": -0.001, "pivot": [-2, 19.4, -7.875], "rotation": [-40.75, 0, 0], "uv": [32, 59]},
						{"origin": [-2, 26.1, 1.05], "size": [1, 1, 1.025], "pivot": [-2, 26.1, 2.075], "rotation": [-40.75, 0, 0], "uv": [32, 69]},
						{"origin": [-2, 26.1, -20.875], "size": [1, 1, 13.025], "uv": [90, 140]},
						{"origin": [-2, 25.75, 6.425], "size": [1, 1, 1.35], "inflate": -0.001, "pivot": [-2, 25.75, 6.425], "rotation": [54.25, 0, 0], "uv": [18, 69]},
						{"origin": [-2, 25.8, -39.575], "size": [1, 1, 1.35], "inflate": -0.001, "pivot": [-2, 25.8, -38.225], "rotation": [-52.25, 0, 0], "uv": [8, 69]},
						{"origin": [-2, 20.95, -15.725], "size": [1, 2.775, 6.65], "inflate": -0.001, "pivot": [-2, 21.3, -9.075], "rotation": [-16.75, 0, 0], "uv": [105, 105]},
						{"origin": [-0.2, 21.35, -93.075], "size": [1, 1, 55.075], "inflate": -0.3, "pivot": [0.8, 19.35, -90.95], "rotation": [0, 1.2, 0], "uv": [155, 237]},
						{"origin": [-2, 20.6, 3.175], "size": [1, 3.15, 3], "inflate": -0.001, "uv": [53, 0]},
						{"origin": [-2, 21.125, 8.175], "size": [1, 1, 1.025], "inflate": -0.001, "pivot": [-2, 22.125, 8.175], "rotation": [-40.75, 0, 0], "uv": [32, 67]},
						{"origin": [-2.1, 24.7, -43.8], "size": [1.2, 1, 1.525], "inflate": -0.101, "pivot": [-2, 25.6, -43.8], "rotation": [-47.5, 0, 0], "uv": [57, 65]},
						{"origin": [-2.2, 23.8, -43.9], "size": [1.4, 1, 5.775], "inflate": -0.2, "uv": [50, 63]}
					]
				},
				{
					"name": "frontsight",
					"parent": "gun",
					"pivot": [1.1, 30.525, -50.225],
					"cubes": [
						{"origin": [-0.5, 30.575, -48.725], "size": [1, 1.35, 1.425], "inflate": -0.301, "pivot": [0.3, 31.625, -48.425], "rotation": [-62.75, 0, 0], "uv": [50, 65]},
						{"origin": [-0.5, 29.825, -48.725], "size": [1, 2.1, 1.425], "inflate": -0.299, "uv": [32, 45]},
						{"origin": [-0.5, 29.75, -49.4], "size": [1, 1.825, 1.725], "inflate": -0.3, "pivot": [0.3, 31.275, -49.1], "rotation": [-41.5, 0, 0], "uv": [32, 65]},
						{"origin": [-1.3, 29.425, -50.225], "size": [2.6, 1.1, 2.825], "uv": [64, 70]},
						{"origin": [-1.3, 29.525, -50.225], "size": [2.6, 1, 1.025], "inflate": -0.001, "pivot": [1.1, 30.525, -50.225], "rotation": [-26, 0, 0], "uv": [7, 83]}
					]
				},
				{
					"name": "action",
					"parent": "main",
					"pivot": [2, 22.3, -3.25],
					"cubes": [
						{"origin": [1.25, 22.625, -2.2], "size": [2, 1, 1.3], "inflate": -0.2, "pivot": [4.2, 23.525, -1], "rotation": [0, 0, -10], "uv": [64, 5]},
						{"origin": [2.3, 22.625, -2.2], "size": [2, 1, 1.3], "inflate": -0.099, "pivot": [4.2, 23.525, -1], "rotation": [0, 0, -10], "uv": [64, 42]},
						{"origin": [3.3, 22.625, -3.8], "size": [1, 1, 1.8], "inflate": -0.1, "pivot": [4.2, 23.525, -2.1], "rotation": [0, 72.5, -10], "uv": [32, 51]},
						{"origin": [-2, 22.3, -3.25], "size": [4, 1, 6.5], "uv": [52, 26]}
					]
				},
				{
					"name": "magazine",
					"parent": "main",
					"pivot": [0.5, 3.75, -10.25],
					"cubes": [
						{"origin": [-1.575, 1.4, -22.3], "size": [3.15, 13.1, 1.075], "inflate": 0.001, "uv": [39, 107]},
						{"origin": [-1.475, 1.4, -22.2], "size": [2.95, 16.6, 2.375], "uv": [80, 0]},
						{"origin": [-2.45, 1.4, -19.85], "size": [4.9, 16.6, 7.725], "inflate": 0.001, "uv": [38, 0]}
					]
				},
				{
					"name": "bone6",
					"parent": "magazine",
					"pivot": [2.25, 21.4, -55],
					"rotation": [0, 0.6, 0],
					"cubes": [
						{"origin": [0.25, 12.975, -26.275], "size": [2, 7.425, 1.85], "inflate": -0.001, "pivot": [2.25, 23.1, -19.225], "rotation": [64.75, 0, 0], "uv": [0, 37]},
						{"origin": [1, 1.4, -19.8], "size": [1.25, 12.675, 7.525], "inflate": 0.002, "uv": [64, 0]},
						{"origin": [0.34999, 13.975, -19.89895], "size": [2, 3.375, 1], "inflate": -0.1, "uv": [7, 74]},
						{"origin": [1.25, 14, -19], "size": [1, 1.25, 2.575], "uv": [7, 80]},
						{"origin": [1.07379, 1.4, -22.51509], "size": [1.1, 13.1, 2.7], "inflate": -0.001, "pivot": [2.25, 1.4, -20], "rotation": [0, 21.8, 0], "uv": [47, 107]},
						{"origin": [1.0351, 14.1, -22.47225], "size": [1, 3.9, 2.6], "inflate": -0.001, "pivot": [2.25, 1.4, -20], "rotation": [0, 21.8, 0], "uv": [64, 0]}
					]
				},
				{
					"name": "bone5",
					"parent": "magazine",
					"pivot": [-2.25, 21.4, -55],
					"rotation": [0, -0.6, 0],
					"cubes": [
						{"origin": [-2.25, 12.975, -26.275], "size": [2, 7.425, 1.85], "inflate": -0.001, "pivot": [-2.25, 23.1, -19.225], "rotation": [64.75, 0, 0], "uv": [38, 26]},
						{"origin": [-2.25, 1.4, -19.8], "size": [1.25, 12.675, 7.525], "inflate": 0.002, "uv": [64, 37]},
						{"origin": [-2.34999, 13.975, -19.89895], "size": [2, 3.375, 1], "inflate": -0.1, "uv": [67, 76]},
						{"origin": [-2.25, 14, -19], "size": [1, 1.25, 2.575], "uv": [67, 80]},
						{"origin": [-2.17379, 1.4, -22.51509], "size": [1.1, 13.1, 2.7], "inflate": -0.001, "pivot": [-2.25, 1.4, -20], "rotation": [0, -21.8, 0], "uv": [111, 66]},
						{"origin": [-2.0351, 14.1, -22.47225], "size": [1, 3.9, 2.6], "inflate": -0.001, "pivot": [-2.25, 1.4, -20], "rotation": [0, -21.8, 0], "uv": [38, 63]}
					]
				},
				{
					"name": "rightarm",
					"parent": "main",
					"pivot": [-4.3, 8.8, 21.8],
					"rotation": [-101.81106, -12.40003, -2.46982],
					"cubes": [
						{"origin": [-8.3, -15.2, 17.8], "size": [8, 24, 8], "uv": [0, 37]}
					]
				},
				{
					"name": "leftarm",
					"parent": "main",
					"pivot": [12.425, 7.275, -15.175],
					"rotation": [-134.1508, -1.1848, -33.1648],
					"cubes": [
						{"origin": [8.425, -16.725, -19.175], "size": [8, 24, 8], "uv": [0, 0]}
					]
				},
				{
					"name": "muzzleflash",
					"parent": "main",
					"pivot": [0, 25.45, -55.875],
					"cubes": [
						{"origin": [-0.5, 24.95, -56.175], "size": [1, 1, 1], "inflate": -0.4, "uv": [45, 62]}
					]
				},
				{
					"name": "scope",
					"parent": "main",
					"pivot": [0, 32.3, 9.25],
					"cubes": [
						{"origin": [-0.5, 31.8, 8.95], "size": [1, 1, 1], "inflate": -0.4, "uv": [27, 69]}
					]
				},
				{
					"name": "_cb_scope",
					"parent": "main",
					"pivot": [0, 33.05, -7.375],
					"cubes": [
						{"origin": [-0.5, 29.725, -5.5], "size": [1, 1, 1], "uv": [27, 9]}
					]
				},
				{
					"name": "_cb_canted",
					"parent": "main",
					"pivot": [0, 30.025, -5.9],
					"cubes": [
						{"origin": [-0.5, 29.725, 1.25], "size": [1, 1, 1], "uv": [35, 105]}
					]
				},
				{
					"name": "_cb_grip",
					"parent": "main",
					"pivot": [0, 21.025, -30.475],
					"cubes": [
						{"origin": [-0.5, 20.525, -30.975], "size": [1, 1, 1], "uv": [25, 45]}
					]
				},
				{
					"name": "_camera_",
					"pivot": [6.825, 33.725, 26.45]
				}
			]
		}
	]
}