{
	"format_version": "1.12.0",
	"minecraft:geometry": [
		{
			"description": {
				"identifier": "geometry.unknown",
				"texture_width": 32,
				"texture_height": 32,
				"visible_bounds_width": 8,
				"visible_bounds_height": 7,
				"visible_bounds_offset": [0, 1.5, 0]
			},
			"bones": [
				{
					"name": "main",
					"pivot": [0, 20, 0]
				},
				{
					"name": "reddot",
					"parent": "main",
					"pivot": [1, 34.925, -5.775],
					"cubes": [
						{"origin": [0.4, 34.95, -6.075], "size": [1, 2.55, 2.425], "inflate": -0.4, "uv": [10, 7]},
						{"origin": [0.4, 36.7, -6.075], "size": [1, 1.3, 2.425], "inflate": -0.401, "pivot": [1, 37.1, -5.775], "rotation": [0, 0, -36.75], "uv": [4, 15]},
						{"origin": [0.4, 34.45, -6.075], "size": [1, 1.3, 2.425], "inflate": -0.401, "pivot": [1, 35.35, -5.775], "rotation": [0, 0, 36.75], "uv": [14, 14]},
						{"origin": [-1.4, 36.7, -6.075], "size": [1, 1.3, 2.425], "inflate": -0.401, "pivot": [-1, 37.1, -5.775], "rotation": [0, 0, 36.75], "uv": [8, 14]},
						{"origin": [-1.4, 34.95, -6.075], "size": [1, 2.55, 2.425], "inflate": -0.4, "uv": [0, 0]},
						{"origin": [-1.4, 34.45, -6.075], "size": [1, 1.3, 2.425], "inflate": -0.401, "pivot": [-1, 35.35, -5.775], "rotation": [0, 0, -36.75], "uv": [14, 5]},
						{"origin": [-0.85, 34.725, -5.15], "size": [1.7, 1, 1.3], "inflate": -0.301, "pivot": [0.35, 35.225, -4.85], "rotation": [-53.25, 0, 0], "uv": [15, 10]},
						{"origin": [-1.4, 33.8, -5.95], "size": [2.8, 1, 2.225], "inflate": -0.202, "uv": [10, 0]},
						{"origin": [0.6, 34, -6.15], "size": [1, 1.75, 2.625], "inflate": -0.4, "uv": [0, 14]},
						{"origin": [-1.6, 34.6, -5.325], "size": [3.2, 1, 1], "inflate": -0.301, "pivot": [1.1, 35.1, -5.025], "rotation": [-18.5, 0, 0], "uv": [10, 3]},
						{"origin": [-1.6, 34, -6.15], "size": [1, 1.75, 2.625], "inflate": -0.4, "uv": [4, 12]},
						{"origin": [-1.4, 32.825, -6.875], "size": [2.8, 1.6, 6.025], "inflate": -0.199, "uv": [0, 0]},
						{"origin": [0.6, 33.875, -4.325], "size": [1, 1.875, 3.875], "inflate": -0.401, "pivot": [1.2, 35.35, -3.925], "rotation": [-21.4, 0, 0], "uv": [5, 8]},
						{"origin": [-1.6, 33.875, -4.325], "size": [1, 1.875, 3.875], "inflate": -0.401, "pivot": [-1.2, 35.35, -3.925], "rotation": [-21.4, 0, 0], "uv": [0, 7]},
						{"origin": [0.6, 34.2, -7.625], "size": [1, 1.55, 2.275], "inflate": -0.401, "pivot": [1.2, 35.35, -5.75], "rotation": [50.9, 0, 0], "uv": [11, 11]},
						{"origin": [-1.6, 34.2, -7.625], "size": [1, 1.55, 2.275], "inflate": -0.401, "pivot": [-1.2, 35.35, -5.75], "rotation": [50.9, 0, 0], "uv": [0, 11]},
						{"origin": [-1.425, 34.3, -5.825], "size": [1.025, 1.525, 1.925], "inflate": -0.45, "uv": [12, 14]},
						{"origin": [0.4, 34.3, -5.825], "size": [1.025, 1.525, 1.925], "inflate": -0.45, "uv": [0, 4]}
					]
				},
				{
					"name": "scope",
					"parent": "main",
					"pivot": [0, 36.5, 1.975],
					"cubes": [
						{"origin": [-0.5, 36, 1.675], "size": [1, 1, 1], "inflate": -0.4, "uv": [16, 0]}
					]
				},
				{
					"name": "_ca_scope",
					"parent": "main",
					"pivot": [0, 36.575, -8.375],
					"cubes": [
						{"origin": [-0.5, 33.25, -6.5], "size": [1, 1, 1], "uv": [13, 19]}
					]
				},
				{
					"name": "reticle",
					"parent": "main",
					"pivot": [0, 36.5, -3.975],
					"cubes": [
						{"origin": [-0.5, 36, -5.675], "size": [1, 1, 1], "uv": [32, 34]}
					]
				}
			]
		}
	]
}