{
	"format_version": "1.12.0",
	"minecraft:geometry": [
		{
			"description": {
				"identifier": "geometry.unknown",
				"texture_width": 128,
				"texture_height": 128,
				"visible_bounds_width": 157,
				"visible_bounds_height": 4,
				"visible_bounds_offset": [0, 1, 0]
			},
			"bones": [
				{
					"name": "bb_main",
					"pivot": [0, 0, 0]
				},
				{
					"name": "main",
					"pivot": [0, 20, 0]
				},
				{
					"name": "gun",
					"parent": "main",
					"pivot": [1, 11, -1],
					"cubes": [
						{"origin": [-1.7, 19.625, -0.5], "size": [3.4, 1, 2.625], "inflate": -0.12, "pivot": [-0.5, 20.625, 2.125], "rotation": [50, 0, 0], "uv": [57, 26]},
						{"origin": [-1.7, 17.725, 0.25], "size": [3.4, 2.75, 2.125], "inflate": -0.11, "pivot": [-0.5, 20.325, 2.25], "rotation": [-33, 0, 0], "uv": [79, 21]},
						{"origin": [-1.25, 18.15, 0.5], "size": [1, 2.74, 1.875], "inflate": -0.201, "pivot": [-0.5, 20.325, 2.25], "rotation": [-33, 0, 0], "uv": [56, 48]},
						{"origin": [-1.775, 19.575, 0.4], "size": [1.05, 1, 1.975], "inflate": -0.22, "pivot": [-1.575, 20.325, 2.25], "rotation": [-28.70973, -17.01574, -28.11524], "uv": [67, 57]},
						{"origin": [-1.7, 18.025, -0.55], "size": [3.4, 1.75, 1.875], "inflate": -0.121, "uv": [0, 15]},
						{"origin": [-1.7, 17.275, -0.9], "size": [3.4, 4.075, 1.025], "inflate": -0.12, "uv": [0, 29]},
						{"origin": [-2.4, 18.6, -0.85], "size": [4.8, 2.7, 1.025], "inflate": -0.101, "uv": [30, 17]},
						{"origin": [1.375, 21.1, -0.85], "size": [1.025, 1.7, 1.025], "inflate": -0.1, "pivot": [2.3, 21.2, 0.075], "rotation": [0, 0, -58.25], "uv": [57, 36]},
						{"origin": [1.075, 18.6, -0.85], "size": [1.325, 2.7, 1.025], "inflate": -0.1, "pivot": [2.3, 21.2, 0.075], "rotation": [0, 36.5, 0], "uv": [52, 4]},
						{"origin": [-2.4, 18.6, -0.85], "size": [1.325, 2.7, 1.025], "inflate": -0.1, "pivot": [-2.3, 21.2, 0.075], "rotation": [0, -36.5, 0], "uv": [17, 37]},
						{"origin": [-2.4, 21.1, -0.85], "size": [1.025, 1.7, 1.025], "inflate": -0.1, "pivot": [-2.3, 21.2, 0.075], "rotation": [0, 0, 58.25], "uv": [55, 15]},
						{"origin": [-2.4, 17.1, -0.85], "size": [1.025, 1.7, 1.025], "inflate": -0.1, "pivot": [-2.3, 18.7, 0.075], "rotation": [0, 0, -58.25], "uv": [55, 3]},
						{"origin": [1.375, 17.1, -0.85], "size": [1.025, 1.7, 1.025], "inflate": -0.1, "pivot": [2.3, 18.7, 0.075], "rotation": [0, 0, 58.25], "uv": [55, 12]},
						{"origin": [-0.54, 19.375, -0.875], "size": [2.24, 1.975, 1], "inflate": -0.119, "pivot": [1.575, 21.225, 0], "rotation": [0, 0, 81.45], "uv": [48, 36]},
						{"origin": [-1.7, 19.375, -0.9], "size": [2.24, 1.975, 1.025], "inflate": -0.119, "pivot": [-1.575, 21.225, 0], "rotation": [0, 0, -81.45], "uv": [48, 34]},
						{"origin": [-1.7, 20.35, 0], "size": [2.24, 1, 1.025], "inflate": -0.12, "pivot": [-1.575, 21.225, 0.9], "rotation": [0, 30, -81.45], "uv": [48, 32]},
						{"origin": [-1.3, 20.35, 0.525], "size": [2.615, 1, 1.025], "inflate": -0.2, "pivot": [-1.075, 21.15, 0.9], "rotation": [-2.13791, 30.46553, -89.7], "uv": [41, 13]},
						{"origin": [-1.315, 20.35, 0.525], "size": [2.615, 1, 1.025], "inflate": -0.2, "pivot": [1.075, 21.15, 0.9], "rotation": [-2.13791, -30.46553, 89.7], "uv": [6, 18]},
						{"origin": [-1.8, 20.45, 0.675], "size": [2.59, 1, 1.05], "inflate": -0.22, "pivot": [-1.575, 21.225, 0.9], "rotation": [-47.25, 30, -81.45], "uv": [48, 26]},
						{"origin": [-0.54, 20.35, 0], "size": [2.24, 1, 1.025], "inflate": -0.12, "pivot": [1.575, 21.225, 0.9], "rotation": [0, -30, 81.45], "uv": [48, 24]},
						{"origin": [-1.7, 19.725, 1.975], "size": [3.4, 1, 3.375], "inflate": -0.122, "pivot": [-0.5, 20.725, 4.65], "rotation": [3.25, 0, 0], "uv": [70, 73]},
						{"origin": [-1.7, 19.75, 1.675], "size": [1, 1, 3.675], "inflate": -0.119, "pivot": [-0.5, 20.75, 4.65], "rotation": [-0.5, 0, 0], "uv": [82, 8]},
						{"origin": [-1.8, 19.85, 1.5], "size": [1, 1, 3.95], "inflate": -0.22, "pivot": [-1.6, 20.65, 5.25], "rotation": [-0.40869, 0, -17.96756], "uv": [54, 82]},
						{"origin": [-0.79, 20.45, 0.675], "size": [2.59, 1, 1.05], "inflate": -0.22, "pivot": [1.575, 21.225, 0.9], "rotation": [-47.25, -30, 81.45], "uv": [48, 22]},
						{"origin": [0.725, 19.575, 0.4], "size": [1.05, 1, 1.975], "inflate": -0.22, "pivot": [1.575, 20.325, 2.25], "rotation": [-28.70973, 17.01574, 28.11524], "uv": [67, 14]},
						{"origin": [0.8, 19.85, 1.5], "size": [1, 1, 3.95], "inflate": -0.22, "pivot": [1.6, 20.65, 5.25], "rotation": [-0.40869, 0, 17.96756], "uv": [67, 50]},
						{"origin": [-1.25, 20.01, 1.6], "size": [1, 1, 3.85], "inflate": -0.2, "pivot": [-1.05, 20.8, 5.25], "rotation": [-0.40869, 0, 0], "uv": [80, 58]},
						{"origin": [-1.25, 22.435, -0.475], "size": [1, 1.35, 1.05], "inflate": -0.2, "pivot": [-1.05, 23.575, 0.375], "rotation": [-12.5, 0, 0], "uv": [63, 36]},
						{"origin": [0.25, 22.435, -0.475], "size": [1, 1.35, 1.05], "inflate": -0.2, "pivot": [1.05, 23.575, 0.375], "rotation": [-12.5, 0, 0], "uv": [61, 14]},
						{"origin": [0.25, 20.01, 1.6], "size": [1, 1, 3.85], "inflate": -0.2, "pivot": [1.05, 20.8, 5.25], "rotation": [-0.40869, 0, 0], "uv": [0, 48]},
						{"origin": [0.25, 18.15, 0.5], "size": [1, 2.74, 1.875], "inflate": -0.201, "pivot": [0.5, 20.325, 2.25], "rotation": [-33, 0, 0], "uv": [56, 45]},
						{"origin": [0.7, 19.75, 1.675], "size": [1, 1, 3.675], "inflate": -0.119, "pivot": [0.5, 20.75, 4.65], "rotation": [-0.5, 0, 0], "uv": [82, 0]},
						{"origin": [-1.35, 18.2, 4.3], "size": [2.7, 1.7, 1.05], "inflate": -0.1, "pivot": [1.45, 19.8, 5.35], "rotation": [-45.75, 0, 0], "uv": [32, 51]},
						{"origin": [-1.25, 7, 2.975], "size": [2.5, 4.975, 2], "inflate": -0.002, "pivot": [1.45, 7.175, 2.975], "rotation": [5.75, 0, 0], "uv": [0, 9]},
						{"origin": [-1.25, 7.175, 4.975], "size": [2.5, 3.275, 1.8], "inflate": -0.001, "pivot": [1.45, 7.175, 4.975], "rotation": [24.75, 0, 0], "uv": [14, 21]},
						{"origin": [-1.25, 7.925, 6.6], "size": [2.5, 2.275, 3.075], "inflate": -0.002, "pivot": [1.45, 7.925, 6.6], "rotation": [51.5, 0, 0], "uv": [40, 0]},
						{"origin": [-1.25, 10.225, 5.8], "size": [2.5, 4.15, 1.75], "pivot": [1.45, 14.375, 7.55], "rotation": [13.75, 0, 0], "uv": [0, 21]},
						{"origin": [-1.25, 14.375, 5.8], "size": [2.5, 3.5, 1.75], "inflate": -0.001, "pivot": [1.45, 14.375, 7.55], "rotation": [41.75, 0, 0], "uv": [25, 21]},
						{"origin": [-1.25, 15.525, -0.65], "size": [2.5, 4.875, 5.15], "inflate": 0.002, "pivot": [1.45, 20.225, 4.625], "rotation": [16.75, 0, 0], "uv": [70, 31]},
						{"origin": [-0.5, 22.7, 0.55], "size": [1, 1, 2.975], "inflate": -0.099, "pivot": [0.5, 22.8, 3.425], "rotation": [42.75, 0, 0], "uv": [30, 9]},
						{"origin": [-0.7, 23.1, 2.625], "size": [1.4, 1, 1.1], "inflate": -0.3, "pivot": [0.5, 22.8, 3.425], "rotation": [42.75, 0, 0], "uv": [64, 5]},
						{"origin": [-0.5, 21.675, 0.35], "size": [1, 1, 1.975], "inflate": -0.1, "pivot": [0.5, 21.775, 2.225], "rotation": [14, 0, 0], "uv": [64, 22]},
						{"origin": [-0.5, 21.625, -0.175], "size": [1, 1, 1.075], "inflate": -0.099, "pivot": [0.5, 21.725, 0.8], "rotation": [-2, 0, 0], "uv": [61, 4]},
						{"origin": [-0.5, 21.825, 0.375], "size": [1, 1, 1.075], "inflate": -0.101, "pivot": [0.5, 21.925, 1.35], "rotation": [41.25, 0, 0], "uv": [60, 37]},
						{"origin": [-0.5, 21.9, 0.5], "size": [1, 1, 1.975], "inflate": -0.1, "pivot": [0.5, 22, 2.375], "rotation": [74.75, 0, 0], "uv": [64, 15]},
						{"origin": [-1.25, 15.7, -17.175], "size": [2.5, 1.7, 8.6], "inflate": 0.002, "uv": [0, 9]},
						{"origin": [-1.25, 16.2, -7.275], "size": [2.5, 1.2, 7.7], "inflate": 0.001, "uv": [30, 9]},
						{"origin": [-1.35, 15.6, -8.675], "size": [2.7, 1.675, 1.5], "inflate": -0.099, "uv": [14, 25]},
						{"origin": [-1.35, 15.575, -7.35], "size": [2.7, 1.075, 1.95], "inflate": -0.1, "pivot": [1.35, 15.575, -7.35], "rotation": [16.5, 0, 0], "uv": [12, 18]},
						{"origin": [-1.15, 17.15, -17.025], "size": [2.3, 1, 8.575], "inflate": 0.001, "uv": [0, 0]},
						{"origin": [-1.35, 17.15, -8.65], "size": [1.15, 1, 1.4], "inflate": -0.2, "uv": [64, 38]},
						{"origin": [-2.5, 19.4, -28.775], "size": [5, 1.2, 20.325], "inflate": 0.004, "uv": [0, 0]},
						{"origin": [-1.5, 18.925, -26.875], "size": [3, 1.075, 2.425], "inflate": 0.002, "uv": [40, 17]},
						{"origin": [-1.5, 18.925, -9.625], "size": [3, 1.075, 1.225], "inflate": 0.002, "uv": [0, 6]},
						{"origin": [-1.5, 18.925, -20.375], "size": [3, 1.075, 2.175], "inflate": 0.002, "uv": [9, 38]},
						{"origin": [-1.5, 18.925, -15.525], "size": [3, 1.075, 3.175], "inflate": 0.002, "uv": [0, 38]},
						{"origin": [-1.5, 17.925, -26.875], "size": [3, 1.075, 18.425], "inflate": 0.002, "uv": [46, 59]},
						{"origin": [-1.5, 17.925, -8.625], "size": [1.1, 2.875, 1.175], "inflate": 0.003, "uv": [52, 13]},
						{"origin": [-2.5, 19.4, -8.575], "size": [1, 1.2, 1.125], "inflate": 0.001, "uv": [68, 6]},
						{"origin": [1.2, 19.4, -28.775], "size": [1.3, 1.2, 20.325], "pivot": [2.5, 20.6, -8.45], "rotation": [0, 0, 34], "uv": [52, 0]},
						{"origin": [-2.5, 19.4, -28.775], "size": [1.3, 1.2, 21.325], "pivot": [-2.5, 20.6, -7.45], "rotation": [0, 0, -34], "uv": [25, 23]},
						{"origin": [-1.05, 22.4, -28.875], "size": [2.1, 1.2, 16.525], "inflate": -0.101, "uv": [74, 0]},
						{"origin": [-0.65, 22.5, -12.275], "size": [1.3, 1.5, 12.325], "uv": [68, 79]},
						{"origin": [-0.35, 22.6, -12.275], "size": [1, 1.4, 12.325], "inflate": 0.001, "pivot": [0.65, 24, 0.05], "rotation": [0, 0, -14], "uv": [54, 78]},
						{"origin": [-0.65, 22.6, -12.275], "size": [1, 1.4, 12.325], "inflate": 0.002, "pivot": [-0.65, 24, 0.05], "rotation": [0, 0, 14], "uv": [64, 43]},
						{"origin": [-0.65, 22.6, -12.35], "size": [1.3, 1.6, 1], "inflate": 0.002, "uv": [67, 4]},
						{"origin": [-0.5, 22.1, -15.125], "size": [1, 1.6, 2.675], "inflate": -0.15, "uv": [25, 25]},
						{"origin": [-0.65, 23.2, -14.05], "size": [1.3, 1, 1.7], "pivot": [0.65, 24.2, -12.35], "rotation": [68.75, 0, 0], "uv": [64, 56]},
						{"origin": [-0.45, 22.5, -28.775], "size": [1.4, 1, 16.325], "pivot": [0.95, 23.5, -12.45], "rotation": [0, 0, -21.5], "uv": [0, 76]},
						{"origin": [-0.95, 22.5, -28.775], "size": [1.4, 1, 16.325], "inflate": 0.001, "pivot": [-0.95, 23.5, -12.45], "rotation": [0, 0, 21.5], "uv": [74, 41]},
						{"origin": [-0.95, 22, -13.575], "size": [1.4, 1.5, 1.125], "pivot": [-0.95, 23.5, -12.45], "rotation": [32.5, 0, 21.5], "uv": [64, 53]},
						{"origin": [-0.45, 22, -13.575], "size": [1.4, 1.5, 1.125], "pivot": [0.95, 23.5, -12.45], "rotation": [32.5, 0, -21.5], "uv": [64, 49]},
						{"origin": [-0.95, 19.925, -28.775], "size": [2, 2.775, 21.325], "inflate": 0.002, "pivot": [-0.95, 23.5, -16.05], "rotation": [0, 0, 21.5], "uv": [0, 21]},
						{"origin": [-1.05, 19.925, -28.775], "size": [2, 2.775, 21.325], "inflate": 0.003, "pivot": [0.95, 23.5, -16.05], "rotation": [0, 0, -21.5], "uv": [0, 21], "mirror": true},
						{"origin": [0.05, 22.5, -8.225], "size": [1, 1.1, 8.225], "inflate": -0.1, "pivot": [0.95, 23.5, -8.6], "rotation": [0, 0, -21.5], "uv": [30, 0]},
						{"origin": [0.05, 22.5, -8.175], "size": [1, 1.25, 1.025], "inflate": -0.101, "pivot": [0.95, 23.5, -8.6], "rotation": [-41.5, 0, -21.5], "uv": [64, 45]},
						{"origin": [-1.05, 22.5, -8.175], "size": [1, 1.25, 1.025], "inflate": -0.101, "pivot": [-0.95, 23.5, -8.6], "rotation": [-41.5, 0, 21.5], "uv": [64, 40]},
						{"origin": [-1.05, 22.5, -8.225], "size": [1, 1.1, 8.225], "inflate": -0.1, "pivot": [-0.95, 23.5, -8.6], "rotation": [0, 0, 21.5], "uv": [0, 29]},
						{"origin": [-1.35, 23.125, -0.625], "size": [2.7, 1.45, 1.2], "inflate": -0.3, "pivot": [-1.05, 24.275, -0.125], "rotation": [10.5, 0, 0], "uv": [0, 18]},
						{"origin": [-1.75, 16.7, -7.7], "size": [3.5, 1, 7.225], "inflate": -0.3, "uv": [25, 22]},
						{"origin": [-1.75, 16.7, -8.875], "size": [2, 1, 1.9], "inflate": -0.301, "uv": [31, 40]},
						{"origin": [-1.75, 16.7, -17.075], "size": [3.5, 1, 8.8], "inflate": -0.3, "uv": [82, 79]},
						{"origin": [1.65, 17, -15.5], "size": [1, 2.2, 3.05], "inflate": -0.299, "uv": [12, 9]},
						{"origin": [1.65, 15.75, -15.5], "size": [1, 1.85, 3.05], "inflate": -0.3, "pivot": [2.35, 17.3, -12.725], "rotation": [0, 0, 59.25], "uv": [30, 4]},
						{"origin": [0.65, 18.2, -15.5], "size": [2, 1, 3.05], "inflate": -0.3, "pivot": [2.35, 18.9, -12.725], "rotation": [0, 0, 48.25], "uv": [57, 32]},
						{"origin": [-2.65, 15.75, -15.5], "size": [1, 1.85, 3.05], "inflate": -0.3, "pivot": [-2.35, 17.3, -12.725], "rotation": [0, 0, -59.25], "uv": [30, 0]},
						{"origin": [-2.65, 17, -15.5], "size": [1, 2.2, 3.05], "inflate": -0.299, "uv": [12, 0]},
						{"origin": [-2.65, 18.2, -15.5], "size": [2, 1, 3.05], "inflate": -0.3, "pivot": [-2.35, 18.9, -12.725], "rotation": [0, 0, -48.25], "uv": [57, 22]},
						{"origin": [1.05, 17.5, -27.175], "size": [1.2, 1.45, 19.025], "inflate": -0.299, "pivot": [1.95, 18.65, -8.35], "rotation": [0, 0, 31.5], "uv": [70, 21]},
						{"origin": [-2.25, 17.5, -27.175], "size": [1.2, 1.45, 20.025], "inflate": -0.299, "pivot": [-1.95, 18.65, -8.35], "rotation": [0, 0, -31.5], "uv": [30, 1]},
						{"origin": [0.675, 17.875, -27.175], "size": [1.575, 1.075, 19.025], "inflate": -0.3, "pivot": [1.95, 18.65, -8.35], "rotation": [0, 0, 39.5], "uv": [69, 59]},
						{"origin": [-2.25, 17.875, -27.175], "size": [1.575, 1.075, 20.025], "inflate": -0.301, "pivot": [-1.95, 18.65, -8.35], "rotation": [0, 0, -39.5], "uv": [48, 22]},
						{"origin": [0.75, 16.3, -17.075], "size": [1, 1, 16.6], "inflate": -0.3, "pivot": [1.45, 17, -0.75], "rotation": [0, 0, 43], "uv": [36, 78]},
						{"origin": [-1.75, 16.3, -17.075], "size": [1, 1, 16.6], "inflate": -0.3, "pivot": [-1.45, 17, -0.75], "rotation": [0, 0, -43], "uv": [18, 77]},
						{"origin": [-1.25, 7.7, -0.65], "size": [2.5, 10.075, 3.975], "pivot": [1.45, 16.85, 0.8], "rotation": [33.25, 0, 0], "uv": [70, 58]},
						{"origin": [-0.5, 13.55, -2.725], "size": [1, 4, 1], "inflate": -0.1, "pivot": [0.5, 13.55, -2.725], "rotation": [-14.25, 0, 0], "uv": [41, 30]},
						{"origin": [-1.25, 12.375, -6.55], "size": [2.5, 1, 3.375], "inflate": -0.2, "pivot": [1.25, 12.575, -3.375], "rotation": [-28, 0, 0], "uv": [68, 79]},
						{"origin": [-1.25, 13.775, -8.3], "size": [2.5, 1, 2.5], "inflate": -0.199, "pivot": [1.25, 13.975, -6], "rotation": [-76.25, 0, 0], "uv": [12, 14]},
						{"origin": [-1.25, 14.8, -7.75], "size": [2.5, 2.25, 1.95], "inflate": -0.201, "pivot": [1.25, 15, -6], "rotation": [-49.5, 0, 0], "uv": [25, 33]},
						{"origin": [-1.25, 12.025, -4.15], "size": [2.5, 1, 3.5], "inflate": -0.2, "pivot": [1.25, 12.825, -0.85], "rotation": [-137.75, 0, 0], "uv": [79, 31]},
						{"origin": [-1.25, 10.075, -1.65], "size": [2.5, 2.95, 1], "inflate": -0.199, "pivot": [1.25, 12.825, -0.85], "rotation": [-84.25, 0, 0], "uv": [0, 34]},
						{"origin": [-1.5, 15.575, -17.175], "size": [3, 1, 5.2], "uv": [24, 45]},
						{"origin": [0.5, 16.575, -17.175], "size": [1, 1, 5.2], "inflate": -0.001, "pivot": [1.5, 16.575, -17.175], "rotation": [0, 0, -36.25], "uv": [78, 49]},
						{"origin": [-0.175, 15.575, -17.175], "size": [1.675, 1, 5.2], "inflate": -0.001, "pivot": [1.5, 15.575, -17.175], "rotation": [0, 0, -26.5], "uv": [64, 43]},
						{"origin": [-1.5, 15.575, -17.175], "size": [1.675, 1, 5.2], "inflate": 0.001, "pivot": [-1.5, 15.575, -17.175], "rotation": [0, 0, 26.5], "uv": [34, 30]},
						{"origin": [-1.5, 16.575, -17.175], "size": [1, 1, 5.2], "inflate": -0.001, "pivot": [-1.5, 16.575, -17.175], "rotation": [0, 0, 36.25], "uv": [78, 43]},
						{"origin": [-1.275, 15.45, -18.725], "size": [2, 2, 2.65], "inflate": -0.1, "pivot": [0.225, 17.2, -24.3], "rotation": [0, 0, -20.75], "uv": [0, 44]},
						{"origin": [0.5, 15.225, -16.525], "size": [2, 2, 5.65], "inflate": -0.3, "pivot": [2, 16.975, -22.1], "rotation": [0, 0, -20.75], "uv": [18, 76]},
						{"origin": [1.525, 16.15, -11.85], "size": [1, 1, 3.55], "inflate": -0.2, "pivot": [2.525, 16.15, -11.85], "rotation": [-22.03236, -12.313, -15.81762], "uv": [38, 37]},
						{"origin": [1.2, 14.6, -8.9], "size": [1, 1, 2.925], "inflate": -0.2, "pivot": [2.2, 14.6, -8.9], "rotation": [30.69076, 0.36731, -7.03942], "uv": [25, 30]},
						{"origin": [-2.2, 14.6, -8.9], "size": [1, 1, 2.925], "inflate": -0.2, "pivot": [-2.2, 14.6, -8.9], "rotation": [30.69076, -0.36731, 7.03942], "uv": [30, 12]},
						{"origin": [-2.15, 15.975, -6.55], "size": [1, 1, 1.925], "inflate": -0.2, "pivot": [-2.125, 15.975, -6.575], "rotation": [40.54817, 38.2686, 35.17543], "uv": [64, 31]},
						{"origin": [1.15, 15.975, -6.55], "size": [1, 1, 1.925], "inflate": -0.2, "pivot": [2.125, 15.975, -6.575], "rotation": [40.54817, -38.2686, -35.17543], "uv": [64, 29]},
						{"origin": [-2.525, 16.1, -11.85], "size": [1, 1, 3.55], "inflate": -0.2, "pivot": [-2.525, 16.1, -11.85], "rotation": [-22.03236, 12.313, 15.81762], "uv": [38, 22]},
						{"origin": [-2.5, 15.225, -16.525], "size": [2, 2, 5.65], "inflate": -0.3, "pivot": [-2, 16.975, -22.1], "rotation": [0, 0, 20.75], "uv": [0, 76]},
						{"origin": [-1.75, 10.6, 0.575], "size": [3.5, 5.675, 2.825], "pivot": [1.95, 16.25, 0.575], "rotation": [31.25, 0, 0], "uv": [10, 29]},
						{"origin": [-1.75, 10.65, 2.6], "size": [3.5, 3.575, 4.475], "inflate": 0.002, "pivot": [1.95, 14.2, 7.075], "rotation": [17.25, 0, 0], "uv": [36, 77]},
						{"origin": [-1.75, 9.15, 4], "size": [3.5, 1.8, 2.65], "pivot": [1.95, 9.15, 6.65], "rotation": [14.25, 0, 0], "uv": [40, 5]},
						{"origin": [-1.75, 9.15, 5.6], "size": [3.5, 2.225, 1.05], "inflate": -0.001, "pivot": [1.95, 9.15, 6.65], "rotation": [-41.5, 0, 0], "uv": [12, 5]},
						{"origin": [-1.75, 14.225, 5.8], "size": [3.5, 3.5, 1.275], "pivot": [1.95, 14.2, 7.075], "rotation": [39.75, 0, 0], "uv": [41, 9]},
						{"origin": [-1.75, 12.275, 2.375], "size": [3.5, 5.675, 1.825], "inflate": 0.001, "pivot": [1.95, 17.925, 1.875], "rotation": [24, 0, 0], "uv": [0, 0]},
						{"origin": [-1.75, 15.275, 0.575], "size": [3.5, 1, 4.225], "inflate": 0.002, "pivot": [1.95, 16.25, 0.575], "rotation": [50.75, 0, 0], "uv": [0, 83]}
					]
				},
				{
					"name": "glowy",
					"parent": "gun",
					"pivot": [2.05, 16.9, -19.5],
					"cubes": [
						{"origin": [-2.535, 15.45, -13.925], "size": [1, 1.6, 1], "inflate": -0.3, "pivot": [-2.05, 16.9, -19.5], "rotation": [0, 0, 20.75], "uv": [46, 14], "mirror": true},
						{"origin": [1.535, 15.45, -13.925], "size": [1, 1.6, 1], "inflate": -0.3, "pivot": [2.05, 16.9, -19.5], "rotation": [0, 0, -20.75], "uv": [46, 14]}
					]
				},
				{
					"name": "chamber",
					"parent": "main",
					"pivot": [0.625, 15.975, -8.125],
					"cubes": [
						{"origin": [-0.05, 17.125, -8.45], "size": [1, 3.55, 1.05], "inflate": 0.002, "pivot": [-1.6, 17.325, -7.6], "rotation": [0, 0, 0], "uv": [52, 0]},
						{"origin": [-1.075, 16.4, -8.45], "size": [1, 4.275, 1.05], "inflate": 0.002, "pivot": [-1.6, 17.325, -7.6], "rotation": [0, 0, 0], "uv": [34, 30]},
						{"origin": [0.85, 18.425, -8.45], "size": [1, 1.15, 1.05], "inflate": 0.002, "pivot": [-0.7, 18.625, -7.6], "rotation": [0, 0, 0], "uv": [64, 33]},
						{"origin": [0.025, 19.2, -8.55], "size": [2.4, 1.2, 1.25], "inflate": -0.1, "uv": [25, 40]},
						{"origin": [0.025, 19.2, -8.55], "size": [2.4, 1.2, 1.25], "inflate": -0.1, "pivot": [2.325, 20.3, -7.4], "rotation": [0, 0, 33.75], "uv": [38, 26]}
					]
				},
				{
					"name": "cartridge",
					"parent": "chamber",
					"pivot": [-2.175, 16.225, -7.4],
					"cubes": [
						{"origin": [-2.325, 18.65, -7.1], "size": [4.625, 2.65, 6.65], "inflate": -0.3, "uv": [0, 21]},
						{"origin": [0.65, 20.7, -7.1], "size": [1.65, 2.925, 6.65], "inflate": -0.301, "pivot": [2, 21, -0.825], "rotation": [0, 0, -60], "uv": [74, 65]},
						{"origin": [-2.325, 20.7, -7.1], "size": [1.65, 2.925, 6.65], "inflate": -0.302, "pivot": [-2.025, 21, -0.825], "rotation": [0, 0, 60], "uv": [74, 8]},
						{"origin": [0.65, 16.325, -7.1], "size": [1.65, 2.925, 6.65], "inflate": -0.301, "pivot": [2, 18.95, -0.825], "rotation": [0, 0, 60], "uv": [56, 45]},
						{"origin": [-2.325, 16.325, -7.1], "size": [1.65, 2.925, 6.65], "inflate": -0.302, "pivot": [-2.025, 18.95, -0.825], "rotation": [0, 0, -60], "uv": [74, 0]}
					]
				},
				{
					"name": "rotatey",
					"parent": "chamber",
					"pivot": [-0.015, 19.98, -1.4]
				},
				{
					"name": "bone",
					"parent": "rotatey",
					"pivot": [2.15, 18.725, -7.4],
					"cubes": [
						{"origin": [1.7, 18.325, -7.7], "size": [1, 3.3, 7.075], "inflate": -0.3, "uv": [70, 21]},
						{"origin": [-2.4, 18.425, -7.7], "size": [4.75, 3.1, 1.075], "inflate": -0.302, "uv": [61, 0]},
						{"origin": [1.7, 21.025, -7.7], "size": [1, 3.375, 7.075], "inflate": -0.301, "pivot": [2.4, 21.325, -7.4], "rotation": [0, 0, -60], "uv": [52, 10]}
					]
				},
				{
					"name": "bone4",
					"parent": "rotatey",
					"pivot": [2.15, 18.725, -7.4],
					"rotation": [0, 0, 60],
					"cubes": [
						{"origin": [1.6616, 15.81651, -7.7], "size": [1, 3.375, 7.075], "inflate": -0.301, "uv": [52, 0]},
						{"origin": [1.6616, 13.25849, -7.7], "size": [1, 3.375, 7.075], "inflate": -0.3, "pivot": [2.15, 16.225, -7.4], "rotation": [0, 0, 60], "uv": [48, 32]}
					]
				},
				{
					"name": "bone2",
					"parent": "rotatey",
					"pivot": [-2.175, 18.725, -7.4],
					"rotation": [0, 0, -180],
					"cubes": [
						{"origin": [-2.625, 15.825, -7.7], "size": [1, 3.3, 7.075], "inflate": -0.301, "uv": [48, 22]},
						{"origin": [-2.6634, 13.31651, -7.7], "size": [1, 3.375, 7.075], "inflate": -0.3, "pivot": [-2.175, 16.225, -7.4], "rotation": [0, 0, 60], "uv": [25, 30]},
						{"origin": [-6.625, 13.425, -7.7], "size": [4.55, 3.1, 1.075], "inflate": -0.303, "pivot": [-2.175, 16.225, -7.4], "rotation": [0, 0, 60], "uv": [54, 78]},
						{"origin": [-8.275, 10.56712, -7.7], "size": [4.55, 3.1, 1.075], "inflate": -0.299, "pivot": [-9.825, 16.225, -7.4], "rotation": [0, 0, -60], "uv": [61, 10]}
					]
				},
				{
					"name": "rightarm",
					"parent": "main",
					"pivot": [-4.55, 8.525, 21.65],
					"rotation": [-104.56106, -12.40003, -2.46982],
					"cubes": [
						{"origin": [-8.55, -15.475, 17.65], "size": [8, 24, 8], "uv": [32, 45]}
					]
				},
				{
					"name": "leftarm",
					"parent": "main",
					"pivot": [10.2, 2.25, 20.15],
					"rotation": [-118.95832, 6.70101, -29.35181],
					"cubes": [
						{"origin": [6.2, -21.75, 16.15], "size": [8, 24, 8], "uv": [0, 44]}
					]
				},
				{
					"name": "scope",
					"parent": "main",
					"pivot": [0, 25.25, 16.75],
					"cubes": [
						{"origin": [-0.5, 24.75, 16.45], "size": [1, 1, 1], "inflate": -0.4, "uv": [47, 25]}
					]
				},
				{
					"name": "muzzleflash",
					"parent": "main",
					"pivot": [0, 21.35, -29.6],
					"cubes": [
						{"origin": [-0.5, 20.85, -29.9], "size": [1, 1, 1], "inflate": -0.4, "uv": [47, 42]}
					]
				},
				{
					"name": "reticle",
					"parent": "main",
					"pivot": [0, 25.25, 12.05],
					"cubes": [
						{"origin": [-0.5, 24.75, 10.35], "size": [1, 1, 1], "uv": [32, 34]}
					]
				},
				{
					"name": "_camera_",
					"pivot": [6.825, 33.725, 26.45]
				}
			]
		}
	]
}