{
	"format_version": "1.12.0",
	"minecraft:geometry": [
		{
			"description": {
				"identifier": "geometry.unknown",
				"texture_width": 32,
				"texture_height": 32,
				"visible_bounds_width": 8,
				"visible_bounds_height": 7,
				"visible_bounds_offset": [0, 1.5, 0]
			},
			"bones": [
				{
					"name": "main",
					"pivot": [0, 0, 0]
				},
				{
					"name": "sight",
					"parent": "main",
					"pivot": [-1.45, 20.75, -45.85],
					"cubes": [
						{"origin": [-1.5, 27.125, -14.85], "size": [3, 1, 4.45], "inflate": 0.002, "uv": [16, 0]},
						{"origin": [-2.25, 26.8, -14.85], "size": [1, 1.075, 4.45], "inflate": 0.001, "pivot": [-2.25, 27.875, -14.85], "rotation": [0, 0, -46], "uv": [16, 9]},
						{"origin": [1.25, 26.8, -14.85], "size": [1, 1.075, 4.45], "inflate": 0.001, "pivot": [2.25, 27.875, -14.85], "rotation": [0, 0, 46], "uv": [0, 16]},
						{"origin": [-2.25, 27.875, -17.85], "size": [4.5, 1, 8.45], "inflate": 0.001, "uv": [0, 0]},
						{"origin": [1.45, 28.675, -12.35], "size": [1, 3.25, 2.45], "inflate": -0.2, "uv": [8, 9]},
						{"origin": [-1.6, 31.775, -12.35], "size": [3.2, 1, 2.45], "inflate": -0.2, "uv": [16, 5]},
						{"origin": [1.2, 31.775, -12.35], "size": [1.6, 1, 2.45], "inflate": -0.199, "pivot": [1.4, 32.575, -13.15], "rotation": [0, 0, 45], "uv": [12, 21]},
						{"origin": [-2.8, 31.775, -12.35], "size": [1.6, 1, 2.45], "inflate": -0.199, "pivot": [-1.4, 32.575, -13.15], "rotation": [0, 0, -45], "uv": [0, 21]},
						{"origin": [-2.5, 28.475, -12.35], "size": [1, 1, 2.85], "inflate": -0.2, "pivot": [-1.7, 29.275, -13.15], "rotation": [0, 0, -45], "uv": [20, 16]},
						{"origin": [1.5, 28.475, -12.35], "size": [1, 1, 2.85], "inflate": -0.2, "pivot": [1.7, 29.275, -13.15], "rotation": [0, 0, 45], "uv": [8, 20]},
						{"origin": [-2.45, 28.675, -12.35], "size": [1, 3.25, 2.45], "inflate": -0.2, "uv": [0, 9]},
						{"origin": [-2.725, 28.3, -12.575], "size": [1, 2, 2], "inflate": -0.4, "pivot": [-1.725, 28.3, -12.575], "rotation": [-21.25, 0, 0], "uv": [18, 19]},
						{"origin": [1.725, 28.3, -12.575], "size": [1, 2, 2], "inflate": -0.4, "pivot": [1.725, 28.3, -12.575], "rotation": [-21.25, 0, 0], "uv": [14, 17]},
						{"origin": [-2.45, 28.35, -18.05], "size": [1.075, 1, 6.35], "inflate": -0.2, "uv": [8, 10]},
						{"origin": [-1.825, 28.35, -18.05], "size": [3.675, 1, 1.15], "inflate": -0.201, "uv": [16, 14]},
						{"origin": [-1.25, 28.25, -16.825], "size": [2.5, 1, 2.5], "inflate": -0.2, "pivot": [0, 28.25, -15.575], "rotation": [0, -21.25, 0], "uv": [6, 17]},
						{"origin": [1.375, 28.35, -18.05], "size": [1.075, 1, 6.45], "inflate": -0.2, "uv": [0, 9]},
						{"origin": [1.45, 28.925, -10.3], "size": [1, 1.15, 1.625], "inflate": -0.201, "pivot": [2.25, 29.875, -10.1], "rotation": [-54.75, 0, 0], "uv": [16, 2]},
						{"origin": [-2.45, 28.925, -10.3], "size": [1, 1.15, 1.625], "inflate": -0.201, "pivot": [-2.25, 29.875, -10.1], "rotation": [-54.75, 0, 0], "uv": [16, 0]},
						{"origin": [-2.45, 30.1, -15.575], "size": [1, 1.825, 3.625], "inflate": -0.201, "pivot": [-2.25, 31.725, -12.15], "rotation": [65.5, 0, 0], "uv": [0, 4]},
						{"origin": [1.45, 30.1, -15.575], "size": [1, 1.825, 3.625], "inflate": -0.201, "pivot": [2.25, 31.725, -12.15], "rotation": [65.5, 0, 0], "uv": [0, 0]}
					]
				},
				{
					"name": "_ca_scope",
					"parent": "main",
					"pivot": [0, 30.675, -13.375],
					"cubes": [
						{"origin": [-0.5, 27.35, -11.5], "size": [1, 1, 1], "uv": [27, 9]}
					]
				},
				{
					"name": "scope",
					"parent": "main",
					"pivot": [0, 30.675, 2.475],
					"cubes": [
						{"origin": [-0.5, 30.175, 2.175], "size": [1, 1, 1], "inflate": -0.4, "uv": [0, 16]}
					]
				},
				{
					"name": "reticle",
					"parent": "main",
					"pivot": [0, 30.675, -10.875],
					"cubes": [
						{"origin": [-0.5, 30.175, -12.575], "size": [1, 1, 1], "uv": [32, 34]}
					]
				}
			]
		}
	]
}