{
	"format_version": "1.12.0",
	"minecraft:geometry": [
		{
			"description": {
				"identifier": "geometry.unknown",
				"texture_width": 256,
				"texture_height": 256,
				"visible_bounds_width": 9,
				"visible_bounds_height": 7,
				"visible_bounds_offset": [0, 1.5, 0]
			},
			"bones": [
				{
					"name": "bb_main",
					"pivot": [0, 0, 0]
				},
				{
					"name": "main",
					"pivot": [0, 20, 0]
				},
				{
					"name": "gun",
					"parent": "main",
					"pivot": [1, 11, -1],
					"cubes": [
						{"origin": [-1.55, 13.5, -1], "size": [3.1, 4.5, 4.65], "inflate": -0.001, "uv": [52, 35]},
						{"origin": [-2, 3.5, -1], "size": [4, 10, 5], "inflate": 0.002, "pivot": [1, 13.5, -1], "rotation": [35, 0, 0], "uv": [72, 0]},
						{"origin": [-2, 4.9, 4.4], "size": [4, 1, 5.75], "pivot": [1, 5.9, 3.3], "rotation": [9, 0, 0], "uv": [37, 60]},
						{"origin": [-1, 2.65, 9.15], "size": [2, 2.25, 1], "pivot": [0, 5.9, 3.3], "rotation": [9, 0, 0], "uv": [57, 98]},
						{"origin": [-1.5, 4.9, -7.6], "size": [3, 1, 12], "inflate": -0.001, "pivot": [1, 5.9, 3.3], "rotation": [9, 0, 0], "uv": [34, 15]},
						{"origin": [-1.5, 3.15, -11.45], "size": [3, 1.05, 4.15], "uv": [26, 102]},
						{"origin": [-1, 3.625, -4.45], "size": [2, 1.05, 14.05], "uv": [34, 0]},
						{"origin": [-1.5, 4.2, -11.45], "size": [3, 10.65, 2.25], "inflate": 0.001, "uv": [34, 35]},
						{"origin": [-1.25, 9.9, -9.2], "size": [2.5, 3.4, 3.1], "uv": [84, 16]},
						{"origin": [-1.25, 9.9, -9.375], "size": [2.5, 1.05, 3.275], "inflate": -0.001, "pivot": [0.25, 9.9, -6.1], "rotation": [12, 0, 0], "uv": [0, 54]},
						{"origin": [-1.5, 3.625, -9.725], "size": [3, 5.65, 1.25], "inflate": -0.001, "pivot": [0.5, 4.625, -10.725], "rotation": [9.25, 0, 0], "uv": [70, 68]},
						{"origin": [-2, 5.9, 5.65], "size": [4, 4.425, 4.5], "pivot": [1, 5.9, 3.3], "rotation": [9, 0, 0], "uv": [50, 76]},
						{"origin": [-2, 13.9, 3.25], "size": [4, 2.675, 8.05], "inflate": -0.001, "pivot": [1, 16.575, 3.25], "rotation": [-40.5, 0, 0], "uv": [70, 68]},
						{"origin": [-1.6, 13.9, -2.1], "size": [3.2, 5, 2], "inflate": -0.102, "uv": [0, 47]},
						{"origin": [-1.5, 16.9, -16.1], "size": [3, 1.25, 19], "uv": [140, 77]},
						{"origin": [-1.5, 17.9, -1.1], "size": [3, 2.75, 4.75], "inflate": 0.001, "uv": [98, 39]},
						{"origin": [1, 21.35, -4.35], "size": [1, 1, 7.35], "uv": [49, 51]},
						{"origin": [-1.5, 19, 3.65], "size": [3, 1.65, 3.75], "uv": [98, 45]},
						{"origin": [-1.25, 19, 7.4], "size": [2.5, 1.65, 3.75], "inflate": 0.001, "uv": [83, 88]},
						{"origin": [-1.25, 18.15, 10.15], "size": [2.5, 1, 1], "uv": [96, 83]},
						{"origin": [-1.25, 17.15, 10.15], "size": [2.5, 1, 1.25], "inflate": -0.001, "pivot": [1.25, 18.15, 10.15], "rotation": [125, 0, 0], "uv": [96, 74]},
						{"origin": [-1.5, 17.35, 5.6], "size": [3, 1.65, 3.75], "inflate": -0.001, "pivot": [1.5, 19, 5.6], "rotation": [-153, 0, 0], "uv": [43, 86]},
						{"origin": [-1.4, 17.2, -30.85], "size": [2.8, 5.8, 30.25], "uv": [0, 0]},
						{"origin": [-1.4, 17.4, -27.6], "size": [2.8, 1.3, 7.8], "pivot": [1.4, 17.4, -27.6], "rotation": [-17, 0, 0], "uv": [98, 0]},
						{"origin": [-2.65, 23.75, -12.1], "size": [5.3, 1.5, 24], "uv": [0, 35]},
						{"origin": [0.95, 24.25, -12.1], "size": [1.7, 1, 24], "pivot": [2.65, 25.25, -12.1], "rotation": [0, 0, 80.75], "uv": [72, 0]},
						{"origin": [-2.65, 24.25, -12.1], "size": [1.7, 1, 24], "pivot": [-2.65, 25.25, -12.1], "rotation": [0, 0, -80.75], "uv": [70, 68]},
						{"origin": [1.35, 22.25, -12.1], "size": [1.3, 1.5, 24], "pivot": [2.65, 23.75, -12.1], "rotation": [0, 0, 37.25], "uv": [0, 93]},
						{"origin": [-2.65, 22.25, -12.1], "size": [1.3, 1.5, 24], "pivot": [-2.65, 23.75, -12.1], "rotation": [0, 0, -37.25], "uv": [72, 25]},
						{"origin": [-2, 22.65, -12.1], "size": [4, 1.5, 24], "uv": [0, 68]},
						{"origin": [-1.75, 18.65, 17.4], "size": [3.5, 4.25, 12.5], "inflate": 0.001, "uv": [34, 35]},
						{"origin": [-1.15, 20.4, 10.15], "size": [2.3, 3.5, 8.75], "uv": [72, 25]},
						{"origin": [-1.75, 10, 20.325], "size": [3.5, 10, 5], "pivot": [1.25, 20, 21.575], "rotation": [59, 0, 0], "uv": [32, 68]},
						{"origin": [-2.65, 13.4, 29.9], "size": [5.3, 9.5, 2.25], "uv": [52, 0]},
						{"origin": [-2.75, 13.4, 32.15], "size": [5.5, 11.25, 2], "inflate": 0.001, "uv": [34, 0]},
						{"origin": [1.25, 24.65, 32.15], "size": [1.5, 2.5, 2], "inflate": -0.001, "pivot": [2.75, 24.65, 32.15], "rotation": [0, 0, -24.25], "uv": [46, 96]},
						{"origin": [-2.75, 24.65, 32.15], "size": [1.5, 2.5, 2], "inflate": -0.001, "pivot": [-2.75, 24.65, 32.15], "rotation": [0, 0, 24.25], "uv": [70, 93]},
						{"origin": [-1.75, 24.6, 32.15], "size": [3.5, 2.35, 2], "uv": [13, 42]},
						{"origin": [-1.25, 26.85, 32.15], "size": [2.5, 2.35, 2], "inflate": -0.001, "uv": [86, 68]},
						{"origin": [-0.75, 26.85, 29.15], "size": [1.5, 2.35, 3], "inflate": 0.001, "uv": [70, 78]},
						{"origin": [1.6, 13.4, 27.15], "size": [1.05, 3.5, 2.75], "inflate": -0.001, "pivot": [2.65, 16.9, 29.9], "rotation": [0, 15.25, 0], "uv": [0, 93]},
						{"origin": [-1.9, 13.4, 27.15], "size": [3.8, 3.5, 2.75], "uv": [107, 15]},
						{"origin": [-2.65, 13.4, 27.15], "size": [1.05, 3.5, 2.75], "inflate": -0.001, "pivot": [-2.65, 16.9, 29.9], "rotation": [0, -15.25, 0], "uv": [88, 78]},
						{"origin": [-1.25, 21.65, 30.65], "size": [2.5, 5.8, 1.5], "inflate": -0.001, "uv": [0, 68]},
						{"origin": [-0.7, 23.05, -61.35], "size": [3.5, 3.75, 51.4], "inflate": 0.001, "pivot": [2.8, 26.8, -61.35], "rotation": [0, 0, -8.25], "uv": [135, 1]},
						{"origin": [1.3, 23.05, 4.65], "size": [1.5, 3.75, 4.9], "inflate": 0.002, "pivot": [2.8, 26.8, 4.65], "rotation": [0, 0, -8.25], "uv": [13, 35]},
						{"origin": [1.3, 22.175, 1.575], "size": [1.5, 2.7, 1.5], "pivot": [2.8, 26.8, 1.9], "rotation": [40.25, 0, -8.25], "uv": [81, 165]},
						{"origin": [-2.8, 22.175, 1.575], "size": [1.5, 2.7, 1.5], "pivot": [-2.8, 26.8, 1.9], "rotation": [40.25, 0, 8.25], "uv": [81, 165], "mirror": true},
						{"origin": [0.3, 23.05, 9.55], "size": [2.5, 2.75, 19.9], "inflate": 0.002, "pivot": [2.8, 26.8, 9.55], "rotation": [0, 0, -8.25], "uv": [147, 136]},
						{"origin": [0.3, 23.05, 29.475], "size": [2.5, 2.75, 1.9], "inflate": 0.001, "pivot": [2.8, 26.8, 29.475], "rotation": [0, -25.5, -8.25], "uv": [98, 11]},
						{"origin": [-2.8, 23.05, 29.475], "size": [2.5, 2.75, 1.9], "inflate": 0.001, "pivot": [-2.8, 26.8, 29.475], "rotation": [0, 25.5, 8.25], "uv": [98, 8]},
						{"origin": [-2.8, 23.05, 9.55], "size": [2.5, 2.75, 19.9], "inflate": 0.002, "pivot": [-2.8, 26.8, 9.55], "rotation": [0, 0, 8.25], "uv": [80, 136]},
						{"origin": [-2.8, 23.05, 4.65], "size": [1.5, 3.75, 4.9], "inflate": 0.002, "pivot": [-2.8, 26.8, 4.65], "rotation": [0, 0, 8.25], "uv": [0, 35]},
						{"origin": [1.3, 24.9, -7.65], "size": [1.5, 1.9, 12.3], "inflate": 0.002, "pivot": [2.8, 26.8, -7.65], "rotation": [0, 0, -8.25], "uv": [70, 116]},
						{"origin": [1.3, 24.9, -8.35], "size": [1.5, 1, 1], "pivot": [2.8, 26.8, -8.35], "rotation": [0, 0, -8.25], "uv": [62, 78]},
						{"origin": [1.3, 24.2, -9.95], "size": [1.5, 1, 1], "pivot": [2.8, 26.8, -9.95], "rotation": [0, 0, -8.25], "uv": [50, 78]},
						{"origin": [1.84, 23.075, -9.975], "size": [1.5, 1, 4.3], "inflate": 0.002, "pivot": [3.35, 23.1, -9.975], "rotation": [45, 0, -8.25], "uv": [46, 105]},
						{"origin": [-3.34, 23.075, -9.975], "size": [1.5, 1, 4.3], "inflate": 0.002, "pivot": [-3.35, 23.1, -9.975], "rotation": [45, 0, 8.25], "uv": [4, 103]},
						{"origin": [-2.8, 24.2, -9.95], "size": [1.5, 1, 1], "pivot": [-2.8, 26.8, -9.95], "rotation": [0, 0, 8.25], "uv": [62, 76]},
						{"origin": [-2.8, 24.9, -7.65], "size": [1.5, 1.9, 12.3], "inflate": 0.002, "pivot": [-2.8, 26.8, -7.65], "rotation": [0, 0, 8.25], "uv": [38, 115]},
						{"origin": [-2.8, 24.9, -8.35], "size": [1.5, 1, 1], "pivot": [-2.8, 26.8, -8.35], "rotation": [0, 0, 8.25], "uv": [77, 41]},
						{"origin": [-3.35, 21.225, -61.35], "size": [6.7, 1.875, 51.4], "inflate": 0.003, "uv": [72, 0]},
						{"origin": [-2, -8.525, -58.6], "size": [4, 28.475, 4.4], "inflate": 0.002, "pivot": [2, 19.95, -58.6], "rotation": [82.75, 0, 0], "uv": [140, 160]},
						{"origin": [1, -8.525, -58.6], "size": [1, 28.475, 3.375], "inflate": 0.001, "pivot": [2, 19.95, -58.6], "rotation": [83.10133, 2.23497, 17.86527], "uv": [156, 160]},
						{"origin": [1, -8.525, -58.6], "size": [1, 2.475, 2.975], "inflate": 0.003, "pivot": [2, 19.95, -58.6], "rotation": [83.50484, 3.22802, 26.31679], "uv": [16, 88]},
						{"origin": [-2, -8.525, -58.6], "size": [1, 2.475, 2.975], "inflate": 0.003, "pivot": [-2, 19.95, -58.6], "rotation": [83.50484, -3.22802, -26.31679], "uv": [86, 72]},
						{"origin": [1, -4.525, -55.375], "size": [1, 12.475, 1.125], "pivot": [2, 19.95, -58.6], "rotation": [83.10133, 2.23497, 17.86527], "uv": [0, 103]},
						{"origin": [-2, -4.525, -55.375], "size": [1, 12.475, 1.125], "pivot": [-2, 19.95, -58.6], "rotation": [83.10133, -2.23497, -17.86527], "uv": [87, 101]},
						{"origin": [-2, -8.525, -58.6], "size": [1, 28.475, 3.375], "inflate": 0.001, "pivot": [-2, 19.95, -58.6], "rotation": [83.10133, -2.23497, -17.86527], "uv": [43, 155]},
						{"origin": [-1.8, -7.3, -49.025], "size": [3.6, 8.35, 1.4], "inflate": 0.002, "pivot": [2, 21.175, -49.025], "rotation": [76.5, 0, 0], "uv": [0, 0]},
						{"origin": [-1.8, 14.525, -21.325], "size": [3.6, 1.475, 10.15], "inflate": 0.002, "uv": [116, 52]},
						{"origin": [0.8, -7.3, -49.025], "size": [1, 8.325, 2.6], "inflate": 0.002, "pivot": [1.8, 21.175, -49.025], "rotation": [77.40835, 4.90811, 20.95817], "uv": [70, 102]},
						{"origin": [0.8, -11.25, -52.225], "size": [1, 4.275, 1.775], "inflate": 0.001, "pivot": [1.8, 21.175, -49.025], "rotation": [84.90835, 4.90811, 20.95817], "uv": [43, 68]},
						{"origin": [-1.8, -11.25, -52.225], "size": [1, 4.275, 1.775], "inflate": 0.001, "pivot": [-1.8, 21.175, -49.025], "rotation": [84.90835, -4.90811, -20.95817], "uv": [32, 68]},
						{"origin": [-1.8, -7.3, -49.025], "size": [1, 8.325, 2.6], "inflate": 0.002, "pivot": [-1.8, 21.175, -49.025], "rotation": [77.40835, -4.90811, -20.95817], "uv": [13, 47]},
						{"origin": [-2, 18.475, -58.6], "size": [4, 1.475, 3], "inflate": 0.002, "pivot": [2, 19.95, -58.6], "rotation": [154.75, 0, 0], "uv": [52, 23]},
						{"origin": [-3.35, 13.7, -36.95], "size": [6.7, 7.55, 1.4], "inflate": 0.002, "pivot": [2.8, 21.2, -36.95], "rotation": [65.75, 0, 0], "uv": [52, 15]},
						{"origin": [-3.35, 18.375, -30.125], "size": [6.7, 1.5, 4.825], "inflate": 0.001, "pivot": [2.8, 18.375, -30.125], "rotation": [40.5, 0, 0], "uv": [22, 60]},
						{"origin": [-2.975, 16.3, -25.95], "size": [5.95, 1.5, 1.675], "inflate": 0.002, "pivot": [2.8, 16.3, -29.1], "rotation": [40.5, 0, 0], "uv": [18, 27]},
						{"origin": [-3.35, 13.7, -35.55], "size": [6.7, 4.475, 2.05], "inflate": 0.002, "pivot": [2.8, 21.2, -36.95], "rotation": [65.75, 0, 0], "uv": [0, 86]},
						{"origin": [-2.8, 23.05, -61.35], "size": [3.5, 3.75, 51.4], "inflate": 0.002, "pivot": [-2.8, 26.8, -61.35], "rotation": [0, 0, 8.25], "uv": [0, 135]},
						{"origin": [-1.55, 26.375, -56.85], "size": [3.1, 2.75, 66.4], "inflate": 0.002, "uv": [0, 0]},
						{"origin": [-1.55, 26.625, 9.55], "size": [3.1, 2.75, 21.4], "inflate": 0.002, "uv": [70, 93]},
						{"origin": [-0.175, 27.625, 9.55], "size": [1.725, 1.75, 21.4], "pivot": [1.55, 29.375, 9.55], "rotation": [0, 0, -39], "uv": [140, 55]},
						{"origin": [0.925, 25.775, 9.55], "size": [1.725, 2.225, 21.4], "inflate": 0.001, "pivot": [2.65, 28, 9.55], "rotation": [0, 0, -3.75], "uv": [101, 136]},
						{"origin": [-2.65, 25.775, 9.55], "size": [1.725, 2.225, 21.4], "inflate": 0.001, "pivot": [-2.65, 28, 9.55], "rotation": [0, 0, 3.75], "uv": [57, 136]},
						{"origin": [-1.55, 27.625, 9.55], "size": [1.725, 1.75, 21.4], "pivot": [-1.55, 29.375, 9.55], "rotation": [0, 0, 39], "uv": [124, 138]},
						{"origin": [-1.55, 26.375, -61.9], "size": [3.1, 2.75, 5.05], "inflate": 0.002, "pivot": [1.55, 29.125, -56.85], "rotation": [27.25, 0, 0], "uv": [97, 93]},
						{"origin": [0.15, 25.2, -56.85], "size": [2.65, 1.6, 66.4], "inflate": 0.002, "pivot": [2.8, 26.8, -56.85], "rotation": [0, 0, 61.7], "uv": [70, 69]},
						{"origin": [1.65, 25.2, -59.6], "size": [1.15, 1.6, 2.75], "inflate": 0.002, "pivot": [2.8, 26.8, -56.85], "rotation": [0, 0, 61.7], "uv": [0, 98]},
						{"origin": [-2.8, 25.2, -59.6], "size": [1.15, 1.6, 2.75], "inflate": 0.002, "pivot": [-2.8, 26.8, -56.85], "rotation": [0, 0, -61.7], "uv": [70, 97]},
						{"origin": [0.5, 25.2, -58.575], "size": [1.45, 1.6, 2.975], "inflate": 0.001, "pivot": [2.8, 26.8, -56.85], "rotation": [0, -27.5, 61.7], "uv": [98, 3]},
						{"origin": [-1.95, 25.2, -58.575], "size": [1.45, 1.6, 2.975], "inflate": 0.001, "pivot": [-2.8, 26.8, -56.85], "rotation": [0, 27.5, -61.7], "uv": [98, 0]},
						{"origin": [-2.8, 25.2, -56.85], "size": [2.65, 1.6, 66.4], "inflate": 0.002, "pivot": [-2.8, 26.8, -56.85], "rotation": [0, 0, -61.7], "uv": [0, 68]},
						{"origin": [2.6, 28.725, -11.35], "size": [2, 2, 5.7], "inflate": -0.099, "pivot": [4.6, 30.725, -11.35], "rotation": [0, 0, -27.25], "uv": [98, 32]},
						{"origin": [4.325, 28.725, -9.775], "size": [1, 1, 3.7], "inflate": 0.001, "pivot": [5.325, 30.725, -9.775], "rotation": [0, 0, -27.25], "uv": [70, 83]},
						{"origin": [4.325, 28.775, -11.05], "size": [1, 1, 1.7], "inflate": -0.1, "pivot": [5.325, 30.775, -11.05], "rotation": [0, 0, -27.25], "uv": [62, 35]},
						{"origin": [4.875, 27.05, -11.1], "size": [1, 2.7, 1], "inflate": -0.1, "pivot": [5.875, 29.75, -11.1], "rotation": [-32.60199, 22.23902, -7.30125], "uv": [52, 51]},
						{"origin": [4.7, 21.45, -12.15], "size": [1, 6.4, 1], "inflate": -0.1, "pivot": [5.7, 27.85, -12.15], "rotation": [-61.36121, 24.63298, -3.86639], "uv": [59, 68]},
						{"origin": [3.1, -6.35, -16.3], "size": [1, 31.05, 1], "inflate": -0.1, "pivot": [4.1, 24.7, -16.3], "rotation": [-90, 0, 17.25], "uv": [164, 160]},
						{"origin": [2.7, 22.575, -17.35], "size": [1.5, 2.05, 1.225], "pivot": [4.2, 24.625, -17.25], "rotation": [-90, 0, 17.25], "uv": [52, 35]},
						{"origin": [2.7, 23.9, -41.35], "size": [1.5, 2.05, 1.225], "pivot": [4.2, 24.625, -41.25], "rotation": [-90, 0, 17.25], "uv": [34, 51]},
						{"origin": [3.1, 17.7, -47.3], "size": [1, 7, 1], "inflate": -0.1, "pivot": [4.1, 24.7, -47.3], "rotation": [-28.07555, -11.0311, -2.4839], "uv": [24, 17]},
						{"origin": [8.075, 18.4, -47.3], "size": [1, 1.525, 1], "inflate": -0.101, "pivot": [4.1, 24.7, -47.3], "rotation": [-27.89965, 11.50039, 37.88429], "uv": [62, 28]},
						{"origin": [4.525, 28.825, -9.775], "size": [1.425, 1, 3.7], "pivot": [5.95, 30.825, -9.775], "rotation": [0, 0, 10.25], "uv": [72, 41]},
						{"origin": [4.05, 28.5, -9.775], "size": [1.425, 1, 3.7], "inflate": -0.001, "pivot": [5.475, 30.5, -9.775], "rotation": [0, 0, 2.75], "uv": [18, 60]},
						{"origin": [1.9, 28.7, -11.35], "size": [2.75, 2, 5.7], "inflate": -0.101, "pivot": [4.55, 30.6, -11.35], "rotation": [0, 0, 7.25], "uv": [98, 25]},
						{"origin": [1.15, 28.075, -11.35], "size": [2.75, 2, 5.7], "inflate": -0.1, "pivot": [3.8, 28.175, -11.35], "rotation": [0, 0, -7.25], "uv": [98, 15]},
						{"origin": [2.6, 28.725, -13.05], "size": [2, 2, 7.9], "inflate": -0.3, "pivot": [4.6, 30.725, -12.55], "rotation": [0, 0, -27.25], "uv": [46, 96]},
						{"origin": [-0.95, 32.725, -8.3], "size": [1.9, 1, 9.75], "uv": [88, 52]},
						{"origin": [-1.75, 30.8, 4.55], "size": [3.5, 1.775, 1], "pivot": [-1.75, 32.525, 2.2], "rotation": [-67.5, 0, 0], "uv": [88, 59]},
						{"origin": [-2.1, 28.4, 3.1], "size": [4.2, 1, 1.05], "pivot": [-1.75, 29.4, 4.15], "rotation": [0, 0, 0], "uv": [88, 62]},
						{"origin": [-2.1, 28.4, 2.7], "size": [4.2, 1, 1.45], "pivot": [-1.75, 29.4, 4.15], "rotation": [-31.25, 0, 0], "uv": [52, 28]},
						{"origin": [-0.5, 28.975, -55.125], "size": [1, 4.05, 1.325], "uv": [72, 0]},
						{"origin": [-0.5, 29.675, -53.825], "size": [1, 1, 2.375], "inflate": -0.001, "pivot": [0.5, 30.675, -53.825], "rotation": [-51.75, 0, 0], "uv": [99, 57]},
						{"origin": [0.875, 28.25, -16.05], "size": [1, 4.675, 18.9], "inflate": -0.1, "pivot": [1.775, 33.525, -14.45], "rotation": [0, 0, -11], "uv": [96, 68]},
						{"origin": [0.875, 28.25, 2.65], "size": [1, 1, 2.775], "inflate": -0.1, "pivot": [1.775, 33.525, -15.825], "rotation": [0, 0, -11], "uv": [36, 97]},
						{"origin": [0.875, 31.05, 3.55], "size": [1, 1.975, 4.3], "inflate": -0.101, "pivot": [1.775, 33.525, 3.15], "rotation": [-68.31126, 0, -11], "uv": [99, 52]},
						{"origin": [0.875, 30.775, 3.975], "size": [1, 1.075, 3.4], "inflate": -0.102, "pivot": [1.775, 33.525, 2.225], "rotation": [-35.31126, 0, -11], "uv": [84, 25]},
						{"origin": [-1.875, 31.05, 3.55], "size": [1, 1.975, 4.3], "inflate": -0.101, "pivot": [-1.775, 33.525, 3.15], "rotation": [-68.31126, 0, 11], "uv": [80, 93]},
						{"origin": [-1.05, 33.125, -16.05], "size": [2.1, 1.075, 8.55], "inflate": -0.1, "uv": [72, 15]},
						{"origin": [1.975, 15.45, -17.1], "size": [1, 2.975, 8.1], "inflate": 0.001, "uv": [0, 93]},
						{"origin": [-2, 15.2, -20.15], "size": [4, 3.4, 10.9], "uv": [108, 111]},
						{"origin": [1.975, 13.95, -17.1], "size": [1, 1.5, 8.1], "inflate": -0.001, "pivot": [2.975, 15.45, -17.1], "rotation": [0, 0, 50.75], "uv": [96, 77]},
						{"origin": [1.975, 18.425, -26.4], "size": [1, 2.175, 16.5], "uv": [97, 93]},
						{"origin": [-3.85, 16.425, -19.825], "size": [7.7, 1, 4.2], "inflate": -0.1, "pivot": [3.5, 20.525, -19.725], "rotation": [-19.25, 0, 0], "uv": [0, 60]},
						{"origin": [-3.85, 19.625, -19.825], "size": [7.7, 1, 4.2], "inflate": -0.1, "pivot": [3.5, 20.525, -19.725], "rotation": [-19.25, 0, 0], "uv": [34, 51]},
						{"origin": [-3.85, 17.225, -19.825], "size": [7.7, 2.6, 1], "inflate": -0.1, "pivot": [3.5, 20.525, -19.725], "rotation": [-19.25, 0, 0], "uv": [70, 88]},
						{"origin": [-3.85, 17.225, -16.625], "size": [7.7, 2.6, 1], "inflate": -0.1, "pivot": [3.5, 20.525, -19.725], "rotation": [-19.25, 0, 0], "uv": [50, 60]},
						{"origin": [-3.75, 17.225, -19.025], "size": [7.5, 2.6, 2.6], "inflate": -0.1, "pivot": [3.5, 20.525, -19.725], "rotation": [-19.25, 0, 0], "uv": [0, 26]},
						{"origin": [4.325, 17.075, -16.1], "size": [1, 3.425, 3], "pivot": [3.75, 20.525, -19.725], "rotation": [-20.88318, -22.34785, 8.25417], "uv": [58, 51]},
						{"origin": [-5.325, 17.075, -16.1], "size": [1, 3.425, 3], "pivot": [-3.75, 20.525, -19.725], "rotation": [-20.88318, 22.34785, -8.25417], "uv": [13, 0]},
						{"origin": [1.975, 15.975, -11.375], "size": [1, 2.175, 2.775], "inflate": -0.001, "pivot": [2.975, 18.15, -8.6], "rotation": [-49, 0, 0], "uv": [58, 90]},
						{"origin": [1.975, 15.975, -9.65], "size": [1, 2.175, 1.05], "pivot": [2.975, 18.15, -8.6], "rotation": [-13.75, 0, 0], "uv": [0, 60]},
						{"origin": [-2.975, 15.975, -9.65], "size": [1, 2.175, 1.05], "pivot": [-2.975, 18.15, -8.6], "rotation": [-13.75, 0, 0], "uv": [7, 54]},
						{"origin": [-2.975, 15.975, -11.375], "size": [1, 2.175, 2.775], "inflate": -0.001, "pivot": [-2.975, 18.15, -8.6], "rotation": [-49, 0, 0], "uv": [90, 45]},
						{"origin": [-2.975, 18.425, -26.4], "size": [1, 2.175, 16.5], "uv": [32, 68]},
						{"origin": [-2.975, 15.45, -17.1], "size": [1, 2.975, 8.1], "inflate": 0.001, "uv": [48, 86]},
						{"origin": [-2.975, 15.45, -17.1], "size": [5.95, 10.875, 1.3], "inflate": -0.001, "pivot": [-2.975, 15.45, -17.1], "rotation": [73, 0, 0], "uv": [34, 15]},
						{"origin": [-2.975, 16.65, -17.1], "size": [5.95, 6.35, 1.875], "inflate": -0.002, "pivot": [-2.975, 16.65, -17.1], "rotation": [73, 0, 0], "uv": [72, 52]},
						{"origin": [1.975, 15.45, -18.6], "size": [1, 11.7, 1.5], "pivot": [2.975, 15.45, -17.1], "rotation": [79.05207, 13.08583, 49.49055], "uv": [80, 102]},
						{"origin": [-2.975, 15.45, -18.6], "size": [1, 11.7, 1.5], "pivot": [-2.975, 15.45, -17.1], "rotation": [79.05207, -13.08583, -49.49055], "uv": [76, 102]},
						{"origin": [-2.975, 13.95, -17.1], "size": [1, 1.5, 8.1], "inflate": -0.001, "pivot": [-2.975, 15.45, -17.1], "rotation": [0, 0, -50.75], "uv": [96, 68]},
						{"origin": [1.225, 20.95, -9.6], "size": [1, 1.75, 5.25], "uv": [81, 78]},
						{"origin": [-2.225, 20.95, -9.6], "size": [1, 1.75, 22], "uv": [135, 0]},
						{"origin": [0.95, 20.7, -9.6], "size": [1.25, 1, 22], "pivot": [2.2, 21.7, -9.6], "rotation": [0, 0, -18], "uv": [135, 23]},
						{"origin": [-2.2, 20.7, -9.6], "size": [1.25, 1, 22], "pivot": [-2.2, 21.7, -9.6], "rotation": [0, 0, 18], "uv": [0, 135]},
						{"origin": [1.225, 20.95, 2.9], "size": [1, 1.75, 9.5], "uv": [70, 78]},
						{"origin": [1.525, 22, -4.65], "size": [1, 1, 7.85], "inflate": -0.3, "uv": [50, 68]},
						{"origin": [-2.975, 23.275, -6.6], "size": [5.95, 1.5, 2.25], "inflate": 0.001, "uv": [52, 11]},
						{"origin": [1.975, 21.275, -6.6], "size": [1, 2, 2.25], "pivot": [2.975, 23.275, -6.6], "rotation": [0, 0, 55.25], "uv": [36, 93]},
						{"origin": [-2.975, 21.275, -6.6], "size": [1, 2, 2.25], "pivot": [-2.975, 23.275, -6.6], "rotation": [0, 0, -55.25], "uv": [26, 93]},
						{"origin": [0.91, 32.825, -15.95], "size": [1, 1.575, 8.35], "pivot": [1.9, 32.825, -14.45], "rotation": [0, 0, -37], "uv": [70, 93]},
						{"origin": [0.91, 33.25, -7.4], "size": [1, 1.15, 1.025], "inflate": -0.001, "pivot": [1.9, 32.825, -6.975], "rotation": [42.75, 0, -37], "uv": [61, 43]},
						{"origin": [-1.91, 33.25, -7.4], "size": [1, 1.15, 1.025], "inflate": -0.001, "pivot": [-1.9, 32.825, -6.975], "rotation": [42.75, 0, 37], "uv": [38, 60]},
						{"origin": [-1.91, 33.25, -2.425], "size": [1, 1.15, 1.025], "inflate": -0.001, "pivot": [-1.9, 32.825, -1.825], "rotation": [-42.75, 0, 37], "uv": [42, 35]},
						{"origin": [0.91, 33.25, -2.425], "size": [1, 1.15, 1.025], "inflate": -0.001, "pivot": [1.9, 32.825, -1.825], "rotation": [-42.75, 0, -37], "uv": [52, 56]},
						{"origin": [1.01, 32.725, -7.7], "size": [1, 1, 6.65], "inflate": -0.1, "pivot": [1.9, 32.825, -6.1], "rotation": [0, 0, -37], "uv": [10, 93]},
						{"origin": [-1.91, 32.825, -7.6], "size": [1, 1, 6.45], "pivot": [-1.9, 32.825, -6.1], "rotation": [0, 0, 37], "uv": [16, 20]},
						{"origin": [-1.91, 32.825, -15.95], "size": [1, 1.575, 8.35], "pivot": [-1.9, 32.825, -14.45], "rotation": [0, 0, 37], "uv": [26, 93]},
						{"origin": [-1.05, 33.125, -1.3], "size": [2.1, 1.075, 3.575], "inflate": -0.1, "uv": [0, 42]},
						{"origin": [-1.05, 33.125, 2.075], "size": [2.1, 1.075, 1.2], "inflate": -0.1, "pivot": [-1.05, 34.1, 2.175], "rotation": [-68.5, 0, 0], "uv": [18, 0]},
						{"origin": [1.01, 33, 1.85], "size": [1, 1.6, 1], "inflate": -0.101, "pivot": [1.9, 32.825, 2.75], "rotation": [19.83031, 0, -37], "uv": [50, 76]},
						{"origin": [-2.01, 33, 1.85], "size": [1, 1.6, 1], "inflate": -0.101, "pivot": [-1.9, 32.825, 2.75], "rotation": [19.83031, 0, 37], "uv": [38, 62]},
						{"origin": [-2.01, 32.725, -1.3], "size": [1, 1.775, 3.575], "inflate": -0.1, "pivot": [-1.9, 32.825, -1.2], "rotation": [0, 0, 37], "uv": [58, 86]},
						{"origin": [1.01, 32.725, -1.3], "size": [1, 1.775, 3.575], "inflate": -0.1, "pivot": [1.9, 32.825, -1.2], "rotation": [0, 0, -37], "uv": [84, 29]},
						{"origin": [1.01, 33.15, -5.8], "size": [1, 3.5, 2.825], "inflate": -0.3, "pivot": [1.7, 33.75, -5.5], "rotation": [0, 0, -11.5], "uv": [50, 68]},
						{"origin": [-1.74, 32.775, -5.7], "size": [3.5, 1.8, 2.625], "inflate": -0.3, "uv": [55, 63]},
						{"origin": [-2.065, 33.7, -5.7], "size": [1.35, 1.05, 2.625], "inflate": -0.301, "pivot": [-1.1, 33.85, -5.4], "rotation": [0, 0, 47], "uv": [96, 71]},
						{"origin": [0.715, 33.7, -5.7], "size": [1.35, 1.05, 2.625], "inflate": -0.301, "pivot": [1.1, 33.85, -5.4], "rotation": [0, 0, -47], "uv": [96, 68]},
						{"origin": [0.51, 35.975, -5.8], "size": [1, 1.4, 2.825], "inflate": -0.301, "pivot": [1.2, 36.275, -5.5], "rotation": [0, 0, -56], "uv": [96, 80]},
						{"origin": [-1.51, 35.975, -5.8], "size": [1, 1.4, 2.825], "inflate": -0.301, "pivot": [-1.2, 36.275, -5.5], "rotation": [0, 0, 56], "uv": [96, 77]},
						{"origin": [-2.01, 33.15, -5.8], "size": [1, 3.5, 2.825], "inflate": -0.3, "pivot": [-1.7, 33.75, -5.5], "rotation": [0, 0, 11.5], "uv": [12, 68]},
						{"origin": [-1.075, 18.875, -15.95], "size": [2.1, 15.425, 2.45], "inflate": -0.1, "pivot": [1.025, 34.2, -15.95], "rotation": [-75.75, 0, 0], "uv": [22, 0]},
						{"origin": [-1.075, 27.23, -30.7], "size": [2.1, 3.325, 2.45], "inflate": -0.1, "pivot": [1.025, 30.47, -30.7], "rotation": [-44, 0, 0], "uv": [72, 36]},
						{"origin": [0.875, 17.325, -15.95], "size": [1, 15.275, 1], "inflate": 0.001, "pivot": [1.875, 32.6, -15.95], "rotation": [-76.0368, 2.87327, -11.39807], "uv": [90, 0]},
						{"origin": [0.875, 22.975, -13.55], "size": [1, 9.625, 1.85], "inflate": 0.002, "pivot": [1.875, 32.6, -15.95], "rotation": [-89.5368, 2.87327, -11.39807], "uv": [14, 103]},
						{"origin": [0.875, 26.15, -15.35], "size": [1, 6.45, 1.775], "pivot": [1.875, 32.6, -15.95], "rotation": [-73.7868, 2.87327, -11.39807], "uv": [92, 52]},
						{"origin": [-1.875, 26.15, -15.35], "size": [1, 6.45, 1.775], "pivot": [-1.875, 32.6, -15.95], "rotation": [-73.7868, -2.87327, 11.39807], "uv": [88, 52]},
						{"origin": [-1.975, 18.775, -12.725], "size": [1, 5.325, 1.125], "inflate": -0.1, "pivot": [-1.875, 32.6, -15.95], "rotation": [-89.5368, -2.87327, 11.39807], "uv": [18, 93]},
						{"origin": [0.975, 18.775, -12.725], "size": [1, 5.325, 1.125], "inflate": -0.1, "pivot": [1.875, 32.6, -15.95], "rotation": [-89.5368, 2.87327, -11.39807], "uv": [10, 93]},
						{"origin": [-1.875, 22.975, -13.55], "size": [1, 9.625, 1.85], "inflate": 0.002, "pivot": [-1.875, 32.6, -15.95], "rotation": [-89.5368, -2.87327, 11.39807], "uv": [19, 47]},
						{"origin": [-1.875, 17.325, -15.95], "size": [1, 15.275, 1], "inflate": 0.001, "pivot": [-1.875, 32.6, -15.95], "rotation": [-76.0368, -2.87327, 11.39807], "uv": [18, 68]},
						{"origin": [-1.875, 28.25, -16.05], "size": [1, 4.675, 18.9], "inflate": -0.1, "pivot": [-1.775, 33.525, -14.45], "rotation": [0, 0, 11], "uv": [26, 93]},
						{"origin": [-1.875, 30.775, 3.975], "size": [1, 1.075, 3.4], "inflate": -0.102, "pivot": [-1.775, 33.525, 2.225], "rotation": [-35.31126, 0, 11], "uv": [15, 84]},
						{"origin": [-1.875, 28.25, 2.65], "size": [1, 1, 2.775], "inflate": -0.1, "pivot": [-1.775, 33.525, -15.825], "rotation": [0, 0, 11], "uv": [26, 97]},
						{"origin": [0.825, 17.75, -17.7], "size": [1.05, 14.85, 1.75], "pivot": [1.875, 32.6, -15.95], "rotation": [-77.97596, 7.70454, -32.18737], "uv": [18, 100]},
						{"origin": [-1.875, 17.75, -17.7], "size": [1.05, 14.85, 1.75], "pivot": [-1.875, 32.6, -15.95], "rotation": [-77.97596, -7.70454, 32.18737], "uv": [92, 25]},
						{"origin": [-1.5, 17.65, -3.35], "size": [3, 1.75, 2.25], "inflate": 0.001, "uv": [80, 98]},
						{"origin": [-1.5, 13.625, -3.35], "size": [3, 5.775, 1.25], "inflate": -0.002, "pivot": [1.5, 19.4, -3.35], "rotation": [-76.75, 0, 0], "uv": [72, 15]},
						{"origin": [-1.6, 13.675, -3.45], "size": [3.2, 1, 1.85], "inflate": -0.101, "uv": [57, 96]},
						{"origin": [-1.6, 13.675, -4.05], "size": [3.2, 1, 1.4], "inflate": -0.1, "pivot": [1.5, 13.675, -3.05], "rotation": [38, 0, 0], "uv": [48, 90]},
						{"origin": [-1.6, 13.175, -8.35], "size": [3.2, 1, 5.2], "inflate": -0.101, "uv": [32, 86]},
						{"origin": [-1.6, 12.475, -8.3], "size": [3.2, 1, 3.25], "inflate": -0.1, "uv": [83, 41]},
						{"origin": [-1.85, 11.95, -9.35], "size": [3.7, 1.25, 4], "inflate": -0.1, "uv": [97, 100]},
						{"origin": [-1.6, 13.85, -6.85], "size": [3.2, 1, 6.75], "inflate": -0.099, "pivot": [1.5, 13.85, -1.1], "rotation": [19.5, 0, 0], "uv": [98, 8]},
						{"origin": [-0.75, 14.225, -4.9], "size": [1.5, 4, 1], "inflate": -0.1, "pivot": [1, 14.225, -3.9], "rotation": [-21, 0, 0], "uv": [81, 78]},
						{"origin": [-1.6, 12.65, -9.35], "size": [3.2, 5, 1.25], "inflate": -0.101, "uv": [72, 25]},
						{"origin": [-1, 23.475, -72.925], "size": [2, 2, 12.6], "inflate": -0.1, "pivot": [0, 24.475, -72.925], "rotation": [0, 0, -20], "uv": [100, 52]},
						{"origin": [-0.4, 25.55, -73.275], "size": [1, 1, 11.8], "inflate": -0.3, "pivot": [0.6, 25.75, -72.925], "rotation": [0, 0, -20], "uv": [0, 47]},
						{"origin": [-2.1, 25.55, -73.675], "size": [3.4, 1, 1], "inflate": -0.3, "pivot": [0.6, 25.75, -72.925], "rotation": [0, 0, -20], "uv": [70, 74]},
						{"origin": [-2.1, 23.15, -73.675], "size": [3.4, 1, 1], "inflate": -0.3, "pivot": [0.6, 25.75, -72.925], "rotation": [0, 0, -20], "uv": [72, 31]},
						{"origin": [0.3, 23.55, -73.675], "size": [1, 2.6, 1], "inflate": -0.3, "pivot": [0.6, 25.75, -72.925], "rotation": [0, 0, -20], "uv": [7, 42]},
						{"origin": [-2.1, 23.55, -73.675], "size": [1, 2.6, 1], "inflate": -0.3, "pivot": [0.6, 25.75, -72.925], "rotation": [0, 0, -20], "uv": [19, 35]},
						{"origin": [0.3, 23.55, -62.075], "size": [1, 2.6, 1], "inflate": -0.3, "pivot": [0.6, 25.75, -72.925], "rotation": [0, 0, -20], "uv": [6, 35]},
						{"origin": [-2.1, 25.55, -62.075], "size": [3.4, 1, 1], "inflate": -0.3, "pivot": [0.6, 25.75, -72.925], "rotation": [0, 0, -20], "uv": [13, 6]},
						{"origin": [-2.1, 23.55, -62.075], "size": [1, 2.6, 1], "inflate": -0.3, "pivot": [0.6, 25.75, -72.925], "rotation": [0, 0, -20], "uv": [13, 35]},
						{"origin": [-2.1, 23.15, -62.075], "size": [3.4, 1, 1], "inflate": -0.3, "pivot": [0.6, 25.75, -72.925], "rotation": [0, 0, -20], "uv": [72, 21]},
						{"origin": [-0.4, 22.975, -73.275], "size": [1, 1, 11.8], "inflate": -0.3, "pivot": [0.6, 22.775, -72.925], "rotation": [0, 0, -20], "uv": [0, 35]},
						{"origin": [2.225, 17.175, -61.925], "size": [2, 2, 12.675], "pivot": [3.225, 18.175, -61.925], "rotation": [0, 0, -20], "uv": [72, 52]},
						{"origin": [2.7, 18.1, -57.025], "size": [1.5, 3.175, 1], "uv": [0, 35]},
						{"origin": [2.7, 20.1, -57.025], "size": [1.5, 1.175, 1], "inflate": -0.001, "pivot": [4.2, 21.275, -57.025], "rotation": [0, 0, 53.25], "uv": [62, 37]},
						{"origin": [2.725, 17.575, -68.925], "size": [1, 1, 9.85], "inflate": -0.3, "pivot": [3.225, 18.175, -68.925], "rotation": [0, 0, -20], "uv": [72, 36]},
						{"origin": [-10.485, 11.51, -50.15], "size": [16.875, 13.7, 28.825], "inflate": -7, "pivot": [8.025, 19.775, -35.375], "rotation": [0, 0, 61.7], "uv": [148, 202]},
						{"origin": [-3.36, 18.445, -50.15], "size": [14.225, 16.05, 28.825], "inflate": -7, "pivot": [8.025, 19.775, -35.375], "rotation": [0, 0, -8.25], "uv": [11, 209]}
					]
				},
				{
					"name": "glowy",
					"parent": "gun",
					"pivot": [3.5, 20.525, -19.725],
					"cubes": [
						{"origin": [-4.075, 18, -17.475], "size": [8.15, 1, 1.4], "inflate": -0.3, "pivot": [3.5, 19.2, -15.925], "rotation": [13.25, 0, 0], "uv": [34, 28]},
						{"origin": [-4.075, 19.325, -19.575], "size": [8.15, 1, 1.4], "inflate": -0.3, "pivot": [3.5, 20.525, -19.725], "rotation": [-53.5, 0, 0], "uv": [34, 56]},
						{"origin": [-4.075, 16.15, -18.225], "size": [8.15, 1.4, 1], "inflate": -0.3, "pivot": [3.5, 20.525, -19.725], "rotation": [-19.25, 0, 0], "uv": [72, 46]},
						{"origin": [-1.75, 30.75, 1.65], "size": [3.5, 1.775, 2.975], "pivot": [-1.75, 32.525, 2.2], "rotation": [-67.5, 0, 0], "uv": [81, 84]}
					]
				},
				{
					"name": "action",
					"parent": "main",
					"pivot": [3.05, 22.5, -4.175],
					"cubes": [
						{"origin": [3.3, 21.475, -3.075], "size": [1, 1, 1.8], "inflate": -0.1, "pivot": [4.2, 22.375, -2.975], "rotation": [0, -63.25, 0], "uv": [75, 78]},
						{"origin": [2.3, 21.475, -4.175], "size": [2, 1, 1.3], "inflate": -0.099, "uv": [50, 73]},
						{"origin": [1.05, 21.5, -4.175], "size": [2, 1, 1.875], "inflate": -0.2, "uv": [50, 63]}
					]
				},
				{
					"name": "magazine",
					"parent": "main",
					"pivot": [1.9, 14.4, -18.175],
					"cubes": [
						{"origin": [-1.3, 2.15, -21.425], "size": [2.6, 17.25, 9.95], "inflate": -0.001, "uv": [0, 0]},
						{"origin": [-1.9, 2.15, -18.175], "size": [3.8, 12.25, 6.75], "inflate": 0.001, "uv": [0, 68]},
						{"origin": [-1.9, 0.9, -18.175], "size": [3.8, 1.25, 3.5], "uv": [83, 37]},
						{"origin": [-1.65, 0.9, -22.025], "size": [3.3, 1.25, 3.85], "uv": [52, 43]},
						{"origin": [-1.4, 2.15, -21.675], "size": [2.8, 2.5, 3.5], "uv": [56, 105]},
						{"origin": [-1.9, 0.9, -14.675], "size": [3.8, 1.3, 3.475], "inflate": -0.001, "pivot": [1.9, 0.9, -14.675], "rotation": [21.25, 0, 0], "uv": [72, 59]}
					]
				},
				{
					"name": "rightarm",
					"parent": "main",
					"pivot": [-4.3, 8.8, 21.8],
					"rotation": [-101.81106, -12.40003, -2.46982],
					"cubes": [
						{"origin": [-8.3, -15.2, 17.8], "size": [8, 24, 8], "uv": [108, 160]}
					]
				},
				{
					"name": "leftarm",
					"parent": "main",
					"pivot": [10.3, 4.3, -17.375],
					"rotation": [-134.1508, -1.1848, -33.1648],
					"cubes": [
						{"origin": [6.3, -19.7, -21.375], "size": [8, 24, 8], "uv": [140, 97]}
					]
				},
				{
					"name": "scope",
					"parent": "main",
					"pivot": [0, 35.375, 7.25],
					"cubes": [
						{"origin": [-0.5, 34.875, 6.95], "size": [1, 1, 1], "inflate": -0.4, "uv": [27, 69]}
					]
				},
				{
					"name": "reticle",
					"parent": "main",
					"pivot": [0, 35.375, 4.05],
					"cubes": [
						{"origin": [-0.5, 34.875, 2.35], "size": [1, 1, 1], "uv": [32, 34]}
					]
				},
				{
					"name": "muzzleflash",
					"parent": "main",
					"pivot": [0, 24.6, -74.075],
					"cubes": [
						{"origin": [-0.5, 24.1, -74.375], "size": [1, 1, 1], "inflate": -0.4, "uv": [45, 62]}
					]
				},
				{
					"name": "_camera_",
					"pivot": [6.825, 33.725, 26.45]
				}
			]
		}
	]
}