{
	"format_version": "1.12.0",
	"minecraft:geometry": [
		{
			"description": {
				"identifier": "geometry.unknown",
				"texture_width": 64,
				"texture_height": 64,
				"visible_bounds_width": 8,
				"visible_bounds_height": 4,
				"visible_bounds_offset": [0, 1, 0]
			},
			"bones": [
				{
					"name": "ammo",
					"pivot": [1, 6.75, -11.5],
					"cubes": [
						{"origin": [-1.8, 0, -7.225], "size": [7, 8.5, 15], "pivot": [4.7, 3, -8.225], "rotation": [0, -13.5, 0], "uv": [0, 0]}
					]
				}
			]
		}
	]
}