{
	"format_version": "1.12.0",
	"minecraft:geometry": [
		{
			"description": {
				"identifier": "geometry.unknown",
				"texture_width": 200,
				"texture_height": 200,
				"visible_bounds_width": 9,
				"visible_bounds_height": 7,
				"visible_bounds_offset": [0, 1.5, 0]
			},
			"bones": [
				{
					"name": "bb_main",
					"pivot": [0, 0, 0]
				},
				{
					"name": "main",
					"pivot": [0, 20, 0]
				},
				{
					"name": "gun",
					"parent": "main",
					"pivot": [1, 11, -1],
					"cubes": [
						{"origin": [-1.75, 13.275, -1], "size": [3.5, 6.225, 4.65], "inflate": -0.001, "uv": [63, 0]},
						{"origin": [-1.75, 4.5, -0.25], "size": [3.5, 9, 5], "inflate": 0.001, "pivot": [1, 13.5, -0.25], "rotation": [14.5, 0, 0], "uv": [116, 35]},
						{"origin": [-1.25, 2.525, 2.7], "size": [2.5, 2.5, 3.5], "inflate": 0.001, "pivot": [1, 5.025, 2.7], "rotation": [19, 0, 0], "uv": [98, 112]},
						{"origin": [-1.25, 0.15, 3.525], "size": [2.5, 2.5, 2.5], "pivot": [1, 2.65, 3.525], "rotation": [66.75, 0, 0], "uv": [80, 96]},
						{"origin": [-1.75, -0.125, 9.275], "size": [3.5, 11.5, 2.6], "inflate": 0.001, "pivot": [1, 11.375, 9.275], "rotation": [-25.5, 0, 0], "uv": [99, 0]},
						{"origin": [-1.75, 9.625, 7.375], "size": [3.5, 3.15, 6.675], "inflate": 0.002, "pivot": [1, 11.375, 9.275], "rotation": [16, 0, 0], "uv": [90, 131]},
						{"origin": [-1.75, 10.975, 13.275], "size": [3.5, 13.3, 12.475], "inflate": 0.001, "uv": [45, 0]},
						{"origin": [-1.75, 11.975, 26.025], "size": [3.5, 12.3, 2.075], "inflate": 0.002, "uv": [82, 66]},
						{"origin": [-1.55, 11.225, 25.275], "size": [3.1, 13.05, 1.325], "inflate": 0.001, "uv": [32, 8]},
						{"origin": [-1.75, 19.225, 28.025], "size": [3.5, 5.05, 7.325], "inflate": 0.001, "uv": [0, 113]},
						{"origin": [-1.75, 13.225, 35.275], "size": [3.5, 11.05, 2.075], "inflate": 0.002, "uv": [80, 0]},
						{"origin": [-1.75, 10.275, 11.375], "size": [3.5, 1.2, 10.925], "uv": [66, 109]},
						{"origin": [-1.75, 4.775, 2], "size": [3.5, 6.5, 6.65], "uv": [61, 61]},
						{"origin": [-1.75, 13.9, 3.25], "size": [3.5, 2.675, 7.825], "inflate": -0.002, "pivot": [1.1, 16.575, 3.25], "rotation": [-40.5, 0, 0], "uv": [67, 96]},
						{"origin": [-1.75, 15.15, 12.1], "size": [3.5, 4.5, 6.55], "inflate": -0.002, "pivot": [1.1, 19.65, 12.1], "rotation": [22.5, 0, 0], "uv": [45, 113]},
						{"origin": [-1.75, 17.925, 3.625], "size": [3.5, 1.35, 2.65], "inflate": -0.002, "pivot": [1.2, 17.925, 3.625], "rotation": [38, 0, 0], "uv": [34, 102]},
						{"origin": [-2.25, 19.45, -7.85], "size": [4.5, 5.05, 1.75], "uv": [0, 100]},
						{"origin": [-2.25, 19.45, -6.1], "size": [4.5, 2, 19.25], "inflate": 0.001, "uv": [125, 130]},
						{"origin": [-2.25, 19.45, 13.15], "size": [4.5, 1.275, 2.375], "inflate": -0.001, "pivot": [2.5, 19.45, 13.15], "rotation": [49, 0, 0], "uv": [18, 91]},
						{"origin": [-2.25, 21.1, -5.025], "size": [4.5, 1.75, 25.5], "uv": [34, 83]},
						{"origin": [-2.45, 20.9, 20.275], "size": [4.9, 1, 3.875], "inflate": -0.201, "pivot": [2.5, 21.1, 20.475], "rotation": [19.5, 0, 0], "uv": [105, 73]},
						{"origin": [-2.45, 22.05, 20.275], "size": [4.9, 1, 3.675], "inflate": -0.199, "uv": [61, 73]},
						{"origin": [-2.45, 22.65, 22.775], "size": [4.9, 1.75, 1.175], "inflate": -0.199, "uv": [63, 10]},
						{"origin": [-2.45, 21.45, 20.225], "size": [4.9, 1, 1.975], "inflate": -0.199, "uv": [65, 31]},
						{"origin": [-2.25, 9.375, 36.725], "size": [4.5, 16.075, 2.15], "inflate": 0.001, "uv": [41, 42]},
						{"origin": [-2.25, 9.55, 38.35], "size": [4.5, 15.875, 1.55], "pivot": [2.5, 21.175, 38.35], "rotation": [-5, 0, 0], "uv": [63, 132]},
						{"origin": [-1.5, 24.85, 36.725], "size": [3, 1.85, 3.5], "inflate": -0.001, "uv": [99, 43]},
						{"origin": [-1.25, 23.125, 33.475], "size": [2.5, 1.975, 3.25], "inflate": -0.001, "uv": [95, 100]},
						{"origin": [-1.75, 10.275, 22.3], "size": [3.5, 1.4, 3.5], "inflate": -0.001, "pivot": [-1.7, 10.275, 22.3], "rotation": [11.25, 0, 0], "uv": [99, 53]},
						{"origin": [-1.75, 10.275, 26.3], "size": [3.5, 1.4, 11.7], "inflate": 0.001, "pivot": [-1.7, 10.275, 22.3], "rotation": [11.25, 0, 0], "uv": [82, 53]},
						{"origin": [1.25, 22.85, 11.975], "size": [1, 1.65, 4], "pivot": [2.25, 22.85, 11.975], "rotation": [0, 0, -5], "uv": [28, 76]},
						{"origin": [-2.25, 22.85, 11.975], "size": [1, 1.65, 4], "pivot": [-2.25, 22.85, 11.975], "rotation": [0, 0, 5], "uv": [28, 76], "mirror": true},
						{"origin": [-2.15, 22.85, 19.975], "size": [4.3, 1.4, 3], "uv": [116, 49]},
						{"origin": [-2.15, 22.45, 15.975], "size": [4.3, 1, 4], "uv": [60, 34]},
						{"origin": [-0.25, 22.85, 0.5], "size": [2.5, 1.65, 3.5], "pivot": [2.25, 22.85, 0.5], "rotation": [0, 0, -5.75], "uv": [8, 74]},
						{"origin": [-2.25, 22.85, 0.5], "size": [2.5, 1.65, 3.5], "pivot": [-2.25, 22.85, 0.5], "rotation": [0, 0, 5.75], "uv": [8, 74], "mirror": true},
						{"origin": [-1.25, 24.2, -6.35], "size": [2.5, 1.4, 30.05], "uv": [82, 35]},
						{"origin": [-1, 24.7, -6.35], "size": [2, 1.4, 30.05], "uv": [0, 82]},
						{"origin": [-1, 25.35, 22.75], "size": [2, 1, 13], "inflate": 0.001, "uv": [114, 131]},
						{"origin": [-2.275, 24.1, 20.075], "size": [4.55, 1, 15.675], "inflate": 0.001, "uv": [82, 66]},
						{"origin": [-0.5, 25.225, 22.75], "size": [1.5, 1.125, 13], "inflate": -0.001, "pivot": [1, 26.35, 22.75], "rotation": [0, 0, -36.25], "uv": [152, 130]},
						{"origin": [0.35, 24.025, 30.5], "size": [1.1, 2.925, 3.75], "inflate": -0.4, "pivot": [1.05, 26.55, 31.9], "rotation": [0, 0, -41], "uv": [72, 74]},
						{"origin": [0.9, 18.525, 30.5], "size": [1.1, 1.5, 3.75], "inflate": -0.4, "pivot": [1.6, 18.925, 31.9], "rotation": [0, 0, 41], "uv": [34, 86]},
						{"origin": [1.375, 19.05, 30.5], "size": [1.1, 4.5, 3.75], "inflate": -0.4, "pivot": [2.075, 19.45, 31.9], "rotation": [0, 0, 1], "uv": [33, 0]},
						{"origin": [-1.45, 25.825, 30.5], "size": [2.9, 1.125, 3.75], "inflate": -0.4, "uv": [95, 89]},
						{"origin": [-2, 18.525, 30.5], "size": [4, 1.125, 3.75], "inflate": -0.4, "uv": [41, 73]},
						{"origin": [1.975, 22.325, 30.5], "size": [1.1, 2.95, 3.75], "inflate": -0.4, "pivot": [2.475, 24.95, 31.9], "rotation": [0, 0, 5], "uv": [51, 61]},
						{"origin": [1.85, 24.45, 30.25], "size": [1.1, 1, 4.25], "inflate": -0.4, "pivot": [2.55, 25.05, 31.65], "rotation": [0, 0, 4], "uv": [66, 109]},
						{"origin": [1.85, 22.15, 30.25], "size": [1.1, 1, 4.25], "inflate": -0.4, "pivot": [2.55, 25.05, 31.65], "rotation": [0, 0, 4], "uv": [107, 99]},
						{"origin": [1.85, 22.35, 30.25], "size": [1.1, 2.9, 1], "inflate": -0.4, "pivot": [2.55, 25.05, 31.65], "rotation": [0, 0, 4], "uv": [61, 61]},
						{"origin": [1.85, 22.35, 33.5], "size": [1.1, 2.9, 1], "inflate": -0.4, "pivot": [2.55, 25.05, 31.65], "rotation": [0, 0, 4], "uv": [61, 54]},
						{"origin": [-2.475, 19.05, 30.5], "size": [1.1, 4.5, 3.75], "inflate": -0.4, "pivot": [-2.075, 19.45, 31.9], "rotation": [0, 0, -1], "uv": [0, 0]},
						{"origin": [-2, 18.525, 30.5], "size": [1.1, 1.5, 3.75], "inflate": -0.4, "pivot": [-1.6, 18.925, 31.9], "rotation": [0, 0, -41], "uv": [67, 83]},
						{"origin": [-3.075, 22.325, 30.5], "size": [1.1, 2.95, 3.75], "inflate": -0.4, "pivot": [-2.475, 24.95, 31.9], "rotation": [0, 0, -5], "uv": [61, 42]},
						{"origin": [-2.95, 22.35, 30.25], "size": [1.1, 2.9, 1], "inflate": -0.4, "pivot": [-2.55, 25.05, 31.65], "rotation": [0, 0, -4], "uv": [32, 60]},
						{"origin": [-2.95, 24.45, 30.25], "size": [1.1, 1, 4.25], "inflate": -0.4, "pivot": [-2.55, 25.05, 31.65], "rotation": [0, 0, -4], "uv": [107, 94]},
						{"origin": [-2.95, 22.35, 33.5], "size": [1.1, 2.9, 1], "inflate": -0.4, "pivot": [-2.55, 25.05, 31.65], "rotation": [0, 0, -4], "uv": [60, 34]},
						{"origin": [-2.95, 22.15, 30.25], "size": [1.1, 1, 4.25], "inflate": -0.4, "pivot": [-2.55, 25.05, 31.65], "rotation": [0, 0, -4], "uv": [98, 107]},
						{"origin": [-1.45, 24.025, 30.5], "size": [1.1, 2.925, 3.75], "inflate": -0.4, "pivot": [-1.05, 26.55, 31.9], "rotation": [0, 0, 41], "uv": [71, 42]},
						{"origin": [-1, 25.225, 22.75], "size": [1.5, 1.125, 13], "inflate": -0.001, "pivot": [-1, 26.35, 22.75], "rotation": [0, 0, 36.25], "uv": [33, 132]},
						{"origin": [-1.4, 25.55, 34.75], "size": [2.8, 1, 2], "inflate": 0.001, "uv": [61, 47]},
						{"origin": [-0.1, 25.425, 34.75], "size": [1.5, 1.125, 2], "inflate": -0.001, "pivot": [1.4, 26.55, 23.75], "rotation": [0, 0, -36.25], "uv": [53, 46]},
						{"origin": [-1.4, 25.425, 34.75], "size": [1.5, 1.125, 2], "inflate": -0.001, "pivot": [-1.4, 26.55, 23.75], "rotation": [0, 0, 36.25], "uv": [53, 49]},
						{"origin": [0.25, 23.975, 2.65], "size": [1, 1.625, 33.05], "pivot": [1.25, 25.6, -6.35], "rotation": [0, 0, -33.25], "uv": [80, 1]},
						{"origin": [-1.25, 23.975, 2.65], "size": [1, 1.625, 33.05], "pivot": [-1.25, 25.6, -6.35], "rotation": [0, 0, 33.25], "uv": [45, 0]},
						{"origin": [-1.35, 13.325, -5], "size": [2.7, 1.9, 4.15], "inflate": -0.1, "uv": [82, 43]},
						{"origin": [0.35, 13.325, -4.675], "size": [1, 1.9, 3.825], "inflate": -0.101, "pivot": [1.5, 15.125, -4.9], "rotation": [0, 0, -17], "uv": [13, 113]},
						{"origin": [0.35, 13.35, -9.3], "size": [1, 1.875, 4.175], "inflate": -0.101, "pivot": [1.5, 15.125, -4.9], "rotation": [46.47363, 12.49878, -11.61609], "uv": [66, 114]},
						{"origin": [-1.35, 13.325, -4.675], "size": [1, 1.9, 3.825], "inflate": -0.101, "pivot": [-1.25, 15.125, -4.9], "rotation": [0, 0, 17], "uv": [0, 106]},
						{"origin": [-1.35, 13.35, -9.3], "size": [1, 1.875, 4.175], "inflate": -0.101, "pivot": [-1.25, 15.125, -4.9], "rotation": [46.47363, -12.49878, 11.61609], "uv": [110, 112]},
						{"origin": [-1.35, 11.05, -5], "size": [2.7, 4.175, 2.4], "inflate": -0.101, "pivot": [1.1, 15.125, -4.9], "rotation": [-43.25, 0, 0], "uv": [41, 61]},
						{"origin": [-1.35, 14.075, -0.625], "size": [2.7, 2.775, 1.7], "inflate": -0.101, "pivot": [1.1, 17.35, -0.525], "rotation": [-43.25, 0, 0], "uv": [32, 57]},
						{"origin": [-1.85, 17.75, -0.625], "size": [3.7, 2.775, 1.7], "inflate": -0.102, "pivot": [1.1, 17.25, -0.525], "rotation": [43.25, 0, 0], "uv": [46, 103]},
						{"origin": [-1.95, 12.75, -3.475], "size": [3.9, 2.375, 1], "inflate": -0.201, "pivot": [1.6, 15.125, -4.9], "rotation": [-43.25, 0, 0], "uv": [105, 77]},
						{"origin": [-0.5, 15.3, -4.9], "size": [1, 4.55, 1], "inflate": -0.101, "pivot": [1, 15.3, -3.9], "rotation": [-9.75, 0, 0], "uv": [0, 32]},
						{"origin": [-0.5, 16.825, -4.5], "size": [1, 4.55, 3.875], "inflate": -0.1, "uv": [0, 42]},
						{"origin": [-1.85, 14.15, -13.4], "size": [3.7, 3.3, 4.05], "inflate": -0.101, "uv": [105, 66]},
						{"origin": [-1.85, 17.65, -13.4], "size": [3.7, 1.8, 4.05], "inflate": -0.1, "uv": [61, 54]},
						{"origin": [1.15, 17, -13.075], "size": [1.2, 2.45, 4.8], "inflate": -0.1, "pivot": [1.5, 17.75, -13.3], "rotation": [0, 3.75, 0], "uv": [95, 83]},
						{"origin": [-2.35, 17, -13.075], "size": [1.2, 2.45, 4.8], "inflate": -0.1, "pivot": [-1.5, 17.75, -13.3], "rotation": [0, -3.75, 0], "uv": [95, 83], "mirror": true},
						{"origin": [-1.85, 16.9, -13.4], "size": [3.7, 1.8, 4.05], "inflate": -0.3, "uv": [26, 34]},
						{"origin": [-1.85, 19.15, -13.75], "size": [3.7, 6.15, 12.15], "inflate": -0.101, "uv": [0, 82]},
						{"origin": [-1.85, 17.65, -9.55], "size": [3.7, 1.15, 2.15], "inflate": -0.102, "pivot": [1.5, 17.75, -9.45], "rotation": [63.25, 0, 0], "uv": [99, 61]},
						{"origin": [-1.85, 10.925, -13.4], "size": [3.7, 3.425, 4.05], "inflate": -0.1, "pivot": [1.5, 14.25, -13.3], "rotation": [21.5, 0, 0], "uv": [16, 100]},
						{"origin": [-1.85, 9.125, -8.4], "size": [3.7, 3.425, 4.05], "inflate": -0.1, "uv": [45, 83]},
						{"origin": [-1.85, 11.525, -4.55], "size": [3.7, 1.025, 3.325], "inflate": -0.101, "pivot": [1.5, 12.45, -4.45], "rotation": [-78.5, 0, 0], "uv": [24, 113]},
						{"origin": [-1.85, 9.125, -12.725], "size": [3.7, 3.425, 4.525], "inflate": -0.101, "pivot": [1.5, 9.225, -8.3], "rotation": [-28, 0, 0], "uv": [14, 74]},
						{"origin": [-0.7, 29.9, -12.65], "size": [2, 1, 14.175], "inflate": -0.2, "uv": [123, 89]},
						{"origin": [-1.3, 29.9, -12.65], "size": [2, 1, 14.175], "inflate": -0.201, "uv": [105, 66]},
						{"origin": [-1, 24.825, -12.45], "size": [2, 5.3, 13.425], "inflate": -0.001, "uv": [82, 35]},
						{"origin": [-1, 26.775, 1.325], "size": [2, 3.3, 1], "inflate": -0.002, "pivot": [1, 30.075, 2.325], "rotation": [-11, 0, 0], "uv": [32, 42]},
						{"origin": [-1, 27.575, 1.525], "size": [2, 2.35, 1.5], "inflate": -0.5, "pivot": [0.7, 29.425, 2.525], "rotation": [-5, 0, 0], "uv": [53, 55]},
						{"origin": [0.2, 27.175, 2.075], "size": [1, 1.3, 1.25], "inflate": -0.3, "uv": [73, 61]},
						{"origin": [0.2, 27.175, 1.075], "size": [1, 1.3, 2.25], "inflate": -0.301, "pivot": [0.9, 28.175, 3.025], "rotation": [-28.75, 0, 0], "uv": [32, 54]},
						{"origin": [-1.2, 27.175, 1.075], "size": [1, 1.3, 2.25], "inflate": -0.301, "pivot": [-0.9, 28.175, 3.025], "rotation": [-28.75, 0, 0], "uv": [53, 52]},
						{"origin": [-1.2, 27.175, 2.075], "size": [1, 1.3, 1.25], "inflate": -0.3, "uv": [52, 73]},
						{"origin": [-1, 28.625, 0.775], "size": [2, 1.3, 2.25], "inflate": -0.501, "pivot": [0.7, 29.425, 2.525], "rotation": [-38.5, 0, 0], "uv": [80, 100]},
						{"origin": [0.95, 28.2, -0.65], "size": [1, 2.4, 19.975], "inflate": -0.201, "uv": [93, 134]},
						{"origin": [-0.05, 29.6, -0.65], "size": [2, 1, 2.975], "inflate": -0.201, "pivot": [1.75, 30.4, -0.45], "rotation": [0, 0, 9], "uv": [71, 47]},
						{"origin": [-1.95, 29.6, -0.65], "size": [2, 1, 2.975], "inflate": -0.201, "pivot": [-1.75, 30.4, -0.45], "rotation": [0, 0, -9], "uv": [51, 66]},
						{"origin": [0.95, 26.6, 3.85], "size": [1, 2.2, 1.1], "inflate": -0.202, "pivot": [1.75, 26.8, 4.75], "rotation": [-21, 0, 0], "uv": [34, 69]},
						{"origin": [0.95, 26.6, 2.55], "size": [1, 2, 2.4], "inflate": -0.2, "uv": [32, 50]},
						{"origin": [-1.95, 26.6, 3.85], "size": [1, 2.2, 1.1], "inflate": -0.202, "pivot": [-1.75, 26.8, 4.75], "rotation": [-21, 0, 0], "uv": [35, 66]},
						{"origin": [-1.95, 26.6, 2.55], "size": [1, 2, 2.4], "inflate": -0.2, "uv": [45, 25]},
						{"origin": [1.35, 27.725, 3.825], "size": [1.1, 1.775, 1.075], "inflate": -0.2, "pivot": [2.25, 29.3, 4.7], "rotation": [-35, 0, 0], "uv": [73, 65]},
						{"origin": [1.45, 25.4, -4.475], "size": [1, 4.7, 8.625], "inflate": -0.199, "uv": [61, 42]},
						{"origin": [1.55, 28.425, -3.225], "size": [1, 1, 4.625], "inflate": -0.199, "uv": [107, 88]},
						{"origin": [2.55, 26.15, -0.55], "size": [3.45, 3.2, 1.875], "inflate": -0.199, "uv": [32, 22]},
						{"origin": [2.55, 26.35, -1.175], "size": [1.45, 2.8, 1.125], "inflate": -0.199, "uv": [36, 34]},
						{"origin": [1.85, 26.35, -1], "size": [1.95, 2.05, 1.775], "inflate": -0.3, "uv": [26, 34]},
						{"origin": [5.6, 26.9, -0.55], "size": [1.2, 1.7, 1.875], "inflate": -0.199, "uv": [53, 58]},
						{"origin": [5.3, 27.5, -0.55], "size": [1.5, 1.1, 1.875], "inflate": -0.2, "pivot": [6.6, 28.4, 0.625], "rotation": [0, 0, 43.05], "uv": [51, 42]},
						{"origin": [5.3, 26.9, -0.55], "size": [1.5, 1.1, 1.875], "inflate": -0.2, "pivot": [6.6, 27.1, 0.625], "rotation": [0, 0, -43.05], "uv": [32, 46]},
						{"origin": [1.55, 27.425, -2.425], "size": [1, 1.4, 3.825], "inflate": -0.199, "uv": [78, 35]},
						{"origin": [1.55, 26.625, -0.225], "size": [1, 2.8, 1.625], "inflate": -0.2, "pivot": [2.35, 29.225, 1.2], "rotation": [18.25, 0, 0], "uv": [45, 34]},
						{"origin": [1.55, 25.575, -3.2], "size": [1, 3.25, 1.125], "inflate": -0.2, "pivot": [2.35, 28.625, -3], "rotation": [37.75, 0, 0], "uv": [17, 32]},
						{"origin": [1.55, 26.175, -1.475], "size": [1, 1, 3.625], "inflate": -0.199, "uv": [34, 82]},
						{"origin": [1.55, 26.775, -1.675], "size": [1, 1.05, 2.925], "inflate": -0.199, "uv": [45, 29]},
						{"origin": [1.45, 25.4, -5.475], "size": [1, 2.3, 1.4], "inflate": -0.199, "uv": [61, 64]},
						{"origin": [1.45, 26, -5.075], "size": [1, 2.3, 1.4], "inflate": -0.2, "uv": [63, 0]},
						{"origin": [-2.45, 26, -5.075], "size": [1, 2.3, 1.4], "inflate": -0.2, "uv": [35, 62]},
						{"origin": [-2.45, 25.4, -5.475], "size": [1, 2.3, 1.4], "inflate": -0.199, "uv": [32, 64]},
						{"origin": [1.45, 28.9, -8.9], "size": [1, 1.2, 4.825], "inflate": -0.198, "pivot": [2.25, 29.9, -4.275], "rotation": [66.75, 0, 0], "uv": [110, 107]},
						{"origin": [-2.45, 28.9, -8.9], "size": [1, 1.2, 4.825], "inflate": -0.198, "pivot": [-2.25, 29.9, -4.275], "rotation": [66.75, 0, 0], "uv": [82, 109]},
						{"origin": [1.45, 29, -4.475], "size": [1, 1.1, 9.375], "inflate": -0.199, "pivot": [2.25, 29.9, 4.7], "rotation": [0, 0, 38.25], "uv": [115, 10]},
						{"origin": [0.85, 24.9, -13.725], "size": [1, 4.2, 9.875], "inflate": -0.199, "uv": [67, 83]},
						{"origin": [0.85, 26.15, -16.525], "size": [1, 1.55, 3.275], "inflate": -0.2, "pivot": [1.65, 27.5, -13.45], "rotation": [59, 0, 0], "uv": [89, 77]},
						{"origin": [-1.85, 26.15, -16.525], "size": [1, 1.55, 3.275], "inflate": -0.2, "pivot": [-1.65, 27.5, -13.45], "rotation": [59, 0, 0], "uv": [67, 87]},
						{"origin": [0.85, 24.9, -43.225], "size": [1, 4.2, 7.375], "inflate": -0.199, "uv": [122, 118]},
						{"origin": [-1.375, 28.475, -43.225], "size": [2.75, 1, 41.375], "inflate": -0.199, "uv": [0, 0]},
						{"origin": [0.85, 27.5, -36.275], "size": [1, 1.6, 22.975], "inflate": -0.199, "uv": [42, 109]},
						{"origin": [0.85, 28, -43.225], "size": [1, 1.1, 39.375], "inflate": -0.199, "pivot": [1.65, 28.9, -4.05], "rotation": [0, 0, 38.25], "uv": [41, 43]},
						{"origin": [-1.85, 28, -43.225], "size": [1, 1.1, 39.375], "inflate": -0.199, "pivot": [-1.65, 28.9, -4.05], "rotation": [0, 0, -38.25], "uv": [0, 42]},
						{"origin": [-1.375, 28.725, -44.475], "size": [2.75, 1, 8.625], "inflate": -0.199, "uv": [14, 32]},
						{"origin": [0.75, 28.1, -44.475], "size": [1.4, 1, 8.625], "inflate": -0.198, "pivot": [1.95, 28.9, -36.05], "rotation": [0, 0, 39], "uv": [98, 118]},
						{"origin": [1.15, 27.5, -43.8], "size": [1, 1.6, 7.275], "inflate": -0.198, "uv": [79, 35]},
						{"origin": [1.15, 27.15, -36.575], "size": [1, 1.45, 1], "inflate": -0.199, "pivot": [1.95, 28.825, -35.775], "rotation": [-40.25, 0, 0], "uv": [73, 0]},
						{"origin": [1.25, 28.2, -37.025], "size": [1, 1, 1.275], "inflate": -0.3, "uv": [72, 36]},
						{"origin": [1.15, 27.15, -44.75], "size": [1, 1.45, 1], "inflate": -0.199, "pivot": [1.95, 28.825, -44.55], "rotation": [40.25, 0, 0], "uv": [45, 67]},
						{"origin": [1.25, 28.2, -44.575], "size": [1, 1, 1.275], "inflate": -0.3, "uv": [71, 25]},
						{"origin": [-2.25, 28.2, -44.575], "size": [1, 1, 1.275], "inflate": -0.3, "uv": [65, 39]},
						{"origin": [-2.15, 27.15, -44.75], "size": [1, 1.45, 1], "inflate": -0.199, "pivot": [-1.95, 28.825, -44.55], "rotation": [40.25, 0, 0], "uv": [41, 67]},
						{"origin": [-2.25, 28.2, -37.025], "size": [1, 1, 1.275], "inflate": -0.3, "uv": [34, 72]},
						{"origin": [-2.15, 27.5, -43.8], "size": [1, 1.6, 7.275], "inflate": -0.198, "uv": [24, 0]},
						{"origin": [-2.15, 27.15, -36.575], "size": [1, 1.45, 1], "inflate": -0.199, "pivot": [-1.95, 28.825, -35.775], "rotation": [-40.25, 0, 0], "uv": [72, 34]},
						{"origin": [-2.15, 28.1, -44.475], "size": [1.4, 1, 8.625], "inflate": -0.198, "pivot": [-1.95, 28.9, -36.05], "rotation": [0, 0, -39], "uv": [115, 23]},
						{"origin": [-1.85, 27.5, -36.275], "size": [1, 1.6, 22.975], "inflate": -0.199, "uv": [98, 108]},
						{"origin": [-1.85, 24.9, -43.225], "size": [1, 4.2, 7.375], "inflate": -0.199, "uv": [122, 107]},
						{"origin": [-1.85, 24.9, -13.725], "size": [1, 4.2, 9.875], "inflate": -0.199, "uv": [34, 83]},
						{"origin": [1.45, 29.1, 3.75], "size": [1, 1, 1.15], "inflate": -0.198, "uv": [73, 10]},
						{"origin": [-2.45, 29.1, 3.75], "size": [1, 1, 1.15], "inflate": -0.198, "uv": [73, 2]},
						{"origin": [-2.45, 29, -4.475], "size": [1, 1.1, 9.375], "inflate": -0.199, "pivot": [-2.25, 29.9, 4.7], "rotation": [0, 0, -38.25], "uv": [115, 0]},
						{"origin": [0.9, 25.95, -15.875], "size": [1, 1.95, 22.325], "inflate": -0.3, "uv": [66, 130]},
						{"origin": [0.825, 26.9, -15.875], "size": [1.075, 1, 22.325], "inflate": -0.299, "pivot": [1.6, 27.6, 5.05], "rotation": [0, 0, 33.25], "uv": [122, 107]},
						{"origin": [-1.9, 26.9, -15.875], "size": [1.075, 1, 22.325], "inflate": -0.299, "pivot": [-1.6, 27.6, 5.05], "rotation": [0, 0, -33.25], "uv": [116, 35]},
						{"origin": [0.825, 25.95, -15.875], "size": [1.075, 1, 22.325], "inflate": -0.299, "pivot": [1.6, 26.25, 5.05], "rotation": [0, 0, -33.25], "uv": [0, 113]},
						{"origin": [-1.9, 25.95, -15.875], "size": [1.075, 1, 22.325], "inflate": -0.299, "pivot": [-1.6, 26.25, 5.05], "rotation": [0, 0, 33.25], "uv": [115, 0]},
						{"origin": [-1.9, 25.95, -15.875], "size": [1, 1.95, 22.325], "inflate": -0.3, "uv": [123, 66]},
						{"origin": [-1.5, 27.165, -15.875], "size": [3, 1, 22.325], "inflate": -0.3, "uv": [70, 107]},
						{"origin": [3.925, 25.775, -1.975], "size": [3, 3, 2.375], "inflate": -0.5, "pivot": [6.725, 28.575, -0.8], "rotation": [0, 0, 18.75], "uv": [107, 83]},
						{"origin": [-1.5, 25.685, -15.875], "size": [3, 1, 22.325], "inflate": -0.3, "uv": [95, 84]},
						{"origin": [1.45, 24.65, -6.175], "size": [1, 1.15, 10.325], "inflate": -0.2, "pivot": [2.25, 25.6, 3.95], "rotation": [0, 0, 46.25], "uv": [34, 96]},
						{"origin": [-2.45, 24.65, -6.175], "size": [1, 1.15, 10.325], "inflate": -0.2, "pivot": [-2.25, 25.6, 3.95], "rotation": [0, 0, -46.25], "uv": [95, 94]},
						{"origin": [-2.45, 25.4, -4.475], "size": [1, 4.7, 8.625], "inflate": -0.199, "uv": [41, 61]},
						{"origin": [-2.45, 27.725, 3.825], "size": [1.1, 1.775, 1.075], "inflate": -0.2, "pivot": [-2.25, 29.3, 4.7], "rotation": [-35, 0, 0], "uv": [73, 63]},
						{"origin": [0.95, 24.95, 16.35], "size": [1, 2.4, 6.225], "inflate": -0.199, "uv": [24, 42]},
						{"origin": [0.7, 24.375, 16.35], "size": [1, 1.475, 6.225], "inflate": -0.2, "pivot": [1.5, 25.65, 16.55], "rotation": [0, 0, -33.25], "uv": [0, 74]},
						{"origin": [0.7, 23.775, 1.55], "size": [1, 1.675, 18.725], "inflate": -0.199, "pivot": [1.5, 25.65, 16.55], "rotation": [0, 0, -33.25], "uv": [147, 61]},
						{"origin": [0.275, 22.85, -6.95], "size": [1.5, 1.475, 8.225], "inflate": -0.1, "pivot": [1.575, 24.525, 1.05], "rotation": [0, 0, -20.25], "uv": [125, 24]},
						{"origin": [0.45, 22.75, 14.05], "size": [1.5, 1.475, 8.225], "inflate": -0.3, "pivot": [1.75, 24.425, 22.05], "rotation": [0, 0, -20.25], "uv": [123, 66]},
						{"origin": [-1.95, 22.75, 14.05], "size": [1.5, 1.475, 8.225], "inflate": -0.3, "pivot": [-1.75, 24.425, 22.05], "rotation": [0, 0, 20.25], "uv": [66, 120]},
						{"origin": [-1.775, 22.85, -6.95], "size": [1.5, 1.475, 8.225], "inflate": -0.1, "pivot": [-1.575, 24.525, 1.05], "rotation": [0, 0, 20.25], "uv": [0, 125]},
						{"origin": [0.3, 23.875, -8.25], "size": [1.6, 1.775, 10.4], "inflate": -0.4, "pivot": [1.5, 25.65, 14.55], "rotation": [0, 0, -33.25], "uv": [98, 107]},
						{"origin": [-1.9, 23.875, -8.25], "size": [1.6, 1.775, 10.4], "inflate": -0.4, "pivot": [-1.5, 25.65, 14.55], "rotation": [0, 0, 33.25], "uv": [95, 83]},
						{"origin": [0.3, 23.875, -26], "size": [1.6, 1.775, 18.4], "inflate": -0.4, "pivot": [1.5, 25.65, -3.2], "rotation": [0, 0, -33.25], "uv": [144, 42]},
						{"origin": [-2.25, 19.45, -25.6], "size": [4.5, 5.05, 17.6], "uv": [0, 136]},
						{"origin": [-2.25, 16.2, -25.6], "size": [4.5, 3.3, 12.6], "uv": [80, 17]},
						{"origin": [-2.05, 16.3, -26.35], "size": [4.1, 8.5, 1.6], "uv": [18, 82]},
						{"origin": [-1.9, 23.875, -26], "size": [1.6, 1.775, 18.4], "inflate": -0.4, "pivot": [-1.5, 25.65, -3.2], "rotation": [0, 0, 33.25], "uv": [146, 89]},
						{"origin": [0.3, 23.875, -43.75], "size": [1.6, 1.775, 18.4], "inflate": -0.4, "pivot": [1.5, 25.65, -20.95], "rotation": [0, 0, -33.25], "uv": [41, 42]},
						{"origin": [-2.25, 19.45, -41.35], "size": [4.5, 5.05, 13.6], "uv": [24, 113]},
						{"origin": [-1.75, 15.95, -41.35], "size": [3.5, 4.05, 13.6], "uv": [80, 0]},
						{"origin": [-2.25, 16.2, -43.35], "size": [4.5, 8.3, 2], "uv": [0, 82]},
						{"origin": [-2.25, 16.2, -27.75], "size": [4.5, 8.3, 2], "uv": [80, 17]},
						{"origin": [-2.25, 18.35, -27.75], "size": [4.5, 1.8, 1], "inflate": -0.001, "pivot": [2.5, 18.35, -27.75], "rotation": [45, 0, 0], "uv": [45, 90]},
						{"origin": [-2.25, 18.35, -42.35], "size": [4.5, 1.8, 1], "inflate": -0.001, "pivot": [2.5, 18.35, -41.35], "rotation": [-45, 0, 0], "uv": [80, 27]},
						{"origin": [-1.9, 23.875, -43.75], "size": [1.6, 1.775, 18.4], "inflate": -0.4, "pivot": [-1.5, 25.65, -20.95], "rotation": [0, 0, 33.25], "uv": [41, 61]},
						{"origin": [-1.7, 24.375, 16.35], "size": [1, 1.475, 6.225], "inflate": -0.2, "pivot": [-1.5, 25.65, 16.55], "rotation": [0, 0, 33.25], "uv": [70, 34]},
						{"origin": [-1.7, 23.775, 1.55], "size": [1, 1.675, 18.725], "inflate": -0.199, "pivot": [-1.5, 25.65, 16.55], "rotation": [0, 0, 33.25], "uv": [146, 108]},
						{"origin": [0.95, 24.95, 17.575], "size": [1, 2.4, 5], "inflate": -0.2, "pivot": [1.75, 27.15, 22.375], "rotation": [-45, 0, 0], "uv": [46, 96]},
						{"origin": [1.075, 26.675, 18.375], "size": [1, 2, 2], "inflate": -0.1, "pivot": [1.875, 28.475, 19.175], "rotation": [-22.5, 0, 0], "uv": [53, 42]},
						{"origin": [1.225, 25.3, -42.025], "size": [1, 2, 2], "inflate": -0.4, "pivot": [2.025, 27.1, -41.225], "rotation": [-22.5, 0, 0], "uv": [34, 26]},
						{"origin": [-2.725, 21.75, -28.125], "size": [5.45, 2, 2], "inflate": -0.2, "pivot": [-2.525, 23.55, -27.325], "rotation": [-22.5, 0, 0], "uv": [123, 75]},
						{"origin": [-2.725, 21.75, -10.125], "size": [5.45, 2, 2], "inflate": -0.2, "pivot": [-2.525, 23.55, -9.325], "rotation": [-22.5, 0, 0], "uv": [76, 120]},
						{"origin": [-2.825, 17.25, -24.725], "size": [5.65, 2, 2], "inflate": -0.199, "pivot": [-2.525, 19.05, -23.925], "rotation": [-22.5, 0, 0], "uv": [116, 58]},
						{"origin": [-3.025, 17.4, -25.225], "size": [6.05, 2, 5.025], "inflate": -0.4, "pivot": [-2.525, 19.2, -23.925], "rotation": [43.5, 0, 0], "uv": [0, 32]},
						{"origin": [-2.525, 16.2, 14.775], "size": [5.05, 2, 5.025], "inflate": -0.4, "pivot": [-2.525, 16.4, 16.075], "rotation": [-43.5, 0, 0], "uv": [45, 34]},
						{"origin": [-2.325, 16.35, 15.275], "size": [4.65, 2, 2], "inflate": -0.199, "pivot": [-2.525, 16.55, 16.075], "rotation": [22.5, 0, 0], "uv": [99, 39]},
						{"origin": [-2.225, 5.7, 4.4], "size": [4.45, 2, 2], "inflate": -0.2, "pivot": [-2.525, 7.5, 5.2], "rotation": [-22.5, 0, 0], "uv": [99, 57]},
						{"origin": [-2.225, 18.625, 14.2], "size": [4.45, 2, 2], "inflate": -0.2, "pivot": [-2.525, 20.425, 15], "rotation": [-22.5, 0, 0], "uv": [99, 35]},
						{"origin": [-2.225, 25.3, -42.025], "size": [1, 2, 2], "inflate": -0.4, "pivot": [-2.025, 27.1, -41.225], "rotation": [-22.5, 0, 0], "uv": [24, 0]},
						{"origin": [-2.175, 25.425, -9.925], "size": [4.35, 2, 2], "inflate": -0.4, "pivot": [1.925, 27.225, -9.125], "rotation": [-22.5, 0, 0], "uv": [100, 25]},
						{"origin": [-2.275, 27.15, -8.55], "size": [4.55, 2, 2], "inflate": -0.5, "pivot": [2.025, 28.95, -7.75], "rotation": [-22.5, 0, 0], "uv": [100, 21]},
						{"origin": [-2.075, 26.675, 18.375], "size": [1, 2, 2], "inflate": -0.1, "pivot": [-1.875, 28.475, 19.175], "rotation": [-22.5, 0, 0], "uv": [24, 42]},
						{"origin": [0.95, 24.825, 15.35], "size": [1, 2.55, 4.4], "inflate": -0.202, "pivot": [1.75, 27.15, 19.55], "rotation": [-45, 0, 0], "uv": [34, 96]},
						{"origin": [-1.95, 28.2, -0.65], "size": [1, 2.4, 19.975], "inflate": -0.201, "uv": [42, 134]},
						{"origin": [-1.95, 24.95, 16.35], "size": [1, 2.4, 6.225], "inflate": -0.199, "uv": [26, 26]},
						{"origin": [-1.95, 24.95, 17.575], "size": [1, 2.4, 5], "inflate": -0.2, "pivot": [-1.75, 27.15, 22.375], "rotation": [-45, 0, 0], "uv": [27, 69]},
						{"origin": [-1.95, 24.825, 15.35], "size": [1, 2.55, 4.4], "inflate": -0.202, "pivot": [-1.75, 27.15, 19.55], "rotation": [-45, 0, 0], "uv": [95, 94]},
						{"origin": [-1.725, 23.325, -43.35], "size": [3.45, 2, 17.6], "inflate": -0.002, "uv": [140, 23]},
						{"origin": [-1.725, 23.325, -25.6], "size": [3.45, 2, 17.6], "inflate": -0.002, "uv": [139, 0]},
						{"origin": [-1.8, 18.375, -45.85], "size": [3.6, 6, 2.5], "inflate": -0.002, "uv": [78, 83]}
					]
				},
				{
					"name": "action",
					"parent": "gun",
					"pivot": [2.25, 22.85, 8.975],
					"cubes": [
						{"origin": [-1.75, 22.85, 4], "size": [3.5, 1.65, 7.975], "uv": [45, 25]},
						{"origin": [2.975, 22.925, 6.55], "size": [2.5, 1, 1.15], "pivot": [0.975, 22.275, 7.7], "rotation": [0, 24.5, 0], "uv": [24, 46]},
						{"origin": [2.325, 22.925, 4.75], "size": [2.75, 1, 1.075], "inflate": 0.001, "uv": [34, 30]},
						{"origin": [1.1, 22.825, 4.425], "size": [2.5, 1, 1], "inflate": -0.2, "pivot": [-0.9, 22.175, 5.425], "rotation": [-25.75, 0, 0], "uv": [34, 39]}
					]
				},
				{
					"name": "glowy",
					"parent": "gun",
					"pivot": [-0.6, 27.85, 5.05],
					"cubes": [
						{"origin": [-2.475, 17.75, -13.875], "size": [4.95, 1, 1], "inflate": -0.2, "pivot": [-2.575, 19.55, -13.075], "rotation": [-22.5, 0, 0], "uv": [61, 77]},
						{"origin": [-2.475, 16.75, -13.875], "size": [4.95, 1, 1], "inflate": -0.2, "pivot": [-2.575, 18.55, -13.075], "rotation": [-22.5, 0, 0], "uv": [41, 77]},
						{"origin": [-1.6, 26.075, -15.825], "size": [3.2, 1.8, 22.175], "inflate": -0.3, "uv": [67, 83]},
						{"origin": [3.925, 25.775, -0.225], "size": [3, 3, 1.875], "inflate": -0.5, "pivot": [6.725, 28.575, 0.95], "rotation": [0, 0, 18.75], "uv": [71, 54]},
						{"origin": [2.7, 26.625, -0.225], "size": [2.125, 2.2, 1.875], "inflate": -0.501, "uv": [24, 4]},
						{"origin": [4.925, 26.825, -1.5], "size": [1, 1, 1.125], "pivot": [6.725, 28.575, -0.55], "rotation": [0, 0, 18.75], "uv": [45, 37]}
					]
				},
				{
					"name": "magazine",
					"parent": "main",
					"pivot": [-2.7, 4.9, 9.15],
					"cubes": [
						{"origin": [-2.5, -0.15, 11.7], "size": [5, 10.3, 12.525], "inflate": 0.001, "uv": [121, 151]},
						{"origin": [-1.5, 8.85, 10.95], "size": [3, 1.7, 10.775], "inflate": 0.001, "uv": [0, 100]},
						{"origin": [-2.5, -0.15, 8.325], "size": [5, 3, 3.375], "inflate": 0.001, "uv": [58, 25]},
						{"origin": [-2.5, 2.85, 9.725], "size": [5, 3, 1.975], "inflate": 0.001, "uv": [100, 17]},
						{"origin": [-2.5, 5.85, 10.425], "size": [5, 1.4, 1.275], "inflate": 0.001, "uv": [0, 39]},
						{"origin": [-2.5, -0.225, 11.8], "size": [5, 10.75, 1.35], "inflate": 0.004, "pivot": [0.5, 10.525, 10.9], "rotation": [-25.5, 0, 0], "uv": [45, 0]},
						{"origin": [-1.5, 0.075, 9.85], "size": [3, 10.35, 1], "pivot": [0.5, 8.075, 10.65], "rotation": [-25.5, 0, 0], "uv": [82, 53]},
						{"origin": [-2.875, 1.3, 11.75], "size": [5.75, 2, 2], "inflate": -0.2, "pivot": [-2.525, 3.1, 12.55], "rotation": [-22.5, 0, 0], "uv": [116, 53]}
					]
				},
				{
					"name": "rightarm",
					"parent": "main",
					"pivot": [-4.3, 8.8, 21.8],
					"rotation": [-101.81106, -12.40003, -2.46982],
					"cubes": [
						{"origin": [-8.3, -15.2, 17.8], "size": [8, 24, 8], "uv": [0, 42]}
					]
				},
				{
					"name": "leftarm",
					"parent": "main",
					"pivot": [10.3, 4.3, -6.175],
					"rotation": [-134.1508, -1.1848, -33.1648],
					"cubes": [
						{"origin": [6.3, -19.7, -10.175], "size": [8, 24, 8], "uv": [0, 0]}
					]
				},
				{
					"name": "_cb_scope",
					"parent": "main",
					"pivot": [0, 33.475, -6.375],
					"cubes": [
						{"origin": [-0.5, 30.15, -6.5], "size": [1, 1, 1], "uv": [13, 19]}
					]
				},
				{
					"name": "_cb_canted",
					"parent": "main",
					"pivot": [0, 30.45, -4.9],
					"cubes": [
						{"origin": [-0.5, 30.15, 0.25], "size": [1, 1, 1], "uv": [35, 105]}
					]
				},
				{
					"name": "scope",
					"parent": "main",
					"pivot": [0, 36.35, 9.25],
					"cubes": [
						{"origin": [-0.5, 35.85, 8.95], "size": [1, 1, 1], "inflate": -0.4, "uv": [27, 69]}
					]
				},
				{
					"name": "muzzleflash",
					"parent": "main",
					"pivot": [0, 24.8, -73.875],
					"cubes": [
						{"origin": [-0.5, 24.3, -74.175], "size": [1, 1, 1], "inflate": -0.4, "uv": [45, 62]}
					]
				},
				{
					"name": "_camera_",
					"pivot": [6.825, 33.725, 26.45]
				}
			]
		}
	]
}