{
	"format_version": "1.12.0",
	"minecraft:geometry": [
		{
			"description": {
				"identifier": "geometry.unknown",
				"texture_width": 64,
				"texture_height": 64,
				"visible_bounds_width": 11,
				"visible_bounds_height": 7,
				"visible_bounds_offset": [0, 1.5, 0]
			},
			"bones": [
				{
					"name": "main",
					"pivot": [0, 20, 0]
				},
				{
					"name": "sight",
					"parent": "main",
					"pivot": [1.1, 30.525, -52.225],
					"cubes": [
						{"origin": [0.6, 29.35, -14.225], "size": [1, 1, 13.9], "pivot": [1.6, 30.45, -14.225], "rotation": [0, 0, 21], "uv": [1, 30]},
						{"origin": [-1.6, 29.35, -14.225], "size": [1, 1, 13.9], "pivot": [-1.6, 30.45, -14.225], "rotation": [0, 0, -21], "uv": [21, 29]},
						{"origin": [-1.8, 29.5, -0.475], "size": [1.35, 1.1, 1.1], "inflate": -0.201, "pivot": [-1.6, 30.45, -0.375], "rotation": [-45.75, 0, -21], "uv": [8, 19]},
						{"origin": [0.45, 29.5, -0.475], "size": [1.35, 1.1, 1.1], "inflate": -0.201, "pivot": [1.6, 30.45, -0.375], "rotation": [-45.75, 0, 21], "uv": [4, 19]},
						{"origin": [-1.9, 30.625, -5.4], "size": [1, 3.5, 1.425], "inflate": -0.3, "uv": [4, 15]},
						{"origin": [-1.975, 30.975, -5.4], "size": [1, 1.3, 4.225], "inflate": -0.3, "pivot": [-1.175, 31.975, -1.475], "rotation": [0, 0, -51.5], "uv": [0, 5]},
						{"origin": [0.975, 30.975, -5.4], "size": [1, 1.3, 4.225], "inflate": -0.3, "pivot": [1.175, 31.975, -1.475], "rotation": [0, 0, 51.5], "uv": [0, 0]},
						{"origin": [-1.9, 31.05, -6.25], "size": [1, 1.075, 1.575], "inflate": -0.301, "pivot": [-1.1, 31.825, -4.975], "rotation": [41.5, 0, 0], "uv": [0, 19]},
						{"origin": [-1.9, 30.625, -4.575], "size": [1, 1.9, 2.925], "inflate": -0.301, "uv": [4, 11]},
						{"origin": [-1.9, 30.325, -14.525], "size": [3.8, 1.2, 14], "inflate": -0.299, "uv": [0, 15]},
						{"origin": [-1.9, 30.575, -14.525], "size": [1.5, 1.2, 13.775], "inflate": -0.302, "uv": [20, 15]},
						{"origin": [0.4, 30.575, -14.525], "size": [1.5, 1.2, 13.775], "inflate": -0.302, "uv": [20, 0]},
						{"origin": [-1.9, 31.575, -6.2], "size": [1, 2.55, 2.225], "inflate": -0.299, "pivot": [-1.1, 33.825, -4.275], "rotation": [64.75, 0, 0], "uv": [8, 9]},
						{"origin": [-1.9, 30.25, -3.625], "size": [1, 3.05, 1.425], "inflate": -0.3, "pivot": [-1.1, 32.975, -2.5], "rotation": [44, 0, 0], "uv": [0, 15]},
						{"origin": [-2.95, 30.675, -3.425], "size": [1.1, 1.575, 1.225], "inflate": -0.301, "pivot": [-1.1, 32.975, -2.5], "rotation": [36.18816, 26.96493, -31.79158], "uv": [8, 17]},
						{"origin": [1.85, 30.675, -3.425], "size": [1.1, 1.575, 1.225], "inflate": -0.301, "pivot": [1.1, 32.975, -2.5], "rotation": [36.18816, -26.96493, 31.79158], "uv": [8, 15]},
						{"origin": [0.9, 30.25, -3.625], "size": [1, 3.05, 1.425], "inflate": -0.3, "pivot": [1.1, 32.975, -2.5], "rotation": [44, 0, 0], "uv": [0, 5]},
						{"origin": [0.9, 31.575, -6.2], "size": [1, 2.55, 2.225], "inflate": -0.299, "pivot": [1.1, 33.825, -4.275], "rotation": [64.75, 0, 0], "uv": [6, 5]},
						{"origin": [0.9, 30.625, -5.4], "size": [1, 3.5, 1.425], "inflate": -0.3, "uv": [0, 0]},
						{"origin": [0.9, 30.625, -4.575], "size": [1, 1.9, 2.925], "inflate": -0.301, "uv": [0, 10]},
						{"origin": [0.9, 31.05, -6.25], "size": [1, 1.075, 1.575], "inflate": -0.301, "pivot": [1.1, 31.825, -4.975], "rotation": [41.5, 0, 0], "uv": [10, 4]},
						{"origin": [-1.6, 28.425, -3.225], "size": [3.2, 1.975, 1.025], "inflate": -0.298, "pivot": [-1.1, 32.975, -2.5], "rotation": [44, 0, 0], "uv": [6, 2]},
						{"origin": [-1.6, 29.4, -14.525], "size": [3.2, 1.7, 14.225], "inflate": -0.298, "uv": [0, 0]},
						{"origin": [-1.9, 29.8, -3.225], "size": [3.8, 1.375, 1.025], "inflate": -0.298, "pivot": [-1.1, 32.975, -2.5], "rotation": [44, 0, 0], "uv": [6, 0]}
					]
				},
				{
					"name": "_ca_scope",
					"parent": "main",
					"pivot": [0, 33.05, -7.375],
					"cubes": [
						{"origin": [-0.5, 29.725, -5.5], "size": [1, 1, 1], "uv": [15, 7]}
					]
				},
				{
					"name": "reticle",
					"parent": "main",
					"pivot": [0, 32.7, -2.65],
					"cubes": [
						{"origin": [-0.5, 32.2, -4.35], "size": [1, 1, 1], "uv": [32, 34]}
					]
				},
				{
					"name": "scope",
					"parent": "main",
					"pivot": [0, 32.7, 2.3],
					"cubes": [
						{"origin": [-0.5, 32.2, 2], "size": [1, 1, 1], "inflate": -0.4, "uv": [27, 69]}
					]
				}
			]
		}
	]
}