{
	"format_version": "1.12.0",
	"minecraft:geometry": [
		{
			"description": {
				"identifier": "geometry.unknown",
				"texture_width": 32,
				"texture_height": 32,
				"visible_bounds_width": 8,
				"visible_bounds_height": 4,
				"visible_bounds_offset": [0, 1, 0]
			},
			"bones": [
				{
					"name": "internals",
					"pivot": [1, 6.75, -11.5],
					"cubes": [
						{"origin": [-3.05, 0.15, -5.975], "size": [2, 2, 12], "pivot": [-3.05, 2.15, -5.975], "rotation": [24.04705, -13.7578, 28.05627], "uv": [0, 0]},
						{"origin": [-3.7, 0.025, -0.1], "size": [2.5, 1.25, 1.25], "pivot": [-3.7, 1.275, 1.15], "rotation": [0, 16.75, 0], "uv": [5, 6]},
						{"origin": [-4.05, 0.025, -1.075], "size": [1.5, 1.25, 1], "inflate": 0.001, "uv": [4, 10]},
						{"origin": [-2.875, 3.225, -0.8], "size": [1, 1, 3.4], "inflate": -0.2, "pivot": [-2.275, 3.9, 3.425], "rotation": [21.91748, -13.23018, -30.05776], "uv": [16, 0]},
						{"origin": [-1.975, 1.85, 1.85], "size": [1, 1, 3.4], "inflate": -0.1, "pivot": [-1.375, 2.525, 5.075], "rotation": [27.51071, -36.65729, -17.27228], "uv": [0, 6]},
						{"origin": [-1.975, 0.3, 4.25], "size": [1, 1.75, 1], "inflate": -0.1, "pivot": [-1.375, 2.525, 5.075], "rotation": [27.51071, -36.65729, -17.27228], "uv": [0, 10]},
						{"origin": [-1.975, 1.875, 3.5], "size": [1, 1.75, 1], "inflate": -0.101, "pivot": [-1.375, 2.525, 5.075], "rotation": [76.26071, -36.65729, -17.27228], "uv": [8, 8]},
						{"origin": [-2.875, 0.825, -0.8], "size": [1, 1, 3.4], "inflate": -0.2, "pivot": [-2.275, 3.9, 3.425], "rotation": [21.91748, -13.23018, -30.05776], "uv": [14, 14]},
						{"origin": [-2.875, 1.425, 1.6], "size": [1, 2.2, 1], "inflate": -0.2, "pivot": [-2.275, 3.9, 3.425], "rotation": [21.91748, -13.23018, -30.05776], "uv": [8, 0]},
						{"origin": [-2.875, 1.425, -0.8], "size": [1, 2.2, 1], "inflate": -0.2, "pivot": [-2.275, 3.9, 3.425], "rotation": [21.91748, -13.23018, -30.05776], "uv": [0, 0]},
						{"origin": [-1.3, 0.025, -0.825], "size": [1.75, 1.25, 1.25], "inflate": -0.001, "pivot": [-1.3, 1.275, 0.425], "rotation": [0, 36.5, 0], "uv": [8, 10]},
						{"origin": [-3.05, 0.15, 5.025], "size": [2, 2, 4], "inflate": -0.3, "pivot": [-3.05, 2.15, -5.975], "rotation": [24.04705, -13.7578, 28.05627], "uv": [0, 0]},
						{"origin": [-7.325, -0.125, -6], "size": [5.25, 2, 2], "inflate": -0.4, "pivot": [-3.05, 2.15, -5.975], "rotation": [25.12065, -11.57231, 23.16333], "uv": [0, 14]}
					]
				}
			]
		}
	]
}