{
	"format_version": "1.12.0",
	"minecraft:geometry": [
		{
			"description": {
				"identifier": "geometry.unknown",
				"texture_width": 200,
				"texture_height": 200,
				"visible_bounds_width": 8,
				"visible_bounds_height": 7,
				"visible_bounds_offset": [0, 1.5, 0]
			},
			"bones": [
				{
					"name": "bb_main",
					"pivot": [0, 0, 0]
				},
				{
					"name": "main",
					"pivot": [0, 20, 0]
				},
				{
					"name": "gun",
					"parent": "main",
					"pivot": [1, 11, -1],
					"cubes": [
						{"origin": [-1.75, 13.5, -1], "size": [3.5, 4.5, 4.9], "inflate": -0.001, "uv": [107, 16]},
						{"origin": [-2, 15, 1.75], "size": [4, 3, 2.25], "inflate": 0.001, "uv": [13, 92]},
						{"origin": [-2, 3.5, -1], "size": [4, 10, 5], "pivot": [1, 13.5, -1], "rotation": [35, 0, 0], "uv": [24, 46]},
						{"origin": [-2, 4.9, 3.4], "size": [4, 1, 6], "pivot": [1, 5.9, 3.3], "rotation": [9, 0, 0], "uv": [0, 79]},
						{"origin": [-2, 5.9, 5.4], "size": [4, 1, 4], "inflate": -0.002, "pivot": [1, 5.9, 3.3], "rotation": [9, 0, 0], "uv": [49, 20]},
						{"origin": [-2, 14.5, 4], "size": [4, 2, 11], "inflate": -0.001, "pivot": [1, 16.5, 4], "rotation": [-53, 0, 0], "uv": [0, 146]},
						{"origin": [-2, 14.5, 14.8], "size": [4, 2, 1], "inflate": -0.002, "pivot": [1, 16.5, 4], "rotation": [-53, 0, 0], "uv": [10, 88]},
						{"origin": [-1.5, 13.9, -2.1], "size": [3, 5, 2], "inflate": -0.1, "uv": [63, 0]},
						{"origin": [-0.75, 15.05, -5.55], "size": [1.5, 4, 1], "inflate": -0.1, "pivot": [1, 15.05, -4.55], "rotation": [-21, 0, 0], "uv": [41, 34]},
						{"origin": [-1.5, 13.9, -9.1], "size": [3, 5, 1], "inflate": -0.1, "uv": [0, 35]},
						{"origin": [-1.5, 13.9, -2.6], "size": [3, 1, 1], "inflate": -0.11, "uv": [24, 71]},
						{"origin": [-1.5, 13.9, -8.1], "size": [3, 1, 6], "inflate": -0.2, "uv": [98, 90]},
						{"origin": [-1.5, 13.9, -8.6], "size": [3, 1, 1], "inflate": -0.11, "uv": [49, 52]},
						{"origin": [-1.65, 18, -9], "size": [3.3, 5, 13], "uv": [135, 108]},
						{"origin": [-1.65, 18, 4], "size": [3.3, 2, 2], "inflate": -0.001, "pivot": [0.65, 18, 4], "rotation": [53, 0, 0], "uv": [90, 48]},
						{"origin": [-1.65, 20, 4], "size": [3.3, 3, 3], "uv": [49, 81]},
						{"origin": [-1.65, 17, 6], "size": [3.3, 3, 1], "inflate": -0.002, "pivot": [1.65, 20, 7], "rotation": [-74, 0, 0], "uv": [37, 4]},
						{"origin": [-2.05, 18.4, 1.4], "size": [4.1, 2, 2], "inflate": -0.2, "pivot": [-1.05, 18.4, 1.4], "rotation": [24, 0, 0], "uv": [61, 20]},
						{"origin": [1.05, 19.175, 3.95], "size": [1, 2, 1], "inflate": -0.1, "pivot": [1.05, 19.175, 3.95], "rotation": [87.5, 0, 0], "uv": [41, 67]},
						{"origin": [-2.05, 19.175, 3.95], "size": [1, 2, 1], "inflate": -0.1, "pivot": [-1.05, 19.175, 3.95], "rotation": [87.5, 0, 0], "uv": [41, 60]},
						{"origin": [-1.55, 22.5, -7], "size": [3.1, 1.1, 11], "uv": [30, 147]},
						{"origin": [-2.4, 24.2, -16.5], "size": [1, 3, 1], "pivot": [-2.4, 24.2, -16.5], "rotation": [0, 0, 25], "uv": [0, 46]},
						{"origin": [-2.3, 22.6, -17.75], "size": [1, 1, 12], "pivot": [-2.3, 23.6, -16.75], "rotation": [0, 0, -19], "uv": [147, 73]},
						{"origin": [-2.5, 22.2, -16.5], "size": [1, 2, 1], "inflate": 0.001, "pivot": [-2.6, 23.6, -16.5], "rotation": [0, 0, -19], "uv": [49, 66]},
						{"origin": [-2.5, 22.2, -7.5], "size": [1, 2, 1], "inflate": 0.001, "pivot": [-2.6, 23.6, -7.45], "rotation": [0, 0, -19], "uv": [63, 46]},
						{"origin": [-2.4, 26.2, -15.6], "size": [1, 1, 9], "inflate": -0.001, "pivot": [-2.4, 24.2, -16.5], "rotation": [0, 0, 25], "uv": [24, 35]},
						{"origin": [-2.3, 25.9, -15.6], "size": [1, 1, 9], "inflate": -0.001, "pivot": [-2.4, 24.2, -16.5], "rotation": [0, 0, 25], "uv": [103, 67]},
						{"origin": [-2.4, 24.2, -7.5], "size": [1, 3, 1], "pivot": [-2.4, 24.2, -7.5], "rotation": [0, 0, 25], "uv": [35, 35]},
						{"origin": [-2.4, 24.2, -7.4], "size": [2, 2, 3], "pivot": [-2.4, 24.2, -6.4], "rotation": [0, -33, 25], "uv": [78, 92]},
						{"origin": [-2.4, 23.3, -2.95], "size": [1.5, 2, 8], "inflate": -0.2, "pivot": [-2.4, 23.3, -1.95], "rotation": [1.38249, -12.46915, 7.06579], "uv": [105, 29]},
						{"origin": [-1.3, 23.3, 1.05], "size": [1.4, 2, 4], "inflate": -0.2, "pivot": [-2.4, 23.3, -1.95], "rotation": [1.38249, -12.46915, 7.06579], "uv": [63, 46]},
						{"origin": [-2.4, 23.3, 3.85], "size": [2, 2, 3], "inflate": -0.4, "pivot": [-2.4, 23.3, -1.95], "rotation": [1.38249, -12.46915, 7.06579], "uv": [54, 92]},
						{"origin": [-2.4, 23.3, 5.85], "size": [2, 2, 1], "inflate": -0.3, "pivot": [-2.4, 23.3, -1.95], "rotation": [1.38249, -12.46915, 7.06579], "uv": [86, 57]},
						{"origin": [0.95, 23.95, -18], "size": [1, 2, 11.5], "pivot": [1.95, 23.95, -18], "rotation": [0, 0, -11], "uv": [0, 92]},
						{"origin": [1.425, 23.675, -14.025], "size": [1, 2, 2], "inflate": -0.3, "pivot": [2.425, 23.675, -14.025], "rotation": [0, 0, -11], "uv": [13, 46]},
						{"origin": [-0.05, 23.95, -18], "size": [2, 1, 11.5], "pivot": [1.95, 23.95, -18], "rotation": [0, 0, -61.5], "uv": [147, 59]},
						{"origin": [0.95, 23.95, 1], "size": [1, 2, 4], "pivot": [1.95, 23.95, 1], "rotation": [0, 0, -11], "uv": [35, 67]},
						{"origin": [1.25, 25.25, -6.8], "size": [1, 1, 8.1], "inflate": -0.3, "pivot": [1.95, 23.95, 1], "rotation": [0, 0, -11], "uv": [27, 0]},
						{"origin": [-0.05, 23.95, 1], "size": [2, 1, 4], "pivot": [1.95, 23.95, 1], "rotation": [0, 0, -61.5], "uv": [82, 78]},
						{"origin": [-0.15, 23.65, -6.8], "size": [2, 1, 8.1], "inflate": -0.3, "pivot": [1.95, 23.95, 1], "rotation": [0, 0, -61.5], "uv": [24, 78]},
						{"origin": [1.1, 24.1, 5], "size": [1, 2, 2], "pivot": [2.1, 24.1, 5], "rotation": [0, 0, -11], "uv": [24, 67]},
						{"origin": [-0.9, 24.1, 5], "size": [3, 1, 2], "inflate": -0.001, "pivot": [2.1, 24.1, 5], "rotation": [0, 0, -77.5], "uv": [0, 88]},
						{"origin": [-2.1, 24.1, 5], "size": [1, 2, 2], "pivot": [-2.1, 24.1, 5], "rotation": [0, 0, 11], "uv": [11, 67]},
						{"origin": [-2.1, 24.1, 5], "size": [3, 1, 2], "inflate": -0.001, "pivot": [-2.1, 24.1, 5], "rotation": [0, 0, 77.5], "uv": [35, 73]},
						{"origin": [-0.9, 24.1, 5], "size": [3, 1, 2], "inflate": -0.002, "pivot": [2.1, 24.1, 5], "rotation": [0, -55, -77.5], "uv": [80, 40]},
						{"origin": [-2.1, 24.1, 5], "size": [3, 1, 2], "inflate": -0.002, "pivot": [-2.1, 24.1, 5], "rotation": [0, 55, 77.5], "uv": [70, 40]},
						{"origin": [-1.95, 23.95, -7], "size": [1, 2, 12], "pivot": [-1.95, 23.95, -18], "rotation": [0, 0, 11], "uv": [68, 72]},
						{"origin": [-1.95, 23.95, -7], "size": [1, 1, 12], "pivot": [-1.95, 23.95, -18], "rotation": [0, 0, 61.5], "uv": [147, 46]},
						{"origin": [-1.95, 23.95, -18], "size": [1, 2, 2], "pivot": [-1.95, 23.95, -29], "rotation": [0, 0, 11], "uv": [0, 71]},
						{"origin": [-1.95, 23.95, -18], "size": [2, 1, 2], "pivot": [-1.95, 23.95, -29], "rotation": [0, 0, 61.5], "uv": [49, 49]},
						{"origin": [1.05, 24.3, 6], "size": [1, 1.6, 2], "pivot": [2.05, 24.3, 6], "rotation": [0, 0, -19], "uv": [0, 79]},
						{"origin": [1.05, 22.8, 6], "size": [1, 1.5, 2], "inflate": 0.001, "pivot": [2.05, 24.3, 6], "rotation": [0, 0, 19], "uv": [14, 79]},
						{"origin": [-1.85, 14.75, -17.75], "size": [3.7, 8.25, 9], "uv": [78, 0]},
						{"origin": [-2.45, 9.75, -21.75], "size": [4.9, 11, 5.5], "inflate": 0.001, "uv": [0, 46]},
						{"origin": [-2.45, 19.425, -24.075], "size": [4.9, 1.325, 7.825], "inflate": -0.001, "pivot": [2.35, 20.75, -16.25], "rotation": [-17, 0, 0], "uv": [78, 17]},
						{"origin": [-1.45, 19.35, -26.35], "size": [2.9, 1.25, 3.825], "inflate": -0.001, "pivot": [1.35, 19.35, -22.525], "rotation": [-41.5, 0, 0], "uv": [34, 61]},
						{"origin": [-2.45, 19.875, -25.175], "size": [4.9, 1.6, 3.775], "pivot": [1.35, 19.875, -21.95], "rotation": [-41.5, 0, 0], "uv": [49, 39]},
						{"origin": [-1.25, 19.35, -26.35], "size": [2.7, 1.25, 4.575], "inflate": -0.001, "pivot": [1.45, 19.35, -22.525], "rotation": [-28.71076, 31.35686, 43.53258], "uv": [90, 27]},
						{"origin": [-1.45, 19.35, -26.35], "size": [2.7, 1.25, 4.575], "inflate": -0.001, "pivot": [-1.45, 19.35, -22.525], "rotation": [-28.71076, -31.35686, -43.53258], "uv": [79, 86]},
						{"origin": [-2.45, 9.75, -20.625], "size": [4.9, 1.75, 12.25], "inflate": 0.002, "pivot": [2.65, 9.75, -16.25], "rotation": [12.75, 0, 0], "uv": [70, 27]},
						{"origin": [-2.45, 8.8, -23.35], "size": [4.9, 1.175, 2.8], "inflate": 0.003, "pivot": [2.45, 8.8, -20.55], "rotation": [-22, 0, 0], "uv": [0, 62]},
						{"origin": [-1.45, 9.75, -22.75], "size": [2.9, 11, 1], "uv": [36, 23]},
						{"origin": [0.45, 9.75, -22.75], "size": [1, 11, 1.425], "pivot": [1.45, 9.5, -22.75], "rotation": [0, 45, 0], "uv": [101, 54]},
						{"origin": [-1.45, 9.75, -22.75], "size": [1, 11, 1.425], "pivot": [-1.45, 9.5, -22.75], "rotation": [0, -45, 0], "uv": [97, 54]},
						{"origin": [-2, 21.7, -17.8], "size": [4, 1, 1], "pivot": [-1.95, 21.7, -17.8], "rotation": [-26, 0, 0], "uv": [90, 37]},
						{"origin": [-1.85, 21.5, -18], "size": [3.7, 1, 2], "inflate": -0.003, "pivot": [-0.9, 21.5, -18], "rotation": [-22, 0, 0], "uv": [20, 88]},
						{"origin": [-1.85, 21.5, -18], "size": [3.7, 1.5, 2], "inflate": -0.002, "uv": [30, 88]},
						{"origin": [1, 21, -11.75], "size": [1, 2, 2], "inflate": 0.001, "uv": [78, 0]},
						{"origin": [1, 23, -11.75], "size": [1, 1.25, 2], "inflate": 0.001, "pivot": [2, 23, -11.75], "rotation": [0, 0, -11], "uv": [78, 57]},
						{"origin": [1, 15, -11.75], "size": [1, 5, 2], "inflate": 0.001, "uv": [16, 35]},
						{"origin": [0.95, 20, -12.25], "size": [1, 1, 5], "inflate": 0.001, "uv": [82, 72]},
						{"origin": [1.1, 22, -8.5], "size": [1, 2, 1], "pivot": [2.1, 22, -8.5], "rotation": [0, 0, 6], "uv": [35, 67]},
						{"origin": [0.75, 23, -18], "size": [1, 1, 11.25], "inflate": 0.001, "uv": [27, 92]},
						{"origin": [-2.75, 20.6, -15.63], "size": [1, 3, 9], "inflate": -0.2, "pivot": [-2.75, 22.6, -15.6], "rotation": [0, 0, 17], "uv": [0, 67]},
						{"origin": [-2.75, 20.9, -11.7], "size": [1, 2, 1], "inflate": -0.1, "pivot": [-2.75, 22.9, -11.7], "rotation": [0, 0, 17], "uv": [24, 61]},
						{"origin": [0.85, 19, -8.75], "size": [1, 4, 2], "uv": [49, 26]},
						{"origin": [0.85, 19, -9.75], "size": [1, 1, 3], "inflate": -0.001, "pivot": [1.9, 19, -6.75], "rotation": [25, 0, 0], "uv": [37, 46]},
						{"origin": [-1.85, 19, -8.75], "size": [1, 4, 2], "uv": [49, 0]},
						{"origin": [-2.1, 17.2, -10.25], "size": [1, 5, 1], "uv": [16, 70]},
						{"origin": [-2.1, 18.2, -9.9], "size": [1, 1, 3], "inflate": -0.001, "uv": [37, 0]},
						{"origin": [-2.4, 19.25, -8.5], "size": [1, 2, 1], "inflate": -0.001, "pivot": [-2.45, 21.25, -7.5], "rotation": [0, 0, -9], "uv": [16, 62]},
						{"origin": [-2.3, 16, -17], "size": [4.6, 1, 8.6], "pivot": [2.15, 16, -18], "rotation": [-13, 0, 0], "uv": [98, 81]},
						{"origin": [-2.45, 13.675, -17], "size": [4.9, 2.875, 8.5], "inflate": -0.001, "pivot": [2.7, 15.55, -18], "rotation": [-13, 0, 0], "uv": [0, 35]},
						{"origin": [-2.45, 11.5, -16.3], "size": [4.9, 2.875, 7.75], "uv": [27, 104]},
						{"origin": [-0.7, 27.05, -43.375], "size": [2, 1, 45.225], "inflate": -0.2, "uv": [0, 46]},
						{"origin": [-0.8, 27.05, 1.45], "size": [2, 1, 4], "inflate": -0.2, "uv": [40, 92]},
						{"origin": [-1.2, 27.05, 1.45], "size": [1, 1, 4], "inflate": -0.201, "uv": [93, 0]},
						{"origin": [-1.3, 27.05, -43.375], "size": [2, 1, 45.225], "inflate": -0.201, "uv": [0, 0]},
						{"origin": [-1, 23.3, -70.225], "size": [2, 2, 17], "inflate": 0.1, "pivot": [0, 24.3, -70.225], "rotation": [0, 0, -20], "uv": [49, 26]},
						{"origin": [3.8, 23.3, -31.475], "size": [2, 2, 8.8], "inflate": -0.1, "pivot": [4.8, 24.3, -31.475], "rotation": [0, 0, -20], "uv": [54, 104]},
						{"origin": [3.075, 22.025, -44.225], "size": [1, 1, 16.05], "inflate": -0.001, "pivot": [4.075, 23.025, -44.225], "rotation": [0, 0, 3.25], "uv": [127, 29]},
						{"origin": [3.075, 22.025, -28.225], "size": [1, 1, 7.55], "pivot": [4.075, 23.025, -28.225], "rotation": [-27.75, 0, 3.25], "uv": [87, 40]},
						{"origin": [2.875, 18.625, -22], "size": [1, 1, 5.55], "pivot": [3.875, 19.625, -22], "rotation": [0, 0, 3.25], "uv": [78, 46]},
						{"origin": [2.825, 18.65, -16.45], "size": [1, 1, 5.425], "pivot": [3.825, 18.65, -16.45], "rotation": [42.4553, -3.9, -2.23849], "uv": [68, 72]},
						{"origin": [2.5, 22.275, -13.45], "size": [1, 2.15, 1], "pivot": [3.5, 22.275, -13.45], "rotation": [0.3321, -4.7384, -4.01374], "uv": [49, 20]},
						{"origin": [2.35, 24.45, -13.45], "size": [1, 2.15, 1], "pivot": [3.35, 24.45, -13.45], "rotation": [2.11627, -2.39654, -65.59843], "uv": [24, 46]},
						{"origin": [2.225, 21.675, -48.975], "size": [2.25, 2.25, 5.3], "inflate": -0.1, "pivot": [3.475, 22.925, -48.975], "rotation": [0, 0, 14.25], "uv": [104, 98]},
						{"origin": [-0.025, 22.85, -48.725], "size": [3.45, 1.325, 4.8], "inflate": -0.1, "pivot": [1.875, 23.675, -48.975], "rotation": [0, 0, 47.75], "uv": [24, 61]},
						{"origin": [3.8, 23.3, -24.075], "size": [2, 2, 1.8], "inflate": -0.4, "pivot": [4.8, 24.3, -31.075], "rotation": [0, 0, -20], "uv": [60, 39]},
						{"origin": [-1.5, 22.8, -56.725], "size": [3, 3, 7], "inflate": 0.4, "pivot": [0, 24.3, -56.725], "rotation": [0, 0, -20], "uv": [0, 105]},
						{"origin": [-1.4, 22.65, -59.375], "size": [1, 2.15, 2.25], "pivot": [-1.4, 22.65, -57.125], "rotation": [0, -25, -20], "uv": [0, 67]},
						{"origin": [1.15, 23.975, -59.375], "size": [1, 2.15, 2.25], "pivot": [2.15, 23.975, -57.125], "rotation": [0, 25, -20], "uv": [59, 26]},
						{"origin": [-1.675, 24.75, -59.375], "size": [2.175, 1, 2.25], "pivot": [-1.675, 25.75, -57.125], "rotation": [26.75, 0, -20], "uv": [49, 46]},
						{"origin": [-0.375, 22.15, -59.375], "size": [2.175, 1, 2.25], "pivot": [-0.375, 22.15, -57.125], "rotation": [-26.75, 0, -20], "uv": [25, 39]},
						{"origin": [-1, 21.6, -43.15], "size": [2, 1, 25.2], "uv": [78, 1]},
						{"origin": [1.325, 23.175, -43.15], "size": [1.25, 2.5, 25.2], "uv": [0, 119]},
						{"origin": [-3.3, 23.55, -43.35], "size": [1, 2, 25.6], "inflate": -0.201, "uv": [78, 27]},
						{"origin": [-3.3, 22.95, -43.35], "size": [1, 2, 25.6], "inflate": -0.2, "uv": [0, 92]},
						{"origin": [-2.7, 25.75, -43.15], "size": [1, 2.2, 25.2], "inflate": 0.001, "pivot": [-2.7, 25.55, -43.15], "rotation": [0, 0, 45], "uv": [27, 94]},
						{"origin": [-2.7, 20.9, -43.15], "size": [1, 2.2, 25.2], "inflate": 0.001, "pivot": [-2.7, 23.3, -43.15], "rotation": [0, 0, -45], "uv": [54, 98]},
						{"origin": [-2.575, 23.175, -43.15], "size": [1.25, 2.5, 25.2], "uv": [98, 54]},
						{"origin": [1.7, 25.75, -43.15], "size": [1, 2.2, 25.2], "inflate": 0.001, "pivot": [2.7, 25.55, -43.15], "rotation": [0, 0, -45], "uv": [107, 2]},
						{"origin": [0.45, 25.25, -49.35], "size": [1, 3, 6.2], "pivot": [1.45, 28.25, -49.35], "rotation": [0, 0, -17.75], "uv": [105, 39]},
						{"origin": [0.45, 26.85, -23.35], "size": [1, 1.4, 5.45], "pivot": [1.45, 28.25, -23.35], "rotation": [0, 0, -17.75], "uv": [68, 78]},
						{"origin": [0.45, 25.1, -23.2], "size": [1, 1, 1.05], "inflate": -0.002, "pivot": [1.45, 28.25, -23.35], "rotation": [50, 0, -17.75], "uv": [53, 0]},
						{"origin": [0.45, 26.325, -20.85], "size": [1, 1, 2.95], "inflate": -0.001, "pivot": [1.45, 28.25, -23.35], "rotation": [0, 0, -17.75], "uv": [78, 54]},
						{"origin": [-1.45, 25.1, -23.2], "size": [1, 1, 1.05], "inflate": -0.002, "pivot": [-1.45, 28.25, -23.35], "rotation": [50, 0, 17.75], "uv": [24, 49]},
						{"origin": [-1.45, 26.85, -23.35], "size": [1, 1.4, 5.45], "pivot": [-1.45, 28.25, -23.35], "rotation": [0, 0, 17.75], "uv": [78, 63]},
						{"origin": [-1.45, 26.325, -20.85], "size": [1, 1, 2.95], "inflate": -0.001, "pivot": [-1.45, 28.25, -23.35], "rotation": [0, 0, 17.75], "uv": [78, 20]},
						{"origin": [-1.375, 19.2, -52.3], "size": [2, 4, 2], "inflate": -0.2, "pivot": [0.625, 24.2, -52.3], "rotation": [0, 17.5, 0], "uv": [27, 0]},
						{"origin": [0.45, 20.75, -49.35], "size": [1, 2.75, 6.2], "pivot": [1.45, 20.75, -49.35], "rotation": [0, 0, 17.75], "uv": [107, 8]},
						{"origin": [-1.45, 20.75, -49.35], "size": [1, 2.75, 6.2], "pivot": [-1.45, 20.75, -49.35], "rotation": [0, 0, -17.75], "uv": [107, 0]},
						{"origin": [-1.45, 20.75, -49.35], "size": [2.9, 7.2, 6.2], "inflate": -0.001, "uv": [49, 26]},
						{"origin": [-1.45, 27.25, -49.35], "size": [2.9, 1, 4.2], "inflate": 0.001, "uv": [90, 32]},
						{"origin": [-1.75, 27.55, -45.45], "size": [1.6, 1, 2.6], "inflate": -0.299, "uv": [36, 78]},
						{"origin": [0.15, 27.55, -45.45], "size": [1.6, 1, 2.6], "inflate": -0.299, "uv": [24, 78]},
						{"origin": [-1.75, 27.55, -23.65], "size": [1.6, 1, 2.6], "inflate": -0.299, "uv": [24, 73]},
						{"origin": [-1.45, 27.25, -21.35], "size": [2.9, 1, 3.45], "inflate": 0.001, "uv": [9, 62]},
						{"origin": [0.15, 27.55, -23.65], "size": [1.6, 1, 2.6], "inflate": -0.299, "uv": [78, 17]},
						{"origin": [-1.45, 25.25, -49.35], "size": [1, 3, 6.2], "pivot": [-1.45, 28.25, -49.35], "rotation": [0, 0, 17.75], "uv": [78, 54]},
						{"origin": [2.11, 25.65, -42.15], "size": [1, 2.2, 20], "inflate": -0.4, "pivot": [2.7, 25.55, -43.15], "rotation": [0, 0, -45], "uv": [58, 127]},
						{"origin": [-3.11, 25.65, -42.15], "size": [1, 2.2, 20], "inflate": -0.4, "pivot": [-2.7, 25.55, -43.15], "rotation": [0, 0, 45], "uv": [125, 81]},
						{"origin": [2.11, 21, -42.15], "size": [1, 2.2, 20], "inflate": -0.4, "pivot": [2.7, 23.3, -43.15], "rotation": [0, 0, 45], "uv": [105, 29]},
						{"origin": [-3.11, 21, -42.15], "size": [1, 2.2, 20], "inflate": -0.4, "pivot": [-2.7, 23.3, -43.15], "rotation": [0, 0, -45], "uv": [125, 51]},
						{"origin": [1.7, 20.9, -43.15], "size": [1, 2.2, 25.2], "inflate": 0.001, "pivot": [2.7, 23.3, -43.15], "rotation": [0, 0, 45], "uv": [98, 81]},
						{"origin": [-3.45, 20.7, -29.15], "size": [1, 2.1, 10.2], "inflate": 0.001, "pivot": [-3.45, 22.8, -29.15], "rotation": [0, 0, -45], "uv": [81, 98]},
						{"origin": [2.45, 20.7, -29.15], "size": [1, 2.1, 10.2], "inflate": 0.001, "pivot": [3.45, 22.8, -29.15], "rotation": [0, 0, 45], "uv": [54, 92]},
						{"origin": [3.4, 23.375, -27.15], "size": [3, 1.8, 4.2], "uv": [49, 66]},
						{"origin": [5.475, 24.125, -27.25], "size": [1.025, 1.15, 4.4], "inflate": -0.101, "pivot": [6.4, 25.175, -27.15], "rotation": [0, 0, 47.4], "uv": [27, 92]},
						{"origin": [5.475, 23.275, -27.25], "size": [1.025, 1.15, 4.4], "inflate": -0.101, "pivot": [6.4, 23.375, -27.15], "rotation": [0, 0, -47.4], "uv": [0, 92]},
						{"origin": [3.35, 22.775, -27.15], "size": [2.5, 3, 4.2], "inflate": 0.001, "uv": [70, 26]},
						{"origin": [2.4, 22.525, -27.15], "size": [1, 3.5, 4.2], "inflate": 0.002, "uv": [35, 35]},
						{"origin": [-0.7, 23.65, 8], "size": [2, 2, 3], "inflate": 0.2, "pivot": [-0.7, 25.65, 8], "rotation": [0, 0, 16], "uv": [93, 17]},
						{"origin": [-0.825, 24.35, 15.525], "size": [2, 2, 15.5], "inflate": -0.3, "pivot": [-0.825, 26.35, 15.525], "rotation": [0, 0, 16], "uv": [78, 54]},
						{"origin": [-0.825, 21.3, 15.525], "size": [2, 2, 15.5], "inflate": -0.3, "pivot": [-0.825, 23.3, 15.525], "rotation": [0, 0, 16], "uv": [49, 72]},
						{"origin": [-1.7, 21.15, 11], "size": [3.25, 5, 4], "uv": [49, 72]},
						{"origin": [-1.7, 23.9, 18], "size": [3.25, 2.25, 14], "uv": [134, 0]},
						{"origin": [-2.7, 16.6, 32], "size": [5.275, 5.55, 1], "inflate": 0.001, "uv": [70, 33]},
						{"origin": [-2.7, 21.15, 32], "size": [4.225, 1, 1], "inflate": -0.001, "pivot": [-2.7, 22.15, 32], "rotation": [0, 0, -76.25], "uv": [59, 89]},
						{"origin": [-1.65, 21.15, 32], "size": [4.225, 1, 1], "inflate": -0.001, "pivot": [2.575, 22.15, 32], "rotation": [0, 0, 76.25], "uv": [49, 89]},
						{"origin": [-1.65, 16.6, 32], "size": [4.225, 1, 1], "inflate": -0.001, "pivot": [2.575, 16.6, 32], "rotation": [0, 0, -76.25], "uv": [35, 42]},
						{"origin": [-2.7, 16.6, 32], "size": [4.225, 1, 1], "inflate": -0.001, "pivot": [-2.7, 16.6, 32], "rotation": [0, 0, 76.25], "uv": [63, 52]},
						{"origin": [-1.7, 12.5, 32], "size": [3.25, 13.75, 1], "uv": [36, 9]},
						{"origin": [-1.2, 12.7, 30.5], "size": [2.25, 8.55, 1.5], "uv": [0, 0]},
						{"origin": [-1.7, 20.5, 18], "size": [3.25, 3.4, 2], "inflate": -0.001, "pivot": [-1.7, 23.9, 18], "rotation": [35.75, 0, 0], "uv": [63, 66]},
						{"origin": [-1.7, 21.15, 20], "size": [3.25, 2.75, 12], "uv": [145, 29]},
						{"origin": [-1.7, 24.3, 15], "size": [3.25, 1.85, 1], "uv": [0, 41]},
						{"origin": [-1.7, 21.15, 15], "size": [3.25, 1.85, 1], "uv": [27, 6]},
						{"origin": [-1.7, 21.15, 9.25], "size": [3.25, 3, 1.75], "uv": [25, 35]},
						{"origin": [-1, 26.25, -18], "size": [2, 1, 20], "inflate": -0.001, "uv": [0, 67]},
						{"origin": [-1, 26.25, -43.15], "size": [2, 1, 25.2], "inflate": 0.002, "uv": [69, 72]},
						{"origin": [-1.1, 25.9, 2], "size": [2.2, 1, 1], "inflate": -0.004, "pivot": [1.1, 26.9, 2], "rotation": [-24, 0, 0], "uv": [24, 84]},
						{"origin": [-1.1, 25.55, 1.5], "size": [2.2, 1, 4], "inflate": -0.003, "uv": [66, 92]},
						{"origin": [0.55, 24.15, -14.25], "size": [1, 2.8, 2.5], "inflate": -0.002, "pivot": [1.55, 26.95, -14.25], "rotation": [0, 0, -6.25], "uv": [78, 4]},
						{"origin": [-1.1, 25.9, -18], "size": [2.2, 1, 20], "inflate": -0.002, "uv": [0, 46]},
						{"origin": [-2, 26.55, 4.8], "size": [2, 1, 1], "inflate": -0.001, "pivot": [-2, 26.55, 4.8], "rotation": [0, 24, 0], "uv": [59, 30]},
						{"origin": [0, 26.55, 4.8], "size": [2, 1, 1], "inflate": -0.001, "pivot": [2, 26.55, 4.8], "rotation": [0, -25, 0], "uv": [59, 66]},
						{"origin": [-2, 26.55, 4.8], "size": [4, 1, 1], "uv": [69, 89]},
						{"origin": [-1, 26.4, -6.1], "size": [2, 1, 11], "inflate": -0.1, "uv": [147, 86]}
					]
				},
				{
					"name": "bone",
					"parent": "gun",
					"pivot": [-1.95, 24.2, -19],
					"cubes": [
						{"origin": [-2.05, 24.3, 6], "size": [1, 1.6, 2], "pivot": [-2.05, 24.3, 6], "rotation": [0, 0, 19], "uv": [24, 81]},
						{"origin": [-2.05, 22.8, 6], "size": [1, 1.5, 2], "inflate": 0.001, "pivot": [-2.05, 24.3, 6], "rotation": [0, 0, -19], "uv": [36, 81]}
					]
				},
				{
					"name": "bone2",
					"parent": "gun",
					"pivot": [0, 26.2, -19],
					"cubes": [
						{"origin": [0.65, 25.87, -18.3], "size": [1.3, 1, 24.5], "inflate": -0.2, "pivot": [0.2, 26.64, -18], "rotation": [0, 0, 29], "uv": [28, 122]},
						{"origin": [0.9, 25.82, 5], "size": [1, 1, 2], "inflate": -0.001, "pivot": [0.35, 26.79, 5], "rotation": [0, 0, 29], "uv": [85, 63]},
						{"origin": [-0.85, 25.54, 5], "size": [1, 1, 2], "inflate": 0.001, "uv": [0, 82]},
						{"origin": [-0.15, 25.54, 5], "size": [1, 1, 2], "uv": [58, 81]},
						{"origin": [-1.9, 25.82, 5], "size": [1, 1, 2], "inflate": -0.001, "pivot": [-0.35, 26.79, 5], "rotation": [0, 0, -29], "uv": [14, 82]},
						{"origin": [-1.75, 25.67, -7], "size": [1, 1, 12], "inflate": -0.001, "pivot": [-0.2, 26.64, -18], "rotation": [0, 0, -29], "uv": [97, 54]},
						{"origin": [-1.75, 25.67, -18], "size": [1, 1, 2], "inflate": -0.001, "pivot": [-0.2, 26.64, -29], "rotation": [0, 0, -29], "uv": [86, 54]},
						{"origin": [-1.6, 25.38, 7], "size": [1.6, 1, 1], "inflate": 0.001, "pivot": [0, 26.35, 7], "rotation": [0, 0, -19], "uv": [15, 67]},
						{"origin": [0, 25.38, 7], "size": [1.6, 1, 1], "pivot": [0, 26.35, 7], "rotation": [0, 0, 19], "uv": [4, 67]},
						{"origin": [0, 22.32, 7], "size": [1.6, 1, 1], "pivot": [0, 22.35, 7], "rotation": [0, 0, -19], "uv": [59, 68]},
						{"origin": [-1.6, 22.32, 7], "size": [1.6, 1, 1], "inflate": 0.001, "pivot": [0, 22.35, 7], "rotation": [0, 0, 19], "uv": [28, 67]}
					]
				},
				{
					"name": "action",
					"parent": "gun",
					"pivot": [1.7, 23.95, -6.5],
					"cubes": [
						{"origin": [0.75, 23.95, -6.5], "size": [1, 1.65, 7.5], "pivot": [1.75, 23.95, -6.5], "rotation": [0, 0, -11], "uv": [16, 35]},
						{"origin": [0.95, 24.1, -4.075], "size": [3, 1, 1], "pivot": [3.95, 24.1, -4.075], "rotation": [-16, 0, 0], "uv": [49, 6]},
						{"origin": [-0.3, 23.95, -6.5], "size": [2, 1, 7.5], "pivot": [1.7, 23.95, -6.5], "rotation": [0, 0, -61.5], "uv": [93, 98]}
					]
				},
				{
					"name": "bone4",
					"parent": "gun",
					"pivot": [-1.1, 27.775, -41.75],
					"cubes": [
						{"origin": [-0.7, 20.85, -43.35], "size": [2, 1, 25.85], "inflate": -0.2, "uv": [49, 0]},
						{"origin": [-1.3, 20.85, -43.35], "size": [2, 1, 25.85], "inflate": -0.201, "uv": [49, 46]}
					]
				},
				{
					"name": "bone5",
					"parent": "gun",
					"pivot": [1.8, 25.35, -41.75],
					"cubes": [
						{"origin": [2.3, 22.95, -43.35], "size": [1, 2, 25.6], "inflate": -0.2, "uv": [108, 110]},
						{"origin": [2.45, 22.85, -43.1], "size": [1.175, 2.8, 15.6], "inflate": -0.2, "uv": [132, 137]},
						{"origin": [-3.625, 22.85, -43.1], "size": [1.175, 2.8, 15.6], "inflate": -0.2, "uv": [132, 137], "mirror": true},
						{"origin": [2.3, 23.55, -43.35], "size": [1, 2, 25.6], "inflate": -0.201, "uv": [81, 108]}
					]
				},
				{
					"name": "bolt",
					"parent": "gun",
					"pivot": [-1.5, 25.5, -15],
					"rotation": [0, 0, 13],
					"cubes": [
						{"origin": [-1.47759, 23.67688, -15.5], "size": [1, 2, 9], "pivot": [-0.5, 23.5, -14], "rotation": [0, 0, 15], "uv": [24, 67]}
					]
				},
				{
					"name": "rightarm",
					"parent": "main",
					"pivot": [-4.3, 8.8, 21.8],
					"rotation": [-101.81106, -12.40003, -2.46982],
					"cubes": [
						{"origin": [-8.3, -15.2, 17.8], "size": [8, 24, 8], "uv": [100, 137]}
					]
				},
				{
					"name": "leftarm",
					"parent": "main",
					"pivot": [12.425, 7.275, -15.175],
					"rotation": [-134.1508, -1.1848, -33.1648],
					"cubes": [
						{"origin": [8.425, -16.725, -19.175], "size": [8, 24, 8], "uv": [1, 1]}
					]
				},
				{
					"name": "magazine",
					"parent": "main",
					"pivot": [0.5, 3.75, -10.25],
					"cubes": [
						{"origin": [-1.75, 9.75, -17.25], "size": [3.5, 12, 8], "uv": [49, 46]},
						{"origin": [-1.75, -2.25, -17.25], "size": [3.5, 12, 8], "inflate": 0.001, "pivot": [0.75, 9.75, -9.25], "rotation": [-16.5, 0, 0], "uv": [49, 0]}
					]
				},
				{
					"name": "bullet",
					"parent": "magazine",
					"pivot": [0, 21.5, -15.725],
					"cubes": [
						{"origin": [-0.5, 21, -16.375], "size": [1, 1, 6.25], "inflate": 0.2, "pivot": [0, 21.5, -16.125], "rotation": [0, 0, 21], "uv": [108, 108]}
					]
				},
				{
					"name": "muzzleflash",
					"parent": "main",
					"pivot": [0, 24.35, -70.875],
					"cubes": [
						{"origin": [-0.5, 23.85, -71.175], "size": [1, 1, 1], "inflate": -0.4, "uv": [45, 62]}
					]
				},
				{
					"name": "scope",
					"parent": "main",
					"pivot": [0, 32.3, 9.25],
					"cubes": [
						{"origin": [-0.5, 31.8, 8.95], "size": [1, 1, 1], "inflate": -0.4, "uv": [27, 69]}
					]
				},
				{
					"name": "_cb_scope",
					"parent": "main",
					"pivot": [0, 30.675, -13.375],
					"cubes": [
						{"origin": [-0.5, 27.35, -11.5], "size": [1, 1, 1], "uv": [27, 9]}
					]
				},
				{
					"name": "_cb_canted",
					"parent": "main",
					"pivot": [0, 27.65, -11.9],
					"cubes": [
						{"origin": [-0.5, 27.35, -4.75], "size": [1, 1, 1], "uv": [35, 105]}
					]
				},
				{
					"name": "_cb_grip",
					"parent": "main",
					"pivot": [0, 21.025, -30.475],
					"cubes": [
						{"origin": [-0.5, 20.525, -30.975], "size": [1, 1, 1], "uv": [25, 45]}
					]
				},
				{
					"name": "_camera_",
					"pivot": [6.825, 33.725, 26.45]
				}
			]
		}
	]
}