{
	"format_version": "1.12.0",
	"minecraft:geometry": [
		{
			"description": {
				"identifier": "geometry.unknown",
				"texture_width": 200,
				"texture_height": 200,
				"visible_bounds_width": 9,
				"visible_bounds_height": 7,
				"visible_bounds_offset": [0, 1.5, 0]
			},
			"bones": [
				{
					"name": "bb_main",
					"pivot": [0, 0, 0]
				},
				{
					"name": "main",
					"pivot": [0, 20, 0]
				},
				{
					"name": "gun",
					"parent": "main",
					"pivot": [1, 10.15, -1],
					"cubes": [
						{"origin": [-2.25, 12.425, -1], "size": [4.5, 5.975, 5.05], "inflate": -0.001, "uv": [101, 80]},
						{"origin": [-2.35, 16.425, -6.1], "size": [4.7, 1.975, 5.125], "inflate": -0.001, "uv": [58, 104]},
						{"origin": [-2.35, 18.375, -4.75], "size": [4.7, 3.475, 6.65], "inflate": -0.001, "uv": [128, 87]},
						{"origin": [-2.6, 19.95, -3.125], "size": [5.2, 2.5, 2.5], "inflate": -0.001, "pivot": [1, 19.925, -3.125], "rotation": [-23.75, 0, 0], "uv": [116, 75]},
						{"origin": [-2.7, 22.8, 9.8], "size": [5.4, 2, 2], "inflate": -0.3, "pivot": [1, 22.775, 9.8], "rotation": [-23.75, 0, 0], "uv": [102, 75]},
						{"origin": [-2.45, 16.225, -22.8], "size": [4.9, 2, 2], "inflate": -0.3, "pivot": [1, 16.2, -22.8], "rotation": [-23.75, 0, 0], "uv": [107, 33]},
						{"origin": [-2.55, 18.325, -25.35], "size": [5.1, 2, 2], "inflate": -0.4, "pivot": [1, 18.3, -25.35], "rotation": [-23.75, 0, 0], "uv": [96, 48]},
						{"origin": [-2.6, 19.95, -3.125], "size": [5.2, 1, 3.025], "inflate": -0.001, "pivot": [1, 19.925, -3.125], "rotation": [-90, 0, 0], "uv": [72, 80]},
						{"origin": [-3.25, 13.4, -9.775], "size": [6.5, 7.5, 1], "inflate": -0.001, "pivot": [0.75, 14.375, -9.775], "rotation": [68, 0, 0], "uv": [58, 87]},
						{"origin": [-3.25, 7.525, -14.925], "size": [6.5, 6.5, 6.5], "inflate": -0.001, "pivot": [0.75, 8.5, -14.925], "rotation": [62, 0, 0], "uv": [68, 13]},
						{"origin": [-3.75, 8.525, -10.425], "size": [7.5, 4.5, 1], "inflate": -0.001, "pivot": [0.75, 8.5, -14.925], "rotation": [62, 0, 0], "uv": [140, 104]},
						{"origin": [-3.75, 8.525, -13.925], "size": [7.5, 4.5, 1], "inflate": -0.001, "pivot": [0.75, 8.5, -14.925], "rotation": [62, 0, 0], "uv": [39, 104]},
						{"origin": [-3.75, 12.025, -12.925], "size": [7.5, 1, 2.5], "inflate": -0.001, "pivot": [0.75, 8.5, -14.925], "rotation": [62, 0, 0], "uv": [52, 27]},
						{"origin": [-3.75, 8.525, -12.925], "size": [7.5, 1, 2.5], "inflate": -0.001, "pivot": [0.75, 8.5, -14.925], "rotation": [62, 0, 0], "uv": [34, 27]},
						{"origin": [-1.25, 13.325, -23.675], "size": [2.5, 3, 3], "inflate": -0.001, "pivot": [1.25, 13.325, -23.675], "rotation": [62, 0, 0], "uv": [15, 76]},
						{"origin": [-2.5, 13.325, -23.675], "size": [5, 3, 3], "inflate": -0.4, "pivot": [2.25, 13.325, -23.675], "rotation": [62, 0, 0], "uv": [139, 32]},
						{"origin": [-2.35, 27.575, -51.25], "size": [4.7, 2, 2], "inflate": -0.4, "pivot": [2.1, 27.575, -51.25], "rotation": [62, 0, 0], "uv": [107, 43]},
						{"origin": [-2.5, 16.8, -15.85], "size": [5, 3, 3], "inflate": -0.3, "pivot": [2.25, 16.8, -15.85], "rotation": [62, 0, 0], "uv": [138, 120]},
						{"origin": [2.525, 12.95, -20.2], "size": [2, 2, 6.525], "inflate": -0.2, "pivot": [4.275, 12.95, -20.2], "rotation": [49, 0, 0], "uv": [144, 13]},
						{"origin": [2.75, 17.625, -16.125], "size": [2, 2, 3.525], "inflate": -0.2, "pivot": [4.475, 17.6, -16.125], "rotation": [67.79936, -35.39892, -54.83447], "uv": [149, 109]},
						{"origin": [-4.75, 17.625, -16.125], "size": [2, 2, 3.525], "inflate": -0.2, "pivot": [-4.475, 17.6, -16.125], "rotation": [67.79936, 35.39892, 54.83447], "uv": [128, 148]},
						{"origin": [2.625, 13.025, -20.025], "size": [2, 2, 2], "inflate": -0.2, "pivot": [4.375, 13.025, -20.025], "rotation": [88.24673, 3.49837, -0.10702], "uv": [96, 42]},
						{"origin": [2.525, 13.025, -21.725], "size": [2, 3.4, 2], "inflate": -0.2, "pivot": [4.275, 13.025, -21.725], "rotation": [63.96189, 11.26547, -5.45191], "uv": [22, 0]},
						{"origin": [2.025, 14.3, -24.425], "size": [2, 2.25, 2], "inflate": -0.2, "pivot": [3.775, 14.3, -24.425], "rotation": [49.89898, 48.05992, -32.06293], "uv": [96, 32]},
						{"origin": [-4.025, 14.3, -24.425], "size": [2, 2.25, 2], "inflate": -0.2, "pivot": [-3.775, 14.3, -24.425], "rotation": [49.89898, -48.05992, 32.06293], "uv": [96, 28]},
						{"origin": [-4.625, 13.025, -20.025], "size": [2, 2, 2], "inflate": -0.2, "pivot": [-4.375, 13.025, -20.025], "rotation": [88.24673, -3.49837, 0.10702], "uv": [96, 38]},
						{"origin": [-4.525, 12.95, -20.2], "size": [2, 2, 6.525], "inflate": -0.2, "pivot": [-4.275, 12.95, -20.2], "rotation": [49, 0, 0], "uv": [144, 0]},
						{"origin": [-4.525, 13.025, -21.725], "size": [2, 3.4, 2], "inflate": -0.2, "pivot": [-4.275, 13.025, -21.725], "rotation": [63.96189, -11.26547, 5.45191], "uv": [0, 0]},
						{"origin": [-3.25, 13.4, -3.275], "size": [6.5, 7.5, 1], "inflate": -0.001, "pivot": [0.75, 14.375, -9.775], "rotation": [68, 0, 0], "uv": [30, 63]},
						{"origin": [-2.5, 14.4, -8.775], "size": [5, 5.5, 5.5], "inflate": -0.001, "pivot": [0.75, 14.375, -9.775], "rotation": [68, 0, 0], "uv": [52, 112]},
						{"origin": [-3.25, 13.4, -8.775], "size": [6.5, 1, 5.5], "inflate": -0.001, "pivot": [0.75, 14.375, -9.775], "rotation": [68, 0, 0], "uv": [68, 48]},
						{"origin": [-3.25, 19.9, -8.775], "size": [6.5, 1, 5.5], "inflate": -0.001, "pivot": [0.75, 14.375, -9.775], "rotation": [68, 0, 0], "uv": [0, 24]},
						{"origin": [-2.25, 12.425, -1], "size": [4.5, 1.325, 4.65], "inflate": -0.001, "pivot": [0.75, 12.45, -1], "rotation": [-38, 0, 0], "uv": [142, 87]},
						{"origin": [-2.25, 3.65, -0.325], "size": [4.5, 10.275, 5.6], "inflate": 0.001, "pivot": [1, 12.65, -0.325], "rotation": [28.25, 0, 0], "uv": [0, 90]},
						{"origin": [-2.25, 1.85, 2.675], "size": [4.5, 1, 7.5], "inflate": 0.001, "uv": [26, 115]},
						{"origin": [-2.25, 2.6, 3.625], "size": [4.5, 3.75, 5.9], "uv": [130, 140]},
						{"origin": [-2.25, 1.85, 10.175], "size": [4.5, 6.7, 3.5], "inflate": 0.002, "pivot": [1, 1.85, 10.175], "rotation": [41, 0, 0], "uv": [16, 47]},
						{"origin": [-2.25, 10.55, 20.175], "size": [4.5, 4.2, 2.675], "inflate": 0.001, "pivot": [1, 10.55, 20.175], "rotation": [66.5, 0, 0], "uv": [43, 90]},
						{"origin": [-2.25, 1.85, 23.425], "size": [4.5, 5.25, 8], "inflate": -0.002, "pivot": [1, 1.85, 10.175], "rotation": [41, 0, 0], "uv": [68, 0]},
						{"origin": [-2.25, 5.35, 13.625], "size": [4.5, 3.475, 11.5], "inflate": -0.001, "pivot": [1, 1.85, 10.175], "rotation": [41, 0, 0], "uv": [127, 126]},
						{"origin": [-2.25, 1.525, 2.675], "size": [4.5, 1.325, 2.175], "inflate": -0.001, "pivot": [1, 2.85, 2.675], "rotation": [46, 0, 0], "uv": [46, 59]},
						{"origin": [-2.25, 9.075, 7.025], "size": [4.5, 3.45, 6.675], "inflate": 0.003, "pivot": [1, 10.525, 8.925], "rotation": [16, 0, 0], "uv": [129, 62]},
						{"origin": [-2.25, 10.525, 2.7], "size": [4.5, 3.45, 6.675], "pivot": [1, 12.275, 4.6], "rotation": [-33.25, 0, 0], "uv": [129, 53]},
						{"origin": [-2.25, 12.075, 9.1], "size": [4.5, 2.925, 7.4], "pivot": [1, 12.825, 12.1], "rotation": [46.75, 0, 0], "uv": [96, 8]},
						{"origin": [-2.25, 15.5, 11.825], "size": [4.5, 2.825, 15.95], "inflate": 0.001, "uv": [58, 87]},
						{"origin": [-2.25, 15.5, 27.775], "size": [4.5, 1, 8.5], "inflate": 0.002, "pivot": [1, 15.5, 27.775], "rotation": [78.15, 0, 0], "uv": [72, 70]},
						{"origin": [-2.25, 18.25, 1.825], "size": [4.5, 1.575, 26.45], "uv": [34, 32]},
						{"origin": [-2.25, 20.825, 1.825], "size": [4.5, 1, 26.45], "inflate": 0.001, "uv": [34, 0]},
						{"origin": [-2.25, 19.75, 1.825], "size": [4.5, 1.175, 1.55], "inflate": -0.001, "uv": [0, 44]},
						{"origin": [-2.25, 19.75, 9.325], "size": [4.5, 1.175, 18.55], "inflate": -0.001, "uv": [0, 115]},
						{"origin": [-2.25, 21.75, 3.325], "size": [4.5, 3.075, 25.7], "inflate": 0.001, "uv": [39, 59]},
						{"origin": [-2.25, 23.825, 28.525], "size": [4.5, 1, 1], "inflate": 0.003, "uv": [47, 76]},
						{"origin": [1, 24.825, 5.325], "size": [1.25, 1.8, 24.2], "inflate": 0.001, "pivot": [2.25, 24.825, 5.325], "rotation": [0, 0, -33.8], "uv": [96, 28]},
						{"origin": [-2.25, 24.825, 5.325], "size": [1.25, 1.8, 24.2], "inflate": 0.001, "pivot": [-2.25, 24.825, 5.325], "rotation": [0, 0, 33.8], "uv": [96, 0]},
						{"origin": [-1.25, 24.75, 5.325], "size": [2.5, 1.575, 24.2], "inflate": 0.001, "uv": [73, 80]},
						{"origin": [-1.15, 24.6, -3.675], "size": [2.3, 1.575, 2.7], "inflate": 0.001, "uv": [55, 81]},
						{"origin": [-2, 22.85, -3.675], "size": [4, 2.025, 2.7], "inflate": 0.001, "uv": [122, 30]},
						{"origin": [-1.45, 23.35, -1.025], "size": [2.9, 1.525, 6.5], "inflate": 0.001, "uv": [81, 95]},
						{"origin": [0.9, 24.925, -3.675], "size": [1.25, 1.55, 2.7], "inflate": 0.001, "pivot": [2.15, 24.675, -3.675], "rotation": [0, 0, -33.8], "uv": [81, 95]},
						{"origin": [-2.15, 24.925, -3.675], "size": [1.25, 1.55, 2.7], "inflate": 0.001, "pivot": [-2.15, 24.675, -3.675], "rotation": [0, 0, 33.8], "uv": [91, 95]},
						{"origin": [-0.9, 24.15, -1.675], "size": [1.8, 1.575, 8.2], "inflate": 0.001, "uv": [76, 137]},
						{"origin": [0.65, 25.025, -1.675], "size": [1.25, 1, 8.2], "inflate": 0.001, "pivot": [1.9, 24.225, -1.675], "rotation": [0, 0, -33.8], "uv": [94, 137]},
						{"origin": [-1.9, 25.025, -1.675], "size": [1.25, 1, 8.2], "inflate": 0.001, "pivot": [-1.9, 24.225, -1.675], "rotation": [0, 0, 33.8], "uv": [112, 137]},
						{"origin": [-1, 26.125, 24.575], "size": [2, 1.325, 4.95], "inflate": 0.001, "uv": [122, 25]},
						{"origin": [-1, 28.75, 23.4], "size": [2, 1.325, 4.95], "pivot": [1, 30.075, 23.4], "rotation": [-38.25, 0, 0], "uv": [122, 0]},
						{"origin": [-1, 28.75, 23.4], "size": [2, 1.325, 4.95], "inflate": 0.001, "pivot": [1, 30.075, 23.4], "rotation": [-63, 0, 0], "uv": [107, 38]},
						{"origin": [-1.15, 27.95, 14.1], "size": [1.75, 2.325, 1], "inflate": 0.001, "pivot": [0.6, 30.275, 14.1], "rotation": [-78.25, 0, 0], "uv": [5, 5]},
						{"origin": [0, 26.125, 24.575], "size": [1, 1.325, 4.95], "inflate": 0.001, "pivot": [1, 27.45, 24.575], "rotation": [0, 0, -13.75], "uv": [150, 26]},
						{"origin": [-1, 26.125, 24.575], "size": [1, 1.325, 4.95], "inflate": 0.001, "pivot": [-1, 27.45, 24.575], "rotation": [0, 0, 13.75], "uv": [150, 21]},
						{"origin": [-1, 25.6, 7.975], "size": [2, 2.175, 4.95], "inflate": 0.001, "pivot": [1, 27.775, 7.975], "rotation": [-17.5, 0, 0], "uv": [26, 90]},
						{"origin": [0, 25.6, 7.975], "size": [1, 2.175, 4.95], "pivot": [1, 27.775, 7.975], "rotation": [-17.02789, -4.09863, -13.13618], "uv": [84, 0]},
						{"origin": [-1, 25.6, 7.975], "size": [1, 2.175, 4.95], "pivot": [-1, 27.775, 7.975], "rotation": [-17.02789, 4.09863, 13.13618], "uv": [110, 17]},
						{"origin": [-2.25, 21.85, 1.825], "size": [4.5, 3.325, 1.6], "pivot": [2, 21.85, 1.825], "rotation": [-26.75, 0, 0], "uv": [148, 43]},
						{"origin": [-2.25, 21.95, -23.175], "size": [4.5, 3.075, 19.7], "inflate": 0.001, "uv": [101, 80]},
						{"origin": [-2.25, 18.4, -6.1], "size": [4.5, 3.575, 2.625], "inflate": 0.001, "uv": [26, 96]},
						{"origin": [-1.75, 20.575, -20.275], "size": [3.5, 2.075, 4.8], "inflate": 0.001, "uv": [145, 78]},
						{"origin": [-0.75, 18, -20.275], "size": [1.5, 3.75, 5.95], "inflate": 0.001, "pivot": [1.75, 20.55, -20.275], "rotation": [-13.25, 0, 0], "uv": [17, 19]},
						{"origin": [-1.5, 14.7, -20.9], "size": [3, 2.175, 4.1], "inflate": 0.001, "pivot": [1.5, 14.675, -20.9], "rotation": [47.75, 0, 0], "uv": [145, 72]},
						{"origin": [0.75, 18.2, -20.275], "size": [1, 2.375, 4.8], "inflate": 0.001, "pivot": [1.75, 20.575, -20.275], "rotation": [0, 0, 31.25], "uv": [50, 32]},
						{"origin": [-1.75, 18.2, -20.275], "size": [1, 2.375, 4.8], "inflate": 0.001, "pivot": [-1.75, 20.575, -20.275], "rotation": [0, 0, -31.25], "uv": [34, 32]},
						{"origin": [-2, 15.7, -22.675], "size": [4, 2.075, 2.45], "inflate": 0.001, "uv": [122, 34]},
						{"origin": [-1, 2.45, -21.675], "size": [2, 15.975, 9.05], "inflate": 0.001, "pivot": [1, 2.45, -21.675], "rotation": [-10.25, 0, 0], "uv": [0, 0]},
						{"origin": [-2, 2.45, -21.55], "size": [4, 13.975, 1.3], "inflate": 0.001, "pivot": [1, 2.45, -21.675], "rotation": [-10.25, 0, 0], "uv": [0, 47]},
						{"origin": [-2, 2.45, -14.05], "size": [4, 13.975, 1.3], "inflate": 0.001, "pivot": [1, 2.45, -21.675], "rotation": [-10.25, 0, 0], "uv": [16, 32]},
						{"origin": [-2, 15.875, -18.05], "size": [4, 1.975, 7.8], "inflate": 0.002, "pivot": [2, 15.875, -17.55], "rotation": [-23.75, 0, 0], "uv": [0, 105]},
						{"origin": [-2, 13.1, -10.725], "size": [4, 1.975, 2.3], "inflate": 0.001, "pivot": [2, 13.1, -10.725], "rotation": [-4.25, 0, 0], "uv": [34, 59]},
						{"origin": [-2, 12.925, -8.425], "size": [4, 2, 3.2], "inflate": 0.002, "pivot": [2, 12.925, -8.425], "rotation": [48.75, 0, 0], "uv": [52, 122]},
						{"origin": [-2, 15.325, -6.325], "size": [4, 2, 5.45], "inflate": 0.001, "pivot": [2, 15.325, -6.325], "rotation": [75.75, 0, 0], "uv": [26, 104]},
						{"origin": [-2.05, 17.775, -24.925], "size": [4.1, 2.075, 3.7], "inflate": 0.001, "uv": [87, 146]},
						{"origin": [-2.25, 17.75, -23.175], "size": [4.5, 4.2, 2.95], "inflate": 0.001, "uv": [14, 69]},
						{"origin": [-2.75, 21.8, -53.175], "size": [5.5, 2.85, 2.95], "uv": [35, 123]},
						{"origin": [-3.05, 20.8, -55.175], "size": [6.1, 4.35, 2], "uv": [46, 130]},
						{"origin": [-1.5, 17.75, -55.175], "size": [3, 8.1, 5.75], "inflate": 0.001, "uv": [47, 63]},
						{"origin": [1.5, 24.6, -53.175], "size": [1.5, 4.85, 2.95], "inflate": 0.001, "pivot": [3, 24.6, -53.175], "rotation": [0, 0, -17.25], "uv": [30, 71]},
						{"origin": [2.05, 25.15, -54.65], "size": [1, 4.35, 1.15], "pivot": [3.05, 25.15, -54.65], "rotation": [0, 0, -25.25], "uv": [34, 6]},
						{"origin": [-1.2, 28.075, -54.65], "size": [2.4, 1, 1.15], "inflate": 0.001, "uv": [84, 6]},
						{"origin": [-1.55, 28.225, -53.175], "size": [3.1, 1, 2.95], "inflate": 0.002, "uv": [80, 55]},
						{"origin": [-3.05, 25.15, -54.65], "size": [1, 4.35, 1.15], "pivot": [-3.05, 25.15, -54.65], "rotation": [0, 0, 25.25], "uv": [34, 0]},
						{"origin": [-1.2, 16.875, -54.65], "size": [2.4, 1, 1.15], "inflate": 0.001, "uv": [64, 30]},
						{"origin": [2.05, 16.45, -54.65], "size": [1, 4.35, 1.15], "pivot": [3.05, 20.8, -54.65], "rotation": [0, 0, 25.25], "uv": [0, 24]},
						{"origin": [-3.05, 16.45, -54.65], "size": [1, 4.35, 1.15], "pivot": [-3.05, 20.8, -54.65], "rotation": [0, 0, -25.25], "uv": [26, 32]},
						{"origin": [-3, 24.6, -53.175], "size": [1.5, 4.85, 2.95], "inflate": 0.001, "pivot": [-3, 24.6, -53.175], "rotation": [0, 0, 17.25], "uv": [68, 13]},
						{"origin": [-3, 16.95, -53.175], "size": [1.5, 4.85, 2.95], "inflate": 0.001, "pivot": [-3, 21.8, -53.175], "rotation": [0, 0, -17.25], "uv": [13, 0]},
						{"origin": [1.5, 16.95, -53.175], "size": [1.5, 4.85, 2.95], "inflate": 0.001, "pivot": [3, 21.8, -53.175], "rotation": [0, 0, 17.25], "uv": [24, 16]},
						{"origin": [-2.25, 20.35, -15.525], "size": [4.5, 1.6, 1.8], "inflate": 0.001, "uv": [47, 81]},
						{"origin": [-2, 24.75, -23.175], "size": [4, 1.325, 19.7], "inflate": 0.002, "uv": [102, 55]},
						{"origin": [-2.95, 23.3, -23.375], "size": [5.9, 1, 12.2], "inflate": -0.2, "uv": [122, 0]},
						{"origin": [-2.95, 23.3, -11.575], "size": [5.9, 1, 7.15], "inflate": -0.2, "pivot": [2.75, 24.1, -11.375], "rotation": [-28, 0, 0], "uv": [96, 0]},
						{"origin": [0.05, 23.3, -11.675], "size": [2.9, 1, 7.25], "inflate": -0.2, "pivot": [2.75, 24.1, -11.375], "rotation": [-23.72576, 15.32066, 31.01334], "uv": [140, 96]},
						{"origin": [-2.95, 23.3, -11.675], "size": [2.9, 1, 7.25], "inflate": -0.2, "pivot": [-2.75, 24.1, -11.375], "rotation": [-23.72576, -15.32066, -31.01334], "uv": [59, 140]},
						{"origin": [1.95, 23.9, -23.375], "size": [1, 1.4, 12.3], "inflate": -0.201, "pivot": [2.75, 24.1, -23.175], "rotation": [0, 0, -56], "uv": [0, 63]},
						{"origin": [1.7, 24.375, -23.375], "size": [1, 1.4, 12.3], "inflate": -0.2, "pivot": [2.5, 24.575, -23.175], "rotation": [0, 0, -56], "uv": [34, 13]},
						{"origin": [-0.2, 23.775, -11.675], "size": [2.9, 1, 7.475], "inflate": -0.2, "pivot": [2.5, 24.575, -11.375], "rotation": [-23.72576, 15.32066, 31.01334], "uv": [29, 139]},
						{"origin": [-2.7, 24.375, -23.375], "size": [1, 1.4, 12.3], "inflate": -0.2, "pivot": [-2.5, 24.575, -23.175], "rotation": [0, 0, 56], "uv": [34, 0]},
						{"origin": [-2.7, 23.775, -11.675], "size": [2.9, 1, 7.475], "inflate": -0.2, "pivot": [-2.5, 24.575, -11.375], "rotation": [-23.72576, -15.32066, -31.01334], "uv": [139, 24]},
						{"origin": [-2.95, 23.9, -23.375], "size": [1, 1.4, 12.3], "inflate": -0.201, "pivot": [-2.75, 24.1, -23.175], "rotation": [0, 0, 56], "uv": [34, 45]},
						{"origin": [-2, 26.05, -23.175], "size": [4, 1.025, 3.75], "inflate": 0.001, "uv": [28, 134]},
						{"origin": [1.3, 25.775, -19.725], "size": [1, 3.675, 15.55], "inflate": -0.3, "uv": [35, 112]},
						{"origin": [-15.235, 9.56, -26.6], "size": [16.875, 13.7, 28.825], "inflate": -7, "pivot": [3.275, 17.825, -11.825], "rotation": [0, 0, 90], "uv": [77, 159]},
						{"origin": [1.05, 28.45, -4.775], "size": [1, 1.35, 4.25], "inflate": -0.3, "pivot": [1.75, 29.5, -4.475], "rotation": [-74.5, 0, 0], "uv": [64, 148]},
						{"origin": [-2.05, 28.45, -4.775], "size": [1, 1.35, 4.25], "inflate": -0.3, "pivot": [-1.75, 29.5, -4.475], "rotation": [-74.5, 0, 0], "uv": [54, 148]},
						{"origin": [-1.3, 28.45, -5.025], "size": [3, 1.35, 4.25], "inflate": -0.3, "pivot": [-1, 29.5, -4.725], "rotation": [-74.5, 0, 0], "uv": [16, 56]},
						{"origin": [1.3, 25.775, -4.775], "size": [1, 2.125, 1.6], "inflate": -0.301, "pivot": [2, 26.075, -3.475], "rotation": [44.75, 0, 0], "uv": [26, 40]},
						{"origin": [-2.3, 25.775, -4.775], "size": [1, 2.125, 1.6], "inflate": -0.301, "pivot": [-2, 26.075, -3.475], "rotation": [44.75, 0, 0], "uv": [26, 37]},
						{"origin": [-2.3, 25.775, -19.725], "size": [1, 3.675, 15.55], "inflate": -0.3, "uv": [30, 63]},
						{"origin": [-1, 28.55, -49.175], "size": [2, 1, 26.95], "inflate": 0.001, "uv": [0, 63]},
						{"origin": [-1, 28, -49.175], "size": [2, 1.55, 1], "pivot": [1, 29.55, -49.175], "rotation": [-50.5, 0, 0], "uv": [57, 76]},
						{"origin": [-1, 27.6, -53.775], "size": [2, 1, 30.85], "inflate": 0.001, "uv": [0, 32]},
						{"origin": [-1, 20.95, -25.475], "size": [2, 1, 3.95], "inflate": 0.002, "uv": [110, 48]},
						{"origin": [-1, 17.35, -25.475], "size": [2, 4.6, 1], "inflate": 0.001, "pivot": [1, 21.95, -25.475], "rotation": [-46.75, 0, 0], "uv": [58, 63]},
						{"origin": [0, 28.55, -49.175], "size": [1, 1, 26.95], "inflate": 0.001, "pivot": [1, 29.55, -49.175], "rotation": [0, 0, -45], "uv": [68, 28]},
						{"origin": [-1, 28.55, -49.175], "size": [1, 1, 26.95], "inflate": 0.001, "pivot": [-1, 29.55, -49.175], "rotation": [0, 0, 45], "uv": [68, 1]},
						{"origin": [-1, 28.875, -23.075], "size": [2, 1, 4.95], "inflate": 0.001, "uv": [122, 5]},
						{"origin": [-1.9, 27.775, -23.075], "size": [3.8, 1.2, 4.95], "inflate": 0.001, "uv": [73, 146]},
						{"origin": [-1.8, 26.275, -23.075], "size": [3.6, 1.7, 4.95], "uv": [40, 139]},
						{"origin": [0.9, 17.975, -48.975], "size": [1, 1, 24.55], "inflate": 0.001, "uv": [0, 90]},
						{"origin": [-1.5, 17.8, -48.975], "size": [3, 1.3, 24.55], "inflate": -0.3, "uv": [72, 55]},
						{"origin": [-1.9, 17.975, -48.975], "size": [1, 1, 24.55], "inflate": 0.001, "uv": [32, 87]},
						{"origin": [0, 28.625, -23.075], "size": [1, 1.25, 4.95], "pivot": [1, 29.875, -23.075], "rotation": [0, 0, -45], "uv": [134, 149]},
						{"origin": [-1, 28.625, -23.075], "size": [1, 1.25, 4.95], "pivot": [-1, 29.875, -23.075], "rotation": [0, 0, 45], "uv": [144, 149]},
						{"origin": [-2.2, 28.95, -18.625], "size": [1, 1.6, 14.35], "inflate": -0.2, "pivot": [-2, 29.15, -18.425], "rotation": [0, 0, 33], "uv": [0, 47]},
						{"origin": [1.2, 28.95, -18.625], "size": [1, 1.6, 14.35], "inflate": -0.2, "pivot": [2, 29.15, -18.425], "rotation": [0, 0, -33], "uv": [0, 32]},
						{"origin": [-1.35, 29.15, -18.425], "size": [2.7, 1, 13.95], "inflate": 0.001, "uv": [26, 90]},
						{"origin": [-1.5, 28.55, -7.625], "size": [3, 1, 11.7], "inflate": -0.2, "uv": [128, 75]},
						{"origin": [0.85, 27.325, -4.35], "size": [1, 1, 8.85], "inflate": -0.2, "pivot": [1.65, 28.125, -4.35], "rotation": [-33.5, 1.75, 0], "uv": [138, 39]},
						{"origin": [3.125, 19.875, -8.275], "size": [1, 1, 3.1], "inflate": -0.3, "pivot": [3.925, 20.675, -8.275], "rotation": [0, -5.25, 0], "uv": [88, 80]},
						{"origin": [2.025, 20.575, -5.275], "size": [1, 1, 3.85], "inflate": -0.3, "pivot": [2.825, 21.375, -5.275], "rotation": [22.5, -5.25, 0], "uv": [88, 70]},
						{"origin": [1.775, 21.975, -2.25], "size": [1, 1, 2.85], "inflate": -0.3, "pivot": [2.575, 22.775, -2.25], "rotation": [-5, -5.25, 0], "uv": [58, 95]},
						{"origin": [1.6, 21.425, -0.325], "size": [1, 1, 4.85], "inflate": -0.3, "pivot": [2.4, 22.225, -0.325], "rotation": [43.91421, -4.17018, 1.04469], "uv": [148, 38]},
						{"origin": [1.675, 21.625, -2.25], "size": [1, 1, 2.85], "inflate": -0.3, "pivot": [2.475, 22.425, -2.25], "rotation": [-5, -5.25, 0], "uv": [81, 87]},
						{"origin": [1.5, 21.075, -0.325], "size": [1, 1, 4.85], "inflate": -0.3, "pivot": [2.3, 21.875, -0.325], "rotation": [43.77548, -0.9239, 4.16454], "uv": [101, 146]},
						{"origin": [1.325, 21.275, -0.325], "size": [1, 1, 2.85], "inflate": -0.3, "pivot": [2.125, 22.075, -0.325], "rotation": [20.38341, 18.62111, 11.25383], "uv": [20, 84]},
						{"origin": [1.375, 24.575, 2.675], "size": [1, 1, 4.6], "inflate": -0.3, "pivot": [2.175, 25.375, 2.675], "rotation": [10.40738, 2.06877, 1.41641], "uv": [48, 147]},
						{"origin": [-0.625, 25.675, 2.675], "size": [1, 1, 6.925], "inflate": -0.3, "pivot": [0.175, 26.475, 2.675], "rotation": [16.65738, 2.06877, 1.41641], "uv": [58, 95]},
						{"origin": [-0.825, 26.6, -4.3], "size": [1, 1, 7.85], "inflate": -0.3, "pivot": [-0.025, 27.4, -3.375], "rotation": [-7.34262, 2.06877, 1.41641], "uv": [143, 56]},
						{"origin": [-1.35, 27.4, -4.775], "size": [1, 1, 8.65], "inflate": -0.3, "pivot": [-0.55, 28.2, -4.475], "rotation": [-8.9062, 7.77129, 0.67596], "uv": [0, 124]},
						{"origin": [1.65, 24.175, 2.675], "size": [1, 1, 8.1], "inflate": -0.3, "pivot": [2.45, 24.975, 2.675], "rotation": [10.40738, 2.06877, 1.41641], "uv": [134, 15]},
						{"origin": [2.2, 21.975, 1.625], "size": [1, 1, 8.1], "inflate": -0.3, "pivot": [3, 22.775, 1.625], "rotation": [10.40473, -1.61959, 0.73919], "uv": [130, 102]},
						{"origin": [2.025, 23.025, 8.85], "size": [1, 1, 6.05], "inflate": -0.3, "pivot": [2.825, 23.825, 8.85], "rotation": [50.65482, -5.11743, -3.51326], "uv": [9, 143]},
						{"origin": [1.525, 25.2, 6.525], "size": [1, 1, 4.6], "inflate": -0.3, "pivot": [2.325, 26, 6.525], "rotation": [22.64358, -0.69994, 0.26112], "uv": [38, 147]},
						{"origin": [1.575, 26.5, 10.2], "size": [1, 1, 4.275], "inflate": -0.3, "pivot": [2.375, 27.3, 10.125], "rotation": [48.03428, -9.65835, -9.55191], "uv": [28, 147]},
						{"origin": [2, 25.425, 9.875], "size": [1, 1, 5.7], "inflate": -0.3, "pivot": [2.8, 26.225, 10.1], "rotation": [52.28428, -9.65835, -9.55191], "uv": [34, 51]},
						{"origin": [1.5, 27.45, 12.275], "size": [1, 1, 2.9], "inflate": -0.3, "pivot": [2.3, 28.25, 12.5], "rotation": [57.09941, -21.74977, -27.11434], "uv": [30, 81]},
						{"origin": [0.55, 29.75, 13.2], "size": [1, 1, 2.275], "inflate": -0.3, "pivot": [1.35, 30.55, 13.125], "rotation": [118.33663, -33.61293, -133.23436], "uv": [18, 95]},
						{"origin": [0.6, 29.75, 13.525], "size": [1, 1, 2.275], "inflate": -0.3, "pivot": [1.4, 30.55, 13.45], "rotation": [103.58663, -33.61293, -133.23436], "uv": [12, 86]},
						{"origin": [3.1, 19.725, -5.7], "size": [1, 1, 2.05], "inflate": -0.3, "pivot": [3.9, 20.525, -5.7], "rotation": [33, -47.25, 0], "uv": [66, 95]},
						{"origin": [1.125, 19.225, -10.075], "size": [1, 1, 3.1], "inflate": -0.3, "pivot": [1.925, 20.025, -10.075], "rotation": [16.14111, 43.80826, 4.33086], "uv": [88, 74]},
						{"origin": [3.125, 18.75, -8.275], "size": [1, 1, 3.1], "inflate": -0.3, "pivot": [3.925, 19.55, -8.275], "rotation": [-13.05289, -5.11508, 1.18414], "uv": [72, 74]},
						{"origin": [1.125, 18.525, -10.075], "size": [1, 1, 3.1], "inflate": -0.3, "pivot": [1.925, 19.325, -10.075], "rotation": [-1.83323, 43.3745, -8.11619], "uv": [85, 45]},
						{"origin": [1.6, 17.025, -15.85], "size": [1, 1, 5.1], "inflate": -0.3, "pivot": [2.4, 17.825, -12.75], "rotation": [62.43707, 1.50828, -59.25048], "uv": [48, 13]},
						{"origin": [1.05, 11.425, -18.825], "size": [1, 1, 5.1], "inflate": -0.3, "pivot": [1.85, 11.625, -15.725], "rotation": [-107.68707, 1.50828, 59.25048], "uv": [48, 13]},
						{"origin": [3.95, 15.875, -18.025], "size": [1, 1, 4.1], "inflate": -0.3, "pivot": [4.75, 16.675, -13.925], "rotation": [75.34222, -0.46457, 9.57711], "uv": [122, 44]},
						{"origin": [-2.05, 11.425, -18.825], "size": [1, 1, 5.1], "inflate": -0.3, "pivot": [-1.85, 11.625, -15.725], "rotation": [-107.68707, -1.50828, -59.25048], "uv": [48, 13], "mirror": true},
						{"origin": [-4.95, 15.875, -18.025], "size": [1, 1, 4.1], "inflate": -0.3, "pivot": [-4.75, 16.675, -13.925], "rotation": [75.34222, 0.46457, -9.57711], "uv": [122, 44], "mirror": true},
						{"origin": [-2.6, 17.025, -15.85], "size": [1, 1, 5.1], "inflate": -0.3, "pivot": [-2.4, 17.825, -12.75], "rotation": [62.43707, -1.50828, 59.25048], "uv": [48, 13], "mirror": true},
						{"origin": [1.375, 16.575, -15.2], "size": [1, 1, 5.1], "inflate": -0.3, "pivot": [2.175, 17.375, -12.1], "rotation": [-24.41677, -43.3745, -8.11619], "uv": [48, 13]},
						{"origin": [3.125, 17.825, -17.875], "size": [1, 1, 4.1], "inflate": -0.3, "pivot": [3.925, 18.625, -13.775], "rotation": [-19.94711, 5.11508, 1.18414], "uv": [122, 44]},
						{"origin": [1.375, 18.3, -25.45], "size": [1, 1, 3.6], "inflate": -0.3, "pivot": [2.175, 19.1, -23.85], "rotation": [-24.41677, -43.3745, -8.11619], "uv": [22, 8]},
						{"origin": [2.5, 18.3, -28.125], "size": [1, 1, 3.425], "inflate": -0.3, "pivot": [3.3, 19.1, -22.4], "rotation": [-12.77794, 8.82651, 0.93432], "uv": [51, 3]},
						{"origin": [-3.5, 18.3, -28.125], "size": [1, 1, 3.425], "inflate": -0.3, "pivot": [-3.3, 19.1, -22.4], "rotation": [-12.77794, -8.82651, -0.93432], "uv": [51, 3], "mirror": true},
						{"origin": [1.9, 18.15, -31.725], "size": [1, 1, 3.95], "inflate": -0.3, "pivot": [2.7, 18.95, -26.825], "rotation": [-67.10085, 9.79568, -9.51527], "uv": [36, 47]},
						{"origin": [2.875, 19.1, -24.05], "size": [1, 1, 7.1], "inflate": -0.3, "pivot": [3.675, 19.9, -16.95], "rotation": [-4.97414, 7.85478, 0.94484], "uv": [143, 48]},
						{"origin": [0.7, 23.375, -35.525], "size": [1, 1, 7.1], "inflate": -0.3, "pivot": [1.5, 24.175, -28.425], "rotation": [-4.93154, -2.35715, 1.82963], "uv": [0, 143]},
						{"origin": [0.4, 24.55, -33.775], "size": [1, 1, 7.425], "inflate": -0.3, "pivot": [1.2, 25.35, -26.675], "rotation": [6.56846, -2.35715, 1.82963], "uv": [13, 0]},
						{"origin": [-1.8, 24.2, -32.8], "size": [1, 1, 6.45], "inflate": -0.3, "pivot": [-1.6, 25, -26.675], "rotation": [6.56476, -1.36827, -2.25841], "uv": [30, 71]},
						{"origin": [0.9, 22.35, -35.825], "size": [1, 1, 7.45], "inflate": -0.3, "pivot": [1.7, 23.15, -28.375], "rotation": [-16.19767, 3.58471, 1.12066], "uv": [10, 134]},
						{"origin": [0.85, 23.3, -50.4], "size": [1, 1, 7.1], "inflate": -0.3, "pivot": [1.65, 24.1, -43.3], "rotation": [-4.9316, 2.37529, 1.4214], "uv": [142, 64]},
						{"origin": [1, 22.675, -50.175], "size": [1, 1, 7.45], "inflate": -0.3, "pivot": [1.8, 23.475, -43.075], "rotation": [-6.1816, 2.37529, 1.4214], "uv": [26, 123]},
						{"origin": [1, 23.95, -44], "size": [1, 1, 9.1], "inflate": -0.3, "pivot": [1.8, 24.75, -34.9], "rotation": [4.0731, 0.88171, 1.66805], "uv": [96, 38]},
						{"origin": [0.8, 23.625, -38.375], "size": [1, 1, 5.65], "inflate": -0.3, "pivot": [1.6, 24.425, -33.875], "rotation": [8.74094, -0.45942, 2.41901], "uv": [34, 6]},
						{"origin": [0.8, 23, -42.4], "size": [1, 1, 4.85], "inflate": -0.3, "pivot": [1.6, 23.8, -37.9], "rotation": [-15.28145, 6.37052, -0.07475], "uv": [72, 106]},
						{"origin": [0.35, 24.125, -50.475], "size": [1, 1, 8.85], "inflate": -0.3, "pivot": [1.15, 24.925, -41.975], "rotation": [8.15544, -1.74755, -1.54012], "uv": [102, 55]},
						{"origin": [-1.55, 24.125, -50.475], "size": [1, 1, 8.85], "inflate": -0.3, "pivot": [-1.35, 24.925, -41.975], "rotation": [8.15191, -0.47971, 1.22101], "uv": [101, 90]},
						{"origin": [-1.8, 23, -42.4], "size": [1, 1, 4.85], "inflate": -0.3, "pivot": [-1.6, 23.8, -37.9], "rotation": [-15.2176, -3.71731, -0.65131], "uv": [13, 90]},
						{"origin": [-1.8, 23.625, -38.375], "size": [1, 1, 5.65], "inflate": -0.3, "pivot": [-1.6, 24.425, -33.875], "rotation": [8.74094, 0.45942, -2.41901], "uv": [34, 0]},
						{"origin": [0.5, 24.4, -43.675], "size": [1, 1, 8.775], "inflate": -0.3, "pivot": [1.3, 25.2, -34.9], "rotation": [11.83072, -3.60691, 1.34811], "uv": [0, 115]},
						{"origin": [-2, 22.675, -50.175], "size": [1, 1, 7.45], "inflate": -0.3, "pivot": [-1.8, 23.475, -43.075], "rotation": [-6.1816, -2.37529, -1.4214], "uv": [81, 87]},
						{"origin": [-1.5, 24.4, -43.675], "size": [1, 1, 8.775], "inflate": -0.3, "pivot": [-1.3, 25.2, -34.9], "rotation": [11.83072, 3.60691, -1.34811], "uv": [102, 64]},
						{"origin": [-1.9, 22.35, -35.825], "size": [1, 1, 7.45], "inflate": -0.3, "pivot": [-1.7, 23.15, -28.375], "rotation": [-16.19767, -3.58471, -1.12066], "uv": [98, 105]},
						{"origin": [-2.9, 18.15, -31.725], "size": [1, 1, 3.95], "inflate": -0.3, "pivot": [-2.7, 18.95, -26.825], "rotation": [-67.10085, -9.79568, 9.51527], "uv": [36, 15]},
						{"origin": [-2.375, 18.3, -25.45], "size": [1, 1, 3.6], "inflate": -0.3, "pivot": [-2.175, 19.1, -23.85], "rotation": [-24.41677, 43.3745, 8.11619], "uv": [0, 5]},
						{"origin": [2.025, 19.5, -30.425], "size": [1, 1, 7.275], "inflate": -0.3, "pivot": [2.825, 20.3, -23.225], "rotation": [-34.94195, 11.76035, -1.79938], "uv": [16, 143]},
						{"origin": [-3.025, 19.5, -30.425], "size": [1, 1, 7.275], "inflate": -0.3, "pivot": [-2.825, 20.3, -23.225], "rotation": [-34.94195, -11.76035, 1.79938], "uv": [30, 81]},
						{"origin": [-1.85, 23.3, -50.4], "size": [1, 1, 7.1], "inflate": -0.3, "pivot": [-1.65, 24.1, -43.3], "rotation": [-4.9316, -2.37529, -1.4214], "uv": [86, 137]},
						{"origin": [-2, 23.95, -44], "size": [1, 1, 9.1], "inflate": -0.3, "pivot": [-1.8, 24.75, -34.9], "rotation": [4.0731, -0.88171, -1.66805], "uv": [96, 28]},
						{"origin": [-1.7, 23.375, -35.525], "size": [1, 1, 7.1], "inflate": -0.3, "pivot": [-1.5, 24.175, -28.425], "rotation": [-4.93154, 2.35715, -1.82963], "uv": [104, 137]},
						{"origin": [-3.875, 19.1, -24.05], "size": [1, 1, 7.1], "inflate": -0.3, "pivot": [-3.675, 19.9, -16.95], "rotation": [-4.97414, -7.85478, -0.94484], "uv": [141, 141]},
						{"origin": [-4.125, 17.825, -17.875], "size": [1, 1, 4.1], "inflate": -0.3, "pivot": [-3.925, 18.625, -13.775], "rotation": [-19.94711, -5.11508, -1.18414], "uv": [122, 39]},
						{"origin": [-2.375, 16.575, -15.2], "size": [1, 1, 5.1], "inflate": -0.3, "pivot": [-2.175, 17.375, -12.1], "rotation": [-24.41677, 43.3745, 8.11619], "uv": [48, 6]},
						{"origin": [3.1, 17.8, -5.925], "size": [1, 1, 2.05], "inflate": -0.3, "pivot": [3.9, 18.6, -5.925], "rotation": [41.25, -47.25, 0], "uv": [90, 55]},
						{"origin": [2.15, 18.925, -5.65], "size": [1, 1, 4.925], "inflate": -0.3, "pivot": [2.95, 19.725, -5.275], "rotation": [40.69742, -7.33821, -1.80034], "uv": [111, 146]},
						{"origin": [1.375, 17.225, -11.05], "size": [1, 1, 3.3], "inflate": -0.3, "pivot": [2.175, 18.025, -11.05], "rotation": [-0.60498, 33.87873, -7.75181], "uv": [68, 4]},
						{"origin": [3.125, 17.45, -8.675], "size": [1, 1, 3.1], "inflate": -0.3, "pivot": [3.925, 18.25, -8.675], "rotation": [-13.05289, -5.11508, 1.18414], "uv": [72, 59]},
						{"origin": [2.15, 17.625, -6.05], "size": [1, 1, 5.275], "inflate": -0.3, "pivot": [2.95, 18.425, -5.675], "rotation": [45.88054, -6.8164, -1.25748], "uv": [48, 45]},
						{"origin": [3.1, 16.5, -6.325], "size": [1, 1, 2.05], "inflate": -0.3, "pivot": [3.9, 17.3, -6.325], "rotation": [41.25, -47.25, 0], "uv": [30, 84]},
						{"origin": [-2.5, 27.45, 12.275], "size": [1, 1, 2.075], "inflate": -0.3, "pivot": [-2.3, 28.25, 12.5], "rotation": [54.81192, 17.40564, 20.2998], "uv": [38, 74]},
						{"origin": [-3.025, 23.025, 8.85], "size": [1, 1, 6.05], "inflate": -0.3, "pivot": [-2.825, 23.825, 8.85], "rotation": [50.65482, 5.11743, 3.51326], "uv": [70, 138]},
						{"origin": [-3.2, 21.975, 1.625], "size": [1, 1, 8.1], "inflate": -0.3, "pivot": [-3, 22.775, 1.625], "rotation": [10.40473, 1.61959, -0.73919], "uv": [36, 130]},
						{"origin": [-2.325, 21.275, -0.325], "size": [1, 1, 2.85], "inflate": -0.3, "pivot": [-2.125, 22.075, -0.325], "rotation": [20.38341, -18.62111, -11.25383], "uv": [0, 76]},
						{"origin": [-3.15, 17.625, -6.05], "size": [1, 1, 5.275], "inflate": -0.3, "pivot": [-2.95, 18.425, -5.675], "rotation": [45.88054, 6.8164, 1.25748], "uv": [48, 19]},
						{"origin": [-4.1, 16.5, -6.325], "size": [1, 1, 2.05], "inflate": -0.3, "pivot": [-3.9, 17.3, -6.325], "rotation": [41.25, 47.25, 0], "uv": [0, 79]},
						{"origin": [-4.125, 17.45, -8.675], "size": [1, 1, 3.1], "inflate": -0.3, "pivot": [-3.925, 18.25, -8.675], "rotation": [-13.05289, 5.11508, -1.18414], "uv": [22, 12]},
						{"origin": [-2.375, 17.225, -11.05], "size": [1, 1, 3.3], "inflate": -0.3, "pivot": [-2.175, 18.025, -11.05], "rotation": [-0.60498, -33.87873, 7.75181], "uv": [68, 0]},
						{"origin": [-4.125, 18.75, -8.275], "size": [1, 1, 3.1], "inflate": -0.3, "pivot": [-3.925, 19.55, -8.275], "rotation": [-13.05289, 5.11508, -1.18414], "uv": [72, 63]},
						{"origin": [-2.125, 18.525, -10.075], "size": [1, 1, 3.1], "inflate": -0.3, "pivot": [-1.925, 19.325, -10.075], "rotation": [-1.83323, -43.3745, 8.11619], "uv": [72, 70]},
						{"origin": [-4.1, 17.8, -5.925], "size": [1, 1, 2.05], "inflate": -0.3, "pivot": [-3.9, 18.6, -5.925], "rotation": [41.25, 47.25, 0], "uv": [0, 86]},
						{"origin": [-3.15, 18.925, -5.65], "size": [1, 1, 4.925], "inflate": -0.3, "pivot": [-2.95, 19.725, -5.275], "rotation": [40.69742, 7.33821, 1.80034], "uv": [126, 75]},
						{"origin": [-2.675, 21.625, -2.25], "size": [1, 1, 2.85], "inflate": -0.3, "pivot": [-2.475, 22.425, -2.25], "rotation": [-5, 5.25, 0], "uv": [6, 86]},
						{"origin": [-2.5, 21.075, -0.325], "size": [1, 1, 4.85], "inflate": -0.3, "pivot": [-2.3, 21.875, -0.325], "rotation": [43.77548, 0.9239, -4.16454], "uv": [128, 80]},
						{"origin": [-2.65, 24.175, 2.675], "size": [1, 1, 8.1], "inflate": -0.3, "pivot": [-2.45, 24.975, 2.675], "rotation": [10.40738, -2.06877, -1.41641], "uv": [0, 134]},
						{"origin": [-3, 25.425, 9.875], "size": [1, 1, 4.8], "inflate": -0.3, "pivot": [-2.8, 26.225, 10.1], "rotation": [52.28428, 9.65835, 9.55191], "uv": [122, 140]},
						{"origin": [-2.05, 29.275, 12.775], "size": [1, 1, 2.275], "inflate": -0.3, "pivot": [-1.85, 30.075, 12.7], "rotation": [106.43086, 40.1628, 113.55628], "uv": [81, 90]},
						{"origin": [-1.975, 28.975, 12.9], "size": [1, 1, 2.275], "inflate": -0.3, "pivot": [-1.775, 29.775, 12.825], "rotation": [83.93086, 40.1628, 113.55628], "uv": [85, 80]},
						{"origin": [-1.95, 28.725, 13.525], "size": [1, 1, 2.275], "inflate": -0.3, "pivot": [-1.75, 29.525, 13.45], "rotation": [98.93086, 40.1628, 113.55628], "uv": [38, 71]},
						{"origin": [-2.575, 26.5, 10.2], "size": [1, 1, 3.825], "inflate": -0.3, "pivot": [-2.375, 27.3, 10.125], "rotation": [47.72078, 7.81368, 7.48834], "uv": [85, 49]},
						{"origin": [-2.525, 25.2, 6.525], "size": [1, 1, 4.6], "inflate": -0.3, "pivot": [-2.325, 26, 6.525], "rotation": [22.64358, 0.69994, -0.26112], "uv": [121, 146]},
						{"origin": [-2.375, 24.575, 2.675], "size": [1, 1, 4.6], "inflate": -0.3, "pivot": [-2.175, 25.375, 2.675], "rotation": [10.40738, -2.06877, -1.41641], "uv": [146, 126]},
						{"origin": [-2.6, 21.425, -0.325], "size": [1, 1, 4.85], "inflate": -0.3, "pivot": [-2.4, 22.225, -0.325], "rotation": [43.91421, 4.17018, -1.04469], "uv": [146, 131]},
						{"origin": [-2.775, 21.975, -2.25], "size": [1, 1, 2.85], "inflate": -0.3, "pivot": [-2.575, 22.775, -2.25], "rotation": [-5, 5.25, 0], "uv": [90, 87]},
						{"origin": [-3.025, 20.575, -5.275], "size": [1, 1, 3.85], "inflate": -0.3, "pivot": [-2.825, 21.375, -5.275], "rotation": [22.5, 5.25, 0], "uv": [86, 13]},
						{"origin": [-4.1, 19.725, -5.7], "size": [1, 1, 2.05], "inflate": -0.3, "pivot": [-3.9, 20.525, -5.7], "rotation": [33, 47.25, 0], "uv": [90, 90]},
						{"origin": [-4.125, 19.875, -8.275], "size": [1, 1, 3.1], "inflate": -0.3, "pivot": [-3.925, 20.675, -8.275], "rotation": [0, 5.25, 0], "uv": [88, 59]},
						{"origin": [-2.125, 19.225, -10.075], "size": [1, 1, 3.1], "inflate": -0.3, "pivot": [-1.925, 20.025, -10.075], "rotation": [16.14111, -43.80826, -4.33086], "uv": [88, 63]},
						{"origin": [0.825, 27.75, -5.175], "size": [1, 1.675, 1.675], "inflate": -0.2, "pivot": [1.625, 28.125, -4.35], "rotation": [-19.75937, -7.57472, -16.48243], "uv": [26, 28]},
						{"origin": [-1.825, 27.75, -5.175], "size": [1, 1.675, 1.675], "inflate": -0.2, "pivot": [-1.625, 28.125, -4.35], "rotation": [-19.75937, 7.57472, 16.48243], "uv": [22, 16]},
						{"origin": [-1.85, 27.325, -4.35], "size": [1, 1, 8.85], "inflate": -0.2, "pivot": [-1.65, 28.125, -4.35], "rotation": [-33.5, -1.75, 0], "uv": [18, 134]},
						{"origin": [-1.25, 28.275, 1.75], "size": [2.5, 1.975, 4.7], "inflate": -0.2, "pivot": [1.3, 29.5, 5.35], "rotation": [41.75, 0, 0], "uv": [43, 96]},
						{"origin": [-1.25, 27.45, 1.9], "size": [2.5, 1.675, 4.475], "inflate": -0.199, "pivot": [1.3, 28.475, 2.275], "rotation": [24.5, 0, 0], "uv": [107, 28]},
						{"origin": [-2, 26.075, -19.425], "size": [4, 3.075, 1.5], "inflate": -0.001, "pivot": [2, 29.125, -19.425], "rotation": [-45.25, 0, 0], "uv": [148, 92]},
						{"origin": [-2.25, 14.3, 10.9], "size": [4.5, 4.5, 6.55], "inflate": -0.002, "pivot": [1.1, 18.8, 10.9], "rotation": [22.5, 0, 0], "uv": [122, 13]},
						{"origin": [-2.25, 17.075, 3.625], "size": [4.5, 1.35, 2.65], "inflate": -0.002, "pivot": [1.2, 17.075, 3.625], "rotation": [38, 0, 0], "uv": [68, 55]},
						{"origin": [-2, 8.025, 30.475], "size": [4, 16.825, 4.9], "inflate": 0.001, "uv": [68, 28]},
						{"origin": [-2, 15.525, 27.475], "size": [4, 9.325, 3], "inflate": 0.001, "uv": [0, 32]},
						{"origin": [-2, 8.2, 35.1], "size": [4, 16.725, 1.55], "pivot": [2.5, 22.075, 35.1], "rotation": [-5, 0, 0], "uv": [84, 28]},
						{"origin": [-1.25, 24.65, 29.475], "size": [2.5, 2.95, 7.5], "inflate": -0.001, "uv": [138, 111]},
						{"origin": [-1.6, 12.225, -2.4], "size": [3.2, 1, 2.3], "inflate": 0.001, "uv": [39, 81]},
						{"origin": [-1.6, 13.65, -1.9], "size": [3.2, 2.075, 2.3], "inflate": -0.001, "uv": [149, 114]},
						{"origin": [-1.6, 14.625, -2.575], "size": [3.2, 2.075, 2.3], "pivot": [1.35, 15.7, -2.575], "rotation": [41.25, 0, 0], "uv": [144, 8]},
						{"origin": [-1.6, 13.225, -2.4], "size": [3.2, 1.8, 1.45], "pivot": [1.35, 13.225, -2.4], "rotation": [-26, 0, 0], "uv": [56, 59]},
						{"origin": [-0.5, 12.4, -5.15], "size": [1, 4.55, 1], "inflate": -0.101, "pivot": [1, 12.4, -4.15], "rotation": [-8, 0, 0], "uv": [34, 13]},
						{"origin": [-0.7, 30.3, -18.4], "size": [2, 1, 13.025], "inflate": -0.2, "uv": [54, 124]},
						{"origin": [-1.3, 30.3, -18.4], "size": [2, 1, 13.025], "inflate": -0.201, "uv": [122, 25]},
						{"origin": [-1, 29.225, -18.2], "size": [2, 1.3, 12.625], "inflate": -0.001, "uv": [122, 39]},
						{"origin": [-1, 23.1, -56.475], "size": [2, 2, 30.975], "inflate": -0.1, "pivot": [0, 24.1, -50.775], "rotation": [0, 0, -20], "uv": [0, 0]},
						{"origin": [-1, 20.25, -56.675], "size": [2, 2, 4.575], "inflate": -0.3, "pivot": [0, 21.25, -50.975], "rotation": [0, 0, -20], "uv": [48, 51]},
						{"origin": [-1.4, 22.65, -25.775], "size": [3.5, 3.5, 3.275], "inflate": -0.1, "pivot": [1.25, 23.3, -25.775], "rotation": [0, 0, -20], "uv": [0, 69]},
						{"origin": [-1.4, 28, 8.4], "size": [3.5, 3.5, 10.275], "inflate": -0.4, "pivot": [1.25, 28.65, 8.4], "rotation": [-17.69178, -6.31179, -19.01674], "uv": [34, 32]},
						{"origin": [-1.4, 28, 17.9], "size": [3.5, 3.5, 6.525], "inflate": -0.2, "pivot": [1.25, 28.65, 8.4], "rotation": [-17.69178, -6.31179, -19.01674], "uv": [48, 138]},
						{"origin": [-1.4, 18.65, -50.525], "size": [3.5, 3.5, 3.775], "inflate": -0.3, "pivot": [1.25, 19.3, -50.525], "rotation": [0, 0, -20], "uv": [0, 63]},
						{"origin": [-1.4, 22.65, -27.025], "size": [3.5, 3.5, 3.275], "inflate": -0.3, "pivot": [1.25, 23.3, -25.775], "rotation": [0, 0, -20], "uv": [14, 63]}
					]
				},
				{
					"name": "bone",
					"parent": "gun",
					"pivot": [1.25, 27.45, 3.075],
					"rotation": [0, 0, -11],
					"cubes": [
						{"origin": [0.42615, 23.09949, 3.02038], "size": [1, 2.675, 1.175], "inflate": -0.2, "pivot": [1.25, 25.775, 2.95], "rotation": [-32.05502, 0.57217, 0.01471], "uv": [41, 0]},
						{"origin": [0.45, 24.425, 3.075], "size": [1, 3.225, 1.175], "inflate": -0.2, "pivot": [1.25, 27.45, 3.075], "rotation": [-8, 0, 0], "uv": [34, 32]}
					]
				},
				{
					"name": "bone2",
					"parent": "gun",
					"pivot": [-1.25, 27.45, 3.075],
					"rotation": [0, 0, 11],
					"cubes": [
						{"origin": [-1.42615, 23.09949, 3.02038], "size": [1, 2.675, 1.175], "inflate": -0.2, "pivot": [-1.25, 25.775, 2.95], "rotation": [-32.05502, -0.57217, -0.01471], "uv": [40, 32]},
						{"origin": [-1.45, 24.425, 3.075], "size": [1, 3.225, 1.175], "inflate": -0.2, "pivot": [-1.25, 27.45, 3.075], "rotation": [-8, 0, 0], "uv": [34, 19]}
					]
				},
				{
					"name": "action",
					"parent": "main",
					"pivot": [2, 19.25, 3.325],
					"cubes": [
						{"origin": [-2, 19.75, 3.325], "size": [4, 1.175, 6.05], "uv": [96, 17]},
						{"origin": [2.4, 19.35, 3.95], "size": [3, 1.925, 1.2], "inflate": -0.2, "pivot": [5.4, 18.85, 3.95], "rotation": [0, -17.25, 0], "uv": [22, 5]},
						{"origin": [0.925, 19.7, 3.525], "size": [2.825, 1.175, 1], "inflate": -0.2, "pivot": [3.925, 18.95, 3.525], "rotation": [0, -10.25, 0], "uv": [24, 22]}
					]
				},
				{
					"name": "magazine",
					"parent": "main",
					"pivot": [1, 6.85, 13.175],
					"cubes": [
						{"origin": [-2, 2.4, 13.475], "size": [4, 3.4, 8.5], "inflate": 0.002, "pivot": [1, 1.85, 10.175], "rotation": [41, 0, 0], "uv": [72, 59]},
						{"origin": [-2.25, 11.125, 18.95], "size": [4.5, 3.225, 1.1], "inflate": 0.001, "pivot": [1, 10.55, 20.175], "rotation": [66.5, 0, 0], "uv": [50, 38]},
						{"origin": [-2, 11.225, 19.475], "size": [4, 3.5, 1.1], "inflate": 0.001, "pivot": [1, 10.55, 20.175], "rotation": [66.5, 0, 0], "uv": [34, 38]},
						{"origin": [-2.25, 1.85, 21.075], "size": [4.5, 1.3, 1], "inflate": 0.002, "pivot": [1, 1.85, 10.175], "rotation": [41, 0, 0], "uv": [17, 27]},
						{"origin": [-2.25, 1.85, 13.775], "size": [4.5, 3.4, 7.9], "inflate": 0.003, "pivot": [1, 1.85, 10.175], "rotation": [41, 0, 0], "uv": [0, 76]}
					]
				},
				{
					"name": "rightarm",
					"parent": "main",
					"pivot": [-4.3, 8.8, 21.8],
					"rotation": [-101.81106, -12.40003, -2.46982],
					"cubes": [
						{"origin": [-8.3, -15.2, 17.8], "size": [8, 24, 8], "uv": [106, 105]}
					]
				},
				{
					"name": "leftarm",
					"parent": "main",
					"pivot": [10.3, 4.3, -6.175],
					"rotation": [-134.1508, -1.1848, -33.1648],
					"cubes": [
						{"origin": [6.3, -19.7, -10.175], "size": [8, 24, 8], "uv": [74, 105]}
					]
				},
				{
					"name": "_cb_scope",
					"parent": "main",
					"pivot": [0, 33.925, -14.375],
					"cubes": [
						{"origin": [-0.5, 30.6, -14.5], "size": [1, 1, 1], "uv": [13, 19]}
					]
				},
				{
					"name": "_cb_canted",
					"parent": "main",
					"pivot": [0, 30.9, -12.9],
					"cubes": [
						{"origin": [-0.5, 30.6, -7.75], "size": [1, 1, 1], "uv": [35, 105]}
					]
				},
				{
					"name": "scope",
					"parent": "main",
					"pivot": [0, 34.075, 1.325],
					"cubes": [
						{"origin": [-0.5, 33.575, 1.025], "size": [1, 1, 1], "inflate": -0.4, "uv": [27, 69]}
					]
				},
				{
					"name": "muzzleflash",
					"parent": "main",
					"pivot": [0, 24.8, -73.875],
					"cubes": [
						{"origin": [-0.5, 24.3, -74.175], "size": [1, 1, 1], "inflate": -0.4, "uv": [45, 62]}
					]
				},
				{
					"name": "_camera_",
					"pivot": [6.825, 33.725, 26.45]
				}
			]
		}
	]
}