{
	"format_version": "1.12.0",
	"minecraft:geometry": [
		{
			"description": {
				"identifier": "geometry.unknown",
				"texture_width": 64,
				"texture_height": 64,
				"visible_bounds_width": 9,
				"visible_bounds_height": 7,
				"visible_bounds_offset": [0, 1.5, 0]
			},
			"bones": [
				{
					"name": "main",
					"pivot": [0, 20, 0]
				},
				{
					"name": "scopepip",
					"parent": "main",
					"pivot": [0.1, 32.55, -1.275],
					"cubes": [
						{"origin": [-1.9, 32.55, 2.075], "size": [3.8, 3.8, 1], "uv": [0, 31]}
					]
				},
				{
					"name": "scopeactual",
					"parent": "main",
					"pivot": [0, 31, -8.45],
					"cubes": [
						{"origin": [-1.5, 29.925, -11.45], "size": [3, 1.1, 8], "uv": [0, 22]},
						{"origin": [-1.5, 29.825, -11.45], "size": [3, 1.2, 3], "inflate": -0.001, "pivot": [1.75, 30.925, -11.45], "rotation": [27.25, 0, 0], "uv": [19, 28]},
						{"origin": [-1.5, 30.975, -8.875], "size": [3, 1.4, 3.975], "uv": [26, 12]},
						{"origin": [-2.1, 32.35, -15.8], "size": [4.2, 4.2, 18.4], "inflate": -0.2, "uv": [0, 0]},
						{"origin": [-2.1, 32.35, -6.725], "size": [4.2, 4.2, 4], "uv": [0, 8]},
						{"origin": [-1.1, 35.35, -8.725], "size": [2.2, 1.2, 2], "uv": [29, 22]},
						{"origin": [0.425, 35.925, -5.5], "size": [3, 1.2, 3], "inflate": -0.2, "pivot": [2.425, 32.925, -8.25], "rotation": [0, -27.5, 0], "uv": [26, 8]},
						{"origin": [-2.1, 32.35, -16.725], "size": [4.2, 4.2, 4], "uv": [0, 0]},
						{"origin": [-1.9, 32.55, 2], "size": [3.8, 3.8, 1], "uv": [0, 31]},
						{"origin": [-2.5, 35.95, 0.25], "size": [5, 1, 3.7], "inflate": -0.4, "uv": [26, 4]},
						{"origin": [1.5, 32.15, 0.25], "size": [1, 4.6, 3.7], "inflate": -0.4, "uv": [28, 29]},
						{"origin": [-2.5, 32.15, 0.25], "size": [1, 4.6, 3.7], "inflate": -0.4, "uv": [0, 22]},
						{"origin": [-2.5, 31.95, 0.25], "size": [5, 1, 3.7], "inflate": -0.4, "uv": [26, 0]},
						{"origin": [-3, 33.5, -6.75], "size": [6, 3, 3], "inflate": -0.2, "pivot": [3, 33.5, -6.75], "rotation": [-27.5, 0, 0], "uv": [14, 22]}
					]
				},
				{
					"name": "_ca_scope",
					"parent": "main",
					"pivot": [0, 33.475, -7.375],
					"cubes": [
						{"origin": [-0.5, 30.15, -7.5], "size": [1, 1, 1], "uv": [13, 19]}
					]
				},
				{
					"name": "scope",
					"parent": "main",
					"pivot": [0, 34.425, 9.25],
					"cubes": [
						{"origin": [-0.5, 33.925, 8.95], "size": [1, 1, 1], "inflate": -0.4, "uv": [27, 69]}
					]
				}
			]
		}
	]
}