{
	"format_version": "1.12.0",
	"minecraft:geometry": [
		{
			"description": {
				"identifier": "geometry.unknown",
				"texture_width": 105,
				"texture_height": 105,
				"visible_bounds_width": 157,
				"visible_bounds_height": 4,
				"visible_bounds_offset": [0, 1, 0]
			},
			"bones": [
				{
					"name": "bb_main",
					"pivot": [0, 0, 0]
				},
				{
					"name": "main",
					"pivot": [0, 20, 0]
				},
				{
					"name": "gun",
					"parent": "main",
					"pivot": [1, 11, -1],
					"cubes": [
						{"origin": [-1.475, 16.825, -0.9], "size": [2.95, 4.525, 1.025], "inflate": -0.12, "uv": [46, 0]},
						{"origin": [-2.4, 18.35, -0.85], "size": [4.8, 2.7, 1.025], "inflate": -0.101, "uv": [10, 17]},
						{"origin": [1.375, 20.85, -0.85], "size": [1.025, 1.7, 1.025], "inflate": -0.1, "pivot": [2.3, 20.95, 0.075], "rotation": [0, 0, -58.25], "uv": [42, 75]},
						{"origin": [0.775, 18.35, -0.85], "size": [1.625, 2.7, 1.025], "inflate": -0.1, "pivot": [2.3, 20.7, 0.075], "rotation": [0, 36.5, 0], "uv": [66, 43]},
						{"origin": [-1.6, 18.4, 0.5], "size": [3.2, 1, 1.025], "inflate": -0.1, "uv": [44, 20]},
						{"origin": [-1.9, 17.3, -0.3], "size": [3.8, 1.275, 1.525], "inflate": -0.4, "uv": [24, 28]},
						{"origin": [-1.55, 19.25, 0.35], "size": [3.1, 1, 1.3], "inflate": -0.1, "pivot": [-1.45, 19.9, 0.3], "rotation": [-41, 0, 0], "uv": [32, 28]},
						{"origin": [-2.4, 18.35, -0.85], "size": [1.625, 2.7, 1.025], "inflate": -0.1, "pivot": [-2.3, 20.7, 0.075], "rotation": [0, -36.5, 0], "uv": [66, 9]},
						{"origin": [-2.4, 20.85, -0.85], "size": [1.025, 1.7, 1.025], "inflate": -0.1, "pivot": [-2.3, 20.95, 0.075], "rotation": [0, 0, 58.25], "uv": [75, 2]},
						{"origin": [-2.4, 16.85, -0.85], "size": [1.025, 1.7, 1.025], "inflate": -0.1, "pivot": [-2.3, 18.45, 0.075], "rotation": [0, 0, -58.25], "uv": [74, 39]},
						{"origin": [1.375, 16.85, -0.85], "size": [1.025, 1.7, 1.025], "inflate": -0.1, "pivot": [2.3, 18.45, 0.075], "rotation": [0, 0, 58.25], "uv": [75, 0]},
						{"origin": [-1.9, 20.35, 0.025], "size": [3.215, 1.1, 1.525], "inflate": -0.2, "pivot": [-1.075, 21.15, 0.9], "rotation": [-2.13791, 30.46553, -89.7], "uv": [64, 20]},
						{"origin": [-1.315, 20.35, 0.025], "size": [3.215, 1.1, 1.525], "inflate": -0.2, "pivot": [1.075, 21.15, 0.9], "rotation": [-2.13791, -30.46553, 89.7], "uv": [52, 20]},
						{"origin": [0.375, 18.625, 2.05], "size": [1, 1.925, 2.35], "inflate": -0.119, "pivot": [1.25, 20.425, 4.275], "rotation": [-13.32216, -6.07684, 1.54994], "uv": [24, 66]},
						{"origin": [-1.375, 18.625, 2.05], "size": [1, 1.925, 2.35], "inflate": -0.119, "pivot": [-1.25, 20.425, 4.275], "rotation": [-13.32216, 6.07684, -1.54994], "uv": [60, 58]},
						{"origin": [0.32, 19.05, 1.975], "size": [1, 1.5, 2.425], "inflate": -0.119, "pivot": [1.2, 20.425, 4.275], "rotation": [-13.32216, 0, 1.54994], "uv": [32, 65]},
						{"origin": [-1.32, 19.05, 1.975], "size": [1, 1.5, 2.425], "inflate": -0.119, "pivot": [-1.2, 20.425, 4.275], "rotation": [-13.32216, 0, -1.54994], "uv": [52, 64]},
						{"origin": [-0.57, 19.075, 3.1], "size": [1.15, 1.5, 1.3], "inflate": -0.119, "pivot": [-0.45, 20.45, 4.275], "rotation": [-13.32216, 0, 0], "uv": [74, 17]},
						{"origin": [0.25, 18.15, -0.225], "size": [1.1, 2.74, 2.975], "inflate": -0.201, "pivot": [0.5, 20.325, 2.25], "rotation": [-33, 0, 0], "uv": [56, 22]},
						{"origin": [0.35, 17.1, 1], "size": [1.2, 3.34, 1.75], "inflate": -0.201, "pivot": [0.6, 19.775, 2.25], "rotation": [-64.5, 0, 0], "uv": [60, 11]},
						{"origin": [-1.55, 17, -0.05], "size": [3.1, 3.14, 1.15], "inflate": -0.202, "pivot": [0.6, 19.475, 1.2], "rotation": [-128.5, 0, 0], "uv": [0, 22]},
						{"origin": [0.35, 17.5, 0.1], "size": [1.2, 1.865, 2.1], "inflate": -0.2, "pivot": [0.6, 18.7, 1.15], "rotation": [-109.5, 0, 0], "uv": [60, 55]},
						{"origin": [0.35, 16.6, -0.675], "size": [1.2, 1.565, 2.2], "inflate": -0.201, "pivot": [0.6, 17.5, 0.375], "rotation": [-137, 0, 0], "uv": [58, 15]},
						{"origin": [0.35, 16.9, 0.625], "size": [1.2, 1.265, 1.2], "inflate": -0.2, "pivot": [0.6, 17.5, 0.375], "rotation": [-137, 0, 0], "uv": [72, 25]},
						{"origin": [0.35, 16.1, -4.775], "size": [1.2, 1.065, 4.75], "inflate": -0.201, "uv": [22, 80]},
						{"origin": [-1.55, 17.5, 0.1], "size": [1.2, 1.865, 2.1], "inflate": -0.2, "pivot": [-0.6, 18.7, 1.15], "rotation": [-109.5, 0, 0], "uv": [57, 0]},
						{"origin": [-1.55, 16.6, -0.675], "size": [1.2, 1.565, 2.2], "inflate": -0.201, "pivot": [-0.6, 17.5, 0.375], "rotation": [-137, 0, 0], "uv": [57, 3]},
						{"origin": [-1.55, 16.9, 0.625], "size": [1.2, 1.265, 1.2], "inflate": -0.2, "pivot": [-0.6, 17.5, 0.375], "rotation": [-137, 0, 0], "uv": [72, 23]},
						{"origin": [-1.55, 16.1, -4.775], "size": [1.2, 1.065, 4.75], "inflate": -0.201, "uv": [80, 17]},
						{"origin": [-1.55, 17.1, 1], "size": [1.2, 3.34, 1.75], "inflate": -0.201, "pivot": [-0.6, 19.775, 2.25], "rotation": [-64.5, 0, 0], "uv": [46, 8]},
						{"origin": [-1.35, 18.15, -0.225], "size": [1.1, 2.74, 2.975], "inflate": -0.201, "pivot": [-0.5, 20.325, 2.25], "rotation": [-33, 0, 0], "uv": [24, 54]},
						{"origin": [-1.25, 7.25, 2.725], "size": [2.5, 5.475, 2], "inflate": -0.002, "pivot": [1.45, 7.175, 2.975], "rotation": [5.75, 0, 0], "uv": [0, 0]},
						{"origin": [-1.25, 7.175, 2.725], "size": [2.5, 1.775, 5.7], "inflate": -0.001, "uv": [60, 64]},
						{"origin": [-1.85, 6.125, 2.725], "size": [3.7, 1.075, 1.95], "inflate": -0.001, "pivot": [1.85, 6.425, 2.725], "rotation": [17.25, 0, 0], "uv": [32, 63]},
						{"origin": [-1.95, 5.85, 2.6], "size": [3.9, 1.075, 1.95], "inflate": -0.001, "pivot": [1.95, 5.85, 2.6], "rotation": [-9, 0, 0], "uv": [50, 58]},
						{"origin": [-1.95, 5.55, 4.525], "size": [3.9, 1.075, 4.6], "pivot": [1.95, 5.55, 4.525], "rotation": [4.25, 0, 0], "uv": [66, 9]},
						{"origin": [-1.85, 6.575, 4.4], "size": [3.7, 1.175, 4.6], "pivot": [1.85, 6.975, 4.4], "rotation": [4.25, 0, 0], "uv": [66, 43]},
						{"origin": [-1.85, 6.975, 7.5], "size": [3.7, 1.075, 1.5], "inflate": -0.002, "pivot": [1.85, 6.975, 4.4], "rotation": [4.25, 0, 0], "uv": [32, 57]},
						{"origin": [-1.85, 7.175, 7.05], "size": [3.7, 1.075, 2.275], "inflate": -0.001, "pivot": [1.85, 7.175, 7.35], "rotation": [38.25, 0, 0], "uv": [0, 17]},
						{"origin": [-1.25, 8.775, 5.3], "size": [2.5, 7.65, 1.75], "pivot": [1.45, 14.575, 7.05], "rotation": [13.75, 0, 0], "uv": [12, 0]},
						{"origin": [-1.25, 16.375, 5.575], "size": [2.5, 2.4, 1.05], "inflate": -0.001, "pivot": [1.45, 16.375, 6.625], "rotation": [41.75, 0, 0], "uv": [72, 20]},
						{"origin": [-1.25, 15.525, -0.65], "size": [2.5, 4.875, 5.15], "inflate": 0.002, "pivot": [1.45, 20.225, 4.625], "rotation": [16.75, 0, 0], "uv": [66, 0]},
						{"origin": [0.275, 18.775, 3.125], "size": [1, 1.5, 1.1], "pivot": [0.975, 20.225, 4.625], "rotation": [-7.41315, -6.35135, -13.89752], "uv": [28, 74]},
						{"origin": [-1.275, 18.775, 3.125], "size": [1, 1.5, 1.1], "pivot": [-0.975, 20.225, 4.625], "rotation": [-7.41315, 6.35135, 13.89752], "uv": [6, 74]},
						{"origin": [-1.575, 18.25, 3.525], "size": [1.1, 1, 1], "inflate": -0.301, "pivot": [-0.975, 20.225, 4.625], "rotation": [-7.41315, 6.35135, 13.89752], "uv": [46, 73]},
						{"origin": [0.475, 18.25, 3.525], "size": [1.1, 1, 1], "inflate": -0.301, "pivot": [0.975, 20.225, 4.625], "rotation": [-7.41315, -6.35135, -13.89752], "uv": [42, 73]},
						{"origin": [-0.5, 22.75, 0], "size": [1, 1, 2.975], "inflate": -0.099, "pivot": [0.5, 22.85, 2.875], "rotation": [53.25, 0, 0], "uv": [69, 64]},
						{"origin": [-0.5, 22.325, 1.325], "size": [1, 1.1, 1], "inflate": -0.1, "pivot": [0.5, 23.325, 2.225], "rotation": [74.5, 0, 0], "uv": [74, 37]},
						{"origin": [-0.5, 20.35, 0.85], "size": [1, 1.1, 1], "inflate": -0.099, "pivot": [0.5, 21.35, 1.75], "rotation": [74.5, 0, 0], "uv": [72, 58]},
						{"origin": [-0.5, 19.8, 1.725], "size": [1, 1.4, 1], "inflate": -0.098, "pivot": [0.5, 21.1, 2.625], "rotation": [34, 0, 0], "uv": [72, 55]},
						{"origin": [-0.5, 21.725, 0.175], "size": [1, 1, 1.975], "inflate": -0.1, "pivot": [0.5, 21.825, 2.05], "rotation": [14, 0, 0], "uv": [75, 74]},
						{"origin": [-0.5, 21.675, -0.35], "size": [1, 1, 1.075], "inflate": -0.099, "pivot": [0.5, 21.775, 0.625], "rotation": [-2, 0, 0], "uv": [21, 73]},
						{"origin": [-0.5, 21.875, 0.2], "size": [1, 1, 1.075], "inflate": -0.101, "pivot": [0.5, 21.975, 1.175], "rotation": [41.25, 0, 0], "uv": [14, 73]},
						{"origin": [-0.5, 21.95, 0.325], "size": [1, 1, 1.975], "inflate": -0.1, "pivot": [0.5, 22.05, 2.2], "rotation": [74.75, 0, 0], "uv": [75, 72]},
						{"origin": [-1.25, 15.95, -6.8], "size": [2.5, 1, 7.225], "inflate": 0.001, "uv": [46, 0]},
						{"origin": [-2, 18, -28.775], "size": [4, 1.7, 16.825], "inflate": 0.004, "uv": [0, 54]},
						{"origin": [-2.2, 18, -11.95], "size": [4.4, 1.7, 4.05], "inflate": 0.004, "uv": [0, 63]},
						{"origin": [0.3, 18, -11.95], "size": [1.9, 1.7, 4.05], "inflate": 0.003, "pivot": [2.2, 19.7, -11.95], "rotation": [0, 0, 60], "uv": [12, 80]},
						{"origin": [0.3, 18, -11.95], "size": [1.9, 1.7, 4.05], "inflate": 0.003, "pivot": [2.2, 18, -11.95], "rotation": [0, 0, -56], "uv": [6, 79]},
						{"origin": [-2.2, 18, -11.95], "size": [1.9, 1.7, 5.15], "inflate": 0.003, "pivot": [-2.2, 18, -11.95], "rotation": [0, 0, 56], "uv": [14, 71]},
						{"origin": [-2.2, 18, -11.95], "size": [1.9, 1.7, 5.15], "inflate": 0.003, "pivot": [-2.2, 19.7, -11.95], "rotation": [0, 0, -60], "uv": [28, 72]},
						{"origin": [1, 16.8, -28.775], "size": [1, 1.2, 16.825], "inflate": 0.003, "pivot": [2, 18, -11.95], "rotation": [0, 0, 60.5], "uv": [42, 56]},
						{"origin": [-2, 16.8, -28.775], "size": [1, 1.2, 16.825], "inflate": 0.003, "pivot": [-2, 18, -11.95], "rotation": [0, 0, -60.5], "uv": [24, 55]},
						{"origin": [-1, 0.65, -28.8], "size": [2, 16.75, 1.025], "inflate": 0.004, "pivot": [1, 17.4, -28.8], "rotation": [86.5, 0, 0], "uv": [0, 71]},
						{"origin": [0, 0.65, -28.8], "size": [1, 16.75, 1.875], "inflate": 0.004, "pivot": [1, 17.4, -28.8], "rotation": [87.01475, 1.82792, 31.45237], "uv": [62, 73]},
						{"origin": [-0.75, -3.5, -31.6], "size": [1.75, 4.35, 2.9], "inflate": 0.004, "pivot": [1, 17.4, -28.8], "rotation": [89.62338, 1.80819, 11.4422], "uv": [14, 9]},
						{"origin": [-1, -3.5, -31.6], "size": [1.75, 4.35, 2.9], "inflate": 0.004, "pivot": [-1, 17.4, -28.8], "rotation": [89.62338, -1.80819, -11.4422], "uv": [0, 9]},
						{"origin": [-0.9, 14.425, -12.275], "size": [1.8, 1.1, 6.45], "inflate": 0.004, "pivot": [0.9, 14.425, -12.275], "rotation": [-0.5, 0, 0], "uv": [24, 63]},
						{"origin": [0, 1.1, -36.15], "size": [1, 1, 3.35], "inflate": 0.004, "pivot": [1, 17.4, -28.95], "rotation": [105.37338, 1.80819, 11.4422], "uv": [24, 9]},
						{"origin": [-0.9, 1.1, -36.225], "size": [1.8, 1, 3.35], "inflate": 0.004, "pivot": [1, 17.4, -28.95], "rotation": [105.37338, 0, 0], "uv": [24, 0]},
						{"origin": [-1, 1.1, -36.15], "size": [1, 1, 3.35], "inflate": 0.004, "pivot": [-1, 17.4, -28.95], "rotation": [105.37338, -1.80819, -11.4422], "uv": [24, 4]},
						{"origin": [0, -5.5, -31.6], "size": [1, 2, 1.075], "inflate": 0.004, "pivot": [1, 17.4, -28.8], "rotation": [89.62338, 1.80819, 11.4422], "uv": [66, 0]},
						{"origin": [-1, -5.5, -31.6], "size": [1, 2, 2.6], "inflate": 0.006, "pivot": [-1, 17.4, -28.8], "rotation": [89.62338, -1.80819, -11.4422], "uv": [0, 54]},
						{"origin": [-1, -6.85, -30], "size": [1, 1.45, 1], "inflate": 0.005, "pivot": [-1, 17.4, -28.8], "rotation": [89.62338, -1.80819, -11.4422], "uv": [35, 72]},
						{"origin": [0, -6.85, -30], "size": [1, 1.85, 1], "inflate": 0.004, "pivot": [1, 17.4, -28.8], "rotation": [89.62338, 1.80819, 11.4422], "uv": [28, 72]},
						{"origin": [0, -6.075, -30.65], "size": [1, 1.075, 1], "inflate": 0.003, "pivot": [1, 17.4, -28.8], "rotation": [89.62338, 1.80819, 11.4422], "uv": [72, 27]},
						{"origin": [0, 2.65, -48.075], "size": [1, 2.075, 1.075], "inflate": 0.002, "pivot": [1, 17.4, -28.8], "rotation": [139.37338, 1.80819, 11.4422], "uv": [60, 64]},
						{"origin": [-1, 2.65, -48.075], "size": [1, 2.075, 1.075], "inflate": 0.002, "pivot": [-1, 17.4, -28.8], "rotation": [139.37338, -1.80819, -11.4422], "uv": [42, 64]},
						{"origin": [-1, 0.65, -28.8], "size": [1, 16.75, 1.875], "inflate": 0.004, "pivot": [-1, 17.4, -28.8], "rotation": [87.01475, -1.82792, -31.45237], "uv": [58, 73]},
						{"origin": [-1.3, 19.7, -28.025], "size": [2.6, 2.75, 20.15], "inflate": 0.004, "uv": [0, 0]},
						{"origin": [-1.3, 19.8, -28.775], "size": [2.6, 1.15, 2.075], "inflate": 0.003, "pivot": [1.3, 20.95, -28.775], "rotation": [67.25, 0, 0], "uv": [8, 54]},
						{"origin": [-1.3, 19.7, -28.775], "size": [2.6, 1.25, 2.075], "inflate": 0.002, "uv": [34, 13]},
						{"origin": [-1.3, 21.675, -7.875], "size": [2.6, 1, 1.075], "inflate": 0.004, "uv": [0, 58]},
						{"origin": [-1.3, 19.8, -7.9], "size": [1, 1.875, 1.1], "inflate": 0.003, "uv": [66, 3]},
						{"origin": [-2.2, 18, -7.9], "size": [1, 1.675, 1.1], "inflate": 0.003, "uv": [36, 65]},
						{"origin": [0.5, 18.5, -28.775], "size": [1.5, 1.2, 16.825], "pivot": [2, 19.7, -11.95], "rotation": [0, 0, 59.5], "uv": [66, 0]},
						{"origin": [-2, 18.5, -28.775], "size": [1.5, 1.2, 16.825], "pivot": [-2, 19.7, -11.95], "rotation": [0, 0, -59.5], "uv": [60, 55]},
						{"origin": [-1, 22.4, -27.625], "size": [2, 1.2, 18.275], "uv": [24, 0]},
						{"origin": [-1, 22.6, -27.625], "size": [2, 1, 1], "pivot": [1, 23.6, -27.625], "rotation": [-25.75, 0, 0], "uv": [46, 5]},
						{"origin": [0.55, 22.05, -27.725], "size": [1, 1.175, 1], "inflate": -0.1, "pivot": [1.475, 23.6, -27.625], "rotation": [-25.72787, -1.66876, -4.33316], "uv": [4, 68]},
						{"origin": [-1.55, 22.05, -27.725], "size": [1, 1.175, 1], "inflate": -0.1, "pivot": [-1.475, 23.6, -27.625], "rotation": [-25.72787, 1.66876, 4.33316], "uv": [0, 68]},
						{"origin": [-1, 22.55, -7.975], "size": [2, 1.45, 8.1], "uv": [0, 0]},
						{"origin": [0.3, 23.175, -7.975], "size": [1, 1.125, 8.4], "inflate": -0.302, "pivot": [1, 24, -0.75], "rotation": [0, 0, -40.75], "uv": [24, 9]},
						{"origin": [-1.3, 23.175, -7.975], "size": [1, 1.125, 8.4], "inflate": -0.302, "pivot": [-1, 24, -0.75], "rotation": [0, 0, 40.75], "uv": [24, 0]},
						{"origin": [-1, 22.45, -7.975], "size": [2, 1.8, 2.725], "uv": [32, 54]},
						{"origin": [-1, 23.2, -10.2], "size": [2, 1.05, 2.225], "pivot": [0.9, 24.25, -7.975], "rotation": [22.75, 0, 0], "uv": [56, 8]},
						{"origin": [-0.45, 22.825, -9.8], "size": [1.9, 1, 1.825], "inflate": 0.002, "pivot": [1.45, 23.825, -7.975], "rotation": [22.75, 0, -3.75], "uv": [74, 35]},
						{"origin": [-1.45, 22.825, -9.8], "size": [1.9, 1, 1.825], "inflate": 0.002, "pivot": [-1.45, 23.825, -7.975], "rotation": [22.75, 0, 3.75], "uv": [35, 74]},
						{"origin": [0.2, 23.425, -8.175], "size": [1, 1.025, 3.125], "inflate": -0.2, "pivot": [1, 24.25, -5.25], "rotation": [0, 0, -46.75], "uv": [34, 4]},
						{"origin": [0.4, 23.225, -5.65], "size": [1, 1, 1.275], "inflate": -0.4, "pivot": [1, 24.25, -5.25], "rotation": [0, 0, -46.75], "uv": [70, 17]},
						{"origin": [0.4, 23.5, -5.65], "size": [1, 1.075, 1.35], "inflate": -0.402, "pivot": [1, 24.25, -5.25], "rotation": [-36.5, 0, -46.75], "uv": [69, 67]},
						{"origin": [0.4, 23.125, -5.85], "size": [1, 1.525, 1], "inflate": -0.401, "pivot": [1, 24.25, -5.25], "rotation": [49.25, 0, -46.75], "uv": [60, 67]},
						{"origin": [-1.4, 23.125, -5.85], "size": [1, 1.525, 1], "inflate": -0.401, "pivot": [-1, 24.25, -5.25], "rotation": [49.25, 0, 46.75], "uv": [66, 17]},
						{"origin": [-1.4, 23.225, -5.65], "size": [1, 1, 1.275], "inflate": -0.4, "pivot": [-1, 24.25, -5.25], "rotation": [0, 0, 46.75], "uv": [8, 68]},
						{"origin": [-1.4, 23.5, -5.65], "size": [1, 1.075, 1.35], "inflate": -0.402, "pivot": [-1, 24.25, -5.25], "rotation": [-36.5, 0, 46.75], "uv": [12, 68]},
						{"origin": [0.2, 23.425, -10.4], "size": [1, 1.025, 2.625], "inflate": -0.2, "pivot": [1, 24.25, -7.975], "rotation": [16.56687, 15.11653, -44.27446], "uv": [66, 38]},
						{"origin": [-1.2, 23.425, -10.4], "size": [1, 1.025, 2.625], "inflate": -0.2, "pivot": [-1, 24.25, -7.975], "rotation": [16.56687, -15.11653, 44.27446], "uv": [66, 35]},
						{"origin": [0.2, 22.725, -27.825], "size": [1, 1.075, 18.675], "inflate": -0.201, "pivot": [1, 23.6, -9.35], "rotation": [0, 0, -46.75], "uv": [46, 36]},
						{"origin": [-1.2, 22.725, -27.825], "size": [1, 1.075, 18.675], "inflate": -0.201, "pivot": [-1, 23.6, -9.35], "rotation": [0, 0, 46.75], "uv": [46, 1]},
						{"origin": [0.2, 22.3, -8.175], "size": [1.45, 1.725, 3.05], "inflate": -0.199, "pivot": [1.45, 23.825, -5.25], "rotation": [0, 0, -3.75], "uv": [34, 0]},
						{"origin": [0.2, 23, -5.575], "size": [1.45, 1.025, 1.225], "inflate": -0.2, "pivot": [1.45, 23.825, -4.55], "rotation": [0, 0, -3.75], "uv": [72, 14]},
						{"origin": [0.2, 22.175, -5], "size": [1.45, 1.425, 1.125], "inflate": -0.201, "pivot": [1.45, 23.825, -4.55], "rotation": [-48.75, 0, -3.75], "uv": [21, 71]},
						{"origin": [-1.65, 22.175, -5], "size": [1.45, 1.425, 1.125], "inflate": -0.201, "pivot": [-1.45, 23.825, -4.55], "rotation": [-48.75, 0, 3.75], "uv": [70, 32]},
						{"origin": [-1.65, 23, -5.575], "size": [1.45, 1.025, 1.225], "inflate": -0.2, "pivot": [-1.45, 23.825, -4.55], "rotation": [0, 0, 3.75], "uv": [14, 71]},
						{"origin": [0.25, 20.65, -0.975], "size": [1.3, 3.15, 1.3], "inflate": -0.201, "uv": [0, 63]},
						{"origin": [-1.55, 22.35, -5.875], "size": [3.1, 1.45, 5.325], "inflate": -0.202, "uv": [24, 22]},
						{"origin": [-1.55, 20.65, -0.975], "size": [1.3, 3.15, 1.3], "inflate": -0.201, "uv": [35, 22]},
						{"origin": [0.65, 21.7, -9.375], "size": [1, 1.625, 2.775], "inflate": -0.2, "pivot": [1.45, 23.825, -6.6], "rotation": [0, 0, -3.75], "uv": [68, 58]},
						{"origin": [0.65, 22, -14], "size": [1, 1.325, 5.025], "inflate": -0.2, "pivot": [1.45, 23.825, -9.175], "rotation": [0, 0, -3.75], "uv": [78, 61]},
						{"origin": [-1.65, 21.7, -9.375], "size": [1, 1.625, 2.775], "inflate": -0.2, "pivot": [-1.45, 23.825, -6.6], "rotation": [0, 0, 3.75], "uv": [68, 55]},
						{"origin": [-1.65, 22, -14], "size": [1, 1.325, 5.025], "inflate": -0.2, "pivot": [-1.45, 23.825, -9.175], "rotation": [0, 0, 3.75], "uv": [78, 55]},
						{"origin": [0.65, 21.7, -27.825], "size": [1, 1.625, 14.225], "inflate": -0.2, "pivot": [1.45, 23.825, -13.8], "rotation": [0, 0, -3.75], "uv": [66, 35]},
						{"origin": [-1.65, 21.7, -27.825], "size": [1, 1.625, 14.225], "inflate": -0.2, "pivot": [-1.45, 23.825, -13.8], "rotation": [0, 0, 3.75], "uv": [64, 20]},
						{"origin": [-1.65, 22.3, -8.175], "size": [1.45, 1.725, 3.05], "inflate": -0.199, "pivot": [-1.45, 23.825, -5.25], "rotation": [0, 0, 3.75], "uv": [24, 13]},
						{"origin": [-1.2, 23.425, -8.175], "size": [1, 1.025, 3.125], "inflate": -0.2, "pivot": [-1, 24.25, -5.25], "rotation": [0, 0, 46.75], "uv": [0, 26]},
						{"origin": [-1.25, 8.45, -0.65], "size": [2.5, 9.325, 3.975], "pivot": [1.45, 16.85, 0.8], "rotation": [33.25, 0, 0], "uv": [48, 73]},
						{"origin": [-0.5, 13.775, -2.725], "size": [1, 3.3, 1], "inflate": -0.1, "pivot": [0.5, 13.775, -2.725], "rotation": [-14.25, 0, 0], "uv": [12, 63]},
						{"origin": [-1.25, 12.725, -6.675], "size": [2.5, 1, 4.025], "inflate": -0.2, "pivot": [1.25, 12.925, -2.85], "rotation": [-24.75, 0, 0], "uv": [78, 72]},
						{"origin": [-1.25, 13.75, -7.8], "size": [2.5, 1.625, 2.225], "inflate": -0.199, "pivot": [1.25, 14.325, -5.5], "rotation": [-82, 0, 0], "uv": [8, 57]},
						{"origin": [-1.25, 14.25, -6.2], "size": [2.5, 1.125, 1.025], "inflate": -0.201, "pivot": [1.25, 14.325, -5.5], "rotation": [-82, 0, 0], "uv": [24, 58]},
						{"origin": [-1.25, 15.55, -7.3], "size": [2.5, 1.25, 1.65], "inflate": -0.201, "pivot": [1.25, 14.75, -5.85], "rotation": [-49.5, 0, 0], "uv": [66, 14]},
						{"origin": [-1.25, 12.175, -3.9], "size": [2.5, 1, 3.5], "inflate": -0.2, "pivot": [1.25, 12.975, -0.6], "rotation": [-137.75, 0, 0], "uv": [80, 22]},
						{"origin": [-1.25, 10.525, -1.4], "size": [2.5, 2.65, 1], "inflate": -0.199, "pivot": [1.25, 12.975, -0.6], "rotation": [-88.75, 0, 0], "uv": [6, 71]},
						{"origin": [-1.75, 10.6, 0.575], "size": [3.5, 5.675, 3.525], "pivot": [1.95, 16.25, 0.575], "rotation": [31.25, 0, 0], "uv": [66, 73]},
						{"origin": [-1.75, 10.65, 2.6], "size": [3.5, 5.65, 4.225], "inflate": 0.002, "pivot": [1.95, 14.2, 7.075], "rotation": [17.25, 0, 0], "uv": [46, 8]},
						{"origin": [-1.75, 7.75, 3.85], "size": [3.5, 2.85, 4.225], "pivot": [1.95, 9.15, 6.5], "rotation": [6.75, 0, 0], "uv": [42, 64]},
						{"origin": [-1.75, 16.3, 4.75], "size": [3.5, 3.6, 1.475], "inflate": -0.001, "pivot": [1.95, 16.2, 6.45], "rotation": [38.5, 0, 0], "uv": [34, 9]},
						{"origin": [-1.75, 15.275, 0.575], "size": [3.5, 1, 4.225], "inflate": 0.002, "pivot": [1.95, 16.25, 0.575], "rotation": [50.75, 0, 0], "uv": [74, 77]},
						{"origin": [0.1, 22.825, -1.925], "size": [1.1, 1.825, 2.075], "inflate": -0.299, "uv": [64, 22]},
						{"origin": [-1.2, 23.35, -1.875], "size": [2.4, 1.025, 2.175], "inflate": -0.3, "uv": [50, 55]},
						{"origin": [-1.2, 22.825, -1.925], "size": [1.1, 1.825, 2.075], "inflate": -0.299, "uv": [24, 63]}
					]
				},
				{
					"name": "chamber",
					"parent": "gun",
					"pivot": [0.625, 15.725, -8.125],
					"cubes": [
						{"origin": [-0.05, 16.875, -7.9], "size": [1, 4.775, 1.1], "inflate": 0.002, "pivot": [-1.6, 17.075, -7.05], "rotation": [0, 0, 0], "uv": [24, 22]},
						{"origin": [-1.075, 15.5, -7.9], "size": [1.05, 6.15, 1.1], "inflate": 0.002, "pivot": [-1.6, 17.075, -7.05], "rotation": [0, 0, 0], "uv": [42, 54]},
						{"origin": [0.35, 18.175, -7.9], "size": [1, 1.15, 1.1], "pivot": [-1.2, 18.375, -7.05], "rotation": [0, 0, 0], "uv": [76, 11]},
						{"origin": [-0.95, 19.725, -8], "size": [2.4, 1.2, 1.3], "inflate": -0.1, "uv": [64, 32]},
						{"origin": [0.225, 19.8, -7.975], "size": [1.4, 1.2, 1.275], "inflate": -0.101, "pivot": [1.525, 20.9, -6.85], "rotation": [0, 0, 44.25], "uv": [76, 9]},
						{"origin": [0.425, 20.8, -7.975], "size": [1.2, 1, 1.275], "inflate": -0.1, "uv": [74, 32]}
					]
				},
				{
					"name": "cartridge",
					"parent": "chamber",
					"pivot": [-2.175, 15.975, -7.4],
					"cubes": [
						{"origin": [-2.325, 18.4, -6.6], "size": [4.625, 2.65, 6.15], "inflate": -0.3, "uv": [0, 9]},
						{"origin": [0.65, 20.45, -6.6], "size": [1.65, 2.925, 6.15], "inflate": -0.301, "pivot": [2, 20.75, -0.825], "rotation": [0, 0, -60], "uv": [34, 72]},
						{"origin": [-2.325, 20.45, -6.6], "size": [1.65, 2.925, 6.15], "inflate": -0.302, "pivot": [-2.025, 20.75, -0.825], "rotation": [0, 0, 60], "uv": [20, 72]},
						{"origin": [0.65, 16.075, -6.6], "size": [1.65, 2.925, 6.15], "inflate": -0.301, "pivot": [2, 18.7, -0.825], "rotation": [0, 0, 60], "uv": [66, 35]},
						{"origin": [-2.325, 16.075, -6.6], "size": [1.65, 2.925, 6.15], "inflate": -0.302, "pivot": [-2.025, 18.7, -0.825], "rotation": [0, 0, -60], "uv": [6, 71]}
					]
				},
				{
					"name": "rotatey",
					"parent": "chamber",
					"pivot": [-0.015, 19.73, -1.4]
				},
				{
					"name": "bone",
					"parent": "rotatey",
					"pivot": [2.15, 18.475, -7.4],
					"cubes": [
						{"origin": [1.7, 18.075, -7.05], "size": [1, 3.3, 6.425], "inflate": -0.3, "uv": [64, 23]},
						{"origin": [-2.4, 18.175, -7.05], "size": [4.75, 3.1, 1.075], "inflate": -0.302, "uv": [66, 50]},
						{"origin": [1.7, 20.775, -7.05], "size": [1, 3.375, 6.425], "inflate": -0.301, "pivot": [2.4, 21.075, -7.4], "rotation": [0, 0, -60], "uv": [60, 55]}
					]
				},
				{
					"name": "bone4",
					"parent": "rotatey",
					"pivot": [2.15, 18.475, -7.4],
					"rotation": [0, 0, 60],
					"cubes": [
						{"origin": [1.6616, 15.56651, -7.05], "size": [1, 3.375, 6.425], "inflate": -0.301, "uv": [56, 20]},
						{"origin": [1.6616, 13.00849, -7.05], "size": [1, 3.375, 6.425], "inflate": -0.3, "pivot": [2.15, 15.975, -7.4], "rotation": [0, 0, 60], "uv": [42, 55]}
					]
				},
				{
					"name": "bone2",
					"parent": "rotatey",
					"pivot": [-2.175, 18.475, -7.4],
					"rotation": [0, 0, -180],
					"cubes": [
						{"origin": [-2.625, 15.575, -7.05], "size": [1, 3.3, 6.425], "inflate": -0.301, "uv": [24, 54]},
						{"origin": [-2.6634, 13.06651, -7.05], "size": [1, 3.375, 6.425], "inflate": -0.3, "pivot": [-2.175, 15.975, -7.4], "rotation": [0, 0, 60], "uv": [0, 54]},
						{"origin": [-6.625, 13.175, -7.05], "size": [4.55, 3.1, 1.075], "inflate": -0.303, "pivot": [-2.175, 15.975, -7.4], "rotation": [0, 0, 60], "uv": [78, 67]},
						{"origin": [-8.275, 10.31712, -7.05], "size": [4.55, 3.1, 1.075], "inflate": -0.299, "pivot": [-9.825, 15.975, -7.4], "rotation": [0, 0, -60], "uv": [76, 50]}
					]
				},
				{
					"name": "rightarm",
					"parent": "main",
					"pivot": [-4.55, 8.525, 21.65],
					"rotation": [-104.56106, -12.40003, -2.46982],
					"cubes": [
						{"origin": [-8.55, -15.475, 17.65], "size": [8, 24, 8], "uv": [32, 22]}
					]
				},
				{
					"name": "leftarm",
					"parent": "main",
					"pivot": [10.2, 2.25, 20.15],
					"rotation": [-118.95832, 6.70101, -29.35181],
					"cubes": [
						{"origin": [6.2, -21.75, 16.15], "size": [8, 24, 8], "uv": [0, 22]}
					]
				},
				{
					"name": "scope",
					"parent": "main",
					"pivot": [0, 25.5, 16.75],
					"cubes": [
						{"origin": [-0.5, 25, 16.45], "size": [1, 1, 1], "inflate": -0.4, "uv": [47, 25]}
					]
				},
				{
					"name": "muzzleflash",
					"parent": "main",
					"pivot": [0, 19.975, -29.6],
					"cubes": [
						{"origin": [-0.5, 19.475, -29.9], "size": [1, 1, 1], "inflate": -0.4, "uv": [47, 42]}
					]
				},
				{
					"name": "reticle",
					"parent": "main",
					"pivot": [0, 25.5, 12.05],
					"cubes": [
						{"origin": [-0.5, 25, 10.35], "size": [1, 1, 1], "uv": [32, 34]}
					]
				},
				{
					"name": "_camera_",
					"pivot": [6.825, 33.725, 26.45]
				}
			]
		}
	]
}