{
	"format_version": "1.12.0",
	"minecraft:geometry": [
		{
			"description": {
				"identifier": "geometry.unknown",
				"texture_width": 256,
				"texture_height": 256,
				"visible_bounds_width": 10,
				"visible_bounds_height": 7,
				"visible_bounds_offset": [0, 1.5, 0]
			},
			"bones": [
				{
					"name": "bb_main",
					"pivot": [0, 0, 0]
				},
				{
					"name": "main",
					"pivot": [0, 20, 0]
				},
				{
					"name": "gun",
					"parent": "main",
					"pivot": [0.75, 14.6, 4.9],
					"cubes": [
						{"origin": [-1.75, 4.275, -1.35], "size": [3.5, 11.875, 1], "pivot": [0.75, 15.25, -1.35], "rotation": [27.5, 0, 0], "uv": [96, 19]},
						{"origin": [-1.75, 15.3, -1.85], "size": [3.5, 5.1, 1], "inflate": -0.001, "uv": [94, 87]},
						{"origin": [0.5, 15.3, -1.85], "size": [1.25, 5.1, 1], "inflate": -0.001, "pivot": [1.75, 20.4, -1.85], "rotation": [0, -67.25, 0], "uv": [24, 67]},
						{"origin": [-1.75, 8.475, 2.25], "size": [3.5, 11.225, 1], "inflate": -0.001, "pivot": [0.75, 19.45, 2.25], "rotation": [27.5, 0, 0], "uv": [95, 0]},
						{"origin": [-1.75, 10.1, 14.225], "size": [3.5, 11.225, 1], "inflate": -0.001, "pivot": [0.75, 21.075, 14.225], "rotation": [49.5, 0, 0], "uv": [91, 36]},
						{"origin": [-1.75, 12.6, 10.8], "size": [3.5, 7.975, 1], "inflate": -0.001, "pivot": [0.75, 21.075, 10.8], "rotation": [49.5, 0, 0], "uv": [0, 38]},
						{"origin": [-1.75, 13.65, 16.875], "size": [3.5, 2.725, 1], "pivot": [0.75, 16.125, 16.875], "rotation": [-3, 0, 0], "uv": [94, 96]},
						{"origin": [-1.75, 10.3, 6.825], "size": [3.5, 2.075, 22], "inflate": 0.001, "pivot": [0.75, 12.375, 6.825], "rotation": [11.25, 0, 0], "uv": [0, 27]},
						{"origin": [-1.75, 5.525, 3.725], "size": [3.5, 2.875, 2.1], "inflate": -0.001, "uv": [106, 120]},
						{"origin": [-1.75, 7.4, 2.925], "size": [3.5, 1, 2.1], "inflate": -0.002, "uv": [32, 8]},
						{"origin": [-1.75, 5.525, 5.825], "size": [3.5, 2.075, 7.6], "pivot": [0.75, 5.525, 5.825], "rotation": [47.75, 0, 0], "uv": [94, 53]},
						{"origin": [-1.75, 19.2, -10.925], "size": [3.5, 2.425, 14.4], "uv": [78, 101]},
						{"origin": [-1.75, 20.2, 3.45], "size": [3.5, 1.425, 26.275], "uv": [0, 0]},
						{"origin": [-1.75, 14.575, 25.65], "size": [3.5, 5.625, 4.075], "inflate": -0.001, "pivot": [0.75, 20.2, 29.725], "rotation": [-9.25, 0, 0], "uv": [104, 126]},
						{"origin": [-1.75, 19.2, 3.475], "size": [3.5, 1, 3.7], "inflate": -0.001, "pivot": [0.75, 19.2, 3.475], "rotation": [23.25, 0, 0], "uv": [12, 22]},
						{"origin": [-1.6, 21.6, -10.925], "size": [3.2, 4.225, 35.75], "inflate": -0.001, "uv": [126, 0]},
						{"origin": [0.9, 24.25, 2.075], "size": [1.45, 1.525, 3.25], "pivot": [2.35, 25.275, 2.075], "rotation": [0, -14.5, 0], "uv": [126, 45]},
						{"origin": [1.625, 22.925, 1.3], "size": [2.45, 1, 1], "inflate": -0.2, "pivot": [4.075, 23.95, 1.3], "rotation": [-36, 0, 0], "uv": [187, 67]},
						{"origin": [0.9, 24.25, -1.175], "size": [1.45, 1.525, 3.25], "inflate": -0.001, "pivot": [2.35, 25.275, 2.075], "rotation": [0, 14.5, 0], "uv": [126, 28]},
						{"origin": [-2.35, 24.25, 2.075], "size": [1.45, 1.525, 3.25], "pivot": [-2.35, 25.275, 2.075], "rotation": [0, 14.5, 0], "uv": [96, 120]},
						{"origin": [-2.35, 24.25, -1.175], "size": [1.45, 1.525, 3.25], "inflate": -0.001, "pivot": [-2.35, 25.275, 2.075], "rotation": [0, -14.5, 0], "uv": [49, 121]},
						{"origin": [-1.6, 25.775, -10.675], "size": [3.2, 1.05, 3.75], "inflate": -0.002, "uv": [0, 22]},
						{"origin": [1.65, 5.65, 5.025], "size": [2.2, 2, 2], "pivot": [3.85, 5.65, 5.025], "rotation": [23.25, -18.5, 0], "uv": [34, 132]},
						{"origin": [1.85, 24.775, -9.05], "size": [2, 2, 7.25], "pivot": [3.85, 24.775, -9.05], "rotation": [-41.43082, -1.27628, -6.15018], "uv": [94, 78]},
						{"origin": [2.2, 19.85, -3.575], "size": [2, 2, 9], "pivot": [4.2, 19.85, -3.575], "rotation": [8.31918, -1.27628, -6.15018], "uv": [32, 67]},
						{"origin": [1.9, 21.125, 4.975], "size": [2, 2, 9], "pivot": [3.9, 21.125, 4.975], "rotation": [0.06919, 1.47372, -6.14686], "uv": [22, 51]},
						{"origin": [1.9, 10.05, 9.825], "size": [2, 2, 13.325], "pivot": [3.9, 10.05, 9.825], "rotation": [11.56919, 1.47372, -6.14686], "uv": [114, 67]},
						{"origin": [1.9, 9.85, 4.675], "size": [2, 2, 6.425], "pivot": [3.9, 9.85, 10.05], "rotation": [43.81919, 1.47372, -6.14686], "uv": [72, 19]},
						{"origin": [2.15, 21.725, 12.7], "size": [2, 2, 12.025], "pivot": [4.15, 21.725, 12.7], "rotation": [-45.09031, -4.45849, -2.96403], "uv": [96, 19]},
						{"origin": [1.55, 24.875, -9.175], "size": [2.2, 2, 2], "pivot": [3.85, 24.775, -9.175], "rotation": [-44.17528, -11.63603, 6.42638], "uv": [126, 111]},
						{"origin": [-3.75, 24.875, -9.175], "size": [2.2, 2, 2], "pivot": [-3.85, 24.775, -9.175], "rotation": [-44.17528, 11.63603, -6.42638], "uv": [126, 88]},
						{"origin": [-3.85, 24.775, -9.05], "size": [2, 2, 7.25], "pivot": [-3.85, 24.775, -9.05], "rotation": [-41.43082, 1.27628, 6.15018], "uv": [13, 51]},
						{"origin": [-4.2, 19.85, -3.575], "size": [2, 2, 9], "pivot": [-4.2, 19.85, -3.575], "rotation": [8.31918, 1.27628, 6.15018], "uv": [0, 38]},
						{"origin": [-3.9, 21.125, 4.975], "size": [2, 2, 9], "pivot": [-3.9, 21.125, 4.975], "rotation": [0.06919, -1.47372, 6.14686], "uv": [0, 51]},
						{"origin": [-4.15, 21.725, 12.7], "size": [2, 2, 12.025], "pivot": [-4.15, 21.725, 12.7], "rotation": [-45.09031, 4.45849, 2.96403], "uv": [95, 0]},
						{"origin": [-3.9, 10.05, 9.825], "size": [2, 2, 13.325], "pivot": [-3.9, 10.05, 9.825], "rotation": [11.56919, -1.47372, 6.14686], "uv": [91, 36]},
						{"origin": [-3.9, 9.85, 4.675], "size": [2, 2, 6.425], "pivot": [-3.9, 9.85, 10.05], "rotation": [43.81919, -1.47372, 6.14686], "uv": [72, 8]},
						{"origin": [-3.85, 5.65, 5.025], "size": [2.2, 2, 2], "pivot": [-3.85, 5.65, 5.025], "rotation": [23.25, 18.5, 0], "uv": [131, 74]},
						{"origin": [-1.6, 26.15, -7.525], "size": [3.2, 1.05, 1.7], "inflate": -0.003, "pivot": [0.85, 26.15, -7.775], "rotation": [-37.75, 0, 0], "uv": [0, 19]},
						{"origin": [-0.5, 25.5, -10.925], "size": [1, 2.225, 35.75], "uv": [57, 156]},
						{"origin": [-0.5, 26.125, -10.925], "size": [1, 1.6, 35.75], "pivot": [0.5, 27.725, -10.925], "rotation": [0, 0, -31.75], "uv": [166, 158]},
						{"origin": [-0.5, 26.125, -10.925], "size": [1, 1.6, 35.75], "pivot": [-0.5, 27.725, -10.925], "rotation": [0, 0, 31.75], "uv": [129, 157]},
						{"origin": [-1.35, 25.375, -10.925], "size": [2.7, 1, 35.75], "uv": [83, 120]},
						{"origin": [-1.1, 24.975, -0.05], "size": [2.2, 6, 6], "pivot": [1.35, 30.2, -0.05], "rotation": [-19, 0, 0], "uv": [28, 27]},
						{"origin": [-1.85, 21.6, 11.825], "size": [3.7, 2.575, 17.9], "uv": [72, 0]},
						{"origin": [-1.85, 23.1, 9.325], "size": [3.7, 1.075, 2.5], "uv": [38, 46]},
						{"origin": [-1.85, 23.1, 9.325], "size": [3.7, 1.125, 4.2], "inflate": 0.001, "pivot": [0.85, 23.075, 9.325], "rotation": [-21.75, 0, 0], "uv": [35, 51]},
						{"origin": [-0.85, 27.05, 8.825], "size": [1.7, 3.575, 16], "inflate": 0.001, "uv": [28, 27]},
						{"origin": [-0.85, 28.6, 8.825], "size": [1.7, 2.025, 16], "inflate": -0.001, "pivot": [0.85, 30.625, 8.825], "rotation": [0, 0, -35.5], "uv": [60, 101]},
						{"origin": [0.325, 25.6, 8.825], "size": [1.7, 2.375, 16], "inflate": -0.002, "pivot": [2.025, 27.975, 8.825], "rotation": [0, 0, 15], "uv": [76, 83]},
						{"origin": [-2.025, 27.975, 8.825], "size": [4.05, 1, 16], "uv": [72, 19]},
						{"origin": [-2.025, 25.6, 8.825], "size": [1.7, 2.375, 16], "inflate": -0.002, "pivot": [-2.025, 27.975, 8.825], "rotation": [0, 0, -15], "uv": [16, 83]},
						{"origin": [-0.85, 28.6, 8.825], "size": [1.7, 2.025, 16], "inflate": -0.001, "pivot": [-0.85, 30.625, 8.825], "rotation": [0, 0, 35.5], "uv": [0, 101]},
						{"origin": [-2.1, 24.1, 12.825], "size": [4.2, 3.825, 1.4], "uv": [37, 112]},
						{"origin": [-2.1, 24.1, 22.825], "size": [4.2, 3.825, 1.4], "uv": [98, 111]},
						{"origin": [-0.15, 24.175, 24.825], "size": [2, 5, 4.9], "pivot": [1.85, 24.175, 24.825], "rotation": [0, 0, -8], "uv": [45, 67]},
						{"origin": [-0.15, 24.175, 9.325], "size": [2, 1.5, 15.5], "pivot": [1.85, 24.175, 9.325], "rotation": [0, 0, -8], "uv": [18, 101]},
						{"origin": [-1.85, 24.175, 9.325], "size": [2, 1.5, 15.5], "pivot": [-1.85, 24.175, 9.325], "rotation": [0, 0, 8], "uv": [72, 36]},
						{"origin": [-1.85, 24.175, 24.825], "size": [2, 5, 4.9], "pivot": [-1.85, 24.175, 24.825], "rotation": [0, 0, 8], "uv": [49, 0]},
						{"origin": [-1, 14.75, -71.925], "size": [2, 8.575, 44.65], "inflate": -0.2, "uv": [0, 126]},
						{"origin": [-0.8, 32.775, -77.325], "size": [1, 1, 10.65], "inflate": -0.2, "pivot": [0, 33.775, -77.125], "rotation": [0, 0, -40], "uv": [138, 1]},
						{"origin": [-0.8, 30.475, -75.425], "size": [1, 2.7, 6.85], "inflate": -0.199, "pivot": [0, 33.775, -77.125], "rotation": [0, 0, -40], "uv": [151, 90]},
						{"origin": [-0.8, 28.175, -73.525], "size": [1, 2.7, 3.05], "inflate": -0.2, "pivot": [0, 33.775, -77.125], "rotation": [0, 0, -40], "uv": [142, 143]},
						{"origin": [-0.8, 25.575, -78.075], "size": [1, 4.4, 4.55], "inflate": -0.201, "pivot": [0, 33.775, -77.125], "rotation": [45, 0, -40], "uv": [126, 11]},
						{"origin": [-0.8, 25.925, -73.175], "size": [1, 1.6, 2.4], "inflate": -0.201, "pivot": [0, 33.775, -77.125], "rotation": [45, 0, -40], "uv": [126, 100]},
						{"origin": [-0.8, 25.925, -73.225], "size": [1, 1.6, 2.4], "inflate": -0.201, "pivot": [0, 33.775, -66.875], "rotation": [-45, 0, -40], "uv": [124, 56]},
						{"origin": [-0.8, 33.075, -76.7], "size": [1, 1, 8.35], "inflate": -0.198, "pivot": [0, 33.775, -77.125], "rotation": [-50.75, 0, -40], "uv": [177, 10]},
						{"origin": [-0.8, 33.075, -75.65], "size": [1, 1, 8.35], "inflate": -0.198, "pivot": [0, 33.775, -66.875], "rotation": [50.75, 0, -40], "uv": [177, 1]},
						{"origin": [-0.8, 32.775, -64.325], "size": [1, 1, 10.65], "inflate": -0.2, "pivot": [0, 33.775, -64.125], "rotation": [0, 0, -40], "uv": [92, 137]},
						{"origin": [-0.8, 33.075, -63.7], "size": [1, 1, 8.35], "inflate": -0.198, "pivot": [0, 33.775, -64.125], "rotation": [-50.75, 0, -40], "uv": [176, 167]},
						{"origin": [-0.8, 33.075, -62.65], "size": [1, 1, 8.35], "inflate": -0.198, "pivot": [0, 33.775, -53.875], "rotation": [50.75, 0, -40], "uv": [176, 176]},
						{"origin": [-0.8, 30.475, -62.425], "size": [1, 2.7, 6.85], "inflate": -0.199, "pivot": [0, 33.775, -64.125], "rotation": [0, 0, -40], "uv": [149, 105]},
						{"origin": [-0.8, 28.175, -60.525], "size": [1, 2.7, 3.05], "inflate": -0.2, "pivot": [0, 33.775, -64.125], "rotation": [0, 0, -40], "uv": [132, 143]},
						{"origin": [-0.8, 25.575, -65.075], "size": [1, 4.4, 4.55], "inflate": -0.201, "pivot": [0, 33.775, -64.125], "rotation": [45, 0, -40], "uv": [126, 0]},
						{"origin": [-0.8, 25.925, -60.175], "size": [1, 1.6, 2.4], "inflate": -0.201, "pivot": [0, 33.775, -64.125], "rotation": [45, 0, -40], "uv": [121, 73]},
						{"origin": [-0.8, 25.925, -60.225], "size": [1, 1.6, 2.4], "inflate": -0.201, "pivot": [0, 33.775, -53.875], "rotation": [-45, 0, -40], "uv": [124, 53]},
						{"origin": [-0.8, 32.775, -51.325], "size": [1, 1, 10.65], "inflate": -0.2, "pivot": [0, 33.775, -51.125], "rotation": [0, 0, -40], "uv": [70, 137]},
						{"origin": [-0.8, 33.075, -50.7], "size": [1, 1, 8.35], "inflate": -0.198, "pivot": [0, 33.775, -51.125], "rotation": [-50.75, 0, -40], "uv": [166, 175]},
						{"origin": [-0.8, 33.075, -49.65], "size": [1, 1, 8.35], "inflate": -0.198, "pivot": [0, 33.775, -40.875], "rotation": [50.75, 0, -40], "uv": [176, 158]},
						{"origin": [-0.8, 30.475, -49.425], "size": [1, 2.7, 6.85], "inflate": -0.199, "pivot": [0, 33.775, -51.125], "rotation": [0, 0, -40], "uv": [149, 77]},
						{"origin": [-0.8, 28.175, -47.525], "size": [1, 2.7, 3.05], "inflate": -0.2, "pivot": [0, 33.775, -51.125], "rotation": [0, 0, -40], "uv": [143, 68]},
						{"origin": [-0.8, 25.575, -52.075], "size": [1, 4.4, 4.55], "inflate": -0.201, "pivot": [0, 33.775, -51.125], "rotation": [45, 0, -40], "uv": [0, 126]},
						{"origin": [-0.8, 25.925, -47.175], "size": [1, 1.6, 2.4], "inflate": -0.201, "pivot": [0, 33.775, -51.125], "rotation": [45, 0, -40], "uv": [120, 116]},
						{"origin": [-0.8, 25.925, -47.225], "size": [1, 1.6, 2.4], "inflate": -0.201, "pivot": [0, 33.775, -40.875], "rotation": [-45, 0, -40], "uv": [121, 67]},
						{"origin": [-0.8, 32.775, -38.325], "size": [1, 1, 10.65], "inflate": -0.2, "pivot": [0, 33.775, -38.125], "rotation": [0, 0, -40], "uv": [48, 137]},
						{"origin": [-0.8, 33.075, -37.7], "size": [1, 1, 8.35], "inflate": -0.198, "pivot": [0, 33.775, -38.125], "rotation": [-50.75, 0, -40], "uv": [122, 175]},
						{"origin": [-0.05, 30.975, -41.075], "size": [1, 1, 2.95], "inflate": -0.2, "pivot": [0.75, 31.975, -41.125], "rotation": [0, 0, -40], "uv": [60, 107]},
						{"origin": [-0.05, 30.275, -41.525], "size": [1, 1.1, 3.7], "inflate": -0.2, "pivot": [0.75, 31.975, -41.125], "rotation": [0, 0, -40], "uv": [33, 156]},
						{"origin": [-0.05, 29.675, -41.925], "size": [1, 1, 4.7], "inflate": -0.2, "pivot": [0.75, 31.975, -41.125], "rotation": [0, 0, -40], "uv": [153, 67]},
						{"origin": [-0.05, 30.975, -38.475], "size": [1, 1.3, 8.325], "inflate": -0.198, "pivot": [0.75, 31.975, -38.625], "rotation": [-50.75, 0, -40], "uv": [167, 71]},
						{"origin": [-0.05, 30.975, -49.05], "size": [1, 1.3, 8.325], "inflate": -0.198, "pivot": [0.75, 31.975, -40.575], "rotation": [50.75, 0, -40], "uv": [167, 62]},
						{"origin": [-0.05, 30.975, -25.475], "size": [1, 1.3, 8.325], "inflate": -0.198, "pivot": [0.75, 31.975, -25.625], "rotation": [-50.75, 0, -40], "uv": [166, 157]},
						{"origin": [-0.05, 30.975, -28.075], "size": [1, 1, 2.95], "inflate": -0.2, "pivot": [0.75, 31.975, -28.125], "rotation": [0, 0, -40], "uv": [0, 107]},
						{"origin": [-0.05, 29.675, -28.925], "size": [1, 1, 4.7], "inflate": -0.2, "pivot": [0.75, 31.975, -28.125], "rotation": [0, 0, -40], "uv": [152, 146]},
						{"origin": [-0.05, 30.275, -28.525], "size": [1, 1.1, 3.7], "inflate": -0.2, "pivot": [0.75, 31.975, -28.125], "rotation": [0, 0, -40], "uv": [153, 22]},
						{"origin": [-0.05, 30.975, -36.05], "size": [1, 1.3, 8.325], "inflate": -0.198, "pivot": [0.75, 31.975, -27.575], "rotation": [50.75, 0, -40], "uv": [166, 166]},
						{"origin": [-0.05, 24.55, -34.225], "size": [1, 1.625, 2.25], "inflate": -0.197, "pivot": [0.75, 31.975, -27.575], "rotation": [0, 0, -40], "uv": [86, 104]},
						{"origin": [-0.05, 24.55, -21.225], "size": [1, 1.625, 2.25], "inflate": -0.197, "pivot": [0.75, 31.975, -14.575], "rotation": [0, 0, -40], "uv": [78, 104]},
						{"origin": [-0.05, 24.55, -47.225], "size": [1, 1.625, 2.25], "inflate": -0.197, "pivot": [0.75, 31.975, -40.575], "rotation": [0, 0, -40], "uv": [26, 104]},
						{"origin": [-0.05, 17.9, -38.475], "size": [1, 1.3, 8.325], "inflate": -0.198, "pivot": [0.75, 18.2, -38.625], "rotation": [50.75, 0, 40], "uv": [0, 157]},
						{"origin": [-0.05, 19.5, -41.925], "size": [1, 1, 4.7], "inflate": -0.2, "pivot": [0.75, 18.2, -41.125], "rotation": [0, 0, 40], "uv": [76, 148]},
						{"origin": [-0.05, 18.8, -41.525], "size": [1, 1.1, 3.7], "inflate": -0.2, "pivot": [0.75, 18.2, -41.125], "rotation": [0, 0, 40], "uv": [92, 148]},
						{"origin": [-0.05, 18.2, -41.075], "size": [1, 1, 2.95], "inflate": -0.2, "pivot": [0.75, 18.2, -41.125], "rotation": [0, 0, 40], "uv": [0, 102]},
						{"origin": [-0.05, 17.9, -49.05], "size": [1, 1.3, 8.325], "inflate": -0.198, "pivot": [0.75, 18.2, -40.575], "rotation": [-50.75, 0, 40], "uv": [18, 157]},
						{"origin": [-0.05, 17.9, -25.475], "size": [1, 1.3, 8.325], "inflate": -0.198, "pivot": [0.75, 18.2, -25.625], "rotation": [50.75, 0, 40], "uv": [0, 148]},
						{"origin": [-0.05, 19.5, -28.925], "size": [1, 1, 4.7], "inflate": -0.2, "pivot": [0.75, 18.2, -28.125], "rotation": [0, 0, 40], "uv": [100, 120]},
						{"origin": [-0.05, 17.9, -36.05], "size": [1, 1.3, 8.325], "inflate": -0.198, "pivot": [0.75, 18.2, -27.575], "rotation": [-50.75, 0, 40], "uv": [18, 148]},
						{"origin": [-0.05, 18.8, -28.525], "size": [1, 1.1, 3.7], "inflate": -0.2, "pivot": [0.75, 18.2, -28.125], "rotation": [0, 0, 40], "uv": [66, 148]},
						{"origin": [-0.05, 18.2, -28.075], "size": [1, 1, 2.95], "inflate": -0.2, "pivot": [0.75, 18.2, -28.125], "rotation": [0, 0, 40], "uv": [18, 101]},
						{"origin": [-0.05, 17.9, -62.05], "size": [1, 1.3, 8.325], "inflate": -0.198, "pivot": [0.75, 18.2, -53.575], "rotation": [-50.75, 0, 40], "uv": [150, 41]},
						{"origin": [-0.05, 17.9, -51.475], "size": [1, 1.3, 8.325], "inflate": -0.198, "pivot": [0.75, 18.2, -51.625], "rotation": [50.75, 0, 40], "uv": [94, 156]},
						{"origin": [-0.05, 18.2, -54.075], "size": [1, 1, 2.95], "inflate": -0.2, "pivot": [0.75, 18.2, -54.125], "rotation": [0, 0, 40], "uv": [98, 101]},
						{"origin": [-0.05, 19.5, -54.925], "size": [1, 1, 4.7], "inflate": -0.2, "pivot": [0.75, 18.2, -54.125], "rotation": [0, 0, 40], "uv": [148, 12]},
						{"origin": [-0.05, 18.8, -54.525], "size": [1, 1.1, 3.7], "inflate": -0.2, "pivot": [0.75, 18.2, -54.125], "rotation": [0, 0, 40], "uv": [148, 90]},
						{"origin": [-0.05, 17.9, -75.05], "size": [1, 1.3, 8.325], "inflate": -0.198, "pivot": [0.75, 18.2, -66.575], "rotation": [-50.75, 0, 40], "uv": [48, 148]},
						{"origin": [-0.05, 17.9, -64.475], "size": [1, 1.3, 8.325], "inflate": -0.198, "pivot": [0.75, 18.2, -64.625], "rotation": [50.75, 0, 40], "uv": [66, 148]},
						{"origin": [-0.05, 18.2, -67.075], "size": [1, 1, 2.95], "inflate": -0.2, "pivot": [0.75, 18.2, -67.125], "rotation": [0, 0, 40], "uv": [86, 101]},
						{"origin": [-0.05, 19.5, -67.925], "size": [1, 1, 4.7], "inflate": -0.2, "pivot": [0.75, 18.2, -67.125], "rotation": [0, 0, 40], "uv": [143, 62]},
						{"origin": [-0.05, 18.8, -67.525], "size": [1, 1.1, 3.7], "inflate": -0.2, "pivot": [0.75, 18.2, -67.125], "rotation": [0, 0, 40], "uv": [82, 148]},
						{"origin": [-0.05, 24, -34.225], "size": [1, 1.625, 2.25], "inflate": -0.197, "pivot": [0.75, 18.2, -27.575], "rotation": [0, 0, 40], "uv": [9, 102]},
						{"origin": [-0.05, 24, -21.225], "size": [1, 1.625, 2.25], "inflate": -0.197, "pivot": [0.75, 18.2, -14.575], "rotation": [0, 0, 40], "uv": [69, 99]},
						{"origin": [-0.05, 24, -47.225], "size": [1, 1.625, 2.25], "inflate": -0.197, "pivot": [0.75, 18.2, -40.575], "rotation": [0, 0, 40], "uv": [60, 102]},
						{"origin": [-0.05, 24, -60.225], "size": [1, 1.625, 2.25], "inflate": -0.197, "pivot": [0.75, 18.2, -53.575], "rotation": [0, 0, 40], "uv": [78, 101]},
						{"origin": [-0.05, 24, -73.225], "size": [1, 1.625, 2.25], "inflate": -0.197, "pivot": [0.75, 18.2, -66.575], "rotation": [0, 0, 40], "uv": [26, 101]},
						{"origin": [-0.05, 24.55, -60.225], "size": [1, 1.625, 2.25], "inflate": -0.197, "pivot": [0.75, 31.975, -53.575], "rotation": [0, 0, -40], "uv": [18, 104]},
						{"origin": [4.575, 23.525, -60.225], "size": [1, 3.125, 2.25], "inflate": -0.197, "pivot": [5.375, 32.45, -53.575], "rotation": [0, 0, 0], "uv": [24, 51]},
						{"origin": [4.575, 23.525, -47.225], "size": [1, 3.125, 2.25], "inflate": -0.197, "pivot": [5.375, 32.45, -40.575], "rotation": [0, 0, 0], "uv": [13, 51]},
						{"origin": [4.575, 23.525, -34.225], "size": [1, 3.125, 2.25], "inflate": -0.197, "pivot": [5.375, 32.45, -27.575], "rotation": [0, 0, 0], "uv": [38, 27]},
						{"origin": [4.575, 23.525, -21.225], "size": [1, 3.125, 2.25], "inflate": -0.197, "pivot": [5.375, 32.45, -14.575], "rotation": [0, 0, 0], "uv": [28, 27]},
						{"origin": [4.575, 23.525, -9.25], "size": [1, 3.125, 1.55], "inflate": -0.197, "pivot": [5.375, 32.45, -2.8], "rotation": [0, 0, 0], "uv": [49, 0]},
						{"origin": [-5.575, 23.525, -9.25], "size": [1, 3.125, 1.55], "inflate": -0.197, "pivot": [-5.375, 32.45, -2.8], "rotation": [0, 0, 0], "uv": [40, 39]},
						{"origin": [-0.05, 24.55, -9.25], "size": [1, 1.625, 1.55], "inflate": -0.197, "pivot": [0.75, 31.975, -2.8], "rotation": [0, 0, -40], "uv": [58, 57]},
						{"origin": [-0.05, 23.975, -9.25], "size": [1, 1.625, 1.55], "inflate": -0.197, "pivot": [0.75, 18.175, -2.8], "rotation": [0, 0, 40], "uv": [58, 46]},
						{"origin": [4.575, 23.525, -74.225], "size": [1, 3.125, 3.25], "inflate": -0.197, "pivot": [5.375, 32.45, -66.575], "rotation": [0, 0, 0], "uv": [33, 67]},
						{"origin": [-0.05, 24.55, -73.225], "size": [1, 1.625, 2.25], "inflate": -0.197, "pivot": [0.75, 31.975, -66.575], "rotation": [0, 0, -40], "uv": [69, 102]},
						{"origin": [-0.05, 30.975, -12.775], "size": [1, 1.3, 7.875], "inflate": -0.198, "pivot": [0.75, 31.975, -12.925], "rotation": [-50.75, 0, -40], "uv": [0, 107]},
						{"origin": [-1.8, 30.975, -12.9], "size": [1.225, 1.7, 7.25], "inflate": -0.198, "pivot": [0.75, 31.975, -12.925], "rotation": [-50.75, 0, -40], "uv": [72, 0]},
						{"origin": [0.575, 30.975, -12.9], "size": [1.225, 1.7, 7.25], "inflate": -0.198, "pivot": [-0.75, 31.975, -12.925], "rotation": [-50.75, 0, 40], "uv": [24, 67]},
						{"origin": [-0.55, 30.825, -12.925], "size": [1, 1.3, 3.575], "inflate": -0.2, "pivot": [0.25, 31.825, -12.875], "rotation": [-46.8671, 21.54065, -21.4005], "uv": [48, 143]},
						{"origin": [2.275, 30.825, -11.65], "size": [1, 1.3, 3.575], "inflate": -0.2, "pivot": [-0.25, 31.825, -12.875], "rotation": [-46.8671, -21.54065, 21.4005], "uv": [0, 143]},
						{"origin": [2.375, 29.2, -9.175], "size": [1, 1, 2.8], "inflate": -0.3, "pivot": [3.375, 29.2, -9.175], "rotation": [106.95909, -61.87047, -119.22179], "uv": [9, 22]},
						{"origin": [2.275, 26.4, -9.45], "size": [1, 3.9, 1], "inflate": -0.3, "pivot": [3.375, 29.2, -9.175], "rotation": [103.75427, -51.68644, -143.13091], "uv": [6, 27]},
						{"origin": [2.175, 19.8, -9.2], "size": [1, 3.9, 1], "inflate": -0.3, "pivot": [3.375, 20.9, -9.175], "rotation": [-97.35585, -52.07471, 139.12963], "uv": [21, 21]},
						{"origin": [-1.325, 19.925, -9.25], "size": [4.3, 1, 1], "inflate": -0.3, "pivot": [3.375, 20.9, -9.175], "rotation": [-97.19378, -64.36604, 139.72416], "uv": [0, 8]},
						{"origin": [3.975, 25.55, -9.45], "size": [1, 1.775, 1], "inflate": -0.3, "pivot": [3.375, 29.2, -9.175], "rotation": [-165.27594, -81.23358, 122.8505], "uv": [13, 56]},
						{"origin": [3.925, 23.075, -9.725], "size": [1, 1.775, 1], "inflate": -0.3, "pivot": [3.325, 21.2, -9.45], "rotation": [-129.53268, -88.0692, 171.58578], "uv": [52, 54]},
						{"origin": [3.65, 23.425, -11.725], "size": [1, 3.475, 1], "inflate": -0.3, "pivot": [3.375, 29.2, -9.175], "rotation": [-175.32861, -85.25156, 175.69286], "uv": [0, 27]},
						{"origin": [2.075, 26.4, -34.825], "size": [1, 8.8, 1], "inflate": -0.3, "pivot": [3.375, 29.2, -34.675], "rotation": [94.73691, -48.65729, -136.11178], "uv": [104, 19]},
						{"origin": [3.975, 25.55, -34.95], "size": [1, 1.775, 1], "inflate": -0.3, "pivot": [3.375, 29.2, -34.675], "rotation": [-165.27594, -81.23358, 122.8505], "uv": [52, 46]},
						{"origin": [3.65, 23.425, -37.225], "size": [1, 3.475, 1], "inflate": -0.3, "pivot": [3.375, 29.2, -34.675], "rotation": [-175.32861, -85.25156, 175.69286], "uv": [6, 11]},
						{"origin": [1.875, 19.8, -34.7], "size": [1, 4.275, 1], "inflate": -0.3, "pivot": [3.375, 20.9, -34.675], "rotation": [-97.35585, -52.07471, 139.12963], "uv": [72, 27]},
						{"origin": [3.925, 23.475, -35.225], "size": [1, 1.375, 1], "inflate": -0.3, "pivot": [3.325, 21.2, -34.95], "rotation": [-129.53268, -88.0692, 171.58578], "uv": [52, 48]},
						{"origin": [-2.525, 19.975, -34.75], "size": [5.25, 1, 1], "inflate": -0.3, "pivot": [3.375, 20.9, -34.675], "rotation": [-97.19378, -64.36604, 139.72416], "uv": [49, 9]},
						{"origin": [-2.525, 19.975, -21.75], "size": [5.25, 1, 1], "inflate": -0.3, "pivot": [3.375, 20.9, -21.675], "rotation": [-97.19378, -64.36604, 139.72416], "uv": [28, 46]},
						{"origin": [2.075, 26.4, -21.825], "size": [1, 8.8, 1], "inflate": -0.3, "pivot": [3.375, 29.2, -21.675], "rotation": [94.73691, -48.65729, -136.11178], "uv": [103, 67]},
						{"origin": [3.975, 25.55, -21.95], "size": [1, 1.775, 1], "inflate": -0.3, "pivot": [3.375, 29.2, -21.675], "rotation": [-165.27594, -81.23358, 122.8505], "uv": [17, 45]},
						{"origin": [3.65, 23.425, -24.225], "size": [1, 3.475, 1], "inflate": -0.3, "pivot": [3.375, 29.2, -21.675], "rotation": [-175.32861, -85.25156, 175.69286], "uv": [0, 11]},
						{"origin": [3.925, 23.475, -22.225], "size": [1, 1.375, 1], "inflate": -0.3, "pivot": [3.325, 21.2, -21.95], "rotation": [-129.53268, -88.0692, 171.58578], "uv": [46, 46]},
						{"origin": [1.875, 19.8, -21.7], "size": [1, 4.275, 1], "inflate": -0.3, "pivot": [3.375, 20.9, -21.675], "rotation": [-97.35585, -52.07471, 139.12963], "uv": [72, 19]},
						{"origin": [-2.525, 19.975, -47.75], "size": [5.25, 1, 1], "inflate": -0.3, "pivot": [3.375, 20.9, -47.675], "rotation": [-97.19378, -64.36604, 139.72416], "uv": [28, 41]},
						{"origin": [2.075, 26.4, -47.825], "size": [1, 8.8, 1], "inflate": -0.3, "pivot": [3.375, 29.2, -47.675], "rotation": [94.73691, -48.65729, -136.11178], "uv": [41, 101]},
						{"origin": [3.975, 25.55, -47.95], "size": [1, 1.775, 1], "inflate": -0.3, "pivot": [3.375, 29.2, -47.675], "rotation": [-165.27594, -81.23358, 122.8505], "uv": [16, 35]},
						{"origin": [3.65, 23.425, -50.225], "size": [1, 3.475, 1], "inflate": -0.3, "pivot": [3.375, 29.2, -47.675], "rotation": [-175.32861, -85.25156, 175.69286], "uv": [6, 0]},
						{"origin": [3.925, 23.475, -48.225], "size": [1, 1.375, 1], "inflate": -0.3, "pivot": [3.325, 21.2, -47.95], "rotation": [-129.53268, -88.0692, 171.58578], "uv": [13, 45]},
						{"origin": [1.875, 19.8, -47.7], "size": [1, 4.275, 1], "inflate": -0.3, "pivot": [3.375, 20.9, -47.675], "rotation": [-97.35585, -52.07471, 139.12963], "uv": [72, 8]},
						{"origin": [-2.525, 19.975, -60.75], "size": [5.25, 1, 1], "inflate": -0.3, "pivot": [3.375, 20.9, -60.675], "rotation": [-97.19378, -64.36604, 139.72416], "uv": [28, 39]},
						{"origin": [2.075, 26.4, -60.825], "size": [1, 8.8, 1], "inflate": -0.3, "pivot": [3.375, 29.2, -60.675], "rotation": [94.73691, -48.65729, -136.11178], "uv": [37, 101]},
						{"origin": [3.975, 25.55, -60.95], "size": [1, 1.775, 1], "inflate": -0.3, "pivot": [3.375, 29.2, -60.675], "rotation": [-165.27594, -81.23358, 122.8505], "uv": [6, 35]},
						{"origin": [3.65, 23.425, -63.225], "size": [1, 3.475, 1], "inflate": -0.3, "pivot": [3.375, 29.2, -60.675], "rotation": [-175.32861, -85.25156, 175.69286], "uv": [0, 0]},
						{"origin": [3.925, 23.475, -61.225], "size": [1, 1.375, 1], "inflate": -0.3, "pivot": [3.325, 21.2, -60.95], "rotation": [-129.53268, -88.0692, 171.58578], "uv": [12, 35]},
						{"origin": [1.875, 19.8, -60.7], "size": [1, 4.275, 1], "inflate": -0.3, "pivot": [3.375, 20.9, -60.675], "rotation": [-97.35585, -52.07471, 139.12963], "uv": [72, 0]},
						{"origin": [-3.275, 30.825, -11.65], "size": [1, 1.3, 3.575], "inflate": -0.2, "pivot": [0.25, 31.825, -12.875], "rotation": [-46.8671, 21.54065, -21.4005], "uv": [132, 94]},
						{"origin": [-0.45, 30.825, -12.925], "size": [1, 1.3, 3.575], "inflate": -0.2, "pivot": [-0.25, 31.825, -12.875], "rotation": [-46.8671, -21.54065, 21.4005], "uv": [34, 143]},
						{"origin": [-0.525, 30.825, -12.95], "size": [1.05, 1.3, 5.925], "inflate": -0.2, "pivot": [-0.25, 31.825, -12.875], "rotation": [-42.7772, 0, 0], "uv": [112, 14]},
						{"origin": [-0.95, 30.975, -12.775], "size": [1, 1.3, 7.875], "inflate": -0.198, "pivot": [-0.75, 31.975, -12.925], "rotation": [-50.75, 0, 40], "uv": [60, 99]},
						{"origin": [-0.95, 24.55, -9.25], "size": [1, 1.625, 1.55], "inflate": -0.197, "pivot": [-0.75, 31.975, -2.8], "rotation": [0, 0, 40], "uv": [58, 48]},
						{"origin": [-0.05, 30.975, -15.375], "size": [1, 1, 2.95], "inflate": -0.2, "pivot": [0.75, 31.975, -15.425], "rotation": [0, 0, -40], "uv": [106, 104]},
						{"origin": [-0.05, 29.675, -16.225], "size": [1, 1, 4.7], "inflate": -0.2, "pivot": [0.75, 31.975, -15.425], "rotation": [0, 0, -40], "uv": [152, 141]},
						{"origin": [-0.05, 30.275, -15.825], "size": [1, 1.1, 3.7], "inflate": -0.2, "pivot": [0.75, 31.975, -15.425], "rotation": [0, 0, -40], "uv": [153, 18]},
						{"origin": [-0.05, 30.975, -23.35], "size": [1, 1.3, 8.325], "inflate": -0.198, "pivot": [0.75, 31.975, -14.875], "rotation": [50.75, 0, -40], "uv": [140, 166]},
						{"origin": [-0.05, 19.5, -16.225], "size": [1, 1, 4.7], "inflate": -0.2, "pivot": [0.75, 18.2, -15.425], "rotation": [0, 0, 40], "uv": [90, 120]},
						{"origin": [-0.05, 17.9, -12.775], "size": [1, 1.3, 7.875], "inflate": -0.198, "pivot": [0.75, 18.2, -12.925], "rotation": [50.75, 0, 40], "uv": [0, 99]},
						{"origin": [-0.05, 18.8, -15.825], "size": [1, 1.1, 3.7], "inflate": -0.2, "pivot": [0.75, 18.2, -15.425], "rotation": [0, 0, 40], "uv": [48, 148]},
						{"origin": [-0.05, 18.2, -15.375], "size": [1, 1, 2.95], "inflate": -0.2, "pivot": [0.75, 18.2, -15.425], "rotation": [0, 0, 40], "uv": [60, 99]},
						{"origin": [-0.05, 17.9, -23.35], "size": [1, 1.3, 8.325], "inflate": -0.198, "pivot": [0.75, 18.2, -14.875], "rotation": [-50.75, 0, 40], "uv": [146, 132]},
						{"origin": [-0.95, 23.975, -9.25], "size": [1, 1.625, 1.55], "inflate": -0.197, "pivot": [-0.75, 18.175, -2.8], "rotation": [0, 0, -40], "uv": [4, 58]},
						{"origin": [-0.95, 17.9, -12.775], "size": [1, 1.3, 7.875], "inflate": -0.198, "pivot": [-0.75, 18.2, -12.925], "rotation": [50.75, 0, -40], "uv": [84, 67]},
						{"origin": [-0.95, 19.5, -16.225], "size": [1, 1, 4.7], "inflate": -0.2, "pivot": [-0.75, 18.2, -15.425], "rotation": [0, 0, -40], "uv": [112, 26]},
						{"origin": [-0.95, 18.8, -15.825], "size": [1, 1.1, 3.7], "inflate": -0.2, "pivot": [-0.75, 18.2, -15.425], "rotation": [0, 0, -40], "uv": [146, 132]},
						{"origin": [-0.95, 18.2, -15.375], "size": [1, 1, 2.95], "inflate": -0.2, "pivot": [-0.75, 18.2, -15.425], "rotation": [0, 0, -40], "uv": [72, 36]},
						{"origin": [-0.95, 17.9, -23.35], "size": [1, 1.3, 8.325], "inflate": -0.198, "pivot": [-0.75, 18.2, -14.875], "rotation": [-50.75, 0, -40], "uv": [94, 87]},
						{"origin": [-5.575, 23.525, -21.225], "size": [1, 3.125, 2.25], "inflate": -0.197, "pivot": [-5.375, 32.45, -14.575], "rotation": [0, 0, 0], "uv": [12, 0]},
						{"origin": [-0.95, 24.55, -21.225], "size": [1, 1.625, 2.25], "inflate": -0.197, "pivot": [-0.75, 31.975, -14.575], "rotation": [0, 0, 40], "uv": [72, 39]},
						{"origin": [-0.95, 24, -21.225], "size": [1, 1.625, 2.25], "inflate": -0.197, "pivot": [-0.75, 18.2, -14.575], "rotation": [0, 0, -40], "uv": [32, 78]},
						{"origin": [-0.95, 17.9, -25.475], "size": [1, 1.3, 8.325], "inflate": -0.198, "pivot": [-0.75, 18.2, -25.625], "rotation": [50.75, 0, -40], "uv": [114, 53]},
						{"origin": [-0.95, 19.5, -28.925], "size": [1, 1, 4.7], "inflate": -0.2, "pivot": [-0.75, 18.2, -28.125], "rotation": [0, 0, -40], "uv": [22, 119]},
						{"origin": [-0.95, 18.8, -28.525], "size": [1, 1.1, 3.7], "inflate": -0.2, "pivot": [-0.75, 18.2, -28.125], "rotation": [0, 0, -40], "uv": [146, 136]},
						{"origin": [-0.95, 18.2, -28.075], "size": [1, 1, 2.95], "inflate": -0.2, "pivot": [-0.75, 18.2, -28.125], "rotation": [0, 0, -40], "uv": [80, 36]},
						{"origin": [-0.95, 17.9, -36.05], "size": [1, 1.3, 8.325], "inflate": -0.198, "pivot": [-0.75, 18.2, -27.575], "rotation": [-50.75, 0, -40], "uv": [138, 12]},
						{"origin": [-0.95, 24, -34.225], "size": [1, 1.625, 2.25], "inflate": -0.197, "pivot": [-0.75, 18.2, -27.575], "rotation": [0, 0, -40], "uv": [80, 39]},
						{"origin": [-5.575, 23.525, -34.225], "size": [1, 3.125, 2.25], "inflate": -0.197, "pivot": [-5.375, 32.45, -27.575], "rotation": [0, 0, 0], "uv": [12, 11]},
						{"origin": [-0.95, 24.55, -34.225], "size": [1, 1.625, 2.25], "inflate": -0.197, "pivot": [-0.75, 31.975, -27.575], "rotation": [0, 0, 40], "uv": [81, 27]},
						{"origin": [-0.95, 17.9, -38.475], "size": [1, 1.3, 8.325], "inflate": -0.198, "pivot": [-0.75, 18.2, -38.625], "rotation": [50.75, 0, -40], "uv": [122, 142]},
						{"origin": [-0.95, 19.5, -41.925], "size": [1, 1, 4.7], "inflate": -0.2, "pivot": [-0.75, 18.2, -41.125], "rotation": [0, 0, -40], "uv": [60, 120]},
						{"origin": [-0.95, 18.8, -41.525], "size": [1, 1.1, 3.7], "inflate": -0.2, "pivot": [-0.75, 18.2, -41.125], "rotation": [0, 0, -40], "uv": [0, 148]},
						{"origin": [-0.95, 18.2, -41.075], "size": [1, 1, 2.95], "inflate": -0.2, "pivot": [-0.75, 18.2, -41.125], "rotation": [0, 0, -40], "uv": [81, 30]},
						{"origin": [-0.95, 17.9, -49.05], "size": [1, 1.3, 8.325], "inflate": -0.198, "pivot": [-0.75, 18.2, -40.575], "rotation": [-50.75, 0, -40], "uv": [143, 53]},
						{"origin": [-5.575, 23.525, -47.225], "size": [1, 3.125, 2.25], "inflate": -0.197, "pivot": [-5.375, 32.45, -40.575], "rotation": [0, 0, 0], "uv": [20, 0]},
						{"origin": [-0.95, 24, -47.225], "size": [1, 1.625, 2.25], "inflate": -0.197, "pivot": [-0.75, 18.2, -40.575], "rotation": [0, 0, -40], "uv": [82, 8]},
						{"origin": [-0.95, 24.55, -47.225], "size": [1, 1.625, 2.25], "inflate": -0.197, "pivot": [-0.75, 31.975, -40.575], "rotation": [0, 0, 40], "uv": [82, 11]},
						{"origin": [-0.95, 17.9, -51.475], "size": [1, 1.3, 8.325], "inflate": -0.198, "pivot": [-0.75, 18.2, -51.625], "rotation": [50.75, 0, -40], "uv": [143, 68]},
						{"origin": [-0.95, 19.5, -54.925], "size": [1, 1, 4.7], "inflate": -0.2, "pivot": [-0.75, 18.2, -54.125], "rotation": [0, 0, -40], "uv": [70, 120]},
						{"origin": [-0.95, 18.8, -54.525], "size": [1, 1.1, 3.7], "inflate": -0.2, "pivot": [-0.75, 18.2, -54.125], "rotation": [0, 0, -40], "uv": [18, 148]},
						{"origin": [-0.95, 18.2, -54.075], "size": [1, 1, 2.95], "inflate": -0.2, "pivot": [-0.75, 18.2, -54.125], "rotation": [0, 0, -40], "uv": [82, 19]},
						{"origin": [-0.95, 17.9, -62.05], "size": [1, 1.3, 8.325], "inflate": -0.198, "pivot": [-0.75, 18.2, -53.575], "rotation": [-50.75, 0, -40], "uv": [132, 143]},
						{"origin": [-5.575, 23.525, -60.225], "size": [1, 3.125, 2.25], "inflate": -0.197, "pivot": [-5.375, 32.45, -53.575], "rotation": [0, 0, 0], "uv": [20, 10]},
						{"origin": [-0.95, 24, -60.225], "size": [1, 1.625, 2.25], "inflate": -0.197, "pivot": [-0.75, 18.2, -53.575], "rotation": [0, 0, -40], "uv": [82, 22]},
						{"origin": [-0.95, 24.55, -60.225], "size": [1, 1.625, 2.25], "inflate": -0.197, "pivot": [-0.75, 31.975, -53.575], "rotation": [0, 0, 40], "uv": [84, 67]},
						{"origin": [-0.95, 17.9, -64.475], "size": [1, 1.3, 8.325], "inflate": -0.198, "pivot": [-0.75, 18.2, -64.625], "rotation": [50.75, 0, -40], "uv": [142, 144]},
						{"origin": [-0.95, 19.5, -67.925], "size": [1, 1, 4.7], "inflate": -0.2, "pivot": [-0.75, 18.2, -67.125], "rotation": [0, 0, -40], "uv": [80, 120]},
						{"origin": [-0.95, 18.8, -67.525], "size": [1, 1.1, 3.7], "inflate": -0.2, "pivot": [-0.75, 18.2, -67.125], "rotation": [0, 0, -40], "uv": [36, 148]},
						{"origin": [-0.95, 18.2, -67.075], "size": [1, 1, 2.95], "inflate": -0.2, "pivot": [-0.75, 18.2, -67.125], "rotation": [0, 0, -40], "uv": [84, 70]},
						{"origin": [-0.95, 17.9, -75.05], "size": [1, 1.3, 8.325], "inflate": -0.198, "pivot": [-0.75, 18.2, -66.575], "rotation": [-50.75, 0, -40], "uv": [146, 120]},
						{"origin": [-5.575, 23.525, -74.225], "size": [1, 3.125, 3.25], "inflate": -0.197, "pivot": [-5.375, 32.45, -66.575], "rotation": [0, 0, 0], "uv": [0, 67]},
						{"origin": [-0.95, 24, -73.225], "size": [1, 1.625, 2.25], "inflate": -0.197, "pivot": [-0.75, 18.2, -66.575], "rotation": [0, 0, -40], "uv": [0, 99]},
						{"origin": [-0.95, 24.55, -73.225], "size": [1, 1.625, 2.25], "inflate": -0.197, "pivot": [-0.75, 31.975, -66.575], "rotation": [0, 0, 40], "uv": [9, 99]},
						{"origin": [-0.95, 29.675, -16.225], "size": [1, 1, 4.7], "inflate": -0.2, "pivot": [-0.75, 31.975, -15.425], "rotation": [0, 0, 40], "uv": [150, 5]},
						{"origin": [-0.95, 30.975, -15.375], "size": [1, 1, 2.95], "inflate": -0.2, "pivot": [-0.75, 31.975, -15.425], "rotation": [0, 0, 40], "uv": [106, 101]},
						{"origin": [-0.95, 30.275, -15.825], "size": [1, 1.1, 3.7], "inflate": -0.2, "pivot": [-0.75, 31.975, -15.425], "rotation": [0, 0, 40], "uv": [48, 152]},
						{"origin": [-0.95, 30.975, -23.35], "size": [1, 1.3, 8.325], "inflate": -0.198, "pivot": [-0.75, 31.975, -14.875], "rotation": [50.75, 0, 40], "uv": [122, 166]},
						{"origin": [-0.05, 30.975, -51.475], "size": [1, 1.3, 8.325], "inflate": -0.198, "pivot": [0.75, 31.975, -51.625], "rotation": [-50.75, 0, -40], "uv": [167, 18]},
						{"origin": [-0.05, 30.975, -54.075], "size": [1, 1, 2.95], "inflate": -0.2, "pivot": [0.75, 31.975, -54.125], "rotation": [0, 0, -40], "uv": [48, 107]},
						{"origin": [-0.05, 29.675, -54.925], "size": [1, 1, 4.7], "inflate": -0.2, "pivot": [0.75, 31.975, -54.125], "rotation": [0, 0, -40], "uv": [153, 62]},
						{"origin": [-0.05, 30.275, -54.525], "size": [1, 1.1, 3.7], "inflate": -0.2, "pivot": [0.75, 31.975, -54.125], "rotation": [0, 0, -40], "uv": [155, 113]},
						{"origin": [-0.05, 30.975, -62.05], "size": [1, 1.3, 8.325], "inflate": -0.198, "pivot": [0.75, 31.975, -53.575], "rotation": [50.75, 0, -40], "uv": [167, 53]},
						{"origin": [-0.05, 30.975, -75.05], "size": [1, 1.3, 8.325], "inflate": -0.198, "pivot": [0.75, 31.975, -66.575], "rotation": [50.75, 0, -40], "uv": [167, 0]},
						{"origin": [-0.05, 30.275, -67.525], "size": [1, 1.1, 3.7], "inflate": -0.2, "pivot": [0.75, 31.975, -67.125], "rotation": [0, 0, -40], "uv": [153, 72]},
						{"origin": [-0.05, 29.675, -67.925], "size": [1, 1, 4.7], "inflate": -0.2, "pivot": [0.75, 31.975, -67.125], "rotation": [0, 0, -40], "uv": [153, 53]},
						{"origin": [-0.05, 30.975, -67.075], "size": [1, 1, 2.95], "inflate": -0.2, "pivot": [0.75, 31.975, -67.125], "rotation": [0, 0, -40], "uv": [9, 107]},
						{"origin": [-0.05, 30.975, -64.475], "size": [1, 1.3, 8.325], "inflate": -0.198, "pivot": [0.75, 31.975, -64.625], "rotation": [-50.75, 0, -40], "uv": [167, 9]},
						{"origin": [-0.95, 30.975, -25.475], "size": [1, 1.3, 8.325], "inflate": -0.198, "pivot": [-0.75, 31.975, -25.625], "rotation": [-50.75, 0, 40], "uv": [48, 157]},
						{"origin": [-0.95, 30.975, -28.075], "size": [1, 1, 2.95], "inflate": -0.2, "pivot": [-0.75, 31.975, -28.125], "rotation": [0, 0, 40], "uv": [104, 92]},
						{"origin": [-0.95, 29.675, -28.925], "size": [1, 1, 4.7], "inflate": -0.2, "pivot": [-0.75, 31.975, -28.125], "rotation": [0, 0, 40], "uv": [86, 148]},
						{"origin": [-0.95, 30.275, -28.525], "size": [1, 1.1, 3.7], "inflate": -0.2, "pivot": [-0.75, 31.975, -28.125], "rotation": [0, 0, 40], "uv": [102, 148]},
						{"origin": [-0.95, 30.975, -36.05], "size": [1, 1.3, 8.325], "inflate": -0.198, "pivot": [-0.75, 31.975, -27.575], "rotation": [50.75, 0, 40], "uv": [66, 157]},
						{"origin": [-0.95, 30.975, -38.475], "size": [1, 1.3, 8.325], "inflate": -0.198, "pivot": [-0.75, 31.975, -38.625], "rotation": [-50.75, 0, 40], "uv": [104, 157]},
						{"origin": [-0.95, 30.975, -41.075], "size": [1, 1, 2.95], "inflate": -0.2, "pivot": [-0.75, 31.975, -41.125], "rotation": [0, 0, 40], "uv": [98, 104]},
						{"origin": [-0.95, 30.275, -41.525], "size": [1, 1.1, 3.7], "inflate": -0.2, "pivot": [-0.75, 31.975, -41.125], "rotation": [0, 0, 40], "uv": [149, 62]},
						{"origin": [-0.95, 29.675, -41.925], "size": [1, 1, 4.7], "inflate": -0.2, "pivot": [-0.75, 31.975, -41.125], "rotation": [0, 0, 40], "uv": [96, 148]},
						{"origin": [-0.95, 30.975, -49.05], "size": [1, 1.3, 8.325], "inflate": -0.198, "pivot": [-0.75, 31.975, -40.575], "rotation": [50.75, 0, 40], "uv": [122, 157]},
						{"origin": [-0.95, 30.975, -51.475], "size": [1, 1.3, 8.325], "inflate": -0.198, "pivot": [-0.75, 31.975, -51.625], "rotation": [-50.75, 0, 40], "uv": [140, 157]},
						{"origin": [-0.95, 29.675, -54.925], "size": [1, 1, 4.7], "inflate": -0.2, "pivot": [-0.75, 31.975, -54.125], "rotation": [0, 0, 40], "uv": [106, 148]},
						{"origin": [-0.95, 30.275, -54.525], "size": [1, 1.1, 3.7], "inflate": -0.2, "pivot": [-0.75, 31.975, -54.125], "rotation": [0, 0, 40], "uv": [122, 151]},
						{"origin": [-0.95, 30.975, -54.075], "size": [1, 1, 2.95], "inflate": -0.2, "pivot": [-0.75, 31.975, -54.125], "rotation": [0, 0, 40], "uv": [105, 78]},
						{"origin": [-0.95, 30.975, -62.05], "size": [1, 1.3, 8.325], "inflate": -0.198, "pivot": [-0.75, 31.975, -53.575], "rotation": [50.75, 0, 40], "uv": [160, 39]},
						{"origin": [-0.95, 30.975, -64.475], "size": [1, 1.3, 8.325], "inflate": -0.198, "pivot": [-0.75, 31.975, -64.625], "rotation": [-50.75, 0, 40], "uv": [94, 165]},
						{"origin": [-0.95, 29.675, -67.925], "size": [1, 1, 4.7], "inflate": -0.2, "pivot": [-0.75, 31.975, -67.125], "rotation": [0, 0, 40], "uv": [150, 0]},
						{"origin": [-0.95, 30.275, -67.525], "size": [1, 1.1, 3.7], "inflate": -0.2, "pivot": [-0.75, 31.975, -67.125], "rotation": [0, 0, 40], "uv": [0, 152]},
						{"origin": [-0.95, 30.975, -67.075], "size": [1, 1, 2.95], "inflate": -0.2, "pivot": [-0.75, 31.975, -67.125], "rotation": [0, 0, 40], "uv": [105, 81]},
						{"origin": [-0.95, 30.975, -75.05], "size": [1, 1.3, 8.325], "inflate": -0.198, "pivot": [-0.75, 31.975, -66.575], "rotation": [50.75, 0, 40], "uv": [104, 166]},
						{"origin": [-0.8, 33.075, -36.65], "size": [1, 1, 8.35], "inflate": -0.198, "pivot": [0, 33.775, -27.875], "rotation": [50.75, 0, -40], "uv": [140, 175]},
						{"origin": [-0.8, 30.475, -36.425], "size": [1, 2.7, 6.85], "inflate": -0.199, "pivot": [0, 33.775, -38.125], "rotation": [0, 0, -40], "uv": [58, 148]},
						{"origin": [-0.8, 28.175, -34.525], "size": [1, 2.7, 3.05], "inflate": -0.2, "pivot": [0, 33.775, -38.125], "rotation": [0, 0, -40], "uv": [143, 53]},
						{"origin": [2.2, 25.175, -30.175], "size": [5.7, 5, 5], "pivot": [7.9, 25.175, -30.175], "rotation": [-40.88595, -22.13991, -10.80524], "uv": [138, 39]},
						{"origin": [2.2, 25.175, -43.175], "size": [5.7, 5, 5], "pivot": [7.9, 25.175, -43.175], "rotation": [-40.88595, -22.13991, -10.80524], "uv": [82, 137]},
						{"origin": [2.2, 25.175, -56.175], "size": [5.7, 5, 5], "pivot": [7.9, 25.175, -56.175], "rotation": [-40.88595, -22.13991, -10.80524], "uv": [60, 137]},
						{"origin": [-3, 22.675, -72.175], "size": [5, 5, 62.2], "pivot": [0, 24.675, -72.175], "rotation": [0, 0, 45], "uv": [0, 0]},
						{"origin": [-3, 29.325, -72.175], "size": [1.75, 1.75, 58], "pivot": [0, 28.075, -72.175], "rotation": [0, 0, 45], "uv": [0, 67]},
						{"origin": [-0.5, 13.6, -70.375], "size": [1, 1, 10.5], "uv": [0, 27]},
						{"origin": [-0.5, 13, -70.375], "size": [1, 1, 1], "inflate": -0.001, "uv": [0, 58]},
						{"origin": [-0.5, 13, -60.875], "size": [1, 1, 1], "inflate": -0.001, "uv": [43, 57]},
						{"origin": [-0.5, 13, -48.175], "size": [1, 1, 1], "inflate": -0.001, "uv": [57, 0]},
						{"origin": [-0.5, 13.6, -57.675], "size": [1, 1, 10.5], "uv": [0, 11]},
						{"origin": [-0.5, 13, -57.675], "size": [1, 1, 1], "inflate": -0.001, "uv": [57, 2]},
						{"origin": [-0.5, 13, -35.475], "size": [1, 1, 1], "inflate": -0.001, "uv": [24, 56]},
						{"origin": [-0.5, 13.6, -44.975], "size": [1, 1, 10.5], "uv": [0, 0]},
						{"origin": [-0.5, 33.125, -41.725], "size": [1, 1, 4.55], "inflate": -0.3, "uv": [111, 7]},
						{"origin": [-0.5, 33.525, -39.625], "size": [1, 1, 3], "inflate": -0.3, "pivot": [1.75, 33.525, -39.625], "rotation": [-47.25, 0, 0], "uv": [86, 120]},
						{"origin": [-0.5, 33.525, -42.325], "size": [1, 1, 3], "inflate": -0.3, "pivot": [1.75, 33.525, -39.325], "rotation": [47.25, 0, 0], "uv": [76, 120]},
						{"origin": [-0.5, 33.125, -54.725], "size": [1, 1, 4.55], "inflate": -0.3, "uv": [72, 46]},
						{"origin": [-0.5, 33.525, -52.625], "size": [1, 1, 3], "inflate": -0.3, "pivot": [1.75, 33.525, -52.625], "rotation": [-47.25, 0, 0], "uv": [18, 119]},
						{"origin": [-0.5, 33.525, -55.325], "size": [1, 1, 3], "inflate": -0.3, "pivot": [1.75, 33.525, -52.325], "rotation": [47.25, 0, 0], "uv": [66, 120]},
						{"origin": [-0.5, 33.125, -67.725], "size": [1, 1, 4.55], "inflate": -0.3, "uv": [44, 57]},
						{"origin": [-0.5, 33.525, -65.625], "size": [1, 1, 3], "inflate": -0.3, "pivot": [1.75, 33.525, -65.625], "rotation": [-47.25, 0, 0], "uv": [78, 46]},
						{"origin": [-0.5, 33.525, -68.325], "size": [1, 1, 3], "inflate": -0.3, "pivot": [1.75, 33.525, -65.325], "rotation": [47.25, 0, 0], "uv": [7, 119]},
						{"origin": [-0.5, 13, -44.975], "size": [1, 1, 1], "inflate": -0.001, "uv": [56, 54]},
						{"origin": [2.2, 25.175, -69.175], "size": [5.7, 5, 5], "pivot": [7.9, 25.175, -69.175], "rotation": [-40.88595, -22.13991, -10.80524], "uv": [12, 137]},
						{"origin": [2.2, 25.175, -16.175], "size": [5.7, 5, 5], "pivot": [7.9, 25.175, -16.175], "rotation": [-40.88595, -22.13991, -10.80524], "uv": [138, 22]},
						{"origin": [-7.9, 25.175, -69.175], "size": [5.7, 5, 5], "pivot": [-7.9, 25.175, -69.175], "rotation": [-40.88595, 22.13991, 10.80524], "uv": [34, 89]},
						{"origin": [-7.9, 25.175, -43.175], "size": [5.7, 5, 5], "pivot": [-7.9, 25.175, -43.175], "rotation": [-40.88595, 22.13991, 10.80524], "uv": [12, 126]},
						{"origin": [-7.9, 25.175, -30.175], "size": [5.7, 5, 5], "pivot": [-7.9, 25.175, -30.175], "rotation": [-40.88595, 22.13991, 10.80524], "uv": [60, 126]},
						{"origin": [-7.9, 25.175, -16.175], "size": [5.7, 5, 5], "pivot": [-7.9, 25.175, -16.175], "rotation": [-40.88595, 22.13991, 10.80524], "uv": [82, 126]},
						{"origin": [-7.9, 25.175, -56.175], "size": [5.7, 5, 5], "pivot": [-7.9, 25.175, -56.175], "rotation": [-40.88595, 22.13991, 10.80524], "uv": [136, 94]},
						{"origin": [-0.8, 25.575, -39.075], "size": [1, 4.4, 4.55], "inflate": -0.201, "pivot": [0, 33.775, -38.125], "rotation": [45, 0, -40], "uv": [122, 120]},
						{"origin": [-0.8, 25.925, -34.175], "size": [1, 1.6, 2.4], "inflate": -0.201, "pivot": [0, 33.775, -38.125], "rotation": [45, 0, -40], "uv": [118, 26]},
						{"origin": [-1.05, 33.5, -23.85], "size": [1.25, 1, 10.55], "inflate": -0.198, "pivot": [0, 34.175, -12.875], "rotation": [53, 0, -40], "uv": [122, 131]},
						{"origin": [-0.8, 34.1, -23.85], "size": [1, 2.225, 9.45], "inflate": -0.201, "pivot": [0, 34.175, -12.875], "rotation": [53, 0, -40], "uv": [138, 79]},
						{"origin": [-0.8, 37.5, -17.975], "size": [1, 1, 1.925], "inflate": -0.198, "pivot": [0, 34.175, -12.875], "rotation": [53, 0, -40], "uv": [45, 67]},
						{"origin": [-0.8, 33.5, -23.975], "size": [1, 1, 7.025], "inflate": -0.198, "pivot": [0, 34.175, -27.925], "rotation": [-53, 0, -40], "uv": [27, 117]},
						{"origin": [-0.2, 33.5, -23.975], "size": [1, 1, 7.025], "inflate": -0.198, "pivot": [0, 34.175, -27.925], "rotation": [-53, 0, 40], "uv": [72, 27]},
						{"origin": [-0.8, 32.425, -24.25], "size": [1, 3.1, 1.825], "inflate": -0.197, "pivot": [0, 34.175, -27.925], "rotation": [-37.5, 0, -40], "uv": [38, 0]},
						{"origin": [-0.2, 32.425, -24.25], "size": [1, 3.1, 1.825], "inflate": -0.197, "pivot": [0, 34.175, -27.925], "rotation": [-37.5, 0, 40], "uv": [32, 0]},
						{"origin": [-0.8, 34.1, -22.075], "size": [1, 2.225, 5.125], "inflate": -0.201, "pivot": [0, 34.175, -27.925], "rotation": [-53, 0, -40], "uv": [111, 0]},
						{"origin": [-0.8, 33.175, -18.4], "size": [1, 1, 5.725], "inflate": -0.2, "pivot": [0, 34.175, -18.125], "rotation": [0, 0, -40], "uv": [0, 119]},
						{"origin": [1.65, 29.925, -24.925], "size": [1, 7.3, 1.725], "inflate": -0.299, "pivot": [2.35, 36.925, -24.65], "rotation": [44.25, 0, 0], "uv": [114, 135]},
						{"origin": [0.65, 30.975, -24.175], "size": [1.9, 2.3, 5.375], "inflate": -0.299, "uv": [86, 53]},
						{"origin": [-2.55, 30.975, -24.175], "size": [1.9, 2.3, 5.375], "inflate": -0.299, "uv": [46, 78]},
						{"origin": [-2.65, 29.925, -24.925], "size": [1, 7.3, 1.725], "inflate": -0.299, "pivot": [-2.35, 36.925, -24.65], "rotation": [44.25, 0, 0], "uv": [107, 67]},
						{"origin": [-2.65, 36.225, -24.925], "size": [2.75, 1, 1.725], "inflate": -0.3, "pivot": [-2.35, 36.925, -24.65], "rotation": [31.51066, 32.83933, -41.49466], "uv": [0, 35]},
						{"origin": [-0.1, 36.225, -24.925], "size": [2.75, 1, 1.725], "inflate": -0.3, "pivot": [2.35, 36.925, -24.65], "rotation": [31.51066, -32.83933, 41.49466], "uv": [20, 15]},
						{"origin": [-0.8, 32.525, -18.65], "size": [1, 1.05, 5.475], "inflate": -0.2, "pivot": [0, 34.175, -18.125], "rotation": [0, 0, -40], "uv": [114, 73]},
						{"origin": [-0.8, 30.425, -24.35], "size": [1, 2.5, 9.475], "inflate": -0.2, "pivot": [0, 34.175, -18.125], "rotation": [0, 0, -40], "uv": [138, 105]},
						{"origin": [-0.8, 29.125, -24.825], "size": [1, 1.1, 8.45], "inflate": -0.2, "pivot": [0, 34.175, -18.125], "rotation": [0, 0, -40], "uv": [167, 89]},
						{"origin": [-0.8, 29.825, -25.3], "size": [1, 1, 10.075], "inflate": -0.2, "pivot": [0, 34.175, -18.125], "rotation": [0, 0, -40], "uv": [131, 68]},
						{"origin": [-0.8, 25.075, -22.025], "size": [1, 4.45, 3.25], "inflate": -0.2, "pivot": [0, 34.175, -18.125], "rotation": [0, 0, -40], "uv": [0, 51]},
						{"origin": [-0.2, 33.175, -18.4], "size": [1, 1, 5.725], "inflate": -0.2, "pivot": [0, 34.175, -18.125], "rotation": [0, 0, 40], "uv": [112, 20]},
						{"origin": [-0.2, 33.5, -23.85], "size": [1.25, 1, 10.55], "inflate": -0.198, "pivot": [0, 34.175, -12.875], "rotation": [53, 0, 40], "uv": [126, 106]},
						{"origin": [-0.2, 30.425, -24.35], "size": [1, 2.5, 9.475], "inflate": -0.2, "pivot": [0, 34.175, -18.125], "rotation": [0, 0, 40], "uv": [92, 67]},
						{"origin": [-0.2, 29.125, -24.825], "size": [1, 1.1, 8.45], "inflate": -0.2, "pivot": [0, 34.175, -18.125], "rotation": [0, 0, 40], "uv": [167, 80]},
						{"origin": [-0.2, 25.075, -22.025], "size": [1, 4.45, 3.25], "inflate": -0.2, "pivot": [0, 34.175, -18.125], "rotation": [0, 0, 40], "uv": [13, 38]},
						{"origin": [-0.2, 29.825, -25.3], "size": [1, 1, 10.075], "inflate": -0.2, "pivot": [0, 34.175, -18.125], "rotation": [0, 0, 40], "uv": [131, 57]},
						{"origin": [-0.2, 37.5, -17.975], "size": [1, 1, 1.925], "inflate": -0.198, "pivot": [0, 34.175, -12.875], "rotation": [53, 0, 40], "uv": [44, 59]},
						{"origin": [-0.2, 32.525, -18.65], "size": [1, 1.05, 5.475], "inflate": -0.2, "pivot": [0, 34.175, -18.125], "rotation": [0, 0, 40], "uv": [114, 67]},
						{"origin": [-0.2, 34.1, -23.85], "size": [1, 2.225, 9.45], "inflate": -0.201, "pivot": [0, 34.175, -12.875], "rotation": [53, 0, 40], "uv": [37, 101]},
						{"origin": [-0.2, 34.1, -22.075], "size": [1, 2.225, 5.125], "inflate": -0.201, "pivot": [0, 34.175, -27.925], "rotation": [-53, 0, 40], "uv": [107, 53]},
						{"origin": [-0.8, 25.925, -34.225], "size": [1, 1.6, 2.4], "inflate": -0.201, "pivot": [0, 33.775, -27.875], "rotation": [-45, 0, -40], "uv": [28, 119]},
						{"origin": [-0.2, 32.775, -77.325], "size": [1, 1, 10.65], "inflate": -0.2, "pivot": [0, 33.775, -77.125], "rotation": [0, 0, 40], "uv": [134, 121]},
						{"origin": [-0.2, 33.075, -76.7], "size": [1, 1, 8.35], "inflate": -0.198, "pivot": [0, 33.775, -77.125], "rotation": [-50.75, 0, 40], "uv": [168, 105]},
						{"origin": [-0.2, 33.075, -75.65], "size": [1, 1, 8.35], "inflate": -0.198, "pivot": [0, 33.775, -66.875], "rotation": [50.75, 0, 40], "uv": [168, 114]},
						{"origin": [-0.2, 30.475, -75.425], "size": [1, 2.7, 6.85], "inflate": -0.199, "pivot": [0, 33.775, -77.125], "rotation": [0, 0, 40], "uv": [124, 53]},
						{"origin": [-0.2, 28.175, -73.525], "size": [1, 2.7, 3.05], "inflate": -0.2, "pivot": [0, 33.775, -77.125], "rotation": [0, 0, 40], "uv": [138, 12]},
						{"origin": [-0.2, 25.575, -78.075], "size": [1, 4.4, 4.55], "inflate": -0.201, "pivot": [0, 33.775, -77.125], "rotation": [45, 0, 40], "uv": [48, 113]},
						{"origin": [-0.2, 25.925, -73.175], "size": [1, 1.6, 2.4], "inflate": -0.201, "pivot": [0, 33.775, -77.125], "rotation": [45, 0, 40], "uv": [108, 36]},
						{"origin": [-0.2, 25.925, -73.225], "size": [1, 1.6, 2.4], "inflate": -0.201, "pivot": [0, 33.775, -66.875], "rotation": [-45, 0, 40], "uv": [0, 110]},
						{"origin": [0.3, 13.475, -79.25], "size": [1, 1, 52.5], "inflate": -0.2, "pivot": [1.1, 15.225, -77.625], "rotation": [0, 0, 40], "uv": [72, 0]},
						{"origin": [-1.3, 13.475, -79.25], "size": [1, 1, 52.5], "inflate": -0.2, "pivot": [-1.1, 15.225, -77.625], "rotation": [0, 0, -40], "uv": [60, 67]},
						{"origin": [0, 14.925, -79.45], "size": [1.3, 1, 10.6], "inflate": -0.198, "pivot": [1.1, 15.225, -77.625], "rotation": [50.75, 0, 40], "uv": [126, 83]},
						{"origin": [0, 14.925, -76.15], "size": [1.3, 1, 10.85], "inflate": -0.198, "pivot": [1.1, 15.225, -67.375], "rotation": [-50.75, 0, 40], "uv": [92, 126]},
						{"origin": [0, 14.075, -75.925], "size": [1.3, 4.45, 6.85], "inflate": -0.199, "pivot": [1.1, 15.225, -77.625], "rotation": [0, 0, 40], "uv": [108, 33]},
						{"origin": [0, 18.125, -74.025], "size": [1.3, 2.7, 3.05], "inflate": -0.2, "pivot": [1.1, 15.225, -77.625], "rotation": [0, 0, 40], "uv": [132, 53]},
						{"origin": [0, 19.025, -78.575], "size": [1.3, 4.4, 4.55], "inflate": -0.201, "pivot": [1.1, 15.225, -77.625], "rotation": [-45, 0, 40], "uv": [48, 99]},
						{"origin": [0, 20.675, -75.425], "size": [1.3, 2.2, 4.2], "inflate": -0.201, "pivot": [1.1, 15.225, -67.375], "rotation": [45, 0, 40], "uv": [138, 0]},
						{"origin": [0, 20.875, -73.975], "size": [1.3, 2.2, 4.2], "inflate": -0.201, "pivot": [1.1, 15.225, -77.925], "rotation": [-45, 0, 40], "uv": [48, 137]},
						{"origin": [0, 20.675, -62.425], "size": [1.3, 2.2, 4.2], "inflate": -0.201, "pivot": [1.1, 15.225, -54.375], "rotation": [45, 0, 40], "uv": [0, 137]},
						{"origin": [0, 19.025, -65.575], "size": [1.3, 4.4, 4.55], "inflate": -0.201, "pivot": [1.1, 15.225, -64.625], "rotation": [-45, 0, 40], "uv": [34, 78]},
						{"origin": [0, 18.125, -61.025], "size": [1.3, 2.7, 3.05], "inflate": -0.2, "pivot": [1.1, 15.225, -64.625], "rotation": [0, 0, 40], "uv": [116, 33]},
						{"origin": [0, 14.075, -62.925], "size": [1.3, 4.45, 6.85], "inflate": -0.199, "pivot": [1.1, 15.225, -64.625], "rotation": [0, 0, 40], "uv": [60, 107]},
						{"origin": [0, 14.925, -63.15], "size": [1.3, 1, 10.85], "inflate": -0.198, "pivot": [1.1, 15.225, -54.375], "rotation": [-50.75, 0, 40], "uv": [48, 126]},
						{"origin": [0, 14.925, -66.45], "size": [1.3, 1, 10.6], "inflate": -0.198, "pivot": [1.1, 15.225, -64.625], "rotation": [50.75, 0, 40], "uv": [70, 126]},
						{"origin": [0, 20.875, -60.975], "size": [1.3, 2.2, 4.2], "inflate": -0.201, "pivot": [1.1, 15.225, -64.925], "rotation": [-45, 0, 40], "uv": [34, 137]},
						{"origin": [0, 14.075, -78.55], "size": [1.3, 1, 51.075], "inflate": -0.2, "pivot": [1.1, 15.225, -51.625], "rotation": [0, 0, 40], "uv": [115, 105]},
						{"origin": [0, 20.875, -47.975], "size": [1.3, 2.2, 4.2], "inflate": -0.201, "pivot": [1.1, 15.225, -51.925], "rotation": [-45, 0, 40], "uv": [134, 120]},
						{"origin": [0, 14.925, -53.45], "size": [1.3, 1, 10.6], "inflate": -0.198, "pivot": [1.1, 15.225, -51.625], "rotation": [50.75, 0, 40], "uv": [126, 22]},
						{"origin": [0, 14.925, -50.15], "size": [1.3, 1, 10.85], "inflate": -0.198, "pivot": [1.1, 15.225, -41.375], "rotation": [-50.75, 0, 40], "uv": [126, 39]},
						{"origin": [0, 14.075, -49.925], "size": [1.3, 4.45, 6.85], "inflate": -0.199, "pivot": [1.1, 15.225, -51.625], "rotation": [0, 0, 40], "uv": [98, 101]},
						{"origin": [0, 18.125, -48.025], "size": [1.3, 2.7, 3.05], "inflate": -0.2, "pivot": [1.1, 15.225, -51.625], "rotation": [0, 0, 40], "uv": [115, 43]},
						{"origin": [0, 19.025, -52.575], "size": [1.3, 4.4, 4.55], "inflate": -0.201, "pivot": [1.1, 15.225, -51.625], "rotation": [-45, 0, 40], "uv": [52, 46]},
						{"origin": [0, 20.675, -49.425], "size": [1.3, 2.2, 4.2], "inflate": -0.201, "pivot": [1.1, 15.225, -41.375], "rotation": [45, 0, 40], "uv": [134, 132]},
						{"origin": [0, 20.875, -34.975], "size": [1.3, 2.2, 4.2], "inflate": -0.201, "pivot": [1.1, 15.225, -38.925], "rotation": [-45, 0, 40], "uv": [131, 68]},
						{"origin": [0, 14.925, -40.45], "size": [1.3, 1, 10.6], "inflate": -0.198, "pivot": [1.1, 15.225, -38.625], "rotation": [50.75, 0, 40], "uv": [126, 11]},
						{"origin": [0, 14.925, -37.15], "size": [1.3, 1, 10.6], "inflate": -0.198, "pivot": [1.1, 15.225, -28.375], "rotation": [-50.75, 0, 40], "uv": [22, 126]},
						{"origin": [0, 14.075, -36.925], "size": [1.3, 4.45, 6.85], "inflate": -0.199, "pivot": [1.1, 15.225, -38.625], "rotation": [0, 0, 40], "uv": [78, 101]},
						{"origin": [0, 18.125, -35.025], "size": [1.3, 2.7, 3.05], "inflate": -0.2, "pivot": [1.1, 15.225, -38.625], "rotation": [0, 0, 40], "uv": [114, 53]},
						{"origin": [0, 19.025, -39.575], "size": [1.3, 4.4, 4.55], "inflate": -0.201, "pivot": [1.1, 15.225, -38.625], "rotation": [-45, 0, 40], "uv": [32, 0]},
						{"origin": [0, 20.675, -36.425], "size": [1.3, 2.2, 4.2], "inflate": -0.201, "pivot": [1.1, 15.225, -28.375], "rotation": [45, 0, 40], "uv": [122, 131]},
						{"origin": [-1.3, 20.675, -75.425], "size": [1.3, 2.2, 4.2], "inflate": -0.201, "pivot": [-1.1, 15.225, -67.375], "rotation": [45, 0, -40], "uv": [12, 119]},
						{"origin": [-1.3, 19.025, -78.575], "size": [1.3, 4.4, 4.55], "inflate": -0.201, "pivot": [-1.1, 15.225, -77.625], "rotation": [-45, 0, -40], "uv": [0, 0]},
						{"origin": [-1.3, 18.125, -74.025], "size": [1.3, 2.7, 3.05], "inflate": -0.2, "pivot": [-1.1, 15.225, -77.625], "rotation": [0, 0, -40], "uv": [92, 78]},
						{"origin": [-1.3, 14.075, -75.925], "size": [1.3, 4.45, 6.85], "inflate": -0.199, "pivot": [-1.1, 15.225, -77.625], "rotation": [0, 0, -40], "uv": [12, 0]},
						{"origin": [-1.3, 14.925, -76.15], "size": [1.3, 1, 10.85], "inflate": -0.198, "pivot": [-1.1, 15.225, -67.375], "rotation": [-50.75, 0, -40], "uv": [40, 46]},
						{"origin": [-1.3, 14.925, -79.45], "size": [1.3, 1, 10.6], "inflate": -0.198, "pivot": [-1.1, 15.225, -77.625], "rotation": [50.75, 0, -40], "uv": [34, 78]},
						{"origin": [-1.3, 20.875, -73.975], "size": [1.3, 2.2, 4.2], "inflate": -0.201, "pivot": [-1.1, 15.225, -77.925], "rotation": [-45, 0, -40], "uv": [126, 22]},
						{"origin": [-1.3, 20.875, -60.975], "size": [1.3, 2.2, 4.2], "inflate": -0.201, "pivot": [-1.1, 15.225, -64.925], "rotation": [-45, 0, -40], "uv": [34, 126]},
						{"origin": [-1.3, 14.925, -66.45], "size": [1.3, 1, 10.6], "inflate": -0.198, "pivot": [-1.1, 15.225, -64.625], "rotation": [50.75, 0, -40], "uv": [114, 82]},
						{"origin": [-1.3, 14.925, -63.15], "size": [1.3, 1, 10.85], "inflate": -0.198, "pivot": [-1.1, 15.225, -54.375], "rotation": [-50.75, 0, -40], "uv": [114, 93]},
						{"origin": [-1.3, 14.075, -62.925], "size": [1.3, 4.45, 6.85], "inflate": -0.199, "pivot": [-1.1, 15.225, -64.625], "rotation": [0, 0, -40], "uv": [12, 11]},
						{"origin": [-1.3, 18.125, -61.025], "size": [1.3, 2.7, 3.05], "inflate": -0.2, "pivot": [-1.1, 15.225, -64.625], "rotation": [0, 0, -40], "uv": [93, 53]},
						{"origin": [-1.3, 19.025, -65.575], "size": [1.3, 4.4, 4.55], "inflate": -0.201, "pivot": [-1.1, 15.225, -64.625], "rotation": [-45, 0, -40], "uv": [0, 11]},
						{"origin": [-1.3, 20.675, -62.425], "size": [1.3, 2.2, 4.2], "inflate": -0.201, "pivot": [-1.1, 15.225, -54.375], "rotation": [45, 0, -40], "uv": [126, 39]},
						{"origin": [-1.3, 20.675, -49.425], "size": [1.3, 2.2, 4.2], "inflate": -0.201, "pivot": [-1.1, 15.225, -41.375], "rotation": [45, 0, -40], "uv": [48, 126]},
						{"origin": [-1.3, 19.025, -52.575], "size": [1.3, 4.4, 4.55], "inflate": -0.201, "pivot": [-1.1, 15.225, -51.625], "rotation": [-45, 0, -40], "uv": [0, 27]},
						{"origin": [-1.3, 18.125, -48.025], "size": [1.3, 2.7, 3.05], "inflate": -0.2, "pivot": [-1.1, 15.225, -51.625], "rotation": [0, 0, -40], "uv": [104, 87]},
						{"origin": [-1.3, 14.075, -49.925], "size": [1.3, 4.45, 6.85], "inflate": -0.199, "pivot": [-1.1, 15.225, -51.625], "rotation": [0, 0, -40], "uv": [72, 36]},
						{"origin": [-1.3, 14.925, -50.15], "size": [1.3, 1, 10.85], "inflate": -0.198, "pivot": [-1.1, 15.225, -41.375], "rotation": [-50.75, 0, -40], "uv": [114, 105]},
						{"origin": [-1.3, 14.925, -53.45], "size": [1.3, 1, 10.6], "inflate": -0.198, "pivot": [-1.1, 15.225, -51.625], "rotation": [50.75, 0, -40], "uv": [122, 120]},
						{"origin": [-1.3, 20.875, -47.975], "size": [1.3, 2.2, 4.2], "inflate": -0.201, "pivot": [-1.1, 15.225, -51.925], "rotation": [-45, 0, -40], "uv": [126, 82]},
						{"origin": [-1.3, 14.075, -78.55], "size": [1.3, 1, 51.075], "inflate": -0.2, "pivot": [-1.1, 15.225, -51.625], "rotation": [0, 0, -40], "uv": [114, 53]},
						{"origin": [-1.3, 20.675, -36.425], "size": [1.3, 2.2, 4.2], "inflate": -0.201, "pivot": [-1.1, 15.225, -28.375], "rotation": [45, 0, -40], "uv": [126, 94]},
						{"origin": [-1.3, 19.025, -39.575], "size": [1.3, 4.4, 4.55], "inflate": -0.201, "pivot": [-1.1, 15.225, -38.625], "rotation": [-45, 0, -40], "uv": [12, 27]},
						{"origin": [-1.3, 18.125, -35.025], "size": [1.3, 2.7, 3.05], "inflate": -0.2, "pivot": [-1.1, 15.225, -38.625], "rotation": [0, 0, -40], "uv": [68, 107]},
						{"origin": [-1.3, 14.075, -36.925], "size": [1.3, 4.45, 6.85], "inflate": -0.199, "pivot": [-1.1, 15.225, -38.625], "rotation": [0, 0, -40], "uv": [18, 101]},
						{"origin": [-1.3, 14.925, -37.15], "size": [1.3, 1, 10.6], "inflate": -0.198, "pivot": [-1.1, 15.225, -28.375], "rotation": [-50.75, 0, -40], "uv": [0, 126]},
						{"origin": [-1.3, 14.925, -40.45], "size": [1.3, 1, 10.6], "inflate": -0.198, "pivot": [-1.1, 15.225, -38.625], "rotation": [50.75, 0, -40], "uv": [126, 0]},
						{"origin": [-1.3, 20.875, -34.975], "size": [1.3, 2.2, 4.2], "inflate": -0.201, "pivot": [-1.1, 15.225, -38.925], "rotation": [-45, 0, -40], "uv": [126, 105]},
						{"origin": [-0.2, 25.925, -60.225], "size": [1, 1.6, 2.4], "inflate": -0.201, "pivot": [0, 33.775, -53.875], "rotation": [-45, 0, 40], "uv": [9, 110]},
						{"origin": [-0.2, 25.925, -60.175], "size": [1, 1.6, 2.4], "inflate": -0.201, "pivot": [0, 33.775, -64.125], "rotation": [45, 0, 40], "uv": [60, 110]},
						{"origin": [-0.2, 25.575, -65.075], "size": [1, 4.4, 4.55], "inflate": -0.201, "pivot": [0, 33.775, -64.125], "rotation": [45, 0, 40], "uv": [114, 82]},
						{"origin": [-0.2, 28.175, -60.525], "size": [1, 2.7, 3.05], "inflate": -0.2, "pivot": [0, 33.775, -64.125], "rotation": [0, 0, 40], "uv": [138, 82]},
						{"origin": [-0.2, 30.475, -62.425], "size": [1, 2.7, 6.85], "inflate": -0.199, "pivot": [0, 33.775, -64.125], "rotation": [0, 0, 40], "uv": [104, 137]},
						{"origin": [-0.2, 33.075, -62.65], "size": [1, 1, 8.35], "inflate": -0.198, "pivot": [0, 33.775, -53.875], "rotation": [50.75, 0, 40], "uv": [168, 123]},
						{"origin": [-0.2, 33.075, -63.7], "size": [1, 1, 8.35], "inflate": -0.198, "pivot": [0, 33.775, -64.125], "rotation": [-50.75, 0, 40], "uv": [168, 132]},
						{"origin": [-0.2, 32.775, -64.325], "size": [1, 1, 10.65], "inflate": -0.2, "pivot": [0, 33.775, -64.125], "rotation": [0, 0, 40], "uv": [134, 132]},
						{"origin": [-0.2, 25.925, -47.225], "size": [1, 1.6, 2.4], "inflate": -0.201, "pivot": [0, 33.775, -40.875], "rotation": [-45, 0, 40], "uv": [111, 14]},
						{"origin": [-0.2, 25.925, -47.175], "size": [1, 1.6, 2.4], "inflate": -0.201, "pivot": [0, 33.775, -51.125], "rotation": [45, 0, 40], "uv": [114, 116]},
						{"origin": [-0.2, 25.575, -52.075], "size": [1, 4.4, 4.55], "inflate": -0.201, "pivot": [0, 33.775, -51.125], "rotation": [45, 0, 40], "uv": [114, 93]},
						{"origin": [-0.2, 28.175, -47.525], "size": [1, 2.7, 3.05], "inflate": -0.2, "pivot": [0, 33.775, -51.125], "rotation": [0, 0, 40], "uv": [138, 105]},
						{"origin": [-0.2, 30.475, -49.425], "size": [1, 2.7, 6.85], "inflate": -0.199, "pivot": [0, 33.775, -51.125], "rotation": [0, 0, 40], "uv": [10, 148]},
						{"origin": [-0.2, 33.075, -49.65], "size": [1, 1, 8.35], "inflate": -0.198, "pivot": [0, 33.775, -40.875], "rotation": [50.75, 0, 40], "uv": [168, 141]},
						{"origin": [-0.2, 33.075, -50.7], "size": [1, 1, 8.35], "inflate": -0.198, "pivot": [0, 33.775, -51.125], "rotation": [-50.75, 0, 40], "uv": [170, 40]},
						{"origin": [-0.2, 32.775, -51.325], "size": [1, 1, 10.65], "inflate": -0.2, "pivot": [0, 33.775, -51.125], "rotation": [0, 0, 40], "uv": [0, 137]},
						{"origin": [-0.2, 25.925, -34.225], "size": [1, 1.6, 2.4], "inflate": -0.201, "pivot": [0, 33.775, -27.875], "rotation": [-45, 0, 40], "uv": [117, 7]},
						{"origin": [-0.2, 25.925, -34.175], "size": [1, 1.6, 2.4], "inflate": -0.201, "pivot": [0, 33.775, -38.125], "rotation": [45, 0, 40], "uv": [118, 0]},
						{"origin": [-0.2, 25.575, -39.075], "size": [1, 4.4, 4.55], "inflate": -0.201, "pivot": [0, 33.775, -38.125], "rotation": [45, 0, 40], "uv": [114, 105]},
						{"origin": [-0.2, 28.175, -34.525], "size": [1, 2.7, 3.05], "inflate": -0.2, "pivot": [0, 33.775, -38.125], "rotation": [0, 0, 40], "uv": [122, 142]},
						{"origin": [-0.2, 30.475, -36.425], "size": [1, 2.7, 6.85], "inflate": -0.199, "pivot": [0, 33.775, -38.125], "rotation": [0, 0, 40], "uv": [28, 148]},
						{"origin": [-0.2, 33.075, -36.65], "size": [1, 1, 8.35], "inflate": -0.198, "pivot": [0, 33.775, -27.875], "rotation": [50.75, 0, 40], "uv": [94, 174]},
						{"origin": [-0.2, 33.075, -37.7], "size": [1, 1, 8.35], "inflate": -0.198, "pivot": [0, 33.775, -38.125], "rotation": [-50.75, 0, 40], "uv": [104, 175]},
						{"origin": [-0.2, 32.775, -38.325], "size": [1, 1, 10.65], "inflate": -0.2, "pivot": [0, 33.775, -38.125], "rotation": [0, 0, 40], "uv": [22, 137]},
						{"origin": [-1.75, 13.55, 2.625], "size": [3.5, 5.675, 1], "inflate": -0.002, "pivot": [0.75, 19.225, 2.625], "rotation": [-36.5, 0, 0], "uv": [93, 67]},
						{"origin": [-1.75, 17.625, 16.375], "size": [3.5, 2.675, 1], "inflate": -0.002, "pivot": [0.75, 20.3, 16.375], "rotation": [-54.5, 0, 0], "uv": [95, 14]},
						{"origin": [-1.75, 14.05, 19.7], "size": [3.5, 2.975, 1], "inflate": -0.002, "pivot": [0.75, 17.025, 19.7], "rotation": [-59.25, 0, 0], "uv": [46, 85]},
						{"origin": [-1.75, 8.675, -0.25], "size": [3.5, 5.675, 1], "inflate": -0.003, "pivot": [0.75, 14.35, -0.25], "rotation": [82.75, 0, 0], "uv": [72, 53]},
						{"origin": [-1.75, 13.2, 15.2], "size": [3.5, 4.175, 1], "inflate": -0.002, "pivot": [0.75, 17.375, 15.2], "rotation": [82.75, 0, 0], "uv": [146, 120]},
						{"origin": [-1.75, 4.05, 2.125], "size": [3.5, 5.675, 1], "inflate": -0.003, "pivot": [0.75, 9.725, 2.125], "rotation": [85.75, 0, 0], "uv": [60, 67]},
						{"origin": [-1.75, 8.925, 4.9], "size": [3.5, 5.675, 1], "inflate": -0.002, "pivot": [0.75, 14.6, 4.9], "rotation": [-36.5, 0, 0], "uv": [81, 0]},
						{"origin": [-0.75, 16.225, -5.6], "size": [1.5, 4, 1.625], "inflate": -0.1, "pivot": [1, 16.225, -4.6], "rotation": [-15.75, 0, 0], "uv": [86, 53]},
						{"origin": [-1.5, 18.65, -9.85], "size": [3, 1, 8], "uv": [72, 53]},
						{"origin": [-1.5, 14, -9.85], "size": [3, 2.05, 5.9], "inflate": 0.001, "uv": [36, 117]},
						{"origin": [-1.5, 16.05, -9.85], "size": [3, 2.6, 1.25], "uv": [103, 14]},
						{"origin": [-1.5, 16.05, -3.55], "size": [3, 2.6, 1.25], "inflate": -0.001, "uv": [102, 96]},
						{"origin": [0.65, 11.6, -19.8], "size": [1, 12.7, 1.2], "inflate": -0.199, "pivot": [1.45, 11.8, -19.6], "rotation": [-45.75, 0, 0], "uv": [54, 89]},
						{"origin": [0.65, 4.1, -19.8], "size": [1, 7.9, 1.2], "inflate": -0.2, "uv": [87, 156]},
						{"origin": [0.7, 4.1, -4.85], "size": [1, 10.3, 1.2], "inflate": -0.201, "uv": [103, 0]},
						{"origin": [0.2, 11.1, -9.35], "size": [1, 3.3, 1], "inflate": -0.3, "pivot": [1, 4.3, -9.15], "rotation": [0, -35, 0], "uv": [18, 27]},
						{"origin": [-1.2, 11.1, -9.35], "size": [1, 3.3, 1], "inflate": -0.3, "pivot": [-1, 4.3, -9.15], "rotation": [0, 35, 0], "uv": [12, 27]},
						{"origin": [-1.7, 4.1, -4.85], "size": [1, 10.3, 1.2], "inflate": -0.201, "uv": [99, 36]},
						{"origin": [-1.65, 4.1, -19.8], "size": [1, 7.9, 1.2], "inflate": -0.2, "uv": [83, 156]},
						{"origin": [-1.65, 11.6, -19.8], "size": [1, 12.7, 1.2], "inflate": -0.199, "pivot": [-1.45, 11.8, -19.6], "rotation": [-45.75, 0, 0], "uv": [56, 27]},
						{"origin": [-1.5, 14, -3.95], "size": [3, 1.6, 2.7], "pivot": [1.75, 14, -3.95], "rotation": [40.75, 0, 0], "uv": [35, 57]},
						{"origin": [0.75, 14, -11.5], "size": [1, 4.6, 1.75], "uv": [46, 78]},
						{"origin": [0.75, 14, -13.25], "size": [1, 2.85, 1.75], "uv": [45, 51]},
						{"origin": [0.75, 14, -14.1], "size": [1, 2.1, 1], "inflate": -0.001, "uv": [35, 51]},
						{"origin": [0.75, 12.9, -9.85], "size": [1, 7.5, 1.6], "inflate": 0.001, "pivot": [1.75, 20.4, -9.85], "rotation": [-45.75, 0, 0], "uv": [98, 156]},
						{"origin": [-1.75, 12.9, -9.85], "size": [1, 7.5, 1.6], "inflate": 0.001, "pivot": [-1.75, 20.4, -9.85], "rotation": [-45.75, 0, 0], "uv": [94, 156]},
						{"origin": [-1.75, 14, -14.1], "size": [1, 2.1, 1], "inflate": -0.001, "uv": [18, 38]},
						{"origin": [-1.75, 14, -13.25], "size": [1, 2.85, 1.75], "uv": [5, 51]},
						{"origin": [-1.75, 14, -11.5], "size": [1, 4.6, 1.75], "uv": [54, 76]}
					]
				},
				{
					"name": "button",
					"parent": "gun",
					"pivot": [1.85, 30.2, -0.05],
					"cubes": [
						{"origin": [-1.6, 26.975, 1.95], "size": [3.2, 2, 2], "pivot": [1.85, 30.2, -0.05], "rotation": [-19, 0, 0], "uv": [78, 111]}
					]
				},
				{
					"name": "glowy2",
					"parent": "button",
					"pivot": [1.85, 30.2, -0.05],
					"cubes": [
						{"origin": [-1.825, 26.975, 1.95], "size": [3.65, 2, 2], "inflate": -0.2, "pivot": [1.85, 30.2, -0.05], "rotation": [-19, 0, 0], "uv": [50, 57]}
					]
				},
				{
					"name": "glowy",
					"parent": "gun",
					"pivot": [-0.25, 31.75, -12.925],
					"cubes": [
						{"origin": [-0.825, 30.85, -12], "size": [1.65, 1.3, 3.825], "inflate": -0.2, "pivot": [-0.25, 31.75, -12.925], "rotation": [-42.7772, 0, 0], "uv": [134, 126]},
						{"origin": [-0.75, 30.85, -12.875], "size": [1, 1.3, 3.325], "inflate": -0.199, "pivot": [0.25, 31.75, -12.925], "rotation": [-46.8671, 21.54065, -21.4005], "uv": [138, 6]},
						{"origin": [2.025, 30.85, -11.625], "size": [1, 1.3, 3.325], "inflate": -0.2, "pivot": [-0.25, 31.75, -12.925], "rotation": [-46.8671, -21.54065, 21.4005], "uv": [122, 137]},
						{"origin": [-3.025, 30.85, -11.625], "size": [1, 1.3, 3.325], "inflate": -0.199, "pivot": [0.25, 31.75, -12.925], "rotation": [-46.8671, 21.54065, -21.4005], "uv": [48, 132]},
						{"origin": [-0.25, 30.85, -12.875], "size": [1, 1.3, 3.325], "inflate": -0.2, "pivot": [-0.25, 31.75, -12.925], "rotation": [-46.8671, -21.54065, 21.4005], "uv": [138, 110]},
						{"origin": [-0.35, 30.85, -11.425], "size": [2.55, 1.3, 2.225], "inflate": -0.204, "pivot": [0, 31.75, -12.925], "rotation": [-44.57547, -14.72391, 14.05904], "uv": [186, 84]},
						{"origin": [-0.6, 31.05, -13], "size": [1.2, 1.3, 5.85], "inflate": -0.401, "pivot": [-0.25, 31.75, -12.925], "rotation": [-42.7772, 0, 0], "uv": [108, 43]}
					]
				},
				{
					"name": "magazine",
					"parent": "main",
					"pivot": [1.75, -1.75, -18.8],
					"cubes": [
						{"origin": [-1.75, -1.75, -16.6], "size": [3.5, 15.35, 11.95], "inflate": 0.001, "uv": [32, 0]},
						{"origin": [-1.75, 11.5, -18.8], "size": [3.5, 3.025, 2.3], "inflate": -0.001, "pivot": [1.75, 11.5, -18.8], "rotation": [-46.25, 0, 0], "uv": [18, 111]},
						{"origin": [-1.75, -1.75, -18.8], "size": [3.5, 13.25, 2.3], "uv": [46, 27]}
					]
				},
				{
					"name": "rightarm",
					"parent": "main",
					"pivot": [-4.3, 8.8, 21.8],
					"rotation": [-101.81106, -12.40003, -2.46982],
					"cubes": [
						{"origin": [-8.3, -15.2, 17.8], "size": [8, 24, 8], "uv": [60, 67]}
					]
				},
				{
					"name": "leftarm",
					"parent": "main",
					"pivot": [9.95, 2.4, -13.175],
					"rotation": [-133.69839, 7.1556, -24.51762],
					"cubes": [
						{"origin": [5.95, -21.6, -17.175], "size": [8, 24, 8], "uv": [0, 67]}
					]
				},
				{
					"name": "scope",
					"parent": "main",
					"pivot": [0, 36.05, -10.75],
					"cubes": [
						{"origin": [-0.5, 35.55, -11.05], "size": [1, 1, 1], "inflate": -0.4, "uv": [27, 69]}
					]
				},
				{
					"name": "reticle",
					"parent": "main",
					"pivot": [0, 36.05, -9.95],
					"cubes": [
						{"origin": [-0.5, 35.55, -11.65], "size": [1, 1, 1], "uv": [32, 34]}
					]
				},
				{
					"name": "muzzleflash",
					"parent": "main",
					"pivot": [0, 25.375, -81.3],
					"cubes": [
						{"origin": [-0.5, 24.875, -81.6], "size": [1, 1, 1], "inflate": -0.4, "uv": [45, 62]}
					]
				},
				{
					"name": "_camera_",
					"pivot": [6.825, 33.725, 26.45]
				}
			]
		}
	]
}