{
	"format_version": "1.12.0",
	"minecraft:geometry": [
		{
			"description": {
				"identifier": "geometry.unknown",
				"texture_width": 256,
				"texture_height": 256,
				"visible_bounds_width": 9,
				"visible_bounds_height": 7,
				"visible_bounds_offset": [0, 1.5, 0]
			},
			"bones": [
				{
					"name": "bb_main",
					"pivot": [0, 0, 0]
				},
				{
					"name": "main",
					"pivot": [0, 20, 0]
				},
				{
					"name": "gun",
					"parent": "main",
					"pivot": [1, 11, -1],
					"cubes": [
						{"origin": [-1.75, 13.275, -1], "size": [3.5, 6.225, 4.65], "inflate": -0.001, "uv": [97, 19]},
						{"origin": [-1.75, 4.5, -0.25], "size": [3.5, 9, 5], "inflate": 0.001, "pivot": [1, 13.5, -0.25], "rotation": [14.5, 0, 0], "uv": [49, 49]},
						{"origin": [-1.25, 2.525, 2.7], "size": [2.5, 2.5, 3.5], "inflate": 0.001, "pivot": [1, 5.025, 2.7], "rotation": [19, 0, 0], "uv": [36, 22]},
						{"origin": [-1.25, 0.15, 3.525], "size": [2.5, 2.5, 2.5], "pivot": [1, 2.65, 3.525], "rotation": [66.75, 0, 0], "uv": [93, 64]},
						{"origin": [-1.75, -0.125, 9.275], "size": [3.5, 11.5, 2.6], "inflate": 0.001, "pivot": [1, 11.375, 9.275], "rotation": [-25.5, 0, 0], "uv": [36, 64]},
						{"origin": [-1.75, 7.875, 9.275], "size": [3.5, 3.5, 12.525], "inflate": 0.002, "pivot": [1, 11.375, 9.275], "rotation": [16, 0, 0], "uv": [117, 131]},
						{"origin": [-1.75, 11.475, 18.775], "size": [3.5, 6.3, 3.525], "inflate": 0.001, "uv": [0, 81]},
						{"origin": [-1.75, 4.775, 2], "size": [3.5, 4, 6.65], "uv": [135, 76]},
						{"origin": [-1.85, 13.9, 3.25], "size": [3.7, 2.675, 7.825], "inflate": -0.002, "pivot": [1.1, 16.575, 3.25], "rotation": [-40.5, 0, 0], "uv": [117, 19]},
						{"origin": [-1.85, 10.125, 7.875], "size": [3.7, 2.3, 11.975], "pivot": [1.1, 12.425, 7.875], "rotation": [17, 0, 0], "uv": [116, 116]},
						{"origin": [-1.85, 12.975, 10.725], "size": [3.7, 3.825, 1.35], "inflate": -0.001, "pivot": [1.1, 16.575, 3.25], "rotation": [-40.5, 0, 0], "uv": [67, 98]},
						{"origin": [-1.85, 13.9, 3.25], "size": [3.7, 2.675, 8.075], "inflate": -0.001, "pivot": [1.1, 16.575, 3.25], "rotation": [-77, 0, 0], "uv": [92, 137]},
						{"origin": [-1.85, 15.4, -0.05], "size": [3.7, 2.675, 3.775], "uv": [78, 116]},
						{"origin": [-1.85, 13.75, 13.25], "size": [3.7, 4.375, 6.75], "inflate": -0.001, "uv": [57, 115]},
						{"origin": [-1.85, 15.15, 12.1], "size": [3.7, 4.5, 6.55], "inflate": -0.002, "pivot": [1.1, 19.65, 12.1], "rotation": [22.5, 0, 0], "uv": [18, 115]},
						{"origin": [-1.75, 17.925, 3.625], "size": [3.5, 1.35, 2.65], "inflate": -0.002, "pivot": [1.2, 17.925, 3.625], "rotation": [38, 0, 0], "uv": [69, 44]},
						{"origin": [-1.85, 8.1, 2.45], "size": [3.7, 4.275, 5.175], "uv": [49, 71]},
						{"origin": [-2.25, 19.45, -7.85], "size": [4.5, 5.05, 1.75], "uv": [36, 0]},
						{"origin": [-2.45, 22.65, 0.95], "size": [4.9, 2.05, 1], "inflate": -0.2, "uv": [24, 49]},
						{"origin": [-2.25, 19.45, -6.1], "size": [4.5, 2, 23.25], "inflate": 0.001, "uv": [150, 131]},
						{"origin": [-2.25, 19.45, 17.15], "size": [4.5, 1.275, 2.375], "inflate": -0.001, "pivot": [2.5, 19.45, 17.15], "rotation": [49, 0, 0], "uv": [12, 44]},
						{"origin": [-2.25, 21.1, -5.025], "size": [4.5, 1.75, 27.5], "uv": [32, 137]},
						{"origin": [-2.25, 20.875, 36.725], "size": [4.5, 3.975, 3.25], "inflate": 0.001, "uv": [97, 10]},
						{"origin": [-1.5, 13.875, 36.725], "size": [3, 12.725, 3.25], "inflate": -0.001, "uv": [32, 49]},
						{"origin": [-1.25, 23.125, 33.475], "size": [2.5, 1.975, 3.25], "inflate": -0.001, "uv": [36, 82]},
						{"origin": [-2.25, 20.2, 36.925], "size": [4.5, 1, 3.1], "pivot": [2.5, 20.2, 36.725], "rotation": [11.25, 0, 0], "uv": [0, 115]},
						{"origin": [-1.5, 17.85, 21.975], "size": [3, 1, 2.5], "uv": [59, 44]},
						{"origin": [-1.25, 18.35, 21.975], "size": [2.5, 3.5, 16], "pivot": [-1.75, 18.35, 21.975], "rotation": [10.75, 0, 0], "uv": [97, 0]},
						{"origin": [-1.5, 17.85, 24.475], "size": [3, 1, 13.5], "inflate": 0.001, "pivot": [-1.75, 17.85, 24.475], "rotation": [11.25, 0, 0], "uv": [96, 163]},
						{"origin": [-2.1, 17.1, 18.475], "size": [4.2, 4, 4], "uv": [73, 0]},
						{"origin": [-2.1, 17.1, 18.475], "size": [4.2, 4, 2.4], "inflate": -0.001, "pivot": [2.35, 17.1, 18.475], "rotation": [30, 0, 0], "uv": [39, 115]},
						{"origin": [1.25, 22.85, 12.975], "size": [1, 1.65, 4], "pivot": [2.25, 22.85, 12.975], "rotation": [0, 0, -5], "uv": [36, 27]},
						{"origin": [-2.25, 22.85, 8.975], "size": [4.5, 1.65, 4], "uv": [23, 38]},
						{"origin": [-2.5, 20.775, 12.725], "size": [5, 1, 3.25], "uv": [93, 83]},
						{"origin": [-2.25, 22.85, 12.975], "size": [1, 1.65, 4], "pivot": [-2.25, 22.85, 12.975], "rotation": [0, 0, 5], "uv": [23, 28]},
						{"origin": [-1.25, 24.2, -6.35], "size": [2.5, 1.4, 30.05], "uv": [135, 45]},
						{"origin": [-1.25, 24.1, 23.35], "size": [2.5, 1.75, 12.4], "inflate": 0.001, "uv": [78, 116]},
						{"origin": [-1.45, 24.65, 22.55], "size": [1, 1.4, 1], "inflate": -0.2, "uv": [79, 51]},
						{"origin": [0.45, 24.65, 22.55], "size": [1, 1.4, 1], "inflate": -0.2, "uv": [79, 49]},
						{"origin": [-0.25, 23.725, 22.75], "size": [1.5, 2.125, 13], "inflate": -0.001, "pivot": [1.25, 25.85, 22.75], "rotation": [0, 0, -36.25], "uv": [49, 165]},
						{"origin": [-1.25, 23.725, 22.75], "size": [1.5, 2.125, 13], "inflate": -0.001, "pivot": [-1.25, 25.85, 22.75], "rotation": [0, 0, 36.25], "uv": [145, 164]},
						{"origin": [0.25, 23.975, 2.65], "size": [1, 1.625, 20.3], "pivot": [1.25, 25.6, -6.35], "rotation": [0, 0, -33.25], "uv": [157, 77]},
						{"origin": [-1.25, 23.975, 2.65], "size": [1, 1.625, 20.3], "pivot": [-1.25, 25.6, -6.35], "rotation": [0, 0, 33.25], "uv": [135, 76]},
						{"origin": [-0.75, 28.8, -44.975], "size": [1.5, 2.95, 1.825], "uv": [29, 22]},
						{"origin": [-1.4, 31.3, -45.175], "size": [2.8, 1.2, 2.225], "inflate": -0.199, "uv": [77, 62]},
						{"origin": [0.2, 30.5, -44.975], "size": [1, 1, 1.825], "inflate": -0.001, "pivot": [1.2, 31.5, -44.975], "rotation": [0, 0, 41.25], "uv": [43, 82]},
						{"origin": [-1.2, 30.5, -44.975], "size": [1, 1, 1.825], "inflate": -0.001, "pivot": [-1.2, 31.5, -44.975], "rotation": [0, 0, -41.25], "uv": [29, 82]},
						{"origin": [-1, 28.4, -45.275], "size": [2, 1.8, 2.075], "inflate": 0.001, "uv": [79, 44]},
						{"origin": [-1, 29.2, -43.2], "size": [2, 1, 1.25], "inflate": -0.001, "pivot": [1, 30.2, -43.2], "rotation": [-46, 0, 0], "uv": [83, 54]},
						{"origin": [-1.35, 13.325, -5], "size": [2.7, 1.9, 4.15], "inflate": -0.1, "uv": [116, 99]},
						{"origin": [0.35, 13.325, -4.675], "size": [1, 1.9, 3.825], "inflate": -0.101, "pivot": [1.5, 15.125, -4.9], "rotation": [0, 0, -17], "uv": [103, 49]},
						{"origin": [0.35, 13.35, -9.3], "size": [1, 1.875, 4.175], "inflate": -0.101, "pivot": [1.5, 15.125, -4.9], "rotation": [46.47363, 12.49878, -11.61609], "uv": [23, 82]},
						{"origin": [-1.35, 13.325, -4.675], "size": [1, 1.9, 3.825], "inflate": -0.101, "pivot": [-1.25, 15.125, -4.9], "rotation": [0, 0, 17], "uv": [103, 45]},
						{"origin": [-1.35, 13.35, -9.3], "size": [1, 1.875, 4.175], "inflate": -0.101, "pivot": [-1.25, 15.125, -4.9], "rotation": [46.47363, -12.49878, 11.61609], "uv": [79, 49]},
						{"origin": [-1.35, 11.05, -5], "size": [2.7, 4.175, 2.4], "inflate": -0.101, "pivot": [1.1, 15.125, -4.9], "rotation": [-43.25, 0, 0], "uv": [13, 35]},
						{"origin": [-1.35, 14.075, -0.625], "size": [2.7, 2.775, 1.7], "inflate": -0.101, "pivot": [1.1, 17.35, -0.525], "rotation": [-43.25, 0, 0], "uv": [69, 106]},
						{"origin": [-1.85, 17.75, -0.625], "size": [3.7, 2.775, 1.7], "inflate": -0.102, "pivot": [1.1, 17.25, -0.525], "rotation": [43.25, 0, 0], "uv": [69, 54]},
						{"origin": [-1.95, 12.75, -3.475], "size": [3.9, 2.375, 1], "inflate": -0.201, "pivot": [1.6, 15.125, -4.9], "rotation": [-43.25, 0, 0], "uv": [69, 62]},
						{"origin": [-0.75, 15.3, -4.9], "size": [1.25, 4.55, 1], "inflate": -0.101, "pivot": [1, 15.3, -3.9], "rotation": [-9.75, 0, 0], "uv": [32, 64]},
						{"origin": [-0.75, 16.825, -4.5], "size": [1.25, 4.55, 3.875], "inflate": -0.1, "uv": [12, 0]},
						{"origin": [-1.85, 14.15, -13.4], "size": [3.7, 3.3, 4.05], "inflate": -0.101, "uv": [113, 55]},
						{"origin": [-1.85, 17.65, -13.4], "size": [3.7, 1.8, 4.05], "inflate": -0.1, "uv": [93, 106]},
						{"origin": [-1.85, 16.9, -13.4], "size": [3.7, 1.8, 4.05], "inflate": -0.3, "uv": [105, 83]},
						{"origin": [-1.85, 19.15, -13.75], "size": [3.7, 2.3, 12.15], "inflate": -0.101, "uv": [135, 59]},
						{"origin": [-1.85, 17.65, -9.55], "size": [3.7, 1.15, 2.15], "inflate": -0.102, "pivot": [1.5, 17.75, -9.45], "rotation": [63.25, 0, 0], "uv": [49, 44]},
						{"origin": [-1.85, 17.65, -15.1], "size": [3.7, 1.15, 1.9], "inflate": -0.102, "pivot": [1.5, 17.75, -13.3], "rotation": [-63.25, 0, 0], "uv": [49, 63]},
						{"origin": [-1.85, 10.925, -13.4], "size": [3.7, 3.425, 4.05], "inflate": -0.1, "pivot": [1.5, 14.25, -13.3], "rotation": [21.5, 0, 0], "uv": [59, 106]},
						{"origin": [-1.85, 9.125, -8.4], "size": [3.7, 3.425, 4.05], "inflate": -0.1, "uv": [39, 106]},
						{"origin": [-1.85, 11.525, -4.55], "size": [3.7, 1.025, 3.325], "inflate": -0.101, "pivot": [1.5, 12.45, -4.45], "rotation": [-78.5, 0, 0], "uv": [0, 90]},
						{"origin": [-1.85, 9.125, -12.725], "size": [3.7, 3.425, 4.525], "inflate": -0.101, "pivot": [1.5, 9.225, -8.3], "rotation": [-28, 0, 0], "uv": [20, 106]},
						{"origin": [-1.6, 32.175, -44.55], "size": [3.2, 1, 1], "inflate": -0.301, "pivot": [1.1, 32.675, -44.25], "rotation": [-18.5, 0, 0], "uv": [57, 63]},
						{"origin": [-0.85, 32.3, -44.375], "size": [1.7, 1, 1.3], "inflate": -0.301, "pivot": [0.35, 32.8, -44.075], "rotation": [-53.25, 0, 0], "uv": [23, 82]},
						{"origin": [-1.6, 31.9, -45.375], "size": [1, 1.75, 2.625], "inflate": -0.4, "uv": [113, 64]},
						{"origin": [0.6, 31.9, -45.375], "size": [1, 1.75, 2.625], "inflate": -0.4, "uv": [113, 45]},
						{"origin": [1.8, 27.4, -53.25], "size": [1.1, 2.25, 47.9], "inflate": 0.001, "pivot": [2.9, 29.65, -53.25], "rotation": [0, 0, -10.75], "uv": [0, 49]},
						{"origin": [2, 24.5, -55.45], "size": [1, 4.6, 1.25], "pivot": [2.9, 29.65, -53.25], "rotation": [76.89886, 1.99812, -2.22947], "uv": [60, 49]},
						{"origin": [-3, 24.5, -55.45], "size": [1, 4.6, 1.25], "pivot": [-2.9, 29.65, -53.25], "rotation": [76.89886, -1.99812, 2.22947], "uv": [49, 49]},
						{"origin": [-2.6, 23.05, 22.75], "size": [5.1, 1.1, 13], "uv": [0, 81]},
						{"origin": [-2.5, 21.95, 19.25], "size": [4.9, 2.1, 4], "uv": [49, 80]},
						{"origin": [-2.6, 21.05, 19.75], "size": [5.1, 1, 5], "inflate": 0.001, "uv": [66, 32]},
						{"origin": [-2.6, 22.05, 22.75], "size": [5.1, 1.1, 7.45], "inflate": -0.001, "uv": [49, 32]},
						{"origin": [-2.6, 21.05, 19.75], "size": [5.1, 1, 3.25], "pivot": [2.5, 22.05, 19.75], "rotation": [18.75, 0, 0], "uv": [97, 29]},
						{"origin": [-2.6, 21.05, 24.75], "size": [5.1, 1, 11.15], "inflate": 0.002, "pivot": [2.5, 21.05, 24.75], "rotation": [10.3, 0, 0], "uv": [159, 30]},
						{"origin": [1.8, 29.65, -8.25], "size": [1.1, 2.1, 3.9], "inflate": -0.002, "pivot": [2.9, 29.65, -8.25], "rotation": [0, 0, -10.75], "uv": [69, 49]},
						{"origin": [1.8, 29.575, -16.2], "size": [1.1, 2.1, 8.5], "inflate": -0.001, "pivot": [2.9, 29.65, -8.25], "rotation": [14.75, 0, -10.75], "uv": [93, 64]},
						{"origin": [1.8, 28.45, -6.3], "size": [1.1, 1.85, 3.9], "pivot": [2.9, 29.65, -8.25], "rotation": [0, 0, -10.75], "uv": [47, 98]},
						{"origin": [1.8, 26.575, -6.25], "size": [1.1, 1.05, 3.125], "inflate": -0.002, "pivot": [2.9, 29.65, -8.25], "rotation": [19.25, 0, -10.75], "uv": [81, 16]},
						{"origin": [-2.9, 26.575, -6.25], "size": [1.1, 1.05, 3.125], "inflate": -0.002, "pivot": [-2.9, 29.65, -8.25], "rotation": [19.25, 0, 10.75], "uv": [81, 12]},
						{"origin": [-2.9, 29.65, -8.25], "size": [1.1, 2.1, 3.9], "inflate": -0.002, "pivot": [-2.9, 29.65, -8.25], "rotation": [0, 0, 10.75], "uv": [24, 52]},
						{"origin": [-2.9, 29.575, -16.2], "size": [1.1, 2.1, 8.5], "inflate": -0.001, "pivot": [-2.9, 29.65, -8.25], "rotation": [14.75, 0, 10.75], "uv": [93, 45]},
						{"origin": [-2.9, 28.45, -6.3], "size": [1.1, 1.85, 3.9], "pivot": [-2.9, 29.65, -8.25], "rotation": [0, 0, 10.75], "uv": [28, 98]},
						{"origin": [1.8, 29.65, -53.25], "size": [1.1, 1.575, 37.9], "pivot": [2.9, 29.65, -53.25], "rotation": [0, 0, -57.5], "uv": [39, 99]},
						{"origin": [1.8, 29.65, -16.25], "size": [1.1, 1.5, 8.225], "pivot": [2.9, 29.65, -16.25], "rotation": [6.90367, 6.56729, -56.92139], "uv": [32, 153]},
						{"origin": [-2.9, 29.65, -16.25], "size": [1.1, 1.5, 8.225], "pivot": [-2.9, 29.65, -16.25], "rotation": [6.90367, -6.56729, 56.92139], "uv": [150, 140]},
						{"origin": [1.4, 31.725, -8.3], "size": [1.1, 1.175, 3.95], "pivot": [2.5, 31.725, -8.25], "rotation": [0, 0, -70], "uv": [8, 98]},
						{"origin": [1.4, 31.725, -16.85], "size": [1.1, 1.175, 8.675], "pivot": [2.5, 31.725, -8.25], "rotation": [7.91029, 12.8993, -68.20826], "uv": [157, 85]},
						{"origin": [-2.5, 31.725, -16.85], "size": [1.1, 1.175, 8.675], "pivot": [-2.5, 31.725, -8.25], "rotation": [7.91029, -12.8993, 68.20826], "uv": [157, 76]},
						{"origin": [-2.5, 31.725, -8.3], "size": [1.1, 1.175, 3.95], "pivot": [-2.5, 31.725, -8.25], "rotation": [0, 0, 70], "uv": [93, 68]},
						{"origin": [-2.9, 29.65, -53.25], "size": [1.1, 1.575, 37.9], "pivot": [-2.9, 29.65, -53.25], "rotation": [0, 0, 57.5], "uv": [0, 98]},
						{"origin": [2.3, 26, -48.75], "size": [1, 1.45, 42.65], "inflate": 0.003, "uv": [95, 2]},
						{"origin": [2.3, 23.75, -9.5], "size": [1, 2.25, 2.15], "inflate": 0.003, "pivot": [3.3, 26, -9.5], "rotation": [0, 0, 3.75], "uv": [85, 98]},
						{"origin": [2.3, 23.45, -7.1], "size": [1, 1.95, 1], "inflate": 0.002, "pivot": [3.3, 26, -6.1], "rotation": [-29.25, 0, 3.75], "uv": [73, 2]},
						{"origin": [2.3, 25.95, -7.1], "size": [1, 1.15, 1], "inflate": 0.002, "pivot": [3.3, 26, -6.1], "rotation": [-29.25, 0, 0], "uv": [73, 0]},
						{"origin": [-3.3, 25.95, -7.1], "size": [1, 1.15, 1], "inflate": 0.002, "pivot": [-3.3, 26, -6.1], "rotation": [-29.25, 0, 0], "uv": [57, 44]},
						{"origin": [-3.3, 23.45, -7.1], "size": [1, 1.95, 1], "inflate": 0.002, "pivot": [-3.3, 26, -6.1], "rotation": [-29.25, 0, -3.75], "uv": [66, 32]},
						{"origin": [-3.7, 25, -6.775], "size": [1.8, 1.35, 1.075], "inflate": -0.4, "pivot": [-3.3, 26, -6.1], "rotation": [-29.25, 0, -3.75], "uv": [10, 44]},
						{"origin": [1.9, 25, -6.775], "size": [1.8, 1.35, 1.075], "inflate": -0.4, "pivot": [3.3, 26, -6.1], "rotation": [-29.25, 0, 3.75], "uv": [43, 23]},
						{"origin": [1.9, 25.15, -7.8], "size": [1.8, 1.25, 1.825], "inflate": -0.4, "pivot": [3.3, 26, -6.1], "rotation": [0, 0, 3.75], "uv": [43, 21]},
						{"origin": [-3.7, 25.15, -7.8], "size": [1.8, 1.25, 1.825], "inflate": -0.4, "pivot": [-3.3, 26, -6.1], "rotation": [0, 0, -3.75], "uv": [43, 6]},
						{"origin": [2, 26.75, -6.8], "size": [1.6, 1.15, 1], "inflate": -0.3, "pivot": [3.3, 26, -6.1], "rotation": [-29.25, 0, 0], "uv": [60, 71]},
						{"origin": [2.1, 26.65, -6.7], "size": [1.4, 1.05, 1.2], "inflate": -0.201, "pivot": [3.3, 26, -6.1], "rotation": [0, 0, 0], "uv": [49, 71]},
						{"origin": [-3.5, 26.65, -6.7], "size": [1.4, 1.05, 1.2], "inflate": -0.201, "pivot": [-3.3, 26, -6.1], "rotation": [0, 0, 0], "uv": [66, 34]},
						{"origin": [-3.6, 26.75, -6.8], "size": [1.6, 1.15, 1], "inflate": -0.3, "pivot": [-3.3, 26, -6.1], "rotation": [-29.25, 0, 0], "uv": [67, 44]},
						{"origin": [-3.3, 23.75, -9.5], "size": [1, 2.25, 2.15], "inflate": 0.003, "pivot": [-3.3, 26, -9.5], "rotation": [0, 0, -3.75], "uv": [59, 98]},
						{"origin": [2.3, 23.75, -21.5], "size": [1, 2.25, 12.15], "inflate": 0.002, "pivot": [3.3, 26, -21.5], "rotation": [0, 0, 10.5], "uv": [150, 99]},
						{"origin": [2.05, 27.4, -19.25], "size": [1.1, 2.25, 2], "inflate": 0.001, "pivot": [3.15, 29.65, -53.25], "rotation": [0, 0, -10.75], "uv": [49, 32]},
						{"origin": [2.05, 29.65, -19.25], "size": [1.1, 1.75, 2], "pivot": [3.15, 29.65, -53.25], "rotation": [0, 0, -57.5], "uv": [49, 36]},
						{"origin": [2.55, 26, -19.25], "size": [1, 1.45, 2], "inflate": 0.002, "uv": [41, 49]},
						{"origin": [2.55, 24.575, -19.25], "size": [1, 1.425, 2], "inflate": 0.001, "pivot": [3.55, 26, -21.5], "rotation": [0, 0, 16], "uv": [79, 54]},
						{"origin": [2.3, 25, -42.35], "size": [1, 1, 21], "inflate": 0.002, "pivot": [3.3, 26, -42.25], "rotation": [0, 0, 10.5], "uv": [0, 22]},
						{"origin": [2.3, 24, -48.75], "size": [1, 2, 6.4], "inflate": 0.002, "pivot": [3.3, 26, -48.75], "rotation": [0, 0, 10.5], "uv": [20, 98]},
						{"origin": [2.3, 27.3, -43.15], "size": [1, 1.7, 1], "pivot": [3.3, 26, -48.75], "rotation": [-28.25, 0, 10.5], "uv": [77, 44]},
						{"origin": [-3.3, 23.75, -21.5], "size": [1, 2.25, 12.15], "inflate": 0.002, "pivot": [-3.3, 26, -21.5], "rotation": [0, 0, -10.5], "uv": [139, 0]},
						{"origin": [-3.3, 25, -42.35], "size": [1, 1, 21], "inflate": 0.002, "pivot": [-3.3, 26, -42.25], "rotation": [0, 0, -10.5], "uv": [0, 0]},
						{"origin": [-3.3, 26, -48.75], "size": [1, 1.45, 42.65], "inflate": 0.003, "uv": [91, 56]},
						{"origin": [-3.3, 24, -48.75], "size": [1, 2, 6.4], "inflate": 0.002, "pivot": [-3.3, 26, -48.75], "rotation": [0, 0, -10.5], "uv": [0, 98]},
						{"origin": [-3.3, 27.3, -43.15], "size": [1, 1.7, 1], "pivot": [-3.3, 26, -48.75], "rotation": [-28.25, 0, -10.5], "uv": [49, 73]},
						{"origin": [-2.9, 27.4, -53.25], "size": [1.1, 2.25, 47.9], "inflate": 0.001, "pivot": [-2.9, 29.65, -53.25], "rotation": [0, 0, 10.75], "uv": [0, 0]},
						{"origin": [-0.7, 31.125, -9.15], "size": [2, 1, 13.675], "inflate": -0.2, "uv": [0, 152]},
						{"origin": [-1.3, 31.125, -9.15], "size": [2, 1, 13.675], "inflate": -0.201, "uv": [117, 146]},
						{"origin": [-1, 27.05, -8.95], "size": [2, 4.3, 12.925], "inflate": -0.001, "uv": [0, 136]},
						{"origin": [-1, 28.025, 3.325], "size": [2, 3.3, 1], "inflate": -0.002, "pivot": [1, 31.325, 4.325], "rotation": [-11, 0, 0], "uv": [0, 98]},
						{"origin": [-1, 27.575, 3.525], "size": [2, 3.35, 1.5], "inflate": -0.5, "pivot": [0.7, 30.425, 4.525], "rotation": [-5, 0, 0], "uv": [82, 81]},
						{"origin": [0.2, 27.175, 4.075], "size": [1, 1.3, 1.25], "inflate": -0.3, "uv": [29, 30]},
						{"origin": [0.2, 27.175, 3.075], "size": [1, 1.3, 2.25], "inflate": -0.301, "pivot": [0.9, 28.175, 5.025], "rotation": [-28.75, 0, 0], "uv": [28, 87]},
						{"origin": [-1.2, 27.175, 3.075], "size": [1, 1.3, 2.25], "inflate": -0.301, "pivot": [-0.9, 28.175, 5.025], "rotation": [-28.75, 0, 0], "uv": [41, 86]},
						{"origin": [-1.2, 27.175, 4.075], "size": [1, 1.3, 1.25], "inflate": -0.3, "uv": [29, 28]},
						{"origin": [-1, 29.625, 2.775], "size": [2, 1.3, 2.25], "inflate": -0.501, "pivot": [0.7, 30.425, 4.525], "rotation": [-38.5, 0, 0], "uv": [0, 54]},
						{"origin": [0.95, 28.2, 2.35], "size": [1, 2.4, 16.975], "inflate": -0.201, "uv": [39, 115]},
						{"origin": [0.95, 26.6, 3.85], "size": [1, 2.2, 1.1], "inflate": -0.202, "pivot": [1.75, 26.8, 4.75], "rotation": [-21, 0, 0], "uv": [10, 22]},
						{"origin": [0.95, 26.6, 2.55], "size": [1, 2, 2.4], "inflate": -0.2, "uv": [39, 98]},
						{"origin": [-1.95, 26.6, 3.85], "size": [1, 2.2, 1.1], "inflate": -0.202, "pivot": [-1.75, 26.8, 4.75], "rotation": [-21, 0, 0], "uv": [17, 0]},
						{"origin": [-1.95, 26.6, 2.55], "size": [1, 2, 2.4], "inflate": -0.2, "uv": [20, 98]},
						{"origin": [1.05, 28.7, 2.35], "size": [1, 1.4, 9.725], "inflate": -0.2, "uv": [69, 71]},
						{"origin": [-2.05, 28.7, 2.35], "size": [1, 1.4, 9.725], "inflate": -0.2, "uv": [0, 11]},
						{"origin": [-2.55, 29.85, -5.525], "size": [5.1, 1.05, 4.775], "inflate": -0.201, "uv": [23, 16]},
						{"origin": [-2.55, 29, -3.275], "size": [5.1, 1.25, 1.775], "inflate": -0.198, "uv": [34, 44]},
						{"origin": [-2.55, 29, -2.675], "size": [5.1, 1.25, 1.175], "inflate": -0.2, "pivot": [2.35, 29.2, -1.7], "rotation": [-37, 0, 0], "uv": [22, 44]},
						{"origin": [0.9, 29.85, 2.675], "size": [1.65, 1.05, 2.275], "inflate": -0.2, "uv": [49, 106]},
						{"origin": [1.35, 28.475, 3.875], "size": [1.1, 1.775, 1.075], "inflate": -0.2, "pivot": [2.25, 30.05, 4.75], "rotation": [-35, 0, 0], "uv": [61, 80]},
						{"origin": [1.45, 25.4, -9.725], "size": [1, 4.85, 13.875], "inflate": -0.199, "uv": [116, 99]},
						{"origin": [0.9, 25.7, 3.375], "size": [1, 1.95, 3.075], "inflate": -0.3, "uv": [81, 8]},
						{"origin": [0.575, 26.65, 3.375], "size": [1.325, 1, 3.075], "inflate": -0.299, "pivot": [1.6, 27.35, 5.05], "rotation": [0, 0, 33.25], "uv": [80, 71]},
						{"origin": [-1.9, 26.65, 3.375], "size": [1.325, 1, 3.075], "inflate": -0.299, "pivot": [-1.6, 27.35, 5.05], "rotation": [0, 0, -33.25], "uv": [69, 75]},
						{"origin": [0.575, 25.7, 3.375], "size": [1.325, 1, 3.075], "inflate": -0.299, "pivot": [1.6, 26, 5.05], "rotation": [0, 0, -33.25], "uv": [26, 7]},
						{"origin": [-1.9, 25.7, 3.375], "size": [1.325, 1, 3.075], "inflate": -0.299, "pivot": [-1.6, 26, 5.05], "rotation": [0, 0, 33.25], "uv": [69, 71]},
						{"origin": [-1.9, 25.7, 3.375], "size": [1, 1.95, 3.075], "inflate": -0.3, "uv": [80, 75]},
						{"origin": [-1.3, 27.05, 3.375], "size": [2.6, 1, 3.075], "inflate": -0.3, "uv": [36, 77]},
						{"origin": [-1.3, 25.3, 3.375], "size": [2.6, 1, 3.075], "inflate": -0.3, "uv": [37, 16]},
						{"origin": [1.45, 24.65, -9.725], "size": [1, 1.15, 13.875], "inflate": -0.2, "pivot": [2.25, 25.6, 3.95], "rotation": [0, 0, 46.25], "uv": [169, 56]},
						{"origin": [-2.45, 24.65, -9.725], "size": [1, 1.15, 13.875], "inflate": -0.2, "pivot": [-2.25, 25.6, 3.95], "rotation": [0, 0, -46.25], "uv": [169, 42]},
						{"origin": [-2.55, 29.85, 2.675], "size": [1.65, 1.05, 2.275], "inflate": -0.2, "uv": [30, 106]},
						{"origin": [-2.65, 23.3, 3.925], "size": [1.65, 7.05, 1.125], "inflate": -0.299, "pivot": [-2.35, 30.05, 4.75], "rotation": [-85.75, 0, 0], "uv": [81, 28]},
						{"origin": [1, 23.3, 3.925], "size": [1.65, 7.05, 1.125], "inflate": -0.299, "pivot": [2.35, 30.05, 4.75], "rotation": [-85.75, 0, 0], "uv": [81, 20]},
						{"origin": [-2.45, 25.4, -9.725], "size": [1, 4.85, 13.875], "inflate": -0.199, "uv": [78, 99]},
						{"origin": [-2.45, 28.475, 3.875], "size": [1.1, 1.775, 1.075], "inflate": -0.2, "pivot": [-2.25, 30.05, 4.75], "rotation": [-35, 0, 0], "uv": [49, 80]},
						{"origin": [0.95, 24.95, 16.35], "size": [1, 2.4, 6.225], "inflate": -0.199, "uv": [59, 98]},
						{"origin": [0.7, 24.375, 16.35], "size": [1, 1.475, 6.225], "inflate": -0.2, "pivot": [1.5, 25.65, 16.55], "rotation": [0, 0, -33.25], "uv": [0, 106]},
						{"origin": [0.7, 23.775, 1.55], "size": [1, 1.675, 18.725], "inflate": -0.199, "pivot": [1.5, 25.65, 16.55], "rotation": [0, 0, -33.25], "uv": [93, 64]},
						{"origin": [0.175, 22.85, -6.95], "size": [1.5, 1.475, 8.225], "inflate": -0.1, "pivot": [1.475, 24.525, 1.05], "rotation": [0, 0, -20.25], "uv": [150, 131]},
						{"origin": [0.45, 22.75, 14.05], "size": [1.5, 1.475, 8.225], "inflate": -0.3, "pivot": [1.75, 24.425, 22.05], "rotation": [0, 0, -20.25], "uv": [92, 147]},
						{"origin": [-1.95, 22.75, 14.05], "size": [1.5, 1.475, 8.225], "inflate": -0.3, "pivot": [-1.75, 24.425, 22.05], "rotation": [0, 0, 20.25], "uv": [67, 147]},
						{"origin": [-1.675, 22.85, -6.95], "size": [1.5, 1.475, 8.225], "inflate": -0.1, "pivot": [-1.475, 24.525, 1.05], "rotation": [0, 0, 20.25], "uv": [150, 113]},
						{"origin": [0.5, 23.875, -8.85], "size": [1.4, 1.775, 11], "inflate": -0.4, "pivot": [1.5, 25.65, 14.55], "rotation": [0, 0, -33.25], "uv": [23, 82]},
						{"origin": [-1.9, 23.875, -8.85], "size": [1.4, 1.775, 11], "inflate": -0.4, "pivot": [-1.5, 25.65, 14.55], "rotation": [0, 0, 33.25], "uv": [23, 70]},
						{"origin": [-1.7, 24.375, 16.35], "size": [1, 1.475, 6.225], "inflate": -0.2, "pivot": [-1.5, 25.65, 16.55], "rotation": [0, 0, 33.25], "uv": [93, 99]},
						{"origin": [-1.7, 23.775, 1.55], "size": [1, 1.675, 18.725], "inflate": -0.199, "pivot": [-1.5, 25.65, 16.55], "rotation": [0, 0, 33.25], "uv": [93, 45]},
						{"origin": [0.95, 24.95, 17.575], "size": [1, 2.4, 5], "inflate": -0.2, "pivot": [1.75, 27.15, 22.375], "rotation": [-45, 0, 0], "uv": [78, 105]},
						{"origin": [1.075, 28.775, 18.375], "size": [1, 1, 1], "inflate": -0.1, "pivot": [1.875, 29.575, 19.175], "rotation": [-29.5, 0, 0], "uv": [42, 29]},
						{"origin": [1.05, 29.025, 16.825], "size": [1, 1, 1], "inflate": -0.2, "pivot": [1.85, 29.825, 17.625], "rotation": [-29.5, 0, 0], "uv": [23, 40]},
						{"origin": [-2.05, 29.025, 16.825], "size": [1, 1, 1], "inflate": -0.2, "pivot": [-1.85, 29.825, 17.625], "rotation": [-29.5, 0, 0], "uv": [23, 38]},
						{"origin": [1.45, 27.225, 2.725], "size": [1, 1, 1], "inflate": -0.1, "pivot": [2.25, 28.025, 3.525], "rotation": [-29.5, 0, 0], "uv": [36, 29]},
						{"origin": [-2.55, 25.55, -3.55], "size": [5.1, 2, 2], "inflate": -0.2, "pivot": [-2.35, 27.35, -1.75], "rotation": [-18.75, 0, 0], "uv": [97, 36]},
						{"origin": [-2.45, 27.225, 2.725], "size": [1, 1, 1], "inflate": -0.1, "pivot": [-2.25, 28.025, 3.525], "rotation": [-29.5, 0, 0], "uv": [36, 27]},
						{"origin": [-2.075, 28.775, 18.375], "size": [1, 1, 1], "inflate": -0.1, "pivot": [-1.875, 29.575, 19.175], "rotation": [-29.5, 0, 0], "uv": [42, 27]},
						{"origin": [0.95, 24.825, 15.35], "size": [1, 2.55, 4.4], "inflate": -0.202, "pivot": [1.75, 27.15, 19.55], "rotation": [-45, 0, 0], "uv": [23, 22]},
						{"origin": [-1.95, 28.2, 2.35], "size": [1, 2.4, 16.975], "inflate": -0.201, "uv": [0, 115]},
						{"origin": [-1.95, 24.95, 16.35], "size": [1, 2.4, 6.225], "inflate": -0.199, "uv": [39, 98]},
						{"origin": [-1.95, 24.95, 17.575], "size": [1, 2.4, 5], "inflate": -0.2, "pivot": [-1.75, 27.15, 22.375], "rotation": [-45, 0, 0], "uv": [78, 98]},
						{"origin": [-1.95, 24.825, 15.35], "size": [1, 2.55, 4.4], "inflate": -0.202, "pivot": [-1.75, 27.15, 19.55], "rotation": [-45, 0, 0], "uv": [10, 22]},
						{"origin": [-2.25, 18.975, -41.05], "size": [4.5, 3.25, 27.45], "uv": [139, 0]},
						{"origin": [-2.25, 21.225, -13.6], "size": [4.5, 1, 5.65], "uv": [93, 74]},
						{"origin": [1.45, 21.975, -13.6], "size": [1, 1.75, 3.65], "inflate": 0.002, "pivot": [2.45, 21.975, -13.6], "rotation": [0, 0, -10.5], "uv": [23, 87]},
						{"origin": [1.45, 21.675, -15.9], "size": [1.3, 1, 2.75], "inflate": -0.299, "pivot": [2.45, 21.975, -13.6], "rotation": [0, 0, -10.5], "uv": [36, 90]},
						{"origin": [1.45, 22.875, -15.1], "size": [1, 1.425, 1], "pivot": [2.45, 21.975, -15.1], "rotation": [-40.75, 0, -10.5], "uv": [43, 77]},
						{"origin": [1.15, 22.275, -15.3], "size": [1.5, 1.025, 1], "inflate": -0.2, "pivot": [2.45, 21.975, -15.1], "rotation": [-40.75, 0, -10.5], "uv": [74, 75]},
						{"origin": [-2.75, 21.675, -15.9], "size": [1.3, 1, 2.75], "inflate": -0.299, "pivot": [-2.45, 21.975, -13.6], "rotation": [0, 0, 10.5], "uv": [87, 44]},
						{"origin": [-2.45, 21.975, -13.6], "size": [1, 1.75, 3.65], "inflate": 0.002, "pivot": [-2.45, 21.975, -13.6], "rotation": [0, 0, 10.5], "uv": [36, 86]},
						{"origin": [-2.45, 22.875, -15.1], "size": [1, 1.425, 1], "pivot": [-2.45, 21.975, -15.1], "rotation": [-40.75, 0, 10.5], "uv": [60, 73]},
						{"origin": [-2.65, 22.275, -15.3], "size": [1.5, 1.025, 1], "inflate": -0.2, "pivot": [-2.45, 21.975, -15.1], "rotation": [-40.75, 0, 10.5], "uv": [74, 71]},
						{"origin": [-2.45, 20.975, -15.6], "size": [4.9, 1, 5.65], "uv": [69, 81]},
						{"origin": [-2.25, 19.725, -13.65], "size": [4.5, 1.5, 2.45], "uv": [0, 44]},
						{"origin": [-2.25, 20.225, -11.4], "size": [4.5, 1, 1.2], "inflate": -0.002, "uv": [10, 28]},
						{"origin": [-2.25, 19.725, -11.2], "size": [4.5, 1, 3.575], "inflate": -0.001, "pivot": [2.25, 19.725, -11.2], "rotation": [25, 0, 0], "uv": [111, 36]},
						{"origin": [-2.25, 18.45, -43.05], "size": [4.5, 1.525, 3], "inflate": -0.001, "pivot": [2.25, 19.975, -43.05], "rotation": [48.75, 0, 0], "uv": [94, 116]},
						{"origin": [1.25, 18.975, -50.05], "size": [1, 1, 9], "inflate": 0.001, "uv": [117, 0]},
						{"origin": [-0.975, 16.1, -49.05], "size": [1.95, 1.1, 3.45], "inflate": 0.001, "uv": [93, 46]},
						{"origin": [-0.5, 15.775, -16.55], "size": [1, 1, 2.95], "inflate": 0.001, "uv": [93, 50]},
						{"origin": [1.125, 17.3, -44.8], "size": [1.125, 1.675, 31.2], "pivot": [2.25, 18.975, -45.55], "rotation": [0, 0, 28.75], "uv": [117, 132]},
						{"origin": [1.125, 15.325, -16.55], "size": [1.125, 2.075, 2.95], "inflate": -0.001, "pivot": [2.25, 18.975, -16.55], "rotation": [0, 0, 28.75], "uv": [101, 99]},
						{"origin": [1.125, 16.325, -18.55], "size": [1.125, 1.075, 2.05], "inflate": -0.001, "pivot": [2.25, 18.975, -16.55], "rotation": [0, 0, 28.75], "uv": [8, 106]},
						{"origin": [-2.25, 16.325, -18.55], "size": [1.125, 1.075, 2.05], "inflate": -0.001, "pivot": [-2.25, 18.975, -16.55], "rotation": [0, 0, -28.75], "uv": [0, 106]},
						{"origin": [0.875, 9.675, -26.325], "size": [1.375, 7.725, 1.525], "inflate": -0.002, "pivot": [2.25, 18.975, -25.125], "rotation": [74.25, 0, 28.75], "uv": [85, 28]},
						{"origin": [-2.25, 9.675, -26.325], "size": [1.375, 7.725, 1.525], "inflate": -0.002, "pivot": [-2.25, 18.975, -25.125], "rotation": [74.25, 0, -28.75], "uv": [85, 20]},
						{"origin": [1.225, 17.9, -50.05], "size": [1.025, 1.075, 5.25], "inflate": -0.001, "pivot": [2.25, 18.975, -50.05], "rotation": [0, 0, 28.75], "uv": [114, 83]},
						{"origin": [-2.25, 18.975, -50.05], "size": [1, 1, 9], "inflate": 0.001, "uv": [113, 64]},
						{"origin": [-2.25, 17.9, -50.05], "size": [1.025, 1.075, 5.25], "inflate": -0.001, "pivot": [-2.25, 18.975, -50.05], "rotation": [0, 0, -28.75], "uv": [113, 74]},
						{"origin": [-2.25, 15.325, -16.55], "size": [1.125, 2.075, 2.95], "inflate": -0.001, "pivot": [-2.25, 18.975, -16.55], "rotation": [0, 0, -28.75], "uv": [93, 99]},
						{"origin": [-2.25, 17.3, -44.8], "size": [1.125, 1.675, 31.2], "pivot": [-2.25, 18.975, -45.55], "rotation": [0, 0, -28.75], "uv": [84, 131]},
						{"origin": [1.25, 15.9, -49.05], "size": [1, 2.325, 3.45], "pivot": [2.25, 19.925, -49.05], "rotation": [0, 0, 18.25], "uv": [49, 0]},
						{"origin": [1.25, 15.675, -50.925], "size": [1, 2.3, 1], "inflate": -0.001, "pivot": [2.25, 19.925, -50.5], "rotation": [25.5, 0, 18.25], "uv": [23, 28]},
						{"origin": [-2.25, 15.675, -50.925], "size": [1, 2.3, 1], "inflate": -0.001, "pivot": [-2.25, 19.925, -50.5], "rotation": [25.5, 0, -18.25], "uv": [23, 22]},
						{"origin": [-2.25, 15.675, -44.725], "size": [1, 2.3, 1], "inflate": -0.001, "pivot": [-2.25, 19.925, -44.15], "rotation": [-25.5, 0, -18.25], "uv": [16, 22]},
						{"origin": [1.25, 15.675, -44.725], "size": [1, 2.3, 1], "inflate": -0.001, "pivot": [2.25, 19.925, -44.15], "rotation": [-25.5, 0, 18.25], "uv": [23, 16]},
						{"origin": [-1, 15.975, -44.725], "size": [2, 2.3, 1], "inflate": -0.001, "pivot": [2.25, 19.925, -44.15], "rotation": [-25.5, 0, 0], "uv": [85, 105]},
						{"origin": [-2.25, 15.9, -49.05], "size": [1, 2.325, 3.45], "pivot": [-2.25, 19.925, -49.05], "rotation": [0, 0, -18.25], "uv": [0, 49]},
						{"origin": [-1.425, 17.5, -45.05], "size": [2.85, 1.5, 31.45], "inflate": 0.001, "uv": [115, 99]},
						{"origin": [-1.4, 19.625, -43.35], "size": [2.8, 7, 40.45], "inflate": -0.002, "uv": [49, 49]},
						{"origin": [-1.3, 17.125, -48.35], "size": [2.6, 9.75, 1], "inflate": -0.002, "uv": [23, 0]},
						{"origin": [-2.3, 25.125, -48.35], "size": [4.6, 4.5, 40], "uv": [49, 0]},
						{"origin": [-2.3, 27.125, -16.35], "size": [4.6, 2.5, 8], "inflate": -0.002, "pivot": [2.3, 29.625, -16.35], "rotation": [10.75, 0, 0], "uv": [113, 45]},
						{"origin": [-1.4, 19.875, -47.35], "size": [2.8, 2, 3], "inflate": -0.002, "uv": [36, 6]},
						{"origin": [-1.15, 21.875, -47.35], "size": [2.3, 4, 3], "inflate": -0.002, "uv": [11, 11]},
						{"origin": [-1.3, 19.875, -44.35], "size": [2.6, 7, 1], "inflate": -0.002, "uv": [0, 22]},
						{"origin": [-1, 22.65, -50.775], "size": [2, 2, 22.275], "inflate": -0.2, "pivot": [0, 23.65, -50.775], "rotation": [0, 0, -20], "uv": [119, 164]},
						{"origin": [-1, 19.3, -50.525], "size": [2, 2, 12.275], "inflate": -0.2, "pivot": [0, 20.3, -50.525], "rotation": [0, 0, -20], "uv": [28, 168]},
						{"origin": [-1, 22.65, -61.75], "size": [2, 2, 12], "pivot": [0, 23.65, -61.75], "rotation": [0, 0, -20], "uv": [65, 168]},
						{"origin": [-2.15, 22.875, -43.35], "size": [4.3, 1, 30], "inflate": 0.001, "uv": [78, 99]},
						{"origin": [1.15, 21.375, -43.35], "size": [1, 1.5, 30], "pivot": [2.15, 22.875, -43.35], "rotation": [0, 0, 52], "uv": [0, 136]},
						{"origin": [-2.15, 21.375, -43.35], "size": [1, 1.5, 30], "pivot": [-2.15, 22.875, -43.35], "rotation": [0, 0, -52], "uv": [0, 136], "mirror": true},
						{"origin": [-2.15, 24.525, -43.35], "size": [4.3, 1.5, 26.25], "uv": [150, 99]},
						{"origin": [-1.4, 28.975, -41.675], "size": [2.8, 2, 23.075], "inflate": 0.001, "uv": [158, 156]},
						{"origin": [0.4, 29.975, -41.675], "size": [1, 1, 23.075], "pivot": [1.4, 30.975, -41.675], "rotation": [0, 0, -20.25], "uv": [71, 163]},
						{"origin": [-1.4, 29.975, -41.675], "size": [1, 1, 23.075], "pivot": [-1.4, 30.975, -41.675], "rotation": [0, 0, 20.25], "uv": [67, 137]}
					]
				},
				{
					"name": "action",
					"parent": "gun",
					"pivot": [2.25, 22.85, 8.975],
					"cubes": [
						{"origin": [-1.75, 22.85, 1.725], "size": [3.5, 1.65, 7.25], "uv": [0, 35]},
						{"origin": [2.5, 22.825, 1.75], "size": [2.5, 1, 1], "inflate": 0.1, "pivot": [0.5, 22.175, 2.75], "rotation": [-25.75, 0, 0], "uv": [79, 38]},
						{"origin": [1.1, 22.825, 1.75], "size": [2.5, 1, 1], "inflate": -0.1, "pivot": [-0.9, 22.175, 2.75], "rotation": [-25.75, 0, 0], "uv": [73, 38]}
					]
				},
				{
					"name": "ironsight",
					"parent": "gun",
					"pivot": [0.9, 36.85, -54.975],
					"cubes": [
						{"origin": [-1.4, 32.45, -45.275], "size": [1, 2.55, 2.425], "inflate": -0.4, "uv": [103, 68]},
						{"origin": [-1.4, 34.2, -45.275], "size": [1, 1.35, 2.425], "inflate": -0.401, "pivot": [-1, 34.6, -44.975], "rotation": [0, 0, 25.75], "uv": [113, 48]},
						{"origin": [0.4, 32.45, -45.275], "size": [1, 2.55, 2.425], "inflate": -0.4, "uv": [103, 64]},
						{"origin": [0.4, 34.2, -45.275], "size": [1, 1.35, 2.425], "inflate": -0.401, "pivot": [1, 34.6, -44.975], "rotation": [0, 0, -25.75], "uv": [8, 109]},
						{"origin": [0.4, 31.95, -45.275], "size": [1, 1.3, 2.425], "inflate": -0.401, "pivot": [1, 32.85, -44.975], "rotation": [0, 0, 36.75], "uv": [107, 19]},
						{"origin": [-1.4, 31.95, -45.275], "size": [1, 1.3, 2.425], "inflate": -0.401, "pivot": [-1, 32.85, -44.975], "rotation": [0, 0, -36.75], "uv": [0, 109]},
						{"origin": [0.4, 31.8, -45.125], "size": [1.025, 1.525, 1.925], "inflate": -0.45, "uv": [9, 81]},
						{"origin": [-1.425, 31.8, -45.125], "size": [1.025, 1.525, 1.925], "inflate": -0.45, "uv": [69, 81]}
					]
				},
				{
					"name": "bone",
					"parent": "gun",
					"pivot": [3.1, 23.35, -48.075],
					"rotation": [0, 0, 90],
					"cubes": [
						{"origin": [1.4, 23.125, -41.9], "size": [2, 1, 16.675], "inflate": -0.2, "uv": [0, 98]},
						{"origin": [0.8, 23.125, -41.9], "size": [2, 1, 16.675], "inflate": -0.201, "uv": [39, 98]},
						{"origin": [1.1, 17.05, -41.7], "size": [2, 6.3, 16.275], "inflate": -0.001, "uv": [49, 49]}
					]
				},
				{
					"name": "bone2",
					"parent": "gun",
					"pivot": [-3.1, 23.35, -48.075],
					"rotation": [0, 0, -90],
					"cubes": [
						{"origin": [-3.4, 23.125, -41.9], "size": [2, 1, 16.675], "inflate": -0.2, "uv": [97, 19]},
						{"origin": [-2.8, 23.125, -41.9], "size": [2, 1, 16.675], "inflate": -0.201, "uv": [49, 71]}
					]
				},
				{
					"name": "glowy",
					"parent": "gun",
					"pivot": [-0.6, 27.85, 5.05],
					"cubes": [
						{"origin": [-1.6, 25.675, 5.275], "size": [3.2, 2, 1.075], "inflate": -0.3, "uv": [49, 5]}
					]
				},
				{
					"name": "magazine",
					"parent": "main",
					"pivot": [-2.7, 4.9, 9.15],
					"cubes": [
						{"origin": [-2.25, 4.9, 10.65], "size": [4.5, 2.925, 12.075], "inflate": 0.001, "pivot": [0.5, 8.075, 10.65], "rotation": [16, 0, 0], "uv": [139, 30]},
						{"origin": [-1.25, 6.15, 10.45], "size": [2.75, 2.925, 12.275], "inflate": 0.001, "pivot": [0.5, 8.075, 10.65], "rotation": [16, 0, 0], "uv": [0, 167]},
						{"origin": [-2.25, 4.575, 11.55], "size": [4.5, 3.5, 7.625], "inflate": 0.004, "pivot": [0.5, 8.075, 10.65], "rotation": [-25.5, 0, 0], "uv": [67, 137]},
						{"origin": [-1.25, 0.075, 9.85], "size": [2.75, 8.6, 1.325], "pivot": [0.5, 8.075, 10.65], "rotation": [-25.5, 0, 0], "uv": [0, 11]},
						{"origin": [-1.15, -0.55, 11.55], "size": [2.3, 3.5, 8.3], "inflate": 0.001, "pivot": [0.5, 8.075, 10.65], "rotation": [-25.5, 0, 0], "uv": [0, 0]},
						{"origin": [-2.25, 2.6, 19.95], "size": [4.5, 7.975, 3.4], "inflate": 0.002, "uv": [97, 0]},
						{"origin": [-2.25, 1.15, 17.7], "size": [4.5, 3.5, 11.025], "inflate": 0.003, "pivot": [0.5, 4.65, 17.7], "rotation": [-15, 0, 0], "uv": [135, 45]},
						{"origin": [-1.15, -3.975, 17.45], "size": [2.3, 5.125, 11.275], "inflate": 0.001, "pivot": [0.5, 4.65, 17.7], "rotation": [-15, 0, 0], "uv": [32, 137]},
						{"origin": [-2.25, 3.85, 14.55], "size": [4.5, 3.975, 5.4], "uv": [93, 55]},
						{"origin": [1.225, 7.075, 10.65], "size": [1.5, 1, 12.075], "inflate": 0.001, "pivot": [2.725, 8.075, 10.65], "rotation": [16, -1.75, 0], "uv": [174, 0]},
						{"origin": [1.25, -0.775, 9.95], "size": [1, 5.25, 8.225], "inflate": 0.001, "pivot": [2.25, 4.475, 10.05], "rotation": [-24.75161, 4.72127, 10.54224], "uv": [69, 49]},
						{"origin": [1, -3.975, 16.5], "size": [1.25, 5.25, 11.325], "inflate": 0.001, "pivot": [2.25, 1.275, 16.8], "rotation": [-14.66364, 3.18867, 11.24548], "uv": [23, 22]},
						{"origin": [-2.25, -3.975, 16.5], "size": [1.25, 5.25, 11.325], "inflate": 0.001, "pivot": [-2.25, 1.275, 16.8], "rotation": [-14.66364, -3.18867, -11.24548], "uv": [23, 0]},
						{"origin": [-2.25, -0.775, 9.95], "size": [1, 5.25, 8.225], "inflate": 0.001, "pivot": [-2.25, 4.475, 10.05], "rotation": [-24.75161, -4.72127, -10.54224], "uv": [0, 22]},
						{"origin": [-2.725, 7.075, 10.65], "size": [1.5, 1, 12.075], "inflate": 0.001, "pivot": [-2.725, 8.075, 10.65], "rotation": [16, 1.75, 0], "uv": [139, 14]},
						{"origin": [-2.7, 4.575, 10.65], "size": [5.4, 3.5, 1], "inflate": 0.001, "pivot": [1, 8.075, 10.65], "rotation": [-25.5, 0, 0], "uv": [35, 38]},
						{"origin": [-1.6, -1.575, 10.65], "size": [3.2, 6.15, 1], "inflate": 0.001, "pivot": [1, 8.075, 10.65], "rotation": [-25.5, 0, 0], "uv": [0, 0]},
						{"origin": [1.6, -1.35, 9.15], "size": [1.1, 6.25, 1], "inflate": 0.001, "pivot": [2.7, 4.9, 9.15], "rotation": [-25.17757, 4.18096, 8.81591], "uv": [0, 35]},
						{"origin": [-2.7, -1.35, 9.15], "size": [1.1, 6.25, 1], "inflate": 0.001, "pivot": [-2.7, 4.9, 9.15], "rotation": [-25.17757, -4.18096, -8.81591], "uv": [29, 0]},
						{"origin": [-2.25, 9.35, 22], "size": [4.5, 1.225, 1.35], "inflate": 0.001, "pivot": [1.5, 10.575, 23.35], "rotation": [-37.7, 0, 0], "uv": [11, 18]}
					]
				},
				{
					"name": "rightarm",
					"parent": "main",
					"pivot": [-4.3, 8.8, 21.8],
					"rotation": [-101.81106, -12.40003, -2.46982],
					"cubes": [
						{"origin": [-8.3, -15.2, 17.8], "size": [8, 24, 8], "uv": [49, 0]}
					]
				},
				{
					"name": "leftarm",
					"parent": "main",
					"pivot": [10.3, 4.3, -6.175],
					"rotation": [-134.1508, -1.1848, -33.1648],
					"cubes": [
						{"origin": [6.3, -19.7, -10.175], "size": [8, 24, 8], "uv": [0, 49]}
					]
				},
				{
					"name": "_cb_scope",
					"parent": "main",
					"pivot": [0, 34.675, -6.375],
					"cubes": [
						{"origin": [-0.5, 31.35, -4.5], "size": [1, 1, 1], "uv": [13, 19]}
					]
				},
				{
					"name": "_cb_canted",
					"parent": "main",
					"pivot": [0, 31.65, -4.9],
					"cubes": [
						{"origin": [-0.5, 31.35, 2.25], "size": [1, 1, 1], "uv": [35, 105]}
					]
				},
				{
					"name": "scope",
					"parent": "main",
					"pivot": [0, 36.35, 9.25],
					"cubes": [
						{"origin": [-0.5, 35.85, 8.95], "size": [1, 1, 1], "inflate": -0.4, "uv": [27, 69]}
					]
				},
				{
					"name": "muzzleflash",
					"parent": "main",
					"pivot": [0, 24.8, -73.875],
					"cubes": [
						{"origin": [-0.5, 24.3, -74.175], "size": [1, 1, 1], "inflate": -0.4, "uv": [45, 62]}
					]
				},
				{
					"name": "_camera_",
					"pivot": [6.825, 33.725, 26.45]
				}
			]
		}
	]
}