{
  "name": "destiny_thorn",
  "type": "Gun",
  "maxAmmoCapacity": 9,
  "compatibleAmmo": [
    "ammocreative",
    "destiny_primaryammo"
  ],
  "damage": 11,
  "fireSound": "destiny_thorn",
  "fireModes": [
    "SINGLE"
  ],
  "rpm": 140,
  "drawCooldownDuration": 630,
  "gunRecoilInitialAmplitude": 0.3,
  "shakeRecoilAmplitude": 0.35,
  "shakeRecoilSpeed": 2,
  "viewRecoilAmplitude": 1.2,
  "glowingParts": [
    {
      "name": "glowy"
    },
    {
      "name": "glowy2"
    }
  ],
  "features": [
    {
      "type": "Reticle",
      "texture": "textures/item/destiny_thorn_reticle.png",
      "parallax": true,
      "maxAngularOffset": 5
    },
    {
      "type": "Aiming",
      "zoom": 0.3,
      "condition": {
        "doesNotHaveAttachmentGroup": "ar_sightsandscopes"
      }
    },
    {
      "type": "FireMode",
      "fireModes": [
        {
          "name": "destiny_single",
          "displayName": "label.pointblank.fireMode.destiny_single",
          "type": "AUTOMATIC",
          "rpm": 140,
          "damage": 11
        }
      ]
    }
  ],
  "phasedReloads": [
    {
      "phase": "RELOADING",
      "duration": 2380,
      "animation": "animation.model.reload"
    }
  ],
  "effects": [
    {
      "phase": "hit_scan_acquired",
      "name": "destiny_greentracer"
    },
    {
      "phase": "firing",
      "name": "destiny_greenflash"
    }
  ],
  "inspectAnimations": [
    {
      "name": "animation.model.inspect",
      "duration": 4320
    }
  ],
  "fireAnimations": [
    {
      "name": "animation.model.fire",
      "condition": "random"
    },
    {
      "name": "animation.model.fire2",
      "condition": "random"
    }
  ]
}