{
  "name": "destiny_aceofspades",
  "type": "Gun",
  "maxAmmoCapacity": 10,
  "compatibleAmmo": [
    "ammocreative",
    "destiny_primaryammo"
  ],
  "damage": 11,
  "fireSound": "destiny_aceofspades",
  "fireModes": [
    "SINGLE"
  ],
  "rpm": 140,
  "drawCooldownDuration": 630,
  "gunRecoilInitialAmplitude": 0.3,
  "shakeRecoilAmplitude": 0.35,
  "shakeRecoilSpeed": 2,
  "viewRecoilAmplitude": 1.2,
  "glowingParts": [
    {
      "name": "glowy"
    }
  ],
  "features": [
    {
      "type": "Reticle",
      "texture": "textures/item/destiny_hc_reticle.png",
      "parallax": true,
      "maxAngularOffset": 5
    },
    {
      "type": "MuzzleFlash",
      "effects": [
        {
          "phase": "firing",
          "name": "muzzle_flash_big"
        }
      ],
      "condition": {
        "allOf": [
          {
            "isUsingDefaultMuzzle": true
          },
          {
            "doesNotHaveAttachmentGroup": "ar_suppressors"
          }
        ]
      }
    },
    {
      "type": "Aiming",
      "zoom": 0.3,
      "condition": {
        "doesNotHaveAttachmentGroup": "ar_sightsandscopes"
      }
    },
    {
      "type": "FireMode",
      "fireModes": [
        {
          "name": "destiny_single",
          "displayName": "label.pointblank.fireMode.destiny_single",
          "type": "AUTOMATIC",
          "rpm": 140,
          "damage": 11,
          "animationName": "animation.model.fire"
        }
      ]
    }
  ],
  "phasedReloads": [
    {
      "phase": "RELOADING",
      "duration": 2970,
      "animation": "animation.model.reload"
    }
  ],
  "effects": [
    {
      "phase": "hit_scan_acquired",
      "name": "tracer"
    }
  ],
  "inspectAnimations": [
    {
      "name": "animation.model.inspect",
      "duration": 4320
    }
  ],
  "fireAnimations": [
    {
      "name": "animation.model.fire",
      "condition": "random"
    },
    {
      "name": "animation.model.fire2",
      "condition": "random"
    }
  ]
}