{
  "name": "destiny_chaosdogma",
  "type": "Gun",
  "maxAmmoCapacity": 16,
  "compatibleAmmo": [
    "ammocreative",
    "destiny_primaryammo"
  ],
  "damage": 7,
  "fireSound": "destiny_chaosdogma",
  "fireModes": [
    "SINGLE"
  ],
  "rpm": 210,
  "drawCooldownDuration": 630,
  "gunRecoilInitialAmplitude": 0.3,
  "shakeRecoilAmplitude": 0.35,
  "shakeRecoilSpeed": 2,
  "viewRecoilAmplitude": 2.5,
  "compatibleAttachmentGroups": [
    "cantedrail",
    "ar_sightsandscopes"
  ],
  "compatibleAttachments": [
    "cantedrail"
  ],
  "defaultAttachments": [
  ],
  "glowingParts": [
    {
      "name": "glowy" 
    }
  ],
  "features": [
    {
      "type": "Aiming",
      "zoom": 0.3,
      "condition": {
        "doesNotHaveAttachmentGroup": "ar_sightsandscopes"
      }
    },
    {
      "type": "FireMode",
      "fireModes": [
        {
          "name": "destiny_single",
          "displayName": "label.pointblank.fireMode.destiny_single",
          "type": "AUTOMATIC",
          "rpm": 210,
          "damage": 8
        }
      ]
    }
  ],
  "phasedReloads": [
    {
      "phase": "RELOADING",
      "duration": 2430,
      "animation": "animation.model.reloadempty"
    }
  ],
  "effects": [
    { 
		"phase": "hit_scan_acquired",
		"name": "destiny_bluetracer"
  	},
        { 
		"phase": "firing",
		"name": "destiny_blueflash"
  	}
  ],
  "idleAnimations": [
    {
      "name": "animation.model.idle",
      "duration": 100
    }
  ],
  "fireAnimations": [
    {
      "name": "animation.model.fire",
      "condition": "random"
    },
    {
      "name": "animation.model.fire2",
      "condition": "random"
    }
  ],
  "inspectAnimations": [
    {
      "name": "animation.model.inspect",
      "duration": 3970
    }
  ]
}