{
  "name": "destiny_traxcallum1",
  "type": "Gun",
  "maxAmmoCapacity": 13,
  "compatibleAmmo": [
    "ammocreative",
    "destiny_primaryammo"
  ],
  "damage": 6,
  "fireSound": "destiny_traxcallum1",
  "fireModes": [
    "SINGLE"
  ],
  "rpm": 200,
  "drawCooldownDuration": 630,
  "gunRecoilInitialAmplitude": 0.3,
  "shakeRecoilAmplitude": 0.35,
  "shakeRecoilSpeed": 2,
  "viewRecoilAmplitude": 2.5,
  "compatibleAttachmentGroups": [
    "cantedrail",
    "ar_sightsandscopes"
  ],
  "compatibleAttachments": [
    "cantedrail"
  ],
  "defaultAttachments": [
    "destiny_marshal_sight"
  ],
  "glowingParts": [
    {
      "name": "glowy" 
    }
  ],
  "features": [
    {
      "type": "MuzzleFlash",
      "effects": [
        {
          "phase": "firing",
          "name": "muzzle_flash_big"
        }
      ],
      "condition": {
        "allOf": [
          {
            "isUsingDefaultMuzzle": true
          },
          {
            "doesNotHaveAttachmentGroup": "ar_suppressors"
          }
        ]
      }
    },
    {
      "type": "PartVisibility",
      "parts": [
        {
          "name": "ironsight",
          "visible": true,
          "condition": {
            "hasAttachment": "destiny_marshal_sight"
          }
        }
      ]
    },
    {
      "type": "Aiming",
      "zoom": 0.3,
      "condition": {
        "doesNotHaveAttachmentGroup": "ar_sightsandscopes"
      }
    },
    {
      "type": "FireMode",
      "fireModes": [
        {
          "name": "destiny_single",
          "displayName": "label.pointblank.fireMode.destiny_single",
          "type": "AUTOMATIC",
          "rpm": 200,
          "damage": 6
        }
      ]
    }
  ],
  "phasedReloads": [
    {
      "phase": "RELOADING",
      "condition": "reloadIterationIndex > 0",
      "duration": 2050,
      "animation": "animation.model.reload"
    },
    {
      "phase": "RELOADING",
      "condition": "reloadIterationIndex == 0",
      "duration": 2700,
      "animation": "animation.model.reloadempty"
    }
  ],
  "effects": [
    {
      "phase": "hit_scan_acquired",
      "name": "tracer"
    }
  ],
  "idleAnimations": [
    {
      "name": "animation.model.idle",
      "duration": 100
    }
  ],
  "fireAnimations": [
    {
      "name": "animation.model.fire",
      "condition": "random"
    },
    {
      "name": "animation.model.fire2",
      "condition": "random"
    }
  ],
  "inspectAnimations": [
    {
      "name": "animation.model.inspect",
      "duration": 3970
    }
  ]
}