{
  "name": "destiny_montecarlo",
  "type": "Gun",
  "maxAmmoCapacity": 36,
  "compatibleAmmo": [
    "ammocreative",
    "destiny_primaryammo"
  ],
  "damage": 6,
  "fireSound": "destiny_montecarlo",
  "fireModes": [
    "AUTOMATIC"
  ],
  "rpm": 600,
  "drawCooldownDuration": 630,
  "gunRecoilInitialAmplitude": 0.3,
  "shakeRecoilAmplitude": 0.35,
  "shakeRecoilSpeed": 2,
  "viewRecoilAmplitude": 1,
  "compatibleAttachmentGroups": [
    "cantedrail",
    "ar_sightsandscopes"
  ],
  "compatibleAttachments": [
    "cantedrail"
  ],
  "defaultAttachments": [
    "destiny_montecarlo_sight"
  ],
  "features": [
    {
      "type": "MuzzleFlash",
      "effects": [
        {
          "phase": "firing",
          "name": "muzzle_flash_big"
        }
      ],
      "condition": {
        "allOf": [
          {
            "isUsingDefaultMuzzle": true
          },
          {
            "doesNotHaveAttachmentGroup": "ar_suppressors"
          }
        ]
      }
    },
    {
      "type": "PartVisibility",
      "parts": [
        {
          "name": "frontsight",
          "visible": true,
          "condition": {
            "hasAttachment": "destiny_montecarlo_sight"
          }
        }
      ]
    },
    {
      "type": "Aiming",
      "zoom": 0.3,
      "condition": {
        "doesNotHaveAttachmentGroup": "ar_sightsandscopes"
      }
    }
  ],
  "phasedReloads": [
    {
      "phase": "RELOADING",
      "condition": "reloadIterationIndex > 0",
      "duration": 1730,
      "animation": "animation.model.reload"
    },
    {
      "phase": "RELOADING",
      "condition": "reloadIterationIndex == 0",
      "duration": 2130,
      "animation": "animation.model.reloadempty"
    }
  ],
  "effects": [
    {
      "phase": "hit_scan_acquired",
      "name": "tracer"
    }
  ],
  "idleAnimations": [
    {
      "name": "animation.model.idle",
      "duration": 100
    }
  ],
  "inspectAnimations": [
    {
      "name": "animation.model.inspect",
      "duration": 3970
    }
  ]
}