{
  "name": "destiny_sleepersimulant",
  "type": "Gun",
  "maxAmmoCapacity": 3,
  "compatibleAmmo": [
    "ammocreative",
    "destiny_specialammo"
  ],
  "damage": 30.0,
  "rpm": 120,
  "fireModes": [
    "SINGLE"
  ],
  "fireSound": "destiny_sleepersimulant_fire",
  "drawCooldownDuration": 700,
  "prepareFireCooldownDuration": 750,
  "gunRecoilInitialAmplitude": 0.3,
  "shakeRecoilAmplitude": 2,
  "shakeRecoilSpeed": 2,
  "viewRecoilAmplitude": 0.8,
  "glowingParts": [
    {
      "name": "glowy"
    },
    {
      "name": "glowy2"
    }
  ],
  "features": [
    {
      "type": "Reticle",
      "texture": "textures/item/destiny_sleepersimulant_reticle.png",
      "parallax": true,
      "maxAngularOffset": 5
    },
    {
      "type": "Aiming",
      "zoom": 0.4
    }
  ],
  "phasedReloads": [
    {
      "phase": "RELOADING",
      "duration": 2530,
      "animation": "animation.model.reload"
    }
  ],
  "effects": [
    {
      "phase": "hit_scan_acquired",
      "name": "destiny_redlaser"
    },
    {
      "phase": "firing",
      "name": "destiny_redflash"
    }
  ],
  "idleAnimations": [
    {
      "name": "animation.model.idle",
      "duration": 100
    }
  ],
  "inspectAnimations": [
    {
      "name": "animation.model.inspect",
      "duration": 4320
    }
  ]
}