{
  "name": "destiny_surosregime",
  "type": "Gun",
  "maxAmmoCapacity": 33,
  "compatibleAmmo": [
    "ammocreative",
    "destiny_primaryammo"
  ],
  "damage": 5,
  "fireSound": "destiny_surosregime",
  "fireModes": [
    "AUTOMATIC"
  ],
  "rpm": 600,
  "drawCooldownDuration": 630,
  "gunRecoilInitialAmplitude": 0.3,
  "shakeRecoilAmplitude": 0.35,
  "shakeRecoilSpeed": 2,
  "viewRecoilAmplitude": 1,
  "glowingParts": [
    {
      "name": "glowy" 
    }
  ],
  "features": [
    {
      "type": "MuzzleFlash",
      "effects": [
        {
          "phase": "firing",
          "name": "muzzle_flash_big"
        }
      ],
      "condition": {
        "allOf": [
          {
            "isUsingDefaultMuzzle": true
          },
          {
            "doesNotHaveAttachmentGroup": "ar_suppressors"
          }
        ]
      }
    },
    {
      "type": "Aiming",
      "zoom": 0.3,
      "condition": {
        "doesNotHaveAttachmentGroup": "ar_sightsandscopes"
      }
    },
    {
      "type": "Reticle",
      "texture": "textures/item/reticledot_new.png",
      "parallax": true,
      "maxAngularOffset": 5
    },
    {
      "type": "FireMode",
      "fireModes": [
        {
          "name": "destiny_sr_auto_fast",
          "displayName": "label.pointblank.fireMode.destiny_sr_auto_fast",
          "type": "AUTOMATIC",
          "rpm": 600,
          "damage": 4
        },
        {
          "name": "destiny_sr_auto_slow",
          "displayName": "label.pointblank.fireMode.destiny_sr_auto_slow",
          "type": "AUTOMATIC",
          "rpm": 360,
          "damage": 7,
          "animationName": "animation.model.fire3"
        }
      ]
    }
  ],
  "phasedReloads": [
    {
      "phase": "RELOADING",
      "condition": "reloadIterationIndex > 0",
      "duration": 1880,
      "animation": "animation.model.reload"
    },
    {
      "phase": "RELOADING",
      "condition": "reloadIterationIndex == 0",
      "duration": 2430,
      "animation": "animation.model.reloadempty"
    }
  ],
  "effects": [
    {
      "phase": "hit_scan_acquired",
      "name": "tracer"
    }
  ],
  "idleAnimations": [
    {
      "name": "animation.model.idle",
      "duration": 100
    }
  ],
  "fireAnimations": [
    {
      "name": "animation.model.fire",
      "condition": "random"
    },
    {
      "name": "animation.model.fire2",
      "condition": "random"
    }
  ],
  "inspectAnimations": [
    {
      "name": "animation.model.inspect",
      "duration": 3970
    }
  ]
}