{
	"format_version": "1.12.0",
	"minecraft:geometry": [
		{
			"description": {
				"identifier": "geometry.unknown",
				"texture_width": 32,
				"texture_height": 32,
				"visible_bounds_width": 11,
				"visible_bounds_height": 4,
				"visible_bounds_offset": [0, 1, 0]
			},
			"bones": [
				{
					"name": "main",
					"pivot": [0, 20, 0]
				},
				{
					"name": "_ca_scope",
					"parent": "main",
					"pivot": [0, 27.85, -4.35],
					"cubes": [
						{"origin": [-0.5, 26, 4.1], "size": [1, 1, 1], "uv": [35, 105]}
					]
				},
				{
					"name": "sight",
					"parent": "main",
					"pivot": [0, 16.35, 18.5]
				},
				{
					"name": "gun2",
					"parent": "sight",
					"pivot": [2.25, 26.775, 5.35],
					"cubes": [
						{"origin": [-1.45, 25.725, 1.25], "size": [2.9, 1.275, 8], "uv": [0, 0]},
						{"origin": [-1.45, 27, 4.25], "size": [2.9, 1.6, 5], "uv": [0, 9]},
						{"origin": [0.95, 27.9, 6.45], "size": [1, 2.95, 4.2], "inflate": -0.399, "uv": [10, 14]},
						{"origin": [0.85, 27.05, 6], "size": [1, 1.575, 3.55], "inflate": -0.299, "uv": [0, 4]},
						{"origin": [0.95, 26.5, 9], "size": [1, 2.2, 1.65], "inflate": -0.4, "pivot": [1.55, 28.3, 10.25], "rotation": [-46.75, 0, 0], "uv": [9, 9]},
						{"origin": [0.75, 26.55, 2.45], "size": [1, 2.35, 2.1], "inflate": -0.299, "uv": [20, 4]},
						{"origin": [0.75, 26.1, 2.45], "size": [1, 2.8, 1.85], "inflate": -0.301, "pivot": [1.45, 28.6, 2.75], "rotation": [-43.25, 0, 0], "uv": [0, 15]},
						{"origin": [-1.75, 26.1, 2.45], "size": [1, 2.8, 1.85], "inflate": -0.301, "pivot": [-1.45, 28.6, 2.75], "rotation": [-43.25, 0, 0], "uv": [12, 0]},
						{"origin": [-1.75, 26.55, 2.45], "size": [1, 2.35, 2.1], "inflate": -0.299, "uv": [0, 20]},
						{"origin": [0.4, 29.85, 6.35], "size": [1.55, 1, 4.3], "inflate": -0.4, "pivot": [1.55, 30.45, 6.75], "rotation": [0, 0, 32.75], "uv": [16, 16]},
						{"origin": [-1.95, 26.5, 9], "size": [1, 2.2, 1.65], "inflate": -0.4, "pivot": [-1.55, 28.3, 10.25], "rotation": [-46.75, 0, 0], "uv": [0, 9]},
						{"origin": [-1.85, 27.05, 6.45], "size": [1, 1.575, 3.1], "inflate": -0.299, "uv": [0, 0]},
						{"origin": [-1.95, 27.9, 6.45], "size": [1, 2.95, 4.2], "inflate": -0.399, "uv": [12, 0]},
						{"origin": [-1.325, 30.25, 6.35], "size": [2.65, 1, 4.3], "inflate": -0.4, "uv": [9, 9]},
						{"origin": [-1.95, 29.85, 6.35], "size": [1.55, 1, 4.3], "inflate": -0.4, "pivot": [-1.55, 30.45, 6.75], "rotation": [0, 0, -32.75], "uv": [0, 15]},
						{"origin": [0.95, 29.35, 4.175], "size": [1, 1.5, 2.975], "inflate": -0.4, "pivot": [1.55, 30.45, 6.75], "rotation": [78.25, 0, 0], "uv": [19, 13]},
						{"origin": [-1.95, 29.35, 4.175], "size": [1, 1.5, 2.975], "inflate": -0.4, "pivot": [-1.55, 30.45, 6.75], "rotation": [78.25, 0, 0], "uv": [6, 15]},
						{"origin": [0.875, 25.925, 2.925], "size": [1.175, 2, 2], "inflate": -0.5, "pivot": [1.55, 27.425, 2.925], "rotation": [-21, 0, 0], "uv": [18, 0]},
						{"origin": [0.875, 25.925, 4.725], "size": [1.175, 2, 2], "inflate": -0.5, "pivot": [1.55, 27.425, 4.725], "rotation": [-21, 0, 0], "uv": [17, 9]},
						{"origin": [-0.75, 26.925, 8.4], "size": [1.5, 1.5, 1.5], "inflate": -0.6, "uv": [10, 15]},
						{"origin": [-1.7, 26.8, 8.325], "size": [1.8, 1.425, 1.5], "inflate": -0.5, "uv": [12, 6]},
						{"origin": [-0.1, 26.8, 8.325], "size": [1.8, 1.425, 1.5], "inflate": -0.5, "uv": [0, 12]}
					]
				},
				{
					"name": "scope",
					"parent": "main",
					"pivot": [0, 29.625, 17.25],
					"cubes": [
						{"origin": [-0.5, 29.125, 16.95], "size": [1, 1, 1], "inflate": -0.4, "uv": [30, 41]}
					]
				},
				{
					"name": "reticle",
					"parent": "main",
					"pivot": [0, 29.625, 9.2],
					"cubes": [
						{"origin": [-0.5, 29.125, 7.5], "size": [1, 1, 1], "uv": [32, 34]}
					]
				}
			]
		}
	]
}