{
	"format_version": "1.12.0",
	"minecraft:geometry": [
		{
			"description": {
				"identifier": "geometry.unknown",
				"texture_width": 256,
				"texture_height": 256,
				"visible_bounds_width": 11,
				"visible_bounds_height": 6,
				"visible_bounds_offset": [0, 1, 0]
			},
			"bones": [
				{
					"name": "bb_main",
					"pivot": [0, 0, 0]
				},
				{
					"name": "main",
					"pivot": [0, 20, 0]
				},
				{
					"name": "gun",
					"parent": "main",
					"pivot": [1, 11, -1],
					"cubes": [
						{"origin": [-1.75, 13, 0], "size": [3.5, 5.5, 5], "uv": [25, 132]},
						{"origin": [-2.25, 18.5, -17], "size": [4.5, 4, 22], "inflate": 0.002, "uv": [87, 60]},
						{"origin": [-1.25, 18.95, -29], "size": [2.5, 3.8, 14], "uv": [185, 168]},
						{"origin": [-1.25, 13.65, -33], "size": [2.5, 5.3, 9], "uv": [80, 0]},
						{"origin": [-2.25, -6.35, -37], "size": [4.5, 25.3, 8], "inflate": 0.001, "uv": [164, 181]},
						{"origin": [-8.475, -5.5, -37], "size": [6.5, 17.3, 8], "inflate": -0.001, "pivot": [-2.975, 11.8, -37], "rotation": [0, 0, -20], "uv": [0, 36]},
						{"origin": [-15.25, 7.5, -35], "size": [15, 10.5, 4], "inflate": 0.002, "uv": [182, 102]},
						{"origin": [-20.75, 15.5, -35], "size": [5.5, 2.5, 4], "inflate": 0.001, "uv": [66, 60]},
						{"origin": [-20.75, 18, -35], "size": [2.5, 12.5, 4], "pivot": [-20.75, 18, -35], "rotation": [0, 0, 80], "uv": [0, 123]},
						{"origin": [-8.5, 20.175, -35], "size": [2.5, 6.5, 4], "inflate": -0.001, "pivot": [-8.5, 20.175, -35], "rotation": [0, 0, 112.25], "uv": [0, 66]},
						{"origin": [-16.75, 14, -35], "size": [2, 1.5, 4], "inflate": -0.001, "uv": [116, 17]},
						{"origin": [-13.25, 4.5, -35], "size": [4, 13.3, 4], "pivot": [-13.25, 4.5, -35], "rotation": [0, 0, -34.5], "uv": [97, 30]},
						{"origin": [-13.25, 4.5, -35], "size": [22, 10.5, 4], "inflate": -0.001, "pivot": [-13.25, 4.5, -35], "rotation": [0, 0, 27.75], "uv": [160, 0]},
						{"origin": [-19.25, 24.6, -35], "size": [6, 10.5, 4], "pivot": [-19.25, 24.6, -35], "rotation": [0, 0, 20], "uv": [26, 96]},
						{"origin": [-19.25, 17.6, -34.5], "size": [7.75, 7, 3], "uv": [114, 97]},
						{"origin": [-19.25, 17.6, -34.5], "size": [2, 7, 3], "inflate": -0.001, "pivot": [-19.25, 24.6, -34.5], "rotation": [0, 0, 12.5], "uv": [49, 16]},
						{"origin": [-15.675, 34.45, -35], "size": [7.2, 8.75, 4], "inflate": 0.002, "pivot": [-15.675, 34.45, -35], "rotation": [0, 0, 49.25], "uv": [87, 67]},
						{"origin": [-8.9, 21.375, -35], "size": [4.5, 13.3, 4], "inflate": -0.002, "pivot": [-4.4, 34.675, -35], "rotation": [0, 0, 24.5], "uv": [107, 0]},
						{"origin": [-19.25, 22.55, -35], "size": [9.3, 2, 4], "inflate": 0.001, "uv": [33, 55]},
						{"origin": [-3.35, 3.65, -37], "size": [5.6, 7.3, 8], "pivot": [2.25, 18.95, -37], "rotation": [0, 0, -50.5], "uv": [129, 140]},
						{"origin": [-0.1, 17.15, -37], "size": [2.35, 1.8, 8], "pivot": [2.25, 18.95, -37], "rotation": [0, 0, -50.5], "uv": [56, 120]},
						{"origin": [-3.55, 10.85, -37.1], "size": [5.9, 6.4, 1], "inflate": -0.1, "pivot": [2.25, 18.95, -37.1], "rotation": [0, 0, -50.5], "uv": [92, 14]},
						{"origin": [-3.55, 10.85, -29.9], "size": [5.9, 6.5, 1], "inflate": -0.1, "pivot": [2.25, 18.95, -29.9], "rotation": [0, 0, -50.5], "uv": [72, 81]},
						{"origin": [2.25, -6.35, -37], "size": [6.5, 7.3, 8], "uv": [66, 36]},
						{"origin": [2.25, 0.9, -37], "size": [15.5, 9.3, 8], "inflate": 0.002, "uv": [166, 71]},
						{"origin": [2.25, 6.9, -37], "size": [15.5, 3.3, 8], "inflate": -0.001, "pivot": [17.75, 10.2, -37], "rotation": [0, 0, 10], "uv": [171, 34]},
						{"origin": [11.25, -10.65, -37], "size": [6.5, 11.6, 8], "inflate": -0.001, "pivot": [17.75, 0.95, -37], "rotation": [0, 0, 51], "uv": [33, 36]},
						{"origin": [-1.25, 15.45, -29], "size": [2.5, 7.3, 4], "inflate": 0.001, "pivot": [1.25, 22.75, -29], "rotation": [-80, 0, 0], "uv": [49, 0]},
						{"origin": [-2.25, 21.5, 5], "size": [4.5, 1, 1.5], "inflate": -0.001, "uv": [0, 76]},
						{"origin": [0.35, 21.7, -16.5], "size": [1.75, 1, 22.25], "inflate": -0.001, "pivot": [2.1, 22.7, -16.5], "rotation": [0, 0, 35], "uv": [153, 158]},
						{"origin": [0.35, 21.7, -16.5], "size": [1.25, 1, 22.25], "pivot": [1.6, 22.7, -16.5], "rotation": [0, 0, 72.5], "uv": [147, 23]},
						{"origin": [0.925, 21.7, -11.5], "size": [1.125, 1, 2], "pivot": [2.05, 22.7, -11.5], "rotation": [0, 0, 56.5], "uv": [26, 32]},
						{"origin": [0.45, 21.7, -17.05], "size": [1.35, 1, 2], "pivot": [1.8, 22.7, -17.05], "rotation": [16.21259, 7.93167, 59.56574], "uv": [26, 32]},
						{"origin": [-1.6, 21.7, -16.5], "size": [1.25, 1, 22.25], "pivot": [-1.6, 22.7, -16.5], "rotation": [0, 0, -72.5], "uv": [0, 147]},
						{"origin": [-2.1, 21.7, -16.5], "size": [1.75, 1, 22.25], "inflate": -0.001, "pivot": [-2.1, 22.7, -16.5], "rotation": [0, 0, -35], "uv": [129, 157]},
						{"origin": [-2.1, 21.7, -16.5], "size": [4.2, 1, 22.25], "uv": [26, 96]},
						{"origin": [-1.2, 22.9, -16.5], "size": [2.4, 1, 22.25], "inflate": 0.001, "uv": [26, 143]},
						{"origin": [-1.75, 16.25, -24], "size": [3.5, 3.75, 2.5], "uv": [44, 81]},
						{"origin": [1.2, 12.975, -32.8], "size": [1, 3.65, 24.4], "inflate": -0.2, "pivot": [1, 13.175, -24.6], "rotation": [1.5, 0, 0], "uv": [0, 96]},
						{"origin": [1.2, 12.975, -63.8], "size": [1, 2.65, 21.4], "inflate": -0.2, "pivot": [2, 13.175, -55.6], "rotation": [-0.97438, -0.22494, -12.99809], "uv": [100, 165]},
						{"origin": [1.2, 12.75, -42.8], "size": [1, 2.65, 7.4], "inflate": -0.2, "pivot": [2, 12.95, -42.6], "rotation": [7.77562, -0.22494, -12.99809], "uv": [134, 0]},
						{"origin": [1.2, 8.75, -43.1], "size": [1, 4.4, 7.7], "inflate": -0.2, "pivot": [2, 12.95, -42.6], "rotation": [6.25364, -4.63552, 21.76383], "uv": [56, 129]},
						{"origin": [-2.2, 8.75, -43.1], "size": [1, 4.4, 7.7], "inflate": -0.2, "pivot": [-2, 12.95, -42.6], "rotation": [6.25364, 4.63552, -21.76383], "uv": [13, 82]},
						{"origin": [-2.2, 12.75, -42.8], "size": [1, 2.65, 7.4], "inflate": -0.2, "pivot": [-2, 12.95, -42.6], "rotation": [7.77562, 0.22494, 12.99809], "uv": [5, 132]},
						{"origin": [1.2, 10.975, -63.8], "size": [1, 2.4, 21.4], "inflate": -0.199, "pivot": [2, 13.175, -55.6], "rotation": [-0.95631, 0.29236, 21.99756], "uv": [77, 162]},
						{"origin": [1.2, 8.075, -62.4], "size": [1, 2.4, 3.45], "inflate": -0.201, "pivot": [2, 13.175, -55.6], "rotation": [-23.45631, 0.29236, 21.99756], "uv": [33, 36]},
						{"origin": [1.2, 9.575, -60.8], "size": [1, 2.4, 18.75], "inflate": -0.2, "pivot": [2, 13.175, -55.6], "rotation": [-3.45631, 0.29236, 21.99756], "uv": [171, 14]},
						{"origin": [-2.2, 8.075, -62.4], "size": [1, 2.4, 3.45], "inflate": -0.201, "pivot": [-2, 13.175, -55.6], "rotation": [-23.45631, -0.29236, -21.99756], "uv": [20, 36]},
						{"origin": [-2.2, 10.975, -63.8], "size": [1, 2.4, 21.4], "inflate": -0.199, "pivot": [-2, 13.175, -55.6], "rotation": [-0.95631, -0.29236, -21.99756], "uv": [159, 102]},
						{"origin": [-2.2, 9.575, -60.8], "size": [1, 2.4, 18.75], "inflate": -0.2, "pivot": [-2, 13.175, -55.6], "rotation": [-3.45631, -0.29236, -21.99756], "uv": [0, 170]},
						{"origin": [-2.2, 12.975, -63.8], "size": [1, 2.65, 21.4], "inflate": -0.2, "pivot": [-2, 13.175, -55.6], "rotation": [-0.97438, 0.22494, 12.99809], "uv": [161, 125]},
						{"origin": [-2.2, 12.975, -32.8], "size": [1, 3.65, 24.4], "inflate": -0.2, "pivot": [-1, 13.175, -24.6], "rotation": [1.5, 0, 0], "uv": [88, 86]},
						{"origin": [-1.6, 12.975, -32.8], "size": [3.2, 1, 24.4], "inflate": -0.2, "pivot": [-1, 13.175, -24.6], "rotation": [1.5, 0, 0], "uv": [31, 67]},
						{"origin": [0.75, 16.25, -21.5], "size": [1, 3.75, 2.4], "pivot": [1.75, 16.25, -21.5], "rotation": [0, -15, 0], "uv": [23, 66]},
						{"origin": [-1.75, 16.25, -21.5], "size": [1, 3.75, 2.5], "pivot": [-1.75, 16.25, -21.5], "rotation": [0, 15, 0], "uv": [15, 66]},
						{"origin": [-1.75, 20.325, -21.15], "size": [3.5, 2.5, 4.25], "uv": [111, 53]},
						{"origin": [0.75, 18.425, -21.15], "size": [1, 1.9, 4.25], "pivot": [1.75, 20.325, -21.15], "rotation": [0, 0, 19], "uv": [80, 19]},
						{"origin": [-1.75, 18.425, -21.15], "size": [1, 1.9, 4.25], "pivot": [-1.75, 20.325, -21.15], "rotation": [0, 0, -19], "uv": [80, 14]},
						{"origin": [-1.75, 20, -24], "size": [3.5, 4, 2.5], "inflate": 0.001, "pivot": [0.75, 20, -24], "rotation": [-45, 0, 0], "uv": [61, 67]},
						{"origin": [-2, 30.75, -16.7], "size": [4, 2, 13.75], "uv": [77, 187]},
						{"origin": [-2, 30.5, -1.7], "size": [4, 2, 10.75], "uv": [49, 16]},
						{"origin": [-1.15, 31.75, 6.3], "size": [2.3, 1, 4], "inflate": 0.002, "uv": [96, 86]},
						{"origin": [-1, 32.35, 6], "size": [2, 2, 4.7], "inflate": -0.28, "uv": [93, 0]},
						{"origin": [-1, 32.35, 10.3], "size": [2, 2, 1], "inflate": -0.4, "uv": [0, 41]},
						{"origin": [-1.2, 33.45, 9.9], "size": [2.4, 1.1, 1.7], "inflate": -0.5, "uv": [20, 75]},
						{"origin": [-1.2, 32.15, 9.9], "size": [2.4, 1.1, 1.7], "inflate": -0.5, "uv": [66, 55]},
						{"origin": [0.1, 32.25, 9.9], "size": [1.1, 2.2, 1.7], "inflate": -0.5, "uv": [25, 36]},
						{"origin": [-1.2, 32.25, 9.9], "size": [1.1, 2.2, 1.7], "inflate": -0.5, "uv": [31, 31]},
						{"origin": [0.45, 32.35, 6.3], "size": [1, 1.9, 1.2], "inflate": -0.3, "pivot": [1.15, 33.95, 6.6], "rotation": [-14, 0, 0], "uv": [37, 41]},
						{"origin": [0.45, 31.95, 6.3], "size": [1, 2.3, 3], "inflate": -0.299, "pivot": [1.15, 33.95, 6.6], "rotation": [10, 0, 0], "uv": [0, 36]},
						{"origin": [0.65, 31.95, 6.3], "size": [1, 1.8, 2.5], "inflate": -0.3, "pivot": [1.35, 33.45, 6.6], "rotation": [4, 0, 0], "uv": [33, 41]},
						{"origin": [-1.65, 31.95, 6.3], "size": [1, 1.8, 2.5], "inflate": -0.3, "pivot": [-1.35, 33.45, 6.6], "rotation": [4, 0, 0], "uv": [20, 41]},
						{"origin": [0.45, 32.375, 8.65], "size": [1, 2.3, 1.95], "inflate": -0.3, "uv": [33, 55]},
						{"origin": [-1.45, 32.375, 8.65], "size": [1, 2.3, 1.95], "inflate": -0.3, "uv": [49, 30]},
						{"origin": [-1.45, 31.95, 6.3], "size": [1, 2.3, 3], "inflate": -0.299, "pivot": [-1.15, 33.95, 6.6], "rotation": [10, 0, 0], "uv": [0, 0]},
						{"origin": [-1.45, 32.35, 6.3], "size": [1, 1.9, 1.2], "inflate": -0.3, "pivot": [-1.15, 33.95, 6.6], "rotation": [-14, 0, 0], "uv": [24, 41]},
						{"origin": [-2, 30.75, -2.95], "size": [4, 2, 6], "inflate": 0.001, "pivot": [0.5, 32.75, -2.95], "rotation": [-3.25, 0, 0], "uv": [66, 51]},
						{"origin": [1.35, 28.45, -16.7], "size": [1, 3.75, 13.75], "inflate": 0.001, "pivot": [2.35, 32.2, -16.7], "rotation": [0, 0, 10], "uv": [0, 66]},
						{"origin": [0.25, 28.1, -14.5], "size": [1.7, 3, 1], "inflate": 0.001, "pivot": [1.95, 30.6, -14.5], "rotation": [0, 0, -20], "uv": [24, 0]},
						{"origin": [0.25, 28.1, -8.5], "size": [1.7, 3, 1], "inflate": 0.001, "pivot": [1.95, 30.6, -8.5], "rotation": [0, 0, -20], "uv": [24, 0]},
						{"origin": [-0.05, 30.1, -13.5], "size": [2, 1, 5], "inflate": 0.001, "pivot": [1.95, 30.6, -9.5], "rotation": [0, 0, -20], "uv": [84, 60]},
						{"origin": [-0.05, 27.8, -13.8], "size": [2.3, 1, 5.6], "inflate": -0.3, "pivot": [1.95, 30.6, -9.5], "rotation": [0, 0, -20], "uv": [80, 51]},
						{"origin": [-1.25, 26.75, -19.35], "size": [2.5, 4.25, 21.5], "uv": [141, 77]},
						{"origin": [1.35, 31.2, -2.95], "size": [1, 1, 1.75], "inflate": -0.001, "pivot": [2.35, 32.2, -2.95], "rotation": [-46.75, 0, 10], "uv": [64, 0]},
						{"origin": [1.35, 30.858, -2.065], "size": [1, 1, 1.25], "inflate": -0.001, "pivot": [2.35, 32.2, -0.45], "rotation": [46.75, 0, 10], "uv": [25, 61]},
						{"origin": [1.35, 29.55, -16.7], "size": [1, 2.65, 1], "pivot": [2.35, 32.2, -16.7], "rotation": [-83.75, 0, 10], "uv": [58, 36]},
						{"origin": [1.35, 30.6, -19.35], "size": [1, 1.3, 2.65], "inflate": 0.001, "pivot": [2.35, 32.2, -19.35], "rotation": [0, 0, 10], "uv": [49, 74]},
						{"origin": [1.35, 27.775, -20.525], "size": [1, 3.3, 1.85], "pivot": [2.35, 32.2, -19.35], "rotation": [50, 0, 10], "uv": [49, 0]},
						{"origin": [-2.35, 30.6, -19.35], "size": [1, 1.3, 2.65], "inflate": 0.001, "pivot": [-2.35, 32.2, -19.35], "rotation": [0, 0, -10], "uv": [9, 61]},
						{"origin": [-2.35, 27.775, -20.525], "size": [1, 3.3, 1.85], "pivot": [-2.35, 32.2, -19.35], "rotation": [50, 0, -10], "uv": [30, 0]},
						{"origin": [1.35, 28.45, 4.3], "size": [1, 3.75, 4.75], "pivot": [2.35, 32.2, 4.3], "rotation": [0, 0, 10], "uv": [44, 67]},
						{"origin": [1.35, 28.45, 9.05], "size": [1, 3.75, 6.75], "pivot": [2.35, 32.2, 9.05], "rotation": [-17.63233, -6.91277, 12.19076], "uv": [134, 9]},
						{"origin": [-2.35, 28.45, 9.05], "size": [1, 3.75, 6.75], "pivot": [-2.35, 32.2, 9.05], "rotation": [-17.63233, 6.91277, -12.19076], "uv": [15, 66]},
						{"origin": [1, 26.2, 1.3], "size": [1, 2, 10.75], "inflate": 0.001, "pivot": [2, 28.2, 1.3], "rotation": [0, 0, 10], "uv": [82, 96]},
						{"origin": [1, 27.2, 1.3], "size": [1, 1, 11], "pivot": [2, 28.2, 1.3], "rotation": [0, 0, 64.5], "uv": [0, 96]},
						{"origin": [-2, 27.2, 1.3], "size": [1, 1, 11], "pivot": [-2, 28.2, 1.3], "rotation": [0, 0, -64.5], "uv": [0, 82]},
						{"origin": [1, 26.15, 1.5], "size": [1, 1.25, 10.75], "pivot": [2, 28.2, 1.3], "rotation": [-5, 0, 10], "uv": [0, 108]},
						{"origin": [-2, 26.15, 1.5], "size": [1, 1.25, 10.75], "pivot": [-2, 28.2, 1.3], "rotation": [-5, 0, -10], "uv": [80, 14]},
						{"origin": [-2, 26.2, 1.3], "size": [1, 2, 10.75], "inflate": 0.001, "pivot": [-2, 28.2, 1.3], "rotation": [0, 0, -10], "uv": [56, 96]},
						{"origin": [-1.675, 24.25, -16.9], "size": [1, 4.65, 25.7], "inflate": -0.2, "pivot": [-1.475, 28.7, -16.7], "rotation": [0, 0, 2], "uv": [60, 67]},
						{"origin": [-1.825, 22.2, -16.9], "size": [1, 2.45, 25.7], "inflate": -0.2, "pivot": [-1.625, 24.45, -16.7], "rotation": [0, 0, -13], "uv": [80, 0]},
						{"origin": [1.35, 28.45, -0.45], "size": [1, 3.25, 4.75], "pivot": [2.35, 32.2, -0.45], "rotation": [0, 0, 10], "uv": [31, 67]},
						{"origin": [1.35, 28.45, -2.95], "size": [1, 2.5, 2.5], "pivot": [2.35, 32.2, -0.45], "rotation": [0, 0, 10], "uv": [66, 51]},
						{"origin": [-2.35, 28.45, -16.7], "size": [1, 3.75, 13.75], "inflate": 0.001, "pivot": [-2.35, 32.2, -16.7], "rotation": [0, 0, -10], "uv": [49, 0]},
						{"origin": [-2.35, 29.55, -16.7], "size": [1, 2.65, 1], "pivot": [-2.35, 32.2, -16.7], "rotation": [-83.75, 0, -10], "uv": [57, 0]},
						{"origin": [-2.35, 30.858, -2.065], "size": [1, 1, 1.25], "inflate": -0.001, "pivot": [-2.35, 32.2, -0.45], "rotation": [46.75, 0, -10], "uv": [58, 40]},
						{"origin": [-2.35, 28.45, -2.95], "size": [1, 2.5, 2.5], "pivot": [-2.35, 32.2, -0.45], "rotation": [0, 0, -10], "uv": [55, 55]},
						{"origin": [-2.35, 28.45, -0.45], "size": [1, 3.25, 4.75], "inflate": 0.001, "pivot": [-2.35, 32.2, -0.45], "rotation": [0, 0, -10], "uv": [24, 0]},
						{"origin": [-2.35, 28.45, 4.3], "size": [1, 3.75, 4.75], "pivot": [-2.35, 32.2, 4.3], "rotation": [0, 0, -10], "uv": [67, 16]},
						{"origin": [-2.35, 31.2, -2.95], "size": [1, 1, 1.75], "inflate": -0.001, "pivot": [-2.35, 32.2, -2.95], "rotation": [-46.75, 0, -10], "uv": [58, 60]},
						{"origin": [-1.15, 29.85, -48.7], "size": [2.3, 1, 29.6], "inflate": -0.2, "pivot": [-0.5, 30.65, -48.5], "rotation": [2.5, 0, 0], "uv": [33, 37]},
						{"origin": [-11.025, 29.35, -50.7], "size": [7.75, 1, 35.6], "inflate": -0.2, "pivot": [-3.475, 30.15, -50.5], "rotation": [1.1984, 2.86283, -74.21687], "uv": [0, 0]},
						{"origin": [-1, 28.4, -48.5], "size": [2, 1, 29.2], "inflate": 0.001, "uv": [0, 36]},
						{"origin": [-0.75, 29.4, -48.5], "size": [1.5, 1.15, 29.2], "inflate": 0.001, "uv": [49, 0]},
						{"origin": [-3.95, 28.15, -34.5], "size": [3.7, 1.05, 4.2], "uv": [49, 30]},
						{"origin": [-0.75, 29.275, -37.625], "size": [1.5, 1.15, 18.3], "pivot": [-1, 30.4, -48.5], "rotation": [2.5, 0, 0], "uv": [52, 181]},
						{"origin": [-1, 26.65, -48.5], "size": [1.25, 1.75, 29.2], "pivot": [-1, 28.4, -48.5], "rotation": [0, 0, -12], "uv": [66, 30]},
						{"origin": [-0.25, 26.65, -48.5], "size": [1.25, 1.75, 29.2], "inflate": -0.001, "pivot": [1, 28.4, -48.5], "rotation": [0, 0, 12], "uv": [0, 66]},
						{"origin": [-1.5, 31.75, -19.425], "size": [3, 1, 2.725], "inflate": 0.001, "pivot": [1, 32.75, -16.7], "rotation": [13.75, 0, 0], "uv": [50, 61]},
						{"origin": [1, 31.75, -19.45], "size": [1, 1, 2.75], "pivot": [2, 32.75, -16.7], "rotation": [13.95389, 9.7106, 2.39989], "uv": [40, 61]},
						{"origin": [-2, 31.75, -19.45], "size": [1, 1, 2.75], "pivot": [-2, 32.75, -16.7], "rotation": [13.95389, -9.7106, -2.39989], "uv": [21, 61]},
						{"origin": [-1, 31.5, 9.05], "size": [2, 1, 5.75], "inflate": 0.002, "pivot": [-0.75, 32.5, 9.05], "rotation": [-16, 0, 0], "uv": [87, 86]},
						{"origin": [-1, 30.25, 12.8], "size": [2, 1, 9.85], "pivot": [-0.75, 31.25, 12.8], "rotation": [-2, 0, 0], "uv": [31, 81]},
						{"origin": [0, 28.5, 8.8], "size": [1, 2.75, 9.85], "pivot": [1, 31.25, 12.8], "rotation": [-1.92963, -0.52596, -15.24114], "uv": [114, 86]},
						{"origin": [0, 29.5, 18.65], "size": [1, 1.75, 4], "pivot": [1, 31.25, 12.8], "rotation": [-1.92963, -0.52596, -15.24114], "uv": [74, 73]},
						{"origin": [-1, 29.5, 18.65], "size": [1, 1.75, 4], "pivot": [-1, 31.25, 12.8], "rotation": [-1.92963, 0.52596, 15.24114], "uv": [61, 73]},
						{"origin": [-1, 28.5, 8.8], "size": [1, 2.75, 9.85], "pivot": [-1, 31.25, 12.8], "rotation": [-1.92963, 0.52596, 15.24114], "uv": [109, 113]},
						{"origin": [-2, 31.5, 9.05], "size": [1.75, 1, 6], "pivot": [-2, 32.5, 9.05], "rotation": [-16.18905, 8.64863, -2.49976], "uv": [91, 120]},
						{"origin": [0.25, 31.5, 9.05], "size": [1.75, 1, 6], "pivot": [2, 32.5, 9.05], "rotation": [-16.18905, -8.64863, 2.49976], "uv": [95, 60]},
						{"origin": [-2, 18.5, 5], "size": [4, 3, 13], "pivot": [0, 18.5, 5], "rotation": [41.75, 0, 0], "uv": [184, 125]},
						{"origin": [1, 20.725, 3], "size": [1, 3, 11.2], "pivot": [2, 20.725, 3], "rotation": [39.50879, 14.76303, -17.17257], "uv": [61, 67]},
						{"origin": [-2, 20.725, 3], "size": [1, 3, 11.2], "pivot": [-2, 20.725, 3], "rotation": [39.50879, -14.76303, 17.17257], "uv": [31, 67]},
						{"origin": [-2.25, 18.5, 5], "size": [4.5, 3, 2.65], "inflate": 0.001, "pivot": [0, 18.5, 5], "rotation": [41.75, 0, 0], "uv": [117, 77]},
						{"origin": [-2.25, 18.5, 7.5], "size": [4.5, 2, 1.275], "inflate": 0.002, "pivot": [0, 18.5, 5], "rotation": [41.75, 0, 0], "uv": [16, 32]},
						{"origin": [-2, 25.4, 12.7], "size": [4, 4, 2], "inflate": 0.001, "uv": [12, 108]},
						{"origin": [0, 25.4, 14.7], "size": [2, 4, 7.925], "inflate": 0.001, "pivot": [2, 25.4, 14.7], "rotation": [0, -3.75, 0], "uv": [122, 27]},
						{"origin": [-1.5, 16.35, 39.25], "size": [3, 12.5, 1.025], "pivot": [1.5, 28.85, 39.25], "rotation": [-15, 0, 0], "uv": [86, 30]},
						{"origin": [-1.5, 16.35, 35.25], "size": [3, 9.5, 4.025], "inflate": 0.002, "pivot": [1.5, 28.85, 39.25], "rotation": [-15, 0, 0], "uv": [64, 0]},
						{"origin": [-1.5, 25.35, 34.25], "size": [3, 3.5, 5.025], "inflate": -0.001, "uv": [26, 110]},
						{"origin": [-1, 28.575, 22.2], "size": [2, 2.325, 18.025], "inflate": 0.001, "uv": [168, 46]},
						{"origin": [0, 28.575, 22.2], "size": [1, 2.325, 18.025], "pivot": [1, 30.9, 40.2], "rotation": [0, 0, -12], "uv": [126, 180]},
						{"origin": [-1, 28.575, 22.2], "size": [1, 2.325, 18.025], "pivot": [-1, 30.9, 40.2], "rotation": [0, 0, 12], "uv": [177, 148]},
						{"origin": [-1.5, 24.95, 22.5], "size": [3, 3.9, 12.175], "inflate": 0.001, "pivot": [1.5, 28.85, 34.25], "rotation": [-2.5, 0, 0], "uv": [0, 190]},
						{"origin": [-1.5, 17.55, 22.15], "size": [3, 3.9, 12.575], "pivot": [1.5, 21.45, 33.9], "rotation": [-37.75, 0, 0], "uv": [188, 185]},
						{"origin": [-1.5, 21.45, 27.15], "size": [3, 4, 6.575], "pivot": [1.5, 21.45, 33.9], "rotation": [-37.75, 0, 0], "uv": [94, 96]},
						{"origin": [-2, 25.4, 14.7], "size": [2, 4, 7.925], "pivot": [-2, 25.4, 14.7], "rotation": [0, 3.75, 0], "uv": [80, 120]},
						{"origin": [-1.75, 3.75, 0], "size": [3.5, 9.25, 5.75], "inflate": 0.001, "pivot": [1, 13, 0], "rotation": [15, 0, 0], "uv": [117, 60]},
						{"origin": [-1.75, 13.25, 3.55], "size": [3.5, 1.25, 2], "inflate": -0.001, "pivot": [1, 14.5, 5.55], "rotation": [-70, 0, 0], "uv": [31, 74]},
						{"origin": [-1.5, 14.4, -1.6], "size": [3, 4.5, 2], "inflate": -0.099, "uv": [74, 67]},
						{"origin": [-0.65, 15.75, -3.25], "size": [1, 4, 1], "inflate": -0.1, "pivot": [-0.15, 15.75, -2.25], "rotation": [21.5, 0, 0], "uv": [80, 4]},
						{"origin": [-1.5, 14.55, -2.3], "size": [3, 1.5, 1.8], "inflate": -0.1, "pivot": [1.5, 14.65, -0.6], "rotation": [39, 0, 0], "uv": [0, 5]},
						{"origin": [-1.5, 13.55, -6.55], "size": [3, 1, 4.8], "inflate": -0.099, "uv": [63, 30]},
						{"origin": [-1.5, 14.1, -5.15], "size": [3, 1, 3.4], "inflate": -0.101, "pivot": [1.5, 14.2, -1.85], "rotation": [9.75, 0, 0], "uv": [0, 61]},
						{"origin": [-1.5, 13.55, -8.85], "size": [3, 1, 2.5], "inflate": -0.1, "pivot": [1.5, 13.65, -6.45], "rotation": [-41, 0, 0], "uv": [67, 23]},
						{"origin": [-1.5, 15.05, -11.575], "size": [3, 1, 3.5], "inflate": -0.099, "pivot": [1.5, 15.15, -8.175], "rotation": [-90, 0, 0], "uv": [12, 61]},
						{"origin": [-0.05, 27.045, -62], "size": [2, 1, 23], "inflate": -0.001, "pivot": [0.35, 28.015, -62], "rotation": [0, 0, 27], "uv": [117, 53]},
						{"origin": [-0.05, 27.045, -39], "size": [2, 1, 3], "inflate": -0.001, "pivot": [0.35, 28.015, -39], "rotation": [-7.75, 0, 27], "uv": [73, 30]},
						{"origin": [-1.95, 27.045, -39], "size": [2, 1, 3], "inflate": -0.001, "pivot": [-0.35, 28.015, -39], "rotation": [-7.75, 0, -27], "uv": [43, 61]},
						{"origin": [-1.95, 27.045, -62], "size": [2, 1, 23], "inflate": -0.001, "pivot": [-0.35, 28.015, -62], "rotation": [0, 0, -27], "uv": [55, 96]},
						{"origin": [0.15, 27.045, -67], "size": [2.75, 1, 5], "inflate": -0.001, "pivot": [0.35, 28.015, -62], "rotation": [10, 0, 27], "uv": [107, 17]},
						{"origin": [-2.9, 27.045, -67], "size": [2.75, 1, 5], "inflate": -0.001, "pivot": [-0.35, 28.015, -62], "rotation": [10, 0, -27], "uv": [97, 53]},
						{"origin": [0.45, 23.95, -62], "size": [1, 1, 23], "pivot": [3.2, 23.95, -62], "rotation": [0, 0, -51.5], "uv": [134, 110]},
						{"origin": [0.45, 23.95, -39], "size": [1, 1, 3], "pivot": [3.2, 23.95, -39], "rotation": [8, 0, -51.5], "uv": [80, 0]},
						{"origin": [-1.45, 23.95, -39], "size": [1, 1, 3], "pivot": [-3.2, 23.95, -39], "rotation": [8, 0, 51.5], "uv": [15, 75]},
						{"origin": [-1.5, 21.8, -62], "size": [2.95, 1, 23], "uv": [114, 86]},
						{"origin": [-1.2, 21.8, -39], "size": [2.35, 1, 3], "pivot": [1.45, 21.8, -39], "rotation": [5, 0, 0], "uv": [33, 61]},
						{"origin": [-1.5, 21.8, -66.9], "size": [2.95, 1, 4.9], "pivot": [1.45, 21.8, -62], "rotation": [-10, 0, 0], "uv": [90, 114]},
						{"origin": [-1.45, 23.95, -62], "size": [1, 1, 23], "pivot": [-3.2, 23.95, -62], "rotation": [0, 0, 51.5], "uv": [0, 123]}
					]
				},
				{
					"name": "left",
					"parent": "gun",
					"pivot": [3.2, 23.95, -62],
					"cubes": [
						{"origin": [1.75, 27.245, -62.2], "size": [1.35, 1, 23.4], "inflate": -0.2, "pivot": [0.35, 28.015, -62], "rotation": [0, 0, 27], "uv": [122, 24]},
						{"origin": [2.4, 23.75, -62.2], "size": [1, 3.4, 23.4], "inflate": -0.2, "pivot": [3.2, 23.95, -62], "rotation": [0, 0, -11], "uv": [109, 114]},
						{"origin": [2.4, 23.75, -39.2], "size": [1, 1.6, 3.4], "inflate": -0.199, "pivot": [3.2, 23.95, -39], "rotation": [6.02509, -5.22116, -11.5503], "uv": [66, 40]},
						{"origin": [2.4, 24.65, -39.6], "size": [1, 1.6, 3.4], "inflate": -0.2, "pivot": [3.2, 23.95, -39], "rotation": [-6.97491, -5.22116, -11.5503], "uv": [59, 30]},
						{"origin": [1.25, 23.75, -62.2], "size": [2.15, 1, 23.4], "inflate": -0.2, "pivot": [3.2, 23.95, -62], "rotation": [0, 0, -51.5], "uv": [82, 113]},
						{"origin": [2, 23.75, -39], "size": [1.4, 1, 3.2], "inflate": -0.2, "pivot": [3.2, 23.95, -39], "rotation": [8, 0, -51.5], "uv": [53, 36]}
					]
				},
				{
					"name": "right",
					"parent": "gun",
					"pivot": [-3.2, 23.95, -62],
					"cubes": [
						{"origin": [-3.1, 27.245, -62.2], "size": [1.35, 1, 23.4], "inflate": -0.2, "pivot": [-0.35, 28.015, -62], "rotation": [0, 0, -27], "uv": [55, 120]},
						{"origin": [-3.4, 23.75, -62.2], "size": [1, 3.4, 23.4], "inflate": -0.2, "pivot": [-3.2, 23.95, -62], "rotation": [0, 0, 11], "uv": [97, 27]},
						{"origin": [-3.4, 23.75, -62.2], "size": [2.15, 1, 23.4], "inflate": -0.2, "pivot": [-3.2, 23.95, -62], "rotation": [0, 0, 51.5], "uv": [107, 0]},
						{"origin": [-3.4, 24.65, -39.6], "size": [1, 1.6, 3.4], "inflate": -0.2, "pivot": [-3.2, 23.95, -39], "rotation": [-6.97491, 5.22116, 11.5503], "uv": [53, 40]},
						{"origin": [-3.4, 23.75, -39.2], "size": [1, 1.6, 3.4], "inflate": -0.199, "pivot": [-3.2, 23.95, -39], "rotation": [6.02509, 5.22116, 11.5503], "uv": [66, 36]},
						{"origin": [-3.4, 23.75, -39], "size": [1.4, 1, 3.2], "inflate": -0.2, "pivot": [-3.2, 23.95, -39], "rotation": [8, 0, 51.5], "uv": [44, 74]}
					]
				},
				{
					"name": "glowy",
					"parent": "gun",
					"pivot": [1.575, 25.875, -61.5],
					"cubes": [
						{"origin": [1.55, 23.8, -61.5], "size": [1.05, 3, 22], "pivot": [2.6, 23.8, -61.5], "rotation": [0, 0, -11], "uv": [105, 140]},
						{"origin": [-1.55, 22.6, -61.5], "size": [3.05, 1, 22], "uv": [28, 120]},
						{"origin": [0.65, 23.8, -61.5], "size": [1.95, 1, 22], "pivot": [2.6, 23.8, -61.5], "rotation": [0, 0, -51.5], "uv": [52, 144]},
						{"origin": [-2.6, 23.8, -61.5], "size": [1.05, 3, 22], "pivot": [-2.6, 23.8, -61.5], "rotation": [0, 0, 11], "uv": [81, 137]},
						{"origin": [-2.6, 23.8, -61.5], "size": [1.95, 1, 22], "pivot": [-2.6, 23.8, -61.5], "rotation": [0, 0, 51.5], "uv": [144, 48]},
						{"origin": [-1.575, 25.875, -61.5], "size": [2.05, 1, 22], "pivot": [-1.575, 25.875, -61.5], "rotation": [0, 0, -27], "uv": [134, 0]},
						{"origin": [-0.475, 25.875, -61.5], "size": [2.05, 1, 22], "pivot": [1.575, 25.875, -61.5], "rotation": [0, 0, 27], "uv": [135, 134]}
					]
				},
				{
					"name": "claw",
					"parent": "gun",
					"pivot": [5.875, 12.725, -33],
					"cubes": [
						{"origin": [-3.925, 14.075, -33.75], "size": [10.9, 2.05, 1.45], "inflate": -0.1, "pivot": [6.875, 17.725, -33.55], "rotation": [0, 0, -47.75], "uv": [-3, 32]}
					]
				},
				{
					"name": "claw2",
					"parent": "gun",
					"pivot": [9.45, 16.225, -33],
					"cubes": [
						{"origin": [1.65, 14.575, -33.55], "size": [4.6, 1.45, 1.05], "inflate": -0.1, "pivot": [5.45, 17.625, -33.65], "rotation": [0, 0, -124.75], "uv": [49, 11]}
					]
				},
				{
					"name": "action",
					"parent": "gun",
					"pivot": [1.1, 23.9, -17.6],
					"cubes": [
						{"origin": [0, 24.15, -20.35], "size": [1.5, 1, 8.5], "inflate": 0.001, "uv": [109, 124]},
						{"origin": [0.9, 24.15, -20.35], "size": [1, 1, 8.5], "pivot": [1.25, 23.9, -17.6], "rotation": [0, -4, 0], "uv": [122, 38]},
						{"origin": [-0.75, 24.05, -10.6], "size": [2, 2, 7.5], "uv": [25, 123]},
						{"origin": [-0.25, 26.05, -10.6], "size": [1, 1, 9.5], "uv": [61, 81]},
						{"origin": [-0.75, 24.1, -12.2], "size": [2, 1, 1.6], "inflate": -0.001, "pivot": [1.1, 24.05, -10.65], "rotation": [-44, 0, 0], "uv": [23, 77]},
						{"origin": [-0.85, 25.05, -14.6], "size": [2.2, 1.1, 4.1], "inflate": -0.1, "uv": [82, 113]}
					]
				},
				{
					"name": "mag",
					"parent": "gun",
					"pivot": [4.75, 15.5, -35],
					"cubes": [
						{"origin": [4.65, 15.7, -36.4], "size": [4, 4, 6.8], "inflate": -0.3, "pivot": [7.65, 15.7, -35.4], "rotation": [0, 0, -30], "uv": [56, 108]},
						{"origin": [5.65, 16.7, -30.67], "size": [2, 2, 1], "inflate": -0.2, "pivot": [7.65, 15.7, -35.125], "rotation": [0, 0, -30], "uv": [223, 124]},
						{"origin": [5.15, 17.2, -30.67], "size": [3, 1, 1], "inflate": -0.201, "pivot": [7.65, 15.7, -35.125], "rotation": [0, 0, -30], "uv": [224, 134]}
					]
				},
				{
					"name": "glowy2",
					"parent": "mag",
					"pivot": [7.65, 15.7, -35.125],
					"cubes": [
						{"origin": [5.15, 16.2, -31.375], "size": [3, 3, 1.8], "inflate": -0.3, "pivot": [7.65, 15.7, -35.125], "rotation": [0, 0, -30], "uv": [169, 112]}
					]
				},
				{
					"name": "mag2",
					"parent": "gun",
					"pivot": [-0.9, 23.325, -43],
					"cubes": [
						{"origin": [-1, 23.525, -44.4], "size": [4, 4, 6.8], "inflate": -0.3, "pivot": [2, 23.525, -43.4], "rotation": [0, 0, -30], "uv": [56, 108]},
						{"origin": [0, 24.525, -38.67], "size": [2, 2, 1], "inflate": -0.2, "pivot": [2, 23.525, -43.125], "rotation": [0, 0, -30], "uv": [223, 124]},
						{"origin": [-0.5, 25.025, -38.67], "size": [3, 1, 1], "inflate": -0.201, "pivot": [2, 23.525, -43.125], "rotation": [0, 0, -30], "uv": [224, 134]}
					]
				},
				{
					"name": "glowy3",
					"parent": "mag2",
					"pivot": [2, 23.525, -43.125],
					"cubes": [
						{"origin": [-0.5, 24.025, -39.375], "size": [3, 3, 1.8], "inflate": -0.3, "pivot": [2, 23.525, -43.125], "rotation": [0, 0, -30], "uv": [169, 112]}
					]
				},
				{
					"name": "rightarm",
					"parent": "main",
					"pivot": [-4.3, 8.8, 21.8],
					"rotation": [-101.81106, -12.40003, -2.46982],
					"cubes": [
						{"origin": [-8.3, -15.2, 17.8], "size": [8, 24, 8], "uv": [38, 167]}
					]
				},
				{
					"name": "leftarm",
					"parent": "main",
					"pivot": [10.7, 1.175, 0.975],
					"rotation": [-126.8944, -1.20665, -39.23453],
					"cubes": [
						{"origin": [6.7, -22.825, -3.025], "size": [8, 24, 8], "uv": [0, 0]}
					]
				},
				{
					"name": "muzzleflash",
					"parent": "main",
					"pivot": [0, 24.65, -67.95],
					"cubes": [
						{"origin": [-0.5, 24.15, -68.25], "size": [1, 1, 1], "inflate": -0.4, "uv": [47, 49]}
					]
				},
				{
					"name": "scope",
					"parent": "main",
					"pivot": [12, 37.35, 6.45],
					"cubes": [
						{"origin": [11.5, 36.85, 6.15], "size": [1, 1, 1], "inflate": -0.4, "uv": [40, 35]}
					]
				},
				{
					"name": "reticle",
					"parent": "main",
					"pivot": [12, 37.35, -10.8],
					"cubes": [
						{"origin": [11.5, 36.85, -12.5], "size": [1, 1, 1], "uv": [32, 34]}
					]
				},
				{
					"name": "_camera_",
					"pivot": [6.825, 33.725, 26.45]
				}
			]
		}
	]
}