{
	"format_version": "1.12.0",
	"minecraft:geometry": [
		{
			"description": {
				"identifier": "geometry.unknown",
				"texture_width": 350,
				"texture_height": 350,
				"visible_bounds_width": 11,
				"visible_bounds_height": 6,
				"visible_bounds_offset": [0, 1, 0]
			},
			"bones": [
				{
					"name": "bb_main",
					"pivot": [0, 0, 0]
				},
				{
					"name": "main",
					"pivot": [0, 20, 0]
				},
				{
					"name": "gun",
					"parent": "main",
					"pivot": [0, 20, 0],
					"cubes": [
						{"origin": [-1.75, 15, -2.35], "size": [1, 2, 6], "inflate": -0.002, "uv": [14, 48]},
						{"origin": [-1.65, 16.9, -2.45], "size": [1, 2, 2], "inflate": -0.1, "uv": [59, 53]},
						{"origin": [-1.75, 17, -2.35], "size": [1, 2, 1], "inflate": -0.003, "pivot": [-0.75, 17, -2.35], "rotation": [-59.5, 0, 0], "uv": [0, 39]},
						{"origin": [-1.75, 15, -0.6], "size": [2, 4, 5], "inflate": -0.001, "uv": [15, 14]},
						{"origin": [-1.75, 16.7, 2.4], "size": [2, 4, 2], "inflate": -0.002, "pivot": [-0.75, 16.7, 3.4], "rotation": [-41, 0, 0], "uv": [67, 42]},
						{"origin": [-0.25, 16.7, 2.4], "size": [2, 4, 2], "inflate": -0.001, "pivot": [0.75, 16.7, 3.4], "rotation": [-41, 0, 0], "uv": [32, 66]},
						{"origin": [-2, 19, -22.1], "size": [1, 3, 25], "inflate": 0.003, "uv": [0, 99]},
						{"origin": [-2.25, 19.1, -21.6], "size": [1, 1, 1.5], "inflate": 0.001, "pivot": [-2.25, 19.1, -21.6], "rotation": [0, -14.75, 0], "uv": [39, 19]},
						{"origin": [1, 19, -22.1], "size": [1, 3, 25], "inflate": 0.003, "uv": [67, 94]},
						{"origin": [-1.9, 17.9, -22], "size": [1, 1, 2], "inflate": 0.1, "pivot": [-2, 19, -20], "rotation": [0, 0, -31], "uv": [23, 69]},
						{"origin": [-1.275, 18.075, -22], "size": [2.55, 1, 2], "inflate": 0.102, "uv": [85, 25]},
						{"origin": [-1.275, 18.075, -10], "size": [2.55, 1, 10], "inflate": 0.102, "uv": [0, 48]},
						{"origin": [-1.275, 17.525, 4.875], "size": [2.55, 1, 2], "inflate": 0.102, "pivot": [-1.375, 18.625, 5.875], "rotation": [-11.25, 0, 0], "uv": [53, 81]},
						{"origin": [-2.1, 18.1, -20], "size": [1, 1, 10], "inflate": -0.1, "pivot": [-2, 19, -10.1], "rotation": [0, 0, -31], "uv": [67, 42]},
						{"origin": [-1.9, 17.9, -10], "size": [1, 1, 13], "inflate": 0.1, "pivot": [-2, 19, 3], "rotation": [0, 0, -31], "uv": [0, 14]},
						{"origin": [0.9, 17.9, -22], "size": [1, 1, 2], "inflate": 0.1, "pivot": [2, 19, -20], "rotation": [0, 0, 31], "uv": [14, 69]},
						{"origin": [1.1, 18.1, -20], "size": [1, 1, 10], "inflate": -0.1, "pivot": [2, 19, -10.1], "rotation": [0, 0, 31], "uv": [67, 31]},
						{"origin": [0.9, 17.9, -10], "size": [1, 1, 13], "inflate": 0.1, "pivot": [2, 19, 3], "rotation": [0, 0, 31], "uv": [0, 0]},
						{"origin": [0.9, 17.9, 2.9], "size": [1, 1, 4], "inflate": 0.1, "pivot": [2, 19, 3], "rotation": [-9.45952, 5.63978, 30.533], "uv": [67, 31]},
						{"origin": [-1.9, 17.9, 2.9], "size": [1, 1, 4], "inflate": 0.1, "pivot": [-2, 19, 3], "rotation": [-9.45952, -5.63978, -30.533], "uv": [67, 16]},
						{"origin": [-2, 19, 2], "size": [4, 2, 5], "inflate": 0.002, "pivot": [-0.75, 19, 2.9], "rotation": [-10.75, 0, 0], "uv": [67, 22]},
						{"origin": [-2, 17.9, 6.875], "size": [4, 2, 1], "inflate": -0.001, "pivot": [-0.75, 19.9, 7.875], "rotation": [-22.75, 0, 0], "uv": [0, 54]},
						{"origin": [-2, 16.9, 4.625], "size": [4, 3, 3.25], "pivot": [-0.75, 19.9, 7.875], "rotation": [-77.25, 0, 0], "uv": [78, 66]},
						{"origin": [-2, 22.075, 6.175], "size": [4, 1, 1], "inflate": -0.002, "pivot": [-0.75, 23.075, 7.175], "rotation": [-48.75, 0, 0], "uv": [10, 28]},
						{"origin": [-2, 19.825, 2.025], "size": [4, 4, 4.5], "inflate": 0.001, "pivot": [-2, 23.825, 6.525], "rotation": [-14.5, 0, 0], "uv": [79, 11]},
						{"origin": [-0.625, 23.725, 5.3], "size": [1.25, 1.75, 1], "inflate": -0.1, "pivot": [0.875, 23.725, 6.3], "rotation": [28, 0, 0], "uv": [0, 48]},
						{"origin": [-0.625, 24.65, 2.575], "size": [1.25, 1.75, 1], "inflate": -0.1, "pivot": [0.875, 24.65, 2.575], "rotation": [-52.5, 0, 0], "uv": [35, 45]},
						{"origin": [-0.625, 25.2, 4.55], "size": [1.25, 1.75, 1], "inflate": -0.099, "pivot": [0.875, 25.2, 5.55], "rotation": [73.25, 0, 0], "uv": [41, 45]},
						{"origin": [-2, 23.975, 0.1], "size": [4, 1, 2], "inflate": -0.002, "pivot": [-0.75, 24.975, 2.1], "rotation": [43.5, 0, 0], "uv": [12, 59]},
						{"origin": [-2, 23, -11.2], "size": [3, 1.5, 10], "uv": [35, 43]},
						{"origin": [-1.95, 22.725, -11], "size": [1, 1, 10], "pivot": [-3.7, 21.225, -6], "rotation": [0, 0, 11], "uv": [67, 0]},
						{"origin": [-2, 22, -6.2], "size": [3, 1, 5], "uv": [79, 31]},
						{"origin": [-2.25, 22.25, -5.7], "size": [1, 1, 1], "inflate": -0.2, "pivot": [-4, 22.25, -4.7], "rotation": [-22.5, 0, 0], "uv": [53, 2]},
						{"origin": [-2.25, 19.5, -3.95], "size": [1, 1, 1], "inflate": -0.2, "pivot": [-4, 19.5, -2.95], "rotation": [-22.5, 0, 0], "uv": [53, 0]},
						{"origin": [-2.25, 19.25, -14.45], "size": [1, 1, 1], "inflate": -0.2, "pivot": [-4, 19.25, -13.45], "rotation": [-22.5, 0, 0], "uv": [51, 47]},
						{"origin": [1.25, 19.25, -14.45], "size": [1, 1, 1], "inflate": -0.2, "pivot": [4, 19.25, -13.45], "rotation": [-22.5, 0, 0], "uv": [6, 48]},
						{"origin": [1.25, 22.25, -5.7], "size": [1, 1, 1], "inflate": -0.2, "pivot": [4, 22.25, -4.7], "rotation": [-22.5, 0, 0], "uv": [0, 50]},
						{"origin": [1.25, 19.5, -3.95], "size": [1, 1, 1], "inflate": -0.2, "pivot": [4, 19.5, -2.95], "rotation": [-22.5, 0, 0], "uv": [6, 50]},
						{"origin": [-1, 24.5, -22.1], "size": [2, 1, 21], "uv": [133, 0]},
						{"origin": [-2.25, 25.25, -35.35], "size": [4.5, 1, 13], "uv": [133, 46]},
						{"origin": [0.85, 26.25, -35.35], "size": [1, 1, 11], "uv": [198, 287], "mirror": true},
						{"origin": [-1, 26, -35.35], "size": [2, 1, 11.1], "uv": [172, 293], "mirror": true},
						{"origin": [0.85, 26.25, -36.85], "size": [1, 1, 1.5], "pivot": [1.85, 27.25, -35.35], "rotation": [48, 0, 0], "uv": [163, 285], "mirror": true},
						{"origin": [0.975, 25.175, -35.35], "size": [1.5, 1, 4], "uv": [187, 249], "mirror": true},
						{"origin": [1.175, 24.975, -32.25], "size": [1.5, 1.1, 1.1], "inflate": -0.2, "pivot": [2.475, 25.175, -31.35], "rotation": [-45, 0, 0], "uv": [225, 281], "mirror": true},
						{"origin": [1.375, 25.475, -32.05], "size": [1.5, 1.2, 1.1], "inflate": -0.4, "pivot": [2.475, 25.175, -31.35], "rotation": [-45, 0, 0], "uv": [234, 292], "mirror": true},
						{"origin": [1.375, 25.475, -31.75], "size": [1.5, 1.1, 7.8], "inflate": -0.4, "uv": [246, 280], "mirror": true},
						{"origin": [0.975, 25.175, -24.35], "size": [1.5, 1, 2], "uv": [234, 258], "mirror": true},
						{"origin": [0.85, 25, -25.35], "size": [1, 2.25, 1], "pivot": [1.85, 27.25, -24.35], "rotation": [64.75, 0, 0], "uv": [274, 281], "mirror": true},
						{"origin": [0.85, 25, -25.35], "size": [1, 2.25, 1], "pivot": [1.85, 27.25, -24.35], "rotation": [68.70192, -13.89097, -31.62566], "uv": [254, 299], "mirror": true},
						{"origin": [0.85, 26, -35.35], "size": [1, 1.25, 11], "pivot": [1.85, 27.25, -24.35], "rotation": [0, 0, -30], "uv": [182, 276], "mirror": true},
						{"origin": [1.625, 25.025, -31.45], "size": [1, 1, 7.25], "inflate": -0.15, "pivot": [2.625, 26.025, -24.45], "rotation": [0, 0, 12.25], "uv": [131, 294], "mirror": true},
						{"origin": [-2.625, 25.025, -31.45], "size": [1, 1, 7.25], "inflate": -0.15, "pivot": [-2.625, 26.025, -24.45], "rotation": [0, 0, -12.25], "uv": [131, 294]},
						{"origin": [-1.85, 26.25, -36.85], "size": [1, 1, 1.5], "pivot": [-1.85, 27.25, -35.35], "rotation": [48, 0, 0], "uv": [150, 292]},
						{"origin": [-1.85, 26.25, -35.35], "size": [1, 1, 11], "uv": [152, 298]},
						{"origin": [-1.85, 25, -25.35], "size": [1, 2.25, 1], "pivot": [-1.85, 27.25, -24.35], "rotation": [64.75, 0, 0], "uv": [209, 276]},
						{"origin": [-1, 24.85, -25.25], "size": [2, 2.15, 1], "pivot": [-1, 27, -24.25], "rotation": [64.75, 0, 0], "uv": [171, 284]},
						{"origin": [-1.85, 25, -25.35], "size": [1, 2.25, 1], "pivot": [-1.85, 27.25, -24.35], "rotation": [68.70192, 13.89097, 31.62566], "uv": [228, 303]},
						{"origin": [-1.85, 26, -35.35], "size": [1, 1.25, 11], "pivot": [-1.85, 27.25, -24.35], "rotation": [0, 0, 30], "uv": [130, 276]},
						{"origin": [-2.475, 25.175, -24.35], "size": [1.5, 1, 2], "uv": [218, 290]},
						{"origin": [-2.875, 25.475, -31.75], "size": [1.5, 1.1, 7.8], "inflate": -0.4, "uv": [237, 299]},
						{"origin": [-2.475, 25.175, -35.35], "size": [1.5, 1, 4], "uv": [196, 302]},
						{"origin": [-2.675, 24.975, -32.25], "size": [1.5, 1.1, 1.1], "inflate": -0.2, "pivot": [-2.475, 25.175, -31.35], "rotation": [-45, 0, 0], "uv": [207, 310]},
						{"origin": [-2.875, 25.475, -32.05], "size": [1.5, 1.2, 1.1], "inflate": -0.4, "pivot": [-2.475, 25.175, -31.35], "rotation": [-45, 0, 0], "uv": [259, 277]},
						{"origin": [-2.25, 25.25, -38.1], "size": [4.5, 1, 2.75], "inflate": -0.001, "pivot": [-2.25, 26.25, -35.35], "rotation": [16.5, 0, 0], "uv": [0, 59]},
						{"origin": [-2.25, 25.25, -23.35], "size": [4.5, 1, 1], "inflate": -0.001, "pivot": [-2.25, 26.25, -22.35], "rotation": [15, 0, 0], "uv": [0, 28]},
						{"origin": [-2.25, 23.5, -61.1], "size": [4.5, 2, 39], "inflate": 0.001, "uv": [172, 198]},
						{"origin": [-2.252, 24, -58.6], "size": [4.5, 1, 35], "uv": [223, 234]},
						{"origin": [-2.252, 20.5, -56.6], "size": [4.5, 1, 31], "uv": [179, 239]},
						{"origin": [-2.196, 17.7, -56.6], "size": [4.5, 1, 31], "pivot": [-2.25, 18.7, -25.6], "rotation": [0, 0, -33.25], "uv": [109, 239]},
						{"origin": [-2.304, 17.7, -56.6], "size": [4.5, 1, 31], "pivot": [2.25, 18.7, -25.6], "rotation": [0, 0, 33.25], "uv": [0, 238]},
						{"origin": [-2.248, 20.5, -56.6], "size": [4.5, 1, 31], "uv": [70, 238]},
						{"origin": [-2.248, 24, -58.6], "size": [4.5, 1, 35], "uv": [219, 198]},
						{"origin": [-1.748, 24.51, -57.6], "size": [3.5, 1, 20], "uv": [32, 284]},
						{"origin": [-0.9, 24.75, -60.575], "size": [1, 1, 1], "pivot": [0.1, 24.75, -60.575], "rotation": [0, 32.75, 0], "uv": [8, 7]},
						{"origin": [-2.25, 24.5, -63.1], "size": [4.5, 1, 2], "inflate": -0.001, "pivot": [-2.25, 25.5, -61.1], "rotation": [59.5, 0, 0], "uv": [51, 50]},
						{"origin": [-2.25, 18.8, -23.1], "size": [4.5, 5.7, 1], "uv": [54, 33]},
						{"origin": [-2.25, 18.8, -62.1], "size": [4.5, 2.95, 39], "uv": [86, 197]},
						{"origin": [-2, 21.75, -62.1], "size": [4, 2, 39], "uv": [0, 197]},
						{"origin": [-2.25, 17, -61.1], "size": [1, 1.8, 39], "pivot": [-2.25, 18.8, -22.1], "rotation": [0, 0, -33.25], "uv": [202, 132]},
						{"origin": [1.25, 17, -61.1], "size": [1, 1.8, 39], "pivot": [2.25, 18.8, -22.1], "rotation": [0, 0, 33.25], "uv": [200, 66]},
						{"origin": [-1.25, 17.3, -61.1], "size": [2.5, 1, 39], "inflate": 0.001, "uv": [199, 0]},
						{"origin": [1, 24.5, -22.1], "size": [1.425, 1, 21], "inflate": -0.001, "pivot": [1, 25.5, -6.1], "rotation": [0, 0, 45], "uv": [133, 66]},
						{"origin": [1, 24.5, -1.1], "size": [1.35, 1, 5], "pivot": [1, 25.5, -1.1], "rotation": [-8.72835, 8.6288, 43.34024], "uv": [84, 19]},
						{"origin": [-2.35, 24.5, -1.1], "size": [1.35, 1, 5], "pivot": [-1, 25.5, -1.1], "rotation": [-8.72835, -8.6288, -43.34024], "uv": [0, 21]},
						{"origin": [-2.425, 24.5, -11.2], "size": [1.425, 1, 10.1], "inflate": -0.001, "pivot": [-1, 25.5, -6.1], "rotation": [0, 0, -45], "uv": [67, 11]},
						{"origin": [-2.425, 24.5, -22.1], "size": [1.425, 1, 2], "inflate": -0.001, "pivot": [-1, 25.5, -20.1], "rotation": [0, 0, -45], "uv": [67, 56]},
						{"origin": [-2, 24.5, -20.1], "size": [1, 1, 8.9], "inflate": -0.001, "pivot": [-1, 25.5, -11.1], "rotation": [0, 0, -45], "uv": [43, 76]},
						{"origin": [-1, 24.5, -1.1], "size": [2, 1, 5], "pivot": [-1, 25.5, -1.1], "rotation": [-12.5, 0, 0], "uv": [79, 42]},
						{"origin": [-2, 21.5, -1.2], "size": [4, 3, 5], "inflate": -0.001, "pivot": [-3.75, 24.5, -1.2], "rotation": [-11.5, 0, 0], "uv": [47, 85]},
						{"origin": [-2, 21.5, -22.1], "size": [3, 3, 2], "uv": [67, 36]},
						{"origin": [1, 21.5, -22.1], "size": [1, 3, 21], "uv": [133, 22]},
						{"origin": [-1.75, 4.025, -0.525], "size": [3, 11, 4], "inflate": 0.001, "pivot": [1.25, 15.025, -0.525], "rotation": [18.5, 0, 0], "uv": [0, 77]},
						{"origin": [-1.75, 4.875, 1.175], "size": [3, 1, 6], "inflate": -0.001, "pivot": [1.25, 4.875, 7.175], "rotation": [4, 0, 0], "uv": [67, 53]},
						{"origin": [-1.75, 5.425, 1.125], "size": [2, 2, 1.25], "inflate": -0.002, "pivot": [1.25, 5.425, 1.125], "rotation": [-39.75, 0, 0], "uv": [67, 53]},
						{"origin": [-0.25, 5.425, 1.125], "size": [2, 2, 1.25], "inflate": -0.001, "pivot": [-1.25, 5.425, 1.125], "rotation": [-39.75, 0, 0], "uv": [58, 66]},
						{"origin": [-1.75, 4.025, 3.175], "size": [3, 11, 1], "pivot": [1.25, 15.025, -0.525], "rotation": [18.5, 0, 0], "uv": [0, 0]},
						{"origin": [-1.75, 6.125, 5.475], "size": [3, 4, 2], "inflate": -0.001, "pivot": [1.25, 10.025, 7.475], "rotation": [16.75, 0, 0], "uv": [0, 66]},
						{"origin": [-1.75, 10.125, 5.475], "size": [3, 5, 2], "inflate": -0.002, "pivot": [1.25, 10.025, 7.475], "rotation": [33, 0, 0], "uv": [32, 12]},
						{"origin": [-1.35, 16.9, -2.45], "size": [3, 2, 2], "inflate": -0.101, "uv": [35, 49]},
						{"origin": [-1.25, 15, -2.35], "size": [3, 2, 6], "inflate": -0.001, "uv": [67, 77]},
						{"origin": [0.75, 17, -2.35], "size": [1, 2, 1], "inflate": -0.003, "pivot": [0.75, 17, -2.35], "rotation": [-59.5, 0, 0], "uv": [6, 33]},
						{"origin": [-0.25, 15, -0.6], "size": [2, 4, 5], "uv": [15, 0]},
						{"origin": [-0.25, 4.025, -0.525], "size": [2, 11, 4], "inflate": 0.002, "pivot": [-1.25, 15.025, -0.525], "rotation": [18.5, 0, 0], "uv": [14, 77]},
						{"origin": [-0.25, 4.025, 3.175], "size": [2, 11, 1], "inflate": 0.001, "pivot": [-1.25, 15.025, -0.525], "rotation": [18.5, 0, 0], "uv": [85, 77]},
						{"origin": [-0.25, 6.125, 5.475], "size": [2, 4, 2], "pivot": [-1.25, 10.025, 7.475], "rotation": [16.75, 0, 0], "uv": [67, 66]},
						{"origin": [-0.25, 10.125, 5.475], "size": [2, 5, 2], "inflate": -0.001, "pivot": [-1.25, 10.025, 7.475], "rotation": [33, 0, 0], "uv": [45, 12]},
						{"origin": [-0.25, 4.875, 1.175], "size": [2, 1, 6], "pivot": [-1.25, 4.875, 7.175], "rotation": [4, 0, 0], "uv": [49, 54]},
						{"origin": [-0.5, 15.125, -4.5], "size": [1, 4, 1], "inflate": -0.1, "pivot": [0, 15.125, -3.5], "rotation": [-17.25, 0, 0], "uv": [15, 0]},
						{"origin": [-1.5, 14.15, -5.8], "size": [3, 1, 3], "inflate": -0.2, "pivot": [1.5, 14.35, -3], "rotation": [19.5, 0, 0], "uv": [79, 48]},
						{"origin": [-1.5, 13.3, -7.7], "size": [3, 1, 2.475], "inflate": -0.2, "pivot": [1.5, 13.5, -5.425], "rotation": [-21, 0, 0], "uv": [32, 8]},
						{"origin": [-1.5, 15.5, -8.175], "size": [3, 3, 1], "inflate": -0.2, "uv": [43, 80]},
						{"origin": [-1.5, 16.3, -10.7], "size": [3, 3, 3], "inflate": -0.199, "pivot": [1.5, 16.5, -7.9], "rotation": [-42.25, 0, 0], "uv": [53, 75]},
						{"origin": [-1.5, 14.15, -10.4], "size": [3, 1, 3], "inflate": -0.201, "pivot": [1.5, 14.35, -7.6], "rotation": [-74, 0, 0], "uv": [79, 37]},
						{"origin": [-1.5, 14.15, -3.8], "size": [3, 2, 1], "inflate": -0.201, "pivot": [1.5, 14.35, -3], "rotation": [-49, 0, 0], "uv": [32, 87]},
						{"origin": [-1.25, 18.25, -83.8], "size": [2, 2, 63], "inflate": 0.2, "pivot": [-1.25, 20.25, -83.8], "rotation": [0, 0, -20], "uv": [135, 133]},
						{"origin": [-1.25, 18.25, -69.3], "size": [2, 2, 7], "inflate": 0.6, "pivot": [-1.25, 20.25, -69.3], "rotation": [0, 0, -20], "uv": [47, 66]},
						{"origin": [0.425, 24.195, -86], "size": [1.2, 1, 64], "pivot": [0.075, 25.165, -77], "rotation": [0, 0, 37.75], "uv": [133, 1]},
						{"origin": [-0.6, 24.22, -86.25], "size": [1.2, 1, 65], "inflate": -0.25, "uv": [0, 66]},
						{"origin": [-0.95, 22.27, -86.025], "size": [1.925, 1, 65], "uv": [0, 0]},
						{"origin": [-1.625, 24.195, -86], "size": [1.2, 1, 64], "inflate": -0.001, "pivot": [-0.075, 25.165, -77], "rotation": [0, 0, -37.75], "uv": [67, 0]},
						{"origin": [0.5, 23.25, -86], "size": [1, 1, 64], "inflate": 0.001, "pivot": [1.5, 23.25, -77], "rotation": [0, 0, -11], "uv": [134, 67]},
						{"origin": [-1.5, 23.25, -86], "size": [1, 1, 64], "inflate": 0.001, "pivot": [-1.5, 23.25, -77], "rotation": [0, 0, 11], "uv": [68, 131]},
						{"origin": [-1.5, 23.25, -86], "size": [1.1, 1, 64], "pivot": [-1.5, 23.25, -77], "rotation": [0, 0, 61.5], "uv": [0, 132]},
						{"origin": [0.4, 23.25, -86], "size": [1.1, 1, 64], "pivot": [1.5, 23.25, -77], "rotation": [0, 0, -61.5], "uv": [67, 66]},
						{"origin": [-0.6, 24.975, -78.85], "size": [1.2, 3.35, 2.5], "inflate": -0.399, "uv": [7, 14]},
						{"origin": [-0.6, 26.525, -77.675], "size": [1.2, 2.25, 4], "inflate": -0.4, "pivot": [0.6, 27.825, -77.525], "rotation": [-111.75, 0, 0], "uv": [0, 48]},
						{"origin": [-1.05, 24.425, -79.8], "size": [2, 1.55, 3.3], "inflate": -0.201, "uv": [32, 19]},
						{"origin": [-3.005, 23.85, -34.95], "size": [8.55, 9.25, 13], "inflate": -4, "pivot": [5.15, 28.75, -35.55], "rotation": [0, 0, -30], "uv": [79, 282]},
						{"origin": [-2.298, 14.85, -36.1], "size": [8.55, 10.75, 18], "inflate": -4, "uv": [163, 317]},
						{"origin": [-6.252, 14.85, -36.1], "size": [8.55, 10.75, 18], "inflate": -4, "uv": [163, 317], "mirror": true},
						{"origin": [-1.437, 20.7, -32.225], "size": [8.55, 8.725, 11.275], "inflate": -4, "pivot": [5.15, 28.75, -35.95], "rotation": [0, 0, 12.25], "uv": [92, 313]},
						{"origin": [-7.113, 20.7, -32.225], "size": [8.55, 8.725, 11.275], "inflate": -4, "pivot": [-5.15, 28.75, -35.95], "rotation": [0, 0, -12.25], "uv": [92, 313], "mirror": true},
						{"origin": [-5.545, 23.85, -34.95], "size": [8.55, 9.25, 13], "inflate": -4, "pivot": [-5.15, 28.75, -35.55], "rotation": [0, 0, 30], "uv": [79, 282], "mirror": true}
					]
				},
				{
					"name": "rail",
					"parent": "gun",
					"pivot": [-1.95, 25.15, -15.85],
					"cubes": [
						{"origin": [-0.7, 26, -22.3], "size": [2, 1, 15.4], "inflate": -0.2, "uv": [269, 303]},
						{"origin": [-1.3, 26, -22.3], "size": [2, 1, 15.4], "inflate": -0.201, "uv": [298, 308]},
						{"origin": [-0.9, 25.2, -22.1], "size": [1.8, 1, 15], "inflate": -0.001, "uv": [266, 322]},
						{"origin": [-1.4, 25.05, -22.1], "size": [2.8, 1, 15.25], "uv": [302, 278]},
						{"origin": [0.4, 25, -22.1], "size": [1, 1.05, 15.25], "inflate": -0.002, "pivot": [1.4, 26.05, -22.1], "rotation": [0, 0, -32], "uv": [310, 227]},
						{"origin": [-1.4, 25, -22.1], "size": [1, 1.05, 15.25], "inflate": -0.002, "pivot": [-1.4, 26.05, -22.1], "rotation": [0, 0, 32], "uv": [311, 252], "mirror": true},
						{"origin": [0.4, 24.45, -22.1], "size": [1, 1.6, 6.25], "pivot": [1.4, 26.05, -22.1], "rotation": [0, 0, -32], "uv": [306, 222]},
						{"origin": [-3.42, 22.8, -24.95], "size": [8.55, 9.25, 13], "inflate": -4, "pivot": [4.75, 27.525, -25.55], "rotation": [0, 0, -32], "uv": [139, 322]},
						{"origin": [-1.265, 26.875, -24.95], "size": [8.55, 9.25, 13], "inflate": -4, "pivot": [4.75, 27.525, -25.55], "rotation": [0, 0, -90], "uv": [139, 322]},
						{"origin": [-3.42, 23.3, -24.95], "size": [8.55, 8.5, 22], "inflate": -4, "pivot": [4.75, 27.525, -25.55], "rotation": [0, 0, -32], "uv": [276, 129]},
						{"origin": [-5.13, 23.3, -24.95], "size": [8.55, 8.5, 22], "inflate": -4, "pivot": [-4.75, 27.525, -25.55], "rotation": [0, 0, 32], "uv": [276, 129], "mirror": true},
						{"origin": [1.25, 23.7, -22.1], "size": [1, 1, 6.25], "inflate": -0.001, "pivot": [2.25, 24.7, -22.1], "rotation": [0, 0, 24.75], "uv": [304, 253]},
						{"origin": [-1.95, 24.15, -11.1], "size": [1, 1, 4.25], "inflate": -0.001, "uv": [328, 330], "mirror": true},
						{"origin": [0.95, 24.15, -15.85], "size": [1, 1, 9], "inflate": -0.001, "uv": [324, 326]}
					]
				},
				{
					"name": "sight",
					"parent": "gun",
					"pivot": [1, 27.1, -29.35],
					"cubes": [
						{"origin": [-1, 26.1, -32.1], "size": [2, 1, 2.75], "uv": [54, 39]},
						{"origin": [0.3, 26.8, -30.55], "size": [1, 2.25, 1.5], "inflate": -0.299, "pivot": [1, 27.1, -29.35], "rotation": [0, 0, -9.25], "uv": [0, 21]},
						{"origin": [-1, 28.025, -30.55], "size": [2, 1, 1.5], "inflate": -0.3, "uv": [45, 19]},
						{"origin": [-1, 26.8, -30.55], "size": [2, 1, 1.5], "inflate": -0.3, "uv": [20, 28]},
						{"origin": [-1.225, 26.9, -30.55], "size": [1, 1, 1.5], "inflate": -0.301, "pivot": [-0.525, 27.2, -29.35], "rotation": [0, 0, 45], "uv": [6, 39]},
						{"origin": [0.225, 26.9, -30.55], "size": [1, 1, 1.5], "inflate": -0.301, "pivot": [0.525, 27.2, -29.35], "rotation": [0, 0, -45], "uv": [26, 28]},
						{"origin": [0.2, 27.775, -30.55], "size": [1, 1, 1.5], "inflate": -0.301, "pivot": [0.5, 28.075, -29.35], "rotation": [0, 0, -45], "uv": [0, 24]},
						{"origin": [-1.2, 27.775, -30.55], "size": [1, 1, 1.5], "inflate": -0.301, "pivot": [-0.5, 28.075, -29.35], "rotation": [0, 0, 45], "uv": [15, 17]},
						{"origin": [-1.3, 26.8, -30.55], "size": [1, 2.25, 1.5], "inflate": -0.299, "pivot": [-1, 27.1, -29.35], "rotation": [0, 0, 9.25], "uv": [15, 14]},
						{"origin": [-1.3, 27.175, -31.35], "size": [1, 1.25, 2], "inflate": -0.3, "pivot": [-1, 27.1, -29.35], "rotation": [31, 0, 9.25], "uv": [23, 66]},
						{"origin": [0.3, 27.175, -31.35], "size": [1, 1.25, 2], "inflate": -0.3, "pivot": [1, 27.1, -29.35], "rotation": [31, 0, -9.25], "uv": [14, 66]}
					]
				},
				{
					"name": "glowy",
					"parent": "sight",
					"pivot": [0.2, 27.1, -29.275],
					"cubes": [
						{"origin": [-0.5, 27.175, -77.375], "size": [1, 1, 1], "inflate": -0.35, "uv": [107, 46]},
						{"origin": [-0.5, 26.8, -29.975], "size": [1, 1, 1], "inflate": -0.35, "uv": [107, 46]}
					]
				},
				{
					"name": "pump",
					"parent": "gun",
					"pivot": [-1.5, 18.8, -31.85],
					"cubes": [
						{"origin": [1.75, 15.475, -53.35], "size": [1, 2.325, 5.5], "pivot": [2.75, 17.8, -47.85], "rotation": [0, 0, 32], "uv": [0, 14]},
						{"origin": [1.75, 16.425, -62.35], "size": [1, 2.375, 29.5], "pivot": [2.75, 18.8, -31.85], "rotation": [0, 0, 31.75], "uv": [67, 0]},
						{"origin": [0.5, 15.8, -47.85], "size": [1, 2.35, 4], "inflate": 0.001, "pivot": [1.5, 15.8, -47.85], "rotation": [12.55279, -7.80831, 31.38989], "uv": [0, 33]},
						{"origin": [1.75, 18.8, -62.35], "size": [1, 3, 30.5], "inflate": 0.001, "uv": [0, 0]},
						{"origin": [-2.75, 17.8, -53.35], "size": [5.5, 1, 5.5], "inflate": 0.001, "uv": [35, 54]},
						{"origin": [-2.75, 17.8, -62.35], "size": [5.5, 1, 9], "pivot": [-2.75, 17.8, -53.35], "rotation": [-6.25, 0, 0], "uv": [35, 33]},
						{"origin": [0.5, 15.8, -62.35], "size": [1, 2.375, 9], "inflate": 0.001, "pivot": [1.5, 15.8, -53.35], "rotation": [-5, 3.4, 31.86856], "uv": [45, 12]},
						{"origin": [0.75, 18.8, -32.85], "size": [2, 3, 1], "inflate": 0.002, "pivot": [2.75, 21.8, -31.85], "rotation": [0, 0, -13], "uv": [24, 0]},
						{"origin": [0.75, 19.3, -34.85], "size": [2, 2.5, 2], "pivot": [2.75, 21.8, -32.85], "rotation": [0, 17.25, -13], "uv": [67, 48]},
						{"origin": [0.75, 18.925, -34.025], "size": [2, 1, 2], "inflate": 0.001, "pivot": [2.75, 21.8, -32.85], "rotation": [-16.75, 17.25, -13], "uv": [78, 72]},
						{"origin": [-2.75, 17.8, -47.85], "size": [5.5, 1, 4], "pivot": [-2.75, 17.8, -47.85], "rotation": [16, 0, 0], "uv": [67, 85]},
						{"origin": [1.425, 16.275, -35.85], "size": [2, 2.625, 3], "inflate": 0.001, "pivot": [3.425, 18.9, -32.85], "rotation": [0, 23, 31.75], "uv": [67, 5]},
						{"origin": [1.425, 15.4, -35.325], "size": [2, 1.625, 2.9], "pivot": [3.425, 18.9, -32.85], "rotation": [-11, 23, 31.75], "uv": [32, 72]},
						{"origin": [1.425, 15.275, -32.85], "size": [2, 3.625, 1], "pivot": [3.425, 18.9, -31.85], "rotation": [0, 0, 31.75], "uv": [7, 21]},
						{"origin": [-1.5, 15.8, -35.85], "size": [3, 1, 3], "inflate": 0.001, "pivot": [-1.5, 15.8, -32.85], "rotation": [-23.5, 0, 0], "uv": [53, 7]},
						{"origin": [-2.75, 21.8, -59.6], "size": [5.5, 2, 26.25], "uv": [67, 66]},
						{"origin": [-2.75, 20.8, -34.35], "size": [5.5, 1, 2.5], "inflate": -0.001, "pivot": [-2.75, 21.8, -31.85], "rotation": [-21.5, 0, 0], "uv": [15, 23]},
						{"origin": [1.75, 21.8, -63], "size": [1, 2, 3.4], "inflate": -0.001, "pivot": [3.25, 23.8, -59.6], "rotation": [36, 0, 0], "uv": [22, 75]},
						{"origin": [-2.75, 21.8, -63], "size": [1, 2, 3.4], "inflate": -0.001, "pivot": [-3.25, 23.8, -59.6], "rotation": [36, 0, 0], "uv": [32, 76]},
						{"origin": [-2.75, 18.8, -62.35], "size": [1, 3, 30.5], "inflate": 0.001, "uv": [0, 66]},
						{"origin": [-1.5, 15.8, -62.35], "size": [1, 2.375, 9], "inflate": 0.001, "pivot": [-1.5, 15.8, -53.35], "rotation": [-5, -3.4, -31.86856], "uv": [67, 66]},
						{"origin": [-2.75, 16.425, -62.35], "size": [1, 2.375, 29.5], "pivot": [-2.75, 18.8, -31.85], "rotation": [0, 0, -31.75], "uv": [67, 31]},
						{"origin": [-1.5, 16.8, -62.35], "size": [3, 1, 29.5], "inflate": 0.001, "uv": [0, 33]},
						{"origin": [-1.5, 15.8, -62.35], "size": [3, 1, 9], "pivot": [-1.5, 15.8, -53.35], "rotation": [-6.25, 0, 0], "uv": [32, 66]},
						{"origin": [-1.5, 15.8, -53.35], "size": [3, 3, 5.5], "inflate": 0.001, "uv": [79, 0]},
						{"origin": [-2.75, 15.475, -53.35], "size": [1, 2.325, 5.5], "pivot": [-2.75, 17.8, -47.85], "rotation": [0, 0, -32], "uv": [53, 0]},
						{"origin": [-1.5, 15.8, -47.85], "size": [1, 2.35, 4], "inflate": 0.001, "pivot": [-1.5, 15.8, -47.85], "rotation": [12.55279, 7.80831, -31.38989], "uv": [35, 43]},
						{"origin": [-1.5, 15.8, -47.85], "size": [3, 1, 4], "pivot": [-1.5, 15.8, -47.85], "rotation": [16, 0, 0], "uv": [79, 53]},
						{"origin": [-2.75, 19.3, -34.85], "size": [2, 2.5, 2], "pivot": [-2.75, 21.8, -32.85], "rotation": [0, -17.25, 13], "uv": [0, 72]},
						{"origin": [-2.75, 18.925, -34.025], "size": [2, 1, 2], "inflate": 0.001, "pivot": [-2.75, 21.8, -32.85], "rotation": [-16.75, -17.25, 13], "uv": [32, 81]},
						{"origin": [-2.75, 18.8, -32.85], "size": [2, 3, 1], "inflate": 0.002, "pivot": [-2.75, 21.8, -31.85], "rotation": [0, 0, 13], "uv": [51, 43]},
						{"origin": [-3.425, 15.275, -32.85], "size": [2, 3.625, 1], "pivot": [-3.425, 18.9, -31.85], "rotation": [0, 0, -31.75], "uv": [24, 14]},
						{"origin": [-3.425, 16.275, -35.85], "size": [2, 2.625, 3], "inflate": 0.001, "pivot": [-3.425, 18.9, -32.85], "rotation": [0, -23, -31.75], "uv": [67, 11]},
						{"origin": [-3.425, 15.4, -35.325], "size": [2, 1.625, 2.9], "pivot": [-3.425, 18.9, -32.85], "rotation": [-11, -23, -31.75], "uv": [67, 72]},
						{"origin": [-1.5, 15.8, -32.85], "size": [3, 3, 1], "inflate": 0.001, "uv": [43, 76]}
					]
				},
				{
					"name": "action",
					"parent": "gun",
					"pivot": [1, 22, -15],
					"cubes": [
						{"origin": [-1.9, 22.35, -20], "size": [1, 2, 9], "pivot": [-1.9, 22.35, -19], "rotation": [0, 0, 16], "uv": [32, 76]},
						{"origin": [-4.025, 22.05, -18.4], "size": [2.75, 1.5, 1], "inflate": -0.2, "pivot": [-0.025, 22.05, -17.4], "rotation": [0, -13.25, 0], "uv": [48, 27]}
					]
				},
				{
					"name": "chamber",
					"parent": "gun",
					"pivot": [0, 18.5, -10.2],
					"cubes": [
						{"origin": [-1, 18.35, -19.9], "size": [2, 1, 10], "pivot": [-1, 18.35, -9.9], "rotation": [-0.75, 0, 0], "uv": [0, 66]}
					]
				},
				{
					"name": "shell",
					"parent": "gun",
					"pivot": [0, 20.025, -20.35],
					"cubes": [
						{"origin": [-1.3, 15.225, -21.35], "size": [2, 6, 2], "inflate": -0.2, "pivot": [-1.3, 20.225, -21.35], "rotation": [-90, 0, -30], "uv": [35, 33]}
					]
				},
				{
					"name": "shell2",
					"parent": "gun",
					"pivot": [0, 20.025, -20.35],
					"cubes": [
						{"origin": [-1.3, 15.225, -21.35], "size": [2, 6, 2], "inflate": -0.2, "pivot": [-1.3, 20.225, -21.35], "rotation": [-90, 0, -30], "uv": [35, 33]}
					]
				},
				{
					"name": "_cb_scope",
					"parent": "gun",
					"pivot": [0, 27.85, -10.65],
					"cubes": [
						{"origin": [-0.5, 26.3, -16.4], "size": [1, 1, 1], "uv": [35, 105]}
					]
				},
				{
					"name": "_cb_canted",
					"parent": "gun",
					"pivot": [0, 27.85, -3.9],
					"cubes": [
						{"origin": [-0.5, 26.3, -9.65], "size": [1, 1, 1], "uv": [35, 105]}
					]
				},
				{
					"name": "_cb_suppressor",
					"parent": "gun",
					"pivot": [0, 23.55, -89.525],
					"cubes": [
						{"origin": [-0.5, 23.05, -84.375], "size": [1, 1, 1], "uv": [27, 69]}
					]
				},
				{
					"name": "rightarm",
					"parent": "main",
					"pivot": [-4.3, 8.8, 21.8],
					"rotation": [-101.81106, -12.40003, -2.46982],
					"cubes": [
						{"origin": [-8.3, -15.2, 17.8], "size": [8, 24, 8], "uv": [134, 132]}
					]
				},
				{
					"name": "leftarm",
					"parent": "main",
					"pivot": [9.45, 4.25, -23.175],
					"rotation": [-127.81766, 0.95284, -30.56013],
					"cubes": [
						{"origin": [5.45, -19.75, -27.175], "size": [8, 24, 8], "uv": [133, 88]}
					]
				},
				{
					"name": "scope",
					"parent": "main",
					"pivot": [0, 27.925, -4.25],
					"cubes": [
						{"origin": [-0.5, 27.425, -4.55], "size": [1, 1, 1], "inflate": -0.4, "uv": [35, 54]}
					]
				},
				{
					"name": "muzzleflash",
					"parent": "main",
					"pivot": [0, 23.675, -86.5],
					"cubes": [
						{"origin": [-0.5, 23.175, -86.8], "size": [1, 1, 1], "inflate": -0.4, "uv": [27, 69]}
					]
				},
				{
					"name": "_camera_",
					"pivot": [6.825, 33.725, 26.45]
				}
			]
		}
	]
}