{
	"format_version": "1.12.0",
	"minecraft:geometry": [
		{
			"description": {
				"identifier": "geometry.unknown",
				"texture_width": 185,
				"texture_height": 185,
				"visible_bounds_width": 10,
				"visible_bounds_height": 4,
				"visible_bounds_offset": [0, 1, 0]
			},
			"bones": [
				{
					"name": "bb_main",
					"pivot": [0, 0, 0]
				},
				{
					"name": "main",
					"pivot": [0, 20, 0]
				},
				{
					"name": "gun",
					"parent": "main",
					"pivot": [1, 11, -1],
					"cubes": [
						{"origin": [-1.75, 13.5, -1], "size": [3.5, 4.5, 5], "uv": [0, 20]},
						{"origin": [-1.75, 16.5, 4], "size": [3.5, 1.5, 7], "pivot": [0.75, 15, 4], "rotation": [23.5, 0, 0], "uv": [60, 73]},
						{"origin": [-2, 3.5, -1], "size": [4, 10, 5], "pivot": [1, 13.5, -1], "rotation": [35, 0, 0], "uv": [55, 27]},
						{"origin": [-2, 13.5, -1], "size": [4, 4, 4], "inflate": -0.002, "pivot": [2, 13.5, -1], "rotation": [-14, 0, 0], "uv": [127, 13]},
						{"origin": [-2, 14.5, 4], "size": [4, 2, 9], "inflate": -0.001, "pivot": [1, 16.5, 4], "rotation": [-53, 0, 0], "uv": [91, 112]},
						{"origin": [-1.5, 13.9, -2.1], "size": [3, 5, 2], "inflate": -0.1, "uv": [39, 20]},
						{"origin": [-2.75, 29.3, -4.85], "size": [5.5, 1, 4.5], "inflate": 0.002, "uv": [64, 82]},
						{"origin": [-3.45, 29.8, -4.85], "size": [1, 2.3, 4.9], "inflate": -0.2, "uv": [55, 13]},
						{"origin": [2.55, 30.05, -2.625], "size": [1, 2.1, 2.2], "inflate": -0.1, "pivot": [3.3, 30.05, -2.525], "rotation": [-16.25, 0, 0], "uv": [83, 133]},
						{"origin": [2.55, 30.05, -4.875], "size": [1, 2.1, 2.2], "inflate": -0.1, "pivot": [3.3, 30.05, -4.775], "rotation": [-16.25, 0, 0], "uv": [83, 133]},
						{"origin": [1.85, 30.125, -1.85], "size": [2.5, 1, 1], "inflate": -0.3, "pivot": [4.1, 30.125, -1.85], "rotation": [-15.68376, -0.90101, 15.84735], "uv": [39, 27]},
						{"origin": [3.65, 27.875, -1.7], "size": [1, 3, 1], "inflate": -0.3, "pivot": [4.4, 29.875, -1.7], "rotation": [-0.54153, -6.59006, -5.19966], "uv": [34, 40]},
						{"origin": [1.85, 30.125, -4.1], "size": [2.5, 1, 1], "inflate": -0.3, "pivot": [4.1, 30.125, -4.1], "rotation": [-15.68376, -0.90101, 15.84735], "uv": [0, 4]},
						{"origin": [3.65, 27.875, -3.95], "size": [1, 3, 1], "inflate": -0.3, "pivot": [4.4, 29.875, -3.95], "rotation": [-0.54153, -6.59006, -5.19966], "uv": [11, 20]},
						{"origin": [-1.75, 17.9, -9.6], "size": [3.5, 12.25, 2.5], "uv": [125, 42]},
						{"origin": [-1.75, 27.9, -19.05], "size": [3.5, 2.25, 9.45], "uv": [119, 103]},
						{"origin": [-1.75, 30.15, -20.1], "size": [3.5, 2, 11.475], "uv": [0, 66]},
						{"origin": [-1.75, 31.15, -22.1], "size": [3.5, 1, 2], "uv": [0, 46]},
						{"origin": [-1.75, 26.15, -22.1], "size": [3.3, 5, 2], "uv": [39, 0]},
						{"origin": [-1.75, 17.9, -22.1], "size": [3.5, 8.25, 2], "uv": [30, 52]},
						{"origin": [-2.65, 27.475, -27.4], "size": [5.3, 3, 3], "inflate": -0.3, "pivot": [2.75, 27.475, -27.4], "rotation": [-22.5, 0, 0], "uv": [0, 29]},
						{"origin": [-2.35, 30.475, -26.4], "size": [4.7, 2, 2], "inflate": -0.4, "pivot": [2.75, 30.475, -26.4], "rotation": [-22.5, 0, 0], "uv": [64, 94]},
						{"origin": [-2.35, 30.475, -11.4], "size": [4.7, 2, 2], "inflate": -0.4, "pivot": [2.75, 30.475, -11.4], "rotation": [-22.5, 0, 0], "uv": [46, 59]},
						{"origin": [-1.925, 32.15, -27.6], "size": [3.85, 1, 18.975], "uv": [55, 27]},
						{"origin": [-1.425, 32.45, -18.6], "size": [2.85, 1, 7.975], "uv": [107, 18]},
						{"origin": [-0.675, 33.45, -18.6], "size": [1.35, 1, 5.975], "uv": [119, 114]},
						{"origin": [-0.675, 33.2, -18.6], "size": [1.35, 1.25, 5.975], "inflate": -0.001, "pivot": [0.675, 34.45, -18.6], "rotation": [0, 0, -37], "uv": [96, 94]},
						{"origin": [-0.675, 33.2, -18.6], "size": [1.35, 1.25, 5.975], "inflate": -0.001, "pivot": [-0.675, 34.45, -18.6], "rotation": [0, 0, 37], "uv": [64, 88]},
						{"origin": [-1.75, 29.15, -27.6], "size": [3.5, 4, 2], "inflate": -0.002, "pivot": [2.25, 33.15, -27.6], "rotation": [-40, 0, 0], "uv": [17, 66]},
						{"origin": [0.7, 28.15, -27.6], "size": [1.25, 5.15, 1], "inflate": -0.003, "pivot": [2.45, 33.15, -27.6], "rotation": [-39.08945, -9.26153, -11.20591], "uv": [88, 52]},
						{"origin": [-1.95, 28.15, -27.6], "size": [1.25, 5.15, 1], "inflate": -0.003, "pivot": [-2.45, 33.15, -27.6], "rotation": [-39.08945, 9.26153, 11.20591], "uv": [64, 87]},
						{"origin": [-1.95, 28.15, -9.625], "size": [1.25, 5.15, 1], "inflate": -0.003, "pivot": [-2.45, 33.15, -8.625], "rotation": [39.08945, -9.26153, 11.20591], "uv": [87, 8]},
						{"origin": [0.7, 28.15, -9.625], "size": [1.25, 5.15, 1], "inflate": -0.003, "pivot": [2.45, 33.15, -8.625], "rotation": [39.08945, 9.26153, -11.20591], "uv": [87, 18]},
						{"origin": [-1.75, 29.15, -10.625], "size": [3.5, 4, 2], "inflate": -0.002, "pivot": [2.25, 33.15, -8.625], "rotation": [40, 0, 0], "uv": [0, 66]},
						{"origin": [-1.25, 28.4, -8.925], "size": [2.25, 4, 2], "inflate": -0.002, "pivot": [1.5, 32.4, -6.925], "rotation": [40, 0, 0], "uv": [8, 0]},
						{"origin": [-1.25, 31.4, -8.925], "size": [2.25, 1, 2], "uv": [28, 6]},
						{"origin": [-1.75, 17.9, -29.1], "size": [3.5, 12.25, 7], "uv": [103, 27]},
						{"origin": [-1.75, 30.15, -28.1], "size": [3.5, 2, 6], "uv": [123, 34]},
						{"origin": [-1.75, 17.9, -20.1], "size": [3.5, 12.25, 1.05], "uv": [109, 130]},
						{"origin": [6.225, 24.025, -7.1], "size": [1, 7.15, 9], "pivot": [7.225, 24.025, -6.1], "rotation": [0, 0, -31.25], "uv": [116, 18]},
						{"origin": [6.25, 24.525, -5.6], "size": [1, 6.15, 6], "pivot": [7.225, 24.025, -6.1], "rotation": [0, 0, -31.25], "uv": [0, 0]},
						{"origin": [6.225, 16.875, -7.1], "size": [1, 7.15, 9], "inflate": -0.002, "pivot": [7.225, 24.025, -6.1], "rotation": [0, 0, 31.25], "uv": [0, 116]},
						{"origin": [-7.225, 16.875, -7.1], "size": [1, 7.15, 9], "inflate": -0.002, "pivot": [-7.225, 24.025, -6.1], "rotation": [0, 0, -31.25], "uv": [108, 114]},
						{"origin": [-7.225, 24.025, -7.1], "size": [1, 7.15, 9], "pivot": [-7.225, 24.025, -6.1], "rotation": [0, 0, 31.25], "uv": [40, 115]},
						{"origin": [6.225, 16.875, -38.1], "size": [1, 7.15, 9], "inflate": -0.002, "pivot": [7.225, 24.025, -37.1], "rotation": [0, 0, 31.25], "uv": [28, 0]},
						{"origin": [-7.225, 16.875, -38.1], "size": [1, 7.15, 9], "inflate": -0.002, "pivot": [-7.225, 24.025, -37.1], "rotation": [0, 0, -31.25], "uv": [28, 20]},
						{"origin": [-3.5, 17.9, -38.1], "size": [7, 1.25, 9], "inflate": 0.002, "uv": [96, 102]},
						{"origin": [-3.5, 28.9, -38.1], "size": [7, 1.25, 9], "inflate": 0.002, "uv": [46, 102]},
						{"origin": [2.5, 23.9, -38.1], "size": [1, 5, 1], "inflate": -0.002, "pivot": [3.5, 28.9, -37.1], "rotation": [0, 0, 22.5], "uv": [87, 0]},
						{"origin": [-3.5, 23.9, -38.1], "size": [1, 5, 1], "inflate": -0.002, "pivot": [-3.5, 28.9, -37.1], "rotation": [0, 0, -22.5], "uv": [84, 52]},
						{"origin": [-3.5, 19.1, -38.1], "size": [1, 5, 1], "inflate": -0.003, "pivot": [-3.5, 19.1, -37.1], "rotation": [0, 0, 22.5], "uv": [82, 82]},
						{"origin": [2.5, 19.1, -38.1], "size": [1, 5, 1], "inflate": -0.003, "pivot": [3.5, 19.1, -37.1], "rotation": [0, 0, -22.5], "uv": [83, 27]},
						{"origin": [-3.5, 23.9, -30.1], "size": [1, 5, 1], "inflate": -0.002, "pivot": [-3.5, 28.9, -29.1], "rotation": [0, 0, -22.5], "uv": [10, 81]},
						{"origin": [2.5, 23.9, -30.1], "size": [1, 5, 1], "inflate": -0.002, "pivot": [3.5, 28.9, -29.1], "rotation": [0, 0, 22.5], "uv": [28, 82]},
						{"origin": [2.5, 19.1, -30.1], "size": [1, 5, 1], "inflate": -0.003, "pivot": [3.5, 19.1, -29.1], "rotation": [0, 0, -22.5], "uv": [47, 82]},
						{"origin": [-3.5, 19.1, -30.1], "size": [1, 5, 1], "inflate": -0.003, "pivot": [-3.5, 19.1, -29.1], "rotation": [0, 0, 22.5], "uv": [51, 82]},
						{"origin": [-7.225, 24.025, -38.1], "size": [1, 7.15, 1], "pivot": [-7.225, 24.025, -37.1], "rotation": [0, 0, 31.25], "uv": [59, 0]},
						{"origin": [6.225, 24.025, -38.1], "size": [1, 7.15, 1], "pivot": [7.225, 24.025, -37.1], "rotation": [0, 0, -31.25], "uv": [30, 66]},
						{"origin": [6.225, 24.325, -38.1], "size": [1, 9.15, 1], "inflate": -0.001, "pivot": [7.225, 24.025, -37.1], "rotation": [-52.5, 0, -31.25], "uv": [0, 99]},
						{"origin": [6.225, 24.325, -29.9], "size": [1, 9.15, 1], "inflate": -0.002, "pivot": [7.225, 24.025, -29.9], "rotation": [52.5, 0, -31.25], "uv": [24, 81]},
						{"origin": [-7.225, 24.325, -29.9], "size": [1, 9.15, 1], "inflate": -0.002, "pivot": [-7.225, 24.025, -29.9], "rotation": [52.5, 0, 31.25], "uv": [70, 13]},
						{"origin": [-7.225, 24.325, -38.1], "size": [1, 9.15, 1], "inflate": -0.001, "pivot": [-7.225, 24.025, -37.1], "rotation": [-52.5, 0, 31.25], "uv": [74, 13]},
						{"origin": [6.225, 30.075, -37.1], "size": [1, 1.1, 7], "pivot": [7.225, 24.025, -36.1], "rotation": [0, 0, -31.25], "uv": [62, 114]},
						{"origin": [6.225, 24.025, -37.1], "size": [1, 1.1, 7], "pivot": [7.225, 24.025, -36.1], "rotation": [0, 0, -31.25], "uv": [0, 89]},
						{"origin": [-7.225, 24.025, -37.1], "size": [1, 1.1, 7], "pivot": [-7.225, 24.025, -36.1], "rotation": [0, 0, 31.25], "uv": [87, 0]},
						{"origin": [-7.225, 30.075, -37.1], "size": [1, 1.1, 7], "pivot": [-7.225, 24.025, -36.1], "rotation": [0, 0, 31.25], "uv": [87, 8]},
						{"origin": [6.225, 24.025, -30.1], "size": [1, 7.15, 1], "pivot": [7.225, 24.025, -29.1], "rotation": [0, 0, -31.25], "uv": [44, 36]},
						{"origin": [-6.525, 23.525, -30.1], "size": [13, 1, 1], "inflate": 0.002, "uv": [0, 44]},
						{"origin": [-6.525, 23.525, -38.1], "size": [13, 1, 1], "inflate": 0.002, "uv": [0, 42]},
						{"origin": [-7.225, 24.025, -30.1], "size": [1, 7.15, 1], "pivot": [-7.225, 24.025, -29.1], "rotation": [0, 0, 31.25], "uv": [55, 0]},
						{"origin": [-1.5, 13.9, -9.35], "size": [3, 5, 1], "inflate": -0.1, "uv": [28, 0]},
						{"origin": [-1.5, 13.9, -8.6], "size": [3, 1, 7], "inflate": -0.11, "uv": [87, 18]},
						{"origin": [-0.75, 15.05, -5.55], "size": [1.5, 4, 1], "inflate": -0.1, "pivot": [1, 15.05, -4.55], "rotation": [-21, 0, 0], "uv": [0, 20]},
						{"origin": [-0.675, 22.2, -69], "size": [6, 4, 16], "inflate": 0.003, "pivot": [5.325, 22.2, -69], "rotation": [0, 0, -11], "uv": [0, 20]},
						{"origin": [2.875, 25.75, -68.975], "size": [2, 1, 11], "pivot": [4.875, 21.75, -79.975], "rotation": [0, 0, -11], "uv": [110, 46]},
						{"origin": [1.325, 22.2, -69], "size": [4, 2, 16], "pivot": [5.325, 22.2, -69], "rotation": [0, 0, -42.75], "uv": [87, 0]},
						{"origin": [-5.325, 22.2, -69], "size": [4, 2, 16], "pivot": [-5.325, 22.2, -69], "rotation": [0, 0, 42.75], "uv": [40, 82]},
						{"origin": [-2.375, 19.475, -69], "size": [4.75, 2, 16], "inflate": 0.001, "uv": [0, 81]},
						{"origin": [-0.45, 22.87, -69], "size": [4, 5, 16], "inflate": 0.001, "pivot": [3, 27.84, -69], "rotation": [0, 0, 29], "uv": [60, 52]},
						{"origin": [3.1, 25.42, -68.975], "size": [1, 2, 11], "inflate": -0.001, "pivot": [2.55, 27.39, -79.975], "rotation": [0, 0, 29], "uv": [67, 111]},
						{"origin": [-4.1, 25.42, -68.975], "size": [1, 2, 11], "inflate": -0.001, "pivot": [-2.55, 27.39, -79.975], "rotation": [0, 0, -29], "uv": [111, 0]},
						{"origin": [-4.875, 25.75, -68.975], "size": [2, 1, 11], "pivot": [-4.875, 21.75, -79.975], "rotation": [0, 0, 11], "uv": [55, 13]},
						{"origin": [3.325, 26.2, -58], "size": [2, 1, 5], "pivot": [5.325, 22.2, -69], "rotation": [0, 0, -11], "uv": [40, 92]},
						{"origin": [3.55, 25.87, -58], "size": [1, 2, 5], "inflate": -0.001, "pivot": [3, 27.84, -69], "rotation": [0, 0, 29], "uv": [46, 52]},
						{"origin": [-5.325, 26.2, -58], "size": [2, 1, 5], "pivot": [-5.325, 22.2, -69], "rotation": [0, 0, 11], "uv": [110, 58]},
						{"origin": [-4.55, 25.87, -58], "size": [1, 2, 5], "inflate": -0.001, "pivot": [-3, 27.84, -69], "rotation": [0, 0, -29], "uv": [45, 66]},
						{"origin": [-3.55, 23.87, -69], "size": [4, 4, 16], "inflate": -0.001, "pivot": [-3, 27.84, -69], "rotation": [0, 0, -29], "uv": [72, 73]},
						{"origin": [-5.325, 22.2, -69], "size": [6, 4, 16], "inflate": 0.002, "pivot": [-5.325, 22.2, -69], "rotation": [0, 0, 11], "uv": [0, 0]},
						{"origin": [-1.25, 22.8, -83.05], "size": [3, 3, 49], "inflate": -0.3, "pivot": [0.75, 23.8, -83.05], "rotation": [0, 0, -20], "uv": [0, 0]},
						{"origin": [-3.175, 21.05, -39.05], "size": [6.5, 6.5, 11], "inflate": -0.3, "pivot": [0.575, 23.8, -39.05], "rotation": [0, 0, -20], "uv": [0, 99]},
						{"origin": [-4.275, 19.05, -38.05], "size": [8.5, 9.5, 9], "inflate": -0.3, "pivot": [0.475, 23.8, -39.05], "rotation": [0, 0, -11], "uv": [96, 67]},
						{"origin": [-3.5, 23.9, -7.1], "size": [1, 5, 1], "inflate": -0.002, "pivot": [-3.5, 28.9, -6.1], "rotation": [0, 0, -22.5], "uv": [60, 52]},
						{"origin": [-3.5, 28.9, -7.1], "size": [7, 1.25, 9], "inflate": 0.002, "uv": [23, 100]},
						{"origin": [-3.5, 17.9, -7.1], "size": [7, 1.25, 9], "inflate": 0.002, "uv": [24, 82]},
						{"origin": [2.5, 23.9, -7.1], "size": [1, 5, 1], "inflate": -0.002, "pivot": [3.5, 28.9, -6.1], "rotation": [0, 0, 22.5], "uv": [60, 60]},
						{"origin": [-2.175, 22.05, -7.4], "size": [4.5, 4.5, 9.6], "inflate": -0.3, "pivot": [0.575, 23.8, -8.05], "rotation": [0, 0, -20], "uv": [55, 0]},
						{"origin": [-6.525, 23.525, -7.1], "size": [13, 1, 1], "inflate": 0.002, "uv": [0, 40]},
						{"origin": [-3.5, 19.1, -7.1], "size": [1, 5, 1], "inflate": -0.003, "pivot": [-3.5, 19.1, -6.1], "rotation": [0, 0, 22.5], "uv": [70, 52]},
						{"origin": [2.5, 19.1, -7.1], "size": [1, 5, 1], "inflate": -0.003, "pivot": [3.5, 19.1, -6.1], "rotation": [0, 0, -22.5], "uv": [70, 60]},
						{"origin": [-3.5, 23.9, 0.9], "size": [1, 5, 1], "inflate": -0.002, "pivot": [-3.5, 28.9, 1.9], "rotation": [0, 0, -22.5], "uv": [76, 0]},
						{"origin": [-3.5, 19.1, 0.9], "size": [1, 5, 1], "inflate": -0.003, "pivot": [-3.5, 19.1, 1.9], "rotation": [0, 0, 22.5], "uv": [79, 27]},
						{"origin": [2.5, 23.9, 0.9], "size": [1, 5, 1], "inflate": -0.002, "pivot": [3.5, 28.9, 1.9], "rotation": [0, 0, 22.5], "uv": [79, 36]},
						{"origin": [2.5, 19.1, 0.9], "size": [1, 5, 1], "inflate": -0.003, "pivot": [3.5, 19.1, 1.9], "rotation": [0, 0, -22.5], "uv": [0, 81]},
						{"origin": [-4.275, 19.05, -7.05], "size": [8.5, 9.5, 9], "inflate": -0.3, "pivot": [0.475, 23.8, -8.05], "rotation": [0, 0, -11], "uv": [71, 93]},
						{"origin": [1.825, 28.2, -25.9], "size": [2.5, 1, 1], "inflate": -0.1, "pivot": [4.225, 28.3, -25.8], "rotation": [0, 0, -12.5], "uv": [55, 42]},
						{"origin": [3.325, 28.2, -25.9], "size": [1, 6, 1], "inflate": -0.1, "pivot": [4.225, 28.3, -25.8], "rotation": [5.5, 0, 3], "uv": [60, 73]},
						{"origin": [3.6, 33.25, -53.975], "size": [1, 1, 28.5], "inflate": -0.1, "pivot": [4.5, 33.35, -53.875], "rotation": [0, 0, 3], "uv": [30, 53]},
						{"origin": [3.6, 27.25, -53.975], "size": [1, 6.2, 1], "inflate": -0.1, "pivot": [4.5, 33.35, -53.875], "rotation": [0, 0, 18], "uv": [54, 73]},
						{"origin": [-4.6, 33.25, -53.975], "size": [1, 1, 28.5], "inflate": -0.1, "pivot": [-4.5, 33.35, -53.875], "rotation": [0, 0, -3], "uv": [0, 52]},
						{"origin": [-4.6, 27.25, -53.975], "size": [1, 6.2, 1], "inflate": -0.1, "pivot": [-4.5, 33.35, -53.875], "rotation": [0, 0, -18], "uv": [34, 66]},
						{"origin": [-4.325, 28.2, -25.9], "size": [1, 6, 1], "inflate": -0.1, "pivot": [-4.225, 28.3, -25.8], "rotation": [5.5, 0, -3], "uv": [72, 0]},
						{"origin": [-4.325, 28.2, -25.9], "size": [2.5, 1, 1], "inflate": -0.1, "pivot": [-4.225, 28.3, -25.8], "rotation": [0, 0, 12.5], "uv": [41, 47]},
						{"origin": [0.95, 23.45, -29.1], "size": [2, 2, 7.1], "pivot": [2.95, 23.45, -30], "rotation": [0, 0, -11], "uv": [51, 112]},
						{"origin": [1.85, 22, -27.225], "size": [2, 3, 2], "pivot": [3.85, 22, -27.225], "rotation": [0, -16.75, -35.75], "uv": [28, 20]},
						{"origin": [1.35, 13.15, -27.725], "size": [3, 8.85, 3], "inflate": 0.1, "pivot": [3.85, 22, -27.225], "rotation": [0, -16.75, -35.75], "uv": [0, 52]},
						{"origin": [1.95, 23.45, -22], "size": [1, 2, 2], "pivot": [2.95, 23.45, -22], "rotation": [0, -40, -11], "uv": [0, 72]},
						{"origin": [1.75, 25.17, -29.1], "size": [1, 1, 7.1], "inflate": -0.001, "pivot": [1.2, 26.14, -30], "rotation": [0, 0, 29], "uv": [71, 124]},
						{"origin": [0.95, 23.45, -29.1], "size": [2, 1, 7.1], "inflate": -0.001, "pivot": [2.95, 23.45, -30], "rotation": [0, 0, -51.25], "uv": [124, 0]},
						{"origin": [5.65, 20.45, -38.1], "size": [2.3, 2, 5.1], "pivot": [7.95, 20.45, -39], "rotation": [0, 0, -11], "uv": [73, 73]},
						{"origin": [6.9, 18.175, -48.375], "size": [2.3, 2, 12], "pivot": [9.2, 18.175, -48.375], "rotation": [12.30101, -7.29772, -7.01067], "uv": [30, 52]},
						{"origin": [6.3, 18.125, -54.025], "size": [2.3, 2, 6.5], "pivot": [8.6, 18.125, -47.525], "rotation": [9.43018, -21.42722, 8.72466], "uv": [0, 81]},
						{"origin": [8.15, 16.5, -59.5], "size": [2.3, 2, 5.85], "pivot": [10.45, 16.5, -51.5], "rotation": [-2.84999, -7.5358, 11.95632], "uv": [34, 40]},
						{"origin": [9.125, 16.75, -65.775], "size": [2.3, 2, 6], "pivot": [11.425, 16.75, -59.775], "rotation": [-11.51348, 30.71441, 15.4006], "uv": [60, 60]},
						{"origin": [6.475, 18.575, -70.45], "size": [2.3, 2, 1.5], "inflate": 0.3, "pivot": [8.775, 18.575, -64.675], "rotation": [56.84266, 82.76395, 79.43216], "uv": [10, 46]},
						{"origin": [6.475, 18.575, -71.425], "size": [2.3, 2, 6.75], "pivot": [8.775, 18.575, -64.675], "rotation": [56.84266, 82.76395, 79.43216], "uv": [60, 52]},
						{"origin": [6.25, 22.17, -38.1], "size": [1.5, 1, 5.1], "inflate": -0.001, "pivot": [6.2, 23.14, -39], "rotation": [0, 0, 29], "uv": [121, 70]},
						{"origin": [5.95, 20.45, -38.1], "size": [2, 2.5, 5.1], "inflate": -0.003, "pivot": [7.95, 20.45, -39], "rotation": [0, 0, -51.25], "uv": [100, 18]},
						{"origin": [3.9, 18.9, -38.1], "size": [2.8, 1.4, 5.1], "inflate": -0.001, "uv": [11, 116]},
						{"origin": [6.95, 20.45, -33], "size": [1, 2, 2], "inflate": 0.002, "pivot": [7.95, 20.45, -33], "rotation": [0, -40, -11], "uv": [0, 0]},
						{"origin": [5.95, 20.45, -30.225], "size": [2, 2, 2.5], "pivot": [7.95, 20.45, -31.475], "rotation": [0, -90, -11], "uv": [28, 25]},
						{"origin": [-2.75, 25.17, -29.1], "size": [1, 1, 7.1], "inflate": -0.001, "pivot": [-1.2, 26.14, -30], "rotation": [0, 0, -29], "uv": [22, 124]},
						{"origin": [-2.95, 23.45, -29.1], "size": [2, 2, 7.1], "pivot": [-2.95, 23.45, -30], "rotation": [0, 0, 11], "uv": [79, 36]},
						{"origin": [-2.95, 23.45, -29.1], "size": [2, 1, 7.1], "inflate": -0.001, "pivot": [-2.95, 23.45, -30], "rotation": [0, 0, 51.25], "uv": [84, 123]},
						{"origin": [-2.95, 23.45, -22], "size": [1, 2, 2], "pivot": [-2.95, 23.45, -22], "rotation": [0, 40, 11], "uv": [52, 66]},
						{"origin": [-1.75, 5.1, 12.6], "size": [3.5, 2.5, 7.55], "inflate": 0.001, "pivot": [1, 6.1, 11.6], "rotation": [45, 0, 0], "uv": [21, 40]},
						{"origin": [-1.75, 11.125, 16.4], "size": [3.5, 2.5, 17.575], "pivot": [1, 12.125, 13.875], "rotation": [-9, 0, 0], "uv": [80, 29]},
						{"origin": [-1.75, 16.65, 19], "size": [3.5, 3.5, 16.1], "inflate": -0.001, "pivot": [1, 17.65, 17], "rotation": [-1.75, 0, 0], "uv": [88, 48]},
						{"origin": [-1.5, 11.65, 19], "size": [2.75, 5.5, 4.1], "inflate": -0.001, "pivot": [1, 14.65, 17], "rotation": [-1.75, 0, 0], "uv": [16, 52]},
						{"origin": [-1.75, 5.1, 3.75], "size": [3.5, 2, 9.85], "inflate": -0.003, "uv": [118, 90]},
						{"origin": [-1.75, 6.1, 6.5], "size": [3.5, 3.75, 7.1], "inflate": -0.002, "uv": [80, 111]},
						{"origin": [-1.75, 14.575, 18.2], "size": [3.5, 3.5, 2.1], "inflate": -0.002, "pivot": [1, 16.575, 16.2], "rotation": [45, 0, 0], "uv": [55, 19]},
						{"origin": [-1.75, 18.925, 9.2], "size": [3.5, 1.625, 26.05], "inflate": 0.002, "uv": [55, 0]},
						{"origin": [-1.75, 8.2, 35.375], "size": [3.5, 12.625, 1.25], "pivot": [1.75, 22.125, 33.375], "rotation": [-7.75, 0, 0], "uv": [101, 130]}
					]
				},
				{
					"name": "scale",
					"parent": "gun",
					"pivot": [2.25, 27.15, -21.6],
					"cubes": [
						{"origin": [1, 25.775, -22.7], "size": [1, 1, 2.75], "inflate": -0.4, "uv": [60, 144]}
					]
				},
				{
					"name": "bone4",
					"parent": "gun",
					"pivot": [0, 33.7, -14.85],
					"rotation": [0, 0, -89],
					"cubes": [
						{"origin": [-1.175, 35.95, -24.175], "size": [2, 2, 12], "inflate": -0.1, "pivot": [-1.175, 36.95, -22.175], "rotation": [8.75, 0, -13.5], "uv": [0, 52]},
						{"origin": [0.5, 33.2, -22.85], "size": [4, 1, 1], "pivot": [0.5, 33.2, -22.85], "rotation": [-0.88187, 26.73653, -91.95958], "uv": [39, 7]},
						{"origin": [-0.5, 34.2, -22.85], "size": [1, 1, 8], "pivot": [0.5, 34.2, -21.85], "rotation": [0, 0, -91.75], "uv": [79, 27]}
					]
				},
				{
					"name": "spinny",
					"parent": "gun",
					"pivot": [0, 22.5, -9.25]
				},
				{
					"name": "bone",
					"parent": "spinny",
					"pivot": [-1.5, 22.4, -9.6],
					"cubes": [
						{"origin": [1.35, 24.275, -19.05], "size": [1.25, 3.4, 9.45], "inflate": -0.001, "pivot": [2.6, 23.525, -9.6], "rotation": [0, 0, -15], "uv": [51, 122]},
						{"origin": [-2.6, 24.275, -19.05], "size": [1.25, 3.4, 9.45], "inflate": -0.001, "pivot": [-2.6, 23.525, -9.6], "rotation": [0, 0, 15], "uv": [11, 123]},
						{"origin": [-1.5, 22.4, -19.05], "size": [3, 5.15, 9.45], "inflate": 0.002, "uv": [25, 110]}
					]
				},
				{
					"name": "glowy",
					"parent": "bone",
					"pivot": [-1.5, 22.4, -9.6],
					"cubes": [
						{"origin": [0.46, 22.4, -18.05], "size": [1.05, 1.4, 7.45], "inflate": 0.002, "uv": [29, 135]},
						{"origin": [-1.51, 22.4, -18.05], "size": [1.05, 1.4, 7.45], "inflate": 0.002, "uv": [29, 135], "mirror": true},
						{"origin": [2.94, 23.95, -18.05], "size": [1.05, 1, 7.45], "inflate": 0.002, "pivot": [1.5, 22.4, -9.6], "rotation": [0, 0, -127.5], "uv": [27, 135], "mirror": true},
						{"origin": [-3.99, 23.95, -18.05], "size": [1.05, 1, 7.45], "inflate": 0.002, "pivot": [-1.5, 22.4, -9.6], "rotation": [0, 0, 127.5], "uv": [27, 135]}
					]
				},
				{
					"name": "bone2",
					"parent": "spinny",
					"pivot": [0.975, 21.35, -9.6],
					"rotation": [0, 0, -127.5],
					"cubes": [
						{"origin": [3.825, 22.975, -19.05], "size": [1.25, 3.65, 9.45], "inflate": -0.001, "pivot": [5.075, 22.475, -9.6], "rotation": [0, 0, -15], "uv": [119, 121]},
						{"origin": [-0.125, 23.475, -19.05], "size": [1.25, 3.15, 9.45], "inflate": -0.001, "pivot": [-0.125, 22.475, -9.6], "rotation": [0, 0, 15], "uv": [121, 76]},
						{"origin": [0.975, 21.35, -19.05], "size": [3, 5.15, 9.45], "inflate": 0.001, "uv": [103, 85]}
					]
				},
				{
					"name": "bone3",
					"parent": "spinny",
					"pivot": [-0.975, 21.35, -9.6],
					"rotation": [0, 0, 127.5],
					"cubes": [
						{"origin": [-5.075, 23.225, -19.05], "size": [1.25, 3.4, 9.45], "inflate": -0.001, "pivot": [-5.075, 22.475, -9.6], "rotation": [0, 0, 15], "uv": [121, 58]},
						{"origin": [-1.125, 23.475, -19.05], "size": [1.25, 3.15, 9.45], "inflate": -0.001, "pivot": [0.125, 22.475, -9.6], "rotation": [0, 0, -15], "uv": [84, 52]},
						{"origin": [-3.975, 21.35, -19.05], "size": [3, 5.15, 9.45], "uv": [30, 66]}
					]
				},
				{
					"name": "batteries",
					"parent": "gun",
					"pivot": [2.5, 30.05, -4.775]
				},
				{
					"name": "battery1",
					"parent": "batteries",
					"pivot": [2.5, 31.05, -1.525],
					"cubes": [
						{"origin": [-2.75, 30.05, -2.525], "size": [5.5, 2, 2], "inflate": -0.1, "pivot": [2.5, 30.05, -2.525], "rotation": [-16.25, 0, 0], "uv": [0, 12]}
					]
				},
				{
					"name": "battery2",
					"parent": "batteries",
					"pivot": [2.5, 31.05, -3.775],
					"cubes": [
						{"origin": [-2.75, 30.05, -4.775], "size": [5.5, 2, 2], "inflate": -0.1, "pivot": [2.5, 30.05, -4.775], "rotation": [-16.25, 0, 0], "uv": [24, 92]}
					]
				},
				{
					"name": "rightarm",
					"parent": "main",
					"pivot": [-4.3, 8.8, 21.8],
					"rotation": [-101.81106, -12.40003, -2.46982],
					"cubes": [
						{"origin": [-8.3, -15.2, 17.8], "size": [8, 24, 8], "uv": [118, 139]}
					]
				},
				{
					"name": "leftarm",
					"parent": "main",
					"pivot": [9.45, 2.275, -8.55],
					"rotation": [-134.61567, -1.70553, -34.97718],
					"cubes": [
						{"origin": [5.45, -21.725, -12.55], "size": [8, 24, 8], "uv": [118, 139]}
					]
				},
				{
					"name": "muzzleflash",
					"parent": "main",
					"pivot": [0, 24.05, -83.05],
					"cubes": [
						{"origin": [-0.5, 23.55, -83.55], "size": [1, 1, 1], "inflate": -0.4, "uv": [27, 69]}
					]
				},
				{
					"name": "_camera_",
					"pivot": [6.825, 33.725, 26.45]
				}
			]
		}
	]
}