{
	"format_version": "1.12.0",
	"minecraft:geometry": [
		{
			"description": {
				"identifier": "geometry.unknown",
				"texture_width": 128,
				"texture_height": 128,
				"visible_bounds_width": 8,
				"visible_bounds_height": 4,
				"visible_bounds_offset": [0, 1, 0]
			},
			"bones": [
				{
					"name": "bb_main",
					"pivot": [0, 0, 0]
				},
				{
					"name": "main",
					"pivot": [0, 20, 0]
				},
				{
					"name": "gun",
					"parent": "main",
					"pivot": [1, 11, -1],
					"cubes": [
						{"origin": [-1.65, 5.075, -2.5], "size": [3.3, 13.4, 4.75], "pivot": [1.35, 19.075, -2.5], "rotation": [17.25, 0, 0], "uv": [25, 24]},
						{"origin": [-1.15, 13.975, -2.25], "size": [2.3, 1, 1.25], "inflate": 0.001, "pivot": [1.35, 14.975, -2.25], "rotation": [15.75, 0, 0], "uv": [37, 20]},
						{"origin": [-1.15, 12, -1.975], "size": [2.3, 2, 1.25], "inflate": -0.001, "pivot": [1.35, 14, -1.975], "rotation": [74.5, 0, 0], "uv": [38, 6]},
						{"origin": [-1.65, 16.3, -3.825], "size": [3.3, 2.25, 1.25], "inflate": -0.001, "pivot": [1.35, 18.55, -3.525], "rotation": [59.25, 0, 0], "uv": [25, 16]},
						{"origin": [-1.15, 13.975, -2.25], "size": [2.3, 1, 2.25], "inflate": -0.001, "pivot": [1.35, 14.975, -2.25], "rotation": [70.5, 0, 0], "uv": [14, 29]},
						{"origin": [0.85, 18.875, -17.4], "size": [1, 1.6, 22.7], "inflate": -0.198, "uv": [25, 24]},
						{"origin": [-1.85, 18.875, -17.4], "size": [1, 1.6, 22.7], "inflate": -0.198, "uv": [25, 0]},
						{"origin": [-1, 21.225, -7.35], "size": [2, 2, 4.65], "inflate": 0.002, "uv": [49, 0]},
						{"origin": [-1.425, 21.15, -20.225], "size": [2, 2, 17.25], "inflate": -0.3, "pivot": [0.575, 23.15, -18.975], "rotation": [0, 0, -20.75], "uv": [76, 32]},
						{"origin": [-0.9, 19.475, 4.85], "size": [1.8, 3.4, 1.2], "inflate": 0.003, "uv": [9, 24]},
						{"origin": [-0.775, 21.025, 5.375], "size": [1, 1, 1], "inflate": -0.2, "pivot": [0.225, 21.025, 5.375], "rotation": [0, 0, 26.25], "uv": [0, 50]},
						{"origin": [0.65, 17.35, 4.4], "size": [1.3, 4.2, 1.5], "inflate": -0.202, "pivot": [1.95, 17.85, 4.65], "rotation": [84.5, 0, 0], "uv": [0, 24]},
						{"origin": [1.325, 19.55, 4.4], "size": [1.3, 2.2, 1.5], "inflate": -0.2, "pivot": [2.9, 17.85, 4.65], "rotation": [84.44961, 7.7141, -0.74733], "uv": [25, 41]},
						{"origin": [1.15, 17.8, -6.525], "size": [1, 1.25, 6], "inflate": -0.2, "pivot": [2.15, 17.8, -6.525], "rotation": [5.75, 0, 0], "uv": [33, 35]},
						{"origin": [0.225, 18.325, -3.7], "size": [1, 1.25, 3], "inflate": -0.2, "pivot": [1.225, 18.325, -3.7], "rotation": [-1.94882, -5.41072, 109.8421], "uv": [12, 6]},
						{"origin": [1.15, 18.45, -6.625], "size": [1, 1.25, 5.9], "inflate": -0.201, "pivot": [2.15, 18.45, -6.725], "rotation": [-0.5, 0, 0], "uv": [9, 38]},
						{"origin": [1.054, 18.1, 4.15], "size": [1, 1, 1], "inflate": -0.3, "uv": [49, 20]},
						{"origin": [1.054, 17.6, 3.975], "size": [1, 1, 1], "inflate": -0.3, "uv": [18, 32]},
						{"origin": [-2.45, 18.35, 3.375], "size": [1, 1.275, 2.675], "inflate": -0.2, "pivot": [-2.45, 18.325, 3.375], "rotation": [-6.40502, 5.38475, 2.01964], "uv": [14, 35]},
						{"origin": [-1.65, 17.875, -9.1], "size": [3.3, 1.25, 13.25], "inflate": 0.001, "uv": [66, 80]},
						{"origin": [-1.65, 17.875, -9.1], "size": [3.3, 1.65, 1], "pivot": [1.35, 17.875, -9.1], "rotation": [38, 0, 0], "uv": [25, 7]},
						{"origin": [-1.2, 18.125, -17.6], "size": [2.4, 1, 10.7], "inflate": 0.001, "uv": [68, 94]},
						{"origin": [-1.65, 17.9, 3.325], "size": [3.3, 1, 3.9], "inflate": -0.003, "pivot": [1.35, 17.9, 7.325], "rotation": [13.25, 0, 0], "uv": [0, 43]},
						{"origin": [-1.65, 17.9, 3.325], "size": [3.3, 1, 3.9], "inflate": -0.002, "uv": [35, 24]},
						{"origin": [0.35, 17.7, 5.425], "size": [1.5, 1.1, 2], "inflate": -0.2, "pivot": [1.35, 17.9, 7.225], "rotation": [-70, 0, 0], "uv": [14, 32]},
						{"origin": [-1.85, 17.7, 5.425], "size": [1.5, 1.1, 2], "inflate": -0.2, "pivot": [-1.35, 17.9, 7.225], "rotation": [-70, 0, 0], "uv": [17, 17]},
						{"origin": [-0.75, 17.7, 6.125], "size": [1.5, 1.1, 1.3], "inflate": -0.2, "pivot": [-0.25, 17.9, 7.225], "rotation": [-70, 0, 0], "uv": [43, 20]},
						{"origin": [0.55, 18.65, 3.325], "size": [1.1, 1, 4], "inflate": -0.003, "uv": [49, 28]},
						{"origin": [-1.65, 18.65, 3.325], "size": [1.1, 1, 4], "inflate": -0.003, "uv": [49, 23]},
						{"origin": [0.55, 19.65, 3.325], "size": [1, 2.55, 4], "inflate": -0.002, "pivot": [1.55, 19.65, 7.325], "rotation": [31.75, 0, 0], "uv": [0, 11]},
						{"origin": [-1.55, 19.65, 3.325], "size": [1, 2.55, 4], "inflate": -0.002, "pivot": [-1.55, 19.65, 7.325], "rotation": [31.75, 0, 0], "uv": [12, 0]},
						{"origin": [-1.65, 17.875, 1.175], "size": [3.3, 3, 4], "inflate": -0.001, "pivot": [1.35, 18.875, 5.175], "rotation": [61, 0, 0], "uv": [29, 48]},
						{"origin": [-1.65, 5.65, 1.2], "size": [3.3, 1.5, 4.25], "inflate": -0.002, "uv": [9, 24]},
						{"origin": [-1.65, 5.975, 4.65], "size": [3.3, 4, 2.75], "inflate": -0.001, "pivot": [1.35, 9.975, 7.4], "rotation": [9, 0, 0], "uv": [12, 11]},
						{"origin": [-1.65, 9.975, 4.65], "size": [3.3, 7, 2.75], "inflate": -0.002, "pivot": [1.35, 9.975, 7.4], "rotation": [21.25, 0, 0], "uv": [0, 0]},
						{"origin": [-0.5, 15, -5.575], "size": [1, 4, 1], "inflate": -0.1, "pivot": [0.5, 15, -4.575], "rotation": [-12.5, 0, 0], "uv": [19, 37]},
						{"origin": [-1.25, 13.925, -8.375], "size": [2.5, 1, 6.7], "inflate": -0.2, "uv": [13, 48]},
						{"origin": [-1.25, 13.975, -11.95], "size": [2.5, 1.1, 4], "inflate": -0.201, "pivot": [1.25, 14.175, -8.15], "rotation": [-78.5, 0, 0], "uv": [25, 41]},
						{"origin": [-1.25, 16.8, -11.15], "size": [2.5, 2.75, 3], "inflate": -0.2, "pivot": [1.25, 17, -8.35], "rotation": [-47.25, 0, 0], "uv": [29, 55]}
					]
				},
				{
					"name": "hammer",
					"parent": "gun",
					"pivot": [0, 19.225, 5.8],
					"rotation": [16, 0, 0],
					"cubes": [
						{"origin": [-0.5, 18.88557, 5.1908], "size": [1, 1.45, 3.25], "inflate": 0.001, "pivot": [0.5, 19.675, 6.525], "rotation": [19, 0, 0], "uv": [12, 17]},
						{"origin": [-0.5, 18.87711, 6.03519], "size": [1, 1.2, 3.25], "pivot": [0.5, 19.675, 6.525], "rotation": [-14.5, 0, 0], "uv": [0, 17]},
						{"origin": [-0.5, 20.95581, 8.13281], "size": [1, 1, 1], "inflate": 0.001, "pivot": [0.5, 19.675, 6.525], "rotation": [-61.25, 0, 0], "uv": [49, 35]},
						{"origin": [-0.5, 20.4286, 8.80238], "size": [1, 1, 1], "inflate": -0.001, "pivot": [0.5, 21, 7.375], "rotation": [-149.25, 0, 0], "uv": [13, 50]}
					]
				},
				{
					"name": "slide",
					"parent": "gun",
					"pivot": [0, 20, -16],
					"cubes": [
						{"origin": [1.1, 19.25, 5.65], "size": [1.2, 1.8, 1.8], "inflate": -0.4, "uv": [49, 25]},
						{"origin": [-2.3, 19.25, 5.65], "size": [1.2, 1.8, 1.8], "inflate": -0.4, "uv": [49, 23]},
						{"origin": [-2.3, 20.225, 5.7], "size": [1.2, 1.8, 1.8], "inflate": -0.401, "pivot": [-1.9, 20.625, 7.075], "rotation": [51.5, 0, 0], "uv": [43, 32]},
						{"origin": [1.1, 20.225, 5.7], "size": [1.2, 1.8, 1.8], "inflate": -0.401, "pivot": [1.9, 20.625, 7.075], "rotation": [51.5, 0, 0], "uv": [43, 28]},
						{"origin": [-1.9, 19.65, -19], "size": [1, 1, 1.2], "inflate": -0.001, "pivot": [-1.9, 19.65, -17.8], "rotation": [0, -51.5, 0], "uv": [49, 28]},
						{"origin": [-2, 20.55, -19.1], "size": [1, 2.175, 1.025], "inflate": -0.1, "pivot": [-1.9, 19.65, -17.8], "rotation": [0, -51.5, 0], "uv": [39, 31]},
						{"origin": [1, 20.55, -19.1], "size": [1, 2.175, 1.025], "inflate": -0.1, "pivot": [1.9, 19.65, -17.8], "rotation": [0, 51.5, 0], "uv": [39, 28]},
						{"origin": [0.9, 19.65, -19], "size": [1, 1, 1.2], "inflate": -0.001, "pivot": [1.9, 19.65, -17.8], "rotation": [0, 51.5, 0], "uv": [49, 0]},
						{"origin": [-1.9, 21, 6.2], "size": [1.3, 2.225, 1.3], "inflate": -0.402, "pivot": [-1.9, 20.65, 7.025], "rotation": [18.5, 0, 0], "uv": [36, 10]},
						{"origin": [-2.3, 19.75, 5.55], "size": [1.4, 3.025, 1.4], "inflate": -0.402, "pivot": [-2.3, 20.65, 6.475], "rotation": [18.5, 0, 0], "uv": [18, 0]},
						{"origin": [-2.3, 19.75, 5.85], "size": [1.46, 3.025, 1.1], "inflate": -0.402, "pivot": [-1.9, 20.65, 6.55], "rotation": [28.93301, -49.0138, -22.64965], "uv": [76, 3]},
						{"origin": [0.84, 19.75, 5.85], "size": [1.46, 3.025, 1.1], "inflate": -0.402, "pivot": [1.9, 20.65, 6.55], "rotation": [28.93301, 49.0138, 22.64965], "uv": [70, 3]},
						{"origin": [0.9, 19.75, 5.55], "size": [1.4, 3.025, 1.4], "inflate": -0.402, "pivot": [2.3, 20.65, 6.475], "rotation": [18.5, 0, 0], "uv": [12, 0]},
						{"origin": [0.6, 21, 6.2], "size": [1.3, 2.225, 1.3], "inflate": -0.402, "pivot": [1.9, 20.65, 7.025], "rotation": [18.5, 0, 0], "uv": [19, 34]},
						{"origin": [0.7, 19.2, 6.3], "size": [1.3, 2.725, 1.3], "inflate": -0.498, "pivot": [1.9, 20.65, 7.025], "rotation": [18.5, 0, 0], "uv": [19, 24]},
						{"origin": [0.5, 20.375, 6.3], "size": [1.3, 1.75, 1.3], "inflate": -0.5, "pivot": [2, 20.65, 7.025], "rotation": [18.5, 0, 0], "uv": [43, 5]},
						{"origin": [0.6, 20.675, 6.3], "size": [1.3, 1.825, 1.3], "inflate": -0.499, "pivot": [2.05, 20.65, 7.025], "rotation": [17.74338, 5.32304, -16.16855], "uv": [41, 42]},
						{"origin": [0.65, 18.875, 6.3], "size": [1.3, 1.7, 1.3], "inflate": -0.499, "pivot": [2.05, 20.65, 7.025], "rotation": [17.23553, -6.82657, 20.96422], "uv": [42, 10]},
						{"origin": [-1.95, 18.875, 6.3], "size": [1.3, 1.7, 1.3], "inflate": -0.499, "pivot": [-2.05, 20.65, 7.025], "rotation": [17.23553, 6.82657, -20.96422], "uv": [42, 3]},
						{"origin": [-1.9, 20.675, 6.3], "size": [1.3, 1.825, 1.3], "inflate": -0.499, "pivot": [-2.05, 20.65, 7.025], "rotation": [17.74338, -5.32304, 16.16855], "uv": [33, 42]},
						{"origin": [-1.8, 20.375, 6.3], "size": [1.3, 1.75, 1.3], "inflate": -0.5, "pivot": [-2, 20.65, 7.025], "rotation": [18.5, 0, 0], "uv": [37, 42]},
						{"origin": [0.5, 19.2, 6.3], "size": [1.3, 1.75, 1.3], "inflate": -0.5, "pivot": [2, 20.65, 7.025], "rotation": [18.5, 0, 0], "uv": [42, 12]},
						{"origin": [-1.8, 19.2, 6.3], "size": [1.3, 1.75, 1.3], "inflate": -0.5, "pivot": [-2, 20.65, 7.025], "rotation": [18.5, 0, 0], "uv": [42, 30]},
						{"origin": [-2, 19.2, 6.3], "size": [1.3, 2.725, 1.3], "inflate": -0.498, "pivot": [-1.9, 20.65, 7.025], "rotation": [18.5, 0, 0], "uv": [5, 17]},
						{"origin": [0.9, 19.3, 6.2], "size": [1.4, 1.725, 1.3], "inflate": -0.403, "pivot": [1.9, 20.65, 7.025], "rotation": [18.5, 0, 0], "uv": [23, 48]},
						{"origin": [-2.3, 19.3, 6.2], "size": [1.4, 1.725, 1.3], "inflate": -0.403, "pivot": [-1.9, 20.65, 7.025], "rotation": [18.5, 0, 0], "uv": [13, 48]},
						{"origin": [0.15, 21.1, 6.2], "size": [1.4, 2.525, 1.3], "inflate": -0.401, "pivot": [1.9, 20.65, 7.025], "rotation": [18.5, 0, 0], "uv": [30, 0]},
						{"origin": [-1.55, 21.1, 6.2], "size": [1.4, 2.525, 1.3], "inflate": -0.401, "pivot": [-1.9, 20.65, 7.025], "rotation": [18.5, 0, 0], "uv": [25, 24]},
						{"origin": [-1.25, 22.575, 6.2], "size": [2.5, 1.425, 1.3], "inflate": -0.4, "pivot": [-1.9, 20.65, 7.025], "rotation": [18.5, 0, 0], "uv": [31, 20]},
						{"origin": [-0.2, 20.725, 6.2], "size": [1.6, 1.425, 1.3], "inflate": -0.402, "pivot": [-1.9, 20.65, 7.025], "rotation": [12.2599, 13.96212, -47.99312], "uv": [13, 44]},
						{"origin": [-1.4, 20.725, 6.2], "size": [1.6, 1.425, 1.3], "inflate": -0.402, "pivot": [1.9, 20.65, 7.025], "rotation": [12.2599, -13.96212, 47.99312], "uv": [9, 44]},
						{"origin": [0.9, 20.65, -17.8], "size": [1, 1.15, 15.8], "pivot": [1.9, 20.65, -17.3], "rotation": [0, 0, -44.5], "uv": [0, 80]},
						{"origin": [-1.9, 20.65, -17.8], "size": [1, 1.15, 14.8], "pivot": [-1.9, 20.65, -17.3], "rotation": [0, 0, 44.5], "uv": [84, 80]},
						{"origin": [0.9, 20.65, -3.55], "size": [1, 1.65, 9.55], "uv": [92, 95]},
						{"origin": [-2.648, 15.65, -3.55], "size": [8.55, 10.65, 13], "inflate": -4, "uv": [65, 57]},
						{"origin": [-5.902, 15.65, -3.55], "size": [8.55, 10.65, 13], "inflate": -4, "uv": [0, 57]},
						{"origin": [0.9, 20.65, -3.55], "size": [1, 1.65, 1.05], "pivot": [1.9, 20.65, -3.55], "rotation": [0, -65.5, 0], "uv": [43, 48]},
						{"origin": [0.6, 20.65, -18.025], "size": [1, 1.95, 14.775], "uv": [49, 0]},
						{"origin": [-1.6, 20.65, -18.025], "size": [1, 1.95, 10.725], "inflate": 0.001, "uv": [0, 0]},
						{"origin": [-1.6, 20.5, -7.3], "size": [1, 1, 4], "uv": [49, 15]},
						{"origin": [-1.9, 20.65, -3.55], "size": [1, 1.65, 9.55], "uv": [64, 46]},
						{"origin": [-1.925, 21.15, -3.575], "size": [1, 1, 4.55], "uv": [36, 10]},
						{"origin": [1.1, 22.1, -3.75], "size": [1, 1.975, 10.05], "inflate": -0.2, "pivot": [1.9, 22.3, -3.3], "rotation": [0, 0, -41.65], "uv": [0, 11]},
						{"origin": [1.1, 22.3, -3.65], "size": [1, 1.225, 1.05], "inflate": -0.201, "pivot": [1.9, 22.3, -3.3], "rotation": [57.75, 0, -41.65], "uv": [49, 2]},
						{"origin": [0.9, 22.725, -18.3], "size": [1, 1.15, 11], "pivot": [1.9, 22.3, -18.05], "rotation": [0, 0, -41.65], "uv": [55, 94]},
						{"origin": [-1.9, 22.725, -18.3], "size": [1, 1.15, 11], "pivot": [-1.9, 22.3, -18.05], "rotation": [0, 0, 41.65], "uv": [21, 93]},
						{"origin": [1.2, 22.425, -7.6], "size": [1, 1.15, 4.35], "inflate": -0.3, "pivot": [1.9, 22.3, -7.05], "rotation": [0, 0, -41.65], "uv": [49, 6]},
						{"origin": [-2.1, 22.1, -3.75], "size": [1, 1.975, 9.95], "inflate": -0.2, "pivot": [-1.9, 22.3, -3.3], "rotation": [0, 0, 41.65], "uv": [25, 10]},
						{"origin": [-2.1, 22.85, 5.775], "size": [1, 1.2, 1], "inflate": -0.201, "pivot": [-1.9, 22.3, 6.225], "rotation": [15.75, 0, 41.65], "uv": [41, 44]},
						{"origin": [-2.1, 22.1, 5.2], "size": [1, 1.275, 1], "inflate": -0.202, "pivot": [-1.9, 22.3, 6], "rotation": [-22.75, 0, 41.65], "uv": [0, 48]},
						{"origin": [1.1, 22.1, 5.2], "size": [1, 1.275, 1], "inflate": -0.202, "pivot": [1.9, 22.3, 6], "rotation": [-22.75, 0, -41.65], "uv": [17, 44]},
						{"origin": [1.1, 22.85, 5.775], "size": [1, 1.2, 1], "inflate": -0.201, "pivot": [1.9, 22.3, 6.225], "rotation": [15.75, 0, -41.65], "uv": [37, 44]},
						{"origin": [-1.05, 22.675, -3.15], "size": [2.1, 1, 9.45], "inflate": -0.199, "uv": [25, 0]},
						{"origin": [-0.8, 22.875, 3.15], "size": [1.6, 1, 2.45], "inflate": -0.2, "uv": [38, 0]},
						{"origin": [-1.05, 22.725, 3.175], "size": [2.1, 1, 1.45], "inflate": -0.2, "uv": [25, 20]},
						{"origin": [0, 22.725, 3.175], "size": [1.05, 1, 1.45], "inflate": -0.2, "pivot": [0.85, 23.525, 3.375], "rotation": [0, 0, -41.65], "uv": [16, 41]},
						{"origin": [-1.05, 22.725, 3.175], "size": [1.05, 1, 1.45], "inflate": -0.2, "pivot": [-0.85, 23.525, 3.375], "rotation": [0, 0, 41.65], "uv": [40, 15]},
						{"origin": [-0.55, 22.875, -18.5], "size": [1.1, 1, 2.1], "inflate": -0.2, "uv": [36, 15]},
						{"origin": [0.15, 22.775, -3.85], "size": [1, 1, 1.2], "inflate": -0.299, "uv": [49, 33]},
						{"origin": [-1.15, 22.775, -3.85], "size": [1, 1, 1.2], "inflate": -0.299, "uv": [49, 30]},
						{"origin": [-1.05, 22.675, -18.5], "size": [2.1, 1, 11.4], "inflate": -0.201, "uv": [94, 51]},
						{"origin": [-0.95, 19.075, -18.55], "size": [1.9, 4.25, 3.25], "inflate": 0.001, "uv": [25, 0]},
						{"origin": [-1.9, 19.65, -17.8], "size": [1, 1, 23.85], "uv": [0, 0]},
						{"origin": [0.9, 19.65, -17.8], "size": [1, 1, 23.85], "uv": [0, 24]},
						{"origin": [0.9, 19.65, -4.85], "size": [1, 1, 1.6], "inflate": -0.001, "pivot": [1.9, 20.65, -4.85], "rotation": [24.5, 0, 0], "uv": [39, 48]},
						{"origin": [-1.9, 19.65, -4.85], "size": [1, 1, 1.6], "inflate": -0.001, "pivot": [-1.9, 20.65, -4.85], "rotation": [24.5, 0, 0], "uv": [27, 48]},
						{"origin": [-0.5, 22.425, -18.15], "size": [1, 2, 1.55], "inflate": -0.3, "pivot": [0.2, 24.125, -17.85], "rotation": [5, 0, 0], "uv": [41, 37]},
						{"origin": [-0.075, 23.3, 5.075], "size": [1.125, 1.2, 1], "inflate": -0.3, "uv": [49, 15]},
						{"origin": [-1.05, 23.3, 5.075], "size": [1.125, 1.2, 1], "inflate": -0.3, "uv": [49, 11]},
						{"origin": [-0.625, 23.2, 4.975], "size": [1.25, 1.175, 1.2], "inflate": -0.4, "uv": [42, 0]},
						{"origin": [-1.05, 23.075, 3.8], "size": [2.1, 1, 2.175], "inflate": -0.302, "uv": [25, 13]},
						{"origin": [-0.7, 23.175, 3.8], "size": [1.4, 1, 1.875], "inflate": -0.3, "uv": [41, 17]},
						{"origin": [-0.5, 23.5, -17.2], "size": [1, 1, 1.3], "inflate": -0.301, "pivot": [0.2, 24.2, -16.9], "rotation": [-68, 0, 0], "uv": [49, 17]},
						{"origin": [-0.5, 22.425, -18.15], "size": [1, 2, 1.05], "inflate": -0.301, "pivot": [0.2, 24.125, -17.85], "rotation": [-25.5, 0, 0], "uv": [41, 34]}
					]
				},
				{
					"name": "glowy",
					"parent": "slide",
					"pivot": [0.75, 24.075, 5.425],
					"cubes": [
						{"origin": [-0.5, 23.55, -17.2], "size": [1, 1, 1], "inflate": -0.35, "pivot": [0.2, 24.2, -16.9], "rotation": [-68, 0, 0], "uv": [3, 49]},
						{"origin": [-0.975, 23.545, 5.18], "size": [1, 1, 1], "inflate": -0.4, "uv": [49, 8]},
						{"origin": [-0.025, 23.545, 5.18], "size": [1, 1, 1], "inflate": -0.4, "uv": [49, 6]}
					]
				},
				{
					"name": "sightmount",
					"parent": "slide",
					"pivot": [0.25, 23, -1.325],
					"cubes": [
						{"origin": [-1.5, 22.6, -1.925], "size": [3, 1, 5.2], "inflate": -0.099, "uv": [4, 105]}
					]
				},
				{
					"name": "_cb_scope",
					"parent": "slide",
					"pivot": [0, 25.6, 12.75],
					"cubes": [
						{"origin": [-0.5, 23.025, 0.625], "size": [1, 1, 1], "uv": [27, 9]}
					]
				},
				{
					"name": "magazine",
					"parent": "gun",
					"pivot": [0, 5, 4],
					"cubes": [
						{"origin": [-1.4, 4.375, -1.75], "size": [2.8, 14.9, 5.25], "pivot": [1.6, 17.875, -1.75], "rotation": [17.25, 0, 0], "uv": [0, 24]},
						{"origin": [-1.4, 3.375, 0.525], "size": [2.8, 1, 2.975], "pivot": [1.6, 17.875, -1.75], "rotation": [17.25, 0, 0], "uv": [25, 10]},
						{"origin": [-1.9, 4.475, 0.45], "size": [3.8, 1.375, 7.325], "inflate": -0.2, "uv": [0, 48]}
					]
				},
				{
					"name": "shell",
					"parent": "magazine",
					"pivot": [-0.6, 19, -0.85],
					"rotation": [5.35987, 1.23543, -12.94217],
					"cubes": [
						{"origin": [-0.6, 18.5, -0.85], "size": [1.5, 1.5, 2.5], "uv": [38, 3]}
					]
				},
				{
					"name": "bullet",
					"parent": "shell",
					"pivot": [-0.6, 19, -0.85],
					"cubes": [
						{"origin": [-0.6, 18.5, -1.85], "size": [1.5, 1.5, 2.5], "inflate": -0.02, "uv": [17, 6]}
					]
				},
				{
					"name": "_cb_suppressor",
					"parent": "gun",
					"pivot": [0, 23.8, -6.55],
					"cubes": [
						{"origin": [-0.5, 21.225, -18.675], "size": [1, 1, 1], "uv": [27, 9]}
					]
				},
				{
					"name": "rightarm",
					"parent": "main",
					"pivot": [-4.8, 8.525, 20.9],
					"rotation": [-104.56106, -12.40003, -2.46982],
					"cubes": [
						{"origin": [-8.8, -15.475, 16.9], "size": [8, 24, 8], "uv": [79, 0]}
					]
				},
				{
					"name": "leftarm",
					"parent": "main",
					"pivot": [26.925, 2, 19.4],
					"rotation": [-13.37585, 16.96721, 4.10472],
					"cubes": [
						{"origin": [22.925, -22, 15.4], "size": [8, 24, 8], "uv": [34, 72]}
					]
				},
				{
					"name": "muzzleflash",
					"parent": "main",
					"pivot": [0, 21.9, -20.325],
					"cubes": [
						{"origin": [-0.5, 21.4, -20.625], "size": [1, 1, 1], "inflate": -0.4, "uv": [36, 35]}
					]
				},
				{
					"name": "scope",
					"parent": "main",
					"pivot": [0, 24.2, 22.75],
					"cubes": [
						{"origin": [-0.5, 23.7, 22.45], "size": [1, 1, 1], "inflate": -0.4, "uv": [0, 20]}
					]
				},
				{
					"name": "_camera_",
					"pivot": [6.825, 33.725, 26.45]
				}
			]
		}
	]
}