{
	"format_version": "1.8.0",
	"animations": {
		"animation.model.fire": {
			"loop": true,
			"animation_length": 0.8,
			"bones": {
				"main": {
					"rotation": {
						"0.0": {
							"vector": [0, 0, 0]
						},
						"0.05": {
							"vector": [-20.70759, -0.97773, -2.64005]
						},
						"0.15": {
							"vector": [-9, -0.6, 4.77446]
						},
						"0.23": {
							"vector": [0.25, -0.20211, -0.79207]
						},
						"0.31": {
							"vector": [1.5, 0.0889, 1.47258]
						},
						"0.55": {
							"vector": [0, 0, 0],
							"easing": "linear"
						}
					},
					"position": {
						"0.0": {
							"vector": [0, 0, 0]
						},
						"0.05": {
							"vector": [-1.1, 5.6, 10.05]
						},
						"0.2": {
							"vector": [0, -0.255, 1.455],
							"easing": "easeOutCubic"
						},
						"0.42": {
							"vector": [0, -0.24, -0.04]
						},
						"0.65": {
							"vector": [0, 0, 0],
							"easing": "easeInOutSine"
						}
					}
				},
				"rotatey": {
					"rotation": {
						"0.0": {
							"vector": [0, 0, 0]
						},
						"0.05": {
							"vector": [0, 0, 0]
						},
						"0.15": {
							"vector": [0, 0, -60]
						},
						"0.16": {
							"vector": [0, 0, 0]
						}
					},
					"position": {
						"0.0": {
							"vector": [0, 0, 0]
						},
						"0.05": {
							"vector": [0, 0, 0]
						},
						"0.15": {
							"vector": [0, 0, 0]
						},
						"0.16": {
							"vector": [0, 0, 0]
						}
					}
				},
				"speedloader": {
					"scale": {
						"vector": [0, 0, 0]
					}
				},
				"_camera_": {
					"rotation": {
						"0.0": {
							"vector": [0, 0, 0]
						},
						"0.06": {
							"vector": [-8.48931, 0.27105, 1.24155]
						},
						"0.19": {
							"vector": [-3.75059, -0.57493, 0.055]
						},
						"0.31": {
							"vector": [-1.32535, -0.2269, -0.98025]
						},
						"0.5": {
							"vector": [0, 0, 0],
							"easing": "easeOutSine"
						}
					}
				}
			}
		},
		"animation.model.draw": {
			"loop": true,
			"animation_length": 1.2,
			"bones": {
				"main": {
					"rotation": {
						"0.0": {
							"vector": [18.3516, -10.6923, 15.19687]
						},
						"0.2": {
							"vector": [1.75167, -2.49883, -4.07639]
						},
						"0.35": {
							"vector": [0.58201, -1.04064, 2.6563]
						},
						"0.45": {
							"vector": [0.34258, 0.38164, 0.59987]
						},
						"0.55": {
							"vector": [0, 0, 0]
						}
					},
					"position": {
						"0.0": {
							"vector": [0, -17.3, 10]
						},
						"0.1": {
							"vector": [0, -7.41, -4.07]
						},
						"0.2": {
							"vector": [-0.4, -1.2, -7.75]
						},
						"0.3": {
							"vector": [0.4, 0, 1.6]
						},
						"0.5": {
							"vector": [0, 0, 0]
						}
					}
				},
				"leftarm": {
					"rotation": {
						"0.0": {
							"vector": [0, 0, 0]
						},
						"0.2": {
							"vector": [1, 0, -22]
						},
						"0.4": {
							"vector": [0, 0, 0]
						}
					},
					"position": {
						"0.0": {
							"vector": [0, 0, 0]
						},
						"0.2": {
							"vector": [3.53901, 3.6754, 5.59783]
						},
						"0.4": {
							"vector": [0, 0, 0]
						}
					}
				},
				"_camera_": {
					"rotation": {
						"0.0": {
							"vector": [0, 0, 0]
						},
						"0.15": {
							"vector": [1.80238, -0.89738, -1.597],
							"easing": "easeInOutSine"
						},
						"0.35": {
							"vector": [0.44082, -0.01767, 1.01624]
						},
						"0.5": {
							"vector": [0, 0, 0],
							"easing": "easeOutSine"
						}
					}
				}
			},
			"sound_effects": {
				"0.0": {
					"effect": "pistol_draw"
				}
			}
		},
		"animation.model.reload": {
			"loop": true,
			"animation_length": 3.55,
			"bones": {
				"main": {
					"rotation": {
						"0.0": {
							"vector": [0, 0, 0]
						},
						"0.1667": {
							"vector": [-0.5424, 0.36145, 3.65969],
							"easing": "easeInSine"
						},
						"0.25": {
							"vector": [0.59249, 3.55151, -5.87365],
							"easing": "easeOutSine"
						},
						"0.3833": {
							"vector": [0.5291, 2.63789, 6.64069],
							"easing": "easeInSine"
						},
						"0.6": {
							"vector": [-1.43956, -4.87745, 9.76735],
							"easing": "easeOutQuad"
						},
						"0.6667": {
							"vector": [-4.32095, -8.24099, 1.3074]
						},
						"0.7667": {
							"vector": [-4.64442, -8.14526, 13.97006]
						},
						"0.9333": {
							"vector": [-3.97963, -5.8622, 5.92318]
						},
						"1.1333": {
							"vector": [-2.62958, -5.2769, 9.61988]
						},
						"1.3833": {
							"vector": [-2.28279, -6.11056, 8.71298]
						},
						"1.5": {
							"vector": [-2.69098, -5.9769, 10.21537]
						},
						"1.6": {
							"vector": [-2.62109, -6.24005, 7.20986]
						},
						"1.6667": {
							"vector": [-4.66962, -4.73235, 15.39324]
						},
						"1.8167": {
							"vector": [-4.69092, -5.25324, 9.89707]
						},
						"1.9667": {
							"vector": [-2.41655, -5.56137, 21.86891],
							"easing": "easeInSine"
						},
						"2.05": {
							"vector": [0.08283, -4.31139, 21.8762],
							"easing": "easeOutSine"
						},
						"2.2333": {
							"vector": [2.90785, -3.1856, -19.45155],
							"easing": "easeInOutSine"
						},
						"2.3167": {
							"vector": [1.84147, -5.20901, -15.53742]
						},
						"2.4167": {
							"vector": [2.01236, -3.52768, 0.09427]
						},
						"2.6": {
							"vector": [1.79699, 0.16082, -5.51932]
						},
						"2.7": {
							"vector": [5.48579, 0.32705, 8.54456]
						},
						"2.8167": {
							"vector": [4.80893, -0.1944, 0.95957]
						},
						"2.9333": {
							"vector": [4.29762, 0.8441, 3.29363]
						},
						"3.25": {
							"vector": [0.34258, 0.38164, 0.59987],
							"easing": "easeInOutSine"
						},
						"3.35": {
							"vector": [0, 0, 0]
						}
					},
					"position": {
						"0.0": {
							"vector": [0, 0, 0]
						},
						"0.1333": {
							"vector": [0.32, -0.69, -0.575],
							"easing": "easeInOutSine"
						},
						"0.25": {
							"vector": [-0.305, -0.79, -0.175]
						},
						"0.4167": {
							"vector": [-0.105, -0.79, 1.275],
							"easing": "easeInOutSine"
						},
						"0.5833": {
							"vector": [1.375, -2.9, 0.275],
							"easing": "easeInSine"
						},
						"0.6667": {
							"vector": [1.38, -3.37, 1.675],
							"easing": "easeOutSine"
						},
						"0.7667": {
							"vector": [1.38, -3.22, -0.52]
						},
						"0.9667": {
							"vector": [0.98, -4.395, -1.57],
							"easing": "easeInOutSine"
						},
						"1.2667": {
							"vector": [1.18, -3.87, 0.685]
						},
						"1.5667": {
							"vector": [1.39, -3.35, 1.385],
							"easing": "easeInOutSine"
						},
						"1.6333": {
							"vector": [1.39, -3.35, -0.56],
							"easing": "easeOutSine"
						},
						"1.8167": {
							"vector": [1.265, -3.55, 0.785]
						},
						"1.9667": {
							"vector": [2.435, -4.73, 0.14],
							"easing": "easeInOutSine"
						},
						"2.05": {
							"vector": [2.805, -4.73, 0.14],
							"easing": "easeOutSine"
						},
						"2.15": {
							"vector": [-2.84, 1.895, 0.14],
							"easing": "easeInOutSine"
						},
						"2.2833": {
							"vector": [-1.665, -0.455, 0.14]
						},
						"2.45": {
							"vector": [0.385, -1.1, 0.14],
							"easing": "easeInSine"
						},
						"2.6": {
							"vector": [0.49, 0.88, 0.14],
							"easing": "easeOutSine"
						},
						"2.7": {
							"vector": [1.04, -1.8, 0.14]
						},
						"2.7833": {
							"vector": [0.49, -1.22, 0.14]
						},
						"2.95": {
							"vector": [0.28, -1.955, -3.44],
							"easing": "easeInSine"
						},
						"3.1667": {
							"vector": [0.025, 0, 0.6],
							"easing": "easeOutSine"
						},
						"3.35": {
							"vector": [0, 0, 0],
							"easing": "easeInOutSine"
						}
					}
				},
				"chamber": {
					"rotation": {
						"0.0": {
							"vector": [0, 0, 0]
						},
						"0.1333": {
							"vector": [0, 0, 0]
						},
						"0.2": {
							"vector": [0, 0, 70.25]
						},
						"0.3": {
							"vector": [0, 0, 62.5]
						},
						"2.0833": {
							"vector": [0, 0, 62.5]
						},
						"2.15": {
							"vector": [0, 0, 0]
						}
					},
					"position": {
						"0.0": {
							"vector": [0, 0, 0]
						},
						"0.1333": {
							"vector": [0, 0, 0]
						}
					}
				},
				"rotatey": {
					"rotation": {
						"0.0": {
							"vector": [0, 0, 0]
						},
						"0.1333": {
							"vector": [0, 0, 0]
						},
						"0.2": {
							"vector": [0, 0, 10]
						},
						"0.3": {
							"vector": [0, 0, 0]
						},
						"2.1167": {
							"vector": [0, 0, 0]
						},
						"2.6": {
							"vector": [0, 0, 0]
						},
						"2.7833": {
							"vector": [0, 0, 360]
						},
						"2.9667": {
							"vector": [0, 0, 420],
							"easing": "easeInOutSine"
						},
						"3.2667": {
							"vector": [0, 0, 480],
							"easing": "easeOutSine"
						},
						"3.2833": {
							"vector": [0, 0, 0]
						}
					},
					"position": {
						"0.0": {
							"vector": [0, 0, 0]
						},
						"0.1667": {
							"vector": [0, 0, 0]
						},
						"0.3": {
							"vector": [0.25936, 0.42647, 0.02923]
						},
						"2.1167": {
							"vector": [0.25936, 0.42647, 0.02923]
						},
						"2.1667": {
							"vector": [0, 0, 0]
						},
						"2.6": {
							"vector": [0, 0, 0]
						}
					}
				},
				"speedloader": {
					"rotation": {
						"1.2": {
							"vector": [0, 0, 0]
						},
						"1.3": {
							"vector": [6, 43.5, 0]
						},
						"1.3333": {
							"vector": [6, 43.5, 0]
						},
						"1.5": {
							"vector": [9.43704, 3.32301, 9.02436]
						},
						"1.5667": {
							"vector": [-2.5, 0, 0]
						},
						"1.6333": {
							"vector": [0, 0, 0]
						},
						"1.7333": {
							"vector": [0, 0, 0]
						}
					},
					"position": {
						"1.2": {
							"vector": [0, 0, 0]
						},
						"1.3": {
							"vector": [11.3, 0, 12.425]
						},
						"1.3333": {
							"vector": [11.3, 0, 12.425]
						},
						"1.5": {
							"vector": [0.225, -0.375, 4.45]
						},
						"1.5667": {
							"vector": [0, -0.1, 4.45]
						},
						"1.6333": {
							"vector": [0, 0, 4.45]
						},
						"1.7333": {
							"vector": [0, 0, 0]
						}
					}
				},
				"bullets": {
					"rotation": {
						"0.0": {
							"vector": [0, 0, 0]
						},
						"0.6833": {
							"vector": [0, 0, 0]
						},
						"0.75": {
							"vector": [0, 0, 0]
						},
						"0.8833": {
							"vector": [15.81502, 41.64987, 10.66086]
						},
						"1.0833": {
							"vector": [15.81502, 41.64987, 10.66086]
						},
						"1.3": {
							"vector": [15.81502, 41.64987, 10.66086]
						},
						"1.3333": {
							"vector": [0, 0, 0]
						}
					},
					"position": {
						"0.0": {
							"vector": [0, 0, 0]
						},
						"0.6833": {
							"vector": [0, 0, 0]
						},
						"0.75": {
							"vector": [0, 0, 4.5]
						},
						"0.8833": {
							"vector": [7.875, 0, 16.15]
						},
						"1.0833": {
							"vector": [18.63344, 1.36544, 25.93135]
						},
						"1.3": {
							"vector": [18.63344, 1.36544, 25.93135]
						},
						"1.3333": {
							"vector": [0, 0, 0]
						}
					}
				},
				"loader": {
					"rotation": {
						"0.0": {
							"vector": [0, 0, 0]
						},
						"1.2167": {
							"vector": [0, 0, 0]
						},
						"1.2833": {
							"vector": [0, 0, 0]
						},
						"1.3167": {
							"vector": [0, 0, 0]
						},
						"1.6833": {
							"vector": [0, 0, 0]
						},
						"1.75": {
							"vector": [0, 0, 17.75]
						},
						"1.85": {
							"vector": [0, 0, 17.75]
						},
						"1.9833": {
							"vector": [13.81355, 20.52552, 20.86179]
						},
						"2.1167": {
							"vector": [0, 0, 0]
						}
					},
					"position": {
						"0.0": {
							"vector": [0, 0, 0]
						},
						"1.2167": {
							"vector": [0, 0, 0]
						},
						"1.2833": {
							"vector": [0.83789, 9.66271, -0.99619]
						},
						"1.3167": {
							"vector": [1.215, 7.96, -5.975]
						},
						"1.6833": {
							"vector": [1.215, 7.96, -5.975]
						},
						"1.75": {
							"vector": [0.735, 7.96, -5.97]
						},
						"1.85": {
							"vector": [0.735, 7.96, -5.97]
						},
						"1.9167": {
							"vector": [1.245, 8.5, -2.94]
						},
						"1.9833": {
							"vector": [8.105, 9.485, 7.43]
						},
						"2.1167": {
							"vector": [0, 0, 0]
						}
					},
					"scale": {
						"0.0": {
							"vector": [0, 0, 0]
						},
						"1.2167": {
							"vector": [0, 0, 0]
						},
						"1.2833": {
							"vector": [1, 1, 1]
						},
						"1.3167": {
							"vector": [1, 1, 1]
						},
						"1.6833": {
							"vector": [1, 1, 1]
						},
						"1.9833": {
							"vector": [1, 1, 1]
						},
						"2.0167": {
							"vector": [0, 0, 0]
						},
						"2.1167": {
							"vector": [0, 0, 0]
						}
					}
				},
				"rightarm": {
					"rotation": {
						"0.0": {
							"vector": [0, 0, 0]
						},
						"0.4167": {
							"vector": [0, 0, 0]
						},
						"0.5667": {
							"vector": [-0.3034, 0.0649, -7.17867]
						},
						"1.2667": {
							"vector": [-0.3034, 0.0649, -7.17867]
						},
						"1.4667": {
							"vector": [-0.96183, -8.13915, -4.85802]
						},
						"2.1333": {
							"vector": [-0.96183, -8.13915, -4.85802]
						},
						"2.25": {
							"vector": [-3.50816, 5.71697, 12.01989]
						},
						"2.5333": {
							"vector": [-0.3034, 0.0649, -7.17867]
						},
						"2.85": {
							"vector": [-0.3034, 0.0649, -7.17867]
						},
						"3.1": {
							"vector": [0, 0, 0]
						}
					},
					"position": {
						"0.0": {
							"vector": [0, 0, 0]
						},
						"0.4167": {
							"vector": [0, 0, 0]
						},
						"0.5667": {
							"vector": [0.32253, -0.66407, 1.67941]
						},
						"1.2667": {
							"vector": [0.32253, -0.66407, 1.67941]
						},
						"1.4667": {
							"vector": [-2.305, -0.935, 1.68]
						},
						"2.1333": {
							"vector": [-2.305, -0.935, 1.68]
						},
						"2.25": {
							"vector": [0.32, 0.615, 1.68]
						},
						"2.5333": {
							"vector": [0.32253, -0.66407, 1.67941]
						},
						"2.85": {
							"vector": [0.32253, -0.66407, 1.67941]
						},
						"3.1": {
							"vector": [0, 0, 0]
						}
					}
				},
				"leftarm": {
					"rotation": {
						"0.0": {
							"vector": [0, 0, 0]
						},
						"0.1": {
							"vector": [-25.44413, -16.05166, -14.60646]
						},
						"0.15": {
							"vector": [-24.48828, -15.23257, -14.74892]
						},
						"0.2167": {
							"vector": [-15.93043, -16.34942, -18.45186]
						},
						"0.3167": {
							"vector": [-16.15296, -14.93513, -17.02029]
						},
						"0.4667": {
							"vector": [-16.74938, -15.39801, -16.91695]
						},
						"0.55": {
							"vector": [-29.81713, -14.1326, -16.93089]
						},
						"0.6167": {
							"vector": [-30.08094, -8.99333, -13.8222]
						},
						"0.7167": {
							"vector": [-41.21273, -5.62966, -7.22752]
						},
						"0.85": {
							"vector": [-30.08094, -8.99333, -13.8222]
						},
						"1.0": {
							"vector": [21.01168, 2.74975, -48.58433]
						},
						"1.2167": {
							"vector": [1.01168, 2.74975, -48.58433]
						},
						"1.2833": {
							"vector": [1.01168, 2.74975, -48.58433]
						},
						"1.45": {
							"vector": [-12.44115, -6.76616, -32.85776]
						},
						"1.5167": {
							"vector": [-9.12225, -14.05772, -41.44529]
						},
						"1.5833": {
							"vector": [-5.67197, -13.74916, -41.04872]
						},
						"1.6833": {
							"vector": [2.32803, -13.74916, -41.04872]
						},
						"1.75": {
							"vector": [-1.27378, -9.87774, -34.3068]
						},
						"1.85": {
							"vector": [-1.27378, -9.87774, -34.3068]
						},
						"1.9167": {
							"vector": [-5.54689, -10.52566, -33.92834]
						},
						"1.9833": {
							"vector": [-8.87919, -11.52554, -30.30437]
						},
						"2.05": {
							"vector": [40.69537, 0.16846, -23.73297]
						},
						"2.2": {
							"vector": [40.69537, 0.16846, -23.73297]
						},
						"2.3167": {
							"vector": [40.69537, 0.16846, -23.73297]
						},
						"2.5167": {
							"vector": [-51.06187, -12.37376, -3.76294],
							"easing": "easeInSine"
						},
						"2.6": {
							"vector": [-46.99642, -15.32809, -4.28856],
							"easing": "easeOutSine"
						},
						"2.65": {
							"vector": [-24.69941, -20.79516, -8.32843]
						},
						"2.8167": {
							"vector": [40.69537, 0.16846, -23.73297]
						},
						"2.9333": {
							"vector": [40.69537, 0.16846, -23.73297]
						},
						"3.15": {
							"vector": [0, 0, 0]
						}
					},
					"position": {
						"0.0": {
							"vector": [0, 0, 0]
						},
						"0.1": {
							"vector": [3.90531, -0.1615, -9.88932]
						},
						"0.15": {
							"vector": [3.88433, 0.19118, -9.49223]
						},
						"0.2167": {
							"vector": [2.97122, 1.39105, -5.54721]
						},
						"0.3167": {
							"vector": [2.97122, 1.39105, -5.54721]
						},
						"0.4667": {
							"vector": [10.10158, 0.09418, -5.68065]
						},
						"0.55": {
							"vector": [6.61478, -2.04784, -26.88978]
						},
						"0.6167": {
							"vector": [6.26667, -1.27593, -27.84316]
						},
						"0.7167": {
							"vector": [6.89416, -1.48129, -23.68746]
						},
						"0.85": {
							"vector": [7.26498, -0.96951, -25.38753]
						},
						"1.0": {
							"vector": [17.72148, 11.97055, 22.3537]
						},
						"1.2167": {
							"vector": [17.72148, 11.97055, 22.3537]
						},
						"1.2833": {
							"vector": [17.72148, 11.97055, 22.3537]
						},
						"1.45": {
							"vector": [11.845, 8.695, 0.875]
						},
						"1.5167": {
							"vector": [9.645, 9.22, 1.65]
						},
						"1.5833": {
							"vector": [8.775, 9.745, 2.35]
						},
						"1.6833": {
							"vector": [5.88, 10.19, -0.45]
						},
						"1.75": {
							"vector": [7.305, 9.415, -0.45]
						},
						"1.85": {
							"vector": [7.305, 9.415, -0.45]
						},
						"1.9167": {
							"vector": [9.16, 7.985, 0.95]
						},
						"1.9833": {
							"vector": [13.735, 0.615, 9.75]
						},
						"2.05": {
							"vector": [15.065, 1.45, 0.64]
						},
						"2.2": {
							"vector": [17.16721, -3.27105, 25.83196]
						},
						"2.3167": {
							"vector": [17.16721, -3.27105, 25.83196]
						},
						"2.5167": {
							"vector": [5.07431, -1.94362, -24.53961],
							"easing": "easeInSine"
						},
						"2.6": {
							"vector": [5.4032, 0.75497, -22.69405],
							"easing": "easeOutSine"
						},
						"2.65": {
							"vector": [4.24305, -11.23736, -14.36502]
						},
						"2.8167": {
							"vector": [17.16721, -3.27105, 25.83196]
						},
						"2.9333": {
							"vector": [17.16721, -3.27105, 25.83196]
						},
						"3.15": {
							"vector": [0, 0, 0]
						}
					}
				},
				"_camera_": {
					"rotation": {
						"0.0": {
							"vector": [0, 0, 0]
						},
						"0.1833": {
							"vector": [1.06469, 0.80697, 1.41718]
						},
						"0.3": {
							"vector": [1.23681, 1.01628, -0.74994],
							"easing": "easeInOutSine"
						},
						"0.5333": {
							"vector": [2.50632, 0.26111, -0.01604]
						},
						"0.7": {
							"vector": [2.61506, 0.28393, -0.51553]
						},
						"0.7833": {
							"vector": [2.69038, 0.22124, 0.8223]
						},
						"0.9333": {
							"vector": [2.79575, 0.28393, -0.46812]
						},
						"1.1333": {
							"vector": [3.00743, 0.248, 0.23361],
							"easing": "easeOutSine"
						},
						"1.4833": {
							"vector": [2.5085, 0.23924, 0.48348],
							"easing": "easeInOutSine"
						},
						"1.6333": {
							"vector": [2.50588, 0.26516, -0.10855]
						},
						"1.7333": {
							"vector": [2.51442, 0.16559, 2.16243]
						},
						"1.85": {
							"vector": [2.50361, 0.28477, -0.5572]
						},
						"1.9833": {
							"vector": [2.5085, 0.23924, 0.48348]
						},
						"2.1333": {
							"vector": [0.76709, 0.97781, 2.4938]
						},
						"2.2": {
							"vector": [0.94477, 0.81685, -0.43739]
						},
						"2.3667": {
							"vector": [1.51699, 0.22787, 2.48376]
						},
						"2.5833": {
							"vector": [0.76051, 0.2675, 0.98427]
						},
						"2.7167": {
							"vector": [1.76785, 0.21362, 2.73345]
						},
						"2.8833": {
							"vector": [1.17518, 0.16809, 0.57256],
							"easing": "easeInSine"
						},
						"3.2167": {
							"vector": [0, 0, 0],
							"easing": "easeInOutQuad"
						}
					}
				},
				"bullet6": {
					"rotation": {
						"0.0": {
							"vector": [0, 0, 0]
						},
						"0.7333": {
							"vector": [0, 0, 0]
						},
						"0.8833": {
							"vector": [-18.75, 0.5, 0]
						},
						"1.0667": {
							"vector": [0, 0, 0]
						}
					},
					"position": {
						"0.0": {
							"vector": [0, 0, 0]
						},
						"0.7333": {
							"vector": [0, 0, 0]
						},
						"0.7833": {
							"vector": [0.00319, -0.34513, 0.15006]
						},
						"0.8833": {
							"vector": [0.45684, 0.62456, 0.35262]
						},
						"1.0667": {
							"vector": [0, 0, 0]
						}
					}
				},
				"bullet1": {
					"rotation": {
						"0.0": {
							"vector": [0, 0, 0]
						},
						"0.7333": {
							"vector": [0, 0, 0]
						},
						"0.9": {
							"vector": [22.16273, 13.70283, 5.51151]
						},
						"1.0667": {
							"vector": [0, 0, 0]
						}
					},
					"position": {
						"0.0": {
							"vector": [0, 0, 0]
						},
						"0.7333": {
							"vector": [0, 0, 0]
						},
						"0.7833": {
							"vector": [-0.13702, -0.55063, 0.12444]
						},
						"0.9": {
							"vector": [0.25701, 0.89933, 0.27977]
						},
						"1.0667": {
							"vector": [0, 0, 0]
						}
					}
				},
				"bullet3": {
					"rotation": {
						"0.0": {
							"vector": [0, 0, 0]
						},
						"0.7333": {
							"vector": [0, 0, 0]
						},
						"0.8833": {
							"vector": [-14.09094, 4.199, 7.68322]
						},
						"1.0667": {
							"vector": [0, 0, 0]
						}
					},
					"position": {
						"0.0": {
							"vector": [0, 0, 0]
						},
						"0.7333": {
							"vector": [0, 0, 0]
						},
						"0.8833": {
							"vector": [0.17114, 0.65237, 0.02743]
						},
						"1.0667": {
							"vector": [0, 0, 0]
						}
					}
				},
				"bullet4": {
					"rotation": {
						"0.0": {
							"vector": [0, 0, 0]
						},
						"0.7333": {
							"vector": [0, 0, 0]
						},
						"0.8833": {
							"vector": [-9.25, 12, 0]
						},
						"1.0667": {
							"vector": [0, 0, 0]
						}
					},
					"position": {
						"0.0": {
							"vector": [0, 0, 0]
						},
						"0.7333": {
							"vector": [0, 0, 0]
						},
						"0.7833": {
							"vector": [1.53171, -0.99333, 0.56841]
						},
						"0.8833": {
							"vector": [1.30756, -0.05331, 0.90309]
						},
						"1.0667": {
							"vector": [0, 0, 0]
						}
					}
				},
				"bullet5": {
					"rotation": {
						"0.0": {
							"vector": [0, 0, 0]
						},
						"0.7333": {
							"vector": [0, 0, 0]
						},
						"0.9": {
							"vector": [0, 42.75, 0]
						},
						"1.0667": {
							"vector": [0, 0, 0]
						}
					},
					"position": {
						"0.0": {
							"vector": [0, 0, 0]
						},
						"0.7333": {
							"vector": [0, 0, 0]
						},
						"1.0667": {
							"vector": [0, 0, 0]
						}
					}
				}
			},
			"sound_effects": {
				"0.0333": {
					"effect": "hl_pythonopen"
				},
				"0.5": {
					"effect": "hl_pythonbulletsout"
				},
				"1.4333": {
					"effect": "hl_pythonbulletsin"
				},
				"2.0833": {
					"effect": "hl_pythonclose"
				},
				"2.4667": {
					"effect": "hl_pythonspin"
				}
			}
		},
		"animation.model.inspect": {
			"loop": true,
			"animation_length": 5.8,
			"bones": {
				"main": {
					"rotation": {
						"0.0": {
							"vector": [0, 0, 0]
						},
						"0.1833": {
							"vector": [-12.14868, 17.20684, 41.91193],
							"easing": "linear"
						},
						"0.3667": {
							"vector": [-9.08697, 19.45489, 60.65174],
							"easing": "easeOutSine"
						},
						"0.5167": {
							"vector": [-9.21, 19.54, 68.34]
						},
						"0.6667": {
							"vector": [-9.30412, 19.6081, 69.99804]
						},
						"0.85": {
							"vector": [-8.40799, 19.42202, 70.43775]
						},
						"1.0667": {
							"vector": [-9.06664, 19.22913, 69.2021]
						},
						"1.2833": {
							"vector": [-9.03415, 19.3604, 70.05772]
						},
						"1.4667": {
							"vector": [-9.52028, 19.25279, 69.3443],
							"easing": "easeInOutSine"
						},
						"1.6667": {
							"vector": [-9.03227, 19.19121, 72.30823]
						},
						"1.8167": {
							"vector": [-8.77352, 19.30728, 73.09308]
						},
						"2.05": {
							"vector": [-9.28504, 19.07328, 71.5365]
						},
						"2.3": {
							"vector": [-8.90084, 19.24995, 72.70666]
						},
						"2.5333": {
							"vector": [-10.54345, 18.42575, 67.62348]
						},
						"2.9167": {
							"vector": [-15.84485, -13.19115, -11.41001],
							"easing": "easeInOutSine"
						},
						"3.1": {
							"vector": [-14.83962, -16.79418, -15.2167]
						},
						"3.3167": {
							"vector": [-15.11454, -16.61096, -14.26466]
						},
						"3.45": {
							"vector": [-15.31672, -17.36574, -16.99458]
						},
						"3.5833": {
							"vector": [-15.79543, -15.665, -13.29296]
						},
						"3.75": {
							"vector": [-15.60343, -16.32532, -15.0937]
						},
						"3.9667": {
							"vector": [-16.1286, -16.28665, -13.90757]
						},
						"4.1167": {
							"vector": [-14.92985, -17.26642, -15.95603]
						},
						"4.25": {
							"vector": [-14.73878, -16.27473, -9.42626],
							"easing": "easeInOutSine"
						},
						"4.5": {
							"vector": [2.38808, -1.61671, 2.45712]
						},
						"4.7": {
							"vector": [0.58192, -0.29068, 2.66392],
							"easing": "easeInOutSine"
						},
						"4.8": {
							"vector": [0.34258, 0.38164, 0.59987]
						},
						"4.9": {
							"vector": [0, 0, 0]
						}
					},
					"position": {
						"0.0": {
							"vector": [0, 0, 0]
						},
						"0.3": {
							"vector": [6.45, -5.55, 0],
							"easing": "easeInOutSine"
						},
						"0.5167": {
							"vector": [7.4, -5.3, 0],
							"easing": "easeOutSine"
						},
						"0.9333": {
							"vector": [7.475, -5.475, 0]
						},
						"1.5": {
							"vector": [7.4, -5.425, 0],
							"easing": "easeInOutSine"
						},
						"1.6667": {
							"vector": [7.475, -5.505, 0]
						},
						"1.8833": {
							"vector": [7.555, -5.5, 0]
						},
						"2.2167": {
							"vector": [7.52, -5.575, 0]
						},
						"2.5": {
							"vector": [7.475, -5.505, 0]
						},
						"2.9167": {
							"vector": [-3.495, -1.325, 2.925],
							"easing": "easeInOutSine"
						},
						"3.1167": {
							"vector": [-3.575, -0.25, 3.08],
							"easing": "easeOutSine"
						},
						"3.3667": {
							"vector": [-3.57, -0.515, 3.06],
							"easing": "easeOutSine"
						},
						"3.4667": {
							"vector": [-3.57, -0.62, 3.56]
						},
						"3.7": {
							"vector": [-3.56, -0.41, 3.34]
						},
						"3.95": {
							"vector": [-3.54, -0.575, 3.21]
						},
						"4.1": {
							"vector": [-3.51, -0.685, 2.74]
						},
						"4.2167": {
							"vector": [-3.495, -0.55, 2.925],
							"easing": "easeInOutSine"
						},
						"4.45": {
							"vector": [0.525, -1.81, -5.97],
							"easing": "easeInQuad"
						},
						"4.7": {
							"vector": [0.4, -0.275, -0.625],
							"easing": "easeInCubic"
						},
						"4.9": {
							"vector": [0, 0, 0],
							"easing": "easeOutSine"
						}
					}
				},
				"rightarm": {
					"rotation": {
						"0.0": {
							"vector": [0, 0, 0]
						},
						"2.5": {
							"vector": [0, 0, 0]
						},
						"2.8333": {
							"vector": [-17.69484, -3.60167, 4.12825]
						},
						"3.2333": {
							"vector": [-17.69484, -3.60167, 4.12825]
						},
						"3.3333": {
							"vector": [-19.3242, -5.0069, 1.96938]
						},
						"4.0667": {
							"vector": [-19.3242, -5.0069, 1.96938]
						},
						"4.1333": {
							"vector": [-17.69484, -3.60167, 4.12825]
						},
						"4.2333": {
							"vector": [-17.69484, -3.60167, 4.12825]
						},
						"4.6167": {
							"vector": [0, 0, 0]
						}
					},
					"position": {
						"0.0": {
							"vector": [0, 0, 0]
						},
						"2.5": {
							"vector": [0, 0, 0]
						},
						"2.6167": {
							"vector": [0.74571, -2.23081, 3.37401]
						},
						"2.7333": {
							"vector": [-4.67198, -1.13494, 2.53307]
						},
						"2.8333": {
							"vector": [-5.13354, -0.05278, -3.32447]
						},
						"3.2333": {
							"vector": [-5.13354, -0.05278, -3.32447]
						},
						"3.3333": {
							"vector": [-4.90308, -0.7507, -3.00552]
						},
						"4.0667": {
							"vector": [-4.90308, -0.7507, -3.00552]
						},
						"4.1333": {
							"vector": [-5.13354, -0.05278, -3.32447]
						},
						"4.2333": {
							"vector": [-5.13354, -0.05278, -3.32447]
						},
						"4.3667": {
							"vector": [-4.67198, -1.13494, 2.53307]
						},
						"4.4833": {
							"vector": [0.74571, -2.23081, 3.37401]
						},
						"4.6167": {
							"vector": [0, 0, 0]
						}
					}
				},
				"leftarm": {
					"rotation": {
						"0.0": {
							"vector": [0, 0, 0]
						},
						"0.2667": {
							"vector": [142.50726, 15.13623, -29.50763]
						},
						"2.65": {
							"vector": [142.50726, 15.13623, -29.50763]
						},
						"3.1": {
							"vector": [148.04783, -9.53711, 35.25608]
						},
						"4.2167": {
							"vector": [148.04783, -9.53711, 35.25608]
						},
						"4.5167": {
							"vector": [0, 0, 0]
						}
					},
					"position": {
						"0.0": {
							"vector": [0, 0, 0]
						},
						"0.2667": {
							"vector": [6.57244, 19.1726, 14.26902]
						},
						"2.65": {
							"vector": [6.57244, 19.1726, 14.26902]
						},
						"3.1": {
							"vector": [15.80784, 15.91878, 12.24717]
						},
						"4.2167": {
							"vector": [15.80784, 15.91878, 12.24717]
						},
						"4.5167": {
							"vector": [0, 0, 0]
						}
					}
				},
				"_camera_": {
					"rotation": {
						"0.0": {
							"vector": [0, 0, 0]
						},
						"0.4": {
							"vector": [1.50889, -0.98653, -0.52608],
							"easing": "easeInOutSine"
						},
						"1.2667": {
							"vector": [2.01742, -0.96896, -1.02585],
							"easing": "easeInOutSine"
						},
						"2.4833": {
							"vector": [1.50889, -0.98653, -0.52608],
							"easing": "easeOutSine"
						},
						"2.8667": {
							"vector": [2.04127, 0.47303, 1.01281],
							"easing": "easeInOutSine"
						},
						"3.3": {
							"vector": [1.53622, 1.22948, 0.78302],
							"easing": "easeOutSine"
						},
						"3.4": {
							"vector": [1.55766, 1.20219, 1.79368]
						},
						"3.5833": {
							"vector": [1.54423, 1.21932, 1.15961]
						},
						"4.0333": {
							"vector": [1.53947, 1.22537, 0.9355]
						},
						"4.1333": {
							"vector": [1.55953, 1.19972, 1.88362]
						},
						"4.2667": {
							"vector": [1.54157, 1.22276, 1.03299],
							"easing": "easeInOutSine"
						},
						"4.55": {
							"vector": [1.41331, 0.77744, -0.87436],
							"easing": "easeInSine"
						},
						"4.8167": {
							"vector": [0, 0, 0],
							"easing": "easeOutSine"
						}
					}
				},
				"hammer": {
					"rotation": {
						"0.0": {
							"vector": [0, 0, 0]
						},
						"3.2333": {
							"vector": [0, 0, 0]
						},
						"3.3333": {
							"vector": [-30, 0, 0]
						},
						"4.0667": {
							"vector": [-30, 0, 0]
						},
						"4.1833": {
							"vector": [0, 0, 0]
						}
					}
				},
				"trigger": {
					"rotation": {
						"0.0": {
							"vector": [0, 0, 0]
						},
						"3.2333": {
							"vector": [0, 0, 0]
						},
						"3.3333": {
							"vector": [22.5, 0, 0]
						},
						"4.0667": {
							"vector": [22.5, 0, 0]
						},
						"4.1833": {
							"vector": [0, 0, 0]
						}
					}
				}
			},
			"sound_effects": {
				"0.0": {
					"effect": "pistol_inspectup"
				},
				"2.5667": {
					"effect": "pistol_inspectturn"
				},
				"3.3": {
					"effect": "hl_pythonclick1"
				},
				"4.0": {
					"effect": "hl_pythonclick2"
				},
				"4.3167": {
					"effect": "pistol_draw"
				}
			}
		},
		"animation.model.running": {
			"loop": true,
			"animation_length": 0.5667,
			"bones": {
				"main": {
					"rotation": {
						"0.0": {
							"vector": [-57.82263, -6.12844, 5.00258]
						},
						"0.1833": {
							"vector": [-58.88397, -7.96808, -1.54433],
							"easing": "easeInOutSine"
						},
						"0.3167": {
							"vector": [-61.69599, -9.42204, 0.94917],
							"easing": "easeOutSine"
						},
						"0.45": {
							"vector": [-59.03533, -6.29297, 2.33423],
							"easing": "linear"
						},
						"0.5667": {
							"vector": [-57.82263, -6.12844, 5.00258],
							"easing": "easeInOutSine"
						}
					},
					"position": {
						"0.0": {
							"vector": [-10.1, -8.35, 6.075]
						},
						"0.0333": {
							"vector": [-9.74, -8.575, 5.61]
						},
						"0.0833": {
							"vector": [-9.6, -7.84, 4.82]
						},
						"0.15": {
							"vector": [-9.39, -6.74, 3.2]
						},
						"0.2333": {
							"vector": [-9.01, -8.03, 0.075]
						},
						"0.3": {
							"vector": [-8.6, -9.175, -0.505]
						},
						"0.35": {
							"vector": [-8.93, -8.945, -1.305]
						},
						"0.3833": {
							"vector": [-9.09, -7.925, -1.365]
						},
						"0.45": {
							"vector": [-9.31, -6.79, 1.71]
						},
						"0.5667": {
							"vector": [-10.1, -8.35, 6.075],
							"easing": "linear"
						}
					}
				}
			}
		},
		"animation.model.runningstart": {
			"animation_length": 0.3333,
			"bones": {
				"main": {
					"rotation": {
						"0.0": {
							"vector": [0, 0, 0]
						},
						"0.3333": {
							"vector": [-57.82263, -6.12844, 5.00258],
							"easing": "easeInOutSine"
						}
					},
					"position": {
						"0.0": {
							"vector": [0, 0, 0]
						},
						"0.1667": {
							"vector": [-4.58, -7.43, 2.76],
							"easing": "easeInSine"
						},
						"0.3333": {
							"vector": [-10.1, -8.35, 6.075],
							"easing": "easeOutSine"
						}
					}
				}
			}
		},
		"animation.model.runningend": {
			"animation_length": 0.3667,
			"bones": {
				"main": {
					"rotation": {
						"0.0": {
							"vector": [-57.82263, -6.12844, 5.00258],
							"easing": "easeInOutSine"
						},
						"0.1833": {
							"vector": [0.53597, 0.18491, 5.1683],
							"easing": "easeInOutSine"
						},
						"0.2667": {
							"vector": [0.3359, -0.86242, -0.40746]
						},
						"0.3667": {
							"vector": [0, 0, 0]
						}
					},
					"position": {
						"0.0": {
							"vector": [-10.1, -8.35, 6.075],
							"easing": "linear"
						},
						"0.0833": {
							"vector": [-4.54, -6.195, 3.71],
							"easing": "easeInSine"
						},
						"0.1833": {
							"vector": [0.225, -0.725, 1.6]
						},
						"0.25": {
							"vector": [0, 0.2, -0.875]
						},
						"0.3333": {
							"vector": [0, 0, 0],
							"easing": "easeOutSine"
						}
					}
				}
			}
		},
		"animation.model.off_ground_sprinting": {
			"loop": true,
			"animation_length": 0.5667,
			"bones": {
				"main": {
					"rotation": {
						"vector": [-57.82263, -6.12844, 5.00258]
					},
					"position": {
						"vector": [-10.1, -8.35, 6.075]
					}
				}
			}
		},
		"animation.model.off_ground": {
			"loop": true,
			"animation_length": 0.5667
		}
	},
	"geckolib_format_version": 2
}