{
	"format_version": "1.8.0",
	"animations": {
		"animation.model.draw": {
			"loop": true,
			"animation_length": 1.2,
			"bones": {
				"main": {
					"rotation": {
						"0.0": {
							"vector": [32.09413, -54.38778, -8.29667]
						},
						"0.4": {
							"vector": [1.77698, -9.99529, -4.30852]
						},
						"0.55": {
							"vector": [0.58201, -1.04064, 2.6563]
						},
						"0.7": {
							"vector": [0.32388, 0.39763, -2.15014]
						},
						"0.8": {
							"vector": [0, 0, 0]
						}
					},
					"position": {
						"0.0": {
							"vector": [0, -17.3, 0]
						},
						"0.25": {
							"vector": [0, -7.41, -4.07]
						},
						"0.4": {
							"vector": [-0.4, -1.2, -2.75]
						},
						"0.5": {
							"vector": [0.4, 0, -2.6]
						},
						"0.65": {
							"vector": [0.16, -0.15, 0.6]
						},
						"0.75": {
							"vector": [0, 0, 0]
						}
					}
				},
				"leftarm": {
					"rotation": {
						"0.0": {
							"vector": [0, 0, 0]
						},
						"0.2": {
							"vector": [1, 0, -22]
						},
						"0.4": {
							"vector": [0, 0, 0]
						}
					},
					"position": {
						"0.0": {
							"vector": [0, 0, 0]
						},
						"0.2": {
							"vector": [3.53901, 3.6754, 5.59783]
						},
						"0.4": {
							"vector": [0, 0, 0]
						}
					}
				},
				"_camera_": {
					"rotation": {
						"0.0": {
							"vector": [0, 0, 0]
						},
						"0.25": {
							"vector": [1.80315, -1.89688, -1.62846],
							"easing": "easeInOutSine"
						},
						"0.45": {
							"vector": [1.24924, -0.00333, 0.0435]
						},
						"0.55": {
							"vector": [0.44082, -0.01767, 1.01624]
						},
						"0.7": {
							"vector": [0, 0, 0],
							"easing": "easeOutSine"
						}
					}
				}
			},
			"sound_effects": {
				"0.0": {
					"effect": "draw"
				}
			}
		},
		"animation.model.prepare": {
			"loop": true,
			"animation_length": 0.45,
			"bones": {
				"main": {
					"rotation": {
						"0.0": {
							"vector": [0, 0, 0]
						},
						"0.3167": {
							"vector": [-3.51843, -8.74578, -16.86106],
							"easing": "easeInOutSine"
						}
					},
					"position": {
						"0.0": {
							"vector": [0, 0, 0]
						},
						"0.15": {
							"vector": [-0.46009, -1.90443, -0.01646],
							"easing": "easeInSine"
						},
						"0.3167": {
							"vector": [-1.2, -2.925, 0],
							"easing": "easeInOutSine"
						}
					}
				},
				"leftarm": {
					"rotation": {
						"0.0": {
							"vector": [0, 0, 0]
						},
						"0.25": {
							"vector": [67.94179, 26.58245, 52.42866]
						}
					},
					"position": {
						"0.0": {
							"vector": [0, 0, 0]
						},
						"0.25": {
							"vector": [15.81872, 0.14709, 43.24229]
						}
					}
				},
				"_camera_": {
					"rotation": {
						"0.0": {
							"vector": [0, 0, 0]
						},
						"0.25": {
							"vector": [3.04554, 1.44174, 1.13189],
							"easing": "easeInOutSine"
						}
					},
					"position": {
						"0.0": {
							"vector": [0, 0, 0]
						},
						"0.25": {
							"vector": [0, 0, 0]
						}
					}
				}
			},
			"sound_effects": {
				"0.0": {
					"effect": "foley_start"
				}
			}
		},
		"animation.model.iterativeload": {
			"loop": true,
			"animation_length": 0.5667,
			"bones": {
				"main": {
					"rotation": {
						"0.0": {
							"vector": [-3.51843, -8.74578, -16.86106],
							"easing": "easeInOutSine"
						},
						"0.1333": {
							"vector": [-4.00377, -7.78416, -13.6338]
						},
						"0.25": {
							"vector": [-3.23525, -8.15266, -15.42333]
						},
						"0.3333": {
							"vector": [-2.87411, -8.53143, -13.35993]
						},
						"0.4": {
							"vector": [-2.38379, -8.74986, -17.1248]
						},
						"0.5667": {
							"vector": [-3.51843, -8.74578, -16.86106],
							"easing": "easeOutSine"
						}
					},
					"position": {
						"0.0": {
							"vector": [-1.2, -2.925, 0],
							"easing": "easeInOutSine"
						},
						"0.1": {
							"vector": [-1.325, -3.045, 0]
						},
						"0.2": {
							"vector": [-1.31, -3.095, 0]
						},
						"0.3": {
							"vector": [-1.3, -2.895, 0]
						},
						"0.4333": {
							"vector": [-1.24, -2.66, -1.025],
							"easing": "easeInOutSine"
						},
						"0.5667": {
							"vector": [-1.2, -2.925, 0],
							"easing": "easeInOutSine"
						}
					}
				},
				"shell": {
					"rotation": {
						"0.0": {
							"vector": [0, 0, 0]
						},
						"0.15": {
							"vector": [-29.23214, 21.82944, -5.68405]
						},
						"0.2333": {
							"vector": [-34.99446, 10.91087, 1.22182]
						},
						"0.3167": {
							"vector": [-35, 0, 0]
						},
						"0.3667": {
							"vector": [-24, 0, 0]
						},
						"0.4167": {
							"vector": [0, 0, 0]
						}
					},
					"position": {
						"0.0": {
							"vector": [0, 0, 28]
						},
						"0.05": {
							"vector": [11.56471, -19.14594, 23.33608]
						},
						"0.15": {
							"vector": [4.0532, -8.3697, 12.02867]
						},
						"0.2333": {
							"vector": [1.175, -4.75, 6.9]
						},
						"0.3167": {
							"vector": [0.08099, -4.25892, 6.48951]
						},
						"0.3667": {
							"vector": [0.23685, -2.97206, 6.52087]
						},
						"0.4167": {
							"vector": [0, 0, 0]
						}
					},
					"scale": {
						"0.0": {
							"vector": [0, 0, 0]
						},
						"0.05": {
							"vector": [0, 0, 0]
						},
						"0.0833": {
							"vector": [1, 1, 1]
						}
					}
				},
				"leftarm": {
					"rotation": {
						"0.0": {
							"vector": [67.94179, 26.58245, 52.42866]
						},
						"0.05": {
							"vector": [67.94179, 26.58245, 52.42866]
						},
						"0.0833": {
							"vector": [61.28928, 20.79924, 86.89608]
						},
						"0.15": {
							"vector": [52.69013, 40.01151, 89.60767]
						},
						"0.2333": {
							"vector": [48.25588, 45.12741, 89.57211]
						},
						"0.3167": {
							"vector": [48.51467, 44.9674, 90.62694]
						},
						"0.3667": {
							"vector": [43.90045, 43.00097, 90.11137]
						},
						"0.4167": {
							"vector": [42.04805, 36.03639, 89.18498]
						},
						"0.4667": {
							"vector": [45.44293, 35.4707, 95.69669]
						},
						"0.5667": {
							"vector": [67.94179, 26.58245, 52.42866]
						}
					},
					"position": {
						"0.0": {
							"vector": [15.81872, 0.14709, 43.24229]
						},
						"0.05": {
							"vector": [15.81872, 0.14709, 43.24229]
						},
						"0.0833": {
							"vector": [12.88163, -6.03669, 40.99444]
						},
						"0.15": {
							"vector": [7.16596, -4.77312, 28.2016]
						},
						"0.2333": {
							"vector": [4.27204, -3.42483, 21.3922]
						},
						"0.3167": {
							"vector": [3.01545, -3.10077, 21.33566]
						},
						"0.3667": {
							"vector": [1.67212, -2.67473, 21.5216]
						},
						"0.4167": {
							"vector": [0.99654, 0.25415, 21.44401]
						},
						"0.4667": {
							"vector": [0.5766, -0.10875, 21.53105]
						},
						"0.5667": {
							"vector": [15.81872, 0.14709, 43.24229]
						}
					}
				},
				"_camera_": {
					"rotation": {
						"0.0": {
							"vector": [3.04554, 1.44174, 1.13189],
							"easing": "easeInOutSine"
						},
						"0.1167": {
							"vector": [3.54554, 1.44174, 1.13189],
							"easing": "easeInOutSine"
						},
						"0.2833": {
							"vector": [3.37455, 1.15242, 0.11185],
							"easing": "easeOutSine"
						},
						"0.3833": {
							"vector": [3.03682, 1.1719, 1.98019],
							"easing": "easeInOutSine"
						},
						"0.5667": {
							"vector": [3.04554, 1.44174, 1.13189],
							"easing": "easeInOutSine"
						}
					},
					"position": {
						"0.0": {
							"vector": [0, 0, 0]
						},
						"0.5667": {
							"vector": [0, 0, 0]
						}
					}
				},
				"shell2": {
					"rotation": {
						"0.0": {
							"vector": [0, 0, 0]
						},
						"0.15": {
							"vector": [-29.23214, 21.82944, -5.68405]
						},
						"0.2333": {
							"vector": [-34.99446, 10.91087, 1.22182]
						},
						"0.3167": {
							"vector": [-35, 0, 0]
						},
						"0.3667": {
							"vector": [-24, 0, 0]
						},
						"0.4167": {
							"vector": [0, 0, 0]
						}
					},
					"position": {
						"0.0": {
							"vector": [0, 0, 28]
						},
						"0.05": {
							"vector": [11.56471, -19.14594, 23.33608]
						},
						"0.15": {
							"vector": [4.0532, -8.3697, 12.02867]
						},
						"0.2333": {
							"vector": [1.175, -4.75, 6.9]
						},
						"0.3167": {
							"vector": [0.08099, -4.25892, 6.48951]
						},
						"0.3667": {
							"vector": [0.23685, -2.97206, 6.52087]
						},
						"0.4167": {
							"vector": [0, 0, 0]
						}
					},
					"scale": {
						"0.0": {
							"vector": [0, 0, 0]
						},
						"0.05": {
							"vector": [0, 0, 0]
						},
						"0.0833": {
							"vector": [1, 1, 1]
						}
					}
				}
			},
			"sound_effects": {
				"0.1833": {
					"effect": "shell"
				}
			}
		},
		"animation.model.finish": {
			"loop": true,
			"animation_length": 1.4667,
			"bones": {
				"main": {
					"rotation": {
						"0.0": {
							"vector": [-3.51843, -8.74578, -16.86106],
							"easing": "easeInOutSine"
						},
						"0.3333": {
							"vector": [-18.07903, -21.43158, 14.42169]
						},
						"0.5": {
							"vector": [-12.6975, -23.35591, 4.7502]
						},
						"0.6": {
							"vector": [-15.15199, -18.6739, 14.14715],
							"easing": "easeInOutSine"
						},
						"0.8833": {
							"vector": [0.58201, -1.04064, 2.6563],
							"easing": "easeInOutSine"
						},
						"1.0333": {
							"vector": [0.32388, 0.39763, -2.15014]
						},
						"1.1333": {
							"vector": [0, 0, 0]
						}
					},
					"position": {
						"0.0": {
							"vector": [-1.2, -2.925, 0],
							"easing": "easeInOutSine"
						},
						"0.1667": {
							"vector": [-1.88608, -8.61059, -0.1992],
							"easing": "easeOutSine"
						},
						"0.3167": {
							"vector": [-2.715, -7.66, -0.59],
							"easing": "easeOutSine"
						},
						"0.4167": {
							"vector": [-3.81249, -10.24488, 1.22394],
							"easing": "easeInOutSine"
						},
						"0.4833": {
							"vector": [-3.99018, -9.70635, 1.83935],
							"easing": "easeOutSine"
						},
						"0.6": {
							"vector": [-2.9937, -7.49312, -0.93944],
							"easing": "easeInSine"
						},
						"0.8667": {
							"vector": [0.4, -1.175, -2.6],
							"easing": "easeOutSine"
						},
						"0.9833": {
							"vector": [0.16, -0.15, 0.6]
						},
						"1.0833": {
							"vector": [0, 0, 0]
						}
					}
				},
				"pump": {
					"rotation": {
						"0.0": {
							"vector": [0, 0, 0]
						},
						"0.2333": {
							"vector": [0, 0, 0]
						},
						"0.6": {
							"vector": [0, 0, 0]
						}
					},
					"position": {
						"0.0": {
							"vector": [0, 0, 0]
						},
						"0.2333": {
							"vector": [0, 0, 0]
						},
						"0.35": {
							"vector": [0, 0, 9.7],
							"easing": "easeInOutSine"
						},
						"0.5": {
							"vector": [0, 0, 9.7]
						},
						"0.6": {
							"vector": [0, 0, 0]
						}
					}
				},
				"action": {
					"rotation": {
						"0.0": {
							"vector": [0, 0, 0]
						},
						"0.2333": {
							"vector": [0, 0, 0]
						},
						"0.6": {
							"vector": [0, 0, 0]
						}
					},
					"position": {
						"0.0": {
							"vector": [0, 0, 0]
						},
						"0.2333": {
							"vector": [0, 0, 0]
						},
						"0.35": {
							"vector": [0, 0, 8.6]
						},
						"0.5": {
							"vector": [0, 0, 8.6]
						},
						"0.6": {
							"vector": [0, 0, 0]
						}
					}
				},
				"leftarm": {
					"rotation": {
						"0.0": {
							"vector": [67.94179, 26.58245, 52.42866]
						},
						"0.1833": {
							"vector": [-6.49121, 8.5515, -1.64935]
						},
						"0.2333": {
							"vector": [-6.49121, 8.5515, -1.64935]
						},
						"0.35": {
							"vector": [-15.8016, 11.67054, -7.16886],
							"easing": "easeInOutSine"
						},
						"0.5": {
							"vector": [-16.4572, 6.61576, -10.90385]
						},
						"0.6": {
							"vector": [-6.49121, 8.5515, -1.64935]
						},
						"0.8167": {
							"vector": [0, 0, 0]
						}
					},
					"position": {
						"0.0": {
							"vector": [15.81872, 0.14709, 43.24229]
						},
						"0.1833": {
							"vector": [3.41305, -0.44827, -3.5625]
						},
						"0.2333": {
							"vector": [3.41305, -0.44827, -3.5625]
						},
						"0.35": {
							"vector": [6.77338, -0.52151, 2.89949],
							"easing": "easeInOutSine"
						},
						"0.5": {
							"vector": [6.77338, -0.52151, 2.89949],
							"easing": "easeInOutSine"
						},
						"0.6": {
							"vector": [3.41305, -0.44827, -3.5625]
						},
						"0.8167": {
							"vector": [0, 0, 0]
						}
					}
				},
				"_camera_": {
					"rotation": {
						"0.0": {
							"vector": [3.04554, 1.44174, 1.13189],
							"easing": "easeInOutSine"
						},
						"0.1833": {
							"vector": [1.51254, 0.28917, -1.47974],
							"easing": "easeInSine"
						},
						"0.3333": {
							"vector": [2.15649, -0.53216, 0.34915],
							"easing": "easeInOutSine"
						},
						"0.4167": {
							"vector": [3.11711, -0.42069, -1.05029]
						},
						"0.4667": {
							"vector": [3.31502, -0.36063, -0.92622]
						},
						"0.6": {
							"vector": [2.17741, -0.27424, -0.62269],
							"easing": "easeOutSine"
						},
						"0.6833": {
							"vector": [2.1212, -0.2759, 0.72805]
						},
						"0.9167": {
							"vector": [0.77376, -0.1888, -1.70458],
							"easing": "easeInSine"
						},
						"1.1": {
							"vector": [0, 0, 0],
							"easing": "easeOutSine"
						}
					},
					"position": {
						"0.0": {
							"vector": [0, 0, 0]
						},
						"1.1": {
							"vector": [0, 0, 0],
							"easing": "easeInOutSine"
						}
					}
				}
			},
			"sound_effects": {
				"0.1667": {
					"effect": "hl_spas12_pump1"
				},
				"0.4833": {
					"effect": "hl_spas12_pump2"
				},
				"0.65": {
					"effect": "foley_end"
				}
			}
		},
		"animation.model.fire": {
			"loop": true,
			"animation_length": 0.9667,
			"bones": {
				"main": {
					"rotation": {
						"0.0": {
							"vector": [0, 0, 0]
						},
						"0.05": {
							"vector": [-13.22497, -0.50031, -5.72827]
						},
						"0.1833": {
							"vector": [-1.18686, -1.25927, 6.78005]
						},
						"0.35": {
							"vector": [-6.95253, -5.06622, 4.60168],
							"easing": "easeInOutSine"
						},
						"0.4167": {
							"vector": [-4.50219, -6.88342, -1.9459],
							"easing": "easeInQuad"
						},
						"0.5": {
							"vector": [-5.22767, -6.2989, 4.83026],
							"easing": "easeInOutSine"
						},
						"0.5667": {
							"vector": [-3.94133, -5.34298, -0.03747]
						},
						"0.7167": {
							"vector": [0.58201, -1.04064, 2.6563],
							"easing": "easeInOutSine"
						},
						"0.8667": {
							"vector": [0.32388, 0.39763, -2.15014]
						},
						"0.9667": {
							"vector": [0, 0, 0]
						}
					},
					"position": {
						"0.0": {
							"vector": [0, 0, 0]
						},
						"0.05": {
							"vector": [-0.03583, 0.20807, 3.18825]
						},
						"0.35": {
							"vector": [-1.35688, -3.08878, 5.57101],
							"easing": "easeOutElastic"
						},
						"0.5": {
							"vector": [-1.07354, -3.27082, 3.29214],
							"easing": "easeInOutSine"
						},
						"0.7": {
							"vector": [0.4, -1.175, -2.6],
							"easing": "easeOutSine"
						},
						"0.8167": {
							"vector": [0.16, -0.15, 0.6]
						},
						"0.9167": {
							"vector": [0, 0, 0]
						}
					}
				},
				"_camera_": {
					"rotation": {
						"0.0": {
							"vector": [0, 0, 0]
						},
						"0.05": {
							"vector": [-7.49887, -0.13052, -0.99145]
						},
						"0.2167": {
							"vector": [-5.67372, 0.12236, 2.02218],
							"easing": "easeInOutSine"
						},
						"0.3333": {
							"vector": [-2.27471, -0.02659, -1.43648]
						},
						"0.4167": {
							"vector": [-0.37909, -0.02633, 1.08528]
						},
						"0.55": {
							"vector": [-0.32111, -0.01274, 0.23207],
							"easing": "easeInOutSine"
						},
						"0.7": {
							"vector": [0.49794, -0.01943, 1.16757]
						},
						"0.95": {
							"vector": [0, 0, 0]
						}
					}
				},
				"pump": {
					"rotation": {
						"0.0": {
							"vector": [0, 0, 0]
						},
						"0.2167": {
							"vector": [0, 0, 0]
						},
						"0.5167": {
							"vector": [0, 0, 0]
						}
					},
					"position": {
						"0.0": {
							"vector": [0, 0, 0]
						},
						"0.2167": {
							"vector": [0, 0, 0]
						},
						"0.3167": {
							"vector": [0, 0, 9.7],
							"easing": "easeInOutSine"
						},
						"0.4333": {
							"vector": [0, 0, 9.7]
						},
						"0.5167": {
							"vector": [0, 0, 0]
						}
					}
				},
				"action": {
					"rotation": {
						"0.0": {
							"vector": [0, 0, 0]
						},
						"0.2167": {
							"vector": [0, 0, 0]
						},
						"0.5167": {
							"vector": [0, 0, 0]
						}
					},
					"position": {
						"0.0": {
							"vector": [0, 0, 0]
						},
						"0.2167": {
							"vector": [0, 0, 0]
						},
						"0.3167": {
							"vector": [0, 0, 8.6]
						},
						"0.4333": {
							"vector": [0, 0, 8.6]
						},
						"0.5167": {
							"vector": [0, 0, 0]
						}
					}
				},
				"shell": {
					"rotation": {
						"0.0": {
							"vector": [0, 0, 0]
						},
						"0.25": {
							"vector": [0, 0, 0]
						},
						"0.3": {
							"vector": [11.25, 0, 0]
						},
						"0.35": {
							"vector": [1.04852, 17.49725, 0.31528]
						},
						"0.4": {
							"vector": [40.13672, -11.72631, -51.54685]
						},
						"0.45": {
							"vector": [77.01537, 30.7905, -125.02275]
						},
						"0.55": {
							"vector": [0, 0, 0]
						},
						"0.65": {
							"vector": [0, 0, 0]
						}
					},
					"position": {
						"0.0": {
							"vector": [0, 0, 0]
						},
						"0.25": {
							"vector": [0, 0, 0]
						},
						"0.3": {
							"vector": [-0.075, 3.45, 7.05]
						},
						"0.35": {
							"vector": [-1.87, 3.55, 9]
						},
						"0.4": {
							"vector": [-22.37, 4.175, 7.05]
						},
						"0.45": {
							"vector": [-58.615, -14.15, 7.05]
						},
						"0.5": {
							"vector": [-58.62, -42.175, 7.05]
						},
						"0.55": {
							"vector": [3.105, -42.18, 35.15]
						},
						"0.6": {
							"vector": [0.125, -0.79, 25.455]
						},
						"0.65": {
							"vector": [0, 0, 0]
						}
					},
					"scale": {
						"0.0": {
							"vector": [1, 1, 1]
						},
						"0.25": {
							"vector": [1, 1, 1]
						},
						"0.5": {
							"vector": [1, 1, 1]
						},
						"0.55": {
							"vector": [0.2625, 0.19, 0.0575]
						},
						"0.6": {
							"vector": [0.2625, 0.19, 0.0575]
						},
						"0.65": {
							"vector": [1, 1, 1]
						}
					}
				},
				"leftarm": {
					"rotation": {
						"0.0": {
							"vector": [0, 0, 0]
						},
						"0.2167": {
							"vector": [0, 0, 0]
						},
						"0.3167": {
							"vector": [-13.59079, 2.94012, -2.73376]
						},
						"0.4333": {
							"vector": [-13.59079, 2.94012, -2.73376]
						},
						"0.5167": {
							"vector": [0, 0, 0]
						}
					},
					"position": {
						"0.0": {
							"vector": [0, 0, 0]
						},
						"0.2167": {
							"vector": [0, 0, 0]
						},
						"0.3167": {
							"vector": [2.8, -3, 6.5]
						},
						"0.4333": {
							"vector": [2.8, -3, 6.5]
						},
						"0.5167": {
							"vector": [0, 0, 0]
						}
					}
				},
				"shell2": {
					"rotation": {
						"0.0": {
							"vector": [0, 0, 0]
						},
						"0.25": {
							"vector": [0, 0, 0]
						},
						"0.3": {
							"vector": [11.25, 0, 0]
						},
						"0.35": {
							"vector": [1.04852, 17.49725, 0.31528]
						},
						"0.4": {
							"vector": [40.13672, -11.72631, -51.54685]
						},
						"0.45": {
							"vector": [77.01537, 30.7905, -125.02275]
						},
						"0.55": {
							"vector": [0, 0, 0]
						},
						"0.65": {
							"vector": [0, 0, 0]
						}
					},
					"position": {
						"0.0": {
							"vector": [0, 0, 0]
						},
						"0.25": {
							"vector": [0, 0, 0]
						},
						"0.3": {
							"vector": [-0.075, 3.45, 7.05]
						},
						"0.35": {
							"vector": [-1.87, 3.55, 9]
						},
						"0.4": {
							"vector": [-22.37, 4.175, 7.05]
						},
						"0.45": {
							"vector": [-58.615, -14.15, 7.05]
						},
						"0.5": {
							"vector": [-58.62, -42.175, 7.05]
						},
						"0.55": {
							"vector": [3.105, -42.18, 35.15]
						},
						"0.6": {
							"vector": [0.125, -0.79, 25.455]
						},
						"0.65": {
							"vector": [0, 0, 0]
						}
					},
					"scale": {
						"0.0": {
							"vector": [1, 1, 1]
						},
						"0.25": {
							"vector": [1, 1, 1]
						},
						"0.5": {
							"vector": [1, 1, 1]
						},
						"0.55": {
							"vector": [0.2625, 0.19, 0.0575]
						},
						"0.6": {
							"vector": [0.2625, 0.19, 0.0575]
						},
						"0.65": {
							"vector": [1, 1, 1]
						}
					}
				}
			},
			"sound_effects": {
				"0.1333": {
					"effect": "hl_spas12_pump1"
				},
				"0.4167": {
					"effect": "hl_spas12_pump2"
				}
			}
		},
		"animation.model.firealt": {
			"loop": true,
			"animation_length": 1.4333,
			"bones": {
				"main": {
					"rotation": {
						"0.0": {
							"vector": [0, 0, 0]
						},
						"0.0667": {
							"vector": [-9.43202, -1.03425, -8.9344]
						},
						"0.25": {
							"vector": [-6.94126, 0.69808, 3.20092],
							"easing": "easeOutSine"
						},
						"0.3833": {
							"vector": [-3.66399, -0.62032, -1.7136]
						},
						"0.5167": {
							"vector": [0.73912, -1.47195, 2.96611],
							"easing": "easeInSine"
						},
						"0.7333": {
							"vector": [-6.95253, -5.06622, 4.60168],
							"easing": "easeInOutSine"
						},
						"0.8": {
							"vector": [-4.65151, -6.78367, -0.69097]
						},
						"0.9167": {
							"vector": [-5.22767, -6.2989, 4.83026],
							"easing": "easeInOutSine"
						},
						"0.9833": {
							"vector": [-3.94133, -5.34298, -0.03747]
						},
						"1.1833": {
							"vector": [0.58201, -1.04064, 2.6563],
							"easing": "easeInOutSine"
						},
						"1.3333": {
							"vector": [0.32388, 0.39763, -2.15014]
						},
						"1.4333": {
							"vector": [0, 0, 0]
						}
					},
					"position": {
						"0.0": {
							"vector": [0, 0, 0]
						},
						"0.05": {
							"vector": [-0.87596, -2.32846, 6.57231]
						},
						"0.2": {
							"vector": [-0.875, -2.26, 6.4]
						},
						"0.55": {
							"vector": [0, -1.085, 1.24]
						},
						"0.7333": {
							"vector": [-1.35688, -4.08878, 3.57101],
							"easing": "easeInOutSine"
						},
						"0.9167": {
							"vector": [-1.07354, -4.27082, 2.29214],
							"easing": "easeInOutSine"
						},
						"1.1667": {
							"vector": [0.4, -1.175, -2.6],
							"easing": "easeOutSine"
						},
						"1.2833": {
							"vector": [0.16, -0.15, 0.6]
						},
						"1.3833": {
							"vector": [0, 0, 0]
						}
					}
				},
				"gun": {
					"rotation": {
						"0.0": {
							"vector": [0, 0, 0]
						},
						"0.05": {
							"vector": [-7.5, 0, 0]
						},
						"0.15": {
							"vector": [-5.65, 0, 0]
						},
						"0.2667": {
							"vector": [0, 0, 0],
							"easing": "easeInOutSine"
						}
					},
					"position": {
						"vector": [0, 0, 0]
					}
				},
				"pump": {
					"rotation": {
						"0.5833": {
							"vector": [0, 0, 0]
						},
						"0.95": {
							"vector": [0, 0, 0]
						}
					},
					"position": {
						"0.5833": {
							"vector": [0, 0, 0]
						},
						"0.7": {
							"vector": [0, 0, 9.7],
							"easing": "easeInOutSine"
						},
						"0.8667": {
							"vector": [0, 0, 9.7]
						},
						"0.95": {
							"vector": [0, 0, 0]
						}
					}
				},
				"action": {
					"rotation": {
						"0.6": {
							"vector": [0, 0, 0]
						},
						"0.95": {
							"vector": [0, 0, 0]
						}
					},
					"position": {
						"0.6": {
							"vector": [0, 0, 0]
						},
						"0.7": {
							"vector": [0, 0, 8.6]
						},
						"0.8667": {
							"vector": [0, 0, 8.6]
						},
						"0.95": {
							"vector": [0, 0, 0]
						}
					}
				},
				"shell": {
					"rotation": {
						"0.6333": {
							"vector": [0, 0, 0]
						},
						"0.6833": {
							"vector": [11.25, 0, 0]
						},
						"0.7333": {
							"vector": [1.04852, 17.49725, 0.31528]
						},
						"0.7833": {
							"vector": [40.13672, -11.72631, -51.54685]
						},
						"0.8333": {
							"vector": [77.01537, 30.7905, -125.02275]
						},
						"0.9333": {
							"vector": [0, 0, 0]
						},
						"1.0333": {
							"vector": [0, 0, 0]
						}
					},
					"position": {
						"0.6333": {
							"vector": [0, 0, 0]
						},
						"0.6833": {
							"vector": [-0.075, 3.45, 7.05]
						},
						"0.7333": {
							"vector": [-1.87, 3.55, 9]
						},
						"0.7833": {
							"vector": [-23.13726, 3.53047, 0.12209]
						},
						"0.8333": {
							"vector": [-60.23037, -15.32712, -6.80659]
						},
						"0.8833": {
							"vector": [-60.17442, -43.42183, -6.80746]
						},
						"0.9333": {
							"vector": [3.105, -42.18, 35.15]
						},
						"0.9833": {
							"vector": [0.125, -0.79, 25.455]
						},
						"1.0333": {
							"vector": [0, 0, 0]
						}
					},
					"scale": {
						"0.6333": {
							"vector": [1, 1, 1]
						},
						"0.8833": {
							"vector": [1, 1, 1]
						},
						"0.9333": {
							"vector": [0.2625, 0.19, 0.0575]
						},
						"0.9833": {
							"vector": [0.2625, 0.19, 0.0575]
						},
						"1.0333": {
							"vector": [1, 1, 1]
						}
					}
				},
				"leftarm": {
					"rotation": {
						"0.0": {
							"vector": [0, 0, 0]
						},
						"0.05": {
							"vector": [4.5, 0, 0]
						},
						"0.3167": {
							"vector": [7.19093, -0.51742, -9.25988]
						},
						"0.4833": {
							"vector": [0, 0, 0],
							"easing": "easeInOutSine"
						},
						"0.5833": {
							"vector": [0, 0, 0]
						},
						"0.7": {
							"vector": [-13.59079, 2.94012, -2.73376]
						},
						"0.8667": {
							"vector": [-13.59079, 2.94012, -2.73376]
						},
						"0.95": {
							"vector": [0, 0, 0]
						}
					},
					"position": {
						"0.0": {
							"vector": [0, 0, 0]
						},
						"0.05": {
							"vector": [-0.21957, -2.14098, 0.45606]
						},
						"0.3167": {
							"vector": [2.818, -1.13278, 0.27745]
						},
						"0.4833": {
							"vector": [0, 0, 0],
							"easing": "easeInOutSine"
						},
						"0.5833": {
							"vector": [0, 0, 0]
						},
						"0.7": {
							"vector": [2.8, -3, 6.5]
						},
						"0.8667": {
							"vector": [2.8, -3, 6.5]
						},
						"0.95": {
							"vector": [0, 0, 0]
						}
					}
				},
				"_camera_": {
					"rotation": {
						"0.0": {
							"vector": [0, 0, 0]
						},
						"0.0667": {
							"vector": [-14.24887, -0.13052, -0.99145]
						},
						"0.2167": {
							"vector": [-10.92372, 0.12236, 2.02218],
							"easing": "easeInOutSine"
						},
						"0.4333": {
							"vector": [-3.39904, -0.04841, -0.38908],
							"easing": "easeOutSine"
						},
						"0.55": {
							"vector": [-0.37909, -0.02633, 1.08528],
							"easing": "easeOutSine"
						},
						"0.65": {
							"vector": [0.62261, -0.04449, -1.66466],
							"easing": "easeInOutSine"
						},
						"0.8333": {
							"vector": [0.11992, -0.04753, 1.83532],
							"easing": "easeInOutSine"
						},
						"0.9333": {
							"vector": [-0.37842, -0.03459, -0.16469],
							"easing": "easeOutSine"
						},
						"1.1333": {
							"vector": [1.03993, -0.00561, -0.84137],
							"easing": "easeOutSine"
						},
						"1.3833": {
							"vector": [0, 0, 0],
							"easing": "easeInOutSine"
						}
					}
				}
			},
			"sound_effects": {
				"0.5": {
					"effect": "hl_spas12_altpump1"
				},
				"0.8167": {
					"effect": "hl_spas12_altpump2"
				}
			}
		},
		"animation.model.inspect": {
			"loop": true,
			"animation_length": 3.9833,
			"bones": {
				"main": {
					"rotation": {
						"0.0": {
							"vector": [0, 0, 0]
						},
						"0.3333": {
							"vector": [-2.74686, -17.88179, -15.52784],
							"easing": "easeOutSine"
						},
						"0.45": {
							"vector": [-3.36729, -18.70572, -12.04912],
							"easing": "easeInOutSine"
						},
						"0.6": {
							"vector": [-3.10893, -18.78718, -13.63082]
						},
						"0.7333": {
							"vector": [-3.94387, -18.72205, -12.58909]
						},
						"0.9333": {
							"vector": [-3.06196, -18.74805, -12.99955]
						},
						"1.1333": {
							"vector": [-3.4, -18.72304, -12.61112]
						},
						"1.3667": {
							"vector": [-2.90798, -18.77706, -13.47795]
						},
						"1.5667": {
							"vector": [-3.39957, -18.7303, -12.72664]
						},
						"1.8667": {
							"vector": [-3.10893, -18.78718, -13.63082]
						},
						"2.1167": {
							"vector": [-3.11317, -18.23831, -12.84041]
						},
						"2.5667": {
							"vector": [-13.37059, 4.72333, 68.55167],
							"easing": "easeInOutSine"
						},
						"2.6667": {
							"vector": [-14.49286, 6.27427, 72.56137]
						},
						"2.7667": {
							"vector": [-14.85475, 4.83303, 67.94694]
						},
						"2.9333": {
							"vector": [-14.80365, 4.99078, 68.54482]
						},
						"3.0333": {
							"vector": [-14.26439, 4.12563, 69.75266]
						},
						"3.1667": {
							"vector": [-14.07489, 2.38412, 66.54991],
							"easing": "easeInOutSine"
						},
						"3.45": {
							"vector": [0.58201, -1.04064, 2.6563],
							"easing": "easeInOutSine"
						},
						"3.6": {
							"vector": [0.32388, 0.39763, -2.15014]
						},
						"3.7": {
							"vector": [0, 0, 0]
						}
					},
					"position": {
						"0.0": {
							"vector": [0, 0, 0]
						},
						"0.1667": {
							"vector": [-1.27, -1.775, 0],
							"easing": "easeOutSine"
						},
						"0.3333": {
							"vector": [-2.55, -0.925, 0],
							"easing": "easeOutSine"
						},
						"0.45": {
							"vector": [-2.64113, -1.21387, 0.30962],
							"easing": "easeInOutSine"
						},
						"0.6": {
							"vector": [-2.55, -1.17, 0]
						},
						"0.8333": {
							"vector": [-2.48341, -1.43624, -0.01761]
						},
						"1.2167": {
							"vector": [-2.51, -1.32, -0.01]
						},
						"1.8": {
							"vector": [-2.4668, -1.50141, -0.02508]
						},
						"2.1167": {
							"vector": [-2.48929, -2.06199, -0.01595],
							"easing": "easeInSine"
						},
						"2.4167": {
							"vector": [-1.39, -5.66, -0.02],
							"easing": "easeInSine"
						},
						"2.6": {
							"vector": [-0.14, -5.185, -0.02],
							"easing": "easeOutSine"
						},
						"2.7": {
							"vector": [-0.42546, -4.98832, 1.97811]
						},
						"2.8167": {
							"vector": [-0.5402, -5.30491, 2.13726]
						},
						"2.9667": {
							"vector": [-0.35482, -5.0196, 1.7302]
						},
						"3.1167": {
							"vector": [-0.14, -4.735, -0.02],
							"easing": "easeInOutSine"
						},
						"3.4": {
							"vector": [0.4, 0, -2.6],
							"easing": "easeInOutSine"
						},
						"3.55": {
							"vector": [0.16, -0.15, 0.6]
						},
						"3.65": {
							"vector": [0, 0, 0]
						}
					}
				},
				"pump": {
					"position": {
						"0.0": {
							"vector": [0, 0, 0]
						},
						"2.6": {
							"vector": [0, 0, 0]
						},
						"2.6667": {
							"vector": [0, 0, 3]
						},
						"2.9667": {
							"vector": [0, 0, 3]
						},
						"3.05": {
							"vector": [0, 0, 0]
						}
					}
				},
				"action": {
					"position": {
						"0.0": {
							"vector": [0, 0, 0]
						},
						"2.6": {
							"vector": [0, 0, 0]
						},
						"2.6833": {
							"vector": [0, 0, 3],
							"easing": "easeInOutSine"
						},
						"2.9667": {
							"vector": [0, 0, 3]
						},
						"3.05": {
							"vector": [0, 0, 0],
							"easing": "easeInOutSine"
						}
					}
				},
				"shell": {
					"rotation": {
						"0.0": {
							"vector": [0, 0, 27.25]
						},
						"2.6": {
							"vector": [0, 0, 27.25]
						}
					},
					"position": {
						"0.0": {
							"vector": [-0.01888, 3.14094, 6.125]
						},
						"2.6": {
							"vector": [-0.01888, 3.14094, 6.125]
						}
					}
				},
				"leftarm": {
					"rotation": {
						"0.0": {
							"vector": [0, 0, 0]
						},
						"0.2833": {
							"vector": [-12.5, 0, 0]
						},
						"2.1333": {
							"vector": [-12.5, 0, 0]
						},
						"2.4833": {
							"vector": [-18.69495, 14.87991, -31.47521]
						},
						"2.6": {
							"vector": [-18.18627, 13.63002, -29.53636]
						},
						"2.6667": {
							"vector": [-27.43627, 13.63002, -29.53636]
						},
						"2.9667": {
							"vector": [-27.43627, 13.63002, -29.53636]
						},
						"3.05": {
							"vector": [-18.18627, 13.63002, -29.53636]
						},
						"3.1667": {
							"vector": [-19.41111, 0.45288, -38.26865]
						},
						"3.4333": {
							"vector": [0, 0, 0]
						}
					},
					"position": {
						"0.0": {
							"vector": [0, 0, 0]
						},
						"0.1333": {
							"vector": [2.16896, -2.71544, 4.29995]
						},
						"0.2833": {
							"vector": [1.76652, -3.67854, 4.28901]
						},
						"2.1333": {
							"vector": [1.76652, -3.67854, 4.28901]
						},
						"2.2667": {
							"vector": [6.175, 0.26, 0.32]
						},
						"2.4833": {
							"vector": [9.00084, 8.06977, -6.4949]
						},
						"2.6": {
							"vector": [8.8, 7.70385, -6.41496]
						},
						"2.6667": {
							"vector": [9.31569, 6.34133, -6.01795]
						},
						"2.9667": {
							"vector": [9.31569, 6.34133, -6.01795]
						},
						"3.05": {
							"vector": [8.8, 7.70385, -6.41496]
						},
						"3.1667": {
							"vector": [8.8, 7.70385, -6.41496]
						},
						"3.4333": {
							"vector": [0, 0, 0]
						}
					}
				},
				"_camera_": {
					"rotation": {
						"0.0": {
							"vector": [0, 0, 0]
						},
						"0.2": {
							"vector": [2.72303, 1.56032, -0.29295],
							"easing": "easeInOutSine"
						},
						"0.4": {
							"vector": [1.78132, 2.98495, 0.47747],
							"easing": "easeOutSine"
						},
						"0.55": {
							"vector": [2.35848, 2.91115, 1.97764]
						},
						"0.75": {
							"vector": [2.30731, 2.95186, 0.97716],
							"easing": "easeInOutSine"
						},
						"1.6833": {
							"vector": [3.43771, 4.79201, -0.45452],
							"easing": "easeInOutSine"
						},
						"2.1167": {
							"vector": [3.73298, 4.51643, 0.03682],
							"easing": "easeInOutSine"
						},
						"2.5667": {
							"vector": [7.45505, 0.3693, 1.25843]
						},
						"2.6833": {
							"vector": [7.96, 0.37, 1.76]
						},
						"2.7833": {
							"vector": [8.11, 0.37, 0.36]
						},
						"2.9833": {
							"vector": [8.61, 0.37, 1.36]
						},
						"3.1": {
							"vector": [7.45505, 0.3693, 1.50843],
							"easing": "easeInOutSine"
						},
						"3.2": {
							"vector": [7.29, 0.36, -0.29]
						},
						"3.4167": {
							"vector": [2.66, 0.95, -1.66],
							"easing": "easeOutSine"
						},
						"3.6667": {
							"vector": [0, 0, 0],
							"easing": "easeInOutSine"
						}
					}
				}
			},
			"sound_effects": {
				"0.0": {
					"effect": "inspect_up"
				},
				"1.8667": {
					"effect": "inspect_turn"
				},
				"2.5333": {
					"effect": "hl_spas12_open"
				},
				"2.9": {
					"effect": "hl_spas12_pump2"
				},
				"3.0833": {
					"effect": "draw"
				}
			}
		},
		"animation.model.inspectempty": {
			"loop": true,
			"animation_length": 4.7833,
			"bones": {
				"main": {
					"rotation": {
						"0.0": {
							"vector": [0, 0, 0]
						},
						"0.3333": {
							"vector": [-2.74686, -17.88179, -15.52784],
							"easing": "easeOutSine"
						},
						"0.45": {
							"vector": [-3.36729, -18.70572, -12.04912],
							"easing": "easeInOutSine"
						},
						"0.6": {
							"vector": [-3.10893, -18.78718, -13.63082]
						},
						"0.7333": {
							"vector": [-3.94387, -18.72205, -12.58909]
						},
						"0.9333": {
							"vector": [-3.06196, -18.74805, -12.99955]
						},
						"1.1333": {
							"vector": [-3.4, -18.72304, -12.61112]
						},
						"1.3667": {
							"vector": [-2.90798, -18.77706, -13.47795]
						},
						"1.5667": {
							"vector": [-3.39957, -18.7303, -12.72664]
						},
						"1.8667": {
							"vector": [-3.10893, -18.78718, -13.63082]
						},
						"2.1167": {
							"vector": [-3.11317, -18.23831, -12.84041]
						},
						"2.5667": {
							"vector": [-13.37059, 4.72333, 68.55167],
							"easing": "easeInOutSine"
						},
						"2.6833": {
							"vector": [-14.49286, 6.27427, 72.56137]
						},
						"2.8": {
							"vector": [-14.85475, 4.83303, 67.94694]
						},
						"2.95": {
							"vector": [-14.74353, 5.16796, 69.21983]
						},
						"3.2667": {
							"vector": [-14.32588, 6.24875, 73.40873],
							"easing": "easeInOutSine"
						},
						"3.4833": {
							"vector": [-14.40424, 6.06268, 72.67797]
						},
						"3.5833": {
							"vector": [-14.11618, 4.61597, 71.69728]
						},
						"3.7167": {
							"vector": [-14.07489, 2.38412, 66.54991],
							"easing": "easeInOutSine"
						},
						"4.0": {
							"vector": [0.58201, -1.04064, 2.6563],
							"easing": "easeInOutSine"
						},
						"4.15": {
							"vector": [0.32388, 0.39763, -2.15014]
						},
						"4.25": {
							"vector": [0, 0, 0]
						}
					},
					"position": {
						"0.0": {
							"vector": [0, 0, 0]
						},
						"0.1667": {
							"vector": [-1.27, -1.775, 0],
							"easing": "easeOutSine"
						},
						"0.3333": {
							"vector": [-2.55, -0.925, 0],
							"easing": "easeOutSine"
						},
						"0.45": {
							"vector": [-2.64113, -1.21387, 0.30962],
							"easing": "easeInOutSine"
						},
						"0.6": {
							"vector": [-2.55, -1.17, 0]
						},
						"0.8333": {
							"vector": [-2.48341, -1.43624, -0.01761]
						},
						"1.2167": {
							"vector": [-2.51, -1.32, -0.01]
						},
						"1.8": {
							"vector": [-2.4668, -1.50141, -0.02508]
						},
						"2.1167": {
							"vector": [-2.48929, -2.06199, -0.01595],
							"easing": "easeInSine"
						},
						"2.4167": {
							"vector": [-1.39, -5.66, -0.02],
							"easing": "easeInSine"
						},
						"2.6": {
							"vector": [-0.14, -5.185, -0.02],
							"easing": "easeOutSine"
						},
						"2.7167": {
							"vector": [-0.42546, -4.98832, 1.97811]
						},
						"2.85": {
							"vector": [-0.5402, -5.30491, 2.13726]
						},
						"3.05": {
							"vector": [-0.39012, -5.18446, 2.04566]
						},
						"3.2667": {
							"vector": [-0.37, -5.26, 1.9]
						},
						"3.5167": {
							"vector": [-0.35482, -5.0196, 1.7302]
						},
						"3.6667": {
							"vector": [-0.14, -4.735, -0.02],
							"easing": "easeInOutSine"
						},
						"3.95": {
							"vector": [0.4, 0, -2.6],
							"easing": "easeInOutSine"
						},
						"4.1": {
							"vector": [0.16, -0.15, 0.6]
						},
						"4.2": {
							"vector": [0, 0, 0]
						}
					}
				},
				"pump": {
					"position": {
						"0.0": {
							"vector": [0, 0, 0]
						},
						"2.6": {
							"vector": [0, 0, 0]
						},
						"2.7": {
							"vector": [0, 0, 9.7],
							"easing": "easeInOutSine"
						},
						"3.5167": {
							"vector": [0, 0, 9.7],
							"easing": "easeInOutSine"
						},
						"3.65": {
							"vector": [0, 0, 0]
						}
					}
				},
				"action": {
					"position": {
						"0.0": {
							"vector": [0, 0, 0]
						},
						"2.6": {
							"vector": [0, 0, 0]
						},
						"2.7167": {
							"vector": [0, 0, 8.6]
						},
						"3.5167": {
							"vector": [0, 0, 8.6]
						},
						"3.65": {
							"vector": [0, 0, 0],
							"easing": "easeInOutSine"
						}
					}
				},
				"shell": {
					"scale": {
						"vector": [0, 0, 0]
					}
				},
				"leftarm": {
					"rotation": {
						"0.0": {
							"vector": [0, 0, 0]
						},
						"0.2833": {
							"vector": [-12.5, 0, 0]
						},
						"2.1333": {
							"vector": [-12.5, 0, 0]
						},
						"2.4833": {
							"vector": [-18.69495, 14.87991, -31.47521]
						},
						"2.6": {
							"vector": [-18.18627, 13.63002, -29.53636]
						},
						"2.7": {
							"vector": [-27.43627, 13.63002, -29.53636]
						},
						"3.5167": {
							"vector": [-27.43627, 13.63002, -29.53636]
						},
						"3.65": {
							"vector": [-18.18627, 13.63002, -29.53636]
						},
						"3.7667": {
							"vector": [-19.41111, 0.45288, -38.26865]
						},
						"4.0333": {
							"vector": [0, 0, 0]
						}
					},
					"position": {
						"0.0": {
							"vector": [0, 0, 0]
						},
						"0.1333": {
							"vector": [2.16896, -2.71544, 4.29995]
						},
						"0.2833": {
							"vector": [1.76652, -3.67854, 4.28901]
						},
						"2.1333": {
							"vector": [1.76652, -3.67854, 4.28901]
						},
						"2.2667": {
							"vector": [6.175, 0.26, 0.32]
						},
						"2.4833": {
							"vector": [9.00084, 8.06977, -6.4949]
						},
						"2.6": {
							"vector": [8.8, 7.70385, -6.41496]
						},
						"2.7": {
							"vector": [9.31569, 6.34133, 1.55705]
						},
						"3.5167": {
							"vector": [9.31569, 6.34133, 1.55705]
						},
						"3.65": {
							"vector": [8.8, 7.70385, -6.41496]
						},
						"3.7667": {
							"vector": [8.8, 7.70385, -6.41496]
						},
						"4.0333": {
							"vector": [0, 0, 0]
						}
					}
				},
				"_camera_": {
					"rotation": {
						"0.0": {
							"vector": [0, 0, 0]
						},
						"0.2": {
							"vector": [2.72303, 1.56032, -0.29295],
							"easing": "easeInOutSine"
						},
						"0.4": {
							"vector": [1.78132, 2.98495, 0.47747],
							"easing": "easeOutSine"
						},
						"0.55": {
							"vector": [2.35848, 2.91115, 1.97764]
						},
						"0.75": {
							"vector": [2.30731, 2.95186, 0.97716],
							"easing": "easeInOutSine"
						},
						"1.6833": {
							"vector": [3.43771, 4.79201, -0.45452],
							"easing": "easeInOutSine"
						},
						"2.1167": {
							"vector": [3.73298, 4.51643, 0.03682],
							"easing": "easeInOutSine"
						},
						"2.5667": {
							"vector": [7.45505, 0.3693, 1.25843]
						},
						"2.6833": {
							"vector": [7.96, 0.37, 1.76]
						},
						"2.7833": {
							"vector": [8.11, 0.37, 0.36]
						},
						"2.9833": {
							"vector": [8.25585, 0.31987, 1.1432]
						},
						"3.2167": {
							"vector": [8.92112, 0.34326, 1.24438]
						},
						"3.4833": {
							"vector": [8.61, 0.37, 1.36]
						},
						"3.6": {
							"vector": [7.45505, 0.3693, 1.50843],
							"easing": "easeInOutSine"
						},
						"3.7": {
							"vector": [4.79, 0.36, -0.29]
						},
						"3.9167": {
							"vector": [2.66, 0.95, -1.66],
							"easing": "easeOutSine"
						},
						"4.1667": {
							"vector": [0, 0, 0],
							"easing": "easeInOutSine"
						}
					}
				},
				"shell2": {
					"scale": {
						"vector": [0, 0, 0]
					}
				}
			},
			"sound_effects": {
				"0.0": {
					"effect": "inspect_up"
				},
				"1.8667": {
					"effect": "inspect_turn"
				},
				"2.5667": {
					"effect": "hl_spas12_pump1"
				},
				"3.5167": {
					"effect": "hl_spas12_pump2"
				},
				"3.55": {
					"effect": "draw"
				}
			}
		},
		"animation.model.switch": {
			"loop": true,
			"animation_length": 0.7167,
			"bones": {
				"main": {
					"rotation": {
						"0.0": {
							"vector": [0, 0, 0]
						},
						"0.1333": {
							"vector": [-1.75015, 0.74965, -5.77291],
							"easing": "easeInOutSine"
						},
						"0.25": {
							"vector": [-1.19254, 0.38526, 1.23679]
						},
						"0.3833": {
							"vector": [-0.1977, 0.04803, -2.01476],
							"easing": "easeOutQuad"
						},
						"0.4667": {
							"vector": [0, 0, 0],
							"easing": "easeOutSine"
						}
					},
					"position": {
						"0.0": {
							"vector": [0, 0, 0]
						},
						"0.0833": {
							"vector": [-0.18, -0.425, 0.69],
							"easing": "easeOutSine"
						},
						"0.2167": {
							"vector": [-0.325, -0.275, 1.225],
							"easing": "easeInOutSine"
						},
						"0.2833": {
							"vector": [-0.32, -0.555, 1.23]
						},
						"0.4667": {
							"vector": [0, 0, 0],
							"easing": "easeInOutSine"
						}
					}
				},
				"leftarm": {
					"rotation": {
						"0.0": {
							"vector": [0, 0, 0]
						},
						"0.15": {
							"vector": [-21.97695, -2.44572, -0.0793]
						},
						"0.2833": {
							"vector": [-4.75, 0, 0]
						},
						"0.4167": {
							"vector": [0, 0, 0]
						}
					},
					"position": {
						"0.0": {
							"vector": [0, 0, 0]
						},
						"0.15": {
							"vector": [2.225, -3.825, -4.575]
						},
						"0.2833": {
							"vector": [0.85, -0.975, -0.125]
						},
						"0.4167": {
							"vector": [0, 0, 0]
						}
					}
				},
				"_camera_": {
					"rotation": {
						"0.0": {
							"vector": [0, 0, 0]
						},
						"0.15": {
							"vector": [0.74012, 0.75975, -0.75],
							"easing": "easeOutSine"
						},
						"0.25": {
							"vector": [0.54307, 0.54783, -0.04545]
						},
						"0.4667": {
							"vector": [0, 0, 0],
							"easing": "easeInOutSine"
						}
					}
				}
			},
			"sound_effects": {
				"0.1167": {
					"effect": "hl_switch"
				}
			}
		},
		"animation.model.running": {
			"loop": true,
			"animation_length": 0.55,
			"bones": {
				"main": {
					"rotation": {
						"0.0": {
							"vector": [-40.58192, -36.54879, 36.25147]
						},
						"0.1167": {
							"vector": [-38.56421, -29.56773, 36.97213],
							"easing": "easeInSine"
						},
						"0.2333": {
							"vector": [-30.77653, -32.30087, 25.42124],
							"easing": "easeOutSine"
						},
						"0.3": {
							"vector": [-30.15653, -30.57694, 24.23273]
						},
						"0.4333": {
							"vector": [-30.36922, -33.56286, 30.2421],
							"easing": "easeInSine"
						},
						"0.55": {
							"vector": [-40.58192, -36.54879, 36.25147],
							"easing": "easeOutSine"
						}
					},
					"position": {
						"0.0": {
							"vector": [-8, -20.125, 2.6]
						},
						"0.0667": {
							"vector": [-8.075, -22.6, 1.68]
						},
						"0.1333": {
							"vector": [-9.08, -25.12, 0.15]
						},
						"0.2333": {
							"vector": [-10.15, -19.745, -2.3]
						},
						"0.3": {
							"vector": [-10.15, -20.995, -2.3]
						},
						"0.35": {
							"vector": [-9.865, -24.085, -1.89]
						},
						"0.4": {
							"vector": [-9.13, -25.12, 0.02]
						},
						"0.5": {
							"vector": [-8, -19.175, 2.6]
						},
						"0.55": {
							"vector": [-8, -20.125, 2.6]
						}
					}
				}
			}
		},
		"animation.model.runningstart": {
			"animation_length": 0.4,
			"bones": {
				"main": {
					"rotation": {
						"0.0": {
							"vector": [0, 0, 0]
						},
						"0.4": {
							"vector": [-40.58192, -36.54879, 36.25147],
							"easing": "easeInOutSine"
						}
					},
					"position": {
						"0.0": {
							"vector": [0, 0, 0]
						},
						"0.2167": {
							"vector": [0, -28.47, 3.11],
							"easing": "easeInSine"
						},
						"0.3": {
							"vector": [0, -25.65, 4.86]
						},
						"0.4": {
							"vector": [-8, -20.125, 2.6]
						}
					}
				}
			}
		},
		"animation.model.runningend": {
			"animation_length": 0.65,
			"bones": {
				"main": {
					"rotation": {
						"0.0": {
							"vector": [-40.58192, -36.54879, 36.25147],
							"easing": "easeOutSine"
						},
						"0.3333": {
							"vector": [0.5826, -2.79055, 2.63851],
							"easing": "easeInOutSine"
						},
						"0.55": {
							"vector": [0.32388, 0.39763, -2.15014]
						},
						"0.65": {
							"vector": [0, 0, 0]
						}
					},
					"position": {
						"0.0": {
							"vector": [-8, -20.125, 2.6]
						},
						"0.4": {
							"vector": [0.4, 0, -2.6]
						},
						"0.5": {
							"vector": [0.16, -0.15, 0.6]
						},
						"0.6": {
							"vector": [0, 0, 0]
						}
					}
				}
			}
		},
		"animation.model.off_ground_sprinting": {
			"loop": true,
			"animation_length": 1.4667,
			"bones": {
				"main": {
					"rotation": {
						"0.0": {
							"vector": [-40.58192, -36.54879, 36.25147]
						},
						"0.5333": {
							"vector": [-39.4135, -31.36956, 38.60977]
						},
						"1.4667": {
							"vector": [-40.58192, -36.54879, 36.25147],
							"easing": "easeInOutSine"
						}
					},
					"position": {
						"0.0": {
							"vector": [-8, -20.125, -1.4]
						},
						"0.4667": {
							"vector": [-8.61, -24.755, -2.78],
							"easing": "easeInOutSine"
						},
						"0.8667": {
							"vector": [-9.08, -22.72, -3.85],
							"easing": "easeInOutSine"
						},
						"1.4667": {
							"vector": [-8, -20.125, -1.4],
							"easing": "easeInOutSine"
						}
					}
				}
			}
		},
		"animation.model.off_ground": {
			"loop": true,
			"animation_length": 0.1333,
			"bones": {
				"main": {
					"rotation": {
						"vector": [0, 0, 0]
					},
					"position": {
						"vector": [0, 0, 0]
					}
				}
			}
		}
	},
	"geckolib_format_version": 2
}