{
	"format_version": "1.8.0",
	"animations": {
		"animation.model.draw": {
			"loop": true,
			"animation_length": 1.2,
			"bones": {
				"main": {
					"rotation": {
						"0.0": {
							"vector": [32.09413, -54.38778, -8.29667]
						},
						"0.4833": {
							"vector": [0.43837, -1.692, 1.37668],
							"easing": "easeInOutSine"
						},
						"0.6333": {
							"vector": [0, 0, -1.25],
							"easing": "easeOutSine"
						},
						"0.75": {
							"vector": [0, 0, 0],
							"easing": "easeInOutSine"
						}
					},
					"position": {
						"0.0": {
							"vector": [0, -17.3, 7.125]
						},
						"0.3833": {
							"vector": [0, -1.05, -4.55],
							"easing": "easeInOutSine"
						},
						"0.5667": {
							"vector": [0, -1.1, -1.6]
						},
						"0.75": {
							"vector": [0, 0, 0],
							"easing": "easeOutSine"
						}
					}
				},
				"_camera_": {
					"rotation": {
						"0.0": {
							"vector": [0, 0, 0]
						},
						"0.25": {
							"vector": [2.5392, -1.43262, -1.56448],
							"easing": "easeInOutSine"
						},
						"0.4333": {
							"vector": [1.35328, -0.04971, 0.68292],
							"easing": "easeInOutSine"
						},
						"0.5833": {
							"vector": [0.67706, -0.00713, -1.15844],
							"easing": "easeOutSine"
						},
						"0.75": {
							"vector": [0, 0, 0],
							"easing": "easeOutSine"
						}
					}
				}
			},
			"sound_effects": {
				"0.1333": {
					"effect": "hl_draw"
				}
			}
		},
		"animation.model.reload": {
			"loop": true,
			"animation_length": 3.0667,
			"bones": {
				"main": {
					"rotation": {
						"0.0": {
							"vector": [0, 0, 0]
						},
						"0.3333": {
							"vector": [4.63976, -10.98982, 3.2994],
							"easing": "easeInOutSine"
						},
						"0.4667": {
							"vector": [4.56615, -12.23773, 3.56422]
						},
						"0.6167": {
							"vector": [4.51423, -12.73516, 5.82545],
							"easing": "easeInOutSine"
						},
						"0.7333": {
							"vector": [4.60013, -11.73884, 3.80716]
						},
						"0.9": {
							"vector": [4.54575, -10.99168, 4.41558],
							"easing": "easeOutSine"
						},
						"1.1833": {
							"vector": [4.85486, -9.33285, 2.51558],
							"easing": "easeInOutSine"
						},
						"1.3667": {
							"vector": [5.06792, -9.35437, 1.40452],
							"easing": "easeOutSine"
						},
						"1.65": {
							"vector": [4.54575, -10.99168, 4.41558],
							"easing": "easeOutSine"
						},
						"1.7333": {
							"vector": [4.25368, -11.10676, 5.93941]
						},
						"1.8333": {
							"vector": [4.40012, -11.05018, 5.17735]
						},
						"1.9333": {
							"vector": [4.1137, -11.66015, 6.66521]
						},
						"2.0333": {
							"vector": [4.3063, -11.33741, 5.66623]
						},
						"2.15": {
							"vector": [4.1453, -10.39539, 6.50287],
							"easing": "easeOutSine"
						},
						"2.45": {
							"vector": [0.43837, -1.692, 1.37668],
							"easing": "easeInOutSine"
						},
						"2.6": {
							"vector": [0, 0, -1.25],
							"easing": "easeOutSine"
						},
						"2.7167": {
							"vector": [0, 0, 0],
							"easing": "easeInOutSine"
						}
					},
					"position": {
						"0.0": {
							"vector": [0, 0, 0]
						},
						"0.1833": {
							"vector": [0, -1.665, -2.02],
							"easing": "easeInSine"
						},
						"0.4167": {
							"vector": [0, -0.55, -3.5],
							"easing": "easeOutSine"
						},
						"0.55": {
							"vector": [-0.15, 0.43, -3.5]
						},
						"0.6833": {
							"vector": [-0.15, -0.525, -3.5]
						},
						"0.8333": {
							"vector": [-0.3, 0.045, -3.5],
							"easing": "easeInOutSine"
						},
						"1.1": {
							"vector": [-0.825, -1.45, -3.5],
							"easing": "easeInOutSine"
						},
						"1.3333": {
							"vector": [-0.52, -1.675, -3.5],
							"easing": "easeInSine"
						},
						"1.6167": {
							"vector": [-0.575, -0.58, -3.5],
							"easing": "easeInSine"
						},
						"1.8167": {
							"vector": [-0.05, 0.475, -3.5],
							"easing": "easeOutSine"
						},
						"1.9167": {
							"vector": [-0.3, -0.57, -3.5],
							"easing": "easeOutSine"
						},
						"2.1167": {
							"vector": [-0.3, 0.275, -3.5],
							"easing": "easeInOutSine"
						},
						"2.35": {
							"vector": [0, -1.475, -4.55],
							"easing": "easeInOutSine"
						},
						"2.5333": {
							"vector": [0, -1.1, -1.6]
						},
						"2.7167": {
							"vector": [0, 0, 0],
							"easing": "easeOutSine"
						}
					}
				},
				"leftarm": {
					"rotation": {
						"0.0": {
							"vector": [0, 0, 0]
						},
						"0.35": {
							"vector": [-13.63149, -1.80485, -26.97086]
						},
						"0.4333": {
							"vector": [-13.69142, -7.97569, -30.80371]
						},
						"0.5667": {
							"vector": [-13.98479, -4.56643, -28.69083]
						},
						"0.6667": {
							"vector": [-14.76692, -5.38587, -26.59046]
						},
						"0.7833": {
							"vector": [-18.35202, -5.72724, -25.91725]
						},
						"1.0167": {
							"vector": [-24.10202, -5.72724, -25.91725]
						},
						"1.25": {
							"vector": [-24.10202, -5.72724, -25.91725]
						},
						"1.6167": {
							"vector": [-18.35202, -5.72724, -25.91725]
						},
						"1.7167": {
							"vector": [-14.76692, -5.38587, -26.59046]
						},
						"1.8": {
							"vector": [-14.90926, 0.16302, -24.18053]
						},
						"1.8833": {
							"vector": [-14.21783, -8.26835, -31.56615]
						},
						"2.0": {
							"vector": [-14.38356, -6.55547, -30.52039]
						},
						"2.3333": {
							"vector": [0, 0, 0]
						}
					},
					"position": {
						"0.0": {
							"vector": [0, 0, 0]
						},
						"0.15": {
							"vector": [11.305, 6.67, 6.21],
							"easing": "easeInSine"
						},
						"0.35": {
							"vector": [9.6, 17.15, 15.975],
							"easing": "easeInOutSine"
						},
						"0.5667": {
							"vector": [9.6, 17.15, 15.975],
							"easing": "easeInOutSine"
						},
						"0.6667": {
							"vector": [9.475, 17.275, 16.105]
						},
						"0.7833": {
							"vector": [9.48, 17.895, 17.485]
						},
						"1.0167": {
							"vector": [26.605, 10.44, 26.365]
						},
						"1.25": {
							"vector": [26.605, 10.44, 26.365]
						},
						"1.6167": {
							"vector": [9.48, 17.895, 17.485]
						},
						"1.7167": {
							"vector": [9.475, 16.9, 16.105]
						},
						"1.8": {
							"vector": [9.48, 16.9, 16.11]
						},
						"1.8833": {
							"vector": [9.73, 16.9, 15.61]
						},
						"2.0": {
							"vector": [9.73, 16.9, 15.61]
						},
						"2.15": {
							"vector": [13.73, 8.14, 7.52]
						},
						"2.3333": {
							"vector": [0, 0, 0]
						}
					}
				},
				"_camera_": {
					"rotation": {
						"0.0": {
							"vector": [0, 0, 0]
						},
						"0.2667": {
							"vector": [2.29491, 2.13909, 0.9548],
							"easing": "easeInSine"
						},
						"0.45": {
							"vector": [3.90964, 3.84148, 2.51294],
							"easing": "easeOutSine"
						},
						"0.5833": {
							"vector": [3.80402, 4.24676, 1.03319]
						},
						"0.7": {
							"vector": [3.93974, 4.46361, 2.81286]
						},
						"0.85": {
							"vector": [3.83927, 4.65736, 1.56332],
							"easing": "easeOutSine"
						},
						"1.2": {
							"vector": [3.86843, 4.02706, -0.23243],
							"easing": "easeInSine"
						},
						"1.35": {
							"vector": [3.8662, 3.5282, -0.26623],
							"easing": "easeOutSine"
						},
						"1.7167": {
							"vector": [3.87976, 4.62371, 2.06383],
							"easing": "easeInOutSine"
						},
						"1.85": {
							"vector": [3.95464, 4.68779, 2.95682]
						},
						"1.9333": {
							"vector": [3.75658, 4.98347, 0.62787]
						},
						"2.0167": {
							"vector": [3.90065, 5.08283, 2.26725]
						},
						"2.1667": {
							"vector": [3.8135, 5.42233, 1.36315],
							"easing": "easeInOutSine"
						},
						"2.4167": {
							"vector": [2.65675, 2.71117, 0.68158],
							"easing": "easeInSine"
						},
						"2.6667": {
							"vector": [0, 0, 0],
							"easing": "easeOutSine"
						}
					}
				},
				"batteries": {
					"rotation": {
						"0.0": {
							"vector": [0, 0, 0]
						},
						"0.5667": {
							"vector": [0, 0, 0]
						},
						"0.6667": {
							"vector": [-3.0039, 1.52394, 7.71942]
						},
						"1.0167": {
							"vector": [-3.02552, 7.01634, 7.42947],
							"easing": "easeInOutSine"
						},
						"1.25": {
							"vector": [-3.02552, 7.01634, 7.42947],
							"easing": "easeInOutSine"
						},
						"1.7167": {
							"vector": [-3.0039, 1.52394, 7.71942]
						},
						"1.8": {
							"vector": [-1.07587, 1.47403, 4.96894]
						},
						"1.8833": {
							"vector": [0, 0, 0]
						}
					},
					"position": {
						"0.0": {
							"vector": [0, 0, 0]
						},
						"0.5667": {
							"vector": [0, 0, 0]
						},
						"0.6667": {
							"vector": [-0.175, 0.95, 0.325]
						},
						"0.7833": {
							"vector": [-0.17, 2.275, 3.13]
						},
						"1.0167": {
							"vector": [15.73, -6.35, 14.905],
							"easing": "easeInOutSine"
						},
						"1.25": {
							"vector": [15.73, -6.35, 14.905],
							"easing": "easeInOutSine"
						},
						"1.6167": {
							"vector": [-0.17, 2.275, 3.13]
						},
						"1.7167": {
							"vector": [-0.175, 0.625, 0.325]
						},
						"1.8": {
							"vector": [-0.175, 0.525, 0.325]
						},
						"1.8833": {
							"vector": [0, 0, 0]
						}
					}
				}
			},
			"sound_effects": {
				"0.0": {
					"effect": "foley_start"
				},
				"0.4667": {
					"effect": "hl_taubatteryout"
				},
				"1.55": {
					"effect": "hl_taubatteryin"
				},
				"2.0667": {
					"effect": "foley_end"
				}
			}
		},
		"animation.model.inspect": {
			"loop": true,
			"animation_length": 3.7333,
			"bones": {
				"main": {
					"rotation": {
						"0.0": {
							"vector": [0, 0, 0]
						},
						"0.2": {
							"vector": [-3.52059, -16.5819, 3.60632],
							"easing": "easeInSine"
						},
						"0.4333": {
							"vector": [-2.17102, -38.25333, -13.95417],
							"easing": "easeOutSine"
						},
						"0.6": {
							"vector": [-1.85642, -39.4489, -11.30261],
							"easing": "easeInOutSine"
						},
						"0.7667": {
							"vector": [0.1153, -39.52069, -15.18885]
						},
						"0.9667": {
							"vector": [-1.16561, -39.5065, -13.56866]
						},
						"1.2167": {
							"vector": [-1.60634, -39.48463, -12.87533]
						},
						"1.55": {
							"vector": [-2.40087, -39.43378, -11.4177]
						},
						"1.7667": {
							"vector": [-1.55442, -39.46546, -12.65574]
						},
						"1.9833": {
							"vector": [-1.32795, -39.50216, -12.9206]
						},
						"2.2": {
							"vector": [-1.66711, -39.48695, -12.57511]
						},
						"2.45": {
							"vector": [-1.60634, -39.48463, -12.87533]
						},
						"2.8167": {
							"vector": [0.43837, -1.692, 1.37668],
							"easing": "easeInOutSine"
						},
						"2.9667": {
							"vector": [0, 0, -1.25],
							"easing": "easeOutSine"
						},
						"3.0833": {
							"vector": [0, 0, 0],
							"easing": "easeInOutSine"
						}
					},
					"position": {
						"0.0": {
							"vector": [0, 0, 0]
						},
						"0.1833": {
							"vector": [0.55, -2.715, -2.85]
						},
						"0.3667": {
							"vector": [0, -2.575, -11.975],
							"easing": "easeOutSine"
						},
						"0.6333": {
							"vector": [-0.375, -3.125, -11.98],
							"easing": "easeInOutSine"
						},
						"0.85": {
							"vector": [-0.38, -2.945, -11.98],
							"easing": "easeOutSine"
						},
						"1.05": {
							"vector": [-0.605, -2.815, -11.98]
						},
						"1.2667": {
							"vector": [-0.605, -2.77, -11.98],
							"easing": "easeOutSine"
						},
						"1.6667": {
							"vector": [-0.3, -2.89, -11.98]
						},
						"1.9833": {
							"vector": [-0.38, -2.945, -11.98],
							"easing": "easeOutSine"
						},
						"2.4333": {
							"vector": [-0.605, -2.815, -11.98]
						},
						"2.7167": {
							"vector": [0, -2.55, -4.55],
							"easing": "easeInOutSine"
						},
						"2.9": {
							"vector": [0, -1.1, -1.6]
						},
						"3.0833": {
							"vector": [0, 0, 0],
							"easing": "easeOutSine"
						}
					}
				},
				"action": {
					"position": {
						"0.0": {
							"vector": [0, 0, 0]
						},
						"0.15": {
							"vector": [0, 0, 0]
						},
						"0.2167": {
							"vector": [0, 0, 9.8]
						},
						"1.85": {
							"vector": [0, 0, 9.8]
						},
						"1.9167": {
							"vector": [0, 0, 0]
						}
					}
				},
				"leftarm": {
					"rotation": {
						"0.0": {
							"vector": [0, 0, 0]
						},
						"0.35": {
							"vector": [-15.17291, 5.52464, -5.45367]
						},
						"1.35": {
							"vector": [-15.17291, 5.52464, -5.45367]
						},
						"2.5833": {
							"vector": [-15.17291, 5.52464, -5.45367]
						},
						"3.15": {
							"vector": [0, 0, 0]
						}
					},
					"position": {
						"0.0": {
							"vector": [0, 0, 0]
						},
						"0.35": {
							"vector": [5.45209, -2.22825, -3.68612]
						},
						"1.35": {
							"vector": [5.45209, -2.22825, -3.68612]
						},
						"2.5833": {
							"vector": [5.45209, -2.22825, -3.68612]
						},
						"3.15": {
							"vector": [0, 0, 0]
						}
					}
				},
				"bullet1": {
					"rotation": {
						"0.0": {
							"vector": [0, 0, 0]
						},
						"0.2": {
							"vector": [0, 0, 0]
						},
						"0.9667": {
							"vector": [0, 0, 0]
						}
					},
					"position": {
						"0.0": {
							"vector": [0, 0, 0]
						},
						"0.2": {
							"vector": [0, 0, 0]
						},
						"0.2667": {
							"vector": [-0.90066, 0.50123, -0.00879]
						},
						"0.9": {
							"vector": [-0.90066, 0.50123, -0.00879]
						},
						"0.9667": {
							"vector": [0, 0, 0]
						}
					}
				},
				"bullet2": {
					"rotation": {
						"0.0": {
							"vector": [0, 0, 0]
						},
						"0.2": {
							"vector": [0, 0, 0]
						},
						"0.9833": {
							"vector": [0, 0, 0]
						}
					},
					"position": {
						"0.0": {
							"vector": [0, 0, 0]
						},
						"0.2": {
							"vector": [0, 0, 0]
						},
						"0.2667": {
							"vector": [-0.95403, 0.36031, 0]
						},
						"0.9167": {
							"vector": [-0.95403, 0.36031, 0]
						},
						"0.9833": {
							"vector": [0, 0, 0]
						}
					}
				},
				"bullet3": {
					"rotation": {
						"0.0": {
							"vector": [0, 0, 0]
						},
						"0.2": {
							"vector": [0, 0, 0]
						},
						"1.0167": {
							"vector": [0, 0, 0]
						}
					},
					"position": {
						"0.0": {
							"vector": [0, 0, 0]
						},
						"0.2": {
							"vector": [0, 0, 0]
						},
						"0.2667": {
							"vector": [-0.94261, 0.33379, 0.00873]
						},
						"0.95": {
							"vector": [-0.94261, 0.33379, 0.00873]
						},
						"1.0167": {
							"vector": [0, 0, 0]
						}
					}
				},
				"cover1": {
					"rotation": {
						"0.0": {
							"vector": [0, 0, 0]
						},
						"0.1667": {
							"vector": [0, 0, 0]
						},
						"0.9167": {
							"vector": [0, 0, 0]
						}
					},
					"position": {
						"0.0": {
							"vector": [0, 0, 0]
						},
						"0.1667": {
							"vector": [0, 0, 0]
						},
						"0.2333": {
							"vector": [0.85968, -0.44019, 0]
						},
						"0.85": {
							"vector": [0.85968, -0.44019, 0]
						},
						"0.9167": {
							"vector": [0, 0, 0]
						}
					}
				},
				"cover2": {
					"rotation": {
						"0.0": {
							"vector": [0, 0, 0]
						},
						"0.1667": {
							"vector": [0, 0, 0]
						},
						"0.9167": {
							"vector": [0, 0, 0]
						}
					},
					"position": {
						"0.0": {
							"vector": [0, 0, 0]
						},
						"0.1667": {
							"vector": [0, 0, 0]
						},
						"0.2333": {
							"vector": [-0.83286, 1.4474, 0]
						},
						"0.85": {
							"vector": [-0.83286, 1.4474, 0]
						},
						"0.9167": {
							"vector": [0, 0, 0]
						}
					}
				},
				"cover3": {
					"rotation": {
						"0.0": {
							"vector": [0, 0, 0]
						},
						"0.1667": {
							"vector": [0, 0, 0]
						},
						"0.2333": {
							"vector": [0, 0, -19]
						},
						"0.85": {
							"vector": [0, 0, -19]
						},
						"0.9167": {
							"vector": [0, 0, 0]
						}
					},
					"position": {
						"0.0": {
							"vector": [0, 0, 0]
						},
						"0.1667": {
							"vector": [0, 0, 0]
						},
						"0.2333": {
							"vector": [-0.08747, 1.15062, -0.0304]
						},
						"0.85": {
							"vector": [-0.08747, 1.15062, -0.0304]
						},
						"0.9167": {
							"vector": [0, 0, 0]
						}
					}
				},
				"pump": {
					"rotation": {
						"2.85": {
							"vector": [0, 0, 0]
						},
						"3.15": {
							"vector": [0, 0, 0]
						}
					},
					"position": {
						"2.85": {
							"vector": [0, 0, 0]
						},
						"2.9333": {
							"vector": [0, 0, 7.5]
						},
						"3.0667": {
							"vector": [0, 0, 7.5]
						},
						"3.15": {
							"vector": [0, 0, 0]
						}
					}
				},
				"_camera_": {
					"rotation": {
						"0.0": {
							"vector": [0, 0, 0]
						},
						"0.4167": {
							"vector": [3.96923, -1.77591, 1.00014],
							"easing": "easeInOutSine"
						},
						"0.55": {
							"vector": [4.00183, -1.67232, -0.01651]
						},
						"0.9167": {
							"vector": [3.95549, -1.54513, 1.75655],
							"easing": "easeInOutSine"
						},
						"2.1333": {
							"vector": [6.34041, 2.82753, 2.91507],
							"easing": "easeInOutSine"
						},
						"2.6667": {
							"vector": [3.30216, 0.10213, -1.56555],
							"easing": "easeInOutSine"
						},
						"2.8333": {
							"vector": [1.24924, -0.00333, 0.0435],
							"easing": "easeInSine"
						},
						"2.9167": {
							"vector": [0.44082, -0.01767, 1.01624]
						},
						"3.05": {
							"vector": [0, 0, 0],
							"easing": "easeOutSine"
						}
					}
				}
			},
			"sound_effects": {
				"0.0": {
					"effect": "inspect_up"
				},
				"2.55": {
					"effect": "foley_end"
				}
			}
		},
		"animation.model.fire": {
			"loop": true,
			"animation_length": 0.9,
			"bones": {
				"main": {
					"rotation": {
						"0.0": {
							"vector": [0, 0, -0.5]
						},
						"0.0556": {
							"vector": [-1.18646, -0.95601, -5.42997]
						},
						"0.1667": {
							"vector": [0.1479, 1.26531, 3.42061]
						},
						"0.3222": {
							"vector": [0.60244, 0.51183, 0.66747]
						},
						"0.5111": {
							"vector": [0.10782, 0.02014, 2.84419]
						},
						"0.7889": {
							"vector": [-0.05466, 0.00042, -0.81083],
							"easing": "easeOutSine"
						},
						"0.9": {
							"vector": [0, 0, 0],
							"easing": "easeOutSine"
						}
					},
					"position": {
						"0.0": {
							"vector": [0, 0, 0]
						},
						"0.0333": {
							"vector": [-0.00312, 1.99797, 3.87432]
						},
						"0.2111": {
							"vector": [-0.0826, 0.31325, 4.38304]
						},
						"0.6111": {
							"vector": [-0.0767, -1.27015, -0.4386],
							"easing": "easeInSine"
						},
						"0.9": {
							"vector": [0, 0, 0],
							"easing": "easeOutSine"
						}
					}
				},
				"loader": {
					"position": {
						"0.0": {
							"vector": [0, 0, 0]
						},
						"0.1889": {
							"vector": [0, 0, 0]
						},
						"0.2667": {
							"vector": [0, 0, -18]
						},
						"0.4556": {
							"vector": [0, 0, -18]
						},
						"0.5556": {
							"vector": [0, 0, 0]
						}
					}
				},
				"glowy_new6": {
					"rotation": {
						"0.0": {
							"vector": [0, 0, 0]
						},
						"0.0333": {
							"vector": [0, 0, -17.5]
						},
						"0.0444": {
							"vector": [-6.48931, 0.27105, 5.49155]
						},
						"0.1": {
							"vector": [0, 0, -17.5]
						},
						"0.1333": {
							"vector": [0, 0, 0]
						},
						"0.2333": {
							"vector": [-5.75059, -0.57493, -3.945]
						},
						"0.5778": {
							"vector": [1.31748, -0.15684, 1.03807],
							"easing": "easeInOutSine"
						},
						"0.9": {
							"vector": [0, 0, 0],
							"easing": "easeOutSine"
						}
					},
					"position": {
						"0.0": {
							"vector": [0, 0, 0]
						},
						"0.0333": {
							"vector": [-1.0079, -3.8224, -160.93982]
						},
						"0.1": {
							"vector": [-1.0079, -3.8224, -160.93982]
						},
						"0.1111": {
							"vector": [0.06798, -1.58339, -24.76581]
						},
						"0.1333": {
							"vector": [0, 0, 0]
						}
					},
					"scale": {
						"0.0": {
							"vector": [0, 0, 0]
						},
						"0.0111": {
							"vector": [0, 0, 0]
						},
						"0.0333": {
							"vector": [1, 4.515, 16.48]
						},
						"0.1": {
							"vector": [1, 4.515, 16.48]
						},
						"0.1111": {
							"vector": [0, 0, 0]
						},
						"0.1333": {
							"vector": [1, 1, 1]
						}
					}
				},
				"_camera_": {
					"rotation": {
						"0.0": {
							"vector": [0, 0, 0]
						},
						"0.0444": {
							"vector": [-1.98931, 0.27105, 1.24155]
						},
						"0.1778": {
							"vector": [-1.25059, -0.57493, 0.055]
						},
						"0.3889": {
							"vector": [1.06748, -0.15684, 1.03807],
							"easing": "easeInOutSine"
						},
						"0.7111": {
							"vector": [0, 0, 0],
							"easing": "easeOutSine"
						}
					}
				}
			}
		},
		"animation.model.firealt": {
			"loop": true,
			"animation_length": 0.9,
			"bones": {
				"main": {
					"rotation": {
						"0.0": {
							"vector": [0, 0, -0.5]
						},
						"0.0556": {
							"vector": [-1.18646, -0.95601, -5.42997]
						},
						"0.1667": {
							"vector": [0.1479, 1.26531, 3.42061]
						},
						"0.3222": {
							"vector": [0.60244, 0.51183, 0.66747]
						},
						"0.5111": {
							"vector": [0.10782, 0.02014, 2.84419]
						},
						"0.7889": {
							"vector": [-0.05466, 0.00042, -0.81083],
							"easing": "easeOutSine"
						},
						"0.9": {
							"vector": [0, 0, 0],
							"easing": "easeOutSine"
						}
					},
					"position": {
						"0.0": {
							"vector": [0, 0, 2.325]
						},
						"0.0333": {
							"vector": [-0.00312, 1.99797, 3.87432]
						},
						"0.2111": {
							"vector": [-0.0826, 0.31325, 4.38304]
						},
						"0.6111": {
							"vector": [-0.0767, -1.27015, -0.4386],
							"easing": "easeInSine"
						},
						"0.9": {
							"vector": [0, 0, 0],
							"easing": "easeOutSine"
						}
					}
				},
				"loader": {
					"position": {
						"0.0": {
							"vector": [0, 0, 0]
						},
						"0.1889": {
							"vector": [0, 0, 0]
						},
						"0.2667": {
							"vector": [0, 0, -18]
						},
						"0.4556": {
							"vector": [0, 0, -18]
						},
						"0.5556": {
							"vector": [0, 0, 0]
						}
					}
				},
				"glowy_new6": {
					"rotation": {
						"0.0": {
							"vector": [0, 0, 0]
						},
						"0.0333": {
							"vector": [0, 0, -17.5]
						},
						"0.0444": {
							"vector": [-6.48931, 0.27105, 5.49155]
						},
						"0.1": {
							"vector": [0, 0, -17.5]
						},
						"0.1333": {
							"vector": [0, 0, 0]
						},
						"0.2333": {
							"vector": [-5.75059, -0.57493, -3.945]
						},
						"0.5778": {
							"vector": [1.31748, -0.15684, 1.03807],
							"easing": "easeInOutSine"
						},
						"0.9": {
							"vector": [0, 0, 0],
							"easing": "easeOutSine"
						}
					},
					"position": {
						"0.0": {
							"vector": [0, 0, 0]
						},
						"0.0333": {
							"vector": [-1.0079, -3.8224, -160.93982]
						},
						"0.1": {
							"vector": [-1.0079, -3.8224, -160.93982]
						},
						"0.1111": {
							"vector": [0.06798, -1.58339, -24.76581]
						},
						"0.1333": {
							"vector": [0, 0, 0]
						}
					},
					"scale": {
						"0.0": {
							"vector": [0, 0, 0]
						},
						"0.0111": {
							"vector": [0, 0, 0]
						},
						"0.0333": {
							"vector": [1, 4.515, 16.48]
						},
						"0.1": {
							"vector": [1, 4.515, 16.48]
						},
						"0.1111": {
							"vector": [0, 0, 0]
						},
						"0.1333": {
							"vector": [1, 1, 1]
						}
					}
				},
				"_camera_": {
					"rotation": {
						"0.0": {
							"vector": [0, 0, 0]
						},
						"0.0444": {
							"vector": [-6.48931, 0.27105, 5.49155]
						},
						"0.2333": {
							"vector": [-5.75059, -0.57493, -3.945]
						},
						"0.5778": {
							"vector": [1.31748, -0.15684, 1.03807],
							"easing": "easeInOutSine"
						},
						"0.9": {
							"vector": [0, 0, 0],
							"easing": "easeOutSine"
						}
					}
				}
			}
		},
		"animation.model.firealt2": {
			"loop": true,
			"animation_length": 1.1222,
			"bones": {
				"main": {
					"rotation": {
						"0.0": {
							"vector": [0, 0, -0.5]
						},
						"0.0556": {
							"vector": [-3.93646, -0.95601, -5.42997]
						},
						"0.1667": {
							"vector": [0.1479, 1.26531, 3.42061]
						},
						"0.3222": {
							"vector": [2.85244, 0.51183, 0.66747]
						},
						"0.5889": {
							"vector": [0.10782, 0.02014, 2.84419]
						},
						"0.8667": {
							"vector": [-0.05466, 0.00042, -0.81083],
							"easing": "easeOutSine"
						},
						"0.9778": {
							"vector": [0, 0, 0],
							"easing": "easeOutSine"
						}
					},
					"position": {
						"0.0": {
							"vector": [0, 0, 2.325]
						},
						"0.0333": {
							"vector": [-0.00312, 1.99797, 8.39932]
						},
						"0.2111": {
							"vector": [-0.0826, 0.31325, 6.90804]
						},
						"0.6889": {
							"vector": [-0.0767, -1.27015, -0.4386],
							"easing": "easeInSine"
						},
						"0.9778": {
							"vector": [0, 0, 0],
							"easing": "easeOutSine"
						}
					}
				},
				"loader": {
					"position": {
						"0.0": {
							"vector": [0, 0, 0]
						},
						"0.1889": {
							"vector": [0, 0, 0]
						},
						"0.2667": {
							"vector": [0, 0, -18]
						},
						"0.4556": {
							"vector": [0, 0, -18]
						},
						"0.5556": {
							"vector": [0, 0, 0]
						}
					}
				},
				"glowy_new6": {
					"rotation": {
						"0.0": {
							"vector": [0, 0, 0]
						},
						"0.0333": {
							"vector": [0, 0, -17.5]
						},
						"0.0444": {
							"vector": [-6.48931, 0.27105, 5.49155]
						},
						"0.1": {
							"vector": [0, 0, -17.5]
						},
						"0.1333": {
							"vector": [0, 0, 0]
						},
						"0.2333": {
							"vector": [-5.75059, -0.57493, -3.945]
						},
						"0.5778": {
							"vector": [1.31748, -0.15684, 1.03807],
							"easing": "easeInOutSine"
						},
						"0.9": {
							"vector": [0, 0, 0],
							"easing": "easeOutSine"
						}
					},
					"position": {
						"0.0": {
							"vector": [0, 0, 0]
						},
						"0.0333": {
							"vector": [-1.0079, -3.8224, -160.93982]
						},
						"0.1": {
							"vector": [-1.0079, -3.8224, -160.93982]
						},
						"0.1111": {
							"vector": [0.06798, -1.58339, -24.76581]
						},
						"0.1333": {
							"vector": [0, 0, 0]
						}
					},
					"scale": {
						"0.0": {
							"vector": [0, 0, 0]
						},
						"0.0111": {
							"vector": [0, 0, 0]
						},
						"0.0333": {
							"vector": [1, 4.515, 16.48]
						},
						"0.1": {
							"vector": [1, 4.515, 16.48]
						},
						"0.1111": {
							"vector": [0, 0, 0]
						},
						"0.1333": {
							"vector": [1, 1, 1]
						}
					}
				},
				"_camera_": {
					"rotation": {
						"0.0": {
							"vector": [0, 0, 0]
						},
						"0.0444": {
							"vector": [-10.23931, 0.27105, 5.49155]
						},
						"0.2889": {
							"vector": [-7.50059, -0.57493, -3.945]
						},
						"0.4667": {
							"vector": [-2.4, -0.38, 1.67]
						},
						"0.6889": {
							"vector": [1.31748, -0.15684, 1.03807],
							"easing": "easeOutSine"
						},
						"0.9778": {
							"vector": [0, 0, 0],
							"easing": "easeOutSine"
						}
					}
				}
			}
		},
		"animation.model.preparefire": {
			"loop": true,
			"animation_length": 0.8,
			"bones": {
				"main": {
					"rotation": {
						"0.0": {
							"vector": [0, 0, 0]
						},
						"0.1": {
							"vector": [0, 0, -1]
						},
						"0.2333": {
							"vector": [0, 0, 0]
						},
						"0.4": {
							"vector": [0, 0.5, -1]
						},
						"0.55": {
							"vector": [0, 0.31, 0.69]
						},
						"0.6667": {
							"vector": [0, 0.17, -0.87]
						},
						"0.8": {
							"vector": [0, 0, -0.5]
						}
					},
					"position": {
						"0.0": {
							"vector": [0, 0, 0]
						},
						"0.8": {
							"vector": [0, 0, 2.325]
						}
					}
				},
				"_camera_": {
					"rotation": {
						"0.0": {
							"vector": [0, 0, 0]
						},
						"0.1167": {
							"vector": [0, 0, -0.5]
						},
						"0.2333": {
							"vector": [0, 0, 0.08]
						},
						"0.35": {
							"vector": [0, 0, 1.14]
						},
						"0.4667": {
							"vector": [0, 0, -0.93]
						},
						"0.6": {
							"vector": [0, 0, 1.24]
						},
						"0.7": {
							"vector": [0, 0, -0.63]
						},
						"0.8": {
							"vector": [0, 0, 0]
						}
					}
				},
				"scale": {
					"position": {
						"0.0": {
							"vector": [0, 0, 0]
						},
						"0.8": {
							"vector": [0, 2.4, 0]
						}
					}
				}
			},
			"sound_effects": {
				"0.0": {
					"effect": "hl_taucharge"
				}
			}
		},
		"animation.model.preparefire2": {
			"loop": true,
			"animation_length": 2.5333,
			"bones": {
				"main": {
					"rotation": {
						"0.0": {
							"vector": [0, 0, 0]
						},
						"0.15": {
							"vector": [0, 0, 0.72]
						},
						"0.35": {
							"vector": [0, 0, 0.12]
						},
						"0.5333": {
							"vector": [0, 0, 1.36]
						},
						"0.7": {
							"vector": [0, 0, 0.73]
						},
						"0.8333": {
							"vector": [0, 0, 1.45]
						},
						"0.9333": {
							"vector": [0, 0, 1.11]
						},
						"1.05": {
							"vector": [0, 0, 1.5]
						},
						"1.1667": {
							"vector": [0, 0, 1]
						},
						"1.2667": {
							"vector": [0, 0, 1.64]
						},
						"1.3833": {
							"vector": [0, 0, 0.5]
						},
						"1.4833": {
							"vector": [0, 0, 1.67]
						},
						"1.5833": {
							"vector": [0, 0, 0.21]
						},
						"1.6833": {
							"vector": [0, 0, 1.39]
						},
						"1.7833": {
							"vector": [0, 0, -0.58]
						},
						"1.8833": {
							"vector": [0, 0, 1.39]
						},
						"2.0": {
							"vector": [0, 0, -0.58]
						},
						"2.1": {
							"vector": [0, 0, 1.39]
						},
						"2.2": {
							"vector": [0, 0, -0.58]
						},
						"2.3": {
							"vector": [0, 0, 1.39]
						},
						"2.4167": {
							"vector": [0, 0, -0.58]
						},
						"2.5333": {
							"vector": [0, 0, -0.5]
						}
					},
					"position": {
						"0.0": {
							"vector": [0, 0, 0]
						},
						"0.7167": {
							"vector": [0, -0.15, 0.47],
							"easing": "easeInOutSine"
						},
						"1.2167": {
							"vector": [0.3, -0.11, 0.93],
							"easing": "easeInOutSine"
						},
						"1.85": {
							"vector": [-0.13, -0.06, 1.51],
							"easing": "easeInOutSine"
						},
						"2.5333": {
							"vector": [0, 0, 2.325],
							"easing": "easeInOutSine"
						}
					}
				},
				"_camera_": {
					"rotation": {
						"0.0": {
							"vector": [0, 0, 0]
						},
						"0.2833": {
							"vector": [0, 0, 1.33]
						},
						"0.5333": {
							"vector": [0, 0, -0.49]
						},
						"0.7667": {
							"vector": [0, 0, 0.57]
						},
						"0.9333": {
							"vector": [0, 0, -0.49]
						},
						"1.1": {
							"vector": [0, 0, 0.07]
						},
						"1.2333": {
							"vector": [0, 0, -0.44]
						},
						"1.3667": {
							"vector": [0, 0, 0.12]
						},
						"1.5": {
							"vector": [0, 0, -0.44]
						},
						"1.65": {
							"vector": [0, 0, 0.87]
						},
						"1.7833": {
							"vector": [0, 0, -0.94]
						},
						"1.9": {
							"vector": [0, 0, 0.62]
						},
						"2.0333": {
							"vector": [0, 0, -0.94]
						},
						"2.1333": {
							"vector": [0, 0, 0.62]
						},
						"2.2333": {
							"vector": [0, 0, -0.94]
						},
						"2.35": {
							"vector": [0, 0, 0.62]
						},
						"2.4333": {
							"vector": [0, 0, -0.94]
						},
						"2.5333": {
							"vector": [0, 0, 0]
						}
					}
				},
				"gun": {
					"rotation": {
						"0.0": {
							"vector": [0, 0, 0]
						},
						"0.8": {
							"vector": [0, -0.38, -0.73],
							"easing": "easeInOutSine"
						},
						"1.4333": {
							"vector": [0, 0.75, -1.5],
							"easing": "easeInOutSine"
						},
						"2.0": {
							"vector": [0.5, -0.33, -0.35],
							"easing": "easeInOutSine"
						},
						"2.5333": {
							"vector": [0, 0, 0],
							"easing": "easeInOutSine"
						}
					},
					"position": {
						"0.0": {
							"vector": [0, 0, 0]
						},
						"2.5333": {
							"vector": [0, 0, 0]
						}
					}
				},
				"scale": {
					"position": {
						"0.0": {
							"vector": [0, 0, 0]
						},
						"2.5333": {
							"vector": [0, 4.55, 0]
						}
					}
				}
			},
			"sound_effects": {
				"0.0": {
					"effect": "hl_tauchargemax"
				}
			}
		},
		"animation.model.running": {
			"loop": true,
			"animation_length": 0.5833,
			"bones": {
				"main": {
					"rotation": {
						"0.0": {
							"vector": [-40.58192, -36.54879, 36.25147]
						},
						"0.1333": {
							"vector": [-38.56421, -29.56773, 36.97213],
							"easing": "easeInSine"
						},
						"0.25": {
							"vector": [-30.77653, -32.30087, 25.42124],
							"easing": "easeOutSine"
						},
						"0.3167": {
							"vector": [-30.15653, -30.57694, 24.23273]
						},
						"0.4667": {
							"vector": [-30.36922, -33.56286, 30.2421],
							"easing": "easeInSine"
						},
						"0.5833": {
							"vector": [-40.58192, -36.54879, 36.25147],
							"easing": "easeOutSine"
						}
					},
					"position": {
						"0.0": {
							"vector": [-7, -20.125, -4.4]
						},
						"0.0667": {
							"vector": [-7.075, -22.6, -5.32]
						},
						"0.15": {
							"vector": [-8.08, -25.12, -6.85]
						},
						"0.25": {
							"vector": [-9.15, -19.745, -9.3]
						},
						"0.3167": {
							"vector": [-9.15, -20.995, -9.3]
						},
						"0.3833": {
							"vector": [-8.865, -24.085, -8.89]
						},
						"0.4333": {
							"vector": [-8.13, -25.12, -6.98]
						},
						"0.55": {
							"vector": [-7, -19.175, -4.4]
						},
						"0.5833": {
							"vector": [-7, -20.125, -5.4]
						}
					}
				}
			}
		},
		"animation.model.runningstart": {
			"animation_length": 0.4,
			"bones": {
				"main": {
					"rotation": {
						"0.0": {
							"vector": [0, 0, 0]
						},
						"0.4": {
							"vector": [-40.58192, -36.54879, 36.25147],
							"easing": "easeInOutSine"
						}
					},
					"position": {
						"0.0": {
							"vector": [0, 0, 0]
						},
						"0.2167": {
							"vector": [-7, -28.47, -7.89],
							"easing": "easeInSine"
						},
						"0.3": {
							"vector": [-7, -25.65, -6.14]
						},
						"0.4": {
							"vector": [-7, -20.125, -4.4]
						}
					}
				}
			}
		},
		"animation.model.runningend": {
			"animation_length": 0.65,
			"bones": {
				"main": {
					"rotation": {
						"0.0": {
							"vector": [-40.58192, -36.54879, 36.25147],
							"easing": "easeInOutSine"
						},
						"0.3333": {
							"vector": [0.5826, -2.79055, 2.63851],
							"easing": "easeInOutSine"
						},
						"0.55": {
							"vector": [0.32388, 0.39763, -2.15014]
						},
						"0.65": {
							"vector": [0, 0, 0]
						}
					},
					"position": {
						"0.0": {
							"vector": [-7, -20.125, -4.4]
						},
						"0.4": {
							"vector": [0.4, 0, -2.6]
						},
						"0.5": {
							"vector": [0.16, -0.15, 0.6]
						},
						"0.6": {
							"vector": [0, 0, 0]
						}
					}
				}
			}
		},
		"animation.model.off_ground": {
			"loop": true,
			"animation_length": 0.3167,
			"bones": {
				"main": {
					"rotation": {
						"vector": [0, 0, 0]
					},
					"position": {
						"vector": [0, 0, 0]
					}
				}
			}
		},
		"animation.model.off_ground_sprinting": {
			"loop": true,
			"animation_length": 2.0333,
			"bones": {
				"main": {
					"rotation": {
						"0.0": {
							"vector": [-32.47556, -31.70458, 27.94129]
						},
						"0.4333": {
							"vector": [-26.78435, -36.73301, 19.93216],
							"easing": "easeInOutSine"
						},
						"1.2": {
							"vector": [-30.12809, -32.5491, 24.49184],
							"easing": "easeOutSine"
						},
						"2.0333": {
							"vector": [-32.47556, -31.70458, 27.94129],
							"easing": "easeInOutSine"
						}
					},
					"position": {
						"0.0": {
							"vector": [-8.62, -22.43, -8.08]
						},
						"0.95": {
							"vector": [-8.62, -27.43, -12.08],
							"easing": "easeInOutSine"
						},
						"2.0333": {
							"vector": [-8.62, -22.43, -8.08],
							"easing": "easeInOutSine"
						}
					}
				}
			}
		}
	},
	"geckolib_format_version": 2
}