{
	"format_version": "1.8.0",
	"animations": {
		"animation.model.draw": {
			"animation_length": 1,
			"bones": {
				"main": {
					"rotation": {
						"0.0333": [32.87, -5.33, 8.18],
						"0.0667": [30.7, -4.66, 6.3],
						"0.1": [27.62, -3.7, 3.51],
						"0.1333": [24.01, -2.58, 0.3],
						"0.1667": [20.26, -1.43, -2.84],
						"0.2": [16.74, -0.39, -5.44],
						"0.2333": [13.85, 0.42, -7.01],
						"0.2667": [9.55, 1.41, -6.96],
						"0.3": [6.21, 1.99, -4.71],
						"0.3333": [3.4, 2.46, -2.52],
						"0.3667": [0.97, 2.96, -0.95],
						"0.4": [-0.93, 3.35, 0.58],
						"0.4333": [-2.25, 3.5, 1.5],
						"0.4667": [-2.83, 3.31, 1.45],
						"0.5": [-2.84, 2.88, 0.81],
						"0.5333": [-2.74, 2.31, 0.13],
						"0.5667": [-2.72, 1.54, -0.51],
						"0.6": [-2.58, 0.64, -1.18],
						"0.6333": [-2.25, 0, -1.5],
						"0.6667": [-1.88, -0.15, -1.38],
						"0.7": [-1.37, -0.17, -1.05],
						"0.7333": [-0.82, -0.11, -0.64],
						"0.7667": [-0.33, -0.04, -0.25],
						"0.8": [0, 0, 0],
						"0.8333": [0.14, 0, 0.1],
						"0.8667": [0.16, 0, 0.11],
						"0.9": [0.11, 0, 0.07],
						"0.9333": [0.04, 0, 0.02],
						"0.9667": [0, 0, 0]
					},
					"position": {
						"0.0": [-5.9, -4.8, 18.85],
						"0.0333": [-5.7, -4.11, 17.11],
						"0.0667": [-5.41, -3.16, 14.65],
						"0.1": [-5.13, -2.4, 12.43],
						"0.1333": [-4.96, -2.05, 10.95],
						"0.1667": [-4.8, -1.89, 9.71],
						"0.2": [-4.45, -1.73, 8.11],
						"0.2333": [-3.77, -1.51, 5.79],
						"0.2667": [-2.91, -1.28, 3.11],
						"0.3": [-2.07, -1.06, 0.61],
						"0.3333": [-1.26, -0.84, -1.9],
						"0.3667": [-0.47, -0.62, -4.23],
						"0.4": [0.09, -0.45, -5.32],
						"0.4333": [0.23, -0.4, -5.02],
						"0.4667": [0.28, -0.36, -4.18],
						"0.5": [0.28, -0.34, -3.04],
						"0.5333": [0.25, -0.32, -1.81],
						"0.5667": [0.2, -0.3, -0.72],
						"0.6": [0.18, -0.27, -0.01],
						"0.6333": [0.16, -0.22, 0.33],
						"0.6667": [0.12, -0.16, 0.37],
						"0.7": [0.07, -0.09, 0.25],
						"0.7333": [0.03, -0.04, 0.08],
						"0.7667": [0, 0, 0],
						"0.8": [-0.01, 0.02, 0],
						"0.8333": [-0.01, 0.02, 0],
						"0.8667": [-0.01, 0.01, 0],
						"0.9": [0, 0, 0],
						"0.9333": [0, 0, 0]
					}
				},
				"rightarm": {
					"rotation": {
						"0.0333": [14.31, -4.78, -67.43],
						"0.0667": [13.67, -5.24, -65.61],
						"0.1": [12.63, -5.99, -63.15],
						"0.1333": [11.48, -6.81, -60.21],
						"0.1667": [10.51, -7.53, -56.94],
						"0.2": [10.04, -7.95, -53.47],
						"0.2333": [10.36, -7.87, -49.97],
						"0.2667": [12.05, -7.1, -46.3],
						"0.3": [14.98, -5.76, -42.32],
						"0.3333": [18.41, -4.11, -38.16],
						"0.3667": [21.57, -2.44, -33.93],
						"0.4": [23.73, -1, -29.77],
						"0.4333": [24.12, -0.06, -25.8],
						"0.4667": [22.22, 0.3, -21.81],
						"0.5": [18.51, 0.29, -17.68],
						"0.5333": [13.79, 0.04, -13.61],
						"0.5667": [8.86, -0.31, -9.82],
						"0.6": [4.51, -0.62, -6.53],
						"0.6333": [1.54, -0.75, -3.95],
						"0.6667": [-0.14, -0.68, -1.95],
						"0.7": [-0.66, -0.52, -0.89],
						"0.7333": [-0.5, -0.31, -0.44],
						"0.7667": [-0.13, -0.12, -0.25],
						"0.8": [0, 0, 0],
						"0.8333": [-0.1, 0.05, 0.25],
						"0.8667": [-0.11, 0.05, 0.28],
						"0.9": [-0.07, 0.04, 0.19],
						"0.9333": [-0.02, 0.01, 0.06],
						"0.9667": [0, 0, 0]
					},
					"position": {
						"0.0": [2.99, -2.11, -4.95],
						"0.0333": [3.01, -2.13, -5.01],
						"0.0667": [3.03, -2.18, -5.13],
						"0.1": [3.05, -2.23, -5.25],
						"0.1333": [3.06, -2.25, -5.31],
						"0.1667": [3.05, -2.22, -5.23],
						"0.2": [2.99, -2.11, -4.95],
						"0.2333": [2.91, -1.89, -4.36],
						"0.2667": [2.8, -1.57, -3.51],
						"0.3": [2.67, -1.2, -2.52],
						"0.3333": [2.51, -0.82, -1.53],
						"0.3667": [2.31, -0.5, -0.66],
						"0.4": [2.08, -0.27, -0.06],
						"0.4333": [1.78, -0.16, 0.24],
						"0.4667": [1.4, -0.13, 0.36],
						"0.5": [0.98, -0.15, 0.34],
						"0.5333": [0.58, -0.19, 0.26],
						"0.5667": [0.24, -0.22, 0.17],
						"0.6": [0, -0.23, 0.13],
						"0.6333": [-0.13, -0.19, 0.12],
						"0.6667": [-0.15, -0.14, 0.09],
						"0.7": [-0.1, -0.08, 0.06],
						"0.7333": [-0.03, -0.03, 0.02],
						"0.7667": [0, 0, 0],
						"0.8": [0, 0.01, -0.01],
						"0.8333": [0, 0.02, -0.01],
						"0.8667": [0, 0.01, -0.01],
						"0.9": [0, 0, 0],
						"0.9333": [0, 0, 0]
					}
				},
				"leftarm": {
					"rotation": {
						"0.0333": [20.3, -7.88, -8.31],
						"0.0667": [17.71, -7.51, -7.98],
						"0.1": [13.93, -7.02, -7.58],
						"0.1333": [9.55, -6.44, -7.07],
						"0.1667": [5.17, -5.78, -6.43],
						"0.2": [1.38, -5.09, -5.63],
						"0.2333": [-1.2, -4.39, -4.63],
						"0.2667": [-2.44, -3.59, -3.2],
						"0.3": [-2.8, -2.67, -1.31],
						"0.3333": [-2.56, -1.7, 0.73],
						"0.3667": [-2, -0.79, 2.66],
						"0.4": [-1.44, -0.01, 4.18],
						"0.4333": [-1.14, 0.54, 5.01],
						"0.4667": [-1.07, 0.82, 4.96],
						"0.5": [-0.97, 0.91, 4.24],
						"0.5333": [-0.85, 0.86, 3.11],
						"0.5667": [-0.73, 0.73, 1.84],
						"0.6": [-0.61, 0.59, 0.71],
						"0.6333": [-0.5, 0.5, 0],
						"0.6667": [-0.38, 0.42, -0.32],
						"0.7": [-0.27, 0.31, -0.36],
						"0.7333": [-0.16, 0.19, -0.24],
						"0.7667": [-0.07, 0.08, -0.08],
						"0.8": [0, 0, 0],
						"0.8333": [0.03, -0.03, 0],
						"0.8667": [0.04, -0.04, 0],
						"0.9": [0.02, -0.02, 0],
						"0.9333": [0.01, -0.01, 0],
						"0.9667": [0, 0, 0]
					},
					"position": {
						"0.0": [-3.1, 2.6, 4.54],
						"0.0333": [-2.63, 2.17, 3.97],
						"0.0667": [-1.93, 1.53, 3.13],
						"0.1": [-1.12, 0.8, 2.15],
						"0.1333": [-0.32, 0.08, 1.19],
						"0.1667": [0.36, -0.52, 0.36],
						"0.2": [0.79, -0.88, -0.2],
						"0.2333": [0.94, -0.96, -0.43],
						"0.2667": [0.91, -0.84, -0.46],
						"0.3": [0.74, -0.6, -0.34],
						"0.3333": [0.52, -0.31, -0.16],
						"0.3667": [0.31, -0.05, 0.01],
						"0.4": [0.18, 0.11, 0.09],
						"0.4333": [0.13, 0.15, 0.1],
						"0.4667": [0.08, 0.15, 0.09],
						"0.5": [0.05, 0.12, 0.06],
						"0.5333": [0.03, 0.07, 0.04],
						"0.5667": [0.01, 0.02, 0.01],
						"0.6": [0, 0, 0],
						"0.6333": [-0.01, -0.01, -0.01],
						"0.6667": [-0.01, -0.01, -0.01],
						"0.7": [-0.01, -0.01, 0],
						"0.7333": [0, 0, 0],
						"0.7667": [0, 0, 0],
						"0.8": [0, 0, 0],
						"0.8333": [0, 0, 0],
						"0.8667": [0, 0, 0],
						"0.9": [0, 0, 0],
						"0.9333": [0, 0, 0]
					}
				},
				"dm51": {
					"rotation": {
						"0.0333": [-50.49, 36.63, 58.56],
						"0.0667": [-47.58, 33.65, 56.72],
						"0.1": [-43.55, 29.48, 54.37],
						"0.1333": [-38.78, 24.56, 51.49],
						"0.1667": [-33.64, 19.37, 48.04],
						"0.2": [-28.5, 14.36, 43.98],
						"0.2333": [-23.73, 10, 39.28],
						"0.2667": [-18.93, 5.95, 33.21],
						"0.3": [-13.71, 1.77, 25.65],
						"0.3333": [-8.49, -2.23, 17.49],
						"0.3667": [-3.68, -5.72, 9.6],
						"0.4": [0.31, -8.39, 2.87],
						"0.4333": [3.05, -9.92, -1.81],
						"0.4667": [4.25, -9.91, -4.12],
						"0.5": [4.17, -8.54, -4.69],
						"0.5333": [3.27, -6.34, -4.1],
						"0.5667": [1.99, -3.86, -2.93],
						"0.6": [0.79, -1.65, -1.74],
						"0.6333": [0.12, -0.24, -1.12],
						"0.6667": [-0.09, 0.42, -0.91],
						"0.7": [-0.14, 0.55, -0.65],
						"0.7333": [-0.1, 0.37, -0.39],
						"0.7667": [-0.03, 0.12, -0.16],
						"0.8": [0, 0, 0],
						"0.8333": [-0.01, 0.02, 0.07],
						"0.8667": [-0.01, 0.02, 0.08],
						"0.9": [-0.01, 0.01, 0.05],
						"0.9333": [0, 0, 0.02],
						"0.9667": [0, 0, 0]
					},
					"position": {
						"0.0": [-0.81, -1.48, 4.83],
						"0.0333": [-0.84, -1.41, 4.42],
						"0.0667": [-0.89, -1.29, 3.84],
						"0.1": [-0.94, -1.16, 3.16],
						"0.1333": [-0.98, -1.04, 2.46],
						"0.1667": [-0.99, -0.93, 1.83],
						"0.2": [-0.96, -0.87, 1.35],
						"0.2333": [-0.87, -0.86, 1.03],
						"0.2667": [-0.72, -0.91, 0.8],
						"0.3": [-0.55, -0.97, 0.63],
						"0.3333": [-0.38, -1.03, 0.51],
						"0.3667": [-0.22, -1.07, 0.41],
						"0.4": [-0.12, -1.04, 0.3],
						"0.4333": [-0.07, -0.95, 0.2],
						"0.4667": [-0.06, -0.8, 0.13],
						"0.5": [-0.06, -0.62, 0.08],
						"0.5333": [-0.08, -0.43, 0.05],
						"0.5667": [-0.1, -0.27, 0.02],
						"0.6": [-0.1, -0.15, 0],
						"0.6333": [-0.08, -0.07, -0.02],
						"0.6667": [-0.06, -0.03, -0.02],
						"0.7": [-0.04, -0.01, -0.01],
						"0.7333": [-0.01, -0.01, 0],
						"0.7667": [0, 0, 0],
						"0.8": [0.01, 0.01, 0],
						"0.8333": [0.01, 0.01, 0],
						"0.8667": [0, 0.01, 0],
						"0.9": [0, 0, 0],
						"0.9333": [0, 0, 0]
					}
				},
				"kolcho": {
					"rotation": {
						"0.0333": [-2, 1.25, -5.04],
						"0.0667": [-2.05, 1.62, -4.35],
						"0.1": [-2.16, 2.26, -3.3],
						"0.1333": [-2.27, 2.96, -2.1],
						"0.1667": [-2.34, 3.49, -0.98],
						"0.2": [-2.31, 3.63, -0.16],
						"0.2333": [-2.13, 3.18, 0.15],
						"0.2667": [-1.72, 1.76, -0.28],
						"0.3": [-1.11, -0.52, -1.3],
						"0.3333": [-0.39, -3.19, -2.62],
						"0.3667": [0.31, -5.76, -3.94],
						"0.4": [0.88, -7.76, -4.96],
						"0.4333": [1.21, -8.71, -5.37],
						"0.4667": [1.26, -8.35, -5.04],
						"0.5": [1.1, -7.01, -4.19],
						"0.5333": [0.81, -5.1, -3.03],
						"0.5667": [0.48, -3.02, -1.8],
						"0.6": [0.18, -1.19, -0.71],
						"0.6333": [0, 0, 0],
						"0.6667": [-0.08, 0.56, 0.34],
						"0.7": [-0.09, 0.63, 0.39],
						"0.7333": [-0.06, 0.42, 0.26],
						"0.7667": [-0.02, 0.14, 0.09],
						"0.8": [0, 0, 0],
						"0.8333": [0, 0, 0],
						"0.8667": [0, 0, 0],
						"0.9": [0, 0, 0],
						"0.9333": [0, 0, 0],
						"0.9667": [0, 0, 0]
					}
				},
				"_camera_": {
					"rotation": {
						"0.0333": [0.45, -0.22, -0.28],
						"0.0667": [0.42, -0.25, -0.26],
						"0.1": [0.38, -0.28, -0.25],
						"0.1333": [0.34, -0.32, -0.23],
						"0.1667": [0.28, -0.34, -0.21],
						"0.2": [0.23, -0.32, -0.17],
						"0.2333": [0.15, -0.26, -0.13],
						"0.2667": [0.06, -0.15, -0.07],
						"0.3": [-0.04, -0.03, 0],
						"0.3333": [-0.11, 0.07, 0.05],
						"0.3667": [-0.15, 0.13, 0.08],
						"0.4": [-0.13, 0.12, 0.07],
						"0.4333": [-0.08, 0.08, 0.03],
						"0.4667": [0, 0.01, -0.01],
						"0.5": [0.07, -0.05, -0.05],
						"0.5333": [0.1, -0.08, -0.08],
						"0.5667": [0.09, -0.06, -0.07],
						"0.6": [0.06, -0.03, -0.05],
						"0.6333": [0.01, 0.01, -0.02],
						"0.6667": [-0.03, 0.05, 0.01],
						"0.7": [-0.05, 0.08, 0.03],
						"0.7333": [-0.05, 0.07, 0.03],
						"0.7667": [-0.04, 0.06, 0.02],
						"0.8": [-0.03, 0.04, 0.01],
						"0.8333": [-0.01, 0.01, 0.01],
						"0.8667": [0, 0, 0],
						"0.9": [0, -0.01, 0],
						"0.9333": [0, 0, 0],
						"0.9667": [0, 0, 0],
						"1.0": [0, 0, 0]
					},
					"position": {
						"0.0": [0, 0, 0],
						"0.0333": [0, 0, 0],
						"0.0667": [0, 0, 0],
						"0.1": [0, 0, 0],
						"0.1333": [0, 0, 0],
						"0.1667": [0, 0, 0],
						"0.2": [0, 0, 0],
						"0.2333": [0, 0, 0],
						"0.2667": [0, 0, 0],
						"0.3": [0, 0, 0],
						"0.3333": [0, 0, 0],
						"0.3667": [0, 0, 0],
						"0.4": [0, 0, 0],
						"0.4333": [0, 0, 0],
						"0.4667": [0, 0, 0],
						"0.5": [0, 0, 0],
						"0.5333": [0, 0, 0],
						"0.5667": [0, 0, 0],
						"0.6": [0, 0, 0],
						"0.6333": [0, 0, 0],
						"0.6667": [0, 0, 0],
						"0.7": [0, 0, 0],
						"0.7333": [0, 0, 0],
						"0.7667": [0, 0, 0],
						"0.8": [0, 0, 0],
						"0.8333": [0, 0, 0],
						"0.8667": [0, 0, 0],
						"0.9": [0, 0, 0],
						"0.9333": [0, 0, 0],
						"0.9667": [0, 0, 0]
					}
				}
			},
			"sound_effects": {
				"0.0": {
					"effect": "sky_dmxxgdraw"
				}
			}
		},
		"animation.model.throw": {
			"animation_length": 1.5333,
			"bones": {
				"main": {
					"rotation": {
						"0.0333": [0, 0, 0],
						"0.0667": [-1.61, -1.61, -0.96],
						"0.1": [-3.97, -3.96, -2.36],
						"0.1333": [-6.7, -6.69, -3.98],
						"0.1667": [-9.43, -9.41, -5.61],
						"0.2": [-11.78, -11.76, -7.01],
						"0.2333": [-13.4, -13.37, -7.97],
						"0.2667": [-14.17, -14.15, -8.43],
						"0.3": [-14.39, -14.37, -8.56],
						"0.3333": [-14.23, -14.21, -8.47],
						"0.3667": [-13.89, -13.87, -8.26],
						"0.4": [-13.55, -13.53, -8.06],
						"0.4333": [-13.4, -13.37, -7.97],
						"0.4667": [-13.13, -13.37, -7.97],
						"0.5": [-12.86, -13.37, -7.97],
						"0.5333": [-13.4, -13.37, -7.97],
						"0.5667": [-17.47, -13.37, -7.97],
						"0.6": [-20.65, -13.37, -7.97],
						"0.6333": [-13.4, -13.37, -7.97],
						"1.3333": [-13.4, -13.37, -7.97],
						"1.5": [0, 0, 0]
					},
					"position": {
						"0.0": [0, 0, 0],
						"0.0333": [0, -0.37, 0.14],
						"0.0667": [0, -0.92, 0.33],
						"0.1": [0, -1.55, 0.56],
						"0.1333": [0, -2.18, 0.79],
						"0.1667": [0, -2.73, 0.99],
						"0.2": [0, -3.1, 1.13],
						"0.2333": [0, -3.28, 1.19],
						"0.2667": [0, -3.33, 1.21],
						"0.3": [0, -3.29, 1.2],
						"0.3333": [0, -3.21, 1.17],
						"0.3667": [0, -3.14, 1.14],
						"0.4": [0, -3.1, 1.13],
						"0.4333": [0, -3.1, 1.13],
						"0.4667": [0, -3.1, 1.13],
						"0.5": [0, -3.1, 1.13],
						"0.5333": [0, -3.1, 1.13],
						"0.5667": [0, -3.1, 1.13],
						"0.6": [0, -3.1, 1.13],
						"1.3333": [0, -3.1, 1.13],
						"1.5": [0, 0, 0]
					}
				},
				"rightarm": {
					"rotation": {
						"0.0333": [0, 0, 0],
						"0.0667": [-5.91, -3.06, 3.68],
						"0.1": [-15.34, -7.51, 9.79],
						"0.1333": [-25.88, -12.67, 16.53],
						"0.1667": [-35.16, -17.87, 22.06],
						"0.2": [-40.77, -22.43, 24.56],
						"0.2333": [-40.33, -25.66, 22.22],
						"0.2667": [-30.7, -27.35, 12.15],
						"0.3": [-13.19, -27.99, -4.78],
						"0.3333": [7.99, -27.99, -24.73],
						"0.3667": [28.6, -27.76, -43.88],
						"0.4": [44.41, -27.69, -58.39],
						"0.4333": [51.2, -28.2, -64.44],
						"0.4667": [21.68, -32.89, -35.14],
						"0.5": [-29.93, -36.88, 15.7],
						"0.5333": [-74.66, -35.91, 60.74],
						"0.5667": [-115.15, -33.94, 101.41],
						"0.6": [-142.23, -35.32, 127.2],
						"0.6333": [-162.35, -34.67, 146.66],
						"0.6667": [-171.33, -30.39, 156.94],
						"0.7": [-179.17, -23.98, 166.96],
						"0.7333": [-185.97, -18.13, 175.58],
						"0.7667": [-191.81, -15.55, 181.7],
						"0.8": [-189.74, -24.47, 174.66],
						"0.8333": [-205.46, -34.35, 182.51],
						"0.8667": [-226.92, -34.07, 201.12],
						"0.9": [-257.36, -32.38, 228.25],
						"0.9333": [-292.19, -29.86, 259.64],
						"0.9667": [-326.83, -27.07, 291.02],
						"1.0": [-356.7, -24.59, 318.11],
						"1.0333": [-377.22, -23.01, 336.66],
						"1.5": [0, 0, 0]
					},
					"position": {
						"0.0": [0, 0, 0],
						"0.0333": [0.01, 0.4, 0.47],
						"0.0667": [0.09, 0.96, 1.16],
						"0.1": [0.15, 1.62, 1.96],
						"0.1333": [0.1, 2.32, 2.75],
						"0.1667": [-0.13, 3.01, 3.4],
						"0.2": [-0.64, 3.62, 3.82],
						"0.2333": [-1.59, 4.2, 3.93],
						"0.2667": [-2.94, 4.8, 3.84],
						"0.3": [-4.48, 5.39, 3.62],
						"0.3333": [-6, 5.92, 3.35],
						"0.3667": [-7.29, 6.35, 3.12],
						"0.4": [-8.14, 6.66, 3],
						"0.4333": [-8.54, 6.76, 2.91],
						"0.4667": [-8.02, 6.48, 2.95],
						"0.5": [-7.44, 6.27, 3.41],
						"0.5333": [-7.17, 6.34, 4.59],
						"0.5667": [-6.84, 6.48, 6.19],
						"0.6": [-6.12, 6.48, 7.53],
						"0.6333": [-5.12, 6.36, 8.26],
						"0.6667": [-3.8, 6.18, 8.89],
						"0.7": [-2.46, 5.88, 9.29],
						"0.7333": [-1.35, 5.38, 9.36],
						"0.7667": [-0.08, 3.57, 7.59],
						"0.8": [1.08, 1.56, 6.41],
						"0.8333": [1.69, 1, 7.02],
						"0.8667": [2.41, 0.44, 8.12],
						"0.9": [3.18, -0.08, 9.47],
						"0.9333": [3.91, -0.56, 10.87],
						"0.9667": [4.54, -0.95, 12.09],
						"1.0": [0, 0, 0],
						"1.5": [0, 0, 0]
					},
					"scale": {
						"0.9667": [1, 1, 1],
						"1.0": [0, 0, 0],
						"1.0333": [0, 0, 0],
						"1.3": [0, 0, 0],
						"1.3333": [0, 0, 0],
						"1.3667": [0, 0, 0],
						"1.5": [1, 1, 1]
					}
				},
				"leftarm": {
					"rotation": {
						"0.0333": [0, 0, 0],
						"0.0667": [1.73, -2.9, -2.25],
						"0.1": [4.55, -7.21, -5.73],
						"0.1333": [7.68, -12.17, -9.68],
						"0.1667": [10.33, -17, -13.29],
						"0.2": [11.73, -20.93, -15.79],
						"0.2333": [11.09, -23.19, -16.4],
						"0.2667": [7.6, -23.46, -14.52],
						"0.3": [1.72, -22.3, -10.69],
						"0.3333": [-5.42, -20.23, -5.73],
						"0.3667": [-12.68, -17.81, -0.52],
						"0.4": [-18.91, -15.56, 4.09],
						"0.4333": [-22.99, -14.02, 7.27],
						"0.4667": [-23.8, -12.61, 9.22],
						"0.5": [-20.4, -11.12, 9.57],
						"0.5333": [-20.3, -9.44, 11.35],
						"0.5667": [-20.37, -7.21, 13.79],
						"0.6": [-20.54, -4.84, 16.41],
						"0.6333": [-20.72, -2.72, 18.75],
						"0.6667": [-20.83, -1.27, 20.35],
						"0.7": [-20, -0.63, 21.05],
						"0.7333": [-19.13, -1.09, 20.55],
						"0.7667": [-20.83, -1.27, 20.35],
						"0.8": [-43.93, 1.22, 23.11],
						"0.8333": [-62.11, 9.1, 26.4],
						"0.8667": [-83.91, 19.59, 30.54],
						"0.9": [-99.52, 27.19, 33.52],
						"0.9333": [-110.17, 28.88, 32.98],
						"0.9667": [-99.52, 27.19, 33.52],
						"1.0": [15.29, 26.09, 52.58],
						"1.0333": [27.28, 24.04, 57.72],
						"1.0667": [27.84, 21.43, 61.79],
						"1.1": [27.2, 19.85, 61.98],
						"1.1333": [28.42, 20.31, 55.15],
						"1.1667": [28.46, 21.81, 44.44],
						"1.2": [28.36, 22.96, 36.55],
						"1.3333": [28.36, 22.96, 36.55],
						"1.5": [0, 0, 0]
					},
					"position": {
						"0.0": [0, 0, 0],
						"0.0333": [-0.04, -0.31, -0.03],
						"0.0667": [-0.12, -0.76, -0.09],
						"0.1": [-0.21, -1.27, -0.15],
						"0.1333": [-0.25, -1.79, -0.17],
						"0.1667": [-0.2, -2.24, -0.14],
						"0.2": [0, -2.55, 0],
						"0.2333": [0.41, -2.7, 0.28],
						"0.2667": [1, -2.74, 0.7],
						"0.3": [1.68, -2.71, 1.18],
						"0.3333": [2.37, -2.64, 1.66],
						"0.3667": [2.97, -2.58, 2.07],
						"0.4": [3.38, -2.55, 2.35],
						"0.4333": [3.58, -2.55, 2.47],
						"0.4667": [3.64, -2.55, 2.49],
						"0.5": [3.62, -2.55, 2.44],
						"0.5333": [3.54, -2.55, 2.35],
						"0.5667": [3.47, -2.55, 2.27],
						"0.6": [3.43, -2.55, 2.24],
						"0.6333": [3.38, -2.55, 2.35],
						"0.6667": [3.37, -2.92, 2.11],
						"0.7": [3.37, -3.3, 1.87],
						"0.7333": [3.38, -2.55, 2.35],
						"0.7667": [3.38, 0.24, 4.24],
						"0.8": [3.38, 4.16, 6.86],
						"0.8333": [3.38, 7.55, 8.93],
						"0.8667": [3.38, 12.9, 10.6],
						"0.9": [3.53, 14.06, 11.84],
						"0.9333": [3.38, 12.9, 10.6],
						"0.9667": [2.1, 6.68, 0.53],
						"1.0": [0.83, -0.3, -7.58],
						"1.0333": [0.65, -2.47, -5.67],
						"1.0667": [0.67, -4.19, -0.87],
						"1.1": [0.77, -5.49, 4.49],
						"1.1333": [0.83, -6.42, 8.1],
						"1.3333": [0.83, -6.42, 8.1],
						"1.5": [0, 0, 0]
					},
					"scale": {
						"1.1": [1, 1, 1],
						"1.1333": [0, 0, 0],
						"1.1667": [0, 0, 0],
						"1.2333": [0, 0, 0],
						"1.3": [0, 0, 0],
						"1.3333": [1, 1, 1]
					}
				},
				"dm51": {
					"rotation": {
						"0.0333": [0, 0, 0],
						"0.0667": [-8.42, -4.41, 9.1],
						"0.1": [-20.31, -10.63, 21.92],
						"0.1333": [-31.14, -16.27, 33.58],
						"0.1667": [-41.31, -20.86, 44.33],
						"0.2": [-50.43, -24.86, 53.91],
						"0.2333": [-52.83, -27.28, 56.64],
						"0.2667": [-32.34, -26.1, 36.39],
						"0.3": [-14.01, -23.95, 18.08],
						"0.3333": [-18.89, -24.38, 22.92],
						"0.3667": [-30.26, -25.37, 34.21],
						"0.4": [-43.21, -26.49, 47.07],
						"0.4333": [-52.83, -27.28, 56.64],
						"0.4667": [-64.43, -27.85, 68.5],
						"0.5": [-38.63, -32.26, 42.26],
						"0.5333": [-49.35, -30.46, 47.47],
						"0.5667": [-67.32, -27.39, 58.16],
						"0.6": [-78.09, -25.31, 65.32],
						"0.6333": [-67.92, -25.86, 62.42],
						"0.6667": [-52.83, -27.28, 56.64],
						"0.7": [-56.62, -28.04, 61.72],
						"0.7333": [-63.22, -28.58, 67.75],
						"0.7667": [-52.83, -27.28, 56.64],
						"0.8": [-21.76, -23.91, 25.29],
						"0.8333": [23.65, -19, -20.53],
						"0.8667": [69.06, -14.08, -66.35],
						"1.2333": [69.06, -14.08, -66.35],
						"1.2667": [69.06, -14.08, -66.35],
						"1.3": [69.06, -14.08, -66.35],
						"1.3333": [69.06, -14.08, -66.35],
						"1.3667": [0, 0, 0],
						"1.5": [0, 0, 0]
					},
					"position": {
						"0.0": [0, 0, 0],
						"0.0333": [0.15, -0.24, 0.34],
						"0.0667": [0.37, -0.59, 0.84],
						"0.1": [0.62, -1, 1.41],
						"0.1333": [0.87, -1.4, 1.99],
						"0.1667": [1.09, -1.74, 2.51],
						"0.2": [1.25, -1.94, 2.88],
						"0.2333": [1.34, -1.95, 3.21],
						"0.2667": [1.35, -1.74, 3.36],
						"0.3": [1.31, -1.5, 3.41],
						"0.3333": [1.29, -1.38, 3.42],
						"0.3667": [1.27, -1.64, 3.19],
						"0.4": [1.25, -1.94, 2.88],
						"0.4333": [1.25, -1.86, 2.72],
						"0.4667": [1.25, -1.71, 2.85],
						"0.5": [1.25, -1.64, 4.6],
						"0.5333": [1.28, -1.67, 4.26],
						"0.5667": [1.31, -1.72, 3.53],
						"0.6": [1.33, -1.78, 2.98],
						"0.6333": [1.25, -1.94, 2.88],
						"0.6667": [1.27, -2.43, 2.52],
						"0.7": [1.29, -2.9, 2.17],
						"0.7333": [1.25, -1.94, 2.88],
						"0.7667": [0.93, 4.06, 7.06],
						"0.8": [0.57, 11.04, 12.52],
						"0.8333": [0.33, 15.76, 18.23],
						"0.8667": [0.17, 18.86, 22.74],
						"1.2333": [0.17, 18.86, 22.74],
						"1.2667": [0.17, 18.86, 22.74],
						"1.3": [0.17, 18.86, 22.74],
						"1.3333": [0.17, 18.86, 22.74],
						"1.3667": [0, -11.075, 4.2],
						"1.5": [0, 0, 0]
					},
					"scale": {
						"0.7667": [1, 1, 1],
						"0.8": [1.0625, 1.0625, 1.0625],
						"0.8333": [1, 1, 1],
						"0.8667": [0, 0, 0],
						"1.2333": [0, 0, 0],
						"1.2667": [0, 0, 0],
						"1.3": [0, 0, 0],
						"1.3333": [0, 0, 0],
						"1.3667": [0, 0, 0],
						"1.5": [1, 1, 1]
					}
				},
				"checka": {
					"rotation": {
						"0.4333": [0, 0, 0],
						"0.4667": [24.96, -35.45, -24.33],
						"0.5": [47.6, -69.94, -46.61],
						"0.5333": [47.19, -73.29, -46.55],
						"0.5667": [41.31, -70.46, -41.32],
						"0.6": [33.95, -65.43, -34.63],
						"0.6333": [29.07, -62.23, -30.2],
						"0.6667": [27.7, -61.65, -28.99],
						"0.7": [28.39, -61.94, -29.6],
						"0.7333": [29.07, -62.23, -30.2],
						"1.2333": [29.07, -62.23, -30.2],
						"1.2667": [29.07, -62.23, -30.2],
						"1.3": [29.07, -62.23, -30.2],
						"1.3333": [29.07, -62.23, -30.2],
						"1.3667": [0, 0, 0]
					},
					"position": {
						"0.4": [0, 0, 0],
						"0.4333": [0.68, 0, -0.7],
						"0.4667": [1.48, 0, -1.21],
						"0.5": [2.51, 0, 0.28],
						"0.5333": [3.73, 0, 0.3],
						"0.5667": [9.02, -0.75, -1.58],
						"0.6": [12.93, -1.97, -2.17],
						"0.6333": [14.66, -1.52, -2.75],
						"0.6667": [14.65, -1.12, -3.84],
						"0.7": [16.47, -1.12, -4.74],
						"0.7333": [17.62, -1.8, -6.49],
						"1.2333": [17.62, -1.8, -6.49],
						"1.2667": [17.62, -1.8, -6.49],
						"1.3": [17.62, -1.8, -6.49],
						"1.3333": [17.62, -1.8, -6.49],
						"1.3667": [0, 0, 0]
					},
					"scale": {
						"0.7333": [1, 1, 1],
						"0.7667": [0, 0, 0],
						"1.2333": [0, 0, 0],
						"1.2667": [0, 0, 0],
						"1.3": [0, 0, 0],
						"1.3333": [0, 0, 0],
						"1.3667": [1, 1, 1]
					}
				},
				"kolcho": {
					"rotation": {
						"0.0333": [0, 0, 0],
						"0.0667": [-0.01, -0.18, 0.42],
						"0.1": [-0.02, -0.44, 0.94],
						"0.1333": [-0.04, -0.75, 1.58],
						"0.1667": [-0.06, -1.06, 2.37],
						"0.2": [-0.09, -1.32, 3.34],
						"0.2333": [-0.12, -1.5, 4.5],
						"0.2667": [-0.16, -1.59, 6.23],
						"0.3": [-0.22, -1.65, 8.59],
						"0.3333": [-0.29, -1.66, 11.11],
						"0.3667": [-0.35, -1.62, 13.37],
						"0.4": [-0.39, -1.55, 14.9],
						"0.4333": [-0.39, -1.45, 15.25],
						"0.4667": [-0.33, -1.15, 12.91],
						"0.5": [-0.21, -0.72, 8.3],
						"0.5333": [-0.09, -0.29, 3.35],
						"0.5667": [0, 0, 0]
					},
					"position": {
						"0.0": [0, 0, 0],
						"0.0333": [0, 0, 0],
						"0.0667": [0, 0, 0],
						"0.1": [0, 0, 0],
						"0.1333": [0, 0, 0],
						"0.1667": [0, 0, 0],
						"0.2": [0, 0, 0],
						"0.2333": [0, 0, 0],
						"0.2667": [0, 0, 0],
						"0.3": [0, 0, 0],
						"0.3333": [0, 0, 0],
						"0.3667": [0, 0, 0],
						"0.4": [0, 0, 0],
						"0.4333": [0, 0, 0],
						"0.4667": [0, 0, 0],
						"0.5": [0, 0, 0],
						"0.5333": [0, 0, 0]
					}
				},
				"skoba": {
					"rotation": {
						"0.4333": [0, 0, 0],
						"0.4667": [0, 0, 1.11],
						"0.5": [0, 0, 2.74],
						"0.5333": [0, 0, 4.63],
						"0.5667": [0, 0, 6.51],
						"0.6": [0, 0, 8.14],
						"0.6333": [0, 0, 9.25],
						"1.2333": [0, 0, 9.25],
						"1.2667": [0, 0, 9.25],
						"1.3": [0, 0, 9.25],
						"1.3333": [0, 0, 9.25],
						"1.3667": [0, 0, 0]
					},
					"position": {
						"0.4": [0, 0, 0],
						"0.4333": [0, 0, 0],
						"0.4667": [0, 0, 0],
						"0.5": [0, 0, 0],
						"0.5333": [0, 0, 0],
						"0.5667": [0, 0, 0],
						"0.6": [0, 0, 0],
						"1.2333": [0, 0, 0],
						"1.2667": [0, 0, 0],
						"1.3": [0, 0, 0],
						"1.3333": [0, 0, 0],
						"1.3667": [0, 0, 0]
					}
				},
				"_camera_": {
					"rotation": {
						"0.0333": [0, 0, 0],
						"0.0667": [0.21, 0.1, -0.05],
						"0.1": [0.53, 0.26, -0.14],
						"0.1333": [0.88, 0.43, -0.23],
						"0.1667": [1.18, 0.57, -0.29],
						"0.2": [1.35, 0.65, -0.3],
						"0.2333": [1.38, 0.66, -0.23],
						"0.2667": [1.33, 0.61, -0.09],
						"0.3": [1.2, 0.54, 0.06],
						"0.3333": [1.05, 0.44, 0.2],
						"0.3667": [0.88, 0.35, 0.28],
						"0.4": [0.66, 0.24, 0.27],
						"0.4333": [0.38, 0.09, 0.21],
						"0.4667": [0.09, -0.05, 0.13],
						"0.5": [-0.16, -0.17, 0.05],
						"0.5333": [-0.32, -0.22, 0],
						"0.5667": [-0.36, -0.19, -0.02],
						"0.6": [-0.29, -0.1, -0.02],
						"0.6333": [-0.18, 0.03, -0.01],
						"0.6667": [-0.11, 0.14, 0],
						"0.7": [-0.12, 0.2, 0],
						"0.7333": [-0.29, 0.19, 0],
						"0.7667": [-0.57, 0.15, -0.01],
						"0.8": [-0.86, 0.08, -0.01],
						"0.8333": [-1.09, 0.02, -0.01],
						"0.8667": [-1.15, 0, 0],
						"0.9": [-0.99, 0.02, 0.02],
						"0.9333": [-0.65, 0.07, 0.05],
						"0.9667": [-0.26, 0.13, 0.09],
						"1.0": [0.11, 0.18, 0.11],
						"1.0333": [0.33, 0.2, 0.13],
						"1.0667": [0.37, 0.18, 0.11],
						"1.1": [0.31, 0.14, 0.09],
						"1.1333": [0.19, 0.08, 0.05],
						"1.1667": [0.07, 0.03, 0.02],
						"1.2": [0, 0, 0],
						"1.2333": [-0.02, -0.01, -0.01],
						"1.2667": [-0.02, -0.01, -0.01],
						"1.3": [-0.02, -0.01, -0.01],
						"1.3333": [-0.01, 0, 0],
						"1.3667": [0, 0, 0]
					},
					"position": {
						"0.0": [0, 0, 0],
						"0.0333": [0, 0, 0],
						"0.0667": [0, 0, 0],
						"0.1": [0, 0, 0],
						"0.1333": [0, 0, 0],
						"0.1667": [0, 0, 0],
						"0.2": [0, 0, 0],
						"0.2333": [0, 0, 0],
						"0.2667": [0, 0, 0],
						"0.3": [0, 0, 0],
						"0.3333": [0, 0, 0],
						"0.3667": [0, 0, 0],
						"0.4": [0, 0, 0],
						"0.4333": [0, 0, 0],
						"0.4667": [0, 0, 0],
						"0.5": [0, 0, 0],
						"0.5333": [0, 0, 0],
						"0.5667": [0, 0, 0],
						"0.6": [0, 0, 0],
						"0.6333": [0, 0, 0],
						"0.6667": [0, 0, 0],
						"0.7": [0, 0, 0],
						"0.7333": [0, 0, 0],
						"0.7667": [0, 0, 0],
						"0.8": [0, 0, 0],
						"0.8333": [0, 0, 0],
						"0.8667": [0, 0, 0],
						"0.9": [0, 0, 0],
						"0.9333": [0, 0, 0],
						"0.9667": [0, 0, 0],
						"1.0": [0, 0, 0],
						"1.0333": [0, 0, 0],
						"1.0667": [0, 0, 0],
						"1.1": [0, 0, 0],
						"1.1333": [0, 0, 0],
						"1.1667": [0, 0, 0],
						"1.2": [0, 0, 0],
						"1.2333": [0, 0, 0],
						"1.2667": [0, 0, 0],
						"1.3": [0, 0, 0],
						"1.3333": [0, 0, 0]
					}
				}
			},
			"sound_effects": {
				"0.0": {
					"effect": "sky_dmxxgthrow"
				}
			}
		},
		"animation.model.idle": {
			"loop": true,
			"animation_length": 2.6667,
			"bones": {
				"main": {
					"rotation": {
						"0.0333": [0, 0, 0],
						"0.3": [0.075, -0.075, -0.05],
						"0.5667": [0, -0.05, 0],
						"0.8333": [-0.05, 0.1, -0.15],
						"1.1": [0, 0.025, 0.025],
						"1.3667": [0, 0.025, 0],
						"1.6333": [0, -0.15, 0.025],
						"1.9": [0.225, 0, 0],
						"2.1667": [0.05, 0.1, 0.075],
						"2.4333": [-0.075, 0.175, 0],
						"2.7": [0, 0, 0]
					},
					"position": {
						"0.0": [0, 0, 0],
						"0.5333": [0, -0.025, -0.05],
						"1.0667": [0, -0.05, 0],
						"1.6": [0, 0.05, -0.05],
						"2.1333": [-0.05, 0.05, 0],
						"2.6667": [0, 0, 0]
					}
				},
				"rightarm": {
					"rotation": {
						"0.0333": [0, 0, 0],
						"0.3": [0.075, -0.075, -0.05],
						"0.5667": [0, -0.05, 0],
						"0.8333": [-0.05, 0.1, -0.15],
						"1.1": [0, 0.025, 0.025],
						"1.3667": [0, 0.025, 0],
						"1.6333": [0, -0.15, 0.025],
						"1.9": [0.225, 0, 0],
						"2.1667": [0.05, 0.1, 0.075],
						"2.4333": [-0.075, 0.175, 0],
						"2.7": [0, 0, 0]
					},
					"position": {
						"0.0": [0, 0, 0],
						"0.5333": [0, -0.025, -0.05],
						"1.0667": [0, -0.05, 0],
						"1.6": [0, 0.05, -0.05],
						"2.1333": [-0.05, 0.05, 0],
						"2.6667": [0, 0, 0]
					}
				},
				"leftarm": {
					"rotation": {
						"0.0333": [0, 0, 0],
						"0.3": [0.075, -0.075, -0.05],
						"0.5667": [0, -0.05, 0],
						"0.8333": [-0.05, 0.1, -0.15],
						"1.1": [0, 0.025, 0.025],
						"1.3667": [0, 0.025, 0],
						"1.6333": [0, -0.15, 0.025],
						"1.9": [0.225, 0, 0],
						"2.1667": [0.05, 0.1, 0.075],
						"2.4333": [-0.075, 0.175, 0],
						"2.7": [0, 0, 0]
					},
					"position": {
						"0.0": [0, 0, 0],
						"0.5333": [0, -0.025, -0.05],
						"1.0667": [0, -0.05, 0],
						"1.6": [0, 0.05, -0.05],
						"2.1333": [-0.05, 0.05, 0],
						"2.6667": [0, 0, 0]
					}
				},
				"dm51": {
					"rotation": {
						"0.0333": [0, 0, 0],
						"0.3": [0.075, -0.075, -0.05],
						"0.5667": [0, -0.05, 0],
						"0.8333": [-0.05, 0.1, -0.15],
						"1.1": [0, 0.025, 0.025],
						"1.3667": [0, 0.025, 0],
						"1.6333": [0, -0.15, 0.025],
						"1.9": [0.225, 0, 0],
						"2.1667": [0.05, 0.1, 0.075],
						"2.4333": [-0.075, 0.175, 0],
						"2.7": [0, 0, 0]
					},
					"position": {
						"0.0": [0, 0, 0],
						"0.5333": [0, -0.025, -0.05],
						"1.0667": [0, -0.05, 0],
						"1.6": [0, 0.05, -0.05],
						"2.1333": [-0.05, 0.05, 0],
						"2.6667": [0, 0, 0]
					}
				},
				"kolcho": {
					"rotation": {
						"0.0333": [0, 0, 0],
						"0.3": [0.075, -0.075, -0.05],
						"0.5667": [0, -0.05, 0],
						"0.8333": [-0.05, 0.1, -0.15],
						"1.1": [0, 0.025, 0.025],
						"1.3667": [0, 0.025, 0],
						"1.6333": [0, -0.15, 0.025],
						"1.9": [0.225, 0, 0],
						"2.1667": [0.05, 0.1, 0.075],
						"2.4333": [-0.075, 0.175, 0],
						"2.7": [0, 0, 0]
					}
				}
			}
		},
		"animation.model.inspect": {
			"animation_length": 2.3333,
			"bones": {
				"main": {
					"rotation": {
						"0.0333": [0, 0, 0],
						"0.0667": [-0.84, -1.45, -0.17],
						"0.1": [-2.03, -3.5, -0.41],
						"0.1333": [-3.46, -5.96, -0.69],
						"0.1667": [-5, -8.62, -1],
						"0.2": [-6.54, -11.28, -1.31],
						"0.2333": [-7.97, -13.74, -1.59],
						"0.2667": [-9.16, -15.8, -1.83],
						"0.3": [-10, -17.25, -2],
						"0.3333": [-10.58, -18.25, -2.12],
						"0.3667": [-10.74, -18.53, -2.15],
						"0.4": [-10.63, -18.33, -2.13],
						"0.4333": [-10.37, -17.89, -2.07],
						"0.4667": [-10.12, -17.45, -2.02],
						"0.5": [-10, -17.25, -2],
						"0.5333": [-10.03, -17.25, -2],
						"0.5667": [-10.1, -17.25, -2],
						"0.6": [-10.17, -17.25, -2],
						"0.6333": [-10.2, -17.25, -2],
						"0.6667": [-10.16, -17.25, -2],
						"0.7": [-10, -17.25, -2],
						"0.7333": [-9.75, -17.2, -2.01],
						"0.7667": [-9.41, -17.1, -2.03],
						"0.8": [-9.01, -16.98, -2.05],
						"0.8333": [-8.57, -16.89, -2.07],
						"0.8667": [-8.11, -16.87, -2.07],
						"0.9": [-7.66, -16.98, -2.05],
						"0.9333": [-7.25, -17.25, -2],
						"0.9667": [-6.84, -17.76, -1.9],
						"1.0": [-6.4, -18.5, -1.76],
						"1.0333": [-5.96, -19.37, -1.6],
						"1.0667": [-5.54, -20.29, -1.42],
						"1.1": [-5.15, -21.17, -1.25],
						"1.1333": [-4.83, -21.9, -1.11],
						"1.1667": [-4.58, -22.42, -1.02],
						"1.2": [-4.44, -22.69, -0.96],
						"1.2333": [-4.39, -22.79, -0.94],
						"1.2667": [-4.4, -22.78, -0.95],
						"1.3": [-4.44, -22.69, -0.96],
						"1.3333": [-4.51, -22.57, -0.99],
						"1.3667": [-4.56, -22.46, -1.01],
						"1.4": [-4.58, -22.42, -1.02],
						"1.4333": [-4.64, -22.61, -1.01],
						"1.4667": [-4.75, -23.07, -1],
						"1.5": [-4.89, -23.59, -0.99],
						"1.5333": [-4.99, -23.99, -0.98],
						"1.5667": [-5.01, -24.05, -0.98],
						"1.6": [-4.89, -23.59, -0.99],
						"1.6333": [-4.58, -22.42, -1.02],
						"1.6667": [-4, -20.2, -1.08],
						"1.7": [-3.14, -17, -1.18],
						"1.7333": [-2.12, -13.21, -1.29],
						"1.7667": [-1.06, -9.22, -1.41],
						"1.8": [-0.07, -5.43, -1.49],
						"1.8333": [0.74, -2.23, -1.53],
						"1.8667": [1.25, 0, -1.5],
						"1.9": [1.43, 1.17, -1.38],
						"1.9333": [1.37, 1.63, -1.17],
						"1.9667": [1.14, 1.57, -0.92],
						"2.0": [0.82, 1.18, -0.64],
						"2.0333": [0.47, 0.65, -0.38],
						"2.0667": [0.18, 0.2, -0.15],
						"2.1": [0, 0, 0],
						"2.1333": [-0.07, 0, 0.08],
						"2.1667": [-0.09, 0, 0.11],
						"2.2": [-0.09, 0, 0.1],
						"2.2333": [-0.07, 0, 0.08],
						"2.2667": [-0.04, 0, 0.04],
						"2.3": [-0.01, 0, 0.01],
						"2.3333": [0, 0, 0]
					},
					"position": {
						"0.0": [0, 0, 0],
						"0.0333": [0.04, 0, 0.1],
						"0.0667": [0.11, 0, 0.23],
						"0.1": [0.18, 0, 0.4],
						"0.1333": [0.26, 0, 0.57],
						"0.1667": [0.34, 0, 0.75],
						"0.2": [0.42, 0, 0.92],
						"0.2333": [0.48, 0, 1.05],
						"0.2667": [0.53, 0, 1.15],
						"0.3": [0.56, 0, 1.22],
						"0.3333": [0.56, 0, 1.24],
						"0.3667": [0.56, 0, 1.22],
						"0.4": [0.54, 0, 1.19],
						"0.4333": [0.53, 0, 1.16],
						"0.4667": [0.53, 0, 1.15],
						"0.5": [0.48, 0, 1.14],
						"0.5333": [0.4, 0.01, 1.13],
						"0.5667": [0.31, 0.02, 1.11],
						"0.6": [0.27, 0.03, 1.11],
						"0.6333": [0.32, 0.02, 1.12],
						"0.6667": [0.53, 0, 1.15],
						"0.7": [0.87, -0.03, 1.21],
						"0.7333": [1.36, -0.08, 1.29],
						"0.7667": [1.95, -0.13, 1.39],
						"0.8": [2.57, -0.18, 1.49],
						"0.8333": [3.15, -0.25, 1.59],
						"0.8667": [3.65, -0.31, 1.67],
						"0.9": [4, -0.38, 1.73],
						"0.9333": [4.19, -0.45, 1.76],
						"0.9667": [4.26, -0.54, 1.76],
						"1.0": [4.26, -0.63, 1.76],
						"1.0333": [4.21, -0.73, 1.74],
						"1.0667": [4.14, -0.81, 1.72],
						"1.1": [4.08, -0.88, 1.7],
						"1.1333": [4.06, -0.94, 1.69],
						"1.1667": [4.06, -0.97, 1.69],
						"1.2": [4.06, -0.98, 1.69],
						"1.2333": [4.06, -0.98, 1.69],
						"1.2667": [4.06, -0.97, 1.69],
						"1.3": [4.06, -0.95, 1.69],
						"1.3333": [4.06, -0.94, 1.69],
						"1.3667": [4.06, -0.94, 1.69],
						"1.4": [4.09, -0.95, 1.72],
						"1.4333": [4.18, -0.97, 1.79],
						"1.4667": [4.27, -1, 1.87],
						"1.5": [4.34, -1.02, 1.93],
						"1.5333": [4.35, -1.03, 1.94],
						"1.5667": [4.27, -1, 1.87],
						"1.6": [4.06, -0.94, 1.69],
						"1.6333": [3.65, -0.81, 1.34],
						"1.6667": [3.08, -0.64, 0.82],
						"1.7": [2.39, -0.42, 0.21],
						"1.7333": [1.67, -0.2, -0.42],
						"1.7667": [0.98, 0, -1],
						"1.8": [0.4, 0.17, -1.45],
						"1.8333": [0, 0.28, -1.7],
						"1.8667": [-0.21, 0.31, -1.71],
						"1.9": [-0.3, 0.3, -1.54],
						"1.9333": [-0.28, 0.25, -1.24],
						"1.9667": [-0.21, 0.18, -0.88],
						"2.0": [-0.12, 0.1, -0.51],
						"2.0333": [-0.04, 0.04, -0.2],
						"2.0667": [0, 0, 0],
						"2.1": [0, -0.01, 0.09],
						"2.1333": [0, -0.02, 0.12],
						"2.1667": [0, -0.02, 0.12],
						"2.2": [0, -0.01, 0.09],
						"2.2333": [0, -0.01, 0.05],
						"2.2667": [0, 0, 0.01],
						"2.3": [0, 0, 0]
					}
				},
				"rightarm": {
					"rotation": {
						"0.0333": [0, 0, 0],
						"0.0667": [-2.41, 6.99, -0.69],
						"0.1": [-5.82, 16.91, -1.66],
						"0.1333": [-9.9, 28.78, -2.82],
						"0.1667": [-14.32, 41.62, -4.08],
						"0.2": [-18.74, 54.46, -5.34],
						"0.2333": [-22.83, 66.33, -6.51],
						"0.2667": [-26.24, 76.25, -7.48],
						"0.3": [-28.65, 83.25, -8.17],
						"0.3333": [-30.31, 88.91, -9.02],
						"0.3667": [-30.77, 92.11, -9.98],
						"0.4": [-30.44, 92.99, -10.71],
						"0.4333": [-29.71, 91.72, -10.88],
						"0.4667": [-28.98, 88.42, -10.14],
						"0.5": [-28.65, 83.25, -8.17],
						"0.5333": [-28.62, 76.3, -5.02],
						"0.5667": [-28.56, 66.47, -0.54],
						"0.6": [-28.48, 54.82, 4.77],
						"0.6333": [-28.43, 42.37, 10.41],
						"0.6667": [-28.42, 30.17, 15.88],
						"0.7": [-28.5, 19.24, 20.68],
						"0.7333": [-28.68, 10.63, 24.3],
						"0.7667": [-29.09, 3.24, 27.1],
						"0.8": [-29.68, -2.56, 28.98],
						"0.8333": [-30.37, -7.1, 30.16],
						"0.8667": [-31.06, -10.67, 30.9],
						"0.9": [-31.66, -13.6, 31.43],
						"0.9333": [-32.09, -16.19, 32],
						"0.9667": [-32.3, -17.98, 32.44],
						"1.0": [-32.42, -19.11, 32.65],
						"1.0333": [-32.47, -19.71, 32.68],
						"1.0667": [-32.47, -19.93, 32.61],
						"1.1": [-32.45, -19.91, 32.48],
						"1.1333": [-32.41, -19.79, 32.36],
						"1.1667": [-32.4, -19.72, 32.31],
						"1.2": [-32.31, -19.77, 32.21],
						"1.2333": [-32.09, -19.84, 31.96],
						"1.2667": [-31.82, -19.8, 31.67],
						"1.3": [-31.61, -19.54, 31.43],
						"1.3333": [-31.52, -18.93, 31.34],
						"1.3667": [-31.65, -17.86, 31.49],
						"1.4": [-32.09, -16.19, 32],
						"1.4333": [-33.32, -13.52, 33.4],
						"1.4667": [-35.45, -9.78, 35.81],
						"1.5": [-37.94, -5.46, 38.62],
						"1.5333": [-40.26, -1.03, 41.26],
						"1.5667": [-41.91, 3.04, 43.14],
						"1.6": [-42.34, 6.29, 43.67],
						"1.6333": [-41.03, 8.24, 42.27],
						"1.6667": [-37.34, 8.68, 38.2],
						"1.7": [-31.54, 7.97, 31.73],
						"1.7333": [-24.42, 6.47, 23.8],
						"1.7667": [-16.81, 4.54, 15.34],
						"1.8": [-9.52, 2.54, 7.28],
						"1.8333": [-3.38, 0.84, 0.55],
						"1.8667": [0.82, -0.2, -3.92],
						"1.9": [2.93, -0.62, -5.95],
						"1.9333": [3.67, -0.76, -6.34],
						"1.9667": [3.41, -0.71, -5.54],
						"2.0": [2.53, -0.52, -4.04],
						"2.0333": [1.42, -0.29, -2.3],
						"2.0667": [0.45, -0.09, -0.79],
						"2.1": [0, 0, 0],
						"2.1333": [-0.04, 0.01, 0.21],
						"2.1667": [-0.06, 0.01, 0.29],
						"2.2": [-0.06, 0.01, 0.27],
						"2.2333": [-0.04, 0.01, 0.21],
						"2.2667": [-0.02, 0.01, 0.11],
						"2.3": [-0.01, 0, 0.03],
						"2.3333": [0, 0, 0]
					},
					"position": {
						"0.0": [0, 0, 0],
						"0.0333": [-0.03, -0.07, 0.76],
						"0.0667": [-0.09, -0.14, 1.79],
						"0.1": [-0.17, -0.22, 3.01],
						"0.1333": [-0.24, -0.32, 4.37],
						"0.1667": [-0.28, -0.46, 5.78],
						"0.2": [-0.27, -0.65, 7.18],
						"0.2333": [-0.18, -0.91, 8.5],
						"0.2667": [0, -1.25, 9.68],
						"0.3": [0.58, -1.92, 11.36],
						"0.3333": [1.51, -2.81, 13.34],
						"0.3667": [2.55, -3.8, 15.25],
						"0.4": [3.44, -4.77, 16.77],
						"0.4333": [3.94, -5.61, 17.54],
						"0.4667": [3.78, -6.18, 17.22],
						"0.5": [2.96, -6.45, 15.74],
						"0.5333": [1.6, -6.6, 13.21],
						"0.5667": [-0.11, -6.63, 10],
						"0.6": [-2, -6.58, 6.5],
						"0.6333": [-3.87, -6.45, 3.08],
						"0.6667": [-5.54, -6.27, 0.13],
						"0.7": [-6.83, -6.06, -1.99],
						"0.7333": [-7.92, -5.69, -3.43],
						"0.7667": [-8.78, -5.16, -4.23],
						"0.8": [-9.45, -4.55, -4.57],
						"0.8333": [-9.98, -3.94, -4.65],
						"0.8667": [-10.4, -3.43, -4.64],
						"0.9": [-10.75, -3.09, -4.75],
						"0.9333": [-10.96, -2.96, -4.9],
						"0.9667": [-11.04, -2.95, -4.96],
						"1.0": [-11.03, -3.01, -4.95],
						"1.0333": [-10.96, -3.11, -4.9],
						"1.0667": [-10.87, -3.23, -4.83],
						"1.1": [-10.79, -3.33, -4.78],
						"1.1333": [-10.75, -3.36, -4.75],
						"1.1667": [-10.78, -3.32, -4.75],
						"1.2": [-10.85, -3.22, -4.74],
						"1.2333": [-10.92, -3.09, -4.73],
						"1.2667": [-10.98, -2.98, -4.73],
						"1.3": [-10.99, -2.92, -4.72],
						"1.3333": [-10.92, -2.94, -4.73],
						"1.3667": [-10.75, -3.09, -4.75],
						"1.4": [-10.5, -3.46, -4.84],
						"1.4333": [-10.2, -4.05, -4.99],
						"1.4667": [-9.83, -4.76, -5.17],
						"1.5": [-9.4, -5.46, -5.33],
						"1.5333": [-8.88, -6.06, -5.41],
						"1.5667": [-8.27, -6.43, -5.37],
						"1.6": [-7.55, -6.46, -5.15],
						"1.6333": [-6.64, -6.08, -4.7],
						"1.6667": [-5.49, -5.34, -4.02],
						"1.7": [-4.22, -4.38, -3.21],
						"1.7333": [-2.94, -3.31, -2.35],
						"1.7667": [-1.73, -2.26, -1.53],
						"1.8": [-0.72, -1.36, -0.82],
						"1.8333": [0, -0.72, -0.32],
						"1.8667": [0.4, -0.35, -0.04],
						"1.9": [0.55, -0.13, 0.11],
						"1.9333": [0.53, -0.03, 0.15],
						"1.9667": [0.4, 0, 0.12],
						"2.0": [0.22, -0.01, 0.06],
						"2.0333": [0.07, -0.02, 0.01],
						"2.0667": [0, 0, 0],
						"2.1": [0, 0.04, 0.02],
						"2.1333": [0, 0.05, 0.02],
						"2.1667": [0, 0.05, 0.02],
						"2.2": [0, 0.04, 0.02],
						"2.2333": [0, 0.02, 0.01],
						"2.2667": [0, 0.01, 0],
						"2.3": [0, 0, 0]
					}
				},
				"leftarm": {
					"rotation": {
						"0.0333": [0, 0, 0],
						"0.0667": [1.48, -0.43, -1.92],
						"0.1": [3.59, -1.03, -4.66],
						"0.1333": [6.12, -1.75, -7.94],
						"0.1667": [8.85, -2.53, -11.48],
						"0.2": [11.55, -3.32, -15],
						"0.2333": [14.02, -4.07, -18.21],
						"0.2667": [16.03, -4.71, -20.83],
						"0.3": [17.37, -5.19, -22.59],
						"0.3333": [18.04, -5.63, -23.48],
						"0.3667": [17.81, -5.92, -23.2],
						"0.4": [17.03, -6.1, -22.2],
						"0.4333": [16.03, -6.19, -20.96],
						"0.4667": [15.17, -6.21, -19.94],
						"0.5": [14.78, -6.21, -19.6],
						"0.5333": [14.62, -5.87, -19.44],
						"0.5667": [14.36, -5.12, -18.97],
						"0.6": [14.23, -4.31, -18.72],
						"0.6333": [14.47, -3.79, -19.22],
						"0.6667": [15.3, -3.91, -20.98],
						"0.7": [16.98, -5.03, -24.53],
						"0.7333": [19.49, -7.12, -29.82],
						"0.7667": [23, -10.2, -37.2],
						"0.8": [27.1, -13.88, -45.8],
						"0.8333": [31.35, -17.77, -54.76],
						"0.8667": [35.35, -21.5, -63.2],
						"0.9": [38.66, -24.67, -70.27],
						"0.9333": [40.87, -26.89, -75.1],
						"0.9667": [41.81, -28.15, -77.44],
						"1.0": [41.83, -28.78, -77.97],
						"1.0333": [41.2, -28.93, -77.24],
						"1.0667": [40.23, -28.75, -75.78],
						"1.1": [39.2, -28.41, -74.13],
						"1.1333": [38.39, -28.05, -72.83],
						"1.1667": [38.11, -27.83, -72.43],
						"1.2": [38.64, -27.87, -73.29],
						"1.2333": [39.82, -28.06, -75.05],
						"1.2667": [41.26, -28.24, -77.17],
						"1.3": [42.58, -28.24, -79.1],
						"1.3333": [43.39, -27.92, -80.29],
						"1.3667": [43.31, -27.09, -80.2],
						"1.4": [41.96, -25.61, -78.28],
						"1.4333": [38.91, -23.16, -74.04],
						"1.4667": [34.37, -19.78, -67.82],
						"1.5": [28.89, -15.84, -60.26],
						"1.5333": [23, -11.7, -52.05],
						"1.5667": [17.25, -7.72, -43.85],
						"1.6": [12.19, -4.27, -36.32],
						"1.6333": [8.35, -1.71, -30.14],
						"1.6667": [4.14, 0.84, -21.63],
						"1.7": [1.7, 1.93, -14.53],
						"1.7333": [0.32, 2.22, -8.76],
						"1.7667": [-0.7, 2.33, -4.21],
						"1.8": [-1.23, 2.29, -1.65],
						"1.8333": [-1.22, 1.87, -0.09],
						"1.8667": [-0.92, 1.27, 0.76],
						"1.9": [-0.54, 0.68, 1.21],
						"1.9333": [-0.32, 0.29, 1.58],
						"1.9667": [-0.24, 0.11, 1.71],
						"2.0": [-0.17, 0.03, 1.4],
						"2.0333": [-0.1, 0.01, 0.87],
						"2.0667": [-0.04, 0.01, 0.33],
						"2.1": [0, 0, 0],
						"2.1333": [0.02, -0.02, -0.08],
						"2.1667": [0.02, -0.02, -0.11],
						"2.2": [0.02, -0.02, -0.11],
						"2.2333": [0.02, -0.02, -0.08],
						"2.2667": [0.01, -0.01, -0.05],
						"2.3": [0, 0, -0.01],
						"2.3333": [0, 0, 0]
					},
					"position": {
						"0.0": [0, 0, 0],
						"0.0333": [0, 0, 0.27],
						"0.0667": [0, 0, 0.64],
						"0.1": [0, 0.01, 1.1],
						"0.1333": [0, 0.01, 1.58],
						"0.1667": [0, 0.01, 2.08],
						"0.2": [0, 0.01, 2.53],
						"0.2333": [0, 0.01, 2.92],
						"0.2667": [0, 0, 3.2],
						"0.3": [0, -0.01, 3.42],
						"0.3333": [0, -0.02, 3.53],
						"0.3667": [0, -0.04, 3.56],
						"0.4": [0, -0.06, 3.53],
						"0.4333": [0, -0.09, 3.49],
						"0.4667": [0, -0.12, 3.45],
						"0.5": [-0.02, -0.15, 3.44],
						"0.5333": [-0.06, -0.16, 3.44],
						"0.5667": [-0.1, -0.17, 3.42],
						"0.6": [-0.12, -0.22, 3.35],
						"0.6333": [-0.09, -0.31, 3.19],
						"0.6667": [0, -0.47, 2.93],
						"0.7": [0.16, -0.7, 2.55],
						"0.7333": [0.39, -1.02, 2.05],
						"0.7667": [0.67, -1.37, 1.46],
						"0.8": [0.96, -1.75, 0.85],
						"0.8333": [1.23, -2.1, 0.28],
						"0.8667": [1.46, -2.41, -0.21],
						"0.9": [1.63, -2.62, -0.55],
						"0.9333": [1.71, -2.75, -0.73],
						"0.9667": [1.74, -2.81, -0.8],
						"1.0": [1.74, -2.83, -0.8],
						"1.0333": [1.71, -2.82, -0.74],
						"1.0667": [1.68, -2.79, -0.66],
						"1.1": [1.64, -2.78, -0.59],
						"1.1333": [1.63, -2.78, -0.56],
						"1.1667": [1.63, -2.81, -0.64],
						"1.2": [1.63, -2.84, -0.83],
						"1.2333": [1.63, -2.87, -1.05],
						"1.2667": [1.63, -2.89, -1.22],
						"1.3": [1.63, -2.92, -1.25],
						"1.3333": [1.63, -2.93, -1.05],
						"1.3667": [1.63, -2.92, -0.55],
						"1.4": [1.64, -2.92, 0.47],
						"1.4333": [1.66, -2.92, 2.01],
						"1.4667": [1.7, -2.92, 3.82],
						"1.5": [1.72, -2.9, 5.67],
						"1.5333": [1.72, -2.85, 7.31],
						"1.5667": [1.7, -2.76, 8.49],
						"1.6": [1.63, -2.62, 8.98],
						"1.6333": [1.49, -2.41, 8.61],
						"1.6667": [1.31, -2.12, 7.56],
						"1.7": [1.08, -1.78, 6.07],
						"1.7333": [0.85, -1.43, 4.35],
						"1.7667": [0.62, -1.08, 2.66],
						"1.8": [0.42, -0.78, 1.21],
						"1.8333": [0.28, -0.55, 0.25],
						"1.8667": [0.18, -0.39, -0.23],
						"1.9": [0.11, -0.27, -0.45],
						"1.9333": [0.07, -0.18, -0.46],
						"1.9667": [0.04, -0.12, -0.36],
						"2.0": [0.03, -0.07, -0.19],
						"2.0333": [0.02, -0.04, -0.05],
						"2.0667": [0, 0, 0],
						"2.1": [-0.01, 0.03, -0.01],
						"2.1333": [-0.02, 0.04, -0.02],
						"2.1667": [-0.02, 0.04, -0.02],
						"2.2": [-0.01, 0.03, -0.01],
						"2.2333": [-0.01, 0.02, -0.01],
						"2.2667": [0, 0, 0],
						"2.3": [0, 0, 0]
					}
				},
				"dm51": {
					"rotation": {
						"0.0333": [0, 0, 0],
						"0.0667": [-2.62, 1.97, 1.73],
						"0.1": [-6.35, 4.77, 4.18],
						"0.1333": [-10.82, 8.12, 7.12],
						"0.1667": [-15.64, 11.75, 10.29],
						"0.2": [-20.46, 15.37, 13.48],
						"0.2333": [-24.88, 18.7, 16.43],
						"0.2667": [-28.55, 21.48, 18.92],
						"0.3": [-31.09, 23.41, 20.7],
						"0.3333": [-32.67, 24.68, 22],
						"0.3667": [-32.85, 24.92, 22.51],
						"0.4": [-32.12, 24.5, 22.46],
						"0.4333": [-30.98, 23.76, 22.11],
						"0.4667": [-29.93, 23.05, 21.72],
						"0.5": [-29.47, 22.74, 21.53],
						"0.5333": [-29.83, 22.84, 21.72],
						"0.5667": [-30.66, 23.09, 22.13],
						"0.6": [-31.59, 23.37, 22.49],
						"0.6333": [-32.22, 23.59, 22.54],
						"0.6667": [-32.18, 23.63, 22.03],
						"0.7": [-31.09, 23.41, 20.7],
						"0.7333": [-28.94, 22.92, 18.56],
						"0.7667": [-25.75, 22.16, 15.52],
						"0.8": [-21.93, 21.26, 11.95],
						"0.8333": [-17.9, 20.29, 8.2],
						"0.8667": [-14.05, 19.37, 4.64],
						"0.9": [-10.79, 18.59, 1.64],
						"0.9333": [-8.54, 18.05, -0.45],
						"0.9667": [-7.36, 17.77, -1.56],
						"1.0": [-6.9, 17.66, -1.99],
						"1.0333": [-6.96, 17.67, -1.93],
						"1.0667": [-7.36, 17.77, -1.56],
						"1.1": [-7.88, 17.89, -1.07],
						"1.1333": [-8.34, 18, -0.64],
						"1.1667": [-8.54, 18.05, -0.45],
						"1.2": [-8.27, 18.14, -0.49],
						"1.2333": [-7.64, 18.37, -0.57],
						"1.2667": [-6.91, 18.63, -0.67],
						"1.3": [-6.37, 18.82, -0.74],
						"1.3333": [-6.28, 18.85, -0.75],
						"1.3667": [-6.91, 18.63, -0.67],
						"1.4": [-8.54, 18.05, -0.45],
						"1.4333": [-11.95, 17, 0],
						"1.4667": [-17.16, 15.51, 0.68],
						"1.5": [-23.29, 13.75, 1.49],
						"1.5333": [-29.47, 11.87, 2.31],
						"1.5667": [-34.84, 10.02, 3.03],
						"1.6": [-38.51, 8.35, 3.53],
						"1.6333": [-39.62, 7.02, 3.72],
						"1.6667": [-37.54, 6.02, 3.5],
						"1.7": [-32.85, 5.2, 2.95],
						"1.7333": [-26.45, 4.53, 2.19],
						"1.7667": [-19.25, 3.97, 1.33],
						"1.8": [-12.18, 3.47, 0.5],
						"1.8333": [-6.13, 3, -0.19],
						"1.8667": [-2.01, 2.52, -0.63],
						"1.9": [0.16, 2.03, -0.79],
						"1.9333": [1.21, 1.58, -0.79],
						"1.9667": [1.45, 1.17, -0.67],
						"2.0": [1.15, 0.8, -0.49],
						"2.0333": [0.61, 0.48, -0.28],
						"2.0667": [0.13, 0.21, -0.1],
						"2.1": [0, 0, 0],
						"2.1333": [0.11, -0.13, 0.03],
						"2.1667": [0.15, -0.18, 0.05],
						"2.2": [0.14, -0.18, 0.04],
						"2.2333": [0.11, -0.13, 0.03],
						"2.2667": [0.06, -0.07, 0.02],
						"2.3": [0.02, -0.02, 0.01],
						"2.3333": [0, 0, 0]
					},
					"position": {
						"0.0": [0, 0, 0],
						"0.0333": [-0.02, -0.04, 0.63],
						"0.0667": [-0.04, -0.11, 1.52],
						"0.1": [-0.07, -0.18, 2.58],
						"0.1333": [-0.1, -0.26, 3.73],
						"0.1667": [-0.13, -0.34, 4.89],
						"0.2": [-0.16, -0.41, 5.95],
						"0.2333": [-0.18, -0.48, 6.84],
						"0.2667": [-0.2, -0.52, 7.48],
						"0.3": [-0.21, -0.56, 7.91],
						"0.3333": [-0.21, -0.58, 8.05],
						"0.3667": [-0.21, -0.59, 7.97],
						"0.4": [-0.21, -0.58, 7.79],
						"0.4333": [-0.2, -0.58, 7.61],
						"0.4667": [-0.2, -0.57, 7.53],
						"0.5": [-0.21, -0.58, 7.53],
						"0.5333": [-0.24, -0.6, 7.54],
						"0.5667": [-0.26, -0.62, 7.55],
						"0.6": [-0.27, -0.62, 7.55],
						"0.6333": [-0.26, -0.59, 7.53],
						"0.6667": [-0.2, -0.52, 7.48],
						"0.7": [-0.1, -0.42, 7.4],
						"0.7333": [0.04, -0.26, 7.28],
						"0.7667": [0.2, -0.08, 7.15],
						"0.8": [0.37, 0.11, 7.02],
						"0.8333": [0.54, 0.29, 6.89],
						"0.8667": [0.68, 0.44, 6.78],
						"0.9": [0.78, 0.55, 6.7],
						"0.9333": [0.83, 0.61, 6.66],
						"0.9667": [0.85, 0.63, 6.64],
						"1.0": [0.84, 0.63, 6.65],
						"1.0333": [0.83, 0.61, 6.66],
						"1.0667": [0.8, 0.58, 6.68],
						"1.1": [0.78, 0.56, 6.69],
						"1.1333": [0.78, 0.55, 6.7],
						"1.1667": [0.77, 0.56, 6.67],
						"1.2": [0.77, 0.57, 6.61],
						"1.2333": [0.77, 0.58, 6.54],
						"1.2667": [0.77, 0.6, 6.48],
						"1.3": [0.77, 0.6, 6.48],
						"1.3333": [0.77, 0.58, 6.54],
						"1.3667": [0.78, 0.55, 6.7],
						"1.4": [0.8, 0.43, 7.37],
						"1.4333": [0.84, 0.25, 8.36],
						"1.4667": [0.88, 0.06, 9.29],
						"1.5": [0.91, -0.1, 9.79],
						"1.5333": [0.93, -0.28, 9.77],
						"1.5667": [0.93, -0.44, 9.21],
						"1.6": [0.9, -0.5, 7.98],
						"1.6333": [0.88, -0.48, 7.09],
						"1.6667": [0.86, -0.43, 5.93],
						"1.7": [0.83, -0.36, 4.59],
						"1.7333": [0.8, -0.28, 3.22],
						"1.7667": [0.76, -0.19, 1.92],
						"1.8": [0.71, -0.12, 0.82],
						"1.8333": [0.65, -0.07, 0.05],
						"1.8667": [0.57, -0.05, -0.37],
						"1.9": [0.47, -0.03, -0.54],
						"1.9333": [0.37, -0.01, -0.53],
						"1.9667": [0.25, -0.01, -0.4],
						"2.0": [0.15, -0.01, -0.22],
						"2.0333": [0.06, 0, -0.06],
						"2.0667": [0, 0, 0],
						"2.1": [-0.03, 0, 0],
						"2.1333": [-0.05, 0.01, 0],
						"2.1667": [-0.05, 0.01, 0],
						"2.2": [-0.03, 0, 0],
						"2.2333": [-0.02, 0, 0],
						"2.2667": [-0.01, 0, 0],
						"2.3": [0, 0, 0]
					}
				},
				"kolcho": {
					"rotation": {
						"0.0333": [0, 0, 0],
						"0.0667": [-0.15, -0.37, -1.18],
						"0.1": [-0.37, -0.91, -2.88],
						"0.1333": [-0.62, -1.56, -4.93],
						"0.1667": [-0.9, -2.26, -7.12],
						"0.2": [-1.18, -2.93, -9.28],
						"0.2333": [-1.44, -3.53, -11.23],
						"0.2667": [-1.66, -3.98, -12.78],
						"0.3": [-1.81, -4.22, -13.75],
						"0.3333": [-1.98, -4.18, -14.07],
						"0.3667": [-2.12, -3.83, -13.61],
						"0.4": [-2.21, -3.29, -12.65],
						"0.4333": [-2.23, -2.7, -11.5],
						"0.4667": [-2.15, -2.17, -10.46],
						"0.5": [-1.94, -1.84, -9.82],
						"0.5333": [-1.53, -1.69, -9.7],
						"0.5667": [-0.9, -1.63, -9.86],
						"0.6": [-0.18, -1.63, -10.14],
						"0.6333": [0.55, -1.68, -10.34],
						"0.6667": [1.16, -1.76, -10.3],
						"0.7": [1.56, -1.84, -9.82],
						"0.7333": [1.7, -1.93, -8.95],
						"0.7667": [1.71, -2.07, -7.7],
						"0.8": [1.63, -2.23, -6.22],
						"0.8333": [1.5, -2.4, -4.65],
						"0.8667": [1.34, -2.56, -3.14],
						"0.9": [1.21, -2.7, -1.82],
						"0.9333": [1.13, -2.8, -0.84],
						"0.9667": [1.1, -2.83, -0.19],
						"1.0": [1.08, -2.79, 0.24],
						"1.0333": [1.07, -2.72, 0.52],
						"1.0667": [1.06, -2.66, 0.67],
						"1.1": [1.06, -2.63, 0.76],
						"1.1333": [1.05, -2.68, 0.82],
						"1.1667": [1.05, -2.83, 0.92],
						"1.2": [1.06, -3.1, 1],
						"1.2333": [1.12, -3.44, 1.02],
						"1.2667": [1.18, -3.86, 1],
						"1.3": [1.22, -4.32, 0.96],
						"1.3333": [1.23, -4.82, 0.91],
						"1.3667": [1.18, -5.33, 0.87],
						"1.4": [1.05, -5.83, 0.86],
						"1.4333": [0.79, -6.56, 0.89],
						"1.4667": [0.4, -7.59, 0.95],
						"1.5": [-0.06, -8.71, 1.02],
						"1.5333": [-0.54, -9.71, 1.08],
						"1.5667": [-0.97, -10.38, 1.13],
						"1.6": [-1.3, -10.49, 1.14],
						"1.6333": [-1.47, -9.83, 1.11],
						"1.6667": [-1.46, -8.02, 1.01],
						"1.7": [-1.3, -5.1, 0.86],
						"1.7333": [-1.04, -1.55, 0.67],
						"1.7667": [-0.74, 2.17, 0.47],
						"1.8": [-0.43, 5.6, 0.28],
						"1.8333": [-0.17, 8.28, 0.11],
						"1.8667": [0, 9.75, 0],
						"1.9": [0.08, 9.81, -0.06],
						"1.9333": [0.11, 8.82, -0.08],
						"1.9667": [0.1, 7.12, -0.08],
						"2.0": [0.08, 5.04, -0.06],
						"2.0333": [0.04, 2.93, -0.03],
						"2.0667": [0.01, 1.14, -0.01],
						"2.1": [0, 0, 0],
						"2.1333": [0, -0.51, 0],
						"2.1667": [0, -0.71, 0],
						"2.2": [0, -0.68, 0],
						"2.2333": [0, -0.51, 0],
						"2.2667": [0, -0.28, 0],
						"2.3": [0, -0.09, 0],
						"2.3333": [0, 0, 0]
					}
				}
			}
		}
	},
	"geckolib_format_version": 2
}