{
	"format_version": "1.8.0",
	"animations": {
		"animation.model.draw": {
			"loop": true,
			"animation_length": 1.1833,
			"bones": {
				"main": {
					"rotation": {
						"0.0": {
							"vector": [-51.59353, -51.39399, 98.17305]
						},
						"0.4": {
							"vector": [3.44517, -2.62363, -1.25029],
							"easing": "easeInOutQuad"
						},
						"0.5": {
							"vector": [1.49302, -0.60449, 2.10819]
						},
						"0.6": {
							"vector": [0.20109, 0.65551, -2.33353],
							"easing": "easeOutSine"
						},
						"0.7167": {
							"vector": [-0.0691, 0.03793, 0.70671],
							"easing": "easeInOutSine"
						},
						"0.8167": {
							"vector": [0, 0, 0],
							"easing": "easeOutSine"
						}
					},
					"position": {
						"0.0": {
							"vector": [0, -23.525, 0]
						},
						"0.3333": {
							"vector": [-0.28, 0.155, -3.795],
							"easing": "easeInOutSine"
						},
						"0.5167": {
							"vector": [-0.15, -1.07, 0.69],
							"easing": "easeInOutSine"
						},
						"0.6": {
							"vector": [0, -0.15, 0.375],
							"easing": "easeInSine"
						},
						"0.7167": {
							"vector": [0, -0.225, -0.45],
							"easing": "easeOutSine"
						},
						"0.8167": {
							"vector": [0, 0, 0],
							"easing": "easeOutSine"
						}
					}
				},
				"leftarm": {
					"rotation": {
						"0.0": {
							"vector": [-22, 0, 0]
						},
						"0.1833": {
							"vector": [-14.26433, 14.99337, -25.96637]
						},
						"0.3667": {
							"vector": [0, 0, 0],
							"easing": "easeInOutSine"
						}
					},
					"position": {
						"0.0": {
							"vector": [3.325, -2.275, 0]
						},
						"0.1833": {
							"vector": [11.03423, 7.54041, -1.1342]
						},
						"0.3667": {
							"vector": [0, 0, 0],
							"easing": "easeInOutSine"
						}
					}
				},
				"_camera_": {
					"rotation": {
						"0.0": {
							"vector": [0, 0, 0]
						},
						"0.15": {
							"vector": [2.55287, -1.39676, -1.62254],
							"easing": "easeOutSine"
						},
						"0.3333": {
							"vector": [-0.00076, -0.00333, 0.0435]
						},
						"0.4333": {
							"vector": [-0.30918, -0.01767, 1.01624]
						},
						"0.5333": {
							"vector": [0.17256, -0.0039, -0.6024]
						},
						"0.6667": {
							"vector": [0, 0, 0],
							"easing": "easeOutSine"
						}
					}
				}
			},
			"sound_effects": {
				"0.0": {
					"effect": "draw"
				}
			}
		},
		"animation.model.fire": {
			"loop": true,
			"animation_length": 0.6833,
			"bones": {
				"main": {
					"rotation": {
						"0.0": {
							"vector": [0, 0, 0]
						},
						"0.05": {
							"vector": [-2.54956, -0.04531, -1.88915]
						},
						"0.15": {
							"vector": [-1.25004, 0.06257, 1.26234]
						},
						"0.25": {
							"vector": [0.2476, -0.0127, -2.05199]
						},
						"0.3667": {
							"vector": [0, 0, 2.25],
							"easing": "easeInOutSine"
						},
						"0.4667": {
							"vector": [0, 0, -1.25]
						},
						"0.5833": {
							"vector": [0, 0, 0.75]
						},
						"0.6833": {
							"vector": [0, 0, 0]
						}
					},
					"position": {
						"0.0": {
							"vector": [0, 0, 0]
						},
						"0.05": {
							"vector": [-0.02598, 0.54283, 2.40986]
						},
						"0.2167": {
							"vector": [0.00525, -0.70496, 0.96662]
						},
						"0.35": {
							"vector": [-0.00003, -0.2895, 2.725],
							"easing": "easeOutSine"
						},
						"0.4333": {
							"vector": [-0.00001, -0.2898, 1.325]
						},
						"0.5167": {
							"vector": [0, 0, -0.3],
							"easing": "easeOutSine"
						},
						"0.6333": {
							"vector": [0, 0, 0],
							"easing": "easeInOutSine"
						}
					}
				},
				"slide": {
					"position": {
						"0.0": {
							"vector": [0, 0, 0]
						},
						"0.05": {
							"vector": [0, 0, 5.5]
						},
						"0.1": {
							"vector": [0, 0, 0]
						}
					}
				},
				"hammer": {
					"rotation": {
						"0.0": {
							"vector": [0, 0, 0]
						},
						"0.0167": {
							"vector": [48.25, 0, 0]
						},
						"0.0667": {
							"vector": [0, 0, 0]
						}
					}
				},
				"leftarm": {
					"rotation": {
						"0.0": {
							"vector": [0, 0, 0]
						},
						"0.0667": {
							"vector": [-0.0222, 0.02972, -3.74838]
						},
						"0.25": {
							"vector": [0, 0, 0]
						}
					},
					"position": {
						"0.0": {
							"vector": [0, 0, 0]
						},
						"0.0667": {
							"vector": [1.17488, -0.01017, 0.00011]
						},
						"0.25": {
							"vector": [0, 0, 0]
						}
					}
				},
				"lever": {
					"rotation": {
						"0.0": {
							"vector": [0, 0, 0]
						},
						"0.1833": {
							"vector": [0, 0, 0]
						},
						"0.3": {
							"vector": [-46.24945, -0.25685, 0.11662],
							"easing": "easeInCubic"
						},
						"0.4": {
							"vector": [-46.24945, -0.25685, 0.11662],
							"easing": "easeInCubic"
						},
						"0.5167": {
							"vector": [0, 0, 0]
						}
					},
					"position": {
						"0.0": {
							"vector": [0, 0, 0]
						},
						"0.1833": {
							"vector": [0, 0, 0]
						}
					}
				},
				"thing": {
					"rotation": {
						"0.0": {
							"vector": [0, 0, 0]
						},
						"0.0333": {
							"vector": [89.24982, 1.25595, 1.24756]
						},
						"0.1833": {
							"vector": [89.24982, 1.25595, 1.24756]
						},
						"0.25": {
							"vector": [0, 0, 0]
						}
					},
					"position": {
						"0.0": {
							"vector": [0, 0, 0]
						},
						"0.0333": {
							"vector": [0.0077, 0.34983, -0.02622]
						},
						"0.1833": {
							"vector": [0.0077, 0.34983, -0.02622]
						},
						"0.25": {
							"vector": [0, 0, 0]
						}
					}
				},
				"action": {
					"position": {
						"0.0": {
							"vector": [0, 0, 0]
						},
						"0.2833": {
							"vector": [0, 0, 0]
						},
						"0.35": {
							"vector": [0, 0, 6.85],
							"easing": "easeOutCirc"
						},
						"0.4333": {
							"vector": [0, 0, 6.85],
							"easing": "easeInQuint"
						},
						"0.55": {
							"vector": [0, 0, 0],
							"easing": "easeOutCubic"
						}
					}
				},
				"rightarm": {
					"rotation": {
						"0.0": {
							"vector": [0, 0, 0]
						},
						"0.1333": {
							"vector": [0, 0, 0]
						},
						"0.1833": {
							"vector": [2.53218, -7.6904, -1.2796]
						},
						"0.25": {
							"vector": [2.53218, -7.6904, -1.2796]
						},
						"0.3": {
							"vector": [-32.75841, -10.80611, 19.28939],
							"easing": "easeInCubic"
						},
						"0.4": {
							"vector": [-32.75841, -10.80611, 19.28939],
							"easing": "easeInCubic"
						},
						"0.5167": {
							"vector": [2.53218, -7.6904, -1.2796]
						},
						"0.5833": {
							"vector": [0, 0, 0]
						}
					},
					"position": {
						"0.0": {
							"vector": [0, 0, 0]
						},
						"0.1333": {
							"vector": [0, 0, 0]
						},
						"0.1833": {
							"vector": [-2.53461, -4.18089, -3.5558]
						},
						"0.25": {
							"vector": [-2.53461, -4.18089, -3.5558]
						},
						"0.3": {
							"vector": [-2.62612, -19.79852, -18.05203],
							"easing": "easeInCubic"
						},
						"0.4": {
							"vector": [-2.62612, -19.79852, -18.05203],
							"easing": "easeInCubic"
						},
						"0.5167": {
							"vector": [-2.53461, -4.18089, -3.5558]
						},
						"0.5833": {
							"vector": [0, 0, 0]
						}
					}
				},
				"_camera_": {
					"rotation": {
						"0.0": {
							"vector": [0, 0, 0]
						},
						"0.0333": {
							"vector": [-3.49989, -0.01309, -1.74991]
						},
						"0.15": {
							"vector": [-2.77932, -0.01039, 1.20595]
						},
						"0.3": {
							"vector": [-1.85288, -0.00693, -0.77937]
						},
						"0.6": {
							"vector": [0, 0, 0],
							"easing": "easeInOutSine"
						}
					}
				},
				"shell": {
					"rotation": {
						"0.0": {
							"vector": [0, 0, 0]
						},
						"0.2833": {
							"vector": [0, 0, 0]
						},
						"0.3167": {
							"vector": [-8.25, 17.5, 0]
						},
						"0.4167": {
							"vector": [7.15693, 49.42141, -39.46974]
						},
						"0.5": {
							"vector": [34.04085, 59.18532, -29.8048]
						},
						"0.5333": {
							"vector": [34.04085, 59.18532, -29.8048]
						},
						"0.6": {
							"vector": [0, 0, 0]
						}
					},
					"position": {
						"0.0": {
							"vector": [0, 0, 0]
						},
						"0.2833": {
							"vector": [-0.10225, -0.00651, -0.23358]
						},
						"0.3167": {
							"vector": [-1.3717, -0.27918, -0.60252]
						},
						"0.3833": {
							"vector": [-9.79792, 2.47065, 0.88356]
						},
						"0.4167": {
							"vector": [-22.56403, 1.22775, 0.90952],
							"easing": "easeInSine"
						},
						"0.5": {
							"vector": [-56.43327, -10.04296, 0.83514],
							"easing": "easeOutSine"
						},
						"0.5333": {
							"vector": [-56.47, -5.59, 35.02],
							"easing": "easeOutSine"
						},
						"0.5667": {
							"vector": [-0.23, -7.6, 35.51]
						},
						"0.6": {
							"vector": [0, 0, 0]
						}
					},
					"scale": {
						"0.0": {
							"vector": [1, 1, 1]
						},
						"0.5": {
							"vector": [1, 1, 1]
						},
						"0.5333": {
							"vector": [0, 0, 0]
						},
						"0.6": {
							"vector": [0, 0, 0]
						}
					}
				},
				"bullet": {
					"scale": {
						"vector": [0, 0, 0]
					}
				}
			},
			"sound_effects": {
				"0.2": {
					"effect": "pbext_mk2_leveropen"
				},
				"0.3667": {
					"effect": "pbext_mk2_leverclose"
				}
			}
		},
		"animation.model.prepare": {
			"loop": true,
			"animation_length": 0.45,
			"bones": {
				"main": {
					"rotation": {
						"0.0": {
							"vector": [0, 0, 0]
						},
						"0.45": {
							"vector": [-30.81216, -3.03248, 47.39381],
							"easing": "easeInOutQuad"
						}
					},
					"position": {
						"0.0": {
							"vector": [0, 0, 0]
						},
						"0.1": {
							"vector": [2.99, -9.135, -0.6],
							"easing": "easeInSine"
						},
						"0.2833": {
							"vector": [7.225, -3.125, -0.95],
							"easing": "easeOutSine"
						},
						"0.3667": {
							"vector": [7.155, -4.4, -0.975],
							"easing": "easeInOutSine"
						},
						"0.45": {
							"vector": [7.01, -4.045, -1.45],
							"easing": "easeOutSine"
						}
					}
				},
				"rightarm": {
					"rotation": {
						"0.0": {
							"vector": [0, 0, 0]
						},
						"0.4167": {
							"vector": [-4.55478, 24.59894, 11.93995]
						},
						"0.45": {
							"vector": [-9.08, 26.86, 14.87]
						}
					},
					"position": {
						"0.0": {
							"vector": [0, 0, 0]
						},
						"0.4167": {
							"vector": [-4.15257, -1.64365, 19.37949]
						},
						"0.45": {
							"vector": [-2.98461, -3.97002, 15.32741]
						}
					},
					"scale": {
						"0.4": {
							"vector": [1, 1, 1]
						},
						"0.45": {
							"vector": [1.2, 1.3, 1.1]
						}
					}
				},
				"leftarm": {
					"rotation": {
						"0.0": {
							"vector": [0, 0, 0]
						},
						"0.3": {
							"vector": [-17.75237, 12.97254, -38.97292],
							"easing": "easeInOutSine"
						}
					},
					"position": {
						"0.0": {
							"vector": [0, 0, 0]
						},
						"0.3": {
							"vector": [12.25, 9.65, -1.075],
							"easing": "easeInOutSine"
						}
					}
				},
				"_camera_": {
					"rotation": {
						"0.0": {
							"vector": [0, 0, 0]
						},
						"0.1833": {
							"vector": [3.00378, -0.48402, 0.50054],
							"easing": "easeInSine"
						},
						"0.45": {
							"vector": [4.21701, -1.35731, 1.40364],
							"easing": "easeOutSine"
						}
					}
				},
				"shell": {
					"rotation": {
						"0.0": {
							"vector": [0, 0, 0]
						},
						"0.4167": {
							"vector": [0, 0, 0]
						},
						"0.45": {
							"vector": [0, -7.25, 0]
						}
					},
					"position": {
						"0.0": {
							"vector": [0, 0, 0]
						},
						"0.4167": {
							"vector": [-14, -15.325, 35.725]
						},
						"0.45": {
							"vector": [-11.37, -11.97, 26.47]
						}
					},
					"scale": {
						"0.0": {
							"vector": [0, 0, 0]
						},
						"0.4167": {
							"vector": [0, 0, 0]
						},
						"0.45": {
							"vector": [1, 1, 1]
						}
					}
				}
			},
			"sound_effects": {
				"0.0": {
					"effect": "foley_start"
				}
			}
		},
		"animation.model.loadchamber": {
			"loop": true,
			"animation_length": 1.2333,
			"bones": {
				"main": {
					"rotation": {
						"0.0": {
							"vector": [-30.81216, -3.03248, 47.39381],
							"easing": "easeInOutSine"
						},
						"0.1167": {
							"vector": [-30.17368, -4.60546, 45.23354]
						},
						"0.2333": {
							"vector": [-34.07932, -0.5866, 51.7765],
							"easing": "easeInSine"
						},
						"0.3667": {
							"vector": [-30.96681, -3.23626, 49.93438],
							"easing": "easeInOutSine"
						},
						"0.5167": {
							"vector": [-31.97312, -0.30949, 52.01915]
						},
						"0.6667": {
							"vector": [-30.75512, -2.772, 46.36432]
						},
						"0.7667": {
							"vector": [-29.25342, -1.54699, 47.1121],
							"easing": "easeInSine"
						},
						"0.8667": {
							"vector": [-29.95306, -1.77349, 47.90498],
							"easing": "easeInOutSine"
						},
						"1.0167": {
							"vector": [-30.94632, -0.07958, 52.33002],
							"easing": "easeInOutSine"
						},
						"1.1333": {
							"vector": [-29.54259, -4.98774, 43.32115]
						},
						"1.2333": {
							"vector": [-30.81216, -3.03248, 47.39381],
							"easing": "easeInOutSine"
						}
					},
					"position": {
						"0.0": {
							"vector": [7.01, -4.045, -1.45],
							"easing": "easeOutSine"
						},
						"0.1333": {
							"vector": [6.97, -4.75, -1.45],
							"easing": "easeInSine"
						},
						"0.3": {
							"vector": [7.67, -3.92, -1.8],
							"easing": "easeInSine"
						},
						"0.45": {
							"vector": [7.4, -3.9, -0.865]
						},
						"0.7": {
							"vector": [7.04543, -3.78798, -1.14957]
						},
						"0.7833": {
							"vector": [7.24111, -3.6277, -1.58082],
							"easing": "easeInSine"
						},
						"0.8667": {
							"vector": [7.205, -3.87, -1.54]
						},
						"0.9667": {
							"vector": [7.01, -4.045, -1.45],
							"easing": "easeOutSine"
						},
						"1.1167": {
							"vector": [7.01, -4.05, -0.975],
							"easing": "easeInSine"
						},
						"1.2333": {
							"vector": [7.01, -4.045, -1.45],
							"easing": "easeOutSine"
						}
					}
				},
				"rightarm": {
					"rotation": {
						"0.0": {
							"vector": [-9.08, 26.86, 14.87]
						},
						"0.1167": {
							"vector": [2.53218, -7.6904, -1.2796]
						},
						"0.1667": {
							"vector": [-32.75841, -10.80611, 19.28939],
							"easing": "easeInCubic"
						},
						"0.2667": {
							"vector": [-32.75841, -10.80611, 19.28939],
							"easing": "easeInCubic"
						},
						"0.4167": {
							"vector": [-9.08, 26.86, 14.87]
						},
						"0.6167": {
							"vector": [-31.72096, 38.18639, 29.51004],
							"easing": "easeOutSine"
						},
						"0.65": {
							"vector": [-34.47096, 38.18639, 29.51004]
						},
						"0.6833": {
							"vector": [-34.47096, 38.18639, 29.51004]
						},
						"0.7667": {
							"vector": [-15.16161, 39.3344, 42.58905]
						},
						"0.8167": {
							"vector": [-15.16161, 39.3344, 42.58905]
						},
						"0.9833": {
							"vector": [-36.79558, -5.20413, 24.3289],
							"easing": "easeInOutCubic"
						},
						"1.0167": {
							"vector": [-32.75841, -10.80611, 19.28939],
							"easing": "easeInCubic"
						},
						"1.1333": {
							"vector": [2.53218, -7.6904, -1.2796]
						},
						"1.2333": {
							"vector": [-9.08, 26.86, 14.87]
						}
					},
					"position": {
						"0.0": {
							"vector": [-3.04, -2.56, 12.68]
						},
						"0.1167": {
							"vector": [-5.95846, -7.50434, 2.86541]
						},
						"0.1667": {
							"vector": [-6.06719, -25.81536, -14.05746],
							"easing": "easeInCubic"
						},
						"0.2667": {
							"vector": [-6.06719, -25.81536, -14.05746],
							"easing": "easeInCubic"
						},
						"0.4167": {
							"vector": [-2.8923, -6.32004, 19.73976]
						},
						"0.6167": {
							"vector": [1.98163, -11.15882, -15.87244],
							"easing": "easeOutSine"
						},
						"0.65": {
							"vector": [2.58138, -11.69188, -17.21857]
						},
						"0.6833": {
							"vector": [2.58138, -11.69188, -17.21857]
						},
						"0.7667": {
							"vector": [2.51097, -4.61413, -11.16317]
						},
						"0.8167": {
							"vector": [2.51097, -4.61413, -11.16317]
						},
						"0.9833": {
							"vector": [-6.01201, -25.92611, -14.18055],
							"easing": "easeInOutCubic"
						},
						"1.0167": {
							"vector": [-6.06719, -25.81536, -14.05746],
							"easing": "easeInCubic"
						},
						"1.1333": {
							"vector": [-5.95846, -7.50434, 2.86541]
						},
						"1.2333": {
							"vector": [-2.8923, -6.32004, 19.73976]
						}
					},
					"scale": {
						"0.0": {
							"vector": [1, 1, 1]
						},
						"0.0667": {
							"vector": [1.2, 1.3, 1.1]
						}
					}
				},
				"leftarm": {
					"rotation": {
						"0.0": {
							"vector": [-17.75237, 12.97254, -38.97292],
							"easing": "easeInOutSine"
						},
						"0.1333": {
							"vector": [-17.75237, 12.97254, -38.97292],
							"easing": "easeInOutSine"
						},
						"0.25": {
							"vector": [-19.42418, 17.30933, -46.7558]
						},
						"0.3167": {
							"vector": [-19.42418, 17.30933, -46.7558]
						},
						"0.5333": {
							"vector": [-17.75237, 12.97254, -38.97292],
							"easing": "easeInOutSine"
						}
					},
					"position": {
						"0.0": {
							"vector": [12.25, 9.65, -1.075],
							"easing": "easeInOutSine"
						},
						"0.1333": {
							"vector": [12.25, 9.65, -1.075],
							"easing": "easeInOutSine"
						},
						"0.25": {
							"vector": [12.85, 13.9, -1.08]
						},
						"0.3167": {
							"vector": [12.85, 13.9, -1.08]
						},
						"0.5333": {
							"vector": [12.25, 9.65, -1.075],
							"easing": "easeInOutSine"
						}
					}
				},
				"shell": {
					"rotation": {
						"0.0": {
							"vector": [0, -7.25, 0]
						},
						"0.4167": {
							"vector": [0, -7.25, 0]
						},
						"0.6167": {
							"vector": [0, -28, 0],
							"easing": "easeOutSine"
						},
						"0.65": {
							"vector": [0, -22.5, 0]
						},
						"0.6833": {
							"vector": [0, -22.5, 0]
						},
						"0.7667": {
							"vector": [1.24667, 0.75083, -0.07631]
						}
					},
					"position": {
						"0.0": {
							"vector": [-11.37, -11.97, 26.47]
						},
						"0.4167": {
							"vector": [-11.37, -11.97, 26.47]
						},
						"0.6167": {
							"vector": [-3.83777, -0.12, 0.97421],
							"easing": "easeOutSine"
						},
						"0.65": {
							"vector": [-2.59, -0.12, 0.445]
						},
						"0.6833": {
							"vector": [-2.59, -0.12, 0.445]
						},
						"0.7667": {
							"vector": [-0.08031, -0.12, -0.6518]
						}
					},
					"scale": {
						"0.0": {
							"vector": [1, 1, 1]
						},
						"0.4167": {
							"vector": [1, 1, 1]
						}
					}
				},
				"lever": {
					"rotation": {
						"0.0833": {
							"vector": [0, 0, 0]
						},
						"0.1667": {
							"vector": [-46.24945, -0.25685, 0.11662],
							"easing": "easeInCubic"
						},
						"1.0167": {
							"vector": [-46.24945, -0.25685, 0.11662],
							"easing": "easeInCubic"
						},
						"1.1333": {
							"vector": [0, 0, 0]
						}
					},
					"position": {
						"vector": [0, 0, 0]
					}
				},
				"action": {
					"position": {
						"0.15": {
							"vector": [0, 0, 0]
						},
						"0.2167": {
							"vector": [0, 0, 6.85],
							"easing": "easeOutCirc"
						},
						"1.0167": {
							"vector": [0, 0, 6.85],
							"easing": "easeInQuint"
						},
						"1.1333": {
							"vector": [0, 0, 0]
						}
					}
				},
				"_camera_": {
					"rotation": {
						"0.0": {
							"vector": [4.21701, -1.35731, 1.40364],
							"easing": "easeOutSine"
						},
						"0.25": {
							"vector": [2.78627, -0.36838, -1.7821],
							"easing": "easeInQuad"
						},
						"0.4": {
							"vector": [4.01401, -0.56145, 0.9612]
						},
						"0.5667": {
							"vector": [4.02925, -0.43871, -0.78455]
						},
						"0.8": {
							"vector": [3.63771, -1.4643, 0.43446]
						},
						"0.9333": {
							"vector": [4.60239, -1.38684, 0.27461]
						},
						"1.0333": {
							"vector": [3.1597, -1.37208, 0.83913]
						},
						"1.2333": {
							"vector": [4.21701, -1.35731, 1.40364],
							"easing": "easeOutSine"
						}
					}
				}
			},
			"sound_effects": {
				"0.1": {
					"effect": "pbext_mk2_leveropen"
				},
				"0.5": {
					"effect": "pbext_mk2_chamberinsert"
				},
				"1.0": {
					"effect": "pbext_mk2_leverclose"
				}
			}
		},
		"animation.model.load": {
			"loop": true,
			"animation_length": 0.5167,
			"bones": {
				"main": {
					"rotation": {
						"0.0": {
							"vector": [-30.81216, -3.03248, 47.39381],
							"easing": "easeInOutSine"
						},
						"0.1167": {
							"vector": [-30.77586, -3.41645, 46.74853]
						},
						"0.2167": {
							"vector": [-30.38623, -2.11076, 48.15055]
						},
						"0.3167": {
							"vector": [-29.21815, -2.15751, 46.02076],
							"easing": "easeInSine"
						},
						"0.4167": {
							"vector": [-30.04245, -2.21967, 47.35719]
						},
						"0.5167": {
							"vector": [-30.81216, -3.03248, 47.39381],
							"easing": "easeInOutSine"
						}
					},
					"position": {
						"0.0": {
							"vector": [7.01, -4.045, -1.45],
							"easing": "easeOutSine"
						},
						"0.1": {
							"vector": [6.925, -3.86, -1.45]
						},
						"0.1833": {
							"vector": [7.04543, -3.78798, -1.14957]
						},
						"0.3333": {
							"vector": [7.24111, -3.6277, -1.58082],
							"easing": "easeInSine"
						},
						"0.4167": {
							"vector": [7.205, -3.87, -1.54]
						},
						"0.5167": {
							"vector": [7.01, -4.045, -1.45],
							"easing": "easeOutSine"
						}
					}
				},
				"rightarm": {
					"rotation": {
						"0.0": {
							"vector": [-9.08, 26.86, 14.87]
						},
						"0.2": {
							"vector": [-31.72096, 38.18639, 29.51004],
							"easing": "easeOutSine"
						},
						"0.2333": {
							"vector": [-34.47096, 38.18639, 29.51004]
						},
						"0.2667": {
							"vector": [-34.47096, 38.18639, 29.51004]
						},
						"0.35": {
							"vector": [-15.16161, 39.3344, 42.58905]
						},
						"0.4": {
							"vector": [-15.16161, 39.3344, 42.58905]
						},
						"0.5167": {
							"vector": [-4.55478, 24.59894, 11.93995]
						}
					},
					"position": {
						"0.0": {
							"vector": [-2.85538, -7.26005, 21.50471]
						},
						"0.2": {
							"vector": [1.98163, -13.40882, -15.87244],
							"easing": "easeOutSine"
						},
						"0.2333": {
							"vector": [2.58138, -13.94188, -17.21857]
						},
						"0.2667": {
							"vector": [2.58138, -13.94188, -17.21857]
						},
						"0.35": {
							"vector": [2.51097, -6.61413, -11.16317]
						},
						"0.4": {
							"vector": [2.51097, -6.61413, -11.16317]
						},
						"0.5167": {
							"vector": [-4.12184, -4.83602, 26.71488]
						}
					},
					"scale": {
						"vector": [1.2, 1.3, 1.1]
					}
				},
				"leftarm": {
					"rotation": {
						"vector": [-17.75237, 12.97254, -38.97292],
						"easing": "easeInOutSine"
					},
					"position": {
						"vector": [12.25, 9.65, -1.075],
						"easing": "easeInOutSine"
					}
				},
				"insert": {
					"rotation": {
						"0.1667": {
							"vector": [0, 0, 0]
						},
						"0.2333": {
							"vector": [0, -17.25, 0]
						},
						"0.2667": {
							"vector": [0, -17.25, 0]
						},
						"0.35": {
							"vector": [0, -28.5, 0]
						},
						"0.3833": {
							"vector": [0, -28.5, 0]
						},
						"0.4333": {
							"vector": [0, 0, 0]
						}
					},
					"position": {
						"0.1667": {
							"vector": [0, 0, 0]
						},
						"0.2333": {
							"vector": [0, 0, 1.05]
						},
						"0.2667": {
							"vector": [0, 0, 1.05]
						},
						"0.35": {
							"vector": [0, 0, 1.475]
						},
						"0.3833": {
							"vector": [0, 0, 1.475]
						},
						"0.4333": {
							"vector": [0, 0, 0]
						}
					}
				},
				"shell": {
					"rotation": {
						"0.0": {
							"vector": [0, -7.25, 0]
						},
						"0.2": {
							"vector": [0, -28, 0],
							"easing": "easeOutSine"
						},
						"0.2333": {
							"vector": [0, -22.5, 0]
						},
						"0.2667": {
							"vector": [0, -22.5, 0]
						},
						"0.35": {
							"vector": [0, -22.5, 0]
						}
					},
					"position": {
						"0.0": {
							"vector": [-11.37, -11.97, 26.47]
						},
						"0.2": {
							"vector": [-3.83777, -2.37, -0.02579],
							"easing": "easeOutSine"
						},
						"0.2333": {
							"vector": [-2.59, -2.37, -0.555]
						},
						"0.2667": {
							"vector": [-2.59, -2.37, -0.555]
						},
						"0.35": {
							"vector": [-0.08031, -2.37, -4.2018]
						}
					},
					"scale": {
						"vector": [1, 1, 1]
					}
				},
				"_camera_": {
					"rotation": {
						"0.0": {
							"vector": [4.21701, -1.35731, 1.40364],
							"easing": "easeOutSine"
						},
						"0.1833": {
							"vector": [4.22121, -0.57256, 0.96012]
						},
						"0.3333": {
							"vector": [4.19393, -1.1739, 2.49504],
							"easing": "easeInQuad"
						},
						"0.4333": {
							"vector": [4.24939, -1.18341, -0.07543]
						},
						"0.5167": {
							"vector": [4.21701, -1.35731, 1.40364],
							"easing": "easeOutSine"
						}
					}
				}
			},
			"sound_effects": {
				"0.1333": {
					"effect": "pbext_mk2_insert"
				}
			}
		},
		"animation.model.finish": {
			"loop": true,
			"animation_length": 1.1667,
			"bones": {
				"main": {
					"rotation": {
						"0.0": {
							"vector": [-30.81216, -3.03248, 47.39381],
							"easing": "easeInOutSine"
						},
						"0.3333": {
							"vector": [3.44517, -2.62363, -1.25029],
							"easing": "easeInOutQuad"
						},
						"0.4": {
							"vector": [1.49302, -0.60449, 2.10819]
						},
						"0.5": {
							"vector": [0.20109, 0.65551, -2.33353],
							"easing": "easeOutSine"
						},
						"0.6167": {
							"vector": [-0.0691, 0.03793, 0.70671],
							"easing": "easeInOutSine"
						},
						"0.7167": {
							"vector": [0, 0, 0],
							"easing": "easeOutSine"
						}
					},
					"position": {
						"0.0": {
							"vector": [7.01, -4.045, -1.45],
							"easing": "easeOutSine"
						},
						"0.1167": {
							"vector": [4.08, -10.925, -2.39],
							"easing": "easeInSine"
						},
						"0.2833": {
							"vector": [-0.28, 0.155, -3.795],
							"easing": "easeOutSine"
						},
						"0.4167": {
							"vector": [-0.15, -1.07, 0.69],
							"easing": "easeInOutSine"
						},
						"0.5": {
							"vector": [0, -0.15, 0.375],
							"easing": "easeInSine"
						},
						"0.6167": {
							"vector": [0, -0.225, -0.45],
							"easing": "easeOutSine"
						},
						"0.7167": {
							"vector": [0, 0, 0],
							"easing": "easeOutSine"
						}
					}
				},
				"rightarm": {
					"rotation": {
						"0.0": {
							"vector": [-9.08, 26.86, 14.87]
						},
						"0.35": {
							"vector": [0, 0, 0]
						}
					},
					"position": {
						"0.0": {
							"vector": [-3.04, -2.56, 12.68]
						},
						"0.35": {
							"vector": [0, 0, 0]
						}
					},
					"scale": {
						"0.0": {
							"vector": [1.2, 1.3, 1.1]
						},
						"0.35": {
							"vector": [1, 1, 1]
						}
					}
				},
				"leftarm": {
					"rotation": {
						"0.0": {
							"vector": [-17.75237, 12.97254, -38.97292],
							"easing": "easeInOutSine"
						},
						"0.1833": {
							"vector": [0, 0, 0],
							"easing": "easeInOutSine"
						}
					},
					"position": {
						"0.0": {
							"vector": [12.25, 9.65, -1.075],
							"easing": "easeInOutSine"
						},
						"0.1833": {
							"vector": [0, 0, 0],
							"easing": "easeInOutSine"
						}
					}
				},
				"shell": {
					"rotation": {
						"0.0": {
							"vector": [0, -7.25, 0]
						},
						"0.0833": {
							"vector": [0, -7.25, 0]
						}
					},
					"position": {
						"0.0": {
							"vector": [-11.37, -11.97, 26.47]
						},
						"0.0833": {
							"vector": [0, 0, 0]
						}
					},
					"scale": {
						"vector": [0, 0, 0]
					}
				},
				"_camera_": {
					"rotation": {
						"0.0": {
							"vector": [4.21701, -1.35731, 1.40364],
							"easing": "easeOutSine"
						},
						"0.2": {
							"vector": [2.55287, -1.39676, -1.62254],
							"easing": "easeOutSine"
						},
						"0.3833": {
							"vector": [-0.00076, -0.00333, 0.0435]
						},
						"0.4833": {
							"vector": [-0.30918, -0.01767, 1.01624]
						},
						"0.5833": {
							"vector": [0.17256, -0.0039, -0.6024]
						},
						"0.7167": {
							"vector": [0, 0, 0],
							"easing": "easeOutSine"
						}
					}
				}
			},
			"sound_effects": {
				"0.0": {
					"effect": "foley_end"
				}
			}
		},
		"animation.model.inspect": {
			"loop": true,
			"animation_length": 3.8667,
			"bones": {
				"main": {
					"rotation": {
						"0.0": {
							"vector": [0, 0, 0]
						},
						"0.3833": {
							"vector": [-29.44262, -26.18546, -34.23932],
							"easing": "easeInOutSine"
						},
						"0.5833": {
							"vector": [-25.66355, -30.15715, -39.48985],
							"easing": "easeInOutSine"
						},
						"0.75": {
							"vector": [-26.20197, -29.09604, -36.88538]
						},
						"0.9833": {
							"vector": [-25.16868, -30.1749, -39.48015]
						},
						"1.15": {
							"vector": [-25.56019, -29.85361, -38.69749]
						},
						"1.3": {
							"vector": [-25.16868, -30.1749, -39.48015]
						},
						"1.6333": {
							"vector": [-14.53891, -28.44406, -54.05815],
							"easing": "easeInOutSine"
						},
						"1.8833": {
							"vector": [-17.48553, -28.03441, -48.28909]
						},
						"2.1167": {
							"vector": [-16.58345, -28.54551, -50.19041]
						},
						"2.35": {
							"vector": [-17.54583, -27.99736, -48.15965]
						},
						"2.5667": {
							"vector": [-17.23061, -28.18358, -48.83013]
						},
						"2.8333": {
							"vector": [-17.61225, -27.95903, -48.01913]
						},
						"3.05": {
							"vector": [-17.54583, -27.99736, -48.15965]
						},
						"3.2167": {
							"vector": [-17.23061, -28.18358, -48.83013]
						},
						"3.5833": {
							"vector": [1.61319, -3.10304, -1.91461],
							"easing": "easeInOutSine"
						},
						"3.6833": {
							"vector": [1.01559, -0.41099, 2.59039],
							"easing": "linear"
						},
						"3.7667": {
							"vector": [0, 0, -1],
							"easing": "linear"
						},
						"3.8667": {
							"vector": [0, 0, 0],
							"easing": "linear"
						}
					},
					"position": {
						"0.0": {
							"vector": [0, 0, 0]
						},
						"0.2833": {
							"vector": [0, 0.875, -6],
							"easing": "easeInOutSine"
						},
						"0.4833": {
							"vector": [0, -1.075, -6],
							"easing": "easeInOutSine"
						},
						"0.6667": {
							"vector": [0, -0.075, -6],
							"easing": "easeInOutSine"
						},
						"0.9": {
							"vector": [0, -0.18, -6]
						},
						"1.1333": {
							"vector": [0, -0.055, -6.3],
							"easing": "easeInSine"
						},
						"1.8167": {
							"vector": [-0.075, 3.67, -10.05],
							"easing": "easeInOutSine"
						},
						"2.0": {
							"vector": [0, 3.97, -10.25],
							"easing": "easeOutSine"
						},
						"2.2167": {
							"vector": [0.075, 3.72, -10.25]
						},
						"2.5": {
							"vector": [0, 3.845, -10.25],
							"easing": "easeInOutSine"
						},
						"2.7833": {
							"vector": [0.075, 3.97, -10.25]
						},
						"3.0667": {
							"vector": [0, 3.145, -10.25],
							"easing": "easeInOutSine"
						},
						"3.4833": {
							"vector": [0.02894, -4.10775, -6.07797],
							"easing": "easeInSine"
						},
						"3.6833": {
							"vector": [-0.01609, -0.39395, 1.21284],
							"easing": "easeInOutSine"
						},
						"3.7667": {
							"vector": [0, 0, -0.125],
							"easing": "linear"
						},
						"3.85": {
							"vector": [0, 0, 0],
							"easing": "linear"
						}
					}
				},
				"rightarm": {
					"rotation": {
						"0.0": {
							"vector": [0, 0, 0]
						},
						"0.25": {
							"vector": [0.02105, -16.84578, -5.38243]
						},
						"1.4167": {
							"vector": [0.02105, -16.84578, -5.38243]
						},
						"1.7": {
							"vector": [-9.40303, -11.90136, 9.25393]
						},
						"3.3667": {
							"vector": [-9.40303, -11.90136, 9.25393]
						},
						"3.6167": {
							"vector": [0, 0, 0]
						}
					},
					"position": {
						"0.0": {
							"vector": [0, 0, 0]
						},
						"0.25": {
							"vector": [-9.44733, -8.26834, -0.81027]
						},
						"1.4167": {
							"vector": [-9.44733, -8.26834, -0.81027]
						},
						"1.7": {
							"vector": [-9.44733, -6.81834, -0.03527]
						},
						"3.3667": {
							"vector": [-9.44733, -6.81834, -0.03527]
						},
						"3.6167": {
							"vector": [0, 0, 0]
						}
					},
					"scale": {
						"0.0": {
							"vector": [1, 1, 1]
						},
						"0.25": {
							"vector": [1.1, 1.3, 1.1]
						},
						"3.3667": {
							"vector": [1.1, 1.3, 1.1]
						},
						"3.6167": {
							"vector": [1, 1, 1]
						}
					}
				},
				"leftarm": {
					"rotation": {
						"0.0": {
							"vector": [0, 0, 0]
						},
						"0.2": {
							"vector": [137.03218, 14.44823, 69.32954]
						},
						"3.3833": {
							"vector": [137.03218, 14.44823, 69.32954]
						},
						"3.6167": {
							"vector": [0, 0, 0]
						}
					},
					"position": {
						"0.0": {
							"vector": [0, 0, 0]
						},
						"0.2": {
							"vector": [5.81369, -12.80407, 35.57256]
						},
						"3.3833": {
							"vector": [5.81369, -12.80407, 35.57256]
						},
						"3.6167": {
							"vector": [0, 0, 0]
						}
					}
				},
				"_camera_": {
					"rotation": {
						"0.0": {
							"vector": [0, 0, 0]
						},
						"0.3833": {
							"vector": [4.51311, 2.24746, 1.34202],
							"easing": "easeInOutSine"
						},
						"0.55": {
							"vector": [4.57467, 2.79371, -0.62326]
						},
						"0.7833": {
							"vector": [4.8606, 3.07513, 1.453]
						},
						"0.9833": {
							"vector": [4.90589, 3.43865, 0.44671]
						},
						"1.2167": {
							"vector": [5.51805, 3.49358, 1.44056],
							"easing": "easeInSine"
						},
						"1.7333": {
							"vector": [6.87716, 5.72449, 0.10108],
							"easing": "easeInOutSine"
						},
						"2.1333": {
							"vector": [6.9512, 5.6342, 0.8493]
						},
						"2.7167": {
							"vector": [6.95073, 5.63465, 0.84513]
						},
						"3.1333": {
							"vector": [6.87716, 5.72449, 0.10108],
							"easing": "easeInOutSine"
						},
						"3.5": {
							"vector": [1.24924, -0.00333, 0.0435],
							"easing": "easeInOutSine"
						},
						"3.6333": {
							"vector": [0.44082, -0.01767, 1.01624]
						},
						"3.8333": {
							"vector": [0, 0, 0],
							"easing": "easeOutSine"
						}
					}
				}
			},
			"sound_effects": {
				"0.0": {
					"effect": "inspect_up"
				},
				"3.1": {
					"effect": "draw"
				}
			}
		}
	},
	"geckolib_format_version": 2
}