{
	"format_version": "1.8.0",
	"animations": {
		"animation.model.draw": {
			"loop": true,
			"animation_length": 1.1833,
			"bones": {
				"main": {
					"rotation": {
						"0.0": {
							"vector": [-34.84353, -51.39399, 98.17305]
						},
						"0.35": {
							"vector": [3.44517, -2.62363, -1.25029],
							"easing": "easeOutQuad"
						},
						"0.45": {
							"vector": [1.49302, -0.60449, 2.10819]
						},
						"0.55": {
							"vector": [0.20109, 0.65551, -2.33353],
							"easing": "easeOutSine"
						},
						"0.6667": {
							"vector": [-0.0691, 0.03793, 0.70671],
							"easing": "easeInOutSine"
						},
						"0.7667": {
							"vector": [0, 0, 0],
							"easing": "easeOutSine"
						}
					},
					"position": {
						"0.0": {
							"vector": [-0.6003, -7.86734, 21.33828]
						},
						"0.2833": {
							"vector": [-0.28, 0.155, -3.795],
							"easing": "easeOutSine"
						},
						"0.4667": {
							"vector": [-0.15, -1.07, 0.69],
							"easing": "easeInOutSine"
						},
						"0.55": {
							"vector": [0, -0.15, 0.375],
							"easing": "easeInSine"
						},
						"0.6667": {
							"vector": [0, -0.225, -0.45],
							"easing": "easeOutSine"
						},
						"0.7667": {
							"vector": [0, 0, 0],
							"easing": "easeOutSine"
						}
					}
				},
				"leftarm": {
					"rotation": {
						"0.0": {
							"vector": [-22, 0, 0]
						},
						"0.1333": {
							"vector": [-14.26433, 14.99337, -25.96637]
						},
						"0.3667": {
							"vector": [0, 0, 0],
							"easing": "easeInOutSine"
						}
					},
					"position": {
						"0.0": {
							"vector": [3.325, -2.275, 0]
						},
						"0.1333": {
							"vector": [11.03423, 7.54041, -1.1342]
						},
						"0.3667": {
							"vector": [0, 0, 0],
							"easing": "easeInOutSine"
						}
					}
				},
				"_camera_": {
					"rotation": {
						"0.0": {
							"vector": [0, 0, 0]
						},
						"0.15": {
							"vector": [2.55287, -1.39676, -1.62254],
							"easing": "easeOutSine"
						},
						"0.3333": {
							"vector": [-0.00076, -0.00333, 0.0435]
						},
						"0.4333": {
							"vector": [-0.30918, -0.01767, 1.01624]
						},
						"0.5333": {
							"vector": [0.17256, -0.0039, -0.6024]
						},
						"0.6667": {
							"vector": [0, 0, 0],
							"easing": "easeOutSine"
						}
					}
				}
			},
			"sound_effects": {
				"0.0": {
					"effect": "draw"
				}
			}
		},
		"animation.model.fire": {
			"loop": true,
			"animation_length": 0.45,
			"bones": {
				"main": {
					"rotation": {
						"0.0": {
							"vector": [0, 0, 0]
						},
						"0.05": {
							"vector": [-0.29998, 0.00337, -1.14006]
						},
						"0.15": {
							"vector": [0.49953, 0.02399, 2.01366]
						},
						"0.2667": {
							"vector": [-0.25235, -0.0197, -1.55185]
						},
						"0.45": {
							"vector": [0, 0, 0],
							"easing": "easeInOutSine"
						}
					},
					"position": {
						"0.0": {
							"vector": [0, 0, 0]
						},
						"0.05": {
							"vector": [0, -0.375, 1.225]
						},
						"0.2": {
							"vector": [0, -0.33, 0.04]
						},
						"0.45": {
							"vector": [0, 0, 0],
							"easing": "easeOutSine"
						}
					}
				},
				"slide": {
					"position": {
						"0.0": {
							"vector": [0, 0, 0]
						},
						"0.05": {
							"vector": [0, 0, 5.5]
						},
						"0.1": {
							"vector": [0, 0, 0]
						}
					}
				},
				"hammer": {
					"rotation": {
						"0.0": {
							"vector": [0, 0, 0]
						},
						"0.0167": {
							"vector": [48.25, 0, 0]
						},
						"0.0667": {
							"vector": [0, 0, 0]
						}
					}
				},
				"leftarm": {
					"rotation": {
						"0.0": {
							"vector": [0, 0, 0]
						},
						"0.0333": {
							"vector": [0, 0, -2.5]
						},
						"0.2": {
							"vector": [0, 0, 0]
						}
					},
					"position": {
						"0.0": {
							"vector": [0, 0, 0]
						},
						"0.0333": {
							"vector": [0.725, 0, 0]
						},
						"0.2": {
							"vector": [0, 0, 0]
						}
					}
				}
			}
		},
		"animation.model.fire2": {
			"loop": true,
			"animation_length": 0.45,
			"bones": {
				"main": {
					"rotation": {
						"0.0": {
							"vector": [0, 0, 0]
						},
						"0.05": {
							"vector": [-0.29939, 0.01907, 1.8599]
						},
						"0.15": {
							"vector": [0.49953, 0.02399, 2.01366]
						},
						"0.2667": {
							"vector": [-0.25266, -0.01529, -0.55186]
						},
						"0.45": {
							"vector": [0, 0, 0],
							"easing": "easeInOutSine"
						}
					},
					"position": {
						"0.0": {
							"vector": [0, 0, 0]
						},
						"0.05": {
							"vector": [0, -0.375, 1.225]
						},
						"0.2": {
							"vector": [0, -0.33, 0.04]
						},
						"0.45": {
							"vector": [0, 0, 0],
							"easing": "easeOutSine"
						}
					}
				},
				"slide": {
					"position": {
						"0.0": {
							"vector": [0, 0, 0]
						},
						"0.05": {
							"vector": [0, 0, 5.5]
						},
						"0.1": {
							"vector": [0, 0, 0]
						}
					}
				},
				"hammer": {
					"rotation": {
						"0.0": {
							"vector": [0, 0, 0]
						},
						"0.0167": {
							"vector": [48.25, 0, 0]
						},
						"0.0667": {
							"vector": [0, 0, 0]
						}
					}
				},
				"leftarm": {
					"rotation": {
						"0.0": {
							"vector": [0, 0, 0]
						},
						"0.0333": {
							"vector": [0, 0, -2.5]
						},
						"0.2": {
							"vector": [0, 0, 0]
						}
					},
					"position": {
						"0.0": {
							"vector": [0, 0, 0]
						},
						"0.0333": {
							"vector": [0.725, 0, 0]
						},
						"0.2": {
							"vector": [0, 0, 0]
						}
					}
				}
			}
		},
		"animation.model.switch": {
			"loop": true,
			"animation_length": 0.7167,
			"bones": {
				"main": {
					"rotation": {
						"0.0": {
							"vector": [0, 0, 0]
						},
						"0.1833": {
							"vector": [0.99483, -1.31419, 4.60026],
							"easing": "easeInOutSine"
						},
						"0.35": {
							"vector": [0.23163, -0.09387, -2.33338],
							"easing": "linear"
						},
						"0.4667": {
							"vector": [-0.07527, -0.46203, 0.70673],
							"easing": "easeInOutSine"
						},
						"0.5667": {
							"vector": [0, 0, 0],
							"easing": "easeOutSine"
						}
					},
					"position": {
						"0.0": {
							"vector": [0, 0, 0]
						},
						"0.0833": {
							"vector": [-0.28, -0.395, -0.42],
							"easing": "easeInOutSine"
						},
						"0.2667": {
							"vector": [-0.15, -0.52, 0.365],
							"easing": "easeInOutSine"
						},
						"0.35": {
							"vector": [0, -0.15, 0.375],
							"easing": "easeInSine"
						},
						"0.4667": {
							"vector": [0, -0.225, -0.25],
							"easing": "easeOutSine"
						},
						"0.5667": {
							"vector": [0, 0, 0],
							"easing": "easeOutSine"
						}
					}
				},
				"rightarm": {
					"rotation": {
						"0.0": {
							"vector": [0, 0, 0]
						},
						"0.1667": {
							"vector": [-15.54911, 24.55489, 59.78426],
							"easing": "easeInSine"
						},
						"0.2167": {
							"vector": [-15.54911, 24.55489, 59.78426]
						},
						"0.2833": {
							"vector": [-12.55649, 19.91155, 55.79587]
						},
						"0.3333": {
							"vector": [-12.55649, 19.91155, 55.79587]
						},
						"0.5667": {
							"vector": [0, 0, 0],
							"easing": "easeOutSine"
						}
					},
					"position": {
						"0.0": {
							"vector": [0, 0, 0]
						},
						"0.1667": {
							"vector": [-7.10988, 1.91482, 25.68895],
							"easing": "easeInSine"
						},
						"0.2167": {
							"vector": [-7.12163, 1.90186, 25.68899]
						},
						"0.2833": {
							"vector": [-7.45385, 2.10956, 25.69628]
						},
						"0.3333": {
							"vector": [-7.77369, 2.32768, 25.69965]
						},
						"0.5667": {
							"vector": [0, 0, 0],
							"easing": "easeOutSine"
						}
					}
				}
			},
			"sound_effects": {
				"0.0667": {
					"effect": "pbext_switch"
				}
			}
		},
		"animation.model.reload": {
			"loop": true,
			"animation_length": 2.5667,
			"bones": {
				"main": {
					"rotation": {
						"0.0": {
							"vector": [0, 0, 0]
						},
						"0.2667": {
							"vector": [-10.9535, 1.04477, -23.18928],
							"easing": "easeInOutSine"
						},
						"0.4167": {
							"vector": [-13.26145, 1.54349, -14.70173],
							"easing": "easeInOutSine"
						},
						"0.65": {
							"vector": [-16.55837, 1.9394, -23.76928]
						},
						"0.8167": {
							"vector": [-19.02874, 4.42504, -16.98214],
							"easing": "easeOutSine"
						},
						"0.95": {
							"vector": [-14.26004, 3.16274, -14.36202]
						},
						"1.0667": {
							"vector": [-14.71736, 4.00136, -10.79386],
							"easing": "easeInOutSine"
						},
						"1.3333": {
							"vector": [-13.82305, 0.75032, -25.22792],
							"easing": "easeOutSine"
						},
						"1.4167": {
							"vector": [-13.80891, 0.74642, -25.19928],
							"easing": "easeInSine"
						},
						"1.5": {
							"vector": [-13.02424, -0.39153, -25.94632]
						},
						"1.6": {
							"vector": [-16.28236, 0.85293, -23.06374],
							"easing": "easeInQuad"
						},
						"1.7333": {
							"vector": [-12.63145, 0.86635, -27.58697],
							"easing": "easeOutSine"
						},
						"2.0": {
							"vector": [3.44156, -0.12814, -1.10011],
							"easing": "easeInOutQuad"
						},
						"2.1167": {
							"vector": [0.20109, 0.65551, -2.33353],
							"easing": "easeOutSine"
						},
						"2.2333": {
							"vector": [-0.0691, 0.03793, 0.70671],
							"easing": "easeInOutSine"
						},
						"2.3333": {
							"vector": [0, 0, 0],
							"easing": "easeOutSine"
						}
					},
					"position": {
						"0.0": {
							"vector": [0, 0, 0]
						},
						"0.1333": {
							"vector": [-0.38, -2.575, -2.025],
							"easing": "easeInOutSine"
						},
						"0.3333": {
							"vector": [-3.27254, 3.4046, -8.60332],
							"easing": "easeInSine"
						},
						"0.4333": {
							"vector": [-3.81473, 5.3507, -8.20875],
							"easing": "easeInOutSine"
						},
						"0.55": {
							"vector": [-4.20377, 5.05176, -6.87518],
							"easing": "easeOutCubic"
						},
						"0.6667": {
							"vector": [-4.28213, 6.92185, -6.43589],
							"easing": "easeInOutSine"
						},
						"0.8167": {
							"vector": [-3.39203, 2.93719, -4.33071],
							"easing": "easeInQuad"
						},
						"0.9667": {
							"vector": [-3.25926, 5.05253, -4.6635],
							"easing": "easeInOutSine"
						},
						"1.1": {
							"vector": [-3.25972, 4.37186, -3.4518],
							"easing": "easeOutSine"
						},
						"1.2": {
							"vector": [-3.18609, 5.13192, -3.26639],
							"easing": "easeOutSine"
						},
						"1.4667": {
							"vector": [-3.46661, 6.96953, -3.26376],
							"easing": "easeOutQuad"
						},
						"1.5833": {
							"vector": [-2.90359, 4.51095, -4.18793],
							"easing": "easeInQuad"
						},
						"1.6667": {
							"vector": [-3.13188, 5.62966, -3.99873]
						},
						"1.9167": {
							"vector": [-0.28, 0.155, -3.395],
							"easing": "easeInSine"
						},
						"2.0333": {
							"vector": [-0.15, -0.87, 0.69],
							"easing": "easeOutSine"
						},
						"2.2": {
							"vector": [0, -0.225, -0.45],
							"easing": "easeInOutSine"
						},
						"2.3333": {
							"vector": [0, 0, 0],
							"easing": "easeOutSine"
						}
					}
				},
				"leftarm": {
					"rotation": {
						"0.0": {
							"vector": [0, 0, 0]
						},
						"0.1833": {
							"vector": [14.54032, 1.93778, -15.1221]
						},
						"0.35": {
							"vector": [0, 0, 0]
						},
						"0.55": {
							"vector": [-1.80334, -1.36553, -1.47449]
						},
						"0.65": {
							"vector": [-13.25, 0, 0]
						},
						"0.7333": {
							"vector": [-13.45795, 3.05366, 2.18679]
						},
						"0.8833": {
							"vector": [-14.11042, -2.08785, 5.61828],
							"easing": "easeInSine"
						},
						"1.0833": {
							"vector": [-17.09293, -6.7296, 14.36773],
							"easing": "easeOutSine"
						},
						"1.15": {
							"vector": [-3.90725, 0.16817, 2.48475],
							"easing": "easeOutSine"
						},
						"1.3": {
							"vector": [-3.90725, 0.16817, 2.48475],
							"easing": "easeOutSine"
						},
						"1.4": {
							"vector": [-3.08616, -0.51814, 2.50403]
						},
						"1.5": {
							"vector": [-3.5557, 0.86434, 6.07698]
						},
						"1.5667": {
							"vector": [7.89698, 0.59273, 4.39618]
						},
						"1.7167": {
							"vector": [8.30597, -1.45314, 1.22676]
						},
						"1.9167": {
							"vector": [0, 0, 0]
						}
					},
					"position": {
						"0.0": {
							"vector": [0, 0, 0]
						},
						"0.1833": {
							"vector": [11.9707, -8.9512, 32.05127]
						},
						"0.35": {
							"vector": [-0.44347, -10.30098, 31.55825]
						},
						"0.55": {
							"vector": [0.41323, -9.38825, 31.9563]
						},
						"0.65": {
							"vector": [2.36431, -13.2436, 29.5426]
						},
						"0.7333": {
							"vector": [1.72091, -12.64308, 30.32085]
						},
						"0.8833": {
							"vector": [2.47017, -27.70034, 36.38492],
							"easing": "easeInSine"
						},
						"1.0833": {
							"vector": [0.6007, -41.8811, 43.70948],
							"easing": "easeOutSine"
						},
						"1.15": {
							"vector": [3.64172, -33.11667, 42.63072],
							"easing": "easeOutSine"
						},
						"1.2333": {
							"vector": [2.95, -20.44, 31.95]
						},
						"1.3": {
							"vector": [-1.18121, -13.96008, 30.99198],
							"easing": "easeOutSine"
						},
						"1.4": {
							"vector": [-0.69415, -12.863, 31.99068]
						},
						"1.5": {
							"vector": [-0.71615, -13.73281, 31.98395]
						},
						"1.5667": {
							"vector": [-2.82211, -10.20536, 30.53272]
						},
						"1.7167": {
							"vector": [-2.59711, -10.20536, 30.53272]
						},
						"1.8": {
							"vector": [4.72209, -9.71814, 16.20267]
						},
						"1.9167": {
							"vector": [0, 0, 0]
						}
					}
				},
				"magazine": {
					"rotation": {
						"0.0": {
							"vector": [0, 0, 0]
						},
						"0.55": {
							"vector": [0, 0, 0]
						},
						"0.65": {
							"vector": [18, 0, 0]
						},
						"0.7333": {
							"vector": [18, 0, 0]
						},
						"1.0833": {
							"vector": [33.53394, -15.28154, -22.86772],
							"easing": "easeOutSine"
						},
						"1.3": {
							"vector": [12, 0, 0]
						},
						"1.4": {
							"vector": [18, 0, 0]
						},
						"1.5": {
							"vector": [18.5, 0, 0]
						},
						"1.5667": {
							"vector": [0, 0, 0]
						}
					},
					"position": {
						"0.0": {
							"vector": [0, 0, 0]
						},
						"0.55": {
							"vector": [0, 0, 0]
						},
						"0.65": {
							"vector": [0, -3.28078, 0.19124]
						},
						"0.7333": {
							"vector": [0, -3.28078, 0.19124]
						},
						"0.8167": {
							"vector": [1.91319, -7.44728, -0.76143],
							"easing": "easeInSine"
						},
						"1.0833": {
							"vector": [3.91537, -24.60656, 13.00341],
							"easing": "easeOutSine"
						},
						"1.2333": {
							"vector": [1.65651, -10.89639, 0.19482]
						},
						"1.3": {
							"vector": [0, -3.28078, 0.19124]
						},
						"1.4": {
							"vector": [0, -3.28078, 0.19124]
						},
						"1.5": {
							"vector": [0, -3.28078, 0.19124]
						},
						"1.5667": {
							"vector": [0, 0, 0]
						}
					},
					"scale": {
						"vector": [1, 1, 1]
					}
				},
				"magazine2": {
					"scale": {
						"vector": [0, 0, 0]
					}
				},
				"_camera_": {
					"rotation": {
						"0.0": {
							"vector": [0, 0, 0]
						},
						"0.25": {
							"vector": [3.75047, 0.64326, 0],
							"easing": "easeInSine"
						},
						"0.4667": {
							"vector": [5.50086, 1.49857, 0.06544],
							"easing": "easeOutSine"
						},
						"0.6333": {
							"vector": [6.73978, 0.71387, 0.50864]
						},
						"0.7333": {
							"vector": [6.70994, 0.44651, 0.7393]
						},
						"0.85": {
							"vector": [6.43597, 0.76518, -1.24517]
						},
						"0.9667": {
							"vector": [7.15967, 1.21208, 0.54423]
						},
						"1.1333": {
							"vector": [6.11264, 2.07991, -1.14822]
						},
						"1.3": {
							"vector": [6.15708, 2.00066, 0.10006]
						},
						"1.5333": {
							"vector": [6.22456, 1.8719, 2.09705],
							"easing": "easeInQuad"
						},
						"1.6333": {
							"vector": [6.15705, 2.02239, 0.10193]
						},
						"1.7667": {
							"vector": [4.68395, 1.0094, 2.08084]
						},
						"2.0167": {
							"vector": [1.24914, -0.01532, 0.29332],
							"easing": "easeInOutSine"
						},
						"2.1667": {
							"vector": [0.44105, -0.00093, -0.7337],
							"easing": "linear"
						},
						"2.3333": {
							"vector": [0, 0, 0],
							"easing": "easeOutSine"
						}
					}
				},
				"rightarm": {
					"rotation": {
						"0.0": {
							"vector": [0, 0, 0]
						},
						"0.2833": {
							"vector": [6.97972, -11.02447, -13.63648]
						},
						"0.9833": {
							"vector": [6.97972, -11.02447, -13.63648]
						},
						"1.3333": {
							"vector": [6.29957, -21.98567, -12.48873]
						},
						"1.8167": {
							"vector": [6.29957, -21.98567, -12.48873]
						},
						"2.0": {
							"vector": [0, 0, 0]
						}
					},
					"position": {
						"0.0": {
							"vector": [0, 0, 0]
						},
						"0.2833": {
							"vector": [-1.82855, 0.50657, -0.09896]
						},
						"0.9833": {
							"vector": [-1.82855, 0.50657, -0.09896]
						},
						"1.3333": {
							"vector": [-4.86439, 0.03507, -2.4974]
						},
						"1.8167": {
							"vector": [-4.86439, 0.03507, -2.4974]
						},
						"2.0": {
							"vector": [0, 0, 0]
						}
					}
				}
			},
			"sound_effects": {
				"0.0": {
					"effect": "foley_start"
				},
				"0.4167": {
					"effect": "ak_magout"
				},
				"1.2333": {
					"effect": "ak_magin"
				},
				"1.7167": {
					"effect": "foley_end"
				}
			}
		},
		"animation.model.reloadoneleft": {
			"loop": true,
			"animation_length": 3.15,
			"bones": {
				"main": {
					"rotation": {
						"0.0": {
							"vector": [0, 0, 0]
						},
						"0.2667": {
							"vector": [-10.9535, 1.04477, -23.18928],
							"easing": "easeInOutSine"
						},
						"0.4167": {
							"vector": [-13.26145, 1.54349, -14.70173],
							"easing": "easeInOutSine"
						},
						"0.65": {
							"vector": [-16.55837, 1.9394, -23.76928]
						},
						"0.8167": {
							"vector": [-17.07204, 10.44947, -1.72081],
							"easing": "easeInOutSine"
						},
						"0.95": {
							"vector": [-13.29351, 6.09058, -2.4267],
							"easing": "easeOutSine"
						},
						"1.0667": {
							"vector": [-13.50069, 8.15468, 0.60029],
							"easing": "easeInOutSine"
						},
						"1.3667": {
							"vector": [-13.82305, 0.75032, -25.22792],
							"easing": "easeInOutSine"
						},
						"1.4167": {
							"vector": [-13.80891, 0.74642, -25.19928],
							"easing": "easeInSine"
						},
						"1.5": {
							"vector": [-13.02424, -0.39153, -25.94632]
						},
						"1.6": {
							"vector": [-16.28236, 0.85293, -23.06374],
							"easing": "easeInCubic"
						},
						"1.7": {
							"vector": [-13.88145, 0.86635, -27.58697],
							"easing": "easeOutQuad"
						},
						"2.0333": {
							"vector": [3.44156, -0.12814, -1.10011],
							"easing": "easeInOutQuad"
						},
						"2.15": {
							"vector": [0.20109, 0.65551, -2.33353],
							"easing": "easeOutSine"
						},
						"2.2667": {
							"vector": [-0.0691, 0.03793, 0.70671],
							"easing": "easeInOutSine"
						},
						"2.3667": {
							"vector": [0, 0, 0],
							"easing": "easeOutSine"
						}
					},
					"position": {
						"0.0": {
							"vector": [0, 0, 0]
						},
						"0.1333": {
							"vector": [-0.38, -2.575, -2.025],
							"easing": "easeInOutSine"
						},
						"0.3333": {
							"vector": [-3.27254, 3.4046, -8.60332],
							"easing": "easeInSine"
						},
						"0.4333": {
							"vector": [-3.81473, 5.3507, -8.20875],
							"easing": "easeInOutSine"
						},
						"0.55": {
							"vector": [-4.20377, 5.05176, -6.87518],
							"easing": "easeOutCubic"
						},
						"0.6667": {
							"vector": [-4.28213, 6.92185, -6.43589],
							"easing": "easeInOutSine"
						},
						"0.8167": {
							"vector": [-3.39203, 1.93719, -4.33071],
							"easing": "easeInQuad"
						},
						"0.9667": {
							"vector": [-3.25926, 5.05253, -4.6635],
							"easing": "easeOutSine"
						},
						"1.1": {
							"vector": [-3.25972, 3.92186, -3.4518],
							"easing": "easeInOutSine"
						},
						"1.5": {
							"vector": [-3.46661, 6.96953, -3.26376],
							"easing": "easeInOutCubic"
						},
						"1.6167": {
							"vector": [-2.90359, 4.51095, -4.18793],
							"easing": "easeInQuad"
						},
						"1.7": {
							"vector": [-3.13188, 5.62966, -3.99873]
						},
						"1.95": {
							"vector": [-0.28, 0.155, -3.395],
							"easing": "easeInOutSine"
						},
						"2.0667": {
							"vector": [-0.15, -0.87, 0.69],
							"easing": "easeOutSine"
						},
						"2.2333": {
							"vector": [0, -0.225, -0.45],
							"easing": "easeInOutSine"
						},
						"2.3667": {
							"vector": [0, 0, 0],
							"easing": "easeOutSine"
						}
					}
				},
				"leftarm": {
					"rotation": {
						"0.0": {
							"vector": [0, 0, 0]
						},
						"0.1167": {
							"vector": [14.54032, 1.93778, -15.1221]
						},
						"0.25": {
							"vector": [0, 0, 0]
						},
						"0.4": {
							"vector": [-1.80334, -1.36553, -1.47449]
						},
						"0.5": {
							"vector": [-13.25, 0, 0]
						},
						"0.5833": {
							"vector": [-13.45795, 3.05366, 2.18679]
						},
						"0.8": {
							"vector": [-14.11042, -2.08785, 5.61828],
							"easing": "easeInSine"
						},
						"1.0833": {
							"vector": [-17.09293, -6.7296, 14.36773],
							"easing": "easeOutSine"
						},
						"1.15": {
							"vector": [-3.90725, 0.16817, 2.48475],
							"easing": "easeOutSine"
						},
						"1.3": {
							"vector": [-3.90725, 0.16817, 2.48475],
							"easing": "easeOutSine"
						},
						"1.4": {
							"vector": [-3.08616, -0.51814, 2.50403]
						},
						"1.5": {
							"vector": [-3.5557, 0.86434, 6.07698]
						},
						"1.5667": {
							"vector": [7.89698, 0.59273, 4.39618]
						},
						"1.75": {
							"vector": [8.30597, -1.45314, 1.22676]
						},
						"1.8667": {
							"vector": [3.71329, -5.96254, 7.90381]
						},
						"1.9833": {
							"vector": [0, 0, 0]
						}
					},
					"position": {
						"0.0": {
							"vector": [0, 0, 0]
						},
						"0.1167": {
							"vector": [11.9707, -8.9512, 32.05127]
						},
						"0.25": {
							"vector": [-0.44347, -10.30098, 31.55825]
						},
						"0.4": {
							"vector": [0.41323, -9.38825, 31.9563]
						},
						"0.5": {
							"vector": [2.36431, -13.2436, 29.5426]
						},
						"0.5833": {
							"vector": [1.72091, -12.64308, 30.32085]
						},
						"0.8": {
							"vector": [12.47017, -27.70034, 36.38492],
							"easing": "easeInSine"
						},
						"1.0833": {
							"vector": [0.6007, -41.8811, 43.70948],
							"easing": "easeOutSine"
						},
						"1.15": {
							"vector": [3.64172, -33.11667, 42.63072],
							"easing": "easeOutSine"
						},
						"1.2333": {
							"vector": [2.95, -20.44, 31.95]
						},
						"1.3": {
							"vector": [-1.18121, -13.96008, 30.99198],
							"easing": "easeOutSine"
						},
						"1.4": {
							"vector": [-0.69415, -12.863, 31.99068]
						},
						"1.5": {
							"vector": [-0.71615, -13.73281, 31.98395]
						},
						"1.5667": {
							"vector": [-2.82211, -10.20536, 30.53272]
						},
						"1.75": {
							"vector": [-2.59711, -10.20536, 30.53272]
						},
						"1.8667": {
							"vector": [4.72209, -9.71814, 16.20267]
						},
						"1.9833": {
							"vector": [0, 0, 0]
						}
					},
					"scale": {
						"vector": [1, 1, 1]
					}
				},
				"magazine": {
					"rotation": {
						"0.0": {
							"vector": [0, 0, 0]
						},
						"0.55": {
							"vector": [0, 0, 0]
						},
						"0.65": {
							"vector": [18, 0, 0]
						},
						"0.7333": {
							"vector": [18, 0, 0]
						},
						"1.0833": {
							"vector": [33.53394, -15.28154, -22.86772],
							"easing": "easeOutSine"
						},
						"1.3": {
							"vector": [12, 0, 0]
						},
						"1.4": {
							"vector": [18, 0, 0]
						},
						"1.5": {
							"vector": [18.5, 0, 0]
						},
						"1.5667": {
							"vector": [0, 0, 0]
						}
					},
					"position": {
						"0.0": {
							"vector": [0, 0, 0]
						},
						"0.55": {
							"vector": [0, 0, 0]
						},
						"0.65": {
							"vector": [0, -3.28078, 0.19124]
						},
						"0.7333": {
							"vector": [0, -3.28078, 0.19124]
						},
						"0.8167": {
							"vector": [1.91319, -7.44728, -0.76143],
							"easing": "easeInSine"
						},
						"1.0833": {
							"vector": [3.91537, -24.60656, 13.00341],
							"easing": "easeOutSine"
						},
						"1.2333": {
							"vector": [1.65651, -10.89639, 0.19482]
						},
						"1.3": {
							"vector": [0, -3.28078, 0.19124]
						},
						"1.4": {
							"vector": [0, -3.28078, 0.19124]
						},
						"1.5": {
							"vector": [0, -3.28078, 0.19124]
						},
						"1.5667": {
							"vector": [0, 0, 0]
						}
					},
					"scale": {
						"vector": [1, 1, 1]
					}
				},
				"magazine2": {
					"scale": {
						"vector": [0, 0, 0]
					}
				},
				"_camera_": {
					"rotation": {
						"0.0": {
							"vector": [0, 0, 0]
						},
						"0.25": {
							"vector": [3.75047, 0.64326, 0],
							"easing": "easeInSine"
						},
						"0.4667": {
							"vector": [5.50086, 1.49857, 0.06544],
							"easing": "easeOutSine"
						},
						"0.6333": {
							"vector": [6.73978, 0.71387, 0.50864]
						},
						"0.7333": {
							"vector": [6.70994, 0.44651, 0.7393]
						},
						"0.85": {
							"vector": [6.43597, 0.76518, -1.24517]
						},
						"0.9667": {
							"vector": [7.15967, 1.21208, 0.54423]
						},
						"1.1333": {
							"vector": [6.11264, 2.07991, -1.14822]
						},
						"1.3": {
							"vector": [6.15708, 2.00066, 0.10006]
						},
						"1.5333": {
							"vector": [6.22456, 1.8719, 2.09705],
							"easing": "easeInQuad"
						},
						"1.6333": {
							"vector": [6.15705, 2.02239, 0.10193]
						},
						"1.7667": {
							"vector": [4.68395, 1.0094, 2.08084]
						},
						"2.0167": {
							"vector": [1.24914, -0.01532, 0.29332],
							"easing": "easeInOutSine"
						},
						"2.1667": {
							"vector": [0.44105, -0.00093, -0.7337],
							"easing": "linear"
						},
						"2.3333": {
							"vector": [0, 0, 0],
							"easing": "easeOutSine"
						}
					}
				},
				"rightarm": {
					"rotation": {
						"0.0": {
							"vector": [0, 0, 0]
						},
						"0.2833": {
							"vector": [6.97972, -11.02447, -13.63648]
						},
						"0.9833": {
							"vector": [6.97972, -11.02447, -13.63648]
						},
						"1.3333": {
							"vector": [6.29957, -21.98567, -12.48873]
						},
						"1.8167": {
							"vector": [6.29957, -21.98567, -12.48873]
						},
						"2.0": {
							"vector": [0, 0, 0]
						}
					},
					"position": {
						"0.0": {
							"vector": [0, 0, 0]
						},
						"0.2833": {
							"vector": [-1.82855, 0.50657, -0.09896]
						},
						"0.9833": {
							"vector": [-1.82855, 0.50657, -0.09896]
						},
						"1.3333": {
							"vector": [-4.86439, 0.03507, -2.4974]
						},
						"1.8167": {
							"vector": [-4.86439, 0.03507, -2.4974]
						},
						"2.0": {
							"vector": [0, 0, 0]
						}
					}
				},
				"bullet": {
					"scale": {
						"0.0": {
							"vector": [0, 0, 0]
						},
						"1.05": {
							"vector": [0, 0, 0]
						},
						"1.0667": {
							"vector": [1, 1, 1]
						}
					}
				}
			},
			"sound_effects": {
				"0.0": {
					"effect": "foley_start"
				},
				"0.4167": {
					"effect": "ak_magout"
				},
				"1.25": {
					"effect": "ak_magin"
				},
				"1.7167": {
					"effect": "foley_end"
				}
			}
		},
		"animation.model.reloadempty": {
			"loop": true,
			"animation_length": 3.7833,
			"bones": {
				"main": {
					"rotation": {
						"0.0": {
							"vector": [0, 0, 0]
						},
						"0.2667": {
							"vector": [-10.9535, 1.04477, -23.18928],
							"easing": "easeInOutSine"
						},
						"0.4167": {
							"vector": [-13.26145, 1.54349, -14.70173],
							"easing": "easeInOutSine"
						},
						"0.65": {
							"vector": [-16.55837, 1.9394, -23.76928]
						},
						"0.8167": {
							"vector": [-17.07204, 10.44947, -1.72081],
							"easing": "easeInOutSine"
						},
						"0.95": {
							"vector": [-13.29351, 6.09058, -2.4267],
							"easing": "easeOutSine"
						},
						"1.0667": {
							"vector": [-13.50069, 8.15468, 0.60029],
							"easing": "easeInOutSine"
						},
						"1.3667": {
							"vector": [-13.82305, 0.75032, -25.22792],
							"easing": "easeInOutSine"
						},
						"1.4167": {
							"vector": [-13.80891, 0.74642, -25.19928],
							"easing": "easeInSine"
						},
						"1.5": {
							"vector": [-13.02424, -0.39153, -25.94632]
						},
						"1.6": {
							"vector": [-16.28236, 0.85293, -23.06374],
							"easing": "easeInQuad"
						},
						"1.7": {
							"vector": [-13.88145, 0.86635, -27.58697],
							"easing": "easeOutSine"
						},
						"1.8167": {
							"vector": [-11.93092, 2.29282, -21.98015]
						},
						"1.95": {
							"vector": [-7.67487, 3.7002, -15.85328]
						},
						"2.0833": {
							"vector": [-5.58455, 5.08428, -8.53249],
							"easing": "easeOutSine"
						},
						"2.2333": {
							"vector": [-8.46821, 4.45944, -10.06713]
						},
						"2.35": {
							"vector": [-10.70206, 5.14867, -3.68939],
							"easing": "easeInOutQuad"
						},
						"2.4333": {
							"vector": [-6.43098, 4.24782, -11.94864],
							"easing": "easeOutCubic"
						},
						"2.5333": {
							"vector": [-6.69481, 5.23584, -3.96373]
						},
						"2.65": {
							"vector": [-6.52678, 5.67238, -9.86306]
						},
						"2.95": {
							"vector": [3.44156, -0.12814, -1.10011],
							"easing": "easeOutSine"
						},
						"3.0667": {
							"vector": [0.20109, 0.65551, -2.33353],
							"easing": "easeOutSine"
						},
						"3.1833": {
							"vector": [-0.0691, 0.03793, 0.70671],
							"easing": "easeInOutSine"
						},
						"3.2833": {
							"vector": [0, 0, 0],
							"easing": "easeOutSine"
						}
					},
					"position": {
						"0.0": {
							"vector": [0, 0, 0]
						},
						"0.1333": {
							"vector": [-0.38, -2.575, -2.025],
							"easing": "easeInOutSine"
						},
						"0.3333": {
							"vector": [-3.27254, 3.4046, -8.60332],
							"easing": "easeInSine"
						},
						"0.4333": {
							"vector": [-3.81473, 5.3507, -8.20875],
							"easing": "easeInOutSine"
						},
						"0.55": {
							"vector": [-4.20377, 5.05176, -6.87518],
							"easing": "easeOutCubic"
						},
						"0.6667": {
							"vector": [-4.28213, 6.92185, -6.43589],
							"easing": "easeInOutSine"
						},
						"0.8167": {
							"vector": [-3.39203, 1.93719, -4.33071],
							"easing": "easeInQuad"
						},
						"0.9667": {
							"vector": [-3.25926, 5.05253, -4.6635],
							"easing": "easeOutSine"
						},
						"1.1": {
							"vector": [-3.25972, 3.92186, -3.4518],
							"easing": "easeInOutSine"
						},
						"1.5": {
							"vector": [-3.46661, 6.96953, -3.26376],
							"easing": "easeInOutCubic"
						},
						"1.6167": {
							"vector": [-2.90359, 4.51095, -4.18793],
							"easing": "easeInQuad"
						},
						"1.7": {
							"vector": [-3.13188, 5.62966, -3.99873]
						},
						"1.8333": {
							"vector": [-3, 3.925, -2.59]
						},
						"1.9333": {
							"vector": [-2.85, 0.12, -1.765]
						},
						"2.0333": {
							"vector": [-2.71, -2.13, 0.44],
							"easing": "easeInOutSine"
						},
						"2.1333": {
							"vector": [-2.42, -0.71, 3.49]
						},
						"2.2333": {
							"vector": [-2.33, 0.68, 4.475],
							"easing": "linear"
						},
						"2.35": {
							"vector": [-2.33, 0.875, 6.195],
							"easing": "easeInSine"
						},
						"2.4667": {
							"vector": [-2.33, -1.425, 1.665],
							"easing": "easeOutSine"
						},
						"2.6": {
							"vector": [-2.48, -1.12, 3.99],
							"easing": "easeOutQuad"
						},
						"2.75": {
							"vector": [-0.78, -3.66, -1.72]
						},
						"2.8833": {
							"vector": [-0.28, -0.845, -3.395],
							"easing": "easeOutSine"
						},
						"3.0": {
							"vector": [-0.15, -0.87, 0.69],
							"easing": "easeOutSine"
						},
						"3.15": {
							"vector": [0, -0.225, -0.45],
							"easing": "easeInOutSine"
						},
						"3.2833": {
							"vector": [0, 0, 0],
							"easing": "easeOutSine"
						}
					}
				},
				"leftarm": {
					"rotation": {
						"0.0": {
							"vector": [0, 0, 0]
						},
						"0.1167": {
							"vector": [14.54032, 1.93778, -15.1221]
						},
						"0.25": {
							"vector": [0, 0, 0]
						},
						"0.4": {
							"vector": [-1.80334, -1.36553, -1.47449]
						},
						"0.5": {
							"vector": [-13.25, 0, 0]
						},
						"0.5833": {
							"vector": [-13.45795, 3.05366, 2.18679]
						},
						"0.8": {
							"vector": [-14.11042, -2.08785, 5.61828],
							"easing": "easeInSine"
						},
						"1.0833": {
							"vector": [-17.09293, -6.7296, 14.36773],
							"easing": "easeOutSine"
						},
						"1.15": {
							"vector": [-3.90725, 0.16817, 2.48475],
							"easing": "easeOutSine"
						},
						"1.3": {
							"vector": [-3.90725, 0.16817, 2.48475],
							"easing": "easeOutSine"
						},
						"1.4": {
							"vector": [-3.08616, -0.51814, 2.50403]
						},
						"1.5": {
							"vector": [-3.5557, 0.86434, 6.07698]
						},
						"1.5667": {
							"vector": [7.89698, 0.59273, 4.39618]
						},
						"1.7833": {
							"vector": [8.30597, -1.45314, 1.22676]
						},
						"1.9": {
							"vector": [3.71329, -5.96254, 7.90381]
						},
						"2.0": {
							"vector": [0, 0, 7]
						},
						"2.0667": {
							"vector": [0.31689, -1.96832, 4.71382]
						},
						"2.25": {
							"vector": [-13.50285, -3.02118, 10.51027],
							"easing": "easeInQuart"
						},
						"2.3667": {
							"vector": [-13.50285, -3.02118, 10.51027],
							"easing": "easeInExpo"
						},
						"2.4167": {
							"vector": [-37.13798, -5.46096, 21.44692]
						},
						"2.5": {
							"vector": [-38.38798, -5.46096, 21.44692]
						},
						"2.5833": {
							"vector": [-37.13798, -5.46096, 21.44692]
						},
						"2.8": {
							"vector": [0, 0, 0]
						}
					},
					"position": {
						"0.0": {
							"vector": [0, 0, 0]
						},
						"0.1167": {
							"vector": [11.9707, -8.9512, 32.05127]
						},
						"0.25": {
							"vector": [-0.44347, -10.30098, 31.55825]
						},
						"0.4": {
							"vector": [0.41323, -9.38825, 31.9563]
						},
						"0.5": {
							"vector": [2.36431, -13.2436, 29.5426]
						},
						"0.5833": {
							"vector": [1.72091, -12.64308, 30.32085]
						},
						"0.8": {
							"vector": [12.47017, -27.70034, 36.38492],
							"easing": "easeInSine"
						},
						"1.0833": {
							"vector": [0.6007, -41.8811, 43.70948],
							"easing": "easeOutSine"
						},
						"1.15": {
							"vector": [3.64172, -33.11667, 42.63072],
							"easing": "easeOutSine"
						},
						"1.2333": {
							"vector": [2.95, -20.44, 31.95]
						},
						"1.3": {
							"vector": [-1.18121, -13.96008, 30.99198],
							"easing": "easeOutSine"
						},
						"1.4": {
							"vector": [-0.69415, -12.863, 31.99068]
						},
						"1.5": {
							"vector": [-0.71615, -13.73281, 31.98395]
						},
						"1.5667": {
							"vector": [-2.82211, -10.20536, 30.53272]
						},
						"1.7833": {
							"vector": [-2.59711, -10.20536, 30.53272]
						},
						"1.9": {
							"vector": [6.04654, -8.37854, 18.22559]
						},
						"2.0": {
							"vector": [8.05058, -3.80817, 3.31591]
						},
						"2.0667": {
							"vector": [8.01741, -3.7569, 3.68979]
						},
						"2.25": {
							"vector": [8.02, -8.91, 9.69],
							"easing": "easeInQuart"
						},
						"2.3667": {
							"vector": [8.02, -8.91, 9.69],
							"easing": "easeInExpo"
						},
						"2.4167": {
							"vector": [8.02, -18.31, 12.065]
						},
						"2.5": {
							"vector": [8.02, -18.31, 12.79]
						},
						"2.5833": {
							"vector": [14.845, -29.01, 27.16]
						},
						"2.7": {
							"vector": [11.665, -11.6, 10.86]
						},
						"2.8": {
							"vector": [0, 0, 0]
						}
					},
					"scale": {
						"1.7833": {
							"vector": [1, 1, 1]
						},
						"2.0": {
							"vector": [1.3, 1.5, 1.3]
						},
						"2.5833": {
							"vector": [1.3, 1.5, 1.3]
						},
						"2.8": {
							"vector": [1, 1, 1]
						}
					}
				},
				"magazine": {
					"rotation": {
						"0.0": {
							"vector": [0, 0, 0]
						},
						"0.55": {
							"vector": [0, 0, 0]
						},
						"0.65": {
							"vector": [18, 0, 0]
						},
						"0.7333": {
							"vector": [18, 0, 0]
						},
						"1.0833": {
							"vector": [33.53394, -15.28154, -22.86772],
							"easing": "easeOutSine"
						},
						"1.3": {
							"vector": [12, 0, 0]
						},
						"1.4": {
							"vector": [18, 0, 0]
						},
						"1.5": {
							"vector": [18.5, 0, 0]
						},
						"1.5667": {
							"vector": [0, 0, 0]
						}
					},
					"position": {
						"0.0": {
							"vector": [0, 0, 0]
						},
						"0.55": {
							"vector": [0, 0, 0]
						},
						"0.65": {
							"vector": [0, -3.28078, 0.19124]
						},
						"0.7333": {
							"vector": [0, -3.28078, 0.19124]
						},
						"0.8167": {
							"vector": [1.91319, -7.44728, -0.76143],
							"easing": "easeInSine"
						},
						"1.0833": {
							"vector": [3.91537, -24.60656, 13.00341],
							"easing": "easeOutSine"
						},
						"1.2333": {
							"vector": [1.65651, -10.89639, 0.19482]
						},
						"1.3": {
							"vector": [0, -3.28078, 0.19124]
						},
						"1.4": {
							"vector": [0, -3.28078, 0.19124]
						},
						"1.5": {
							"vector": [0, -3.28078, 0.19124]
						},
						"1.5667": {
							"vector": [0, 0, 0]
						}
					},
					"scale": {
						"vector": [1, 1, 1]
					}
				},
				"magazine2": {
					"scale": {
						"vector": [0, 0, 0]
					}
				},
				"_camera_": {
					"rotation": {
						"0.0": {
							"vector": [0, 0, 0]
						},
						"0.25": {
							"vector": [3.75047, 0.64326, 0],
							"easing": "easeInSine"
						},
						"0.4667": {
							"vector": [5.50086, 1.49857, 0.06544],
							"easing": "easeOutSine"
						},
						"0.6333": {
							"vector": [6.73978, 0.71387, 0.50864]
						},
						"0.7333": {
							"vector": [6.70994, 0.44651, 0.7393]
						},
						"0.85": {
							"vector": [7.43597, 0.76518, -1.24517]
						},
						"0.9667": {
							"vector": [5.65967, 1.21208, 0.54423]
						},
						"1.1333": {
							"vector": [6.11264, 2.07991, -1.14822]
						},
						"1.3": {
							"vector": [6.15708, 2.00066, 0.10006]
						},
						"1.5333": {
							"vector": [6.22456, 1.8719, 2.09705],
							"easing": "easeInQuad"
						},
						"1.6333": {
							"vector": [6.15705, 2.02239, 0.10193]
						},
						"1.7667": {
							"vector": [4.68395, 1.0094, 2.08084]
						},
						"1.9833": {
							"vector": [1.43395, 1.0094, 2.08084],
							"easing": "easeInOutSine"
						},
						"2.2": {
							"vector": [0.919, 1.77161, 1.59954]
						},
						"2.3": {
							"vector": [1.669, 1.77161, 1.59954],
							"easing": "easeInSine"
						},
						"2.3833": {
							"vector": [2.11396, 1.83483, -0.15018],
							"easing": "easeOutSine"
						},
						"2.5": {
							"vector": [1.70724, 1.73479, 2.84958]
						},
						"2.65": {
							"vector": [1.50148, 1.31046, -1.14722]
						},
						"2.95": {
							"vector": [1.24914, -0.01532, 0.29332],
							"easing": "easeInOutSine"
						},
						"3.1": {
							"vector": [0.44105, -0.00093, -0.7337],
							"easing": "linear"
						},
						"3.2667": {
							"vector": [0, 0, 0],
							"easing": "easeOutSine"
						}
					}
				},
				"rightarm": {
					"rotation": {
						"0.0": {
							"vector": [0, 0, 0]
						},
						"0.2833": {
							"vector": [6.97972, -11.02447, -13.63648]
						},
						"0.9833": {
							"vector": [6.97972, -11.02447, -13.63648]
						},
						"1.3333": {
							"vector": [6.29957, -21.98567, -12.48873]
						},
						"2.0667": {
							"vector": [6.29957, -21.98567, -12.48873]
						},
						"2.3833": {
							"vector": [0, 0, 0]
						}
					},
					"position": {
						"0.0": {
							"vector": [0, 0, 0]
						},
						"0.2833": {
							"vector": [-1.82855, 0.50657, -0.09896]
						},
						"0.9833": {
							"vector": [-1.82855, 0.50657, -0.09896]
						},
						"1.3333": {
							"vector": [-4.86439, 0.03507, -2.4974]
						},
						"2.0667": {
							"vector": [-4.86439, 0.03507, -2.4974]
						},
						"2.3833": {
							"vector": [0, 0, 0]
						}
					}
				},
				"bullet": {
					"scale": {
						"0.0": {
							"vector": [0, 0, 0]
						},
						"1.05": {
							"vector": [0, 0, 0]
						},
						"1.0667": {
							"vector": [1, 1, 1]
						}
					}
				},
				"charge": {
					"position": {
						"2.0667": {
							"vector": [0, 0, 0]
						},
						"2.25": {
							"vector": [0, 0, 13.7],
							"easing": "easeInQuart"
						},
						"2.3667": {
							"vector": [0, 0, 13.7],
							"easing": "easeInExpo"
						},
						"2.4167": {
							"vector": [0, 0, 0]
						}
					}
				}
			},
			"sound_effects": {
				"0.0": {
					"effect": "foley_start"
				},
				"0.4167": {
					"effect": "ak_magout"
				},
				"1.2667": {
					"effect": "ak_magin"
				},
				"2.1667": {
					"effect": "ak_actionback"
				},
				"2.3": {
					"effect": "ak_actionforward"
				},
				"2.55": {
					"effect": "foley_end"
				}
			}
		},
		"animation.model.inspectempty": {
			"loop": true,
			"animation_length": 5.9333,
			"bones": {
				"main": {
					"rotation": {
						"0.0": {
							"vector": [0, 0, 0]
						},
						"0.2667": {
							"vector": [-10.9535, 1.04477, -23.18928],
							"easing": "easeInOutSine"
						},
						"0.4167": {
							"vector": [-13.26145, 1.54349, -14.70173],
							"easing": "easeInOutSine"
						},
						"0.65": {
							"vector": [-16.55837, 1.9394, -23.76928]
						},
						"0.8167": {
							"vector": [-19.02874, 4.42504, -16.98214],
							"easing": "easeOutSine"
						},
						"0.95": {
							"vector": [-14.26004, 3.16274, -14.36202]
						},
						"1.0667": {
							"vector": [-14.71736, 4.00136, -10.79386],
							"easing": "easeInOutSine"
						},
						"1.3167": {
							"vector": [-15.56716, 4.64972, -12.26158]
						},
						"1.65": {
							"vector": [-14.75141, 4.25628, -11.34399],
							"easing": "easeOutSine"
						},
						"2.05": {
							"vector": [-14.77537, 4.47294, -11.63896],
							"easing": "easeInOutSine"
						},
						"2.3167": {
							"vector": [-14.73191, 4.72673, -10.98504],
							"easing": "easeInOutSine"
						},
						"2.5833": {
							"vector": [-16.71736, 4.00136, -10.79386],
							"easing": "easeInOutSine"
						},
						"2.9167": {
							"vector": [-1.78323, 8.18768, 51.74136]
						},
						"3.0667": {
							"vector": [0.17835, 8.71463, 48.18276]
						},
						"3.2167": {
							"vector": [-0.74767, 9.18416, 51.97631]
						},
						"3.4": {
							"vector": [-0.19976, 9.18201, 50.71009]
						},
						"3.55": {
							"vector": [0.09817, 9.18265, 52.57687]
						},
						"3.6333": {
							"vector": [0.07508, 9.18378, 52.43216]
						},
						"3.7833": {
							"vector": [0.07545, 9.13779, 46.15939],
							"easing": "easeInQuad"
						},
						"3.8833": {
							"vector": [0.04332, 9.1826, 52.23318]
						},
						"3.9833": {
							"vector": [1.13864, 9.17711, 49.69713]
						},
						"4.4": {
							"vector": [-13.82305, 0.75032, -25.22792],
							"easing": "easeOutSine"
						},
						"4.4833": {
							"vector": [-13.80891, 0.74642, -25.19928],
							"easing": "easeInSine"
						},
						"4.5667": {
							"vector": [-13.02424, -0.39153, -25.94632]
						},
						"4.6667": {
							"vector": [-16.28236, 0.85293, -23.06374],
							"easing": "easeInQuad"
						},
						"4.8": {
							"vector": [-11.38145, 0.86635, -27.58697],
							"easing": "easeOutSine"
						},
						"5.0667": {
							"vector": [3.44156, -0.12814, -1.10011],
							"easing": "easeInOutQuad"
						},
						"5.1833": {
							"vector": [0.20109, 0.65551, -2.33353],
							"easing": "easeOutSine"
						},
						"5.3": {
							"vector": [-0.0691, 0.03793, 0.70671],
							"easing": "easeInOutSine"
						},
						"5.4": {
							"vector": [0, 0, 0],
							"easing": "easeOutSine"
						}
					},
					"position": {
						"0.0": {
							"vector": [0, 0, 0]
						},
						"0.1333": {
							"vector": [-0.38, -2.575, -2.025],
							"easing": "easeInOutSine"
						},
						"0.3333": {
							"vector": [-3.27254, 3.4046, -8.60332],
							"easing": "easeInSine"
						},
						"0.4333": {
							"vector": [-3.81473, 5.3507, -8.20875],
							"easing": "easeInOutSine"
						},
						"0.55": {
							"vector": [-4.20377, 5.05176, -6.87518],
							"easing": "easeOutCubic"
						},
						"0.6667": {
							"vector": [-4.28213, 6.92185, -6.43589],
							"easing": "easeInOutSine"
						},
						"0.8167": {
							"vector": [-3.39203, 2.93719, -4.33071],
							"easing": "easeInQuad"
						},
						"1.0167": {
							"vector": [-3.25926, 5.05253, -4.6635],
							"easing": "easeInOutSine"
						},
						"1.2667": {
							"vector": [-3.20259, 3.63864, -3.21854],
							"easing": "easeOutSine"
						},
						"1.5167": {
							"vector": [-3.22475, 4.62656, -3.55984]
						},
						"1.8167": {
							"vector": [-3.23883, 4.25904, -3.46618],
							"easing": "easeInOutSine"
						},
						"2.0833": {
							"vector": [-3.26, 4.495, -3.47]
						},
						"2.4": {
							"vector": [-3.26, 4.495, -3.47]
						},
						"2.7333": {
							"vector": [-0.62, -5.77, -3.45],
							"easing": "easeInSine"
						},
						"2.9833": {
							"vector": [3.915, 2.345, -4.175],
							"easing": "easeInOutSine"
						},
						"3.15": {
							"vector": [3.92, 1.34, -2.03],
							"easing": "easeInQuad"
						},
						"3.3": {
							"vector": [3.97, 1.84, -3.255],
							"easing": "easeOutSine"
						},
						"3.45": {
							"vector": [3.97, 1.74, -3.09]
						},
						"3.65": {
							"vector": [3.97, 1.79, -2.63]
						},
						"3.7667": {
							"vector": [3.97, 1.54, -4.305],
							"easing": "easeInCubic"
						},
						"3.9167": {
							"vector": [3.97, 1.79, -3.03],
							"easing": "easeOutSine"
						},
						"4.1167": {
							"vector": [-1.80595, -4.02948, -3.57398]
						},
						"4.3167": {
							"vector": [-3.18609, 5.13192, -3.26639],
							"easing": "easeOutSine"
						},
						"4.5333": {
							"vector": [-3.46661, 6.96953, -3.26376],
							"easing": "easeOutQuad"
						},
						"4.65": {
							"vector": [-2.90359, 4.51095, -4.18793],
							"easing": "easeInQuad"
						},
						"4.7333": {
							"vector": [-3.13188, 5.62966, -3.99873]
						},
						"4.9833": {
							"vector": [-0.28, 0.155, -3.395],
							"easing": "easeInSine"
						},
						"5.1": {
							"vector": [-0.15, -0.87, 0.69],
							"easing": "easeOutSine"
						},
						"5.2667": {
							"vector": [0, -0.225, -0.45],
							"easing": "easeInOutSine"
						},
						"5.4": {
							"vector": [0, 0, 0],
							"easing": "easeOutSine"
						}
					}
				},
				"leftarm": {
					"rotation": {
						"0.0": {
							"vector": [0, 0, 0]
						},
						"0.1833": {
							"vector": [14.54032, 1.93778, -15.1221]
						},
						"0.35": {
							"vector": [0, 0, 0]
						},
						"0.55": {
							"vector": [-1.80334, -1.36553, -1.47449]
						},
						"0.65": {
							"vector": [-13.25, 0, 0]
						},
						"0.7333": {
							"vector": [-13.45795, 3.05366, 2.18679]
						},
						"0.9167": {
							"vector": [-14.11042, -2.08785, 5.61828],
							"easing": "easeInSine"
						},
						"1.1167": {
							"vector": [-14.46529, -3.50607, 7.70749],
							"easing": "easeOutSine"
						},
						"1.7333": {
							"vector": [-14.51647, -3.09328, 7.99425],
							"easing": "easeOutSine"
						},
						"1.8667": {
							"vector": [-15.28217, 3.26014, 18.33765],
							"easing": "easeInSine"
						},
						"1.95": {
							"vector": [-13.9878, 17.24801, 29.06798]
						},
						"2.05": {
							"vector": [-10.31023, 39.80701, 46.06117],
							"easing": "easeOutSine"
						},
						"2.1833": {
							"vector": [-9.14442, 41.94089, 48.15125]
						},
						"2.4833": {
							"vector": [-10.41022, 39.61132, 45.87624]
						},
						"2.95": {
							"vector": [7.08978, 39.61132, 45.87624]
						},
						"3.0833": {
							"vector": [7.08978, 39.61132, 45.87624]
						},
						"4.0333": {
							"vector": [7.08978, 39.61132, 45.87624]
						},
						"4.2167": {
							"vector": [-3.90725, 0.16817, 2.48475],
							"easing": "easeOutSine"
						},
						"4.3667": {
							"vector": [-3.90725, 0.16817, 2.48475],
							"easing": "easeOutSine"
						},
						"4.4667": {
							"vector": [-3.08616, -0.51814, 2.50403]
						},
						"4.5667": {
							"vector": [-3.5557, 0.86434, 6.07698]
						},
						"4.6333": {
							"vector": [7.89698, 0.59273, 4.39618]
						},
						"4.7833": {
							"vector": [8.30597, -1.45314, 1.22676]
						},
						"4.9833": {
							"vector": [0, 0, 0]
						}
					},
					"position": {
						"0.0": {
							"vector": [0, 0, 0]
						},
						"0.1833": {
							"vector": [11.9707, -8.9512, 32.05127]
						},
						"0.35": {
							"vector": [-0.44347, -10.30098, 31.55825]
						},
						"0.55": {
							"vector": [0.41323, -9.38825, 31.9563]
						},
						"0.65": {
							"vector": [2.36431, -13.2436, 29.5426]
						},
						"0.7333": {
							"vector": [1.72091, -12.64308, 30.32085]
						},
						"0.7833": {
							"vector": [1.79, -16.04, 30.16]
						},
						"0.9167": {
							"vector": [2.47017, -18.67534, 28.88492],
							"easing": "easeInSine"
						},
						"1.1167": {
							"vector": [13.47, -8.68, 21.88],
							"easing": "easeOutSine"
						},
						"1.4167": {
							"vector": [13.72, -9.48, 21.88]
						},
						"1.7333": {
							"vector": [13.72, -9.48, 21.88]
						},
						"1.8667": {
							"vector": [13.47, -12.905, 21.88],
							"easing": "easeInSine"
						},
						"2.05": {
							"vector": [12.57, -11.435, 20.655],
							"easing": "easeOutSine"
						},
						"2.1833": {
							"vector": [12.77109, -10.45521, 21.05911]
						},
						"2.4833": {
							"vector": [12.87603, -10.13855, 20.99171]
						},
						"2.6667": {
							"vector": [9.89226, -13.08379, 14.35842]
						},
						"2.95": {
							"vector": [9.0482, -0.97602, 0.32896]
						},
						"3.0833": {
							"vector": [9.0482, -0.97602, 0.32896]
						},
						"3.2167": {
							"vector": [9.05, -0.98, 11.58],
							"easing": "easeInCubic"
						},
						"3.7167": {
							"vector": [9.05, -0.98, 11.58],
							"easing": "easeInCubic"
						},
						"3.7833": {
							"vector": [9.0482, -0.97602, 0.32896]
						},
						"4.0333": {
							"vector": [9.05, -0.98, 11.58],
							"easing": "easeInCubic"
						},
						"4.1667": {
							"vector": [6.86893, -12.71566, 20.38226]
						},
						"4.2167": {
							"vector": [5.53744, -12.91596, 24.43807]
						},
						"4.3": {
							"vector": [2.95, -17.44, 31.95]
						},
						"4.3667": {
							"vector": [-0.52516, -12.56685, 30.66161],
							"easing": "easeOutSine"
						},
						"4.4667": {
							"vector": [-0.69415, -12.863, 31.99068]
						},
						"4.5667": {
							"vector": [-0.71615, -13.73281, 31.98395]
						},
						"4.6333": {
							"vector": [-2.82211, -10.20536, 30.53272]
						},
						"4.7833": {
							"vector": [-2.59711, -10.20536, 30.53272]
						},
						"4.8667": {
							"vector": [4.72209, -9.71814, 16.20267]
						},
						"4.9833": {
							"vector": [0, 0, 0]
						}
					},
					"scale": {
						"2.4833": {
							"vector": [1, 1, 1]
						},
						"2.95": {
							"vector": [1.2, 1.4, 1.2]
						},
						"4.0333": {
							"vector": [1.2, 1.4, 1.2]
						},
						"4.2667": {
							"vector": [1, 1, 1]
						}
					}
				},
				"magazine": {
					"rotation": {
						"0.0": {
							"vector": [0, 0, 0]
						},
						"0.55": {
							"vector": [0, 0, 0]
						},
						"0.65": {
							"vector": [18, 0, 0]
						},
						"0.7333": {
							"vector": [18, 0, 0]
						},
						"1.1833": {
							"vector": [-20.66303, -11.42268, -16.17407],
							"easing": "easeOutSine"
						},
						"1.4167": {
							"vector": [-20.73612, -10.22215, -15.81967]
						},
						"1.8": {
							"vector": [-20.66712, -9.52064, -16.08853],
							"easing": "easeOutSine"
						},
						"2.1": {
							"vector": [-8.00084, 14.97453, 30.88374],
							"easing": "easeInOutSine"
						},
						"2.4833": {
							"vector": [-9.07051, 15.90194, 26.80566],
							"easing": "easeOutSine"
						},
						"2.95": {
							"vector": [-13.73022, 10.87596, 6.8937]
						},
						"3.0833": {
							"vector": [-13.73022, 10.87596, 6.8937]
						},
						"4.0333": {
							"vector": [-13.73022, 10.87596, 6.8937]
						},
						"4.3667": {
							"vector": [12, 0, 0]
						},
						"4.4667": {
							"vector": [18, 0, 0]
						},
						"4.5667": {
							"vector": [18.5, 0, 0]
						},
						"4.6333": {
							"vector": [0, 0, 0]
						}
					},
					"position": {
						"0.0": {
							"vector": [0, 0, 0]
						},
						"0.55": {
							"vector": [0, 0, 0]
						},
						"0.65": {
							"vector": [0, -3.28078, 0.19124]
						},
						"0.7333": {
							"vector": [0, -3.28078, 0.19124]
						},
						"0.7833": {
							"vector": [0.38819, -7.44728, -0.76143],
							"easing": "easeInSine"
						},
						"0.9167": {
							"vector": [2.35, -8.78, -0.51]
						},
						"1.1167": {
							"vector": [13.32105, 0.35211, -5.31125],
							"easing": "easeOutSine"
						},
						"1.4167": {
							"vector": [13.56276, -0.57131, -5.39069]
						},
						"1.7333": {
							"vector": [13.56276, -0.57131, -5.39069]
						},
						"1.8667": {
							"vector": [13.87225, -2.65665, -5.0446],
							"easing": "easeInSine"
						},
						"2.05": {
							"vector": [18.09, 0.695, -5.3],
							"easing": "easeOutSine"
						},
						"2.1833": {
							"vector": [18.03, 1.65, -5.3]
						},
						"2.4833": {
							"vector": [17.965, 1.82, -5.3]
						},
						"2.6667": {
							"vector": [11.77226, -2.32379, -14.50158]
						},
						"2.95": {
							"vector": [5.90596, 8.05962, -32.07698]
						},
						"3.0833": {
							"vector": [5.90596, 8.05962, -32.07698]
						},
						"3.2167": {
							"vector": [5.91, 8.06, -21.83],
							"easing": "easeInCubic"
						},
						"3.7167": {
							"vector": [5.91, 8.06, -21.83],
							"easing": "easeInCubic"
						},
						"3.7833": {
							"vector": [5.90596, 8.05962, -32.07698]
						},
						"4.0333": {
							"vector": [5.91, 8.06, -21.83],
							"easing": "easeInCubic"
						},
						"4.1667": {
							"vector": [5.78187, -0.07332, -11.21729]
						},
						"4.3": {
							"vector": [1.68522, -7.91574, -0.1442]
						},
						"4.3667": {
							"vector": [0, -3.28078, 0.19124]
						},
						"4.4667": {
							"vector": [0, -3.28078, 0.19124]
						},
						"4.5667": {
							"vector": [0, -3.28078, 0.19124]
						},
						"4.6333": {
							"vector": [0, 0, 0]
						}
					},
					"scale": {
						"vector": [1, 1, 1]
					}
				},
				"magazine2": {
					"scale": {
						"vector": [0, 0, 0]
					}
				},
				"_camera_": {
					"rotation": {
						"0.0": {
							"vector": [0, 0, 0]
						},
						"0.25": {
							"vector": [3.75047, 0.64326, 0],
							"easing": "easeInSine"
						},
						"0.4667": {
							"vector": [5.50086, 1.49857, 0.06544],
							"easing": "easeOutSine"
						},
						"0.6333": {
							"vector": [6.73978, 0.71387, 0.50864]
						},
						"0.7333": {
							"vector": [6.70994, 0.44651, 0.7393]
						},
						"0.85": {
							"vector": [6.43597, 0.76518, -1.24517]
						},
						"0.9667": {
							"vector": [7.6583, 0.46793, 0.45075]
						},
						"1.2333": {
							"vector": [8.74172, -2.12558, -0.32234],
							"easing": "easeInSine"
						},
						"1.5333": {
							"vector": [8.55949, -3.53819, -0.74342],
							"easing": "easeOutSine"
						},
						"1.9167": {
							"vector": [8.52979, -4.35415, -0.3595]
						},
						"2.25": {
							"vector": [8.53314, -3.62955, -0.3934],
							"easing": "easeInOutSine"
						},
						"2.55": {
							"vector": [8.52681, -2.88785, -0.28198]
						},
						"2.9": {
							"vector": [5.31568, -0.36245, 0.27605]
						},
						"3.15": {
							"vector": [7.32328, -0.13948, -1.45971],
							"easing": "easeInCubic"
						},
						"3.3333": {
							"vector": [6.31053, -0.44059, 1.02207]
						},
						"3.6": {
							"vector": [6.53454, -0.30307, -0.18637]
						},
						"3.7333": {
							"vector": [6.64, -0.33, 0.08]
						},
						"3.8167": {
							"vector": [6.71554, -0.08841, -1.98341]
						},
						"3.95": {
							"vector": [6.81411, -0.38562, 0.52509]
						},
						"4.15": {
							"vector": [6.51277, 0.76008, -0.40902]
						},
						"4.4": {
							"vector": [6.15708, 2.00066, 0.10006]
						},
						"4.6333": {
							"vector": [6.22456, 1.8719, 2.09705],
							"easing": "easeInQuad"
						},
						"4.7333": {
							"vector": [6.15705, 2.02239, 0.10193]
						},
						"4.8667": {
							"vector": [4.68395, 1.0094, 2.08084]
						},
						"5.0833": {
							"vector": [1.24914, -0.01532, 0.29332],
							"easing": "easeInOutSine"
						},
						"5.2333": {
							"vector": [0.44105, -0.00093, -0.7337],
							"easing": "linear"
						},
						"5.4": {
							"vector": [0, 0, 0],
							"easing": "easeOutSine"
						}
					}
				},
				"rightarm": {
					"rotation": {
						"0.0": {
							"vector": [0, 0, 0]
						},
						"0.2833": {
							"vector": [6.97972, -11.02447, -13.63648]
						},
						"1.15": {
							"vector": [6.97972, -11.02447, -13.63648]
						},
						"1.45": {
							"vector": [1.64848, -9.86684, -3.0258]
						},
						"2.7167": {
							"vector": [1.64848, -9.86684, -3.0258]
						},
						"2.9667": {
							"vector": [-7.16766, -1.08712, 15.8902]
						},
						"4.0833": {
							"vector": [-7.16766, -1.08712, 15.8902]
						},
						"4.4": {
							"vector": [6.97972, -11.02447, -13.63648]
						},
						"4.8833": {
							"vector": [6.97972, -11.02447, -13.63648]
						},
						"5.2167": {
							"vector": [0, 0, 0]
						}
					},
					"position": {
						"0.0": {
							"vector": [0, 0, 0]
						},
						"0.2833": {
							"vector": [-1.82855, 0.50657, -0.09896]
						},
						"1.15": {
							"vector": [-1.82855, 0.50657, -0.09896]
						},
						"1.45": {
							"vector": [-2.305, 1.11, -0.1]
						},
						"2.7167": {
							"vector": [-2.305, 1.11, -0.1]
						},
						"2.9667": {
							"vector": [-5.76632, -1.29098, 6.63344]
						},
						"4.0833": {
							"vector": [-5.76632, -1.29098, 6.63344]
						},
						"4.4": {
							"vector": [-1.82855, 0.50657, -0.09896]
						},
						"4.8833": {
							"vector": [-1.82855, 0.50657, -0.09896]
						},
						"5.2167": {
							"vector": [0, 0, 0]
						}
					},
					"scale": {
						"2.7167": {
							"vector": [1, 1, 1]
						},
						"2.9667": {
							"vector": [1.1, 1.3, 1.1]
						},
						"4.0833": {
							"vector": [1.1, 1.3, 1.1]
						},
						"4.4": {
							"vector": [1, 1, 1]
						}
					}
				},
				"charge": {
					"rotation": {
						"vector": [0, 0, 0]
					},
					"position": {
						"3.0833": {
							"vector": [0, 0, 0]
						},
						"3.2167": {
							"vector": [0, 0, 12.75],
							"easing": "easeInCubic"
						},
						"3.7167": {
							"vector": [0, 0, 12.75],
							"easing": "easeInCubic"
						},
						"3.7833": {
							"vector": [0, 0, 0]
						}
					}
				},
				"action": {
					"rotation": {
						"vector": [0, 0, 0]
					},
					"position": {
						"3.0833": {
							"vector": [0, 0, 0]
						},
						"3.2167": {
							"vector": [0, 0, 7.575],
							"easing": "easeInCubic"
						},
						"3.7167": {
							"vector": [0, 0, 7.575],
							"easing": "easeInCubic"
						},
						"3.7833": {
							"vector": [0, 0, 0]
						}
					}
				},
				"bullet": {
					"scale": {
						"vector": [0, 0, 0]
					}
				},
				"bullet2": {
					"scale": {
						"vector": [0, 0, 0]
					}
				}
			},
			"sound_effects": {
				"0.0": {
					"effect": "foley_start"
				},
				"0.4167": {
					"effect": "ak_magout"
				},
				"3.1": {
					"effect": "ak_actionback"
				},
				"3.6833": {
					"effect": "ak_actionforward"
				},
				"4.2833": {
					"effect": "ak_magin"
				},
				"4.8": {
					"effect": "foley_end"
				}
			}
		},
		"animation.model.inspectoneleft": {
			"loop": true,
			"animation_length": 5.9333,
			"bones": {
				"main": {
					"rotation": {
						"0.0": {
							"vector": [0, 0, 0]
						},
						"0.2667": {
							"vector": [-10.9535, 1.04477, -23.18928],
							"easing": "easeInOutSine"
						},
						"0.4167": {
							"vector": [-13.26145, 1.54349, -14.70173],
							"easing": "easeInOutSine"
						},
						"0.65": {
							"vector": [-16.55837, 1.9394, -23.76928]
						},
						"0.8167": {
							"vector": [-19.02874, 4.42504, -16.98214],
							"easing": "easeOutSine"
						},
						"0.95": {
							"vector": [-14.26004, 3.16274, -14.36202]
						},
						"1.0667": {
							"vector": [-14.71736, 4.00136, -10.79386],
							"easing": "easeInOutSine"
						},
						"1.3167": {
							"vector": [-15.56716, 4.64972, -12.26158]
						},
						"1.65": {
							"vector": [-14.75141, 4.25628, -11.34399],
							"easing": "easeOutSine"
						},
						"2.05": {
							"vector": [-14.77537, 4.47294, -11.63896],
							"easing": "easeInOutSine"
						},
						"2.3167": {
							"vector": [-14.73191, 4.72673, -10.98504],
							"easing": "easeInOutSine"
						},
						"2.5833": {
							"vector": [-16.71736, 4.00136, -10.79386],
							"easing": "easeInOutSine"
						},
						"2.9167": {
							"vector": [-1.78323, 8.18768, 51.74136]
						},
						"3.0667": {
							"vector": [0.17835, 8.71463, 48.18276]
						},
						"3.2167": {
							"vector": [-0.74767, 9.18416, 51.97631]
						},
						"3.4": {
							"vector": [-0.19976, 9.18201, 50.71009]
						},
						"3.55": {
							"vector": [0.09817, 9.18265, 52.57687]
						},
						"3.6333": {
							"vector": [0.07508, 9.18378, 52.43216]
						},
						"3.7833": {
							"vector": [0.07545, 9.13779, 46.15939],
							"easing": "easeInQuad"
						},
						"3.8833": {
							"vector": [0.04332, 9.1826, 52.23318]
						},
						"3.9833": {
							"vector": [1.13864, 9.17711, 49.69713]
						},
						"4.4": {
							"vector": [-13.82305, 0.75032, -25.22792],
							"easing": "easeOutSine"
						},
						"4.4833": {
							"vector": [-13.80891, 0.74642, -25.19928],
							"easing": "easeInSine"
						},
						"4.5667": {
							"vector": [-13.02424, -0.39153, -25.94632]
						},
						"4.6667": {
							"vector": [-16.28236, 0.85293, -23.06374],
							"easing": "easeInQuad"
						},
						"4.8": {
							"vector": [-11.38145, 0.86635, -27.58697],
							"easing": "easeOutSine"
						},
						"5.0667": {
							"vector": [3.44156, -0.12814, -1.10011],
							"easing": "easeInOutQuad"
						},
						"5.1833": {
							"vector": [0.20109, 0.65551, -2.33353],
							"easing": "easeOutSine"
						},
						"5.3": {
							"vector": [-0.0691, 0.03793, 0.70671],
							"easing": "easeInOutSine"
						},
						"5.4": {
							"vector": [0, 0, 0],
							"easing": "easeOutSine"
						}
					},
					"position": {
						"0.0": {
							"vector": [0, 0, 0]
						},
						"0.1333": {
							"vector": [-0.38, -2.575, -2.025],
							"easing": "easeInOutSine"
						},
						"0.3333": {
							"vector": [-3.27254, 3.4046, -8.60332],
							"easing": "easeInSine"
						},
						"0.4333": {
							"vector": [-3.81473, 5.3507, -8.20875],
							"easing": "easeInOutSine"
						},
						"0.55": {
							"vector": [-4.20377, 5.05176, -6.87518],
							"easing": "easeOutCubic"
						},
						"0.6667": {
							"vector": [-4.28213, 6.92185, -6.43589],
							"easing": "easeInOutSine"
						},
						"0.8167": {
							"vector": [-3.39203, 2.93719, -4.33071],
							"easing": "easeInQuad"
						},
						"1.0167": {
							"vector": [-3.25926, 5.05253, -4.6635],
							"easing": "easeInOutSine"
						},
						"1.2667": {
							"vector": [-3.20259, 3.63864, -3.21854],
							"easing": "easeOutSine"
						},
						"1.5167": {
							"vector": [-3.22475, 4.62656, -3.55984]
						},
						"1.8167": {
							"vector": [-3.23883, 4.25904, -3.46618],
							"easing": "easeInOutSine"
						},
						"2.0833": {
							"vector": [-3.26, 4.495, -3.47]
						},
						"2.4": {
							"vector": [-3.26, 4.495, -3.47]
						},
						"2.7333": {
							"vector": [-0.62, -5.77, -3.45],
							"easing": "easeInSine"
						},
						"2.9833": {
							"vector": [3.915, 2.345, -4.175],
							"easing": "easeInOutSine"
						},
						"3.15": {
							"vector": [3.92, 1.34, -2.03],
							"easing": "easeInQuad"
						},
						"3.3": {
							"vector": [3.97, 1.84, -3.255],
							"easing": "easeOutSine"
						},
						"3.45": {
							"vector": [3.97, 1.74, -3.09]
						},
						"3.65": {
							"vector": [3.97, 1.79, -2.63]
						},
						"3.7667": {
							"vector": [3.97, 1.54, -4.305],
							"easing": "easeInCubic"
						},
						"3.9167": {
							"vector": [3.97, 1.79, -3.03],
							"easing": "easeOutSine"
						},
						"4.1167": {
							"vector": [-1.80595, -4.02948, -3.57398]
						},
						"4.3167": {
							"vector": [-3.18609, 5.13192, -3.26639],
							"easing": "easeOutSine"
						},
						"4.5333": {
							"vector": [-3.46661, 6.96953, -3.26376],
							"easing": "easeOutQuad"
						},
						"4.65": {
							"vector": [-2.90359, 4.51095, -4.18793],
							"easing": "easeInQuad"
						},
						"4.7333": {
							"vector": [-3.13188, 5.62966, -3.99873]
						},
						"4.9833": {
							"vector": [-0.28, 0.155, -3.395],
							"easing": "easeInSine"
						},
						"5.1": {
							"vector": [-0.15, -0.87, 0.69],
							"easing": "easeOutSine"
						},
						"5.2667": {
							"vector": [0, -0.225, -0.45],
							"easing": "easeInOutSine"
						},
						"5.4": {
							"vector": [0, 0, 0],
							"easing": "easeOutSine"
						}
					}
				},
				"leftarm": {
					"rotation": {
						"0.0": {
							"vector": [0, 0, 0]
						},
						"0.1833": {
							"vector": [14.54032, 1.93778, -15.1221]
						},
						"0.35": {
							"vector": [0, 0, 0]
						},
						"0.55": {
							"vector": [-1.80334, -1.36553, -1.47449]
						},
						"0.65": {
							"vector": [-13.25, 0, 0]
						},
						"0.7333": {
							"vector": [-13.45795, 3.05366, 2.18679]
						},
						"0.9167": {
							"vector": [-14.11042, -2.08785, 5.61828],
							"easing": "easeInSine"
						},
						"1.1167": {
							"vector": [-14.46529, -3.50607, 7.70749],
							"easing": "easeOutSine"
						},
						"1.7333": {
							"vector": [-14.51647, -3.09328, 7.99425],
							"easing": "easeOutSine"
						},
						"1.8667": {
							"vector": [-15.28217, 3.26014, 18.33765],
							"easing": "easeInSine"
						},
						"1.95": {
							"vector": [-13.9878, 17.24801, 29.06798]
						},
						"2.05": {
							"vector": [-10.31023, 39.80701, 46.06117],
							"easing": "easeOutSine"
						},
						"2.1833": {
							"vector": [-9.14442, 41.94089, 48.15125]
						},
						"2.4833": {
							"vector": [-10.41022, 39.61132, 45.87624]
						},
						"2.95": {
							"vector": [7.08978, 39.61132, 45.87624]
						},
						"3.0833": {
							"vector": [7.08978, 39.61132, 45.87624]
						},
						"4.0333": {
							"vector": [7.08978, 39.61132, 45.87624]
						},
						"4.2167": {
							"vector": [-3.90725, 0.16817, 2.48475],
							"easing": "easeOutSine"
						},
						"4.3667": {
							"vector": [-3.90725, 0.16817, 2.48475],
							"easing": "easeOutSine"
						},
						"4.4667": {
							"vector": [-3.08616, -0.51814, 2.50403]
						},
						"4.5667": {
							"vector": [-3.5557, 0.86434, 6.07698]
						},
						"4.6333": {
							"vector": [7.89698, 0.59273, 4.39618]
						},
						"4.7833": {
							"vector": [8.30597, -1.45314, 1.22676]
						},
						"4.9833": {
							"vector": [0, 0, 0]
						}
					},
					"position": {
						"0.0": {
							"vector": [0, 0, 0]
						},
						"0.1833": {
							"vector": [11.9707, -8.9512, 32.05127]
						},
						"0.35": {
							"vector": [-0.44347, -10.30098, 31.55825]
						},
						"0.55": {
							"vector": [0.41323, -9.38825, 31.9563]
						},
						"0.65": {
							"vector": [2.36431, -13.2436, 29.5426]
						},
						"0.7333": {
							"vector": [1.72091, -12.64308, 30.32085]
						},
						"0.7833": {
							"vector": [1.79, -16.04, 30.16]
						},
						"0.9167": {
							"vector": [2.47017, -18.67534, 28.88492],
							"easing": "easeInSine"
						},
						"1.1167": {
							"vector": [13.47, -8.68, 21.88],
							"easing": "easeOutSine"
						},
						"1.4167": {
							"vector": [13.72, -9.48, 21.88]
						},
						"1.7333": {
							"vector": [13.72, -9.48, 21.88]
						},
						"1.8667": {
							"vector": [13.47, -12.905, 21.88],
							"easing": "easeInSine"
						},
						"2.05": {
							"vector": [12.57, -11.435, 20.655],
							"easing": "easeOutSine"
						},
						"2.1833": {
							"vector": [12.77109, -10.45521, 21.05911]
						},
						"2.4833": {
							"vector": [12.87603, -10.13855, 20.99171]
						},
						"2.6667": {
							"vector": [9.89226, -13.08379, 14.35842]
						},
						"2.95": {
							"vector": [9.0482, -0.97602, 0.32896]
						},
						"3.0833": {
							"vector": [9.0482, -0.97602, 0.32896]
						},
						"3.2167": {
							"vector": [9.05, -0.98, 8.58],
							"easing": "easeInCubic"
						},
						"3.7167": {
							"vector": [9.05, -0.98, 8.58],
							"easing": "easeInCubic"
						},
						"3.7833": {
							"vector": [9.0482, -0.97602, 0.32896]
						},
						"4.0333": {
							"vector": [9.05, -0.98, 11.58],
							"easing": "easeInCubic"
						},
						"4.1667": {
							"vector": [6.86893, -12.71566, 20.38226]
						},
						"4.2167": {
							"vector": [5.53744, -12.91596, 24.43807]
						},
						"4.3": {
							"vector": [2.95, -17.44, 31.95]
						},
						"4.3667": {
							"vector": [-0.52516, -12.56685, 30.66161],
							"easing": "easeOutSine"
						},
						"4.4667": {
							"vector": [-0.69415, -12.863, 31.99068]
						},
						"4.5667": {
							"vector": [-0.71615, -13.73281, 31.98395]
						},
						"4.6333": {
							"vector": [-2.82211, -10.20536, 30.53272]
						},
						"4.7833": {
							"vector": [-2.59711, -10.20536, 30.53272]
						},
						"4.8667": {
							"vector": [4.72209, -9.71814, 16.20267]
						},
						"4.9833": {
							"vector": [0, 0, 0]
						}
					},
					"scale": {
						"2.4833": {
							"vector": [1, 1, 1]
						},
						"2.95": {
							"vector": [1.2, 1.4, 1.2]
						},
						"4.0333": {
							"vector": [1.2, 1.4, 1.2]
						},
						"4.2667": {
							"vector": [1, 1, 1]
						}
					}
				},
				"magazine": {
					"rotation": {
						"0.0": {
							"vector": [0, 0, 0]
						},
						"0.55": {
							"vector": [0, 0, 0]
						},
						"0.65": {
							"vector": [18, 0, 0]
						},
						"0.7333": {
							"vector": [18, 0, 0]
						},
						"1.1833": {
							"vector": [-20.66303, -11.42268, -16.17407],
							"easing": "easeOutSine"
						},
						"1.4167": {
							"vector": [-20.73612, -10.22215, -15.81967]
						},
						"1.8": {
							"vector": [-20.66712, -9.52064, -16.08853],
							"easing": "easeOutSine"
						},
						"2.1": {
							"vector": [-8.00084, 14.97453, 30.88374],
							"easing": "easeInOutSine"
						},
						"2.4833": {
							"vector": [-9.07051, 15.90194, 26.80566],
							"easing": "easeOutSine"
						},
						"2.95": {
							"vector": [-13.73022, 10.87596, 6.8937]
						},
						"3.0833": {
							"vector": [-13.73022, 10.87596, 6.8937]
						},
						"4.0333": {
							"vector": [-13.73022, 10.87596, 6.8937]
						},
						"4.3667": {
							"vector": [12, 0, 0]
						},
						"4.4667": {
							"vector": [18, 0, 0]
						},
						"4.5667": {
							"vector": [18.5, 0, 0]
						},
						"4.6333": {
							"vector": [0, 0, 0]
						}
					},
					"position": {
						"0.0": {
							"vector": [0, 0, 0]
						},
						"0.55": {
							"vector": [0, 0, 0]
						},
						"0.65": {
							"vector": [0, -3.28078, 0.19124]
						},
						"0.7333": {
							"vector": [0, -3.28078, 0.19124]
						},
						"0.7833": {
							"vector": [0.38819, -7.44728, -0.76143],
							"easing": "easeInSine"
						},
						"0.9167": {
							"vector": [2.35, -8.78, -0.51]
						},
						"1.1167": {
							"vector": [13.32105, 0.35211, -5.31125],
							"easing": "easeOutSine"
						},
						"1.4167": {
							"vector": [13.56276, -0.57131, -5.39069]
						},
						"1.7333": {
							"vector": [13.56276, -0.57131, -5.39069]
						},
						"1.8667": {
							"vector": [13.87225, -2.65665, -5.0446],
							"easing": "easeInSine"
						},
						"2.05": {
							"vector": [18.09, 0.695, -5.3],
							"easing": "easeOutSine"
						},
						"2.1833": {
							"vector": [18.03, 1.65, -5.3]
						},
						"2.4833": {
							"vector": [17.965, 1.82, -5.3]
						},
						"2.6667": {
							"vector": [11.77226, -2.32379, -14.50158]
						},
						"2.95": {
							"vector": [5.90596, 8.05962, -32.07698]
						},
						"3.0833": {
							"vector": [5.90596, 8.05962, -32.07698]
						},
						"3.2167": {
							"vector": [5.91, 8.06, -24.83],
							"easing": "easeInCubic"
						},
						"3.7167": {
							"vector": [5.91, 8.06, -24.83],
							"easing": "easeInCubic"
						},
						"3.7833": {
							"vector": [5.90596, 8.05962, -32.07698]
						},
						"4.0333": {
							"vector": [5.91, 8.06, -21.83],
							"easing": "easeInCubic"
						},
						"4.1667": {
							"vector": [5.78187, -0.07332, -11.21729]
						},
						"4.3": {
							"vector": [1.68522, -7.91574, -0.1442]
						},
						"4.3667": {
							"vector": [0, -3.28078, 0.19124]
						},
						"4.4667": {
							"vector": [0, -3.28078, 0.19124]
						},
						"4.5667": {
							"vector": [0, -3.28078, 0.19124]
						},
						"4.6333": {
							"vector": [0, 0, 0]
						}
					},
					"scale": {
						"vector": [1, 1, 1]
					}
				},
				"magazine2": {
					"scale": {
						"vector": [0, 0, 0]
					}
				},
				"_camera_": {
					"rotation": {
						"0.0": {
							"vector": [0, 0, 0]
						},
						"0.25": {
							"vector": [3.75047, 0.64326, 0],
							"easing": "easeInSine"
						},
						"0.4667": {
							"vector": [5.50086, 1.49857, 0.06544],
							"easing": "easeOutSine"
						},
						"0.6333": {
							"vector": [6.73978, 0.71387, 0.50864]
						},
						"0.7333": {
							"vector": [6.70994, 0.44651, 0.7393]
						},
						"0.85": {
							"vector": [6.43597, 0.76518, -1.24517]
						},
						"0.9667": {
							"vector": [7.6583, 0.46793, 0.45075]
						},
						"1.2333": {
							"vector": [8.74172, -2.12558, -0.32234],
							"easing": "easeInSine"
						},
						"1.5333": {
							"vector": [8.55949, -3.53819, -0.74342],
							"easing": "easeOutSine"
						},
						"1.9167": {
							"vector": [8.52979, -4.35415, -0.3595]
						},
						"2.25": {
							"vector": [8.53314, -3.62955, -0.3934],
							"easing": "easeInOutSine"
						},
						"2.55": {
							"vector": [8.52681, -2.88785, -0.28198]
						},
						"2.9": {
							"vector": [5.31568, -0.36245, 0.27605]
						},
						"3.15": {
							"vector": [7.32328, -0.13948, -1.45971],
							"easing": "easeInCubic"
						},
						"3.3333": {
							"vector": [6.31053, -0.44059, 1.02207]
						},
						"3.6": {
							"vector": [6.53454, -0.30307, -0.18637]
						},
						"3.7333": {
							"vector": [6.64, -0.33, 0.08]
						},
						"3.8167": {
							"vector": [6.71554, -0.08841, -1.98341]
						},
						"3.95": {
							"vector": [6.81411, -0.38562, 0.52509]
						},
						"4.15": {
							"vector": [6.51277, 0.76008, -0.40902]
						},
						"4.4": {
							"vector": [6.15708, 2.00066, 0.10006]
						},
						"4.6333": {
							"vector": [6.22456, 1.8719, 2.09705],
							"easing": "easeInQuad"
						},
						"4.7333": {
							"vector": [6.15705, 2.02239, 0.10193]
						},
						"4.8667": {
							"vector": [4.68395, 1.0094, 2.08084]
						},
						"5.0833": {
							"vector": [1.24914, -0.01532, 0.29332],
							"easing": "easeInOutSine"
						},
						"5.2333": {
							"vector": [0.44105, -0.00093, -0.7337],
							"easing": "linear"
						},
						"5.4": {
							"vector": [0, 0, 0],
							"easing": "easeOutSine"
						}
					}
				},
				"rightarm": {
					"rotation": {
						"0.0": {
							"vector": [0, 0, 0]
						},
						"0.2833": {
							"vector": [6.97972, -11.02447, -13.63648]
						},
						"1.15": {
							"vector": [6.97972, -11.02447, -13.63648]
						},
						"1.45": {
							"vector": [1.64848, -9.86684, -3.0258]
						},
						"2.7167": {
							"vector": [1.64848, -9.86684, -3.0258]
						},
						"2.9667": {
							"vector": [-7.16766, -1.08712, 15.8902]
						},
						"4.0833": {
							"vector": [-7.16766, -1.08712, 15.8902]
						},
						"4.4": {
							"vector": [6.97972, -11.02447, -13.63648]
						},
						"4.8833": {
							"vector": [6.97972, -11.02447, -13.63648]
						},
						"5.2167": {
							"vector": [0, 0, 0]
						}
					},
					"position": {
						"0.0": {
							"vector": [0, 0, 0]
						},
						"0.2833": {
							"vector": [-1.82855, 0.50657, -0.09896]
						},
						"1.15": {
							"vector": [-1.82855, 0.50657, -0.09896]
						},
						"1.45": {
							"vector": [-2.305, 1.11, -0.1]
						},
						"2.7167": {
							"vector": [-2.305, 1.11, -0.1]
						},
						"2.9667": {
							"vector": [-5.76632, -1.29098, 6.63344]
						},
						"4.0833": {
							"vector": [-5.76632, -1.29098, 6.63344]
						},
						"4.4": {
							"vector": [-1.82855, 0.50657, -0.09896]
						},
						"4.8833": {
							"vector": [-1.82855, 0.50657, -0.09896]
						},
						"5.2167": {
							"vector": [0, 0, 0]
						}
					},
					"scale": {
						"2.7167": {
							"vector": [1, 1, 1]
						},
						"2.9667": {
							"vector": [1.1, 1.3, 1.1]
						},
						"4.0833": {
							"vector": [1.1, 1.3, 1.1]
						},
						"4.4": {
							"vector": [1, 1, 1]
						}
					}
				},
				"charge": {
					"rotation": {
						"vector": [0, 0, 0]
					},
					"position": {
						"3.0833": {
							"vector": [0, 0, 0]
						},
						"3.2167": {
							"vector": [0, 0, 9.75],
							"easing": "easeInCubic"
						},
						"3.7167": {
							"vector": [0, 0, 9.75],
							"easing": "easeInCubic"
						},
						"3.7833": {
							"vector": [0, 0, 0]
						}
					}
				},
				"action": {
					"rotation": {
						"vector": [0, 0, 0]
					},
					"position": {
						"3.0833": {
							"vector": [0, 0, 0]
						},
						"3.2167": {
							"vector": [0, 0, 5.075],
							"easing": "easeInCubic"
						},
						"3.7167": {
							"vector": [0, 0, 5.075],
							"easing": "easeInCubic"
						},
						"3.7833": {
							"vector": [0, 0, 0]
						}
					}
				},
				"bullet": {
					"scale": {
						"vector": [0, 0, 0]
					}
				}
			},
			"sound_effects": {
				"0.0": {
					"effect": "foley_start"
				},
				"0.4167": {
					"effect": "ak_magout"
				},
				"3.1": {
					"effect": "ak_actionback"
				},
				"3.6833": {
					"effect": "ak_actionforward"
				},
				"4.2833": {
					"effect": "ak_magin"
				},
				"4.8": {
					"effect": "foley_end"
				}
			}
		},
		"animation.model.inspect": {
			"loop": true,
			"animation_length": 5.9333,
			"bones": {
				"main": {
					"rotation": {
						"0.0": {
							"vector": [0, 0, 0]
						},
						"0.2667": {
							"vector": [-10.9535, 1.04477, -23.18928],
							"easing": "easeInOutSine"
						},
						"0.4167": {
							"vector": [-13.26145, 1.54349, -14.70173],
							"easing": "easeInOutSine"
						},
						"0.65": {
							"vector": [-16.55837, 1.9394, -23.76928]
						},
						"0.8167": {
							"vector": [-19.02874, 4.42504, -16.98214],
							"easing": "easeOutSine"
						},
						"0.95": {
							"vector": [-14.26004, 3.16274, -14.36202]
						},
						"1.0667": {
							"vector": [-14.71736, 4.00136, -10.79386],
							"easing": "easeInOutSine"
						},
						"1.3167": {
							"vector": [-15.56716, 4.64972, -12.26158]
						},
						"1.65": {
							"vector": [-14.75141, 4.25628, -11.34399],
							"easing": "easeOutSine"
						},
						"2.05": {
							"vector": [-14.77537, 4.47294, -11.63896],
							"easing": "easeInOutSine"
						},
						"2.3167": {
							"vector": [-14.73191, 4.72673, -10.98504],
							"easing": "easeInOutSine"
						},
						"2.5833": {
							"vector": [-16.71736, 4.00136, -10.79386],
							"easing": "easeInOutSine"
						},
						"2.9167": {
							"vector": [-1.78323, 8.18768, 51.74136]
						},
						"3.0667": {
							"vector": [0.17835, 8.71463, 48.18276]
						},
						"3.2167": {
							"vector": [-0.74767, 9.18416, 51.97631]
						},
						"3.4": {
							"vector": [-0.19976, 9.18201, 50.71009]
						},
						"3.55": {
							"vector": [0.09817, 9.18265, 52.57687]
						},
						"3.6333": {
							"vector": [0.07508, 9.18378, 52.43216]
						},
						"3.7833": {
							"vector": [0.07545, 9.13779, 46.15939],
							"easing": "easeInQuad"
						},
						"3.8833": {
							"vector": [0.04332, 9.1826, 52.23318]
						},
						"3.9833": {
							"vector": [1.13864, 9.17711, 49.69713]
						},
						"4.4": {
							"vector": [-13.82305, 0.75032, -25.22792],
							"easing": "easeOutSine"
						},
						"4.4833": {
							"vector": [-13.80891, 0.74642, -25.19928],
							"easing": "easeInSine"
						},
						"4.5667": {
							"vector": [-13.02424, -0.39153, -25.94632]
						},
						"4.6667": {
							"vector": [-16.28236, 0.85293, -23.06374],
							"easing": "easeInQuad"
						},
						"4.8": {
							"vector": [-11.38145, 0.86635, -27.58697],
							"easing": "easeOutSine"
						},
						"5.0667": {
							"vector": [3.44156, -0.12814, -1.10011],
							"easing": "easeInOutQuad"
						},
						"5.1833": {
							"vector": [0.20109, 0.65551, -2.33353],
							"easing": "easeOutSine"
						},
						"5.3": {
							"vector": [-0.0691, 0.03793, 0.70671],
							"easing": "easeInOutSine"
						},
						"5.4": {
							"vector": [0, 0, 0],
							"easing": "easeOutSine"
						}
					},
					"position": {
						"0.0": {
							"vector": [0, 0, 0]
						},
						"0.1333": {
							"vector": [-0.38, -2.575, -2.025],
							"easing": "easeInOutSine"
						},
						"0.3333": {
							"vector": [-3.27254, 3.4046, -8.60332],
							"easing": "easeInSine"
						},
						"0.4333": {
							"vector": [-3.81473, 5.3507, -8.20875],
							"easing": "easeInOutSine"
						},
						"0.55": {
							"vector": [-4.20377, 5.05176, -6.87518],
							"easing": "easeOutCubic"
						},
						"0.6667": {
							"vector": [-4.28213, 6.92185, -6.43589],
							"easing": "easeInOutSine"
						},
						"0.8167": {
							"vector": [-3.39203, 2.93719, -4.33071],
							"easing": "easeInQuad"
						},
						"1.0167": {
							"vector": [-3.25926, 5.05253, -4.6635],
							"easing": "easeInOutSine"
						},
						"1.2667": {
							"vector": [-3.20259, 3.63864, -3.21854],
							"easing": "easeOutSine"
						},
						"1.5167": {
							"vector": [-3.22475, 4.62656, -3.55984]
						},
						"1.8167": {
							"vector": [-3.23883, 4.25904, -3.46618],
							"easing": "easeInOutSine"
						},
						"2.0833": {
							"vector": [-3.26, 4.495, -3.47]
						},
						"2.4": {
							"vector": [-3.26, 4.495, -3.47]
						},
						"2.7333": {
							"vector": [-0.62, -5.77, -3.45],
							"easing": "easeInSine"
						},
						"2.9833": {
							"vector": [3.915, 2.345, -4.175],
							"easing": "easeInOutSine"
						},
						"3.15": {
							"vector": [3.92, 1.34, -2.03],
							"easing": "easeInQuad"
						},
						"3.3": {
							"vector": [3.97, 1.84, -3.255],
							"easing": "easeOutSine"
						},
						"3.45": {
							"vector": [3.97, 1.74, -3.09]
						},
						"3.65": {
							"vector": [3.97, 1.79, -2.63]
						},
						"3.7667": {
							"vector": [3.97, 1.54, -4.305],
							"easing": "easeInCubic"
						},
						"3.9167": {
							"vector": [3.97, 1.79, -3.03],
							"easing": "easeOutSine"
						},
						"4.1167": {
							"vector": [-1.80595, -4.02948, -3.57398]
						},
						"4.3167": {
							"vector": [-3.18609, 5.13192, -3.26639],
							"easing": "easeOutSine"
						},
						"4.5333": {
							"vector": [-3.46661, 6.96953, -3.26376],
							"easing": "easeOutQuad"
						},
						"4.65": {
							"vector": [-2.90359, 4.51095, -4.18793],
							"easing": "easeInQuad"
						},
						"4.7333": {
							"vector": [-3.13188, 5.62966, -3.99873]
						},
						"4.9833": {
							"vector": [-0.28, 0.155, -3.395],
							"easing": "easeInSine"
						},
						"5.1": {
							"vector": [-0.15, -0.87, 0.69],
							"easing": "easeOutSine"
						},
						"5.2667": {
							"vector": [0, -0.225, -0.45],
							"easing": "easeInOutSine"
						},
						"5.4": {
							"vector": [0, 0, 0],
							"easing": "easeOutSine"
						}
					}
				},
				"leftarm": {
					"rotation": {
						"0.0": {
							"vector": [0, 0, 0]
						},
						"0.1833": {
							"vector": [14.54032, 1.93778, -15.1221]
						},
						"0.35": {
							"vector": [0, 0, 0]
						},
						"0.55": {
							"vector": [-1.80334, -1.36553, -1.47449]
						},
						"0.65": {
							"vector": [-13.25, 0, 0]
						},
						"0.7333": {
							"vector": [-13.45795, 3.05366, 2.18679]
						},
						"0.9167": {
							"vector": [-14.11042, -2.08785, 5.61828],
							"easing": "easeInSine"
						},
						"1.1167": {
							"vector": [-14.46529, -3.50607, 7.70749],
							"easing": "easeOutSine"
						},
						"1.7333": {
							"vector": [-14.51647, -3.09328, 7.99425],
							"easing": "easeOutSine"
						},
						"1.8667": {
							"vector": [-15.28217, 3.26014, 18.33765],
							"easing": "easeInSine"
						},
						"1.95": {
							"vector": [-13.9878, 17.24801, 29.06798]
						},
						"2.05": {
							"vector": [-10.31023, 39.80701, 46.06117],
							"easing": "easeOutSine"
						},
						"2.1833": {
							"vector": [-9.14442, 41.94089, 48.15125]
						},
						"2.4833": {
							"vector": [-10.41022, 39.61132, 45.87624]
						},
						"2.95": {
							"vector": [7.08978, 39.61132, 45.87624]
						},
						"3.0833": {
							"vector": [7.08978, 39.61132, 45.87624]
						},
						"4.0333": {
							"vector": [7.08978, 39.61132, 45.87624]
						},
						"4.2167": {
							"vector": [-3.90725, 0.16817, 2.48475],
							"easing": "easeOutSine"
						},
						"4.3667": {
							"vector": [-3.90725, 0.16817, 2.48475],
							"easing": "easeOutSine"
						},
						"4.4667": {
							"vector": [-3.08616, -0.51814, 2.50403]
						},
						"4.5667": {
							"vector": [-3.5557, 0.86434, 6.07698]
						},
						"4.6333": {
							"vector": [7.89698, 0.59273, 4.39618]
						},
						"4.7833": {
							"vector": [8.30597, -1.45314, 1.22676]
						},
						"4.9833": {
							"vector": [0, 0, 0]
						}
					},
					"position": {
						"0.0": {
							"vector": [0, 0, 0]
						},
						"0.1833": {
							"vector": [11.9707, -8.9512, 32.05127]
						},
						"0.35": {
							"vector": [-0.44347, -10.30098, 31.55825]
						},
						"0.55": {
							"vector": [0.41323, -9.38825, 31.9563]
						},
						"0.65": {
							"vector": [2.36431, -13.2436, 29.5426]
						},
						"0.7333": {
							"vector": [1.72091, -12.64308, 30.32085]
						},
						"0.7833": {
							"vector": [1.79, -16.04, 30.16]
						},
						"0.9167": {
							"vector": [2.47017, -18.67534, 28.88492],
							"easing": "easeInSine"
						},
						"1.1167": {
							"vector": [13.47, -8.68, 21.88],
							"easing": "easeOutSine"
						},
						"1.4167": {
							"vector": [13.72, -9.48, 21.88]
						},
						"1.7333": {
							"vector": [13.72, -9.48, 21.88]
						},
						"1.8667": {
							"vector": [13.47, -12.905, 21.88],
							"easing": "easeInSine"
						},
						"2.05": {
							"vector": [12.57, -11.435, 20.655],
							"easing": "easeOutSine"
						},
						"2.1833": {
							"vector": [12.77109, -10.45521, 21.05911]
						},
						"2.4833": {
							"vector": [12.87603, -10.13855, 20.99171]
						},
						"2.6667": {
							"vector": [9.89226, -13.08379, 14.35842]
						},
						"2.95": {
							"vector": [9.0482, -0.97602, 0.32896]
						},
						"3.0833": {
							"vector": [9.0482, -0.97602, 0.32896]
						},
						"3.2167": {
							"vector": [9.05, -0.98, 8.58],
							"easing": "easeInCubic"
						},
						"3.7167": {
							"vector": [9.05, -0.98, 8.58],
							"easing": "easeInCubic"
						},
						"3.7833": {
							"vector": [9.0482, -0.97602, 0.32896]
						},
						"4.0333": {
							"vector": [9.05, -0.98, 11.58],
							"easing": "easeInCubic"
						},
						"4.1667": {
							"vector": [6.86893, -12.71566, 20.38226]
						},
						"4.2167": {
							"vector": [5.53744, -12.91596, 24.43807]
						},
						"4.3": {
							"vector": [2.95, -17.44, 31.95]
						},
						"4.3667": {
							"vector": [-0.52516, -12.56685, 30.66161],
							"easing": "easeOutSine"
						},
						"4.4667": {
							"vector": [-0.69415, -12.863, 31.99068]
						},
						"4.5667": {
							"vector": [-0.71615, -13.73281, 31.98395]
						},
						"4.6333": {
							"vector": [-2.82211, -10.20536, 30.53272]
						},
						"4.7833": {
							"vector": [-2.59711, -10.20536, 30.53272]
						},
						"4.8667": {
							"vector": [4.72209, -9.71814, 16.20267]
						},
						"4.9833": {
							"vector": [0, 0, 0]
						}
					},
					"scale": {
						"2.4833": {
							"vector": [1, 1, 1]
						},
						"2.95": {
							"vector": [1.2, 1.4, 1.2]
						},
						"4.0333": {
							"vector": [1.2, 1.4, 1.2]
						},
						"4.2667": {
							"vector": [1, 1, 1]
						}
					}
				},
				"magazine": {
					"rotation": {
						"0.0": {
							"vector": [0, 0, 0]
						},
						"0.55": {
							"vector": [0, 0, 0]
						},
						"0.65": {
							"vector": [18, 0, 0]
						},
						"0.7333": {
							"vector": [18, 0, 0]
						},
						"1.1833": {
							"vector": [-20.66303, -11.42268, -16.17407],
							"easing": "easeOutSine"
						},
						"1.4167": {
							"vector": [-20.73612, -10.22215, -15.81967]
						},
						"1.8": {
							"vector": [-20.66712, -9.52064, -16.08853],
							"easing": "easeOutSine"
						},
						"2.1": {
							"vector": [-8.00084, 14.97453, 30.88374],
							"easing": "easeInOutSine"
						},
						"2.4833": {
							"vector": [-9.07051, 15.90194, 26.80566],
							"easing": "easeOutSine"
						},
						"2.95": {
							"vector": [-13.73022, 10.87596, 6.8937]
						},
						"3.0833": {
							"vector": [-13.73022, 10.87596, 6.8937]
						},
						"4.0333": {
							"vector": [-13.73022, 10.87596, 6.8937]
						},
						"4.3667": {
							"vector": [12, 0, 0]
						},
						"4.4667": {
							"vector": [18, 0, 0]
						},
						"4.5667": {
							"vector": [18.5, 0, 0]
						},
						"4.6333": {
							"vector": [0, 0, 0]
						}
					},
					"position": {
						"0.0": {
							"vector": [0, 0, 0]
						},
						"0.55": {
							"vector": [0, 0, 0]
						},
						"0.65": {
							"vector": [0, -3.28078, 0.19124]
						},
						"0.7333": {
							"vector": [0, -3.28078, 0.19124]
						},
						"0.7833": {
							"vector": [0.38819, -7.44728, -0.76143],
							"easing": "easeInSine"
						},
						"0.9167": {
							"vector": [2.35, -8.78, -0.51]
						},
						"1.1167": {
							"vector": [13.32105, 0.35211, -5.31125],
							"easing": "easeOutSine"
						},
						"1.4167": {
							"vector": [13.56276, -0.57131, -5.39069]
						},
						"1.7333": {
							"vector": [13.56276, -0.57131, -5.39069]
						},
						"1.8667": {
							"vector": [13.87225, -2.65665, -5.0446],
							"easing": "easeInSine"
						},
						"2.05": {
							"vector": [18.09, 0.695, -5.3],
							"easing": "easeOutSine"
						},
						"2.1833": {
							"vector": [18.03, 1.65, -5.3]
						},
						"2.4833": {
							"vector": [17.965, 1.82, -5.3]
						},
						"2.6667": {
							"vector": [11.77226, -2.32379, -14.50158]
						},
						"2.95": {
							"vector": [5.90596, 8.05962, -32.07698]
						},
						"3.0833": {
							"vector": [5.90596, 8.05962, -32.07698]
						},
						"3.2167": {
							"vector": [5.91, 8.06, -24.83],
							"easing": "easeInCubic"
						},
						"3.7167": {
							"vector": [5.91, 8.06, -24.83],
							"easing": "easeInCubic"
						},
						"3.7833": {
							"vector": [5.90596, 8.05962, -32.07698]
						},
						"4.0333": {
							"vector": [5.91, 8.06, -21.83],
							"easing": "easeInCubic"
						},
						"4.1667": {
							"vector": [5.78187, -0.07332, -11.21729]
						},
						"4.3": {
							"vector": [1.68522, -7.91574, -0.1442]
						},
						"4.3667": {
							"vector": [0, -3.28078, 0.19124]
						},
						"4.4667": {
							"vector": [0, -3.28078, 0.19124]
						},
						"4.5667": {
							"vector": [0, -3.28078, 0.19124]
						},
						"4.6333": {
							"vector": [0, 0, 0]
						}
					},
					"scale": {
						"vector": [1, 1, 1]
					}
				},
				"magazine2": {
					"scale": {
						"vector": [0, 0, 0]
					}
				},
				"_camera_": {
					"rotation": {
						"0.0": {
							"vector": [0, 0, 0]
						},
						"0.25": {
							"vector": [3.75047, 0.64326, 0],
							"easing": "easeInSine"
						},
						"0.4667": {
							"vector": [5.50086, 1.49857, 0.06544],
							"easing": "easeOutSine"
						},
						"0.6333": {
							"vector": [6.73978, 0.71387, 0.50864]
						},
						"0.7333": {
							"vector": [6.70994, 0.44651, 0.7393]
						},
						"0.85": {
							"vector": [6.43597, 0.76518, -1.24517]
						},
						"0.9667": {
							"vector": [7.6583, 0.46793, 0.45075]
						},
						"1.2333": {
							"vector": [8.74172, -2.12558, -0.32234],
							"easing": "easeInSine"
						},
						"1.5333": {
							"vector": [8.55949, -3.53819, -0.74342],
							"easing": "easeOutSine"
						},
						"1.9167": {
							"vector": [8.52979, -4.35415, -0.3595]
						},
						"2.25": {
							"vector": [8.53314, -3.62955, -0.3934],
							"easing": "easeInOutSine"
						},
						"2.55": {
							"vector": [8.52681, -2.88785, -0.28198]
						},
						"2.9": {
							"vector": [5.31568, -0.36245, 0.27605]
						},
						"3.15": {
							"vector": [7.32328, -0.13948, -1.45971],
							"easing": "easeInCubic"
						},
						"3.3333": {
							"vector": [6.31053, -0.44059, 1.02207]
						},
						"3.6": {
							"vector": [6.53454, -0.30307, -0.18637]
						},
						"3.7333": {
							"vector": [6.64, -0.33, 0.08]
						},
						"3.8167": {
							"vector": [6.71554, -0.08841, -1.98341]
						},
						"3.95": {
							"vector": [6.81411, -0.38562, 0.52509]
						},
						"4.15": {
							"vector": [6.51277, 0.76008, -0.40902]
						},
						"4.4": {
							"vector": [6.15708, 2.00066, 0.10006]
						},
						"4.6333": {
							"vector": [6.22456, 1.8719, 2.09705],
							"easing": "easeInQuad"
						},
						"4.7333": {
							"vector": [6.15705, 2.02239, 0.10193]
						},
						"4.8667": {
							"vector": [4.68395, 1.0094, 2.08084]
						},
						"5.0833": {
							"vector": [1.24914, -0.01532, 0.29332],
							"easing": "easeInOutSine"
						},
						"5.2333": {
							"vector": [0.44105, -0.00093, -0.7337],
							"easing": "linear"
						},
						"5.4": {
							"vector": [0, 0, 0],
							"easing": "easeOutSine"
						}
					}
				},
				"rightarm": {
					"rotation": {
						"0.0": {
							"vector": [0, 0, 0]
						},
						"0.2833": {
							"vector": [6.97972, -11.02447, -13.63648]
						},
						"1.15": {
							"vector": [6.97972, -11.02447, -13.63648]
						},
						"1.45": {
							"vector": [1.64848, -9.86684, -3.0258]
						},
						"2.7167": {
							"vector": [1.64848, -9.86684, -3.0258]
						},
						"2.9667": {
							"vector": [-7.16766, -1.08712, 15.8902]
						},
						"4.0833": {
							"vector": [-7.16766, -1.08712, 15.8902]
						},
						"4.4": {
							"vector": [6.97972, -11.02447, -13.63648]
						},
						"4.8833": {
							"vector": [6.97972, -11.02447, -13.63648]
						},
						"5.2167": {
							"vector": [0, 0, 0]
						}
					},
					"position": {
						"0.0": {
							"vector": [0, 0, 0]
						},
						"0.2833": {
							"vector": [-1.82855, 0.50657, -0.09896]
						},
						"1.15": {
							"vector": [-1.82855, 0.50657, -0.09896]
						},
						"1.45": {
							"vector": [-2.305, 1.11, -0.1]
						},
						"2.7167": {
							"vector": [-2.305, 1.11, -0.1]
						},
						"2.9667": {
							"vector": [-5.76632, -1.29098, 6.63344]
						},
						"4.0833": {
							"vector": [-5.76632, -1.29098, 6.63344]
						},
						"4.4": {
							"vector": [-1.82855, 0.50657, -0.09896]
						},
						"4.8833": {
							"vector": [-1.82855, 0.50657, -0.09896]
						},
						"5.2167": {
							"vector": [0, 0, 0]
						}
					},
					"scale": {
						"2.7167": {
							"vector": [1, 1, 1]
						},
						"2.9667": {
							"vector": [1.1, 1.3, 1.1]
						},
						"4.0833": {
							"vector": [1.1, 1.3, 1.1]
						},
						"4.4": {
							"vector": [1, 1, 1]
						}
					}
				},
				"charge": {
					"rotation": {
						"vector": [0, 0, 0]
					},
					"position": {
						"3.0833": {
							"vector": [0, 0, 0]
						},
						"3.2167": {
							"vector": [0, 0, 9.75],
							"easing": "easeInCubic"
						},
						"3.7167": {
							"vector": [0, 0, 9.75],
							"easing": "easeInCubic"
						},
						"3.7833": {
							"vector": [0, 0, 0]
						}
					}
				},
				"action": {
					"rotation": {
						"vector": [0, 0, 0]
					},
					"position": {
						"3.0833": {
							"vector": [0, 0, 0]
						},
						"3.2167": {
							"vector": [0, 0, 5.075],
							"easing": "easeInCubic"
						},
						"3.7167": {
							"vector": [0, 0, 5.075],
							"easing": "easeInCubic"
						},
						"3.7833": {
							"vector": [0, 0, 0]
						}
					}
				}
			},
			"sound_effects": {
				"0.0": {
					"effect": "foley_start"
				},
				"0.4167": {
					"effect": "ak_magout"
				},
				"3.1": {
					"effect": "ak_actionback"
				},
				"3.6833": {
					"effect": "ak_actionforward"
				},
				"4.2833": {
					"effect": "ak_magin"
				},
				"4.8": {
					"effect": "foley_end"
				}
			}
		}
	},
	"geckolib_format_version": 2
}