{
  "name": "hl_uspmatch",
  "type": "Gun",
  "maxAmmoCapacity": 18,
  "compatibleAmmo": [
    "ammocreative",
    "ammo9mm"
  ],
  "damage": 4.0,
  "fireSound": "m9",
  "fireModes" : ["SINGLE"],
  "rpm": 800,
  "gunRecoilInitialAmplitude": 0.8,
  "shakeRecoilAmplitude": 0.35,
  "shakeRecoilSpeed": 3,
  "viewRecoilAmplitude": 3,
  "glowingParts": [
    {
      "name": "glowy"
    }
  ],
  "compatibleAttachments": [
    "p30l_compensator"
  ],
  "compatibleAttachmentGroups": [
    "smg_suppressors",
    "smg_muzzle",
    "hg_sights"
  ],
  "defaultAttachments": [
    "p30l_compensator"
  ],
  "features": [
    {
      "type": "MuzzleFlash",
      "effects": [
        {
          "phase": "firing",
          "name": "muzzle_flash"
        }
      ],
      "condition": {
        "allOf": [
          {
            "isUsingDefaultMuzzle": true
          },
          {
            "doesNotHaveAttachmentGroup": "smg_suppressors"
          }
        ]
      }
    },
    {
      "type": "PartVisibility",
      "parts": [
        {
          "name": "sightmount",
          "visible": true,
          "condition": {
            "hasAttachmentGroup": "hg_sights"
          }
        }
      ]
    },
    {
      "type": "Aiming",
      "zoom": 0.25,
      "condition": {
        "doesNotHaveAttachmentGroup": "hg_sights"
      }
    }
  ],
  "phasedReloads": [
    {
      "phase": "RELOADING",
      "condition": "reloadIterationIndex > 0",
      "duration": 1950,
      "animation": "animation.model.reload"
    },
    {
      "phase": "RELOADING",
      "condition": "reloadIterationIndex == 0",
      "duration": 2050,
      "animation": "animation.model.reloadempty"
    }
  ],
  "effects": [
    {
      "phase": "hit_scan_acquired",
      "name": "tracer"
    }
  ],
  "fireAnimations": [
    {
      "name": "animation.model.fire",
      "condition": "random"
    },
    {
      "name": "animation.model.fireright",
      "condition": "random"
    },
    {
      "name": "animation.model.fireleft",
      "condition": "random"
    }
  ],
  "inspectAnimations": [
    {
      "name": "animation.model.inspect",
      "duration": 5420,
      "condition": "ammoCount > 0"
    },
    {
      "name": "animation.model.inspectempty",
      "duration": 5880,
      "condition": "ammoCount == 0"
    }
  ],
  "idleAnimations": [
    {
      "name": "animation.model.idle",
      "duration": 100,
      "condition": "ammoCount > 0"
    },
    {
      "name": "animation.model.idleempty",
      "duration": 100,
      "condition": "ammoCount == 0"
    }
  ],
  "drawAnimations": [
    {
      "name": "animation.model.draw",
      "duration": 550,
      "condition": "ammoCount > 0"
    },
    {
      "name": "animation.model.drawempty",
      "duration": 550,
      "condition": "ammoCount == 0"
    }
  ]
}